Date,Close,High,Low,Open,Volume
2008-01-01,95.77550506591797,96.78046362747318,92.13990357378172,96.1893115324407,105560
2008-01-02,95.96129608154297,98.38503268258663,93.91337115549717,95.85151252767024,191880
2008-01-03,96.19353485107422,97.0253744679094,94.83810520261778,96.35821340022522,133510
2008-01-04,96.34976196289062,97.78542715395632,93.82468884788634,97.11826611789057,208380
2008-01-07,102.38796997070312,103.1142461024992,91.01246597209389,96.34974698801419,222280
2008-01-08,105.41132354736328,109.77742798001009,99.56733886768616,102.35420704603929,403670
2008-01-09,101.58570861816406,109.70141183003498,100.15849027690524,105.41132282160439,1437040
2008-01-10,98.99730682373047,101.92774640569816,97.21962364510513,101.92774640569816,68440
2008-01-11,97.7262954711914,99.22951604506748,94.79585681752192,99.22951604506748,49530
2008-01-14,94.93098449707031,97.87831055620103,92.10610905289056,92.10610905289056,51850
2008-01-15,92.86195373535156,99.65178821394527,92.05122809593249,99.65178821394527,84430
2008-01-16,91.73031616210938,93.90913845846715,90.78446637893366,92.81128366112476,364870
2008-01-17,91.77676391601562,92.8112832866141,89.51770602172806,91.20671934289275,91120
2008-01-18,87.82869720458984,92.05123072404128,85.71743044486412,88.84210267202825,217260
2008-01-21,88.3016128540039,91.20249756463392,87.0728605806709,91.20249756463392,1040430
2008-01-22,80.2281265258789,101.25634203022408,76.25894810656501,81.32598767662053,358100
2008-01-23,84.67446899414062,88.25095560516435,82.00160435025059,87.82870222906308,1102060
2008-01-24,85.81454467773438,89.50926141106956,83.60616150861323,85.38385090897648,2792830
2008-01-25,88.41561126708984,93.7486720879277,85.71741315027936,85.71741315027936,274530
2008-01-28,95.18855285644531,96.26529999818632,84.61955388022422,87.82868135304574,235940
2008-01-29,93.5544662475586,97.10983925343155,90.10887681084236,95.17591782610418,88070
2008-01-30,99.65178680419922,101.3408001398636,92.89573346154164,93.74024012937384,252020
2008-01-31,105.23820495605469,111.47066233955015,93.06463960039507,99.48289593951891,537940
2008-02-01,98.80728149414062,106.40784160907452,95.69104978523384,106.40784160907452,186080
2008-02-04,101.00721740722656,104.54992243047586,99.31397750574503,101.45057822952774,747470
2008-02-05,102.72578430175781,103.87431381548883,100.91854065813752,101.76304727452361,212330
2008-02-06,101.99530029296875,102.52311699243239,97.96277942045155,97.96277942045155,2718600
2008-02-07,96.32019805908203,101.7630426992571,94.55517595979194,99.65177625321442,327970
2008-02-08,99.65178680419922,100.49629347203141,93.31798679545774,97.11826680070263,1520360
2008-02-11,97.25762176513672,101.34081117558392,95.4292638570082,99.65179765599086,79230
2008-02-12,97.25337982177734,97.96276224883485,92.94217094130502,97.54050896327954,117070
2008-02-13,96.92401123046875,99.65177014655126,95.42923751322282,97.45605446583517,107020
2008-02-14,97.42650604248047,98.72282681854746,97.1182629250834,98.55392162587665,63320
2008-02-15,97.42227172851562,98.55390736178973,97.11824886878486,97.5405021247361,41160
2008-02-18,97.14781951904297,98.80727189016379,96.37931542277728,98.63837314792302,20900
2008-02-19,93.8753662109375,98.2076831861111,93.31798870608054,97.70942089148976,85520
2008-02-20,91.8232192993164,96.69180006702183,91.12227716928096,94.58475346278581,43270
2008-02-21,88.9983139038086,94.96474758281909,87.82867066825271,92.8957093606519,111780
2008-02-22,92.57483673095703,94.16250717822166,87.91315563741965,88.75766242825573,38830
2008-02-25,95.84728240966797,100.41183971956045,92.05122278362548,95.85150262331645,108640
2008-02-26,95.50947570800781,96.27375315611847,94.58473994285325,96.27375315611847,68870
2008-02-27,101.20989227294922,101.67436702684816,95.51369306222749,95.85149698338283,452810
2008-02-28,95.96129608154297,100.4962994783503,93.01396943871788,100.4962994783503,219470
2008-02-29,94.16249084472656,97.03381472412234,92.89573087820558,97.03381472412234,90510
2008-03-03,97.98390197753906,99.48290282420493,92.2201392476394,92.89574725948404,134990
2008-03-04,98.46100616455078,99.56731402064074,94.58472456307825,94.58472456307825,87700
2008-03-05,95.9359359741211,98.6383606079294,95.01120033669157,98.6383606079294,217150
2008-03-07,94.91830444335938,96.2652933305517,92.99705732629201,95.00698046007433,633930
2008-03-10,97.93745422363281,98.80729519315913,92.72684883542571,93.75714171499999,2251280
2008-03-11,98.36389923095703,101.34078611160002,96.27374680602001,96.86489881444156,177140
2008-03-12,97.68408203125,100.07403738172526,96.6115614275969,98.04722014613873,82340
2008-03-13,95.69950103759766,97.62497532397826,95.0914551696722,97.20272196492725,375560
2008-03-14,96.3413314819336,99.65179639200802,95.59816141917084,96.94937737216668,5044210
2008-03-17,93.3813247680664,96.27376276159872,88.84210130452611,93.31798934347945,502990
2008-03-18,95.75440216064453,96.27377202143592,92.05123816084662,92.89574493296449,108130
2008-03-19,99.23375701904297,102.01641147980278,92.89573658346868,93.90914204169479,12180790
2008-03-24,98.61727905273438,100.91855870530728,97.11827825196934,99.22954517049043,284490
2008-03-25,97.77275085449219,99.48287797226612,97.16048487093887,99.48287797226612,108820
2008-03-26,97.7178726196289,97.96278034365704,97.11827361655655,97.96278034365704,56880
2008-03-27,98.35968780517578,99.22530838582843,97.03381265948478,97.11826203350776,1740100
2008-03-28,99.56311798095703,100.07404738695737,97.5405271999458,98.97618606202235,121070
2008-03-31,101.33236694335938,101.76306720613526,97.96278668806382,98.80729346985747,188480
2008-04-01,101.18456268310547,103.87431420458685,100.32738897970869,101.34079434593839,129880
2008-04-02,100.23872375488281,104.54993334736011,98.38503178287694,102.01641321561222,52140
2008-04-03,99.90090942382812,100.91009458061421,98.22034304807886,100.49628813939513,85020
2008-04-04,99.99803161621094,100.49628742758809,97.17737616490359,100.24293286524686,35510
2008-04-07,99.94315338134766,100.32740550286387,98.80729076009386,100.07405089804378,26520
2008-04-08,99.82911682128906,101.16765890733025,98.80726468616507,99.16195588485468,113640
2008-04-09,103.2451400756836,104.29655299011051,99.90512175722992,99.90512175722992,348320
2008-04-10,102.61177825927734,104.21212197024907,101.34079806966048,104.21212197024907,139070
2008-04-11,101.33236694335938,103.62097954885112,95.16324464463372,99.2295468607543,378790
2008-04-15,101.37457275390625,102.18529831447202,100.66518386148994,100.66518386148994,16010
2008-04-16,101.45903015136719,103.87009951331974,100.49629306934214,101.50969848945023,48660
2008-04-17,102.9411392211914,103.86587506935624,101.34080189291859,103.02981525780056,114830
2008-04-21,104.79905700683594,105.30997993778055,102.18530781328195,102.523111772354,91220
2008-04-22,104.27122497558594,104.71459220386993,102.43864730462397,104.6343630505618,41370
2008-04-23,103.7645263671875,104.5499177485724,102.77644876648952,103.70541116398967,32820
2008-04-24,103.0635986328125,104.29657764393622,102.60756424079554,103.76454074145383,211510
2008-04-25,103.85320281982422,104.54992466403404,103.03403034770292,103.70541802359136,17430
2008-04-28,105.03130340576172,105.56334032147497,103.70964832315286,104.04322564361574,56350
2008-04-29,106.02361297607422,106.56832351292323,104.09813835193353,104.12769918492853,75670
2008-04-30,108.12220001220703,108.51911922235595,105.73647098007407,106.23895353577002,112990
2008-05-02,107.74637603759766,109.7014044761287,106.4078338218175,108.09684705708445,215770
2008-05-05,108.50645446777344,109.36362833658714,106.40785459776046,107.67461477154333,69380
2008-05-06,108.39665985107422,109.53252245613648,106.83432365848857,108.43466110833296,78290
2008-05-07,107.6281509399414,112.65718319948469,106.83853927525644,108.51910572325217,38620
2008-05-08,104.19525146484375,107.59017256537255,102.60758092720582,104.80329741974897,102440
2008-05-09,103.24092864990234,106.40782830173984,102.20640938558353,106.40782830173984,110860
2008-05-12,101.61524963378906,103.19869943969523,100.91853429641985,103.19869943969523,106690
2008-05-13,104.2923583984375,104.718831967184,101.3408051295329,102.10086245661937,64880
2008-05-14,103.73075103759766,104.54992350060321,102.52310629748031,103.70541686955819,62570
2008-05-15,102.79336547851562,104.63861071641979,102.18531957083842,103.66320642413567,38770
2008-05-16,102.51042938232422,105.56331875670757,102.18951276973668,102.77644456430103,20380
2008-05-20,103.51116943359375,104.29656079691289,101.48435238860174,102.69199703449947,84280
2008-05-21,103.09317016601562,103.70544278096253,100.92278783967032,102.86093593891259,53870
2008-05-22,103.53231811523438,104.25436786252695,101.93197402932053,101.93197402932053,48210
2008-05-23,103.56604766845703,104.127645216607,103.45203749654334,103.45203749654334,30880
2008-05-26,103.51538848876953,104.21211026307346,101.42523605200513,102.60754651861211,127620
2008-05-27,104.82861328125,107.75905253122379,102.60756300243264,103.36762031328783,282310
2008-05-28,104.54991912841797,105.80823215199271,103.89119857156757,104.54991912841797,139470
2008-05-29,106.35716247558594,107.15944116239567,103.874311028249,104.46546306662732,130410
2008-05-30,108.5951156616211,109.02582233448754,105.56333963984082,106.32339697386267,98320
2008-06-02,106.51763916015625,109.70142692520565,105.73224758731321,108.94560262578015,58680
2008-06-03,105.0354995727539,105.97712254878275,104.29655635967926,105.14106288890743,142070
2008-06-04,105.56333923339844,105.96870529100764,102.26976176070141,104.97218711092137,50280
2008-06-05,106.12493133544922,106.40784029640166,104.30924070844333,105.5633336273826,19570
2008-06-06,106.47537994384766,108.01238149992128,104.9341517317517,104.9341517317517,34840
2008-06-09,106.07424926757812,107.24388621376616,101.34078716543993,105.56331996399993,330370
2008-06-10,106.12493133544922,106.6611948743372,104.71882695836354,104.80327633665053,372820
2008-06-11,108.75978088378906,109.27914417325856,104.7568151333897,106.07002309748515,68330
2008-06-12,107.20162200927734,110.6883046449594,106.68649930621008,109.53884397681715,592430
2008-06-13,107.99773406982422,108.90027397608559,105.08578150412782,108.2191125180812,59760
2008-06-16,108.85771942138672,109.38988137655974,107.66568989371733,107.70826492886343,709850
2008-06-17,107.21014404296875,108.55968920374183,106.5162114018758,108.55968920374183,50310
2008-06-18,106.70780944824219,107.96370152134507,106.34594763575282,107.70400939895232,606470
2008-06-19,107.29529571533203,112.3656737301959,104.55789156131495,108.04882955158541,571340
2008-06-20,107.3080825805664,108.38942610724187,106.60137857444474,107.28254015799016,463090
2008-06-23,106.17562866210938,108.55968713485821,104.30244450211866,108.55968713485821,1284930
2008-06-24,104.29393768310547,106.00535119600369,103.0252810820598,105.57962689401171,190180
2008-06-25,98.79782104492188,104.47271907712646,97.91656880755662,103.02525935403783,213730
2008-06-26,100.20272827148438,102.17383389578929,99.19376374049543,101.32238527999104,149350
2008-06-27,98.43172454833984,101.31387356628315,94.13190624528464,99.02348110329534,78590
2008-06-30,97.85273742675781,101.91839948078993,97.06514483733807,98.43172276106766,178630
2008-07-01,92.07991027832031,98.84466946061764,90.25781070912012,98.09539699628593,121530
2008-07-02,89.0998306274414,91.87129981425134,85.32791329232982,91.87129981425134,157450
2008-07-03,87.39694213867188,90.15137898808418,86.67747349994272,89.14666934058253,108150
2008-07-04,87.88655090332031,88.55067996368166,86.00484973361678,87.6140875325044,51750
2008-07-07,89.52130889892578,90.24930033957635,87.71623545546876,87.7843529052681,20480
2008-07-08,87.2862548828125,90.16841028447084,86.93290292548929,87.69920798377834,75860
2008-07-09,88.02701568603516,89.25309725769036,87.27348185309603,88.63579831940031,63550
2008-07-10,88.17601776123047,88.55065723596077,87.6992086086919,88.55065723596077,46000
2008-07-11,89.55960845947266,89.91296036675628,87.70345046826945,88.55064406496413,61020
2008-07-14,89.55536651611328,91.10500275167409,87.72475067563383,88.55065688013183,118590
2008-07-15,88.51659393310547,89.91296908992032,88.12492836434396,89.74268197168911,1358780
2008-07-16,85.3109130859375,88.5506760612907,85.14062592269673,88.5506760612907,78050
2008-07-17,88.04830932617188,89.4021095817401,85.99631493100715,87.52892512225208,414170
2008-07-18,89.38508605957031,90.06624111185278,87.52892766123705,87.69921480029818,45570
2008-07-21,90.48771667480469,90.68780764956436,88.46552590541356,88.46552590541356,30490
2008-07-22,90.52603149414062,93.06335164572775,90.08328099919899,90.42385530482863,56800
2008-07-23,94.58316040039062,100.86259339046015,91.36043105054495,91.36043105054495,156950
2008-07-24,95.5750961303711,97.57599884814704,94.93650974197219,94.93650974197219,62560
2008-07-25,95.11107635498047,96.04341369891253,94.0850791365688,95.36225215652222,31200
2008-07-28,96.92040252685547,97.618590168214,94.51080126000625,95.78797425000633,286520
2008-07-29,97.91658020019531,98.3423044619353,95.37075093388052,96.04339604695409,39720
2008-07-30,101.32662963867188,102.17382326179077,97.91658062588283,100.1218291931855,98030
2008-07-31,102.5527114868164,104.72816260400113,100.56032517000847,101.83323648484587,564360
2008-08-01,103.05506896972656,104.30243786363093,102.1738166827405,102.1738166827405,667920
2008-08-04,104.31951141357422,106.32042143034364,103.45103643509245,104.30248529464053,94710
2008-08-05,105.27310180664062,105.92020454568636,104.30245094609059,104.30245094609059,275580
2008-08-06,105.36676788330078,106.42256236481668,104.81758637562008,105.32419285341777,167340
2008-08-07,105.68607330322266,107.28253966731968,105.06451287387739,107.28253966731968,359270
2008-08-08,105.47321319580078,105.57964428883388,104.40464736032229,105.15391991670148,118350
2008-08-11,106.8270034790039,107.27401532667899,105.57963430471169,105.58388920945683,201570
2008-08-12,106.93769836425781,107.36767761053284,105.56261056031552,106.8610646048599,230200
2008-08-13,108.4958724975586,110.67984088032334,107.11226811391248,107.11226811391248,189470
2008-08-14,105.98833465576172,109.56016161226447,105.58815273637616,108.98543115424683,34540
2008-08-18,106.52476501464844,106.86108444857818,105.15393186098805,105.98835458340534,29830
2008-08-19,100.82003784179688,106.8568056568212,100.47094077693149,106.43108133149522,61650
2008-08-20,102.3483657836914,103.87671424155741,100.89664457069306,102.60379642928655,36100
2008-08-21,102.173828125,104.30244954427083,100.8966552734375,104.30244954427083,314680
2008-08-22,102.69747924804688,105.5796348074472,100.50500152687187,105.5796348074472,54350
2008-08-25,102.5527114868164,103.86819782389111,102.17381717463525,102.59954141286289,18540
2008-08-26,102.22066497802734,102.68470291980223,100.47519269761426,102.17383504379077,42320
2008-08-27,101.71831512451172,102.68471121122441,101.33516581057455,101.74811894690403,19330
2008-08-28,102.12274932861328,102.34412129216142,100.72637411468108,100.72637411468108,30330
2008-08-29,104.66432189941406,105.15390224668208,102.1738321425251,102.1738321425251,82290
2008-09-01,102.05463409423828,104.55789516437021,101.61187716546134,103.11042858464569,27400
2008-09-02,103.85543823242188,104.55788720168663,102.00354148662298,102.19085471572316,23350
2008-09-04,103.82140350341797,103.87674975210021,102.23345336913117,103.87674975210021,216410
2008-09-05,102.43778991699219,103.79159671337763,101.83326212601584,103.71070804838115,352740
2008-09-08,102.1866226196289,106.3459516395824,100.72639111135636,106.3459516395824,321830
2008-09-09,101.80347442626953,102.17385256307833,101.06696656189621,101.06696656189621,15500
2008-09-10,102.58680725097656,102.82521187110957,101.15211812879406,101.15211812879406,22360
2008-09-11,103.23389434814453,103.45101141624703,101.32238978216787,101.32238978216787,26080
2008-09-12,103.08914184570312,103.87673443883888,101.83325639657222,101.83325639657222,55270
2008-09-15,102.76985931396484,103.0252965318807,99.35129317599915,102.17384780021226,1082590
2008-09-16,102.0716552734375,102.42075231563385,98.76803706200589,100.04520995504906,150850
2008-09-17,102.173828125,103.01676038814088,100.47093098958334,100.47093098958334,370040
2008-09-18,99.6067123413086,101.32238070499166,98.76803497293304,99.6194835502859,67800
2008-09-19,98.75527954101562,101.99504215526652,98.34232639534348,101.74812124886186,102740
2008-09-22,98.04430389404297,100.38578745579544,96.94167955764841,99.61948244546905,83660
2008-09-23,99.56413269042969,99.78976603326718,98.17201900825197,99.19375465521281,87310
2008-09-24,101.16912078857422,102.00354326160459,98.76803603447418,99.96006535478733,90840
2008-09-25,102.2121353149414,102.81240807642398,99.64076366064431,102.08867813865442,111660
2008-09-26,101.26702880859375,102.08868001775386,100.04945715119163,100.04945715119163,48130
2008-09-29,100.73915100097656,101.83325915889529,98.76804526036732,101.32239125848027,255280
2008-09-30,101.07975006103516,101.32241610846947,96.21372285930295,98.77232438968633,197360
2008-10-01,100.82855224609375,100.89666970029919,99.20228862717636,100.47094535557218,65300
2008-10-03,98.00598907470703,100.89665406932293,97.49085983913481,100.56458965156254,55560
2008-10-06,93.65935516357422,97.91659858010031,92.807906480269,97.0651498967951,125150
2008-10-07,89.50001525878906,93.65934337197108,88.67837050094185,92.80789479586225,85100
2008-10-08,85.77493286132812,88.97638151759824,81.39848743842305,88.97638151759824,317490
2008-10-10,82.4755859375,83.44198214139581,78.75901375590931,83.44198214139581,264770
2008-10-13,83.12691497802734,83.44195326259192,82.07963695751202,82.59050475991242,233750
2008-10-14,87.13301086425781,89.23183550278253,83.91028058243622,85.57060311916878,2882090
2008-10-15,81.80719757080078,87.27349699421872,81.14306858425971,85.14487511631094,109240
2008-10-16,80.423583984375,81.78164562369227,75.35320570262397,80.88762194066979,2163570
2008-10-17,81.29631042480469,85.14485501314249,80.47040429181129,85.14485501314249,1021360
2008-10-20,82.06688690185547,82.41597749999087,79.61471042464272,81.90936447095454,101550
2008-10-21,88.00572967529297,90.25355350710775,81.90935445237527,82.33507876137107,140750
2008-10-22,87.71199035644531,95.36225771126901,85.6600022961338,95.36225771126901,606810
2008-10-23,83.28870391845703,86.84775941715856,82.59477121300951,85.14486217368486,163970
2008-10-24,81.38570404052734,83.86767719595224,79.13362561773474,83.44195294622659,210370
2008-10-27,78.86966705322266,81.38569876505936,70.28707167207018,75.77891153913217,160780
2008-10-29,83.00267791748047,83.60290125845599,79.32414947707515,80.17303864272445,62340
2008-10-31,81.8750991821289,84.28886681699119,81.48495078387236,83.60289175504438,111250
2008-11-03,81.7850570678711,85.06057501751387,81.03048978266624,84.0316190338761,92280
2008-11-04,81.83222198486328,83.15271970582727,80.60176102434947,81.88795933856781,600810
2008-11-05,83.69293212890625,84.88909375333915,82.31669697293493,82.31669697293493,436100
2008-11-06,80.89759063720703,81.45922954154572,79.05832331722817,81.45922954154572,104780
2008-11-07,81.75505065917969,82.31668952537638,79.2298149765633,79.2298149765633,563940
2008-11-10,82.13233184814453,83.16557275081198,81.03477056916552,82.31668378106359,26000
2008-11-11,82.04657745361328,82.53104751426132,81.03048301400202,81.03048301400202,1256230
2008-11-12,81.47210693359375,82.18809004296186,80.6017797290242,82.18809004296186,1044000
2008-11-14,83.1570053100586,84.82906038292512,81.88795351843858,82.32097123168288,184650
2008-11-17,83.35850524902344,85.31781705211141,81.2105565316048,85.31781705211141,184110
2008-11-18,82.45816040039062,84.46034131038033,82.0251427315126,83.94586338236029,39230
2008-11-19,81.09480285644531,82.8225954393922,80.60176277539433,82.31669389827506,1311920
2008-11-20,77.35195922851562,80.5974691711231,76.3144267953202,80.5974691711231,303670
2008-11-21,77.05614471435547,77.60063720494092,75.482696115178,77.17190440270367,38170
2008-11-24,77.16763305664062,77.4291603738656,74.1707878846965,74.1707878846965,450240
2008-11-25,76.73458862304688,79.12691824223877,76.142941854518,76.91465559972461,94240
2008-11-26,76.57168579101562,77.25765439148641,75.0282449915547,76.48593399175596,206140
2008-11-27,76.57168579101562,76.57168579101562,76.57168579101562,76.57168579101562,0
2008-11-28,76.27587127685547,78.45812015256216,75.88572277051094,78.45812015256216,173210
2008-12-01,75.0582504272461,78.02936543242502,72.98747032881396,78.02936543242502,415720
2008-12-02,74.64664459228516,75.02821640259785,71.18676884433067,72.97029830145263,84900
2008-12-03,74.01643371582031,74.98108255994318,73.74204497294755,74.68525586770117,430110
2008-12-04,76.8203353881836,77.85787445929435,73.27042853898374,74.59950275659685,395580
2008-12-05,75.98002624511719,77.51059891726385,75.45697171329456,77.17190288859672,58870
2008-12-08,75.52987670898438,77.51491219513714,75.04540642251976,77.51491219513714,47390
2008-12-10,74.5523452758789,77.51489045204407,73.4204909615652,77.4291452016455,57010
2008-12-11,74.5823745727539,75.02825388883767,73.74205525074332,73.74205525074332,133750
2008-12-12,73.74205017089844,75.02824872039086,73.31331732106764,74.17078302072925,232810
2008-12-15,72.70022583007812,75.02824185139126,72.02711217733561,74.59950904081188,147630
2008-12-16,74.0035629272461,74.17076844414187,72.28434689239748,72.71307965797055,1461620
2008-12-17,74.26508331298828,75.88569249373643,74.17076158992317,74.42800384227205,546460
2008-12-18,73.79346466064453,74.29937261026834,73.22754094117023,74.25649672672787,680070
2008-12-19,77.12474822998047,78.45810758782287,73.78492237559891,73.8277917332675,356360
2008-12-22,75.16973876953125,78.04653281251558,75.02825613008116,76.31445480659683,277100
2008-12-23,74.81385803222656,76.05718027673032,74.34224943358473,74.34224943358473,138970
2008-12-24,73.80208587646484,75.88572816574445,73.74206352829404,74.34228701000204,74820
2008-12-26,74.36798858642578,75.02823416865509,73.742035868621,73.742035868621,78480
2008-12-29,74.6037826538086,75.02823042675067,73.91352267220479,74.59949768145495,81340
2008-12-30,74.88674926757812,75.45696461475686,73.85350176159392,74.00784581452908,24460
2008-12-31,76.73887634277344,77.17189405989912,74.1707648464586,74.1707648464586,62850
2009-01-02,77.38628387451172,77.60065031183723,75.89429530247058,77.09474865988237,45390
2009-01-05,78.48384094238281,78.62960855332938,76.82893174331892,78.45811801597397,83290
2009-01-06,78.7410659790039,78.88683355790323,77.23192472267382,78.87825707033761,25430
2009-01-07,76.50308227539062,79.22982315920692,74.34226528869819,78.88683560903979,107380
2009-01-09,75.48697662353516,76.91465088991048,75.0282294518969,76.7431604107974,155750
2009-01-12,76.23725128173828,76.48591048896252,75.45695463346472,75.54269986443256,36040
2009-01-13,78.23087310791016,78.6295914644817,75.88570421146589,75.88570421146589,65800
2009-01-14,78.50098419189453,80.43028193677726,78.20086597580215,78.80109586604308,14680
2009-01-15,79.7357177734375,80.42169281396068,75.8942758639476,78.02936320111318,60110
2009-01-16,78.66819763183594,80.94476815261879,77.60065041740259,80.85902288596083,92050
2009-01-19,80.0186767578125,80.23732809581196,77.77211488930709,79.40987706402177,142740
2009-01-20,79.63282775878906,80.00153820592588,78.11511007608564,78.47953555058403,26710
2009-01-21,79.5556640625,80.6017732298538,78.75822072525028,78.88684188453777,143830
2009-01-22,77.40341186523438,79.91578617364976,76.31443350158796,79.65855043532703,52220
2009-01-23,78.95114135742188,80.08728718609926,76.22869204209822,77.60063567379882,364160
2009-01-27,68.71730041503906,78.04652484069453,68.262844642467,78.04652484069453,1681590
2009-01-28,66.93376159667969,72.02710927451355,65.44605828057088,71.59837648121288,5750990
2009-01-29,64.29275512695312,67.22528506782163,60.02685975687977,67.22528506782163,2835410
2009-01-30,67.63260650634766,69.45472110319062,62.26916095403446,63.88119410108273,493390
2009-02-02,66.5264663696289,67.7354959799308,60.20265770473707,66.97235213559084,850000
2009-02-03,65.93910217285156,67.3882145053569,65.32172592949031,65.68185989080338,96390
2009-02-04,66.1106185913086,66.78801742719499,64.86729567171118,66.1106185913086,2144760
2009-02-05,67.07523345947266,67.56828001795878,65.26598083819223,67.05379551485288,70000
2009-02-06,67.91558074951172,68.7687550398281,66.53934525211764,67.911289233636,117090
2009-02-09,68.0870590209961,68.42576161687857,67.22530839620735,67.22530839620735,49210
2009-02-10,71.23824310302734,72.11285513024899,67.42251728544831,67.71405898915106,152800
2009-02-11,68.97023010253906,70.39791083543405,66.96804909882881,70.31216560040733,50480
2009-02-12,68.90165710449219,70.2950388245757,68.68299917080421,69.36897432669981,45670
2009-02-13,71.17822265625,71.9413665315671,68.258553278826,68.258553278826,42500
2009-02-16,69.2060546875,71.42689421462201,69.02598767858913,71.42689421462201,549580
2009-02-17,68.55435943603516,69.4547007664512,67.08809431599869,68.06989591007378,38810
2009-02-18,68.16851043701172,69.02597597709992,67.73977766696763,68.55436731327426,41080
2009-02-19,68.59723663330078,69.15459048933481,67.0537961922746,68.59723663330078,639680
2009-02-20,68.43862915039062,68.93166932704466,67.17815348394961,68.93166932704466,27530
2009-02-24,67.8255386352539,68.59725910861471,67.39680576582506,68.59725910861471,57420
2009-02-25,67.77409362792969,68.46435381797957,67.52542777553248,67.82553947947927,111900
2009-02-26,67.5082778930664,67.99703308367276,66.64652067193173,67.99703308367276,39550
2009-02-27,67.43109130859375,67.91126993015024,66.88231387197402,67.73977943443523,31940
2009-03-02,66.31207275390625,67.68830732603044,66.11056790157123,67.31102053154096,48490
2009-03-03,63.64967346191406,66.45358305561194,63.08802800666332,66.45358305561194,47450
2009-03-04,63.11374282836914,64.13841370642584,63.023706084080374,63.023706084080374,1535020
2009-03-05,62.46207809448242,64.20701706060699,61.73751866894848,63.45244974308594,31750
2009-03-06,63.148048400878906,64.1384266196854,60.194079803064405,60.194079803064405,42190
2009-03-09,61.72037887573242,63.45245656847064,61.30879249521149,63.45245656847064,22420
2009-03-12,60.80717849731445,62.577847191256275,60.026881601020136,62.50067187949545,4724350
2009-03-13,62.29487228393555,62.50923866719621,60.88005284602664,61.73751837906927,42960
2009-03-16,62.1920051574707,62.95944085670771,61.48030683916882,62.33777280089751,42410
2009-03-17,63.57680130004883,63.88120454917526,62.166272883425584,62.423515250066096,46520
2009-03-18,64.75151824951172,65.59612244089706,62.166259829608336,62.166259829608336,100670
2009-03-19,64.0269546508789,65.25313071804682,63.45245427012124,64.30991986836612,33580
2009-03-20,63.88548278808594,64.30993068571163,60.71714713131432,60.71714713131432,491490
2009-03-23,64.30133819580078,64.54571901172811,63.04943930834138,63.04943930834138,247690
2009-03-24,65.20171356201172,66.02488011345764,64.30994816245874,64.30994816245874,443700
2009-03-25,65.03450012207031,67.69692799169432,63.45247454119018,65.20170570546725,184670
2009-03-26,66.03770446777344,66.36783051456098,64.138421539538,65.14593956937574,212460
2009-03-27,66.63792419433594,67.39678294805111,65.1716590623396,65.2531193266631,79320
2009-03-30,68.2114028930664,69.44614912207848,65.16739686986718,66.63794748804727,116090
2009-03-31,67.42681884765625,69.28323291989562,64.99590431202942,68.59725772585932,101730
2009-04-01,67.40107727050781,68.4514711803658,67.22529527616364,67.99701552040669,31480
2009-04-02,68.55863189697266,68.68296147299208,67.31101845615906,68.58863977727789,936970
2009-04-06,67.18244171142578,69.454727308296,66.71083946351155,68.59726153905778,40410
2009-04-08,66.98092651367188,67.64974866493087,65.60040631245529,66.88231979699745,217720
2009-04-09,67.52113342285156,68.59725043393422,67.05380968239325,67.73120831546159,34330
2009-04-13,70.37651062011719,71.161092698014,67.48256322840811,67.52115416550956,87470
2009-04-15,75.04967498779297,75.28547932687951,68.59724529394285,68.59724529394285,350920
2009-04-16,77.51919555664062,79.7443203817457,76.52024710230901,77.17192295007648,969400
2009-04-17,78.69818878173828,78.88683225340297,77.00041062064231,77.5191736257771,172510
2009-04-20,79.66282653808594,81.28772722835566,78.02935590351971,78.88682135300894,306670
2009-04-21,76.17295837402344,78.88683787508542,75.58559651152763,78.49240447074322,83820
2009-04-22,76.67887878417969,77.90076357624577,76.22870794838919,76.74318609988778,155250
2009-04-23,77.04327392578125,78.45809331025636,74.68953531331682,75.7699371339479,246400
2009-04-24,76.3444595336914,77.55776770722254,75.88571225731354,76.31444509492549,49620
2009-04-27,75.37123107910156,79.18695056106894,73.74204505439481,75.97145441044127,713920
2009-04-28,75.07540893554688,76.48593712063457,74.6209531654325,75.45698090686405,82650
2009-04-29,76.16437530517578,76.48592488829688,74.25651575371248,74.25651575371248,81130
2009-04-30,76.46878051757812,76.46878051757812,76.46878051757812,76.46878051757812,0
2009-05-04,75.92857360839844,77.17189598244973,75.45696496061751,77.17189598244973,205060
2009-05-05,76.70027923583984,77.00039736652496,75.58557811451648,76.31442241344752,187080
2009-05-06,76.17726135253906,77.60065777337778,75.47843114818548,75.71423556030575,84930
2009-05-07,77.3262710571289,77.60065986902111,75.99291139107179,76.31446108666165,45230
2009-05-08,77.84930419921875,78.45810400262117,76.55024431203903,77.2576508297115,109180
2009-05-11,78.45809173583984,79.2984107880773,77.17189351066214,78.32947060493359,161750
2009-05-12,76.94037628173828,78.87824345264352,76.151503110475,78.45808722167017,775800
2009-05-13,81.41207122802734,81.88796489827621,78.3294813456169,78.87825880692003,437800
2009-05-14,81.54068756103516,82.31669283742711,78.88683063586764,79.1440729177618,241260
2009-05-15,82.3338623046875,82.65970349184039,81.63074061833179,81.63074061833179,162130
2009-05-18,85.09916687011719,86.69833821405471,84.03161995538059,84.03161995538059,250
2009-05-19,85.7937240600586,87.61583852781692,84.03163192485457,86.60402882051338,1147320
2009-05-20,87.66299438476562,88.31895503228098,85.74655828376795,85.74655828376795,1057370
2009-05-21,94.24832916259766,100.73505831034576,88.31037745775566,88.31037745775566,201390
2009-05-22,91.28580474853516,94.32123434804186,90.46263839744014,93.54951384953259,49460
2009-05-25,89.6994857788086,93.9182153764777,89.34792170803082,93.9182153764777,117150
2009-05-26,90.49691009521484,91.74880894627103,87.46148142541725,91.2343309521571,103830
2009-05-27,93.6438217163086,94.32122035663036,90.49692438902204,90.49692438902204,1947660
2009-05-28,91.10144805908203,94.32122949256933,90.63412426835481,93.4637637699096,43340
2009-05-29,92.60627746582031,92.98356439336203,87.97596228414072,90.89134640163846,154400
2009-06-01,96.64493560791016,98.09405439465158,92.60627389262598,93.29224890860765,221460
2009-06-02,96.03616333007812,100.15200151814497,94.58704412926454,98.94725665256556,188580
2009-06-03,97.51527404785156,98.52279874459006,94.57845829313081,95.26442684793834,101800
2009-06-04,96.10905456542969,98.17983528240195,95.26445021890233,95.26445021890233,81140
2009-06-05,96.30624389648438,97.32233846456494,95.86464966821646,97.32233846456494,84260
2009-06-08,96.47344207763672,98.41988582044398,95.69314535805577,96.46486559117363,44680
2009-06-09,97.95258331298828,98.60854397345624,95.6074143742641,97.31376908606063,98520
2009-06-10,98.72857666015625,100.40920824684177,96.03613552677875,97.40807901162994,101030
2009-06-11,100.98372650146484,102.03841212711633,98.5999730463827,98.62569596911551,672200
2009-06-12,99.23880004882812,101.95267995856982,99.03729507229517,100.75222658869853,529480
2009-06-15,100.21630096435547,101.69542794827481,92.69203834292095,98.26556524147334,56960
2009-06-16,95.17867279052734,100.75219867465732,95.17867279052734,96.2076287985127,50520
2009-06-17,96.3911361694336,100.00688227212362,95.26527123010925,100.00688227212362,70790
2009-06-18,94.33427429199219,96.99736905844063,91.36805746129899,95.52509020677215,53730
2009-06-19,96.8068618774414,97.17060051739385,93.53320090302329,93.53320090302329,37520
2009-06-22,94.50750732421875,97.67291235427062,93.70641011744738,96.99739583333334,22130
2009-06-23,94.13076782226562,95.35189217781385,91.8314112296745,93.10016849386533,75670
2009-06-24,97.84612274169922,98.03664778416682,93.10017597983322,93.18677947321359,82180
2009-06-25,97.6079330444336,98.29643955953202,97.01468572232737,97.01468572232737,99130
2009-06-26,99.99823760986328,100.8036625823118,90.90040497871524,90.90040497871524,180210
2009-06-29,101.5484619140625,102.54009063332418,99.76873290368596,101.28431699402144,105300
2009-06-30,102.86920928955078,103.60534897492516,100.54819973303916,102.62671683859674,251610
2009-07-01,102.60072326660156,102.97312422769977,101.76065552128078,101.82127862623058,72420
2009-07-02,102.62669372558594,103.05971774974452,102.19366970142734,102.36687666812188,66410
2009-07-03,103.35418701171875,103.8824769320656,101.76066152619093,102.62670970939256,239870
2009-07-06,103.37582397460938,104.79181439104596,102.56174329800707,103.49274231181812,127550
2009-07-07,104.59262084960938,104.96502177810645,102.7999016374077,103.9214388919306,1591560
2009-07-08,103.30221557617188,103.92577126092503,102.88651619128483,103.92577126092503,47500
2009-07-09,101.96417999267578,103.71792882692012,100.6780979547248,103.49275445668485,221520
2009-07-10,101.4402084350586,103.0597207106117,100.46157649101646,103.0597207106117,35080
2009-07-13,97.36111450195312,102.19366392414746,95.43848688619269,102.19366392414746,702740
2009-07-14,100.89460754394531,101.41423510251539,98.33976819331242,98.33976819331242,432250
2009-07-15,101.33193969726562,112.10125062776612,99.68211938224967,101.75197348859881,35700
2009-07-16,103.14199829101562,104.79181884456266,101.32762648606472,104.79181884456266,61180
2009-07-17,103.00343322753906,103.75256962460911,102.45349741699258,103.05972847091112,38180
2009-07-20,104.86109924316406,105.19885745330814,102.06376114071041,103.05971771744751,321300
2009-07-21,108.29496765136719,108.86222801886949,103.7525502427158,104.35878118338503,101540
2009-07-22,112.2874526977539,112.58624031577945,107.39861463130742,108.25167244229382,240120
2009-07-23,111.56000518798828,114.31836669422721,110.07472903333556,112.23985622208927,420690
2009-07-24,113.42633056640625,115.17575158051775,111.39111206868893,112.58626277925029,1238050
2009-07-27,117.21094512939453,120.38068430495842,114.3226821544773,116.050443862334,515920
2009-07-28,119.90866088867188,121.22505736727832,116.48777440342951,119.33706611594042,300380
2009-07-29,121.0172119140625,123.15201695851748,116.57006040801902,120.81369011538193,253980
2009-07-30,120.90467834472656,121.67979533187389,119.34146738839493,121.24677114919818,147410
2009-07-31,122.23403930664062,122.97884126826766,119.60991438465334,120.98692781602361,107850
2009-08-03,122.48516082763672,122.9614898648918,119.61854409639747,122.19937662012727,92730
2009-08-04,122.31196594238281,123.93148482886359,121.43292767477766,123.84487473541834,156960
2009-08-05,123.71060943603516,125.39940014487297,121.24670218095623,121.24670218095623,385260
2009-08-06,119.92601013183594,125.05733430422414,115.18439172778079,123.67166534016515,2057630
2009-08-07,115.90750122070312,122.69297763634088,115.18434556746081,119.6011941796676,119550
2009-08-10,115.20169830322266,120.7270750603831,112.15320591713383,119.50595753344601,191500
2009-08-11,116.8905258178711,120.38935470759253,113.1058994383077,115.27534117848825,264780
2009-08-12,116.11973571777344,116.91649841750382,115.27101224423284,116.91649841750382,68670
2009-08-13,119.90435028076172,121.10815654569618,116.91648714123247,116.91648714123247,284200
2009-08-14,118.2718505859375,120.112202638089,117.60932437575671,118.64857936223815,128170
2009-08-17,117.05939483642578,121.41995053473454,95.26529849891169,115.35761335753106,48810
2009-08-18,116.82987976074219,118.20690624008226,114.40495572823924,114.40495572823924,48740
2009-08-19,113.07557678222656,116.91649814391236,112.5862574719156,116.76061582284646,115110
2009-08-20,113.62548828125,117.00308321171411,112.63385967935442,114.31832928351261,62560
2009-08-21,113.27908325195312,114.31833822925024,111.72452864741999,113.88531422080611,154040
2009-08-24,115.5741195678711,116.82988670538693,113.54757012816866,113.54757012816866,284220
2009-08-25,117.75224304199219,118.4753991201098,112.76814452278163,116.47482984660381,179470
2009-08-26,118.71351623535156,119.08158924507758,114.78166448499027,118.2155413232952,99640
2009-08-27,118.63561248779297,119.5146508768805,117.2629202845658,119.5146508768805,65510
2009-08-28,121.22510528564453,121.70575570622454,117.34953420225125,118.82181353820306,562900
2009-08-31,121.2727279663086,122.11279577456962,116.52678754700014,118.21557888814718,508350
2009-09-01,119.25483703613281,122.54582290917186,118.75252748365632,122.54582290917186,52150
2009-09-02,117.08539581298828,120.38070295728961,116.82989995822207,119.78746203910586,114540
2009-09-03,117.08970642089844,119.16822989531845,116.50512128075387,117.4447893314865,101350
2009-09-04,119.0599365234375,120.20744731119974,115.617390945309,117.78251062593277,64240
2009-09-07,119.51897430419922,121.23808034056279,118.65724744393253,119.523295558678,728220
2009-09-08,119.13357543945312,120.37635235815247,118.64859061409194,119.68784569912951,107150
2009-09-09,118.32382202148438,120.19448909472268,117.60933497978573,119.08161411128344,39110
2009-09-10,119.2764892578125,119.93034663874379,117.7738951573094,119.514647218142,110100
2009-09-11,117.7868881225586,119.5059943055711,117.06806654021906,117.94710492307857,137570
2009-09-14,118.01636505126953,118.55331058429901,117.12000219673644,117.78252839033834,153820
2009-09-15,119.00796508789062,119.42799884348044,117.34948919170444,118.90837803795748,135250
2009-09-16,119.06427001953125,120.29405653879776,118.2198811861685,119.77443569092294,204430
2009-09-17,118.16793060302734,123.84053466637019,116.51809693695978,120.2074700274418,1917020
2009-09-18,119.15955352783203,120.22046772398708,117.13300416885787,118.64858832631074,164070
2009-09-22,117.57467651367188,120.38067690535651,116.91648476419518,117.78253279948551,536880
2009-09-23,118.25887298583984,119.08161605378783,117.26724419199883,117.95575085903745,440300
2009-09-24,118.2545166015625,118.64857000744136,116.91647409492398,117.95572899946579,461310
2009-09-25,119.45834350585938,120.0342728972371,116.95979947490214,118.99500459712444,1075790
2009-09-29,120.91332244873047,123.32525660750635,119.51464986864752,120.37204233157173,584490
2009-09-30,121.7447509765625,122.71905542487816,119.16826491992654,121.07356875366276,994060
2009-10-01,122.4158935546875,122.87489795050625,119.68783434847956,121.74469840676241,138370
2009-10-05,121.6277847290039,122.45052769614547,119.95198394278574,122.41589159025109,191080
2009-10-06,122.98316955566406,123.66300729789322,119.51464254860075,122.09114103440928,1214270
2009-10-07,129.067138671875,131.46609544892536,123.8448700345967,124.68927216167943,920180
2009-10-08,129.81190490722656,131.46605938562948,126.52958954221312,131.46605938562948,449070
2009-10-09,130.0934295654297,130.68667047887988,127.84603338823064,129.07582026889062,184700
2009-10-12,134.12054443359375,134.67048022249563,128.69907484301993,129.04116754438488,349800
2009-10-13,134.06422424316406,134.06422424316406,134.06422424316406,134.06422424316406,0
2009-10-14,137.355224609375,147.22816699233502,135.89592255959934,147.22816699233502,360440
2009-10-15,135.38497924804688,138.56337448644587,134.68348233583205,138.48109885206546,112380
2009-10-16,135.58412170410156,137.68429049005184,134.67044751904194,137.67996923667442,94680
2009-10-20,136.42422485351562,137.96146819583373,135.2940383997395,137.2686270566795,138920
2009-10-21,133.0596160888672,137.17334414752992,131.72590796437945,134.49725896093082,254860
2009-10-22,132.5702667236328,135.1034592271093,131.9856818051627,134.7570453868223,125920
2009-10-23,145.37481689453125,147.92100011289682,135.10348715051978,135.10348715051978,1683470
2009-10-26,145.13546752929688,149.97084376206175,143.62522598537862,147.6815537372765,619030
2009-10-27,142.5936737060547,143.62516137625772,140.92674394059216,142.74600607908533,204550
2009-10-28,141.86251831054688,142.75473006058576,138.62006562285538,142.75473006058576,157260
2009-10-29,138.66363525390625,142.31954758122336,136.79214699534964,141.1879521917409,147990
2009-10-30,142.95059204101562,147.97746837442452,141.44905065202343,141.44905065202343,249210
2009-11-03,144.54794311523438,146.6718582018703,141.1879819153494,144.4086669464469,206100
2009-11-04,146.6761932373047,147.54229271120616,145.36615270071638,146.58478579374884,478980
2009-11-05,146.50205993652344,151.43755610823246,145.37482124711636,151.43755610823246,426920
2009-11-06,146.91990661621094,147.54227941542075,146.67182348966605,147.1070514525434,345340
2009-11-09,147.0983123779297,147.62929088207474,146.7196529944174,147.62929088207474,390820
2009-11-10,145.88400268554688,150.5888139907239,144.6261880083098,145.3660805575196,399360
2009-11-11,146.64569091796875,149.2788144222029,141.7537335312296,147.44650866683023,380000
2009-11-12,144.378173828125,147.1940992191785,143.79931321186393,145.80136445482844,112680
2009-11-13,145.14852905273438,147.10705493200666,144.49568709297694,145.71432010501601,202070
2009-11-16,145.87965393066406,146.3235947966847,144.75677202681507,145.14847439875783,1129760
2009-11-17,146.04505920410156,147.01996535732616,145.19635956678894,146.23656052449928,50910
2009-11-18,146.01461791992188,148.84795607084146,144.93526112498313,145.80136047874822,1880380
2009-11-19,147.08961486816406,149.2831671659169,145.80134402502088,146.01460144212837,532170
2009-11-20,147.1941375732422,147.9775427810049,145.8014024459901,145.8014024459901,920400
2009-11-23,148.00363159179688,148.76092405627554,146.23660698661035,146.82851068709843,289640
2009-11-24,147.96446228027344,148.84797458056394,146.7284163659131,147.97316205863285,1512170
2009-11-25,146.38455200195312,148.27779604548695,146.15823827286624,147.10703191824405,78070
2009-11-26,146.62832641601562,147.9775360184877,145.36616773580852,147.1070799242613,280200
2009-11-27,142.76785278320312,147.0200259331835,140.57865628320403,145.36616470151748,150240
2009-11-30,146.2105255126953,146.92864920426072,142.96807093166927,145.97549862527322,102050
2009-12-01,148.6259765625,148.84794704960095,143.27703504596542,144.93089581145355,104200
2009-12-02,147.72071838378906,149.54432453562936,145.8100613301209,148.84795716731495,69340
2009-12-03,146.85462951660156,148.58682836065967,146.2365999465115,148.58682836065967,57850
2009-12-04,146.0277099609375,147.10708030210876,145.58378213329993,147.10708030210876,77020
2009-12-07,145.45751953125,147.32465102841255,144.93089746665103,147.01998617134754,81170
2009-12-08,147.73374938964844,147.97747593450194,143.71224811746532,145.80133658252396,49090
2009-12-09,147.9818115234375,149.27443864688433,146.2452435344623,146.3235946344429,648110
2009-12-10,147.83387756347656,150.15363659780454,146.42373003142407,146.42373003142407,195360
2009-12-11,148.6172637939453,150.05786700525024,147.62930129402375,150.05786700525024,87140
2009-12-14,149.06118774414062,149.71838607281376,148.41270247334154,148.41270247334154,80400
2009-12-15,150.9849395751953,153.2002483913196,148.84796860747528,150.04920207808954,686080
2009-12-16,153.97494506835938,154.74529376555,149.71841620859678,151.4593280249758,809100
2009-12-17,154.13601684570312,156.22511953079422,153.3482551091785,156.22511953079422,170110
2009-12-18,156.68643188476562,158.42298730300604,153.28730236811288,155.37639139333285,567290
2009-12-21,151.27650451660156,157.28701391112062,149.85331409452263,155.0281800941588,189660
2009-12-22,151.15899658203125,158.33590019838942,135.79110093321526,158.33590019838942,137570
2009-12-23,153.0174102783203,154.06196780284,147.9861771114798,147.9861771114798,981780
2009-12-24,152.91297912597656,154.06633048249952,152.32977529441592,152.5038638097605,68360
2009-12-29,153.705078125,156.6820351999469,151.89452856883742,156.6820351999469,134570
2009-12-30,153.67898559570312,154.94114394331527,152.76500428119004,153.70509820908043,94750
2009-12-31,156.43833923339844,157.11729378942158,153.63547010433743,156.1597869631821,176710
2010-01-04,155.69406127929688,156.6733239274391,154.94111232828052,155.8986188970817,80350
2010-01-05,156.1858673095703,157.1129047993305,155.37634984544766,156.50794496572817,849100
2010-01-06,155.7158660888672,157.96600058866449,155.02821172487663,157.96600058866449,73450
2010-01-07,154.12722778320312,156.57320597094207,153.9835951667138,156.57320597094207,240320
2010-01-08,156.67340087890625,159.64164613586922,154.12731408678445,154.46243490941242,711310
2010-01-11,156.4078369140625,158.4142442937233,154.5102497835829,154.94112112295042,173420
2010-01-12,160.4903106689453,163.55866248211365,155.811610086732,155.811610086732,1148010
2010-01-13,161.7524871826172,163.3845922193356,148.98725549955645,154.07071546621688,432050
2010-01-14,163.79368591308594,167.82390100014015,162.3574389838777,163.03639352664192,230890
2010-01-15,162.94496154785156,167.73681115660855,162.35740129244977,162.88402327328993,372180
2010-01-18,162.47927856445312,166.34410434046666,161.90477456378062,164.42039122867575,125790
2010-01-19,160.5817413330078,164.92967868517147,158.8582419340284,164.92967868517147,199220
2010-01-20,159.0279541015625,162.1267751183023,158.51003175545029,159.99414744273264,120360
2010-01-21,157.73097229003906,159.9854500167853,156.3425939847875,159.02795643936946,108870
2010-01-22,153.6398162841797,157.55251113643894,151.89454802932923,155.8115994111744,334690
2010-01-25,154.62777709960938,157.98773722138688,153.80954647316116,154.50591381154914,263830
2010-01-27,153.60064697265625,158.33591569633865,152.27319381626455,153.63545936294776,372840
2010-01-28,156.92578125,158.76244364438327,154.1620812403379,154.94114295338994,373290
2010-01-29,161.225830078125,162.3400124792212,154.50591000033117,156.50796106802346,275390
2010-02-01,166.91427612304688,168.43321742526533,159.29343043319668,162.7708975194298,367220
2010-02-02,163.26707458496094,168.04586931425175,162.77526484145307,167.56277263090757,302690
2010-02-03,166.65753173828125,167.56280024352216,163.63704799080355,164.85568122518674,419240
2010-02-04,166.97080993652344,167.6062388449969,164.08089078964827,166.6052068735724,148690
2010-02-05,168.5420379638672,173.65596681106007,162.34003914918648,162.34003914918648,1872490
2010-02-08,169.5430450439453,172.7854986308414,169.30367498084965,170.60935884959656,407370
2010-02-09,170.84437561035156,172.61139994616045,169.2209706475271,169.2209706475271,508880
2010-02-10,172.31544494628906,176.2673086390596,169.30366187801033,172.3502573359694,514110
2010-02-11,169.2819061279297,174.0041184713795,167.99797844099317,173.54277793512009,371620
2010-02-15,168.3896942138672,173.1989711167468,165.82185191930645,173.1989711167468,385570
2010-02-16,166.43116760253906,176.78960091741612,164.74683753912385,176.78960091741612,239100
2010-02-17,164.4900360107422,167.73683247356402,163.4716043035976,167.1275160610119,414590
2010-02-18,161.7176513671875,165.36050715647437,161.1213912052559,165.36050715647437,884210
2010-02-19,161.82644653320312,162.60115169057212,160.17257248704217,161.038685069669,72790
2010-02-22,158.9016876220703,163.62825560636384,158.42293433989795,163.21044059742232,119950
2010-02-23,155.39378356933594,161.1213847117838,153.20023108705536,161.1213847117838,621410
2010-02-24,153.3264923095703,158.85823706481006,151.67697429338713,158.85823706481006,722660
2010-02-25,153.66592407226562,154.50155423617585,149.03509265306442,152.41682207374745,1812350
2010-02-26,157.5481719970703,158.85821246520732,151.63342535146478,151.9816157042125,243720
2010-03-02,162.77093505859375,163.91123043068725,152.85209730801432,152.85209730801432,287840
2010-03-03,172.45472717285156,174.13035751950807,162.3400333657014,163.6413607501828,1213080
2010-03-04,171.32318115234375,173.70386590693215,167.60632977408403,173.04668056341353,498000
2010-03-05,170.7877960205078,173.22071858976298,169.86945816852705,171.82798388122538,154450
2010-03-08,169.10345458984375,172.35025105486872,168.60728840079216,172.35025105486872,108280
2010-03-09,169.277587890625,170.60502804450164,168.4332444656191,168.4332444656191,106080
2010-03-10,168.85540771484375,170.56150731920778,167.56278002337922,168.20256571475267,344470
2010-03-11,169.04246520996094,170.4351994032645,161.35634110704567,161.35634110704567,95630
2010-03-12,166.9665069580078,170.52231200728204,165.56507237422036,169.3036790135988,125790
2010-03-15,165.15591430664062,167.9109007786365,164.0809009758596,167.1274959541912,154890
2010-03-16,165.83055114746094,173.25119577251456,163.21048363178252,165.12548398330816,987590
2010-03-17,171.42758178710938,172.17617436931914,166.27012808216043,166.35282245267973,1124780
2010-03-18,173.62115478515625,174.17824607840964,170.17414327670434,172.7768114260232,2050090
2010-03-19,173.60374450683594,176.16723048679484,172.78551375234306,174.17389211685088,218830
2010-03-22,171.3535919189453,175.35333782902217,170.70074999606578,173.60372625726205,156960
2010-03-23,171.314453125,173.69950748424895,170.73124916518367,172.78552597506308,246090
2010-03-25,170.7965087890625,172.78550379628632,170.6093639499855,170.6093639499855,648090
2010-03-26,174.60043334960938,179.3052472565907,170.79653136367372,171.91507058021736,1433570
2010-03-29,177.1290283203125,182.44751297279063,173.64284912644285,174.87453805015707,1566560
2010-03-30,180.1974334716797,181.0548330923676,175.91043536824023,175.9191484280697,817780
2010-03-31,177.472900390625,181.92528720104997,176.36307440594794,178.443463522561,453620
2010-04-01,175.94090270996094,180.09732441228383,174.61780599347472,180.09732441228383,340100
2010-04-05,179.06143188476562,182.01227591270472,175.8320356823184,177.747035394716,177860
2010-04-06,177.82540893554688,179.74912209115553,176.2672989029491,179.31389419262973,75260
2010-04-07,177.97341918945312,180.0799208739716,177.57300363125734,180.0799208739716,240430
2010-04-08,176.99850463867188,179.2268696819996,174.7875524328367,178.44346466217772,367290
2010-04-09,177.96902465820312,178.443421428637,174.7875100850557,174.7875100850557,377180
2010-04-12,178.0430450439453,178.43476082705237,175.47520277947118,177.83414412719813,1331360
2010-04-13,179.25296020507812,180.61958221459255,175.1357079053918,176.71123081065753,150760
2010-04-15,178.3302764892578,180.61957950628465,176.26730048203683,177.48593329598563,223290
2010-04-16,178.60447692871094,180.61958429550552,176.26730515585479,179.13981204444465,117490
2010-04-19,177.77752685546875,179.20071719492537,175.15745988519097,176.37173606752995,196480
2010-04-20,181.2071533203125,182.77831978961726,178.02128164969764,179.05276973009364,541050
2010-04-21,178.44345092773438,184.36255341980652,177.2248180391176,181.92527436047067,292940
2010-04-22,180.6282958984375,181.45958286238957,177.57300052392114,179.3139122937635,154350
2010-04-23,182.4475555419922,182.70868167713436,179.74913703396814,179.74913703396814,185130
2010-04-26,179.99725341796875,183.23099438291212,179.1485534755622,182.05587342913458,142880
2010-04-27,179.58810424804688,182.3474477513985,178.61754117520218,180.01027587464452,130190
2010-04-28,181.88609313964844,182.79136132681106,178.53048975227878,178.53048975227878,1245140
2010-04-29,180.64137268066406,182.70000586340043,180.18874513231484,182.70000586340043,759470
2010-04-30,180.9503173828125,182.75215359803946,180.53248912476394,180.70659087333348,88670
2010-05-03,181.42477416992188,182.360511608869,179.62728060577675,180.18437185219992,56800
2010-05-04,181.7598876953125,182.78703252637786,180.70664353287447,182.60423094994925,62470
2010-05-05,179.36611938476562,180.6108780810301,178.26063680370999,178.79161537110508,103590
2010-05-06,177.02459716796875,180.1408306203906,175.13570961849805,178.6305892302746,644620
2010-05-07,181.59884643554688,182.34308244670763,174.98773338410885,174.98773338410885,346130
2010-05-10,184.34947204589844,186.24271593643132,182.09933811433444,182.09933811433444,368460
2010-05-11,180.05384826660156,184.8065310994829,179.7491833210117,183.77068622300453,104680
2010-05-12,178.8351593017578,192.63189042154525,177.74708944316583,192.63189042154525,164870
2010-05-13,183.92295837402344,184.53663131257073,178.54354785550913,178.54354785550913,315460
2010-05-14,186.36459350585938,187.1479984189586,183.23094728925946,184.10140309585927,399760
2010-05-17,184.92832946777344,186.09909356497104,182.8087717495469,184.5366270196708,133780
2010-05-18,187.7443084716797,189.14138669398378,184.4496291794287,187.93145333218513,377830
2010-05-19,183.64439392089844,189.32411196707068,182.88274519459412,186.88683338647695,446460
2010-05-20,180.06248474121094,186.26883875662293,178.2693479440207,184.54968326339664,809830
2010-05-21,175.9713592529297,180.7066412405256,175.15312862214773,176.09322254163536,263630
2010-05-24,180.08859252929688,181.7511662266715,175.10522796626643,177.99950400799642,260960
2010-05-25,180.5325164794922,181.92525098648738,176.40656474235263,179.59243596168616,179730
2010-05-26,181.56402587890625,184.07964256794253,179.3356479108616,183.92731014904615,164170
2010-05-27,183.357177734375,185.84232548736017,176.96367840152737,180.62394687441642,116860
2010-05-28,182.8218536376953,187.06096966733605,182.2299499945542,187.06096966733605,179270
2010-05-31,181.58578491210938,185.84231324148507,180.61957844312954,183.2309458423073,311830
2010-06-01,180.81549072265625,182.60427155397167,178.00826461093743,182.3605449192733,705470
2010-06-02,181.04180908203125,182.6216889989301,176.09326837181467,179.4401730758843,555470
2010-06-03,184.09274291992188,185.5376897753059,182.01669687405376,185.5376897753059,551300
2010-06-04,186.8651123046875,187.6702866225713,182.40402607225536,184.09271254683918,293020
2010-06-07,190.21632385253906,192.28365611094327,183.84023859619663,185.61161910847005,789190
2010-06-08,194.80807495117188,195.33034063417313,190.54283215507962,190.54283215507962,479970
2010-06-09,198.78599548339844,199.68256393401361,193.85051247555205,194.80801921023917,899740
2010-06-10,201.21022033691406,202.55507302725292,197.1582494299614,200.03075638271238,324610
2010-06-11,199.4823760986328,202.03281878068515,198.11576724856408,201.16236288465825,339890
2010-06-14,199.8784637451172,201.4888126961887,198.46832924191403,201.16239168843947,874310
2010-06-15,199.7435302734375,201.8587318815654,198.8991869293747,199.50850344516644,155840
2010-06-16,201.74122619628906,203.5126072727633,199.6825930575133,200.7271508411931,231420
2010-06-17,206.1544189453125,208.73531737622437,200.64007524151293,203.25144281515517,752690
2010-06-18,207.4949493408203,208.73535179927862,203.86079287843015,206.12398379498933,326490
2010-06-21,211.4903106689453,213.8710080429761,207.16850039257793,207.951905375339,487170
2010-06-22,206.3589630126953,212.56530383881483,205.44932501286732,209.34897656246133,653670
2010-06-23,209.6710662841797,210.9549940579204,205.42759374391864,206.47213817433152,777480
2010-06-24,214.12779235839844,214.8981543214076,210.17157193315927,210.2150973840693,438840
2010-06-25,208.861572265625,213.68824921419358,207.508006272643,212.304214073365,2180370
2010-06-28,205.9542236328125,209.0835137946379,205.16646207095027,209.0835137946379,458730
2010-06-29,205.47544860839844,208.90940330056043,203.86075673104313,205.954201980716,686280
2010-06-30,201.94419860839844,209.50680675316715,201.3520104371462,207.92760706011688,723800
2010-07-01,204.3963165283203,205.1201123559847,199.61923996910548,204.41385352009422,465110
2010-07-02,203.6111602783203,206.85728517367536,202.83910403122292,205.29124473987827,294440
2010-07-05,204.37881469726562,206.14663759711786,203.27775909265355,204.41829301865945,104120
2010-07-06,205.7518310546875,206.34841017628443,204.02786411500236,204.41828314162143,193200
2010-07-07,205.010498046875,207.40121901811568,203.64624022310386,205.75184444184302,379790
2010-07-08,206.2080078125,207.0502520160734,204.6814594373608,205.75618258616595,785690
2010-07-09,209.17782592773438,210.3841570883476,205.29563024253875,207.05029374888522,1908510
2010-07-12,207.00640869140625,212.31426807057446,205.73428042375912,208.71720280217443,2511790
2010-07-13,207.90127563476562,210.99825519093093,207.0502628900611,208.1030581595561,1946560
2010-07-14,211.87557983398438,212.75291142749984,202.0231497871707,208.41450027179738,795640
2010-07-15,214.0821075439453,215.63059755519396,211.24832972520835,212.1388209205663,1345680
2010-07-16,217.0518341064453,224.59689127760967,214.20050638514752,214.81464921934906,1417360
2010-07-19,217.0562744140625,218.0301132543002,213.1916288792097,218.0301132543002,115330
2010-07-20,217.4641876220703,217.9379542006951,214.9462501188101,217.13957920165512,195450
2010-07-21,217.5387725830078,219.332914214843,215.7358490669121,217.13958507269456,6369580
2010-07-22,221.25430297851562,221.86843254499755,214.50761947161595,217.40281701305415,260450
2010-07-23,221.13583374023438,223.54411834381682,220.2102552286878,221.25428208663536,462690
2010-07-26,221.45608520507812,223.19319837251467,220.73668011028948,220.82440525564294,1444310
2010-07-27,213.92416381835938,223.5441019251432,212.33618232350574,222.41672756809342,596400
2010-07-28,226.89109802246094,228.89580389589653,215.82356870706428,215.82356870706428,1286440
2010-07-29,229.31695556640625,237.2304775696866,226.35157024600403,226.89112065389838,1675340
2010-07-30,228.40011596679688,235.02398565116815,225.91288836252588,230.03196667513743,514130
2010-08-02,230.1548309326172,231.5278573455754,227.30350257423805,228.6326731066841,251800
2010-08-03,227.9527130126953,234.24316612474004,227.41313582658856,230.1328693720612,207560
2010-08-04,227.3999786376953,230.73382812756492,226.36034279635803,230.73382812756492,213570
2010-08-05,228.17640686035156,233.54569912169995,227.40437748802378,227.40437748802378,1838460
2010-08-06,228.73353576660156,231.51908003715008,227.75531946820615,228.80810146594004,246310
2010-08-09,233.51937866210938,235.1248838120405,229.24675100712457,232.31741180317732,622000
2010-08-10,233.97999572753906,235.3837318717613,230.73824850996596,234.24757548350155,359090
2010-08-11,235.1731719970703,237.75692060431535,233.37026155257522,233.98001358653718,272810
2010-08-12,234.76519775390625,236.44090459490334,230.5276972183674,234.68185016741026,281910
2010-08-13,232.89207458496094,237.7568906408272,232.0717715875882,235.12489554148226,203220
2010-08-16,231.7076873779297,235.47581185888302,231.00141504435192,232.49288957387475,88160
2010-08-17,230.8346710205078,234.94935777099664,228.5448487274038,234.33524180428643,4668280
2010-08-18,232.58934020996094,235.5635068349433,229.42218635879954,229.42218635879954,214540
2010-08-19,237.23931884765625,248.04805412450628,232.58944378073602,232.58944378073602,1310520
2010-08-20,242.7840576171875,247.31545744083758,237.05508158664304,241.17852530431153,1051590
2010-08-23,241.99874877929688,247.23202843909561,241.27496629049688,243.72270212044822,319050
2010-08-24,242.95071411132812,246.52143389914846,239.0728960895911,242.31903419565276,1480250
2010-08-25,241.2925262451172,247.66196268727649,240.21339866078947,242.58220486090886,1247380
2010-08-26,240.6432647705078,244.380678756321,239.511499638126,242.14349413964385,1117550
2010-08-27,239.25709533691406,243.02085543221526,237.23046146422172,243.0164644903292,1652160
2010-08-30,238.01132202148438,242.09969091568917,235.56355910610912,242.09969091568917,320730
2010-08-31,242.3760223388672,244.9509883899667,235.58545768823274,235.58545768823274,2265380
2010-09-01,240.27919006347656,245.047485130116,239.33604789126727,245.047485130116,519330
2010-09-02,245.43348693847656,246.96881706230974,240.91523507171684,242.93308681057027,990660
2010-09-03,246.5038604736328,248.37258106358837,244.07366158274368,246.53017935064477,2269470
2010-09-06,250.0131072998047,251.26768466147985,246.8854190024773,248.46024050225046,1713330
2010-09-07,250.3860626220703,253.68044733072765,248.7454566810436,251.26778523532656,4366780
2010-09-08,248.81130981445312,252.4960873985838,248.2849053669938,250.3334676724949,318320
2010-09-09,246.42056274414062,251.79421987563276,245.65289743964172,250.55717885778395,405370
2010-09-13,245.4554443359375,250.039507325037,244.67463313029828,248.67087216370703,435250
2010-09-14,250.96514892578125,254.42622940326135,244.6001022477253,254.42622940326135,4211520
2010-09-15,250.53085327148438,255.73342414155974,248.74987088366598,249.9342741051504,1696090
2010-09-16,245.7143096923828,252.43028316887694,244.86329682376842,250.53085243305466,784380
2010-09-17,249.7807159423828,250.75456807556623,246.35473664152738,247.4075454167463,808770
2010-09-20,250.35537719726562,252.53995147741995,248.41648151202378,249.7807259676877,634870
2010-09-21,247.0653839111328,252.10567735903984,245.65289263004948,247.8681499677088,413550
2010-09-22,242.9199676513672,249.24991190688576,241.71363670624535,247.49524871398128,484040
2010-09-23,240.6608428955078,244.2052702600929,239.21325102705777,243.17002533832013,733660
2010-09-24,244.7184600830078,246.88107902003142,239.95016551712217,241.70482851907553,4227280
2010-09-27,243.75779724121094,247.79352776909886,242.93310343348466,246.09150240200714,511040
2010-09-28,243.70962524414062,246.09157794613523,241.8803958780644,244.77558020310775,1170270
2010-09-29,241.20924377441406,245.6090761042702,239.8186802097052,244.5124112293164,2886170
2010-09-30,233.65097045898438,243.012084131168,232.49288626014607,239.07287360713133,1020300
2010-10-01,233.76499938964844,238.45870170635004,232.9315237175803,236.7040386274982,1074990
2010-10-04,232.16831970214844,237.74813712707132,231.62437826722044,236.79184867307825,837210
2010-10-05,232.87893676757812,235.98469859136927,232.49290866409945,232.50169054910023,1005370
2010-10-06,237.22610473632812,259.2515275719126,234.33531166431,259.2515275719126,1501560
2010-10-07,236.9365997314453,241.09075269030873,234.2475757925033,237.31823689839754,1002540
2010-10-08,234.7520294189453,239.86247026933867,234.24755300529273,239.86247026933867,528650
2010-10-11,233.47984313964844,237.66909565611232,232.4928452118622,232.4928452118622,560190
2010-10-12,233.42721557617188,235.383674525926,232.05418959035916,235.383674525926,516310
2010-10-13,233.58953857421875,235.82672344531534,232.9315398740097,235.82672344531534,567020
2010-10-14,236.7962188720703,238.80092508256467,233.826442406387,233.826442406387,688440
2010-10-15,233.17721557617188,239.07288560592917,232.93156377385026,236.8795563801867,2046760
2010-10-18,233.278076171875,238.19552942912918,230.73821082821723,233.87904617602564,629320
2010-10-19,231.23834228515625,238.63424272016204,230.56277968324605,238.63424272016204,550900
2010-10-20,228.49229431152344,231.08918892207956,227.66760028417767,230.7382615596868,377650
2010-10-21,231.2075653076172,231.93573868855293,229.0054546249977,229.17654069714462,248890
2010-10-22,230.1766815185547,233.36139917548815,229.6195942174835,231.90502565975947,505670
2010-10-25,229.92233276367188,232.31743124969483,229.2467701966073,230.12410192606086,208310
2010-10-26,227.3999786376953,231.61555070101122,227.22011065978896,230.30833513785254,788170
2010-10-27,219.56103515625,229.86091454327988,218.45560198960567,229.86091454327988,3048540
2010-10-28,232.35687255859375,236.70403855453426,219.56537711126487,229.1590087370242,2595310
2010-10-29,236.5640411376953,238.51358442369911,233.2414559578909,233.2414559578909,921330
2010-11-01,238.08668518066406,238.6984002580661,235.7058473379153,237.73022295214898,403850
2010-11-02,245.8101043701172,246.35579709831453,237.20217494020343,238.5268147602359,1019880
2010-11-03,237.193359375,248.38016748910655,236.05357178390605,248.38016748910655,1119490
2010-11-04,234.3900146484375,240.28266746364602,233.241417135041,237.55858266835742,1016060
2010-11-08,241.2376708984375,242.28065413344743,236.49804672296287,236.49804672296287,575620
2010-11-09,242.51834106445312,242.909990311793,236.58606770736216,241.4445490089764,378020
2010-11-10,241.818603515625,244.24343907325283,240.62160351794978,242.48312599885102,460770
2010-11-11,233.3162078857422,241.81852033366394,230.60093342336012,241.81852033366394,1187270
2010-11-12,232.29971313476562,237.55424884297958,230.60101742992796,234.56172192777024,735520
2010-11-15,234.43846130371094,236.6740662283163,230.6009920390317,234.12161787168867,1520250
2010-11-16,233.98516845703125,235.44182615754025,231.12466028876207,234.4340567956366,751010
2010-11-18,233.44387817382812,237.20213611531946,227.52041627387786,234.1215888930426,544410
2010-11-19,232.06201171875,235.89069697001912,229.7296029115019,235.35378766331004,409590
2010-11-22,234.06439208984375,236.32199542399852,229.80884338026445,233.3426573892044,940390
2010-11-23,232.30416870117188,233.15351673817705,228.92877509975966,233.15351673817705,1129610
2010-11-24,229.20152282714844,234.91372905553195,227.78445710849917,232.36128096246213,474270
2010-11-25,221.8346405029297,231.87283783853033,215.63834459206865,231.87283783853033,842470
2010-11-26,224.23744201660156,230.70658327431548,217.39862326519395,226.64026514488842,1318640
2010-11-29,227.5864715576172,230.29734168556885,224.53671916095809,224.53671916095809,1395800
2010-11-30,233.14462280273438,234.11717835539656,225.31561506837858,225.31561506837858,498590
2010-12-01,235.91717529296875,239.75464505743847,231.9520656348856,231.9520656348856,769630
2010-12-02,233.40428161621094,239.40254985797935,232.53734042232557,235.9171379029738,177150
2010-12-03,235.00619506835938,236.76210302175508,232.27329941397758,236.76210302175508,239010
2010-12-06,236.06675720214844,236.9821274436905,235.05898772263268,235.05898772263268,155110
2010-12-07,238.3155975341797,239.3013685575686,234.47369598681223,236.06677716929713,378240
2010-12-08,233.9499969482422,239.21774767867538,233.33390350145305,236.42763969658435,295600
2010-12-09,232.6781768798828,236.32203795580702,229.76486079542985,231.04550364061572,380440
2010-12-10,234.5308380126953,235.3537819789593,231.92117788702433,232.45368210176363,306640
2010-12-13,237.40023803710938,238.2143721265083,234.1304595776967,234.1304595776967,151230
2010-12-14,241.2465057373047,241.80541373045975,237.48824701497375,237.48824701497375,254230
2010-12-15,238.6280059814453,241.95499619817951,237.64223508170812,241.25088180129367,102440
2010-12-16,238.18356323242188,240.57759019368706,236.23401963970136,240.2783401810598,871300
2010-12-20,243.3455810546875,244.23892557606584,237.64215955566726,237.64215955566726,479770
2010-12-21,256.6712341308594,258.41395366985836,240.3047229454218,243.34567869345628,1723330
2010-12-22,258.8979797363281,261.75848781588695,257.0936699994715,257.8858053263783,1031220
2010-12-23,260.86962890625,266.44981855566954,252.82498464802904,255.50945154771225,1661630
2010-12-24,254.1671905517578,260.96640495683044,253.05380653503667,260.5263267022658,649270
2010-12-27,249.9380340576172,255.2101627218011,248.46816093304955,252.29684695262077,379800
2010-12-28,247.54397583007812,250.53650207695364,246.61982239774198,249.56394649135734,250590
2010-12-29,248.00613403320312,251.28472291793,247.328423084165,247.60126949613158,399750
2010-12-30,248.4594268798828,250.31654450822685,247.0379556329983,248.50342396804058,574180
2010-12-31,253.37059020996094,254.62920727462281,247.41194171861432,247.41194171861432,480390
2011-01-03,253.0052490234375,258.5370330972039,251.72903884947593,255.06921606356084,454300
2011-01-04,249.6299591064453,255.15734033997458,248.7322092293017,255.15734033997458,249220
2011-01-05,253.52902221679688,254.80525964998597,249.1062419938839,253.4850251440275,710350
2011-01-06,250.8006591796875,254.71734032810417,250.18453875352057,253.66116841785438,149280
2011-01-07,244.3094024658203,252.4200397711539,243.0419752099876,250.80493357666361,498710
2011-01-10,235.6839599609375,245.12805122160162,233.06548835094253,245.12805122160162,443160
2011-01-11,237.93711853027344,240.19472227829854,229.9849007071138,235.68391986273227,481380
2011-01-12,239.95706176757812,241.5149290436476,235.52987581534444,239.40255889602554,213110
2011-01-13,238.85238647460938,243.35437679897524,237.65098186845552,241.0747754861584,179330
2011-01-14,239.92189025878906,240.6788389206945,236.30883765743047,236.3264579804215,215480
2011-01-17,234.3724365234375,237.25053811383586,233.6815105665186,237.25053811383586,2088300
2011-01-18,233.65953063964844,236.76207664369298,232.00923735449257,236.76207664369298,2624210
2011-01-19,234.85650634765625,237.5101905704702,233.76952617509022,234.1215833343722,170210
2011-01-20,235.38021850585938,236.3131821366813,232.37888197265244,233.85756513152782,927100
2011-01-21,234.4296417236328,236.67402960051152,232.00921183826821,232.00921183826821,769560
2011-01-24,230.68458557128906,238.5135668365677,228.94186628370113,234.42965523466987,1504870
2011-01-25,228.8274688720703,232.7045839406508,228.40060587347057,230.68461300661502,1601180
2011-01-27,228.84512329101562,234.48252529405642,228.40063990608277,228.40063990608277,749710
2011-01-28,227.00120544433594,232.9686664732143,224.439946362615,232.9686664732143,2734200
2011-01-31,226.8603057861328,228.75263662141802,218.45921479356244,225.76011031675293,2249850
2011-02-01,218.97415161132812,227.08480477634816,215.19828575819943,226.63591632120523,1738540
2011-02-02,218.7584686279297,222.2438938461554,215.25544995156778,218.54283460973542,751250
2011-02-03,217.5394287109375,223.03159528576697,214.75372657254135,215.64269300785062,737380
2011-02-04,218.82887268066406,220.64639769357808,215.64271098894503,215.64271098894503,1617390
2011-02-07,220.17555236816406,222.76761975639255,218.36683717274292,218.8993281049302,526160
2011-02-08,218.24362182617188,225.76015277742138,217.4954833942365,220.65524215334983,722100
2011-02-09,217.85630798339844,219.40537835634606,213.7063605010897,218.05874018761924,994890
2011-02-10,218.6088104248047,221.27127773130795,216.08715791259078,216.5228443924707,649160
2011-02-11,219.91146850585938,221.89182036033162,216.1664122424394,219.98188262785507,2277190
2011-02-14,228.8406219482422,230.93539809294475,215.2422107531107,218.41957531044295,946210
2011-02-15,227.77566528320312,231.04544284202575,226.64025609104496,227.25637626917475,340780
2011-02-16,225.7117462158203,230.38097012860592,224.43991359233814,227.52046142595847,337740
2011-02-17,228.3830108642578,228.85827601942927,224.0878429862677,228.57224128237598,326200
2011-02-18,228.76144409179688,229.95844385549807,227.5204203936933,227.5204203936933,1486590
2011-02-21,226.2706298828125,230.95306908892226,220.49681860023077,228.84069877992596,399940
2011-02-22,220.9280548095703,225.5004603586859,220.03910167365228,225.5004603586859,350370
2011-02-23,218.10714721679688,219.9510759235163,215.83195047536339,218.28318923844088,1136200
2011-02-24,212.2365264892578,218.71888375407667,211.06152511752373,217.13459941510524,1850230
2011-02-25,211.80966186523438,217.39866115773535,210.8238908572191,211.67764375884758,1803780
2011-02-28,211.29917907714844,215.63834421010108,208.06899287802403,208.06899287802403,1149580
2011-03-01,222.926025390625,224.25505680010448,212.11770521980958,213.41594136031975,512760
2011-03-03,223.37928771972656,225.64128264146603,218.7188612811058,220.13591359562483,618850
2011-03-04,220.76522827148438,228.57662981980684,219.2557632555342,226.63586989912665,1322350
2011-03-07,220.49685668945312,222.411200167114,214.95186688282766,220.0435765334662,414940
2011-03-08,220.04791259765625,222.29231426553284,220.0391158678654,222.15148600814817,632510
2011-03-09,220.1271514892578,222.406753657646,220.0391304650227,221.97108047696452,812960
2011-03-10,220.04351806640625,221.2713266471834,219.15895653456158,219.60783149021026,699360
2011-03-11,222.6488037109375,223.53336536223793,218.71890784551434,219.9511216725946,515120
2011-03-14,222.51675415039062,224.8799720602078,220.59800611353268,221.9754531009988,314810
2011-03-15,222.78517150878906,224.43986974809977,220.0390879883331,220.1271089955765,360200
2011-03-16,224.72154235839844,227.78009127303653,223.18126863191443,227.78009127303653,218810
2011-03-17,227.00999450683594,228.40063006987026,220.47922093449904,222.15151304658357,1134550
2011-03-18,224.11424255371094,229.28516172959132,220.12713488484607,227.78447993128037,1905090
2011-03-21,222.1206817626953,222.69277806878404,220.83564746870292,222.69277806878404,423130
2011-03-22,220.90162658691406,224.76551224472425,220.5671763221047,223.05361520804377,123290
2011-03-23,224.06581115722656,224.8799585071219,220.73441598507603,220.73441598507603,343430
2011-03-24,220.28993225097656,225.15719572507544,220.0390844714503,223.5597098229935,580510
2011-03-25,222.61355590820312,232.62532133704187,221.05567534949614,221.05567534949614,389990
2011-03-28,222.45077514648438,225.051639408534,221.35937617067916,222.76763204719404,354530
2011-03-29,221.4342041015625,223.9426423532764,221.0205294251875,221.97989689587678,212750
2011-03-30,223.22528076171875,226.63588710035535,218.74088244979845,221.4341725430307,1299430
2011-03-31,222.30992126464844,226.10340690537979,221.01168510834037,222.59156434943458,648870
2011-04-01,221.84779357910156,226.10774692139907,221.00725611659902,226.10774692139907,573840
2011-04-04,222.6488037109375,224.43992555575917,221.99309136332587,224.43992555575917,1021200
2011-04-05,225.9185333251953,228.75263794512747,222.94800554068024,222.94800554068024,666060
2011-04-06,224.41346740722656,228.13653846683277,223.77095702708309,225.76010555895812,675370
2011-04-07,224.5895233154297,226.99234670180292,224.0790309546765,226.99234670180292,598320
2011-04-08,225.3508758544922,229.97169754416012,224.46190918177285,226.19141350524774,1077600
2011-04-11,225.89215087890625,226.99675153771784,223.5817401633062,224.8799763184064,370720
2011-04-13,230.40301513671875,231.82886469534526,224.55438352561154,225.76019390888828,1735420
2011-04-15,230.67579650878906,231.9124152510864,226.74149608869925,230.3369545392832,372290
2011-04-18,227.22560119628906,232.15448276992342,225.7645382418755,232.15448276992342,242020
2011-04-19,226.1254119873047,227.76249016461514,224.43990478929314,227.76249016461514,180150
2011-04-20,226.09461975097656,230.60101700706295,224.8932012206565,228.83629881973206,137050
2011-04-21,228.074951171875,228.7526619864737,226.31463822567628,228.35660768972534,98270
2011-04-25,234.30641174316406,235.42422748548242,227.96930221150728,228.57661223490737,587080
2011-04-26,233.76077270507812,236.9381517881905,232.8982096244564,234.56171838131704,362950
2011-04-27,234.81253051757812,235.79389631716248,233.33825241812042,235.70149708488282,770530
2011-04-28,236.8368682861328,239.67978301874234,233.43947760540053,235.44182796652564,893770
2011-04-29,244.20822143554688,244.68351347900074,236.79731855104987,236.83691055286116,2035230
2011-05-02,241.43569946289062,248.11608330259364,239.8426185308263,244.2434005222176,400330
2011-05-03,244.06736755371094,246.35577964618608,238.5663898603777,242.03420834707438,1040070
2011-05-04,237.4749755859375,247.71119792981284,235.89948824540028,247.71119792981284,466290
2011-05-05,234.80809020996094,239.40250704456392,234.1215693891691,237.47936773054334,171100
2011-05-06,237.65545654296875,238.69843978653606,233.38228731206792,235.45066033990466,925470
2011-05-09,241.42691040039062,243.62730158836445,239.13852505309305,239.6181952903347,367520
2011-05-10,236.85452270507812,244.67469487997522,233.7695698996482,239.51258564409997,327500
2011-05-11,235.1865997314453,239.84263491731383,232.10605212700276,236.85010833076117,2182870
2011-05-12,242.08702087402344,243.36325847086124,235.44185041936845,236.76208509461725,1419540
2011-05-13,243.66246032714844,246.31173931429944,241.6028978636703,241.6028978636703,862830
2011-05-16,245.87164306640625,248.20405165494634,242.91430422830123,244.23894362431025,1346020
2011-05-17,250.74339294433594,254.62488633019004,246.61986189317892,246.88389809891945,2560160
2011-05-18,252.12513732910156,254.18910473243224,249.73992150183267,250.8929239973152,1457400
2011-05-19,250.64210510253906,254.18475577202835,248.90819608100978,253.39699867656554,538730
2011-05-20,256.103515625,257.023264027596,247.41197111516962,247.852049318199,963070
2011-05-23,256.49078369140625,259.5581158389114,254.7172556603415,256.30155328947296,1412520
2011-05-24,260.8299865722656,263.34284312176095,255.54023725977532,257.88586192063894,2414310
2011-05-25,264.6190185546875,266.23850312133106,259.6549503834908,259.6549503834908,3773100
2011-05-26,263.4528503417969,268.007649402821,260.7463584091485,265.7104538722855,3693410
2011-05-27,264.6059265136719,265.8073318520937,260.1743341650268,260.1743341650268,1397460
2011-05-30,271.28619384765625,273.64060131808617,264.1657322650851,264.1657322650851,4304990
2011-05-31,275.78826904296875,298.10905464708463,268.447766136435,272.14443464372454,18717210
2011-06-01,278.9523010253906,281.121882819041,269.4598132556975,276.81793300034457,1923490
2011-06-02,273.29296875,279.168002007512,271.70429288591066,278.04140288386037,2116970
2011-06-03,278.81597900390625,280.7699275364064,272.84411384232413,273.29300225905575,833550
2011-06-06,279.0140075683594,280.6687060384845,276.47915262350756,278.14703947342673,462910
2011-06-07,282.1913757324219,284.272964179492,277.6893837012912,279.0184286496251,820140
2011-06-08,282.02850341796875,284.29051176921575,275.78379280485143,280.7698862364701,791990
2011-06-09,274.50537109375,283.64239148306547,273.6408725998824,283.64239148306547,1273370
2011-06-10,274.9396667480469,277.96761501112354,271.3619941977512,274.8643083044603,641430
2011-06-13,271.7742919921875,276.5489322303147,270.7058527615469,274.5938610726518,1181500
2011-06-14,272.11126708984375,274.59392910008506,270.87438723948634,274.59392910008506,642460
2011-06-15,271.72564697265625,273.9644566680641,271.3177912028394,272.9980011163789,561910
2011-06-16,267.70458984375,271.49507987806066,267.3277704766716,270.78129859957716,1250440
2011-06-17,266.2459716796875,269.5443443441409,265.4657074061436,268.3163129323461,432330
2011-06-20,261.3427429199219,267.22573410380284,257.5744421314243,266.4454698464418,572400
2011-06-21,261.6929931640625,264.2155394132442,259.5251322056748,261.57775020911197,342000
2011-06-22,260.00390625,265.02240001124153,258.6384707160248,265.02240001124153,326890
2011-06-23,262.1585998535156,263.7722994162932,257.2199004420925,257.2199004420925,307630
2011-06-24,264.2066955566406,268.20994743167915,262.64172921433743,262.8057589876109,948010
2011-06-27,276.1233825683594,277.17407141334616,259.83543254129404,263.2224767205981,1043350
2011-06-28,280.2641296386719,282.12611954552284,274.0885509769265,276.5490250765859,1161890
2011-06-29,278.5838623046875,282.64474907520434,275.84408893385023,281.08424745975043,499550
2011-06-30,282.4097900390625,286.12489372014124,277.71048071630014,279.4749506717217,1469430
2011-07-01,293.8343505859375,297.03076603318254,281.5452697913605,282.4008924822944,1605550
2011-07-04,292.30047607421875,298.69771815261726,291.1389548326314,296.2460927840112,945650
2011-07-05,287.2774963378906,293.66145152442823,286.7543708107371,288.1641552772051,489870
2011-07-06,287.2154541015625,291.56895320117985,284.7062209436803,286.8341972114095,537230
2011-07-07,283.8283996582031,289.49416365949355,281.1684226567376,288.8734915356775,1240290
2011-07-08,280.0600891113281,287.6321642871066,279.31088825845575,284.24512052961427,663540
2011-07-11,279.7940368652344,282.400815791077,278.49952264871297,280.00682630940827,511820
2011-07-12,274.39886474609375,279.18681907393216,273.31270180084033,279.18681907393216,514690
2011-07-13,277.0321350097656,279.8295426408463,273.97758873192333,276.6286900741436,1469670
2011-07-14,277.5419921875,281.2216487076316,274.11950141410586,277.0809392457219,788910
2011-07-15,282.00634765625,283.26985308252785,276.2386260020327,278.41095157505845,676300
2011-07-18,280.9024353027344,283.5225277975894,279.9315426165019,282.8486582995839,221130
2011-07-19,278.5129699707031,282.8177104991119,278.06079213961334,281.69166295912026,286700
2011-07-20,276.9479675292969,281.1551605114094,274.43429662772945,281.1551605114094,525470
2011-07-21,275.9682312011719,277.5686445214853,274.4653374021517,276.01258039523395,231070
2011-07-22,275.8306579589844,278.8142558930211,274.8642032012213,276.46461569674597,348660
2011-07-25,276.1011962890625,278.14496604648986,274.16384835123193,278.14496604648986,391410
2011-07-26,278.3311767578125,280.09561980584715,271.31769964096566,274.4609182305383,2020170
2011-07-27,278.677001953125,280.84932802096364,276.46479137040143,278.8543446332851,1635240
2011-07-28,276.7130126953125,278.6769594615735,275.38302397298486,275.38302397298486,1552000
2011-07-29,277.87908935546875,278.4155281085162,276.19444167193876,276.85056106078594,285780
2011-08-01,272.01373291015625,280.4502807241641,270.7413791837011,278.58388051498605,363320
2011-08-02,270.6217346191406,272.1157534832427,266.09532882340295,272.01379631513436,1771890
2011-08-03,268.0547790527344,272.0801917860662,266.8843825752628,267.32771211442434,668410
2011-08-04,274.12396240234375,276.6331956961955,266.98634056381707,266.98634056381707,537830
2011-08-05,271.22015380859375,274.4209800383183,267.0617206378254,274.1239568286027,1293720
2011-08-08,273.1530456542969,275.66227872793905,266.8843600065697,267.3321271326481,467250
2011-08-09,279.12030029296875,280.5389603990726,264.93375334931204,272.20436948141247,887490
2011-08-10,279.7276916503906,283.287641669243,277.08102667179475,277.08102667179475,527200
2011-08-11,279.177978515625,282.5738988687483,277.55540386362713,279.74101584337905,255130
2011-08-12,286.3110656738281,287.694251572017,279.6167738778653,281.926530352205,1418620
2011-08-16,289.0596618652344,291.62209188467665,283.99682032289746,287.2774689085976,699590
2011-08-17,287.67657470703125,291.617754100702,285.44661393594384,289.49865278308187,1185290
2011-08-18,285.2160949707031,289.046469311314,283.1945130229405,289.046469311314,357200
2011-08-19,281.54534912109375,285.9431714391132,280.1355641560036,283.73096093248364,527920
2011-08-22,291.8216857910156,293.4841716576564,279.8251888596831,281.3502436436959,484660
2011-08-23,290.3232421875,295.5234895432735,288.9622171190862,292.60196274081926,475920
2011-08-24,286.2489929199219,291.8881583211964,284.70621489387133,290.3808271734629,515090
2011-08-25,289.4764404296875,291.26748187084115,282.99496529613015,287.2819539901564,365180
2011-08-26,289.3345947265625,293.27580079374553,287.98244505416625,287.98244505416625,225950
2011-08-29,292.31378173828125,293.48417830900695,286.47957644388345,289.5651329647369,352570
2011-08-30,291.3606262207031,294.8052784588653,288.25288171462387,294.27330464047714,388860
2011-09-02,289.0642395019531,295.0713507401564,287.72093769833174,289.0509266245182,889390
2011-09-05,290.0749816894531,294.53487626311613,287.7209026591351,287.72534028440634,1431550
2011-09-06,288.900146484375,290.82420879595253,284.6264698343564,290.38087920937335,859080
2011-09-07,285.614990234375,290.7310022042387,284.72833135898696,288.8956388967834,350070
2011-09-08,282.1083679199219,286.563824962126,279.82964729516294,285.59293206145657,653830
2011-09-09,282.7245788574219,286.1249363922244,280.37937500038123,282.93295784120045,326490
2011-09-12,281.5985107421875,285.2382562541989,279.8340677117946,281.9531689865649,389660
2011-09-13,279.0182189941406,283.73081262477456,277.70154367996963,281.9619326692056,493860
2011-09-14,277.3780212402344,279.9936766847065,275.92835185867733,279.9936766847065,318930
2011-09-15,277.20068359375,278.8542941994591,275.62243143706723,278.1804246071601,276010
2011-09-16,269.4423522949219,279.38622875197643,266.11294374895823,277.52423962391333,785250
2011-09-19,270.50201416015625,272.02706927696545,268.4893072395264,269.54887162383494,367370
2011-09-20,272.90478515625,275.3076235047711,268.7995495971434,268.7995495971434,385630
2011-09-21,274.2880859375,275.657959533336,272.2177438516509,273.7959964733142,228100
2011-09-22,274.9884948730469,277.52432717471436,270.44436651275805,270.44436651275805,428710
2011-09-23,274.0131530761719,279.297634068139,272.64769039985,274.8599006641104,731850
2011-09-26,273.20623779296875,276.8903047988996,269.6330031603315,273.9820644060237,268400
2011-09-27,274.5894775390625,277.0809876150014,272.6476918131614,277.0809876150014,254850
2011-09-28,277.8878173828125,278.8542725047053,274.0840424644241,276.6199014295787,416720
2011-09-29,279.6788635253906,281.07092475723226,275.307640811106,277.17406789170974,1037900
2011-09-30,279.96697998046875,280.62753651903125,277.2626541516324,280.17976945364813,805400
2011-10-03,277.47113037109375,280.0956340092411,272.65657744113435,277.83022626236277,509000
2011-10-04,272.9579772949219,281.4255598821492,271.4949953634487,275.85290484597,445760
2011-10-05,268.5159606933594,274.7713369941449,265.5456459459953,273.268469700882,690000
2011-10-07,277.42230224609375,279.7320315600295,268.6621072375644,273.5165705408287,721310
2011-10-10,281.33685302734375,282.66684135314335,275.95041654306425,277.3424774848182,562840
2011-10-11,281.2837219238281,284.60869352162405,279.740943761231,283.6378007327201,271250
2011-10-12,281.53643798828125,283.73092477129717,280.18428821165594,282.56496583762,335010
2011-10-13,281.2260437011719,284.4401824184473,280.63199735318676,283.5535234619576,796350
2011-10-14,278.97845458984375,281.9132942815607,232.91206220135894,274.9618625683204,174110
2011-10-17,278.1182556152344,283.19879281821204,277.0808529958002,281.95303838549,215590
2011-10-18,275.13482666015625,278.4110394947952,274.59841506404564,278.4110394947952,167130
2011-10-19,277.2449645996094,278.80993070781597,273.88895706965343,276.6242924820694,263340
2011-10-20,279.91827392578125,281.07091987149556,276.19873270342845,276.19873270342845,224110
2011-10-21,267.3720397949219,285.06089959812533,265.9977290184684,285.06089959812533,1284980
2011-10-24,270.4399719238281,271.22908465998785,267.77111867166246,268.21888596439544,443100
2011-10-25,272.6634216308594,275.63411199156025,266.8332195628217,270.8445540620297,470520
2011-10-28,272.2720642089844,284.52839758243863,269.5015009180127,269.5015009180127,2075940
2011-10-31,281.0195617675781,282.5716383607509,269.6749162996864,275.1760331591034,1024170
2011-11-01,278.6715087890625,281.41539023964435,277.5019072329528,277.5019072329528,343500
2011-11-02,280.081298828125,280.52601350620813,275.88764267098844,275.89209416068604,520090
2011-11-03,281.0195617675781,282.811774448259,277.59082992921253,280.0812205733706,333770
2011-11-04,286.9299011230469,290.84338466233476,279.3030339248395,279.3030339248395,1366000
2011-11-08,281.0775146484375,289.59826487789957,280.34820305141085,285.9560498104604,691400
2011-11-09,277.1906433105469,285.91594280484014,275.7675509639396,282.7317977689219,413030
2011-11-11,271.9119567871094,281.7712759360703,270.92025150585346,277.31525226331075,664540
2011-11-14,275.57635498046875,279.72555079829715,273.3216481580228,275.4518489769468,559300
2011-11-15,270.03076171875,277.8577293046493,267.7182399318883,275.5807922926339,235430
2011-11-16,275.3272399902344,277.50190082356204,266.1172183137312,268.6965574760746,665880
2011-11-17,270.546630859375,276.6125459373937,268.73221440985765,276.1411494367988,540870
2011-11-18,271.20037841796875,275.6208437083609,267.28689440989143,270.8312576096274,848100
2011-11-21,261.2966003417969,272.85028098996537,258.8239873899181,271.0981037696719,312320
2011-11-22,262.7685546875,265.0499431142877,258.82393773911986,262.38610658597185,522600
2011-11-23,257.28515625,263.09312741898395,251.37490941626677,259.54431385423277,579200
2011-11-24,255.7420654296875,257.04507613978296,252.06426646759815,256.1556468105796,361640
2011-11-25,261.7413635253906,264.1561618344626,255.71103141802726,256.60046109252477,334250
2011-11-28,261.4921875,268.87443907893436,259.9845984760596,265.49461894132656,232790
2011-11-29,261.3589172363281,264.50750590772736,258.1169286768412,262.9910131011422,1102210
2011-11-30,256.0977478027344,262.20366946081083,254.4834319278258,260.51375971779817,823270
2011-12-01,248.68893432617188,265.0499794970518,245.21571336513614,257.96567709419276,1198300
2011-12-02,254.23895263671875,254.67921585495452,247.7060924870142,250.20093548583813,657450
2011-12-05,253.8476104736328,256.9561620508991,252.25107267174653,252.25107267174653,730820
2011-12-07,254.01661682128906,256.2446420413842,251.7085462041121,251.7085462041121,1069980
2011-12-08,251.9486541748047,255.70649878576248,250.6411918824487,251.71296950033508,1595270
2011-12-09,251.73068237304688,254.2477820939793,249.9518240545118,252.1442636749194,543120
2011-12-12,251.54837036132812,254.2522155593658,248.23969268444338,252.95365654035922,624690
2011-12-13,249.36924743652344,254.24332896951108,247.4525286963627,249.67165009154192,1145990
2011-12-14,247.5237274169922,253.4873386517261,244.14833143824146,249.08910445442962,953480
2011-12-15,247.8128204345703,249.04023737598334,245.19789577066396,247.2391482307498,807780
2011-12-16,241.27549743652344,248.07965388824007,239.3543267241455,248.07965388824007,482820
2011-12-19,236.54371643066406,241.27103499664173,233.9243408133998,239.26091623524692,334960
2011-12-20,235.65428161621094,244.50408602871403,235.27625791350812,240.13698532134276,531340
2011-12-21,239.0341339111328,241.8313793996652,235.79659810122362,240.13256611170462,393670
2011-12-22,245.32688903808594,246.81667251035987,235.87670112665324,241.92481053267707,240710
2011-12-23,236.87730407714844,246.30080998467204,234.89386667438134,245.50475327222895,540940
2011-12-26,236.85948181152344,239.70121516242543,234.9027534838908,235.44529237072123,280860
2011-12-27,237.56219482421875,239.43445386222297,236.14800504880006,236.14800504880006,777460
2011-12-28,231.1804962158203,241.75579742145266,226.8044917265455,237.47764427838294,891340
2011-12-29,233.62640380859375,234.80933282259642,227.69389849463894,232.56798078085185,1014870
2011-12-30,230.5712432861328,234.3246368599476,229.21486872797155,231.69638463181133,225310
2012-01-02,230.38885498046875,232.84813985812693,227.6938854686586,227.6938854686586,182450
2012-01-03,235.90341186523438,236.58826285456416,231.2650399690898,231.2694643165695,174850
2012-01-04,237.9179229736328,240.13704507664843,232.94601567660655,232.94601567660655,341860
2012-01-05,237.62884521484375,239.34098581186313,236.5882009593327,237.82452075249415,719580
2012-01-06,236.6415557861328,238.8073139455275,235.2629512377476,235.5253176792654,3815540
2012-01-09,237.98902893066406,240.14588388231707,237.170742124046,237.1796451018737,430720
2012-01-10,236.2813720703125,239.7012292844225,235.25408217339427,239.12755707866333,338040
2012-01-11,241.9515380859375,242.80538291977126,234.80941933360324,239.1276099038986,1111290
2012-01-12,243.37448120117188,248.88892515907642,241.951389257989,243.57903251597526,676690
2012-01-13,246.55426025390625,248.85790624268927,241.75134701274698,241.75134701274698,570680
2012-01-16,244.464111328125,247.17240847166045,243.36565197734893,245.74931609720497,179230
2012-01-17,243.3123016357422,246.81665560205505,242.10269069469555,242.8942687369212,528730
2012-01-18,242.26275634765625,245.12671977076428,241.03533957443454,244.54859615615018,205430
2012-01-19,243.0721893310547,246.0828896528255,241.48455445767235,246.0828896528255,191140
2012-01-20,243.03211975097656,244.59307261183432,241.03535519202583,243.08103185112378,660940
2012-01-23,250.70785522460938,252.1309473702721,244.59302948742376,245.51804345358832,1106890
2012-01-24,249.42263793945312,254.19886866666866,246.37190212784017,252.1531922499736,1114090
2012-01-25,253.34947204589844,254.64803113154295,248.62660496987633,251.60174685274686,2868410
2012-01-27,259.3887634277344,262.29273643493747,255.71096400739367,255.71096400739367,1870510
2012-01-30,265.7703857421875,268.1674043894474,259.67778917800894,259.6866921574711,1515850
2012-01-31,266.4107971191406,270.386547772445,260.07806389580844,260.07806389580844,638760
2012-02-01,261.0653076171875,269.4971080975452,259.0907732642089,269.4971080975452,1463970
2012-02-02,263.9825744628906,266.2950958006747,261.49218357187704,264.16047115934515,898140
2012-02-03,262.4084167480469,264.1605941654462,257.9345868955535,264.14723969254237,685600
2012-02-06,266.25958251953125,268.20743515281083,260.1581096267795,260.16256111686977,1137650
2012-02-07,263.17767333984375,267.4780835548065,262.11925029982547,266.3840757426319,668170
2012-02-08,264.21826171875,268.16287766484976,261.5055137804244,261.5055137804244,2582610
2012-02-09,272.0052795410156,272.61008496064807,264.3428275373364,267.7538085023993,1357500
2012-02-10,275.6741943359375,278.21349783161924,272.61010362260663,272.61010362260663,1391900
2012-02-13,271.6718444824219,275.72319000178044,269.7640005218658,270.74237856019727,328260
2012-02-14,269.2480163574219,273.0369935456901,268.61207771807335,271.6717164267098,409890
2012-02-15,269.6216735839844,276.1634102315257,268.4298141594278,269.9329521966197,466600
2012-02-16,272.894775390625,274.38010750813487,269.06133628101793,270.3865775972217,991920
2012-02-17,271.6718444824219,276.9683860763665,270.83577844450576,273.94433071144636,992440
2012-02-21,270.8668518066406,273.8375429070078,269.31480176215257,269.89292547494637,301830
2012-02-22,273.4328308105469,276.61255187020623,270.8312605931762,270.8668453703706,986070
2012-02-23,272.1075744628906,276.56807582027733,268.60767203351503,271.4894145310872,799050
2012-02-24,272.796875,274.56685790711856,270.70228620126784,272.43220570040734,530130
2012-02-27,275.4830017089844,277.0572821118601,270.600015422391,271.27599051081,2250620
2012-02-28,280.93963623046875,283.8436365343282,274.83371148793884,277.9467146924948,1623880
2012-02-29,281.9979553222656,284.6173307083143,279.3697041020245,280.17018491599686,1154250
2012-03-01,280.1391296386719,283.7279805495189,277.94668940979517,281.94912173729625,707510
2012-03-02,280.948486328125,283.7190499728406,278.04448657088665,281.4065554564679,1839750
2012-03-05,287.7037048339844,289.0467518005233,279.53875014512874,280.0501557210495,1301960
2012-03-06,281.0997314453125,289.0645599147097,279.28973932835106,288.08173063943633,711040
2012-03-07,274.9892883300781,281.0374237539596,271.80959492216874,278.853859659097,430770
2012-03-09,282.08251953125,284.52845030104254,276.5769495543312,277.5019637001027,1397870
2012-03-12,281.0818786621094,285.6846914045591,277.95109741397505,277.95109741397505,1380880
2012-03-13,283.4300231933594,285.32893647710625,280.1747083799251,280.1747083799251,145490
2012-03-14,284.9909362792969,288.0861327416315,283.8257589734649,285.0620786772885,323340
2012-03-15,285.9470520019531,297.0693691011878,284.6218111070648,286.84093273991937,611970
2012-03-16,285.515625,289.0644381860537,282.40262335799633,289.0644381860537,2442480
2012-03-19,273.3349609375,288.1750862801931,271.64059924741497,287.28565700155053,832210
2012-03-20,268.2251892089844,273.14373194492583,266.9177271073682,273.14373194492583,2624650
2012-03-21,272.41876220703125,275.6340393288761,268.60755571723456,268.9499945651544,994040
2012-03-22,273.166015625,276.6036517104823,272.1654075091575,273.05483694546194,574010
2012-03-23,276.7548522949219,279.7255432008208,272.56119597757265,273.6863100416269,704070
2012-03-26,272.2276306152344,279.2807984045151,270.92016846691087,276.6080590322815,316300
2012-03-27,275.4250793457031,277.76870664759866,270.4842798960414,272.22758053525416,811010
2012-03-28,276.1189270019531,283.8169376632965,273.5351355833212,273.5351355833212,865590
2012-03-29,283.5946044921875,288.9756421665996,271.29377917734934,275.7231479055907,991760
2012-03-30,288.3529968261719,289.5092440865841,284.6129313298529,284.6351616342399,1292640
2012-04-02,290.2564392089844,293.0670398743761,284.9732254537507,288.5665284744713,383640
2012-04-03,298.5281066894531,300.1824323992576,290.84342339128074,290.9635050500747,1661100
2012-04-04,295.6019592285156,302.3971878612282,292.8980854043929,293.5117940543293,761140
2012-04-09,291.6482849121094,295.2904986239379,290.8433525603244,295.2860471349582,445740
2012-04-10,289.6470947265625,292.8001335067404,288.6198049810033,292.18642512438265,522050
2012-04-11,287.89495849609375,289.93175945989697,286.57859318816634,288.9711604899081,565060
2012-04-12,289.5671081542969,292.50221455390573,286.68091386126036,287.8949764044171,465980
2012-04-13,293.60955810546875,294.84587813454397,289.4248042668235,290.8434453996859,596740
2012-04-16,298.363525390625,299.55093317461944,293.95641468682896,295.29055877769207,505180
2012-04-17,296.0242919921875,300.18236275228065,294.41442727007035,298.31455595539904,380400
2012-04-18,294.50341796875,297.95886000116496,292.6222834041292,297.94995702100226,247670
2012-04-19,296.0777282714844,297.95886285411706,293.5161671374631,294.84585980937254,239800
2012-04-20,297.1183776855469,298.40360988182874,294.4945768354184,296.71369918893936,577960
2012-04-23,308.7208557128906,310.0016358284836,294.58336235370825,297.5140432730634,1561580
2012-04-24,307.9204406738281,311.0690009156559,305.07425599963045,308.7253731206928,1282660
2012-04-25,304.38934326171875,308.3650925889841,302.85952406067827,308.187195904333,609440
2012-04-26,309.6993103027344,313.5238456476694,303.43326859350674,304.18483747944094,3350750
2012-04-27,313.3727111816406,315.9253968700694,305.0787966551695,306.94215270626154,1037650
2012-04-30,313.6839599609375,315.7163094339473,311.30029564012585,313.6128175506703,1109870
2012-05-02,314.0396728515625,315.6584406277647,309.7392899566457,313.7017125312718,572410
2012-05-03,320.51470947265625,322.50704943744046,308.7208961496955,312.45648269011633,947470
2012-05-04,321.5598449707031,324.64171442718737,318.4157089450221,320.46138560329877,1359200
2012-05-07,324.1436767578125,330.60094336675365,315.35165780064074,320.10565938210067,1432850
2012-05-08,325.1352844238281,328.9998553803741,322.1067790860516,326.7762823822055,1132290
2012-05-09,329.8670959472656,333.09127720189,322.9606643137825,328.9998969397899,1961510
2012-05-10,324.9841003417969,333.0022905495511,322.95175134126004,326.5094681786339,771880
2012-05-11,322.3158264160156,326.776299976019,318.7180731682549,323.1296346340391,724140
2012-05-14,328.8442687988281,332.1929561559527,317.97098966756414,320.6437291823718,965470
2012-05-15,335.1414794921875,336.2043542693996,326.98097460762483,329.0844667097452,1094620
2012-05-16,333.9228515625,336.7379025977329,331.7570936187791,333.3580553312311,964750
2012-05-17,328.6485595703125,336.6445198469955,327.3989125590077,335.31482746032765,824840
2012-05-18,329.1823425292969,331.31251658922486,324.65957359863313,326.24275715593404,847440
2012-05-21,333.9140625,335.3149248337212,328.34180074158206,329.9783477806646,481580
2012-05-22,327.0431823730469,333.89177207207325,325.175375312138,333.89177207207325,563920
2012-05-23,327.08758544921875,328.7863984635995,323.574329282549,328.6396350467756,482750
2012-05-24,333.51385498046875,334.37215124942884,326.0648824089733,327.21667848996543,746560
2012-05-25,334.9457092285156,336.1775774355921,330.42296905567673,333.5315199667297,363680
2012-05-28,340.006591796875,341.54086282022104,334.0029438176133,335.7595721735246,646970
2012-05-29,341.7677001953125,342.60821749700506,338.07212210506043,340.65146194966223,571380
2012-05-30,339.4462890625,343.137442955318,338.42790212464786,343.137442955318,716730
2012-05-31,357.6884460449219,372.7598323422881,336.3021061655173,337.9831406041138,3861160
2012-06-01,336.1864929199219,355.7717161208104,334.8389945163649,355.6827677631347,1599420
2012-06-04,327.68353271484375,335.6705899225475,325.57556261463344,335.12805111461296,1108680
2012-06-05,330.77435302734375,337.8942400635084,328.3995916140661,332.1129486823581,954970
2012-06-06,340.1221618652344,341.8698869332489,333.52703694636904,333.52703694636904,1268240
2012-06-07,344.9771728515625,346.528266533779,341.15775959335923,341.5970751600771,993880
2012-06-08,342.9688415527344,345.0847851683153,337.5669510248447,343.4171316772307,436580
2012-06-11,343.94610595703125,349.19110581298094,342.31432335981003,343.03609124491845,578730
2012-06-12,348.2138366699219,349.5766287794346,339.2659560584937,341.4177431540508,551600
2012-06-13,347.6624450683594,351.5446254145978,346.25929482333135,346.4072108606275,483950
2012-06-14,347.03033447265625,350.9214893071733,345.8692784211849,346.25928862426906,425710
2012-06-15,348.4245910644531,349.66636370147137,344.64550787859355,348.769783281724,523980
2012-06-18,346.4385681152344,356.8389034364262,343.5246825972233,349.6662621613222,508560
2012-06-19,348.4200439453125,350.10561922278345,344.1882113579032,347.3351894849456,451290
2012-06-20,348.32598876953125,351.4505584743578,345.79762535799136,349.21808193090436,485790
2012-06-21,349.3703918457031,350.4283498340183,344.73506052727186,348.76518384012866,924560
2012-06-22,348.8818054199219,350.8318566065001,346.3848260283695,347.96281609476966,398890
2012-06-25,341.4178161621094,351.00675040981145,339.76362417738864,351.00675040981145,573860
2012-06-26,337.02447509765625,343.1032874596073,334.0657715280567,341.4177123888469,1026500
2012-06-27,338.5621643066406,340.43155394938566,337.2979827887731,337.56248601871977,514730
2012-06-28,336.1324157714844,342.2246905773709,335.14168475029794,338.9073327251606,825040
2012-06-29,348.63970947265625,349.71110203523887,338.0152284489974,338.0152284489974,1040430
2012-07-02,351.56256103515625,354.05954035073466,346.08446876227816,347.6938150117844,605310
2012-07-03,353.2749328613281,355.57915005308075,349.86793976893665,351.5490272871793,1355040
2012-07-04,347.1962890625,355.39999463871413,346.3535012576707,353.33787056564216,1118120
2012-07-05,339.0103759765625,349.2134618990382,338.4589879703685,346.3488819109243,1452820
2012-07-06,333.0302429199219,338.6473037118264,329.9594392814953,338.1004029168155,1431720
2012-07-09,330.2508544921875,332.52368871765003,328.14837270376654,331.1967400926575,747410
2012-07-10,331.1160583496094,335.76931215422815,329.448432175748,331.6450374271716,1188560
2012-07-11,331.18780517578125,333.7071935920212,329.49325530073435,329.49325530073435,595220
2012-07-12,333.8148193359375,336.8452654498046,330.23744495299167,331.18784534452953,811760
2012-07-13,332.4745178222656,336.3925707357552,331.2865375616586,332.81073555321456,348430
2012-07-16,331.1026306152344,334.9310186078103,329.2242938110666,329.2242938110666,339110
2012-07-17,328.3904724121094,333.366509733115,326.35524488342924,331.46576378360567,538510
2012-07-18,328.5876770019531,329.85185839910525,323.6654603358907,329.85185839910525,598460
2012-07-19,324.4858703613281,331.2774777227966,324.10483464225933,329.22432834124544,1053770
2012-07-20,333.2813415527344,343.7892645218657,324.65624282183495,324.65624282183495,4206590
2012-07-23,322.99755859375,329.9415690315393,321.90821675111084,329.73088578264264,1637610
2012-07-24,319.792236328125,325.14482150378325,318.375651575157,322.76888931859077,1129990
2012-07-25,316.344970703125,321.33441554441276,315.1614779875401,319.62643094680425,641710
2012-07-26,311.0326843261719,318.52362280364343,309.32021261931004,318.2815286041721,1221300
2012-07-27,314.3500061035156,318.0977048675889,311.2074880451719,316.40315511321506,633580
2012-07-30,320.6664733886719,322.2982563420507,314.6997317067531,315.5963121389661,468970
2012-07-31,326.5614929199219,328.928450976793,319.2364189236528,321.06545062314143,744190
2012-08-01,325.18524169921875,329.7622672277679,323.7641420345739,325.2435216153821,324300
2012-08-02,327.36834716796875,331.6271033048327,322.32059604265254,324.1137565213321,756250
2012-08-03,336.86761474609375,337.9165983001174,325.0103356490873,325.0103356490873,1126450
2012-08-06,336.0472106933594,339.799396508798,333.9716254148176,339.35559370332004,1003450
2012-08-07,335.6617736816406,337.8583792392125,333.53688251684406,335.3434777903185,814570
2012-08-08,334.5500183105469,336.93492561534197,333.5279308150428,334.60383831064473,522180
2012-08-09,336.22210693359375,337.8314532839208,334.50066068192206,336.21761965416476,926090
2012-08-10,332.93609619140625,336.56277522666505,331.39397711586156,333.97613253179287,843770
2012-08-13,338.24835205078125,339.35564294727345,330.9277936145339,331.37608376373777,290330
2012-08-14,339.08221435546875,342.22473288155794,337.2935409228119,338.010794263136,586760
2012-08-16,332.8061218261719,339.4632194250796,331.2864116929279,337.57593545707994,655810
2012-08-17,329.8115234375,334.4782113977041,328.4397568088372,331.2863880347835,1033540
2012-08-21,331.2057189941406,332.9899049659162,326.92455370083604,329.1794388394693,895170
2012-08-22,331.0219421386719,334.2272278931461,328.95533096086433,330.8381552026023,504670
2012-08-23,331.73468017578125,333.5188660513308,330.16117751765495,331.73468017578125,387880
2012-08-24,329.63214111328125,331.003907511657,327.3458729031389,331.003907511657,303450
2012-08-27,328.3501281738281,332.62231910573763,327.43559874999335,330.18810685730944,423870
2012-08-28,334.0613098144531,336.20412232287356,327.2517819154796,327.2517819154796,1165820
2012-08-29,331.9364318847656,335.22240619544846,329.1480530511141,334.4244366313804,395020
2012-08-30,331.4074401855469,341.2967189717048,327.25178208748207,331.645019717187,1127310
2012-08-31,326.41802978515625,337.0738691351143,325.4810912367514,331.8244084528506,770560
2012-09-03,327.3414611816406,330.05361101891015,325.4586371473396,327.27420671698553,580650
2012-09-04,331.125,331.73018067939535,326.04137831954677,327.1621035491351,412670
2012-09-05,327.37286376953125,329.94155762964925,326.9469826454075,329.2243043185166,256670
2012-09-06,331.75714111328125,333.49650919470815,325.0283011564333,326.4538606406306,400490
2012-09-07,338.0555725097656,338.50834991410585,332.7209364361129,333.82819991199153,527240
2012-09-10,335.20001220703125,338.90289352326784,333.61756207753825,338.90289352326784,427150
2012-09-11,338.5621643066406,338.90735648094574,333.5278746320418,333.5278746320418,283050
2012-09-12,344.7709655761719,345.8110293590948,337.5669670124083,337.5669670124083,625690
2012-09-13,345.1385192871094,347.42478758989387,343.48432791367486,346.250269851732,463350
2012-09-14,349.7917785644531,351.1904688232593,346.29063404232664,349.57660807607795,645200
2012-09-17,348.2811279296875,351.9929839265084,346.0800350823909,351.459517492998,418010
2012-09-18,349.71112060546875,351.90775319419413,347.12899243189804,348.3214321425335,439200
2012-09-20,349.2852478027344,353.1001736295617,345.18338237922967,345.18338237922967,614350
2012-09-21,353.8443298339844,355.807842576658,348.86383360341785,349.86351172786146,1257940
2012-09-24,356.8299255371094,358.5423969088761,352.6070406871507,353.8801965405975,773590
2012-09-25,352.9388122558594,360.42526286476993,351.45497302683214,355.9423615853574,836030
2012-09-26,349.0521240234375,354.59747039172146,347.06620215657796,349.8904243245747,908400
2012-09-27,347.0035400390625,352.1005978489673,345.4524459676578,349.66638514345976,1049260
2012-09-28,352.78643798828125,355.6196351135711,349.6663285907306,350.9215355800463,822900
2012-10-01,353.2212829589844,355.04582729931457,349.66634506750677,354.86650028033637,720100
2012-10-03,350.38800048828125,354.6736525295891,347.693772747901,353.2480933682214,746950
2012-10-04,347.3351745605469,354.14918975986353,345.2775382614467,350.1145787372828,807190
2012-10-05,341.7091369628906,349.57662293526795,307.74218651135266,349.2090217610311,1765020
2012-10-08,348.7563781738281,350.37469940100755,342.5744381477231,343.79380184922866,655820
2012-10-09,348.9132385253906,351.2801965994109,346.16970463701153,349.6663627926454,508650
2012-10-10,349.3076477050781,352.77292138583346,346.1920260706747,346.1920260706747,866190
2012-10-11,349.2449035644531,352.26637462805064,347.33518325479565,349.75596087352216,512730
2012-10-12,349.5766296386719,351.87187286110196,347.15587941076666,348.4110862728054,463590
2012-10-15,347.32177734375,351.28015977139836,342.9867917797627,349.7515023590096,309520
2012-10-16,348.32598876953125,350.3836255601576,346.3041954963076,348.59046467732884,336440
2012-10-17,350.4552917480469,353.43194473842834,348.36178452998405,349.21800662786075,505580
2012-10-18,351.7912292480469,353.96991294230213,349.7560016938587,350.9215452098947,300500
2012-10-19,348.0256042480469,351.7912252768201,347.42488337838864,349.66633423889436,478790
2012-10-22,352.27984619140625,353.2481682854237,344.5558152828801,348.2945673567095,392130
2012-10-23,350.5807800292969,353.6112254837818,349.217987975128,353.6112254837818,385570
2012-10-25,349.321044921875,351.4593972038953,347.0975437978334,350.5628171089874,1313130
2012-10-29,353.3567199707031,354.74533483972425,349.80208862417794,354.74533483972425,241760
2012-10-30,349.4379577636719,354.56543828176297,348.0583399025314,352.4083916714194,156350
2012-10-31,347.93255615234375,351.41079884299194,346.12154512708247,350.0581428125531,247300
2012-11-01,348.59765625,349.43800571679117,345.2497256975488,347.37531229845126,282210
2012-11-02,350.81756591796875,352.3185268123981,348.7144433095197,351.4152568130313,374440
2012-11-05,355.6440734863281,356.81246605623284,348.83136670905975,349.89191103292325,492210
2012-11-06,368.0784912109375,369.30530587023077,355.01933880599944,356.80788580794894,1475370
2012-11-07,370.3343811035156,372.5408534626742,367.7638798904723,368.9547633125613,799130
2012-11-08,375.51580810546875,377.4706256145487,366.15959125953344,366.15959125953344,871030
2012-11-09,369.7816162109375,377.0347100648299,368.5053758180226,374.0013557228304,415070
2012-11-12,367.56170654296875,373.8890397753806,366.9415244265071,371.19272458469277,388480
2012-11-15,360.85235595703125,369.21094960979855,358.6323886584418,364.02501910732263,1038430
2012-11-16,355.1092529296875,363.0004684813616,353.7610951878639,361.7556607226758,440200
2012-11-19,348.43133544921875,355.9136214162361,346.02713193245177,355.9136214162361,684050
2012-11-20,346.0226135253906,353.1229046189517,344.40933364985193,347.8291534574264,514810
2012-11-21,352.3096008300781,353.6667552244003,344.77341683190616,346.386697089894,961050
2012-11-22,356.6371154785156,358.52004338029735,353.0869835448922,353.2172955736379,686100
2012-11-23,364.3710632324219,365.62034171855305,356.6326241008075,356.6326241008075,758030
2012-11-26,367.00445556640625,370.46473231279407,364.0025611926623,368.04253584748886,497240
2012-11-27,370.6445007324219,371.5432724959632,365.91245423177463,365.91245423177463,510620
2012-11-29,388.25146484375,393.16324960135285,369.84460789844184,369.84460789844184,2186930
2012-11-30,389.1996154785156,393.298012331839,385.60902684180314,386.92572412161326,2510700
2012-12-03,390.6646423339844,393.92718827473493,386.9212502008867,388.29636992328244,631600
2012-12-04,391.1454772949219,394.33610604198947,388.4491620399339,392.9340243036627,832250
2012-12-05,393.4687805175781,396.7537900552578,391.0555806449576,391.0555806449576,1481090
2012-12-06,391.5544128417969,394.09345405352275,389.61756078210124,392.9430272895234,607840
2012-12-07,387.5998840332031,392.49370366087476,386.5618035753645,389.79738793367386,417720
2012-12-10,387.8964538574219,390.5568107521656,386.494344590749,389.168196228332,366760
2012-12-11,386.4898376464844,390.4264347917998,384.23391182269376,390.4264347917998,462050
2012-12-12,388.3143005371094,390.0669163167793,385.02929108323394,388.808641427231,1204090
2012-12-13,387.334716796875,390.33211308634947,386.02249021328737,389.8827271838893,638300
2012-12-14,384.7463073730469,388.8896605738945,383.1464943031887,388.8896605738945,671250
2012-12-17,381.92413330078125,384.1485992384866,379.7311276709703,381.9825556685364,407780
2012-12-18,386.0674133300781,388.17503428517193,382.3015573171103,382.8767844311539,606600
2012-12-19,398.1424560546875,399.7692584240795,386.06745779978695,386.06745779978695,806400
2012-12-20,399.43212890625,404.222569973882,396.3583176397598,398.60524687808044,823270
2012-12-21,391.5230407714844,398.6952509587522,390.1029931288477,398.6952509587522,451660
2012-12-24,391.9543762207031,394.1114229931509,389.61756412207734,393.2126512189362,364270
2012-12-26,397.585205078125,399.4142091046548,392.78576663704985,392.86215456521575,382830
2012-12-27,390.6421813964844,399.59394068594867,389.17717899990606,398.6951689018725,743630
2012-12-28,394.9832458496094,396.23702264214165,391.50500335623565,391.50500335623565,292430
2012-12-31,398.3851013183594,400.843229042545,393.82382343087204,394.9832467407253,379160
2013-01-01,397.53125,400.3848668903022,396.358359396831,399.5040606618852,299620
2013-01-02,392.9386291503906,400.5826893605553,391.8645900329792,397.8009889373847,614960
2013-01-03,395.1629943847656,397.9761269722507,392.7632617013256,395.24388055229673,508860
2013-01-04,395.639404296875,397.25718275758265,393.66209513081725,396.25955910675935,713090
2013-01-07,394.9518127441406,398.8704723426645,393.6620773106891,398.8704723426645,519650
2013-01-08,394.9292907714844,396.08871398781815,391.18140057372483,394.11140520246886,672700
2013-01-09,392.2374267578125,396.26843204418344,391.4150704110907,395.01015716572755,393240
2013-01-10,392.107177734375,396.9964987004822,390.9657473805926,393.67105937516834,832720
2013-01-11,386.4223937988281,394.4259544553114,385.1236621476419,392.15656146507916,530530
2013-01-14,392.3633728027344,393.5722221441295,386.03153992407704,387.3707013209476,302470
2013-01-15,387.6492614746094,392.3678134077007,384.6788272690551,392.3633151601826,535140
2013-01-16,384.52154541015625,389.8872144084361,383.19138063704145,386.29212703748385,421340
2013-01-17,389.4557189941406,390.0668771035768,384.22486166308545,384.22486166308545,1190180
2013-01-18,387.46502685546875,391.6757705457477,384.2249446410772,390.1568440089229,736430
2013-01-21,385.3843688964844,390.8758514444785,384.2788697051427,387.55488305124516,445250
2013-01-22,396.6324157714844,400.3398488216683,387.4604631667084,389.1681238132475,1862370
2013-01-23,399.279296875,403.5259983150491,396.3672855690616,396.6324078402092,1239080
2013-01-24,395.9179992675781,402.29028843849983,394.5608449872501,399.41420752648213,579610
2013-01-25,395.971923828125,401.7150617346179,393.00596024147154,397.14931276714276,296880
2013-01-28,395.3877868652344,397.0774551707103,390.5703547244478,395.91356080071915,579060
2013-01-29,398.2997131347656,399.2793711027956,392.4037723364962,394.2013159317817,609480
2013-01-30,402.0880432128906,403.5485474212638,398.3087197760004,399.0501900709402,702210
2013-01-31,404.5506896972656,410.6848186541996,402.87448894420424,404.2226467432367,1377750
2013-02-01,408.2716369628906,409.3906035984615,404.90124231197024,407.8626803853742,469130
2013-02-04,417.2952575683594,419.4568026119925,408.04238998255494,408.7613964385017,1578080
2013-02-05,416.9312744140625,420.3555928677003,414.8101586476369,415.68196841365966,581760
2013-02-06,415.6055908203125,419.27709380168733,414.581005111059,417.4346223672503,722520
2013-02-07,413.781005859375,417.4794425203515,412.84627563859914,414.3382399086512,410770
2013-02-08,406.55938720703125,416.7559533215823,405.50331399414915,415.0527633824314,555190
2013-02-11,407.4581604003906,411.12063866331295,402.209336902992,407.1435848160797,462880
2013-02-12,405.301025390625,408.0422675382172,402.37102147661096,408.0422675382172,208800
2013-02-13,401.8453674316406,406.6852348260352,400.90164060361684,406.60434865706253,330480
2013-02-14,406.7930603027344,408.7434070289128,400.13318590804204,402.2093464139184,1626580
2013-02-15,408.2580261230469,411.18803048344944,405.5212818046143,405.5212818046143,384090
2013-02-18,404.8157958984375,407.8356558776582,402.95983000058146,405.7954538355658,393310
2013-02-19,409.7411193847656,413.3451759181632,402.66776175559625,403.5485680589699,407070
2013-02-20,409.43548583984375,413.22830396374314,407.44920782566663,411.62849124389965,856240
2013-02-21,405.67413330078125,409.8804062591863,402.8430075566346,408.82883116250025,548690
2013-02-22,407.7996826171875,409.18377125047635,402.24078199278375,404.6359887620475,684190
2013-02-25,404.6405944824219,409.6602279485314,403.6384725741126,409.6602279485314,477940
2013-02-26,395.4685974121094,404.3574364517992,392.7812510182447,404.1776985447496,597970
2013-02-27,391.6892395019531,397.6166406471104,389.69846324727763,393.7609019275968,587380
2013-02-28,383.9732666015625,398.5783074808447,379.731062861339,393.6620249308083,1592310
2013-03-01,391.7835998535156,394.1114154125565,383.7845367025314,386.3819728173155,772430
2013-03-04,389.1590881347656,391.8643993015048,384.22484105824157,389.25796726888126,721440
2013-03-05,398.59637451171875,399.9535289713658,385.7529427342819,390.69618859797293,785270
2013-03-06,401.139892578125,402.64982283093883,397.07742591863797,399.2569642961011,591600
2013-03-07,412.1273498535156,414.5225570843541,397.7110417056391,397.7110417056391,977840
2013-03-08,419.4207763671875,421.3441334120059,412.72941493171254,412.72941493171254,608210
2013-03-11,427.523193359375,429.1634625908727,417.74008260686907,419.27697444741807,1244470
2013-03-12,427.13232421875,428.71417144812216,424.530389593283,427.9052822706805,787720
2013-03-13,430.58355712890625,434.07529414829645,424.23375996091517,424.669651093261,1453120
2013-03-14,440.0791015625,444.44264846051533,429.61291398205526,429.7297587028439,1590670
2013-03-15,450.0420227050781,451.63283895016315,436.8300659972899,439.4994193962782,3093410
2013-03-18,449.610595703125,452.0822181682596,444.4426578214799,447.5883591407421,2528290
2013-03-19,441.238525390625,449.83078148658285,440.39817596341084,449.83078148658285,2170700
2013-03-20,448.7207946777344,451.1249981483421,437.34683922803265,440.30827679758477,1901160
2013-03-21,441.53961181640625,453.8797584907629,439.0500238074014,449.3948959908631,1570570
2013-03-22,445.2245788574219,449.3858966489251,438.42086979935596,440.30829605094914,1153710
2013-03-25,438.5152587890625,449.5027496501799,436.6233342551205,447.138975401733,1665560
2013-03-26,440.6902770996094,442.80236880686834,438.1512358895299,438.6006217724935,1162070
2013-03-28,441.9485778808594,442.64512055443964,435.64368040928827,439.91734479424156,1029400
2013-04-01,445.33697509765625,447.7681408520033,438.69053979870233,442.37550982172627,688780
2013-04-02,439.53082275390625,446.68053957769416,438.2230945671078,445.3368802712031,520130
2013-04-03,439.05908203125,441.65202038462047,435.0819998045576,439.4994714976034,758590
2013-04-04,430.3858642578125,440.11058201657636,429.1635477377122,435.2751851948925,574890
2013-04-05,428.4938659667969,434.1067181050788,425.3257287331373,430.0622455761495,734940
2013-04-08,415.4527587890625,430.327448267059,414.4236749708752,428.7141408467665,906040
2013-04-09,407.2875061035156,419.50631203940543,405.4899621772551,416.8504255284831,935710
2013-04-10,407.7008361816406,412.410391366893,402.33966599303335,412.410391366893,700260
2013-04-11,409.3590393066406,413.24623778796223,405.44937701902074,412.1766972961497,713140
2013-04-12,419.0074462890625,424.1169620479941,408.1323014483012,411.4577408271521,963060
2013-04-15,417.2188415527344,422.8766219931031,415.2325635929711,418.1086442688464,527360
2013-04-16,421.3171691894531,424.12135972862103,416.58065255029817,416.58065255029817,855260
2013-04-17,417.9603271484375,423.05187682983444,417.0300950888969,421.52395387218246,1930760
2013-04-18,417.8839111328125,421.487966983421,412.96313061029394,418.0187214015797,540750
2013-04-22,417.67266845703125,426.0177666069665,414.55842794823485,418.83658982456166,655860
2013-04-23,417.8794250488281,421.9508598541156,414.8146101840822,421.9508598541156,421830
2013-04-25,418.1221008300781,421.3891449531293,417.030096433619,419.00740527597543,1946230
2013-04-26,422.9216003417969,430.01292372328425,421.72174754794224,422.6025538748151,2005270
2013-04-29,423.6585388183594,428.44450941675933,420.35556356819876,423.3214994080027,1219140
2013-04-30,420.73748779296875,423.9056524423517,416.22566388619043,423.8517283364474,494960
2013-05-02,424.8808288574219,426.90753588184555,419.7263591985349,419.7263591985349,1284490
2013-05-03,421.9958801269531,425.9325055239183,420.5264066894625,424.93935267841016,438070
2013-05-06,436.43902587890625,439.85881782341545,422.8945037859024,422.8945037859024,894460
2013-05-07,440.3982238769531,444.8022006300544,437.25702052579396,439.49945199149,1010350
2013-05-08,436.2234191894531,443.9034092536513,435.1089234491421,443.9034092536513,686830
2013-05-09,419.81182861328125,442.65862057761865,412.53626955953666,437.7018807744975,3269420
2013-05-10,416.9177551269531,419.45679635047605,413.79451773815185,419.45679635047605,1607860
2013-05-13,422.37786865234375,430.4173625146592,421.0926039798354,424.2293365864366,745550
2013-05-14,426.82666015625,430.0622436505733,422.73726003330984,423.5910766619267,908190
2013-05-15,433.6080017089844,435.7245919101804,427.18625913919357,427.18625913919357,895580
2013-05-16,436.9378967285156,441.2070626968739,431.4104557498878,431.4104557498878,853000
2013-05-17,432.5609436035156,440.3083530765991,430.15224146832037,437.4322994225627,675110
2013-05-20,429.03765869140625,435.80987908851324,428.32762139211053,435.80987908851324,445210
2013-05-21,430.0578308105469,433.65741644856627,424.57981530252414,427.0963929327012,523650
2013-05-22,434.6145324707031,436.039077912869,427.85577926718145,430.9834871798653,403560
2013-05-23,431.4103088378906,434.12458882346397,427.36583719253537,427.36583719253537,597040
2013-05-24,431.8553466796875,433.65738850647136,428.0220992595631,432.31372906947763,505090
2013-05-27,433.7518310546875,435.0280718174758,428.80408726105213,432.0396716492387,785040
2013-05-28,433.3608093261719,438.1512509345878,431.6216606653139,434.1067778490377,663290
2013-05-29,432.7855224609375,436.8030606180176,429.6038902863196,436.26379209455024,339930
2013-05-30,441.6204833984375,444.8021431416998,430.6015601580694,430.6015601580694,693880
2013-05-31,437.0816345214844,443.0854225003038,435.9222114247112,441.2968757118582,582840
2013-06-03,421.91046142578125,436.7941210132965,418.3782946509497,435.28419089359846,928510
2013-06-04,420.6522216796875,427.4738972782637,418.84121051906527,422.4228034636796,702350
2013-06-05,420.19830322265625,423.42938911698025,417.2099032817026,421.8835004395497,428150
2013-06-06,418.5043640136719,422.0734186325278,417.1410922427463,420.48365825531226,478640
2013-06-07,414.5866394042969,421.95115490998876,413.0648282506042,415.9635398573963,514400
2013-06-10,411.0040283203125,417.9427958991861,409.89436401596726,415.3430283339076,1006600
2013-06-11,406.6966552734375,411.7059699294086,404.5815179317657,410.3472043520838,1084780
2013-06-12,407.27642822265625,409.4414082300605,402.2037249262841,406.2709548477481,726820
2013-06-13,402.5750427246094,409.6541853398605,400.98074907179347,404.50900009833236,585410
2013-06-14,413.01947021484375,416.2216035546605,404.3686457876845,404.45923569181093,586880
2013-06-17,414.4552001953125,419.84044762119316,409.894273852932,411.34362930035917,609850
2013-06-18,414.4461975097656,417.32226828925127,410.62806904015116,412.34916680791133,637000
2013-06-19,417.6437683105469,418.499797257717,412.45330150435086,412.45330150435086,538200
2013-06-20,414.30126953125,416.2352550247762,408.9885041211893,413.60831335105814,957840
2013-06-21,412.85638427734375,417.2089843822173,408.73480638939117,411.25305083720957,882670
2013-06-24,397.9552917480469,413.01947806912875,395.8627948504744,409.45045140310515,869780
2013-06-25,395.0837707519531,401.0351711963983,389.03274075797026,396.13455288499387,1410210
2013-06-26,406.9956970214844,410.2567409413366,395.4914948396655,395.85382690983465,934730
2013-06-27,411.08099365234375,425.7375404499691,408.3317542616947,412.97420397369393,1677620
2013-06-28,419.9944152832031,421.39848956894923,411.70595116805674,413.2458964765124,1249300
2013-07-01,426.87896728515625,429.39267875200795,416.688222708057,417.2407742559277,1020000
2013-07-02,423.7175598144531,428.9170950562255,422.5761876319518,424.1251729909446,530990
2013-07-03,414.08837890625,424.16138581175875,411.887212613685,422.12323713460665,630880
2013-07-04,413.5357971191406,418.4998030649669,410.10714764123287,416.9915655148559,303550
2013-07-05,422.9203796386719,424.79097716037415,413.97066506792754,416.68819678609776,353290
2013-07-08,423.2962951660156,425.6560005977369,419.40568384039443,422.6939012922734,653300
2013-07-09,431.41259765625,432.44977874539694,423.9620276622836,423.9620276622836,533050
2013-07-10,433.2469482421875,439.22555055490415,432.09203055864066,433.3556727203672,712580
2013-07-11,441.5536193847656,442.74480632283496,435.7109151817325,435.7109151817325,468740
2013-07-12,437.22357177734375,443.813578878656,434.05311896559095,443.813578878656,646070
2013-07-15,435.950927734375,438.2472174302869,433.54137991980855,435.2670112453559,333500
2013-07-16,438.0524597167969,440.13138337006643,430.7468273677661,430.7468273677661,336360
2013-07-17,453.9682312011719,455.8523744850533,436.249925456237,437.52263512137216,1478710
2013-07-18,472.2254638671875,473.6657799418867,453.47448477163874,454.37128899756704,1825930
2013-07-19,467.904541015625,475.36420679896935,466.51409509620925,472.95009766439665,846650
2013-07-22,457.4783020019531,473.29888955591355,449.95530292250777,470.12390236096223,1718900
2013-07-23,447.5820007324219,457.99013807802726,443.95409156628324,455.0959602438985,2053240
2013-07-24,451.65826416015625,454.27613840376296,443.41054629404584,444.7693120130266,1079600
2013-07-25,460.20489501953125,463.61087678140103,450.8294331779737,453.6284873898317,1638100
2013-07-26,459.76556396484375,468.6518898312148,456.4547058326143,463.33912455125983,1259820
2013-07-29,463.6289978027344,465.37726976794545,457.8995244943993,459.7157458048318,420570
2013-07-30,462.6597595214844,473.2128627888942,455.3224185993598,472.3975811854216,898758
2013-07-31,459.8063049316406,465.19605879716846,448.52853889453496,463.79201200598544,800891
2013-08-01,451.2913818359375,466.50954626818793,440.51181874858867,466.50954626818793,841361
2013-08-02,450.6119384765625,456.6810743952595,445.6750794855747,452.01598508801175,986501
2013-08-05,428.2829895019531,453.32959572361426,424.8407937023284,451.2008570067211,1753463
2013-08-06,396.1708068847656,425.74660257754385,393.27209555423326,425.74660257754385,1513183
2013-08-07,383.3531799316406,398.07314447370607,373.2077163895976,394.3138698753242,2441631
2013-08-08,390.2374572753906,394.0420118961887,383.35306722885105,383.35306722885105,1000667
2013-08-12,395.76312255859375,398.3900638630275,379.09560335222574,390.8262907860207,1050655
2013-08-13,398.5259704589844,400.20175928783937,390.41865780649965,397.5748179311979,576780
2013-08-14,393.81561279296875,402.14938724958705,389.5128545163348,400.47357060248703,808688
2013-08-16,379.2768249511719,395.8537560818317,375.10993777937324,393.5438653591555,1875723
2013-08-19,386.9764709472656,390.2827951904309,360.66169275076857,379.2767988754922,1450144
2013-08-20,378.4614562988281,384.03241672014053,372.3017306929565,381.26957707132834,1339308
2013-08-21,376.0610656738281,387.38411370474046,372.30181925639727,383.17194536607315,1405177
2013-08-22,380.72613525390625,384.5306902433056,373.207642827425,374.1134866206955,715086
2013-08-23,380.49969482421875,385.61773464751656,375.9251944791843,379.54856984765837,986872
2013-08-26,387.56524658203125,393.54382074695263,381.3602114839246,381.81313335029506,813600
2013-08-27,371.3959655761719,389.9657638549805,366.86674648377954,382.9001931285122,1618168
2013-08-28,355.09075927734375,364.919169750459,338.2420595583116,362.8810212597089,2461413
2013-08-29,365.2362365722656,370.94304153826755,353.00734509298206,353.00734509298206,1479215
2013-08-30,381.31500244140625,384.93837805735814,356.67603719526824,369.76549266555946,1514956
2013-09-02,382.6283874511719,387.61052798476567,378.9144226154797,380.4543680198896,533907
2013-09-03,360.66168212890625,384.9383111208442,357.8082798563516,382.26606101108956,1313672
2013-09-04,365.3268127441406,370.9430556579198,361.43169525643464,365.0550706474766,668024
2013-09-05,367.4101867675781,374.20401408338336,364.91911675178284,371.3958932640197,1025465
2013-09-06,385.0740661621094,386.61398348076364,368.22537202406056,368.49711400848514,1558392
2013-09-10,403.8251953125,407.9014928196013,387.7464662567117,389.33169306502884,1598104
2013-09-11,402.7381896972656,406.45215508909956,394.0420830257952,406.45215508909956,875515
2013-09-12,397.2124938964844,409.3055137776947,394.4949625813431,404.5045252011169,1740100
2013-09-13,400.6999816894531,403.9157158909069,394.94786844361045,395.85371217857283,596005
2013-09-16,399.7941589355469,415.5105540907669,395.40081106158647,407.62970212534685,1263167
2013-09-17,400.1112060546875,402.10404577109836,396.2613700149833,399.5223854862298,463021
2013-09-18,403.5533752441406,406.2709063905658,397.2124692358152,400.3829222399779,618855
2013-09-19,433.9897766113281,440.6477341699165,407.62971610754187,409.4414037346865,1571260
2013-09-20,442.1876525878906,445.0410550751761,425.20308106338274,435.0314919810632,1366454
2013-09-23,440.3306884765625,448.3474118496393,434.57857466400685,439.3342547411013,1698587
2013-09-24,439.6059875488281,457.26994174793504,437.6131477641423,440.24008927004945,1854893
2013-09-25,432.8574523925781,443.6822688918252,427.15062003703105,443.41052681762875,1269349
2013-09-26,434.6238098144531,438.7001065921199,431.5892554397377,431.90627862934195,1423622
2013-09-27,425.5653076171875,440.5117268554485,424.02539010034303,438.42829765565494,1022869
2013-09-30,416.00872802734375,425.9277278098826,413.4270678988871,425.74654800838664,1184167
2013-10-01,411.5701904296875,420.3115787256448,408.5356077699694,418.4998908863101,1194903
2013-10-03,426.4712219238281,432.2686439777297,413.97058936393665,413.97058936393665,1872476
2013-10-04,423.11962890625,431.2722228056222,422.1231952341618,423.88960163668895,1105813
2013-10-07,419.858642578125,425.56544802152223,413.2459932456703,425.56544802152223,1246791
2013-10-08,416.41632080078125,426.9693933848663,414.42345379046634,421.21728090178544,1062402
2013-10-09,425.6559753417969,427.73943256673033,410.8907331792189,412.1589089085676,1219033
2013-10-10,434.4879455566406,437.9754494940597,423.0290277429698,423.0290277429698,1241962
2013-10-11,439.37957763671875,441.961238309926,431.36288114583215,439.37957763671875,732464
2013-10-14,426.2900390625,436.1637295929911,424.4330429419142,436.1637295929911,922169
2013-10-15,435.5296936035156,437.88489304274486,426.2901033107599,429.2793768316775,984845
2013-10-17,440.6024169921875,443.8181790555529,436.34496773606605,438.7907293995846,963435
2013-10-18,441.05535888671875,448.03036749213334,431.4534086817626,438.5190071997462,2524634
2013-10-21,467.23419189453125,479.9160043050212,442.27820781583716,443.8634343671484,4416370
2013-10-22,473.9374694824219,481.18421961124085,462.252062784375,480.0971960342548,3048277
2013-10-23,472.9863586425781,476.83619476292824,466.7360143553886,476.4738351303919,978398
2013-10-24,473.39483642578125,484.28791032244357,470.62619122472074,472.26014122821226,1415249
2013-10-25,466.3143310546875,474.16638826868774,464.8618880161469,469.3099151769372,702992
2013-10-28,455.28509521484375,471.1254514356435,453.87808423472404,470.126941812343,1054082
2013-10-29,471.12548828125,472.94100076017577,449.7932166538716,455.69363221038054,1519476
2013-10-30,479.5220947265625,480.56603626185444,469.4005934236121,472.94086389501007,1579868
2013-10-31,489.6890563964844,491.95844672605836,478.02435685945164,480.6568718037724,1791990
2013-11-01,492.7301330566406,494.68183136069456,483.516439396581,489.2806700261491,1033935
2013-11-05,497.6319580078125,500.49135678379434,485.92188091081647,485.9672576396337,1376974
2013-11-06,501.399169921875,504.485563502533,491.3684738923078,499.26596477983475,1527805
2013-11-07,500.5367431640625,506.9364126834623,497.04184888393905,501.08137467016775,880347
2013-11-08,505.2571105957031,509.932077482303,496.2249801605955,499.26594146019875,896874
2013-11-11,496.0887451171875,505.21168351180216,494.9086731814482,500.30983345449135,942969
2013-11-12,481.5193176269531,500.1283208962374,479.3860571798862,497.4504288569656,886182
2013-11-13,474.6202392578125,482.7446671690907,470.3992067733732,474.84717827541783,922754
2013-11-14,465.8150329589844,481.3376390433485,463.9541164599853,476.7988588543494,1141064
2013-11-18,477.75201416015625,479.20445713220175,467.5397582529492,470.39921206898083,1208180
2013-11-19,482.2909851074219,485.01425442525607,479.29539993881554,479.29539993881554,840508
2013-11-20,475.9364929199219,487.4650060051471,473.30403357930135,482.83547224420647,869675
2013-11-21,462.2748718261719,472.8502543353177,459.50622633561517,472.8502543353177,617352
2013-11-22,461.23089599609375,467.4036543123462,458.5530043269265,464.7711393687504,654192
2013-11-25,468.6745300292969,471.5793610435865,463.0918347605268,463.0918347605268,559626
2013-11-26,459.9601135253906,468.2660501607253,458.4169167839208,466.1328450862244,889816
2013-11-27,458.18988037109375,460.18695482370316,453.5149421098911,460.14155039829285,522030
2013-11-28,458.28076171875,465.86053216781823,453.3788833662913,462.8649198339379,1494607
2013-11-29,457.1913146972656,461.8662526675826,455.87508508757304,458.4621675868884,1045856
2013-12-02,458.5075988769531,462.00246530509327,456.601305579557,459.32457380368953,957110
2013-12-03,457.9176330566406,466.9951951931384,455.8751815759286,457.5091316794897,2162803
2013-12-04,456.0113830566406,460.68632246330037,454.78590651056845,459.3700647466814,740212
2013-12-05,458.28076171875,461.9571635574632,456.6921882349193,461.04940728098853,966233
2013-12-06,458.18988037109375,463.81797913570784,455.19429639469666,458.37144266770076,877218
2013-12-09,458.09906005859375,468.6290352036732,456.6012681984457,468.40209620357456,945168
2013-12-10,458.14459228515625,461.14017684110723,450.9279189878347,458.4169080802346,1079003
2013-12-11,455.4666442871094,459.46076577174415,453.01569162249405,457.599876761494,457572
2013-12-12,451.88104248046875,458.87077656755093,449.7478374912819,452.06260480838847,460920
2013-12-13,448.5223083496094,453.1972468679336,444.8458794099908,448.5223083496094,560652
2013-12-16,441.0332946777344,450.337794448562,439.39931712085934,446.7975512957749,465539
2013-12-17,445.3905944824219,448.79468038904776,437.53850853164266,441.8049739489559,706788
2013-12-18,451.2909240722656,452.7887160453116,441.62332747985937,444.8004737207217,879699
2013-12-19,441.1241149902344,453.6057621324339,440.3525167173036,452.51644366447056,879048
2013-12-20,444.43743896484375,446.70682945414285,437.6292674969464,440.3979128128831,848785
2013-12-23,441.8049011230469,446.61599733035473,439.8078266393432,444.7551084224852,619218
2013-12-24,442.4403991699219,446.34376774107614,441.1695459361248,443.7112524037189,510114
2013-12-26,444.66424560546875,445.8443172275044,441.12400303684933,442.07713567753103,1213677
2013-12-27,440.3523864746094,445.93507964106396,437.99221562710096,445.39042056817567,516613
2013-12-30,442.848876953125,445.48136444756307,438.8547551302686,441.2148991375101,493062
2013-12-31,444.8005065917969,447.16067808564486,441.6233601161412,441.6233601161412,608388
2014-01-01,453.6511535644531,457.41833619261837,446.61604312898635,448.79465243301394,1866326
2014-01-02,440.7610168457031,458.50766737920674,438.4462495903649,455.14895831996984,952911
2014-01-03,444.3465881347656,446.1621002415471,435.72290562755364,438.44617378772585,994043
2014-01-06,445.3905944824219,447.06994907019504,438.0831678172072,446.0260349326675,833555
2014-01-07,444.755126953125,447.97765013346265,439.3539668988772,445.7082598085717,708829
2014-01-08,445.2543029785156,447.5236929019535,442.53103507039015,445.29967969597885,703600
2014-01-09,444.8912658691406,446.5252157524094,440.76095903237757,443.3026927094281,639802
2014-01-10,446.6161193847656,452.06265742604324,442.98509402391386,442.98509402391386,610335
2014-01-13,448.4769287109375,453.33342980429427,442.98501491442045,443.6204553201008,1093710
2014-01-14,442.4403991699219,450.70098674338675,441.2149226684836,446.61608354027453,448596
2014-01-15,447.9776306152344,449.06694900472826,441.16945993719133,441.16945993719133,597708
2014-01-16,449.8839416503906,451.01863680805275,445.43594217285874,449.3392824342091,738459
2014-01-17,446.2076110839844,453.8781631217518,443.07586837995905,451.5633955708407,827389
2014-01-20,444.8005065917969,447.06989693155094,439.1270307424117,446.16214079564935,1396371
2014-01-21,435.0421447753906,438.35544925769346,428.7332283084902,433.9074495621006,1628124
2014-01-22,429.0056457519531,434.67912279664534,423.7860468708363,434.67912279664534,2795089
2014-01-23,429.36859130859375,430.7302253190861,424.96596913416545,430.18556617438617,941667
2014-01-24,433.9981689453125,435.3143985838677,422.10655926215503,425.964522438207,1170322
2014-01-27,432.4550476074219,434.7244381046297,427.0992915745155,430.2764382706065,941676
2014-01-28,432.8180847167969,436.358355565076,427.55311057207535,431.41107388403145,902422
2014-01-29,438.3554382324219,440.0347926463569,430.0494750205499,433.9982198039865,1046075
2014-01-30,433.45355224609375,435.7229425719895,421.1534677607461,433.9074303112729,2915597
2014-01-31,428.1885681152344,434.72439548491803,423.9674800422402,430.41255396294946,1681719
2014-02-03,426.5546569824219,434.81524441047395,424.4214242511771,425.05686470815124,651775
2014-02-04,432.09185791015625,433.3627107752714,421.2441625811958,422.15191858520876,969792
2014-02-05,439.7624206542969,440.3524565344205,426.73611605841813,429.55016529729505,1254256
2014-02-06,439.39935302734375,442.9850008984103,433.90743940459043,440.76098725141674,978103
2014-02-07,445.2543029785156,445.98049667301024,439.39926589504034,442.07715708570254,596025
2014-02-10,442.0772705078125,449.33932012601065,440.26175810326293,447.3422453999978,2209585
2014-02-11,439.67169189453125,444.11969143947135,436.3583875244493,443.9835335589922,1058522
2014-02-12,433.3174133300781,438.44623015054844,430.3672057773053,434.8152054702127,856522
2014-02-13,425.5560302734375,435.4959702214048,423.60436028298506,433.31736121572493,318431
2014-02-14,429.1871337890625,431.5927099568025,425.96461025863135,426.3277072095568,323567
2014-02-17,429.5955810546875,432.27347267264423,427.19003289250776,431.0479963779434,274976
2014-02-18,429.4594421386719,432.9996855999284,420.88113539955236,429.822539059887,403429
2014-02-19,425.2837219238281,429.45940541705215,424.37596584714976,428.46086819220255,292623
2014-02-20,419.020263671875,424.3760196629461,417.74941054386977,423.60442135941844,694901
2014-02-21,421.1988525390625,425.6014753959768,418.7478998592284,419.6102792805639,562640
2014-02-24,427.37152099609375,428.2792770115506,421.2441678917598,421.65266917972144,303887
2014-02-25,428.50628662109375,431.0480205046877,426.7361787207983,428.0070318113355,806751
2014-02-26,433.1358947753906,435.63222449532924,427.09932117495265,427.09932117495265,604265
2014-02-28,429.36859130859375,437.9922733750454,427.14457801045023,433.6804323418196,673369
2014-03-03,429.32330322265625,432.40966874311334,425.2837770765664,428.0070456597675,431296
2014-03-04,431.72882080078125,433.4535519066075,428.05239185419833,428.05239185419833,1001089
2014-03-05,430.8210754394531,434.7244158134928,428.4609039028741,433.3627815849879,436618
2014-03-06,430.7757263183594,433.18130259292286,428.9602137805894,432.54586212369423,437306
2014-03-07,436.6307678222656,439.6263524456503,429.82259576682486,432.0012052840613,930496
2014-03-10,440.1256408691406,444.80058020218956,436.2676766531012,437.5385299131742,993946
2014-03-11,436.35833740234375,444.34657943477157,434.4066397637535,442.62184850760144,535386
2014-03-12,448.70379638671875,450.20161600436904,434.4520432788264,436.6306522192509,907392
2014-03-13,448.2046203613281,457.69068366061657,446.34373124640575,452.0625841821598,772560
2014-03-14,449.7931823730469,453.74192725426275,445.6629028792872,445.70827960679316,711413
2014-03-18,455.33050537109375,458.0537739107504,448.6131151804447,450.7009433131734,621330
2014-03-19,465.7242736816406,466.9951544318394,456.6013356117571,456.6013356117571,939626
2014-03-20,468.0390930175781,471.76092682739323,465.67894896650995,466.1328270844111,1196743
2014-03-21,463.0464782714844,470.2177472547491,458.3715390275064,468.538420319429,955311
2014-03-24,475.5734558105469,476.57196538553035,459.3699757444167,460.6862332060127,985612
2014-03-25,476.84423828125,484.37860235673844,473.8486544205175,476.11804452789545,655035
2014-03-26,480.29376220703125,484.06097243393356,475.1649731448475,477.9789950794942,577241
2014-03-27,489.325927734375,493.8193316307727,478.79597885426296,478.79597885426296,1514253
2014-03-28,490.0521545410156,492.9116086871285,484.6510495617545,492.003852501701,559627
2014-03-31,497.40496826171875,499.26585719388885,485.64951563405555,490.188296154,545531
2014-04-01,487.1474914550781,497.22356527582565,482.92640205703196,497.22356527582565,590285
2014-04-02,474.574951171875,492.73007597114366,472.9410010209496,486.5573446204011,1296369
2014-04-03,488.9173278808594,492.00372024366015,475.2556120436596,475.2556120436596,960789
2014-04-04,481.7460632324219,492.91144962920595,478.8412332954072,492.91144962920595,757681
2014-04-07,489.7798156738281,494.5909121487479,477.93360909354277,482.01851173536795,1064991
2014-04-09,497.1781005859375,498.8120507265992,489.1444246696986,492.3215714896133,620888
2014-04-10,491.5499572753906,499.2658845825759,489.6436915144545,494.0916634249851,740700
2014-04-11,493.5469665527344,496.4063648155753,486.0126025548086,490.1882581473849,513869
2014-04-15,485.1957092285156,494.7271497278597,481.88237679767843,493.8193934898269,403358
2014-04-16,485.5587158203125,488.82661532061087,483.38007921676,488.0550448679108,750909
2014-04-17,493.5923767089844,496.08870597050105,484.01556098671824,488.2820257146811,697395
2014-04-21,489.4621887207031,496.54267650020887,483.97027440349234,496.54267650020887,1250718
2014-04-22,486.92041015625,492.00382232079687,485.1956513477231,490.3698723682666,405176
2014-04-23,480.7476501464844,490.2337132962685,479.7945172397206,483.1532261824006,866527
2014-04-24,480.7476501464844,480.7476501464844,480.7476501464844,480.7476501464844,0
2014-04-25,467.44903564453125,485.19565711079406,465.72427681551795,485.19565711079406,512656
2014-04-28,454.3772888183594,470.80770689442016,452.56177668211177,467.4943750837549,1434257
2014-04-29,451.6994323730469,458.3714451225921,449.0669452732481,455.6935535971399,871746
2014-04-30,458.5530090332031,464.7257674128086,452.24412047548606,452.24412047548606,642019
2014-05-02,464.27197265625,470.6716435169854,458.41693341577167,458.41693341577167,521441
2014-05-05,470.7622985839844,471.80624027715567,460.64085115535573,463.1825571936867,507852
2014-05-06,467.2674255371094,476.0726702804956,465.90579146560736,472.9409008350345,346381
2014-05-07,459.00689697265625,467.4944226130278,457.50910484847765,462.95564181095955,492771
2014-05-08,457.8722229003906,464.68039441765217,456.60136975767267,457.7814417396563,473377
2014-05-09,473.0771179199219,474.30256650389845,456.6013223951405,457.9175798329528,503574
2014-05-12,488.5543212890625,490.1882711117618,470.3083912879939,472.26008897387794,896112
2014-05-13,490.50604248046875,500.17366821136204,485.6041922237817,489.55290954764416,1114150
2014-05-14,505.52960205078125,508.34362495547583,492.0040084390498,494.6365243731639,1212854
2014-05-15,480.24835205078125,511.88368527517054,475.21031679329207,511.88368527517054,1907311
2014-05-16,487.0112609863281,499.2659711882208,478.3875760294407,490.18840807570774,2066679
2014-05-19,478.7960510253906,492.00389354413653,474.3026464516814,492.00389354413653,885764
2014-05-20,480.11212158203125,486.2848506712972,468.1297325234423,485.6494104551175,1025384
2014-05-21,495.90716552734375,498.8119962406901,479.2952393359133,479.2952393359133,1843991
2014-05-22,488.1912536621094,499.1297043515637,487.2381207714172,498.8120118563461,1296696
2014-05-23,490.6875915527344,492.2307881382792,483.83404348124077,488.82670246650684,495348
2014-05-26,475.3011474609375,489.0536767272099,472.07862387395267,482.9263220767994,687589
2014-05-27,475.437255859375,480.65685341773565,467.4943900096957,477.4797070778639,601376
2014-05-28,463.13714599609375,476.11804637977906,459.77843754310413,474.39328772945055,959457
2014-05-29,459.6422119140625,467.40354158878176,457.5089799788176,462.95551545475587,1727396
2014-05-30,460.7770080566406,465.81507110046147,455.46662926018865,460.2323488488603,1629445
2014-06-02,462.8194274902344,467.494365605789,456.9190131670545,457.8267692167745,887646
2014-06-03,462.13861083984375,465.3157293140074,459.4607194099214,463.86334179525244,586753
2014-06-04,462.0478820800781,463.7726132310323,457.872198233939,460.8678101616672,676269
2014-06-05,463.0464782714844,468.402234717086,460.32320946498965,462.5926001370686,1230823
2014-06-06,458.7345275878906,465.5426702927265,457.05517334690717,464.77109980857296,1632891
2014-06-09,479.385986328125,481.1107451236017,460.32313545027426,461.0493292675667,4290170
2014-06-10,486.7841491699219,490.00667185032074,474.7563823139751,481.1106742378715,2579465
2014-06-11,493.50177001953125,497.26892569144314,487.14747546420597,488.4183011322401,1993349
2014-06-12,498.6304016113281,501.48985541357627,489.5982175714851,491.09603725933584,860725
2014-06-13,492.1853942871094,503.80466189484775,490.1883196814735,498.6304407727579,573503
2014-06-16,493.87786865234375,497.2170672439333,487.8856594142509,490.26428422283794,472781
2014-06-17,512.8607788085938,516.8861088943012,494.0150421290666,494.0150421290666,1580095
2014-06-18,510.3907165527344,520.5454472304657,505.22183344995545,512.3118637066094,2003001
2014-06-19,519.6305541992188,521.460239249216,504.2612109467531,511.94585465420766,1112449
2014-06-20,520.0423583984375,524.891013675332,509.5673980255511,521.4603534552318,1086913
2014-06-23,525.2112426757812,527.8643091991604,518.9903226430288,520.0424142251627,610166
2014-06-24,530.5173950195312,532.4385426838753,522.9241546376552,525.211261779768,816172
2014-06-25,536.5551147460938,538.8422209470575,524.2047412608895,530.7001005366051,796312
2014-06-26,535.0,539.7571932093587,528.5961010975161,539.66573127435,838466
2014-06-27,534.9085693359375,543.4165957791064,532.0725232965009,536.2808334666928,738734
2014-06-30,543.4164428710938,546.9843509421379,534.908418821936,535.1828604033499,785106
2014-07-01,534.1309814453125,547.807893369043,530.9290314354963,542.7762576393317,696050
2014-07-02,534.3137817382812,545.2461614105857,532.4383656727531,536.6008881200371,816714
2014-07-03,532.1639404296875,537.698726876128,527.2237681582432,535.2743717019348,511556
2014-07-04,538.5221557617188,542.364450275209,534.2681150449139,535.0914957764132,374126
2014-07-07,543.0507202148438,545.7037869457558,534.3139817338566,538.5222925540075,713824
2014-07-08,539.8486328125,552.5649681564238,534.9085159374815,540.1231302813051,809330
2014-07-09,544.0113525390625,551.1013850104007,536.5553605728816,539.8487726761489,653792
2014-07-10,537.0126342773438,546.8929237064159,530.6087357425203,544.3313754599992,525220
2014-07-11,520.4082641601562,539.2997888527923,517.023390732238,531.7523363370407,811989
2014-07-14,539.2998046875,546.9845061732916,519.7221473731461,522.5124624491344,672433
2014-07-15,532.8958740234375,544.9718088598082,527.8642391614136,543.8739864496714,574018
2014-07-16,530.4714965820312,538.4763698949988,527.8642173236907,531.0661666488777,675645
2014-07-17,530.28857421875,535.1829601517786,528.1386604489345,530.6087468171481,356143
2014-07-18,531.0203857421875,539.7113902360447,529.09918282522,531.4320760699347,925055
2014-07-21,543.0964965820312,544.3315121316685,532.4385547237497,537.881881012582,593459
2014-07-22,552.198974609375,558.8773703027742,542.2272237071836,546.9844164255754,1929744
2014-07-23,551.9702758789062,558.0540016748124,544.880245529759,554.3946311720268,1050820
2014-07-24,567.2939453125,571.8224279198705,548.5854564582971,551.42144654015,934022
2014-07-25,583.1207275390625,585.4535651294259,565.1440471286379,567.3854227890122,1129698
2014-07-28,581.8399658203125,589.9820883059699,574.063802755104,585.4993366745283,878389
2014-07-30,589.0671997070312,593.7328748476965,571.7766514326815,578.1805499287275,641494
2014-07-31,575.115966796875,590.0278937423451,571.8682300838029,589.1587818872634,1019233
2014-08-01,571.3191528320312,577.1741672857487,567.2938234154061,567.2938234154061,508437
2014-08-04,576.213623046875,579.7358007658465,567.8885772339681,571.8681204421849,613756
2014-08-05,579.46142578125,581.8399946191932,570.8618815131707,576.2594761253267,509925
2014-08-06,586.0938720703125,596.1571396065464,574.2009195274908,574.7498026944451,1057573
2014-08-07,578.1348876953125,587.557756863642,576.5796438510088,585.4993606737733,467998
2014-08-08,565.3268432617188,574.5209977428005,561.9419153877632,574.5209977428005,732145
2014-08-11,561.5304565429688,569.9012898580402,557.2764713507337,564.4579644466727,500617
2014-08-12,561.8963623046875,565.372753179378,554.4403724317787,565.372753179378,757120
2014-08-13,563.3143920898438,574.5212151561865,558.5571988860052,561.7134173660804,1091498
2014-08-14,565.1898193359375,571.7766980651618,562.8112506070137,567.2024844806405,644135
2014-08-18,566.6077270507812,573.0574118809483,564.961021581667,569.7639451051601,674655
2014-08-19,562.9027099609375,572.3713655399929,560.7985828892256,567.6599032345262,640905
2014-08-20,560.3411254882812,566.6535621349301,553.5712675147032,561.7133894690688,1083389
2014-08-21,561.6219482421875,571.3649893624059,559.1061308513345,561.7134101759193,827640
2014-08-22,558.2369995117188,566.2876037120017,557.1849081229469,560.7985477794136,662770
2014-08-25,553.1138916015625,564.6866744580884,550.7353228412624,563.4516591090035,873238
2014-08-26,556.224365234375,559.8837360582853,551.9703243165521,552.5649944104646,780261
2014-08-27,564.8697509765625,566.7908987016153,554.8522102100362,554.8522102100362,1286406
2014-08-28,571.044921875,578.0892230336202,567.2483016876207,567.3398194757655,2298792
2014-09-01,576.16796875,580.8337004068449,573.6978820890317,573.6978820890317,744728
2014-09-02,571.0904541015625,581.6568742434191,569.0777893513142,576.1220880584044,750353
2014-09-03,573.0118408203125,578.1349946767683,569.6726976636177,576.351039814588,1140665
2014-09-04,578.5007934570312,582.526123911748,569.1236552236658,572.0054322352893,1322883
2014-09-05,591.948974609375,594.5105230743089,580.833668992545,580.833668992545,1563632
2014-09-08,618.43359375,622.8705579973537,594.6476862980769,594.6476862980769,2284209
2014-09-09,608.5077514648438,622.9622575043509,606.5865479537692,617.3359515729157,939947
2014-09-10,598.2157592773438,607.8216091594271,596.56899748464,606.5408068401189,788175
2014-09-11,600.6856689453125,607.4555269725018,599.2219430225733,599.2219430225733,710191
2014-09-12,614.5912475585938,618.1591560338858,599.3591517699876,599.3591517699876,1101264
2014-09-15,605.122802734375,612.8989668107502,602.0580457429056,610.2001692873167,1104474
2014-09-16,591.7202758789062,607.409851279559,588.2438846178853,605.62589676056,896478
2014-09-17,590.9425659179688,598.1697886775723,586.5513327743075,592.0861191240034,1158609
2014-09-18,603.3844604492188,607.36405949119,586.6428510715324,586.6428510715324,811042
2014-09-19,612.4872436523438,616.6040361787598,605.6259227749837,605.9918822234717,1293093
2014-09-22,598.7734985351562,611.9827716066229,592.3064807558746,610.7443707628652,1317978
2014-09-23,582.3077392578125,602.5803016551215,576.3452307859153,598.5441196789059,1416455
2014-09-24,585.10546875,588.5912874157615,573.3180715932793,577.9046161660256,1688958
2014-09-25,569.3277587890625,589.8295891424003,566.9885764366737,588.4536258706839,1269854
2014-09-26,575.5195922851562,578.7760274903266,561.3930136637416,566.8968667388764,1411716
2014-09-29,573.7767944335938,581.6197753901021,571.8045576370234,576.987376017155,1331626
2014-09-30,577.4917602539062,585.8851584076695,570.9330357403678,573.3180162929114,2073763
2014-10-01,579.4640502929688,586.6190486013559,574.6481785100804,577.9046139466054,580366
2014-10-07,577.0790405273438,584.8303123857414,573.5015691998416,573.776750688404,1431462
2014-10-08,582.7664184570312,587.8116181470998,571.8504745386521,573.3181465987046,1066246
2014-10-09,600.974853515625,603.4515423648212,586.8941305269145,587.0317492354624,1160688
2014-10-10,608.4052124023438,617.5324484222831,590.1507403624651,594.9666127561512,1533600
2014-10-13,601.4337158203125,610.0105332535232,595.3335880925363,607.1668975238231,1041522
2014-10-14,592.67333984375,609.0014853119175,591.1598135423299,609.0014853119175,784209
2014-10-15,592.67333984375,592.67333984375,592.67333984375,592.67333984375,0
2014-10-16,574.1436767578125,593.9116728321438,570.2451138387504,592.6732721944093,1335184
2014-10-17,587.1695556640625,590.7470836903492,577.9047557840372,579.7393740563675,1194425
2014-10-20,594.04931640625,602.6720438427722,591.89366254117,592.5816443263786,1135010
2014-10-21,590.9764404296875,599.1863688051839,585.7019126338463,598.0855865892995,1320367
2014-10-22,590.7470092773438,603.8645170745468,581.1611188142763,596.0673903993024,3318551
2014-10-27,595.104248046875,604.3231928305589,593.6824302125528,603.1307022594533,1828483
2014-10-28,593.2236328125,599.5530301600256,590.8385962566061,595.1958132083158,974665
2014-10-29,592.9485473632812,599.8742189681196,588.9123654540273,599.8742189681196,1472338
2014-10-30,591.3890380859375,593.9574917173676,588.0866925700217,591.3431838401797,1961313
2014-10-31,602.6718139648438,603.5891226618983,593.5904354687717,593.5904354687717,1568966
2014-11-03,599.5531005859375,608.1758270142583,596.8470840043285,606.2495006361477,1127612
2014-11-05,602.9472045898438,609.8270222049449,600.8374050521659,606.2495506379518,2038028
2014-11-07,592.67333984375,605.4698119657376,584.3258500947787,605.4239577120156,1491347
2014-11-10,595.2418823242188,599.9201362206062,589.829736375917,592.7192823630464,1507972
2014-11-11,595.6087646484375,601.6630380697047,591.20569233449,594.6456013279025,1412600
2014-11-12,590.7470092773438,600.5622269955654,588.9123912361098,595.3335543804287,864869
2014-11-13,591.4808959960938,597.1682236090387,587.0778235173345,592.5816781128095,1113887
2014-11-14,616.6151123046875,618.6332032738565,589.3251699394164,593.4072061294881,5337199
2014-11-17,634.73193359375,637.4838604196599,619.1835358297399,619.5504818017656,2528265
2014-11-18,642.94189453125,645.4185840177975,626.6137496922329,637.5297490862142,1356980
2014-11-19,626.6135864257812,642.6664895942306,619.2751164059187,641.8409453098459,1515771
2014-11-20,633.4475708007812,636.1536429163554,623.7699743087551,628.1730452827293,647552
2014-11-21,634.9155883789062,639.1810425875627,628.3568051705677,634.5944965644198,1211218
2014-11-24,633.9523315429688,637.3463865975883,624.4123499702168,636.4290774470483,1103930
2014-11-25,634.5484008789062,637.2544732006191,625.9256752407913,631.9799472807729,1054109
2014-11-26,646.4734497070312,650.8306669984231,634.8694696831403,636.5206704998258,1470743
2014-11-27,647.3450317382812,658.6279222731958,644.6848129995967,650.739086546502,1821915
2014-11-28,683.1199340820312,687.2478240417196,656.4262120831926,656.8848665231579,3400152
2014-12-01,731.1410522460938,735.8652155066907,690.8253146343844,691.6050607972506,3291847
2014-12-02,706.3737182617188,730.9117317193349,703.7594102511912,730.9117317193349,2476843
2014-12-03,724.1237182617188,729.2147718120841,709.0798288634271,710.7309738002893,1711464
2014-12-04,726.2335205078125,732.7463917794963,713.6205222091954,726.4628477496055,1376036
2014-12-05,719.7664184570312,731.5538148974471,717.1062003712593,729.1688342597885,588459
2014-12-08,727.8846435546875,742.6532950866463,721.1882994933912,728.3432980244762,1413437
2014-12-09,717.152099609375,735.0396234783138,707.336883006749,731.0952063356024,1457128
2014-12-10,711.5107421875,715.455159656298,701.2368702773513,715.455159656298,1267394
2014-12-11,705.8692016601562,725.0868343974503,701.7413115919683,717.8859259078669,1437194
2014-12-12,710.2722778320312,720.4085300901504,706.3278607165573,710.4557508116541,1232250
2014-12-15,703.8053588867188,713.2994850277804,698.6684506729454,706.3279587393594,784332
2014-12-16,696.099853515625,703.5759436300078,689.8163097910898,701.7413257848187,910901
2014-12-17,670.8279418945312,698.668298714988,659.5450543870573,692.6598810368467,2346032
2014-12-18,683.349365234375,686.8809825640047,674.4056022947705,676.2402203336637,1127699
2014-12-19,672.387451171875,696.8337567509196,667.8009064844815,694.3570114221084,1902149
2014-12-22,683.8997802734375,685.8720172105109,670.7364172383126,670.7364172383126,1029222
2014-12-23,678.1207275390625,688.8991090724869,674.5891100276068,685.2298728057892,669484
2014-12-24,668.2137451171875,681.7440527228072,665.186636647109,678.9003612602929,2337291
2014-12-26,666.9293212890625,676.9738633865197,662.2969232588988,671.4700108386619,525701
2014-12-29,694.907470703125,696.5127615662051,668.5806893509915,668.5806893509915,865233
2014-12-30,687.9358520507812,699.8150140438512,683.3951615915807,698.0721046593194,732669
2014-12-31,690.0914306640625,695.2742480167863,687.1560311719381,687.7523043144952,648847
2015-01-01,687.2019653320312,692.1095454125501,685.2297288577533,688.9906728458061,284935
2015-01-02,710.96044921875,716.8312502046191,689.1285025324806,689.1285025324806,2080850
2015-01-05,710.9144897460938,722.7477984867845,708.804690199951,715.4093263345668,1326999
2015-01-06,693.9441528320312,718.2528376305095,688.3485911793155,710.91436674795,1510720
2015-01-07,707.887451171875,713.9875231586789,696.4669415581864,700.2737967587842,1427667
2015-01-08,752.5142822265625,754.8534645519701,713.7579838535864,718.9866554234162,2769416
2015-01-09,745.3134155273438,760.4490110426683,737.562144808242,759.9445023897749,1708427
2015-01-12,740.956298828125,750.7256614678934,734.0306275049735,745.8180250291927,1320557
2015-01-13,764.8981323242188,772.7870237819083,744.9466603986348,745.7722609425201,3835281
2015-01-14,772.9703369140625,779.7125346715749,761.5498303556668,770.5394460283799,2320114
2015-01-15,769.9431762695312,779.7125381128876,764.1182873506299,778.7952292445195,1308063
2015-01-16,773.704345703125,787.968490533201,770.5396182164014,775.0344550512381,1568660
2015-01-19,763.1094360351562,777.8780896341485,760.9537261325776,776.043471498219,1041563
2015-01-20,769.8057250976562,776.960724110261,765.9530160945312,765.9530160945312,1314139
2015-01-21,780.905029296875,785.12468368883,769.8056143727367,775.1259946174634,1663391
2015-01-22,795.4443969726562,808.7453753862785,782.3268355397847,785.6750352598289,1995155
2015-01-23,790.8121948242188,807.1861967239702,788.9775765265283,798.7927956167936,1531430
2015-01-27,816.8637084960938,818.9735081121074,793.9309822609423,797.0498554241633,1831293
2015-01-28,834.98046875,844.8415399272178,817.3681257753966,819.2027436688326,2895714
2015-01-29,808.4243774414062,846.2175178934539,795.4903434655902,838.2369187222055,5326269
2015-01-30,786.82177734375,815.0290284697428,783.4735771725803,815.0290284697428,3291034
2015-02-02,741.27734375,780.7216287942337,737.0577449544596,779.712611339503,4808585
2015-02-03,747.3314819335938,758.1557144510675,735.6816491104128,742.8366464702286,3048559
2015-02-04,737.37890625,755.1288711351257,734.5811246599517,752.0099977634654,912365
2015-02-05,743.7998046875,758.0640010610431,741.1854970498231,744.8547321837331,1668101
2015-02-06,731.6915283203125,747.6068166851817,723.5733102763331,743.0202717975425,1668283
2015-02-09,737.1953735351562,754.0279706800379,718.6198669581845,724.6740837435888,1910672
2015-02-10,754.21142578125,761.2747158554124,733.7095372675172,735.5900653952547,2235687
2015-02-11,771.2275390625,775.1261022989147,759.531849353256,761.3664673468629,1227804
2015-02-12,755.6331176757812,779.6207649902527,751.5969365943274,776.9605470972828,1974102
2015-02-13,758.38525390625,765.9071992823175,747.6527268686502,756.1836898002446,1323475
2015-02-16,765.1731567382812,772.8326628112653,750.358597245834,765.0355380232586,1584956
2015-02-18,753.156494140625,772.374127635103,751.9181494666142,769.7139093133311,1448399
2015-02-19,765.1273803710938,768.7049077067333,757.6972001978063,757.6972001978063,1216904
2015-02-20,757.4220581054688,766.9620381832426,755.1287855884897,765.2650389159174,699111
2015-02-23,742.6533813476562,764.1184354222244,739.4427996862183,760.9078537607865,1434240
2015-02-24,733.4344482421875,746.2309208358248,732.012630395806,743.0203391235625,1141027
2015-02-25,746.5517578125,748.5239941629435,738.4335971828058,738.6170701436984,1537365
2015-02-26,726.4169921875,752.1016432219529,722.1056288519547,751.0925697670275,1600594
2015-02-27,740.4059448242188,742.1946524945447,730.2696360891965,733.0215629519691,1272026
2015-03-02,757.3302612304688,761.9168060683182,739.3510278613372,755.6791162864622,1383141
2015-03-03,768.97998046875,772.3740343350609,758.7978748579053,761.2287096629005,1617826
2015-03-04,767.6040649414062,778.061408641596,763.5679394341037,774.6673545643,1600601
2015-03-05,764.9439697265625,771.9613497289615,759.5318244277927,767.7876051280947,694150
2015-03-09,745.4512329101562,763.6597954268962,741.9654136780864,763.6597954268962,626456
2015-03-10,741.1398315429688,750.3587759669477,735.6818316937556,745.7722308815752,691298
2015-03-11,742.10302734375,752.1475727186436,740.0390819648583,750.358808859317,942306
2015-03-12,741.27734375,747.6067979314058,738.6171813747577,747.4233249428834,979686
2015-03-13,741.5526733398438,751.0009455473809,738.9841631576685,744.7632550794604,837992
2015-03-16,763.0634155273438,766.7326512689923,742.1029287484142,745.7721644900628,1287189
2015-03-17,762.650634765625,772.3282323730435,754.9452176820179,769.9431956623596,1384999
2015-03-18,746.8731079101562,766.7328170633332,743.0203983507165,766.7328170633332,1172762
2015-03-19,765.76953125,777.740402334294,753.7528059139694,755.8626053867255,2037801
2015-03-20,742.9744262695312,767.7876232053709,738.9840985775768,766.870314217073,1245311
2015-03-23,744.4878540039062,748.5240354136274,738.8922923108786,748.5240354136274,759196
2015-03-24,746.0474243164062,751.7347515108133,740.818751637869,742.6992799434158,755974
2015-03-25,741.644287109375,749.7624489329594,736.1404334016987,746.5060133535367,834390
2015-03-26,727.5176391601562,748.4323260934386,722.8393863392373,736.5990193279283,1516627
2015-03-27,713.8040161132812,727.4260322796472,704.5850159326259,727.4260322796472,1557785
2015-03-30,740.6810913085938,742.7908906060587,715.5468047545347,715.5926590024616,847421
2015-03-31,744.2127075195312,749.4413795043897,735.7276001016419,741.0938908182437,947718
2015-04-01,753.7528076171875,757.605516569416,737.0577728162624,743.0202812460144,898480
2015-04-06,756.3211059570312,762.6505590752535,751.2759075546495,760.4489955589798,687263
2015-04-07,766.136474609375,769.4387645564282,753.1106758393813,756.1836385404421,769528
2015-04-08,776.822998046875,783.3817788953924,770.5394546512056,771.4567635257903,982733
2015-04-09,782.6021118164062,785.2164197907999,771.4567862664285,784.2991108891752,1019655
2015-04-10,788.38134765625,790.4452932110024,773.4750742052607,782.4646925350053,802074
2015-04-13,790.7661743164062,793.9767556623827,781.9141764839281,788.8857021542391,805167
2015-04-15,769.6680297851562,791.6375893786242,765.9529398970466,790.3992447452852,1279621
2015-04-16,754.2572631835938,767.6499510862955,743.5705918177405,765.9529519711776,1366075
2015-04-17,749.2579345703125,760.9994778607316,747.6067896680511,754.2572795147914,685338
2015-04-20,742.0570068359375,751.5511310565083,733.8470814149895,750.3586407468267,920198
2015-04-21,730.6365356445312,749.3496595176694,726.5086456126412,746.1849326289353,652649
2015-04-22,720.5004272460938,739.3511176205607,705.5941547134212,733.8472631469584,1779318
2015-04-23,721.3717651367188,743.0202334951675,720.0875102391439,727.517690178858,1275295
2015-04-24,707.5662231445312,726.9673294746443,701.7871880636766,726.9673294746443,1123939
2015-04-27,683.211669921875,710.9144104022658,679.3131070261206,710.9144104022658,1625216
2015-04-28,702.1541748046875,705.0895747586497,669.6355600407077,680.5974136252948,2052761
2015-04-29,692.01806640625,699.9986114658367,687.9818836270609,699.9986114658367,1445757
2015-04-30,699.40234375,707.1077066991267,685.4133797898403,687.3397065300957,2260678
2015-05-04,714.9506225585938,716.8769489705702,700.824042243782,706.1902772400701,1071772
2015-05-05,716.7852783203125,719.9499495945145,705.0895885160577,715.5010233191158,952716
2015-05-06,697.9345092773438,714.5836895221681,688.1193480628309,714.5836895221681,1616619
2015-05-07,702.4293212890625,709.4926113295489,674.0844526282915,691.0088137805735,1718402
2015-05-08,696.6044921875,710.3641274875841,690.5043648092229,709.0798724643365,1127201
2015-05-11,707.8414916992188,712.0152363304508,689.724639475084,704.4932915511654,976348
2015-05-12,695.64111328125,708.9420910188501,691.6508423552045,708.8962367759929,1137027
2015-05-13,699.447998046875,710.9143586705943,696.2374170722336,696.2832713171107,839420
2015-05-14,730.5906372070312,736.5989989146326,692.5681745710431,698.9893364544832,1975784
2015-05-15,724.9493408203125,750.3588130465255,720.0876139871914,735.6818680480604,1503598
2015-05-18,703.3466796875,750.3587662006846,698.9894619131072,730.9576583468335,6759860
2015-05-19,710.6849975585938,714.858741428923,687.9816046065768,695.3200750557136,3903935
2015-05-20,707.4286499023438,713.620485108849,700.9616332176124,711.5106857916585,1793967
2015-05-21,712.9324951171875,715.3174758848312,702.7044783888275,706.3278597762071,1678041
2015-05-22,711.281494140625,715.3176205628255,707.428784746808,710.9145481076505,1039136
2015-05-25,698.8976440429688,714.3542759655755,692.017827581021,711.7858223507329,1282826
2015-05-26,700.3651733398438,705.4103710521805,693.072558176214,699.0809187996539,906103
2015-05-27,696.4666748046875,699.035128130552,692.017749721748,698.9892738902495,792609
2015-05-28,703.8970947265625,707.2452952380407,695.7789318262696,697.2925141918645,1051538
2015-05-29,721.9680786132812,729.2606967786884,704.4933523597895,704.9520068860654,2583950
2015-06-01,724.4448852539062,728.9855766440021,721.2801575584997,722.656121253189,713447
2015-06-02,696.4207763671875,728.618289347946,693.4853773290254,723.8482729094426,1014316
2015-06-03,699.631591796875,703.5760093347697,687.981756194364,699.906773301733,867736
2015-06-04,696.7879028320312,702.6587029016448,689.6329037390076,700.7323763724804,820596
2015-06-05,696.0541381835938,702.2918289045182,689.8164474626692,696.2376112023484,830300
2015-06-08,686.14697265625,697.1546780999332,683.3950462953293,696.2373693129596,795683
2015-06-09,674.8642578125,689.0825476351596,669.6355851962247,683.2117475066926,998511
2015-06-10,678.0291137695312,683.4870586884081,673.8553121424701,675.1395674105058,803748
2015-06-11,649.8215942382812,682.20258457378,644.4094497737718,678.0746948599266,1453089
2015-06-12,647.2990112304688,663.0308243867463,643.950811538771,650.3719734771917,1168519
2015-06-15,640.7861938476562,659.9121201829017,638.8140130809886,655.6466109170582,1244078
2015-06-16,646.656982421875,647.6201456618546,635.6951288153898,642.9877464691166,2765685
2015-06-17,651.8856201171875,659.7286003506847,646.7028022148379,649.4547290327733,2215497
2015-06-18,668.67236328125,673.6257979663981,659.4992738775373,659.4992738775373,1908157
2015-06-19,678.8086547851562,683.3034912458646,669.4062376073889,673.1213278312287,1783890
2015-06-22,685.871826171875,689.4034427864711,671.9287207016765,683.0740454266393,1350579
2015-06-23,693.9441528320312,697.154733843151,680.3221386515161,687.9816452399516,980083
2015-06-24,695.281982421875,700.9556487011699,681.9510823915379,693.6675149239348,2982650
2015-06-25,692.0990600585938,700.9555436249778,687.3940074135809,694.6821964064434,1858338
2015-06-26,692.1452026367188,696.4350954595604,686.1947261208308,686.47148068498,764357
2015-06-29,679.6445922851562,685.4566630928196,671.1570960969398,685.4566630928196,1100309
2015-06-30,696.8502807617188,700.6788976566411,679.9214582922244,679.9214582922244,1348105
2015-07-01,701.878173828125,706.3064161001832,696.6196114952379,698.7876444059999,1025215
2015-07-02,703.8155517578125,712.6720360908253,702.1549116757378,704.000017270795,973819
2015-07-03,712.8565063476562,718.1150681748231,699.6640135589042,702.9851808665096,1068877
2015-07-06,722.8660888671875,725.264759446579,702.9850913128172,705.7527491526314,652931
2015-07-07,760.7371215820312,763.7815912896663,728.8629291948182,731.5844715928932,2464459
2015-07-08,740.1181030273438,770.3317120945242,735.597571055859,756.3088960139253,1933525
2015-07-09,735.228515625,751.7883507818854,733.4295262800399,747.26781922872,613555
2015-07-10,733.706298828125,743.577625967992,721.1596021042863,743.577625967992,1027281
2015-07-13,754.3253173828125,757.6003685522358,741.0866509540815,742.8395237925553,1275702
2015-07-14,758.9841918945312,763.6891886021289,747.5445147707496,759.2609464700099,780973
2015-07-15,772.9608764648438,775.4056640204136,759.4916274893582,762.4899242270932,1095558
2015-07-16,782.370849609375,788.1368043059658,777.9887240399661,786.9374969907052,1169553
2015-07-17,761.4751586914062,786.3840860921088,759.9529239381,785.8305205871982,1089597
2015-07-20,786.2918090820312,789.659149620377,763.1818706785115,765.7188911008335,1437246
2015-07-21,752.84912109375,802.3440960719645,748.282473957898,786.9374546892211,4611552
2015-07-22,777.9887084960938,779.5570594038617,756.4932410783036,756.4932410783036,2035530
2015-07-23,780.94091796875,785.8304363766226,771.346346660049,780.4796415848347,1188579
2015-07-24,783.2474365234375,789.7053070248086,779.5572248083683,786.0150953097394,1132540
2015-07-27,787.0760498046875,793.0264711192494,771.2542446313889,781.4023267975914,1153262
2015-07-28,770.4700927734375,791.7349262933013,761.106158122963,790.6278515289447,1009835
2015-07-29,781.2637939453125,786.7529942108847,762.2592293288764,769.7780569583769,1010065
2015-07-30,791.13525390625,799.3459975069962,781.8636082208388,782.3248846858659,1318726
2015-07-31,814.4296875,816.4593151382469,788.9211336424413,797.5469807197903,1842105
2015-08-03,809.5401000976562,819.2269047142095,807.233718046096,811.8464821492165,763822
2015-08-04,835.5560302734375,838.4620376278726,810.1397134752517,815.5366244964532,2178289
2015-08-05,851.7930297851562,855.0219647398445,817.1511817472026,834.9103239979885,2003128
2015-08-06,845.1505126953125,852.8999779604517,839.6151964511128,848.7484907773019,923303
2015-08-07,829.0520629882812,852.80779663539,825.8692446943198,840.4455670880027,1416068
2015-08-10,832.281005859375,845.2889774225067,826.053774647804,833.5264295784282,732357
2015-08-11,814.9832153320312,836.7093238243577,812.7690659548616,834.9103344939272,1091087
2015-08-12,803.8662719726562,826.1459421829258,799.8531902541558,821.0719023370227,721554
2015-08-13,806.634033203125,818.2582324848472,795.5633993966211,804.6044620517902,1251179
2015-08-14,825.91552734375,830.2976538501815,811.4314347871752,811.846594875733,880842
2015-08-17,830.3436279296875,836.9860192837326,825.6847475987221,833.5264463189335,577133
2015-08-18,831.5428466796875,844.0434807068457,822.824768783988,836.7091755414458,622790
2015-08-19,830.0668334960938,832.6960862998285,813.3224786272328,828.9136425632012,618923
2015-08-20,814.7986450195312,843.4438982259516,811.431304772972,834.910284817595,1404599
2015-08-21,818.0737915039062,823.8397471812667,797.0857128383141,807.2337948304686,905933
2015-08-24,772.6381225585938,809.2634872119596,761.5674867726796,791.5504586928638,1176140
2015-08-25,786.1534423828125,798.9307769739713,748.8822843055673,784.169931210018,1329631
2015-08-26,785.9228515625,800.8681637532471,781.4023197514173,785.0925314149423,1265081
2015-08-27,788.7827758789062,798.0083054213496,784.6312875848067,793.3955406501279,1335712
2015-08-28,791.781005859375,806.4034464213092,784.1699446320638,799.7149380700358,1077558
2015-08-31,782.8782348632812,795.9323786946013,779.6031838886137,790.6277004245417,1260477
2015-09-01,755.6630249023438,778.7268463962275,740.6254245499632,778.6346136335152,1438466
2015-09-02,743.5773315429688,765.7185920355633,737.257869300629,765.6263593067657,1500676
2015-09-03,762.5822143554688,768.4865755141359,744.0389233519215,751.8806231020658,887079
2015-09-04,749.8970947265625,760.1835819817395,730.6618894775943,760.1835819817395,1101752
2015-09-07,726.9716186523438,756.4471923707545,724.2500765848441,751.8805446721575,874378
2015-09-08,730.2005615234375,738.042260541693,717.7460983767965,729.8315178699044,1489813
2015-09-09,757.5542602539062,759.1687276667159,734.3520346265517,738.0422458558309,1412900
2015-09-10,745.3765869140625,753.7256789504748,738.3190350836134,753.7256789504748,887236
2015-09-11,752.9415893554688,761.0139274180575,747.775259210515,751.8806309725496,1034469
2015-09-14,775.175048828125,777.1585600214039,755.5708003454143,758.3384589547383,1115176
2015-09-15,766.7337646484375,782.3249326454154,759.8146172488613,775.0367415279289,832597
2015-09-16,760.137451171875,774.944413525826,754.7404830784964,774.944413525826,665278
2015-09-18,775.9130859375,784.0777126838273,760.1835706463166,762.0286764003125,1139255
2015-09-21,765.442138671875,773.3760709464033,760.1835759744972,773.3760709464033,688544
2015-09-22,742.3782958984375,774.3908913242261,739.9796246833755,766.8259466289898,826254
2015-09-23,732.5991821289062,741.7324776984557,725.21875946524,733.5217349618646,1281278
2015-09-24,743.9005126953125,750.9580649444056,724.5269016832332,733.3373269757311,1503108
2015-09-28,732.9219970703125,750.0353382370939,728.8627427041959,747.2676801624183,739132
2015-09-29,742.4703369140625,747.1753890584117,719.5910432120268,722.3587010705345,1366194
2015-09-30,776.4205322265625,779.4650019768409,745.3305431772405,745.4227759480284,1734244
2015-10-01,774.6215209960938,783.2473675977293,771.3925860295542,780.2951872238332,633622
2015-10-05,789.151611328125,790.5815567682108,777.1584260879295,777.7119351911405,882680
2015-10-06,787.5833740234375,797.1778898141821,783.8931626481918,793.3032129166997,779669
2015-10-07,798.0543212890625,800.7758634229261,786.1995398434489,788.7826765283431,983606
2015-10-08,806.4495239257812,811.8003187136098,793.3953797473746,798.0081435831152,952597
2015-10-09,787.675537109375,815.8133963566409,780.6641586398744,808.6174960730689,1362132
2015-10-12,792.7035522460938,798.0082312398849,780.5258431204546,790.6278082920015,773525
2015-10-13,798.3309936523438,800.5912591343821,790.8583389571116,795.8862626682213,800729
2015-10-14,795.4713134765625,802.1598226359769,793.4416856424174,796.9935484292128,404366
2015-10-15,802.6669921875,810.2319358418464,797.2700812354684,798.9306648893128,623054
2015-10-16,814.1528930664062,816.643797032037,798.5617273218149,804.4199717253742,658119
2015-10-19,811.1546630859375,823.2862566294812,799.8533897020277,814.1529601061585,1247569
2015-10-20,807.6487426757812,820.0570872945643,804.9733174212406,806.3110300485109,1806905
2015-10-21,789.9359130859375,813.2764899715455,782.2787353506488,806.3112269046534,1442218
2015-10-23,792.1038208007812,799.0229668815293,784.5389327990206,796.1630756914154,2540806
2015-10-26,754.3713989257812,778.6345251174556,748.374806019071,765.7649029252701,3455887
2015-10-27,763.04345703125,765.626650116409,754.648248428959,754.648248428959,1247705
2015-10-28,766.2347412109375,775.1611421012835,761.8409280546355,767.2985290847431,1108455
2015-10-29,767.1597290039062,772.2010625915273,758.8809054460194,768.6860234750042,1500496
2015-10-30,768.3623046875,777.0111562842366,764.4309982420143,772.9410752632251,810491
2015-11-02,767.8534545898438,774.2360684181989,763.598416343158,768.6859890746994,716702
2015-11-03,753.1459350585938,770.2586832650395,751.1571336296445,769.6111625817766,1599110
2015-11-04,742.0455932617188,760.823349751146,740.5192989129307,753.4232442216515,1783909
2015-11-05,745.4219970703125,750.6483451621694,737.37442596722,746.485785022638,1016171
2015-11-06,741.1207885742188,754.8109763636561,740.0107611408393,747.919614858864,918564
2015-11-09,755.180908203125,757.0309348704934,725.4417069418442,731.5930681941776,1163084
2015-11-10,737.9755859375,754.810838980947,737.0505726544351,753.6083330046287,751899
2015-11-13,740.3805541992188,747.4106316162405,733.0729276681567,746.4856184582995,765985
2015-11-16,740.8895263671875,749.2146473306431,735.5706990849799,736.3106985456191,604535
2015-11-17,747.0869750976562,752.2670267223114,740.3343331955828,746.9019611557054,500272
2015-11-18,760.1295776367188,762.6733638715846,746.485633286075,747.3644070952388,1253226
2015-11-19,761.9335327148438,771.2761452733984,757.6784372900707,764.9860655784472,1038035
2015-11-20,767.02099609375,769.4260079538406,757.1695824248637,759.80590405515,712339
2015-11-23,786.538818359375,788.1113523023491,772.386125789274,775.3461797186959,1475762
2015-11-24,792.3662719726562,797.1301124604494,782.7461687201909,786.2612075327902,771337
2015-11-26,797.22265625,801.0152444943385,787.926284270476,796.4364175616389,678200
2015-11-27,794.6788330078125,799.2114203593849,788.1112617432823,797.9163792708424,444323
2015-11-30,775.6236572265625,794.5864300031212,771.4610973487813,794.5864300031212,1679737
2015-12-01,781.2661743164062,784.4112419736888,769.2872978043437,779.7861756884666,720255
2015-12-02,784.9199829101562,802.1715026260832,781.4511832186156,784.3649975428411,980956
2015-12-03,779.2313232421875,785.5214031714128,776.0862550484056,785.3363891967776,540473
2015-12-04,772.1085815429688,778.3986604366496,767.2522619145761,778.3986604366496,779530
2015-12-07,806.102783203125,808.3227810598262,777.9361193155518,778.8611325370922,1602605
2015-12-08,796.2052612304688,811.6067564823912,792.9214750462507,808.5079278062024,1058074
2015-12-09,777.0111694335938,801.4777824294487,774.1898901695785,801.4777824294487,751034
2015-12-10,794.771484375,796.6215110814323,779.0462573703252,781.1737767910554,636140
2015-12-11,794.0314331054688,798.795217688286,785.1050322468119,796.390205710391,780634
2015-12-14,809.8028564453125,812.5316568091162,789.036297808054,795.5113905216018,889790
2015-12-15,812.6703491210938,814.0116295751271,801.4777117977662,812.6241097519877,861784
2015-12-16,801.5241088867188,817.6656039638141,794.6789871622855,814.011789752236,900351
2015-12-17,810.4041137695312,812.6241682296433,799.2114756407647,806.1490752557019,716229
2015-12-18,813.5029296875,819.4692765566895,802.911516479145,808.9241027200602,1098597
2015-12-21,807.9990234375,817.7116619562106,801.7089450218094,813.0865959949199,896692
2015-12-22,814.8905029296875,820.4868222747313,808.0453817163284,808.4616490057668,663204
2015-12-23,813.0405883789062,817.6656556585424,809.1555205723437,816.7406422026152,350212
2015-12-24,815.6767578125,817.6193197155326,808.0453977023736,814.4742517534803,403140
2015-12-28,814.9829711914062,819.7930517287591,811.0054252222167,815.8617451337269,633270
2015-12-29,814.1041259765625,818.636713413823,812.7166061233187,817.4342074993439,602111
2015-12-30,812.3004150390625,816.7867067567164,809.3866006932353,815.0754548128679,450359
2015-12-31,817.29541015625,820.4404776526276,809.386558504811,813.9653851845891,526825
2016-01-01,812.8555297851562,819.1918490271734,811.1442775689436,815.8618233519292,294006
2016-01-04,814.7516479492188,825.5280747448071,806.3340500749067,810.4966096418731,709103
2016-01-05,833.1132202148438,837.1370053367217,815.2141796511551,815.2141796511551,1372748
2016-01-06,819.9317016601562,843.5195376444287,817.7116474547776,836.674417559781,1716479
2016-01-07,806.9352416992188,824.6955064146529,803.8364700653808,816.7866548535458,990333
2016-01-08,809.0166015625,815.8154831249806,801.6164952359889,813.0866826254135,886022
2016-01-11,808.3228149414062,817.7117221169174,796.9914025025689,804.7615364725318,801102
2016-01-12,807.4442138671875,819.0993600433629,804.9466664127679,815.8618131657212,998419
2016-01-13,803.4203491210938,817.2493102581017,786.3076018208392,813.965524094855,901426
2016-01-14,822.7069091796875,829.7369881683483,787.2788521436238,798.7490404496865,2296682
2016-01-15,813.3179931640625,827.8407141431628,808.7391657607526,826.0369268075153,1301590
2016-01-18,786.538818359375,826.0368985985889,778.5374869791924,823.2618586256933,2335330
2016-01-19,782.1448974609375,803.2814828881731,764.0609007505761,802.8189762896558,2443365
2016-01-20,777.3348999023438,791.81138055303,767.7610348820267,771.461088062181,2247202
2016-01-21,781.1273803710938,791.8112711611005,777.9360736524363,786.2611921576348,1138753
2016-01-22,804.7154541015625,807.9067617639347,785.521425205298,789.0364649886086,1774017
2016-01-25,812.7164916992188,815.8615588404349,803.0501499158942,804.7614015772997,1794107
2016-01-27,794.1701049804688,815.6766627852875,791.0250938431477,814.0116502469025,969509
2016-01-28,794.5402221679688,800.1365416007931,788.2501427279761,789.961394828991,1392051
2016-01-29,804.6691284179688,809.3866738766592,794.586460411486,799.2115271193527,1320575
2016-02-01,820.8567504882812,823.2617622666286,805.9640038352038,808.646564745021,786217
2016-02-02,816.3241577148438,827.6555695358147,812.1615982704055,823.1692780512504,920875
2016-02-03,798.9340209960938,817.66554084849,794.6326864466548,810.496687571647,540771
2016-02-04,822.6605834960938,828.7657053568408,800.1365314653448,800.1365314653448,1658831
2016-02-05,831.818115234375,835.7031819433148,819.9317182672332,822.3367299898352,1739178
2016-02-08,821.966796875,839.449570851268,819.5617848751774,835.2870109958072,783143
2016-02-09,817.896728515625,827.2393397752726,812.6241416888128,818.5442490835367,636386
2016-02-10,810.8203125,822.3367381789861,801.5239410934662,821.8742315770857,707101
2016-02-11,791.533935546875,809.1554285874059,788.1113748573534,809.1554285874059,1004015
2016-02-12,790.7939453125,807.7679179123222,783.0238104927349,795.5114908727135,1089266
2016-02-15,794.3089599609375,806.7966399504975,789.0363726736788,801.0615459969588,703958
2016-02-16,777.2886962890625,795.6502449153152,773.4036289794985,790.9326430185827,985215
2016-02-17,791.8115234375,794.5403244419493,765.0786118035282,780.7113618939836,1171983
2016-02-18,772.6173095703125,799.0264263100537,768.3159754161919,797.3614137678652,997874
2016-02-19,790.6090698242188,792.6441108675803,766.836210978687,772.3400527351607,799360
2016-02-22,805.5477905273438,807.7216056055455,789.961339377065,791.8113659329832,609601
2016-02-23,811.3291625976562,813.9192450673742,801.2003118827446,805.6866039136263,1438921
2016-02-24,815.6767578125,819.3305718235606,809.3866783467294,813.0867317334573,1289097
2016-02-25,797.0839233398438,818.5442418840539,794.3088836089113,814.4741610286885,1326303
2016-02-26,797.8700561523438,808.4614676784684,790.1462191760436,802.9113889529868,536753
2016-02-29,782.6537475585938,803.7903357980219,778.4911876181155,799.303987320507,890886
2016-03-01,806.5653076171875,809.0628546621404,786.2612556645377,788.6662675102981,1161059
2016-03-02,806.472900390625,814.8905561031713,801.5241013441946,810.3117285372354,808137
2016-03-03,814.242919921875,829.2743853563884,806.3803072330526,808.8316149487816,1061326
2016-03-04,800.87646484375,823.3542756473611,794.0314006321197,820.1167292550373,1039977
2016-03-08,810.0340576171875,815.6766154638974,793.707552314153,802.8189660638836,1174011
2016-03-09,810.4967041015625,822.1518496640913,804.6228354863854,810.3116901409137,1401934
2016-03-10,827.6555786132812,828.8118451383068,804.7615014177757,804.7615014177757,810951
2016-03-11,830.9856567382812,835.9345116567151,824.6955777317484,832.5119512322057,1043602
2016-03-14,831.91064453125,835.4719794218595,821.966752085059,830.6618992259898,788258
2016-03-15,818.2666625976562,838.5244744704548,810.4503461434947,835.2869282369782,954046
2016-03-16,800.0439453125,815.8616485687684,797.4538631662562,814.2891148252133,1456263
2016-03-17,807.1203002929688,810.3116072983092,800.2289402862662,804.761527796266,965277
2016-03-18,809.7103881835938,812.0692173194786,795.4652169111544,805.6866028194358,1072444
2016-03-21,795.1876220703125,809.3865521446048,788.4812763525429,807.7677790403156,1484160
2016-03-22,789.3600463867188,795.5114071767075,782.6074608500242,795.5114071767075,1746522
2016-03-23,786.2612915039062,792.6439057476819,782.7924916884479,789.3600634223836,917099
2016-03-28,782.00634765625,793.1527477877298,779.5088001950808,786.2613866950294,1722071
2016-03-29,791.9037475585938,795.5113214835343,781.6361240157983,783.8561781939652,1101097
2016-03-30,815.7230224609375,818.6368371765953,797.2227549541218,799.2115562944388,1470782
2016-03-31,803.2815551757812,817.9429930848379,800.2289661842035,814.4741932837997,1682214
2016-04-01,804.761474609375,817.6654198904661,800.1364086633441,805.6864877985812,853331
2016-04-04,819.7005615234375,821.8743202034454,800.3677608959271,808.4616273019824,662760
2016-04-05,804.6227416992188,819.0067427026269,797.361410371395,819.0067427026269,762479
2016-04-06,798.5639038085938,809.3865698050813,796.1126526436085,804.4840110167844,451307
2016-04-07,793.8926391601562,803.8365318149441,790.9325854038093,799.21146546388,449770
2016-04-08,787.695068359375,796.8527226596301,785.8912811234665,795.5114420760913,448087
2016-04-11,795.511474609375,797.2690225435897,779.554994450059,786.2613411836845,651373
2016-04-12,801.89404296875,804.7615615818588,795.0489220455261,797.1764413189615,433486
2016-04-13,808.7852783203125,810.3115727015396,801.0614405930745,805.2240000418838,692424
2016-04-18,818.8217163085938,820.0704615763395,809.3865701421287,817.9429424550598,685762
2016-04-20,819.376708984375,821.1804960770545,809.6178306859385,818.636709691009,778272
2016-04-21,822.4755249023438,827.8868296412493,818.7291762049039,823.261763553868,702226
2016-04-22,806.1954345703125,826.6845043980319,804.206689593152,819.2843970411438,692414
2016-04-25,797.1302490234375,805.1316370306791,791.8114222965622,805.1316370306791,587700
2016-04-26,811.1441040039062,814.0116223629911,794.6325843798434,799.3964249804117,694778
2016-04-27,823.1231079101562,824.1868958472771,805.6866288248916,810.0342028668191,553126
2016-04-28,807.6290283203125,827.4243340205119,804.7615098913866,823.122999918796,1013142
2016-04-29,801.292724609375,810.3116037608225,797.0376862597157,807.5365640219156,955985
2016-05-02,799.9515991210938,802.4491466617376,796.1128272800785,799.2115996723242,199724
2016-05-03,806.6116333007812,820.3943546641395,800.5065678339024,804.2990999484281,1073196
2016-05-04,808.0914306640625,813.0865240435625,799.211327387529,806.6114322707468,469904
2016-05-05,802.0325927734375,809.8027253552044,797.7775551195244,808.5539238018924,402567
2016-05-06,822.3831176757812,823.261891660794,796.8990108604203,799.165304887558,1249025
2016-05-09,838.6171264648438,845.3697694564108,826.6382480928264,827.840754222031,1355429
2016-05-10,830.9856567382812,840.1433107851675,826.4531255454594,837.0907782556487,1034271
2016-05-11,839.7733154296875,850.0872364751508,820.9493170529885,825.1118769704402,2228431
2016-05-12,859.15234375,863.8699454659899,848.4222120283333,851.0122379827013,2382775
2016-05-13,872.8887939453125,876.912579082454,858.0422858100061,859.1060736527734,2285317
2016-05-16,881.2139282226562,885.9777127637002,874.1375540116111,877.7913677777173,1913343
2016-05-17,896.9391479492188,899.1129065700428,876.6813345697099,882.0001609203043,1770437
2016-05-18,891.0191040039062,898.1879574230916,881.0289711759341,896.3379307342695,1273835
2016-05-19,885.0527954101562,896.1991954069055,880.6589818317348,896.1991954069055,1251713
2016-05-20,884.3126831054688,890.7877759733958,879.4563634545234,884.3126831054688,972841
2016-05-23,875.6174926757812,888.0126924241996,872.8887488396805,887.9202136854027,726047
2016-05-24,884.5439453125,890.2327995441162,871.0850134362738,880.9826667826783,490332
2016-05-25,908.5943603515625,911.1381470565426,890.6028394555811,890.9266280021246,815313
2016-05-26,917.4744262695312,924.5508006537657,900.4542152900738,914.421893647083,1410903
2016-05-27,923.39453125,926.6783171894256,912.4793855481777,917.5207193495485,1105534
2016-05-30,911.0454711914062,928.9444530050379,905.079125100755,919.4630682469581,1487177
2016-05-31,910.9992065429688,920.8506194803574,907.1604357260059,913.9130206394708,1151373
2016-06-01,945.086181640625,948.1387145029673,914.884472200196,914.884472200196,2068760
2016-06-02,947.2600708007812,951.8388422220575,921.8221444093924,931.4885462756189,2420319
2016-06-03,948.4160766601562,954.7060986538079,937.5008757618828,946.7510077378264,2045789
2016-06-06,949.3411254882812,954.9373877937751,940.3684293848639,940.8309360010198,1574228
2016-06-07,955.3075561523438,959.6550738168698,947.7686746170448,948.4624346432993,755934
2016-06-08,941.7098388671875,951.8387464402153,935.4197593174614,951.8387464402153,933533
2016-06-09,923.9031982421875,942.5884766870205,921.0356798267647,941.6634634616162,1024252
2016-06-10,917.659423828125,924.0882774907226,915.3931299740441,920.3419849547237,1313970
2016-06-13,920.2957763671875,921.7757750986138,911.2306006476198,912.9881485422296,808571
2016-06-14,912.5256958007812,924.0883630055554,905.2180675440295,920.3883095000277,699283
2016-06-15,923.533203125,926.8632280676615,912.0630168410321,912.0630168410321,731016
2016-06-16,936.041015625,938.3194041227155,917.1165587709776,924.137668827501,740810
2016-06-17,929.5779418945312,943.7596785493186,924.3702449087605,939.24944402198,365441
2016-06-20,922.0453491210938,927.160073700182,917.1631120228732,925.2536877089951,627622
2016-06-21,913.25732421875,921.5803875062795,908.747089728453,920.6504375693407,712870
2016-06-22,916.419189453125,920.1389892526124,909.9560259495877,911.3509508743955,507154
2016-06-23,915.1636352539062,920.6503621361474,911.6298371350076,917.0235349753934,678141
2016-06-24,920.23193359375,923.4402721752898,896.0997217756101,905.8641959526901,777600
2016-06-27,906.0501098632812,923.3936969319745,902.2838243960335,902.2838243960335,662651
2016-06-28,911.5369873046875,916.0007358839702,907.0266958184071,912.2809359412942,822749
2016-06-29,924.5563354492188,929.2990579202711,909.723621050265,909.723621050265,711457
2016-06-30,933.0187377929688,938.3194636571319,926.2766009133709,934.4601488084033,1039352
2016-07-01,932.2748413085938,940.2723883157136,925.7187053974541,932.5538149465832,1314022
2016-07-04,930.3218994140625,945.8055311391927,928.2759982892817,937.389495925519,884699
2016-07-05,916.0936279296875,934.4601385377603,914.4662155973266,932.7397539188338,523870
2016-07-07,918.5116577148438,927.160181658222,916.0007812771802,920.0460412114496,757053
2016-07-08,939.9002685546875,942.8761192487021,918.9299120428338,923.3471735662465,1200518
2016-07-11,954.87255859375,960.6382022995534,946.5494392618774,948.54885415832,1082293
2016-07-12,948.9674072265625,965.1950446826721,945.573067314669,956.7325231144328,1259777
2016-07-13,938.7844848632812,956.9185090879806,935.9481488364745,956.9185090879806,1319911
2016-07-14,946.3170776367188,953.6637051879525,938.3195305067226,939.4354818354677,754274
2016-07-15,954.03564453125,959.2433413733868,946.875018803583,946.875018803583,671924
2016-07-18,956.4534912109375,971.70469257873,953.431153975706,955.1515386211362,721547
2016-07-19,958.499267578125,964.8229719829255,949.6648007388796,958.7782979415867,541334
2016-07-20,956.500244140625,963.8003299001872,948.5491251835713,957.1511638188144,529012
2016-07-21,969.6588134765625,974.5875938531912,954.6402118867159,957.6625493676537,706661
2016-07-22,973.7041015625,980.1672080484676,969.0543519987027,974.4479933811416,502766
2016-07-25,995.65087890625,999.1381910164251,973.7970563491527,975.796471329508,734354
2016-07-26,986.4442749023438,999.6495169833138,981.0970634192531,996.9991826912002,562982
2016-07-27,987.4207763671875,998.5801743437497,978.4931671705244,994.9533472975137,765267
2016-07-28,1048.983642578125,1072.9763989597031,993.186640313331,998.7663405398105,5831636
2016-07-29,1036.1036376953125,1058.0038883317202,1025.03721188739,1048.518445364511,1152956
2016-08-01,1042.3809814453125,1054.5633037851815,1036.9407966296433,1041.1720010332583,864041
2016-08-02,1044.6593017578125,1062.4678668246386,1040.2885821991588,1050.5644615085166,832931
2016-08-03,1063.304931640625,1066.7922443995133,1045.3104205086204,1053.1219102730938,1130691
2016-08-04,1048.33251953125,1073.720082523718,1038.4749602285553,1071.3487784991892,1075876
2016-08-05,1063.258056640625,1065.0715268204206,1049.6808125771447,1051.7731995789597,543090
2016-08-08,1067.908203125,1072.2324939092405,1056.4233417874216,1072.2324939092405,407801
2016-08-09,1066.1876220703125,1074.0456537724945,1054.5632476473916,1072.7902440386754,541100
2016-08-10,1050.7969970703125,1068.0010727248489,1049.076612208717,1062.0959127040421,788849
2016-08-11,1064.8856201171875,1067.1175226068872,1040.2419474818214,1050.843399168438,651399
2016-08-12,1057.81787109375,1079.9041782924107,1046.565501498495,1062.9325948660714,795382
2016-08-16,1050.51806640625,1067.3966820310998,1047.9607038424633,1055.9582513380835,921462
2016-08-17,1035.5457763671875,1048.7044768885505,1030.5240241072445,1036.894158340278,742834
2016-08-18,1029.7796630859375,1041.3110607875667,1025.315973133823,1041.3110607875667,1263890
2016-08-19,1035.4991455078125,1047.9604960516342,1024.2002322624953,1024.2002322624953,864966
2016-08-22,1035.8712158203125,1042.4738374033116,1027.594639010401,1042.4738374033116,827995
2016-08-23,1047.3560791015625,1050.517931478177,1030.5240085474923,1034.7552124980023,684493
2016-08-24,1040.4747314453125,1051.0296432363277,1037.4523933740923,1050.843698608899,417969
2016-08-25,1028.431640625,1047.5885862990951,1025.5488185729503,1041.6368840991772,554850
2016-08-26,1044.61279296875,1048.5650801379252,1014.621907979127,1028.7571013882305,869672
2016-08-29,1033.9647216796875,1045.8681252095423,1026.804153217041,1044.612715611451,452947
2016-08-30,1065.908447265625,1067.5824023634484,1032.2443089054248,1036.8940580446385,674826
2016-08-31,1076.7890625,1091.6682615990053,1068.5124852973222,1075.9520848468248,1668417
2016-09-01,1075.9056396484375,1082.5083756636614,1062.0029321354662,1078.6025174339006,621894
2016-09-02,1085.76318359375,1089.9014157458203,1070.6514958754312,1077.765522662778,710106
2016-09-06,1119.79931640625,1128.8663289159858,1088.5994484650341,1092.691251173285,1131704
2016-09-07,1094.737060546875,1124.309515034911,1088.6923857348593,1123.3795650638317,1092266
2016-09-08,1099.7586669921875,1106.6403185678075,1088.971271464624,1096.4108702449118,888245
2016-09-09,1089.6689453125,1099.1079608005884,1086.1816327074887,1099.1079608005884,575102
2016-09-12,1073.719970703125,1081.531571394694,1057.3528776231874,1075.3473827838993,465079
2016-09-14,1082.0894775390625,1096.3641831170344,1069.5351562488602,1069.5351562488602,704633
2016-09-15,1091.3428955078125,1093.1562526459575,1078.7420272814213,1088.041527516606,616127
2016-09-16,1074.2314453125,1098.5031103808744,1071.302080980967,1091.3889722955096,1136226
2016-09-19,1082.0894775390625,1089.9010779345947,1076.1377765939308,1076.1377765939308,550698
2016-09-20,1083.4385986328125,1091.4825775872357,1081.1601523783074,1082.4621054495506,966451
2016-09-21,1088.5994873046875,1093.621240193106,1084.2287675517682,1084.2287675517682,615798
2016-09-22,1108.500244140625,1113.1499934868525,1092.6910963634516,1099.4797758166521,913747
2016-09-23,1107.7564697265625,1119.194900910096,1101.9908247432188,1116.87002575241,668223
2016-09-26,1100.130615234375,1111.2900128529823,1092.5980445456676,1111.2900128529823,817715
2016-09-27,1109.0118408203125,1118.7297722371045,1101.24666804464,1101.24666804464,532323
2016-09-28,1109.895263671875,1116.8698882864867,1104.8735112454985,1109.4302886975677,566690
2016-09-29,1085.576904296875,1119.0550979594664,1078.7417957946157,1110.6855495438185,1125599
2016-09-30,1079.392822265625,1097.2943581514799,1075.0221030674386,1085.25155214507,478253
2016-10-03,1109.4305419921875,1115.0102429577812,1083.7639402543184,1088.0416882907455,747111
2016-10-04,1109.0118408203125,1118.7297722371045,1096.7829764664834,1117.7998223017453,503642
2016-10-05,1124.07666015625,1138.2583925801448,1101.9903555616597,1104.7802045630817,1080751
2016-10-06,1124.7742919921875,1136.7706672108804,1117.5206380871368,1125.332239172746,746006
2016-10-07,1101.6185302734375,1125.239278323925,1098.0847890811692,1123.3793786903316,873434
2016-10-10,1127.7041015625,1133.6092624654107,1105.7107572365653,1105.7107572365653,570180
2016-10-13,1131.3768310546875,1141.3273613848962,1124.1697205692126,1141.0483310551758,1391322
2016-10-14,1121.287109375,1134.5388956562306,1118.0322846743468,1130.9120682859332,354200
2016-10-17,1099.47998046875,1123.7516538700197,1095.946124900133,1123.4726234496002,365921
2016-10-18,1092.226318359375,1109.755853851408,1083.9033109366817,1103.2927465025493,1339044
2016-10-19,1087.3902587890625,1101.1999895006852,1081.7640175454274,1097.3406754383016,1201677
2016-10-20,1084.089111328125,1094.551047851772,1081.7642365450924,1092.691148025346,448785
2016-10-21,1072.697265625,1090.7383173302649,1064.2347437972674,1090.7383173302649,948987
2016-10-24,1048.5185546875,1080.6018275360311,1045.3567021956728,1079.8113927928941,1287073
2016-10-25,1059.9105224609375,1077.161140530772,1038.8471320591284,1052.6568669850535,3014876
2016-10-26,1044.4267578125,1075.9520835699616,1035.871263748437,1072.511314190112,1323248
2016-10-27,1009.4140014648438,1054.9351139307373,1005.2757701130655,1053.633161459855,1764517
2016-10-28,994.953369140625,1020.1084445201512,991.3730849150634,1005.2757897917091,1732990
2016-11-01,1003.76318359375,1014.4841617072574,999.3816119721653,1004.1361099405354,983171
2016-11-02,990.75830078125,1009.9628143617333,983.859561083093,995.5594576266591,872573
2016-11-03,966.892333984375,1002.1783103369419,963.4429077983486,986.6096323386729,1075107
2016-11-04,972.392822265625,983.3468658174736,964.9812947307053,968.803533975801,976222
2016-11-07,967.0790405273438,987.8218073448581,958.2692367702606,977.0076235845003,829767
2016-11-08,985.397705078125,988.1944819137299,969.5493030096973,973.9775329994051,780312
2016-11-09,979.7576293945312,986.4233045413101,887.5106394396253,931.3268159665815,2005884
2016-11-10,942.7935180664062,988.1945428787822,939.7170747375588,984.4655068679187,1719037
2016-11-11,897.1128540039062,936.873724429759,893.1041515513796,932.2590308469515,2665967
2016-11-15,830.456298828125,905.1768798092685,810.1330641793446,905.1768798092685,5354021
2016-11-16,872.3148193359375,881.8238731881588,841.8299365011299,855.3476929565744,3032067
2016-11-17,856.2333374023438,882.9891835658855,854.8815503972818,881.9170628962144,1310176
2016-11-18,846.6776733398438,866.022048461694,838.8932761986571,863.1786697636578,1335202
2016-11-21,839.0330810546875,855.8137426757813,831.3419444783528,855.8137426757813,1639425
2016-11-22,846.258056640625,851.1058145308258,834.37175510147,846.4911213766868,1678288
2016-11-23,878.2345581054688,882.2899187966983,850.2201872202663,853.8560199916346,2371811
2016-11-24,872.6876831054688,900.3291869883554,868.9120452934509,874.6920628442397,2908165
2016-11-25,881.404296875,888.7225073805535,875.2047516666862,879.9593067822533,1460489
2016-11-28,872.6876831054688,903.0327610219658,870.263832310256,885.6461067967255,1335539
2016-11-29,893.6168212890625,901.4944209390162,871.8485971734628,876.6963551811706,2507536
2016-11-30,904.197998046875,908.8592928983372,888.0232707719579,902.3800816746904,4460941
2016-12-01,875.5311279296875,902.4267793260221,872.5944891003686,901.4945202564705,1517103
2016-12-02,843.5545654296875,873.0605866606156,840.8976499390019,872.5944571429111,2139914
2016-12-05,874.1326293945312,877.8150067357026,834.6048270563214,848.355646602907,1881935
2016-12-06,870.869873046875,880.7051953075276,861.5472819181842,877.1626220587411,889147
2016-12-07,869.0518798828125,884.247690704579,865.3228437596514,872.5944528197005,809152
2016-12-08,872.7343139648438,883.3620327697878,866.8144349821663,878.1414049604022,1024529
2016-12-09,877.9548950195312,889.3284659634772,871.7087484691158,878.1879597646918,1600112
2016-12-12,848.5886840820312,873.6664718538564,847.423360429076,868.2127230176843,1531811
2016-12-13,845.3258056640625,853.0169420265973,834.3717629659068,853.0169420265973,1572248
2016-12-14,852.4110717773438,860.6615988215655,846.4912493466599,846.4912493466599,944657
2016-12-15,841.8298950195312,854.648456543915,840.6179696737045,848.0294402624633,958978
2016-12-16,838.9400024414062,850.1737134250618,837.1686873582556,850.1737134250618,1041676
2016-12-19,818.896240234375,840.8975275064679,815.8197403449948,840.3381949268902,1905631
2016-12-20,807.0565795898438,822.2523890042528,801.7892937934773,816.1927058653325,1811388
2016-12-21,806.916748046875,817.1249952489819,803.1877121301654,808.4549981227467,1321988
2016-12-22,811.344970703125,815.0740065853873,793.4455870881511,806.9167405929384,1472349
2016-12-23,814.7944946289062,825.0493452478055,803.141255289248,815.7267537760789,1325637
2016-12-26,809.014404296875,825.0492715765575,801.7427949783497,814.7944218733461,1313467
2016-12-27,816.658935546875,818.3369904726777,804.9124941656783,812.8366961658477,846898
2016-12-28,816.3792114257812,829.7105036435346,810.6457958594758,816.6588777435239,1093720
2016-12-29,820.4344482421875,826.913659093212,817.591069926434,819.4555877597895,1203203
2016-12-30,830.6893920898438,834.3718266153562,822.7185888134658,825.0026348027513,935476
2017-01-02,843.3681640625,846.0250795686836,822.4855387872959,832.5073234764016,1031421
2017-01-03,835.8634033203125,848.3556967803852,832.9268215871865,848.3556967803852,2068282
2017-01-04,845.18603515625,852.5509044392475,836.2363710027391,840.8044631251922,1408241
2017-01-05,854.4154663085938,857.5851700131238,840.4315797896315,851.9916154055389,2569365
2017-01-06,866.5347290039062,869.3315059668021,852.6440473279608,855.8137506461387,1717545
2017-01-09,848.4490966796875,869.8444572424731,844.6268566229752,868.8655964377626,1356124
2017-01-10,861.0343627929688,866.0685839962326,846.4445440382193,853.0169584031786,1735052
2017-01-11,871.3358764648438,876.8827718629569,859.0766481450838,863.7379430346393,1236472
2017-01-12,870.3104248046875,875.7175159149282,863.5515466917425,871.6622118073918,955700
2017-01-13,870.0308227539062,874.6455167727921,864.3440648885841,872.1750073473598,770385
2017-01-16,871.8953857421875,877.7686071128601,864.1110444597082,867.0010251165297,889759
2017-01-17,895.1084594726562,898.2315042154082,873.5266418783991,876.3234187467398,1742445
2017-01-18,898.0916748046875,906.5752657497655,894.9686299499871,895.108491558646,1216887
2017-01-19,897.4856567382812,900.3290350105437,889.7479192283223,899.7230439637448,770727
2017-01-20,901.680908203125,911.609432324945,889.5149397408696,895.2482983998035,2190366
2017-01-23,899.350341796875,907.6008118574049,892.8711298400034,901.8674526816297,1206139
2017-01-24,907.5076293945312,913.4740534752449,889.0022521779225,898.2316399988589,1748158
2017-01-25,911.4697265625,914.8724381114391,905.3634408837587,912.681652003226,1128224
2017-01-27,903.9182739257812,922.5634533128689,898.7908495943321,913.4273267933103,1043635
2017-01-30,907.2744140625,912.6815045479407,897.7653614705483,903.3589151245704,572175
2017-01-31,904.94384765625,911.283197651099,898.6977008037437,906.9015688500529,603928
2017-02-01,923.8687133789062,933.2379053988495,904.4777366275572,904.9438661499481,1241463
2017-02-02,922.0042724609375,927.5978271978088,915.4318570252301,922.4238004463191,1365514
2017-02-03,919.1142578125,926.5723305180667,914.5927670944028,922.9364973138713,465754
2017-02-06,925.2669677734375,936.8736025780139,918.7411554062697,923.0295236301813,744278
2017-02-07,931.6064453125,935.9414725995199,923.1229108267555,924.8009657150749,577723
2017-02-08,930.11474609375,941.4883164229532,914.5460105784074,931.6063376219273,1192386
2017-02-09,934.9158935546875,936.9202731181044,923.8686474229269,931.3267192487426,493191
2017-02-10,925.7799072265625,940.6494515624981,923.4026578519865,937.7594710523206,479738
2017-02-13,918.042236328125,932.2591889597613,915.0123939640058,927.5978930149626,643641
2017-02-14,914.359619140625,921.1184969151716,904.2912332841737,921.0718953451171,604108
2017-02-15,915.1986083984375,920.0929678100156,909.8847210857531,914.7324789306682,600970
2017-02-16,904.197998046875,922.5168526727786,902.1936185005175,918.2750857380622,932357
2017-02-17,895.7144165039062,907.4609137909385,890.8666584283328,907.0879874387513,1142332
2017-02-20,909.65185546875,913.5673552352039,889.2353575511862,895.9010331595888,1092302
2017-02-21,924.3347778320312,926.6188237110752,910.1644299687631,911.4696152998089,885074
2017-02-22,951.1838989257812,956.2647221368944,926.5722941049632,927.6909594463729,2809160
2017-02-23,940.6492919921875,960.2267301803302,937.2465240230674,960.2267301803302,1580357
2017-02-27,934.076904296875,949.552380735626,931.3267289024839,941.5815777692779,738246
2017-02-28,954.819580078125,957.2435444119078,930.5343024821818,935.1489388077637,1368244
2017-03-01,962.7904663085938,969.5493439466836,956.5443766324723,960.2267541010424,1124115
2017-03-02,959.0614624023438,973.9776066535588,956.8706764756764,967.5916551562373,1037442
2017-03-03,945.031005859375,957.4766982578822,937.8525998284849,957.4766982578822,596208
2017-03-06,959.6675415039062,963.7695043092832,947.1752467880058,950.9042831926829,559268
2017-03-07,954.5865478515625,962.6505534987865,951.3702431457721,960.7394909627639,429279
2017-03-08,953.2813720703125,964.6549425703671,946.2428284212831,954.6331589195999,1164247
2017-03-09,961.2520751953125,970.295054299546,955.5653189840236,958.8282249512862,827512
2017-03-10,960.459716796875,966.9388705307174,954.7263018907606,954.7263018907606,579487
2017-03-14,998.822265625,1004.7887456881354,970.1086443343034,978.6854949879173,1640301
2017-03-15,991.9702758789062,1002.6445963540322,989.220043433413,995.6526535621631,619852
2017-03-16,1013.8784790039062,1015.6963388167975,995.8858319789297,998.682609414864,1382416
2017-03-17,1006.3271484375,1018.2134532436181,1002.1786405158335,1016.3955933231512,782439
2017-03-20,1006.5602416992188,1009.6367426682625,994.8604566830755,1008.518077116524,423077
2017-03-21,996.3052978515625,1011.4545088834661,991.4109373643321,1008.6577314621917,1431610
2017-03-22,986.190185546875,992.0634629171576,977.5202449063986,986.3300471606723,661176
2017-03-23,989.6862182617188,997.5172173073538,982.6010720018232,988.1946264913972,466635
2017-03-24,992.1566772460938,1000.3139437961556,989.1734938568175,990.8049471668298,435183
2017-03-27,972.2530517578125,995.6527327350807,969.5028190936246,995.6527327350807,833514
2017-03-28,986.190185546875,990.0124247841485,974.2106798515147,974.2106798515147,452398
2017-03-29,995.745849609375,1005.9074958213688,986.1901945285881,990.0590922727467,1345902
2017-03-30,997.6104736328125,1001.8988428765122,990.0591974295991,995.7459553702332,1171200
2017-03-31,1000.7801513671875,1006.3737060092025,992.8559489576662,997.5172444926787,937954
2017-04-03,1016.0224609375,1024.0398656762843,996.1187538019216,1001.8987141528443,790370
2017-04-05,1009.2171020507812,1020.4974140409236,996.3985398344478,1019.8914228850111,927397
2017-04-06,1013.2725830078125,1015.2303046366839,998.9157680607959,1005.3483795280955,690411
2017-04-07,1009.5897216796875,1016.068989260466,1000.4069943527253,1004.0428267921437,837821
2017-04-10,987.4486694335938,1007.2591728255628,985.4444036607343,1005.3481101907895,757492
2017-04-11,999.84765625,1003.8097565195221,984.9781725236586,991.6437325244183,731062
2017-04-12,997.9365234375,1008.6109564382249,991.0844430804958,1002.6444765419039,719256
2017-04-13,1005.2549438476562,1008.1449240409776,993.92797402754,997.936619521131,328677
2017-04-17,987.588623046875,1006.8397956026571,984.8850489836367,1006.4203245416184,506747
2017-04-18,969.9689331054688,996.538317401532,967.0324079873577,990.4320885896237,722855
2017-04-19,977.846435546875,984.4654513325378,963.6760312242824,973.2783439310317,398732
2017-04-20,987.0758666992188,990.7582441988358,971.8799996022453,984.4654959999723,493562
2017-04-21,993.2753295898438,998.9155421940875,982.7874155910724,993.6949144304847,701515
2017-04-24,997.4703979492188,1001.5723600068592,991.6437796290305,993.8812238242107,363436
2017-04-25,1023.5272216796875,1027.3028025069511,997.5171717313226,1001.8987436941675,1060527
2017-04-26,1029.81982421875,1045.9944934924752,1018.7259204669359,1030.052888945464,1870316
2017-04-27,1030.47265625,1034.3882130654124,1018.0270190249018,1030.0531851417484,666287
2017-04-28,1044.5491943359375,1048.744358403369,1030.4721110032222,1031.6374343552864,1012065
2017-05-02,1036.76513671875,1060.444536379226,1025.4848263887022,1047.019984982637,1031522
2017-05-03,1043.104736328125,1047.8125765321172,1037.6043848432075,1040.4011621608443,476101
2017-05-04,1055.876708984375,1058.114153743714,1041.8928214899647,1043.104803926614,878814
2017-05-05,1069.114501953125,1081.4202733361535,1057.1815430717224,1058.1138019280468,1518367
2017-05-08,1088.2724609375,1093.5397467575579,1065.9449046379705,1072.0977909387823,672001
2017-05-09,1086.3614501953125,1097.1289732850823,1081.5136351504357,1093.0270109551548,734416
2017-05-10,1079.8359375,1101.9304362598662,1070.373483328565,1088.0397506398403,1004939
2017-05-11,1087.433349609375,1099.0400412081294,1074.2419772004253,1080.4880663170063,1003768
2017-05-12,1056.2027587890625,1099.1333300506858,1050.6558634157107,1090.9294055612322,2500503
2017-05-15,1070.2799072265625,1072.0045634821934,1058.1138827023487,1065.4787509897558,729473
2017-05-16,1065.43212890625,1071.818080017409,1053.0796976951717,1071.0723411306333,913600
2017-05-17,1076.7127685546875,1080.4884640141206,1059.5592895025666,1065.5723161071096,579709
2017-05-18,1073.356201171875,1081.2338567129216,1062.7750860143265,1069.4407595333264,702003
2017-05-19,1047.0667724609375,1067.2502036092021,1024.3662874036797,1062.6354530411768,1732673
2017-05-22,1037.1849365234375,1060.7710241389918,1029.214075472816,1048.092322781081,1058940
2017-05-23,1024.4593505859375,1050.236332500211,1017.5139533469315,1044.0833325834706,1374392
2017-05-24,1017.2809448242188,1032.0573405727616,1007.3058193433127,1020.8235744386186,1551698
2017-05-25,1037.7906494140625,1048.7913508815445,1016.2089451012826,1021.33636948337,1226634
2017-05-26,1055.7366943359375,1070.9792205366025,1047.8591510429524,1048.74475160211,915210
2017-05-29,1068.881591796875,1072.097839795804,1048.7913650176342,1048.7913650176342,460152
2017-05-30,1080.90771484375,1087.1072603142504,1069.3011351397222,1072.0979123022496,460978
2017-05-31,1073.216552734375,1086.0817729038251,1067.0171212089351,1080.4882187086123,1488564
2017-06-01,1081.8397216796875,1083.2847683972261,1056.3424652525946,1072.097662355258,578030
2017-06-02,1085.4293212890625,1095.3112450401652,1081.6069679182783,1082.5392270231214,437401
2017-06-05,1082.865478515625,1096.7095017973038,1080.9543020600881,1086.0817265200542,425935
2017-06-06,1075.0345458984375,1086.3615161122773,1063.7542341575431,1083.4248773455554,787798
2017-06-07,1082.8192138671875,1088.8788995237837,1068.3691942245346,1075.827268878807,531046
2017-06-08,1065.8519287109375,1095.2180918531571,1062.9618343131517,1095.2180918531571,1202971
2017-06-09,1077.45849609375,1079.1831527345757,1055.4572032512897,1067.436710384896,559008
2017-06-12,1072.75048828125,1080.1620163201128,1065.1992124199521,1076.1999151915325,649908
2017-06-13,1071.8182373046875,1076.0600617125606,1064.8729525589536,1073.2166259488883,855507
2017-06-14,1071.724853515625,1074.754695067379,1049.9566300501735,1073.0300387904547,931530
2017-06-15,1068.305419921875,1077.392949489677,1061.7941504352927,1075.5192226209992,1003963
2017-06-16,1073.0836181640625,1077.2058409836995,1057.203711113967,1070.5540177604685,1184164
2017-06-19,1081.28076171875,1084.88766242152,1066.1035081861298,1076.4558930244616,808994
2017-06-20,1076.8778076171875,1083.8106210547842,1072.240378592682,1082.1711097725324,804319
2017-06-21,1082.4517822265625,1087.1360983047775,1077.299034540526,1084.8876037145972,553929
2017-06-22,1089.150634765625,1097.0670850654321,1083.576228695828,1083.950996943386,651018
2017-06-23,1080.8125,1090.9774451651788,1073.7391354818546,1089.5721500447426,596082
2017-06-27,1062.5438232421875,1094.584511061803,1058.6558166182451,1083.9511325905394,484244
2017-06-28,1039.1221923828125,1057.5783579158451,1029.6130048160073,1053.9714562493252,930404
2017-06-29,1034.8126220703125,1055.7982729270097,1030.5498474107346,1041.7922093824882,460382
2017-06-30,1033.313720703125,1041.7923825111236,1014.9044414056375,1030.503129743113,617697
2017-07-03,1049.5213623046875,1052.5192798348949,1034.484657005736,1037.1079206170846,512386
2017-07-04,1038.5599365234375,1055.3296993875977,1036.920425622836,1052.8471029429647,549148
2017-07-05,1055.5172119140625,1063.33999872366,1038.5600066132263,1038.5600066132263,837353
2017-07-06,1060.669921875,1071.7717302996052,1056.6413635070871,1063.3399596941013,532283
2017-07-07,1045.0242919921875,1063.7147864811661,1041.839047745337,1063.34001822765,364301
2017-07-10,1056.5478515625,1087.6516751782167,1045.5865939486398,1049.5213750502244,70264
2017-07-11,1060.2952880859375,1063.3400945240019,1051.7229640107428,1053.9714593299577,532133
2017-07-12,1062.122314453125,1065.588778707248,1053.1284459454216,1064.2771466749648,373345
2017-07-13,1054.43994140625,1072.00613323332,1050.4582712587808,1067.83713611832,764694
2017-07-14,1046.80419921875,1057.671790769756,1041.8388922810373,1057.0160321963665,872831
2017-07-17,1054.39306640625,1057.4378730298163,1044.8371036714266,1049.8493009329588,1260921
2017-07-18,1074.2076416015625,1077.3930003011835,1046.4765055099322,1047.4133689884547,648737
2017-07-19,1082.8736572265625,1084.887936630948,1073.6924635137666,1082.0304572010964,964588
2017-07-20,1082.5924072265625,1084.7471241492176,1062.3560689202095,1083.8571497799112,1287749
2017-07-21,1083.10791015625,1098.4724950059503,1075.5193383938856,1083.0142466753762,2017663
2017-07-24,1082.7801513671875,1086.2933900153614,1068.0245490448572,1078.892144390561,2063340
2017-07-25,1077.486572265625,1091.4458597826977,1068.02427480882,1086.808431703153,2963793
2017-07-26,1062.4034423828125,1072.521616150804,1054.9085327363728,1062.4034423828125,1973462
2017-07-27,1076.2689208984375,1080.2037021688518,1064.3239103150438,1064.7923421026278,1033335
2017-07-28,1080.437744140625,1083.8573185121732,1067.0874403435264,1075.5192111627466,616845
2017-07-31,1088.3541259765625,1090.5089574625345,1073.739080347128,1081.2808761848266,777721
2017-08-01,1075.7066650390625,1089.5722911010291,1068.4928615655406,1088.6354275661186,1176561
2017-08-02,1072.2403564453125,1079.2668332241153,1063.3401525254956,1077.3931060831012,848781
2017-08-03,1073.7392578125,1076.3625214147985,1055.938850925651,1070.835003772027,997619
2017-08-04,1084.2320556640625,1086.714652176853,1068.6332572231606,1071.771726732121,529318
2017-08-07,1077.06494140625,1087.4641014116366,1070.2726823192509,1086.7614539198782,576280
2017-08-08,1074.9102783203125,1078.7982845894353,1067.181154700805,1073.6455355097637,600256
2017-08-09,1082.5924072265625,1085.7308763369297,1068.1178009556797,1075.3317168181163,530763
2017-08-10,1078.4237060546875,1087.0429201040702,1073.6457243946884,1081.1406334655064,649594
2017-08-11,1071.67822265625,1076.2219879372465,1050.4113517521994,1063.9490984773754,843233
2017-08-14,1081.1402587890625,1090.2277871427907,1072.7084890064789,1076.877484987033,511994
2017-08-16,1069.2425537109375,1082.3586451080453,1057.7190848096109,1081.4685560024398,857454
2017-08-17,1063.29345703125,1070.6479288882058,1060.5297547407854,1069.2426332768002,494638
2017-08-18,1068.0242919921875,1070.3195616112728,1052.0976139537077,1060.4824957639764,357491
2017-08-21,1062.8248291015625,1069.7108678177829,1057.250536616576,1069.7108678177829,456594
2017-08-22,1058.140380859375,1070.4601581344716,1054.8613587750717,1068.1179995028265,568911
2017-08-23,1069.2425537109375,1072.2404717135514,1043.666129741281,1060.3423488343287,513036
2017-08-24,1063.902099609375,1072.7086388181667,1059.5925506579445,1068.3990898667362,483362
2017-08-28,1082.92041015625,1086.5273113177311,1055.0018355234758,1060.060920677743,751938
2017-08-29,1078.98583984375,1082.0775356910206,1067.368821860257,1082.0775356910206,578071
2017-08-30,1080.531494140625,1087.0895386363054,1072.0529480891419,1077.299360813042,674280
2017-08-31,1094.771728515625,1099.8775880983983,1072.0527919641888,1073.9732932403056,1131097
2017-09-01,1139.1326904296875,1142.0369452685482,1092.383165039481,1100.0654022730162,1523879
2017-09-04,1121.472412109375,1139.132264852591,1116.7412060532106,1139.132264852591,682612
2017-09-05,1130.1854248046875,1145.831116149211,1124.611131913865,1125.4074431320914,714964
2017-09-06,1129.904052734375,1136.8367498112218,1122.3622572637425,1122.6901365530748,370400
2017-09-07,1122.971435546875,1141.8492575813973,1118.5681085636425,1141.0997210505268,832839
2017-09-08,1127.936767578125,1129.8573835026673,1114.8675674694643,1119.5518849798405,477517
2017-09-11,1159.8837890625,1162.6474903733013,1123.8613223745879,1129.8572710638205,843302
2017-09-12,1177.0281982421875,1180.4008832901222,1158.0099416413125,1163.5842325980936,1461215
2017-09-13,1175.716796875,1182.3217302576224,1170.1425048270764,1171.1262572417545,913364
2017-09-14,1167.37890625,1182.3218345627718,1162.6476994393024,1178.5743802535394,754072
2017-09-15,1166.86328125,1170.7512869545849,1148.7817731778432,1152.8103312550181,912016
2017-09-18,1176.6536865234375,1181.384893021907,1169.955203878324,1171.0793943516126,419287
2017-09-19,1174.1708984375,1182.321563949238,1170.3296671591465,1182.321563949238,464997
2017-09-20,1159.18115234375,1177.5436524560994,1157.0263207379824,1177.1688842164167,473176
2017-09-21,1151.4990234375,1168.5031205844357,1147.6110166398782,1159.8371323179247,772766
2017-09-22,1136.6495361328125,1152.5293252422175,1128.826749504767,1141.146526261725,896125
2017-09-25,1121.3787841796875,1136.8370328064154,1116.7413553369597,1129.0611339333307,917093
2017-09-26,1099.877685546875,1114.6332848206087,1090.5090510873615,1112.0569103442424,740276
2017-09-27,1086.7615966796875,1104.1404593373938,1080.0630001723382,1099.034484941962,786410
2017-09-28,1058.6558837890625,1091.4461102781042,1052.0978384912542,1082.077474138378,2353175
2017-09-29,1060.2481689453125,1072.661607882001,1055.844957105502,1058.6555470534315,791548
2017-10-03,1076.2689208984375,1086.7617471950286,1063.8085896034097,1069.2424440846764,834092
2017-10-04,1081.1871337890625,1093.4131311985889,1075.0975223577686,1081.1402448789281,626750
2017-10-05,1080.437744140625,1088.166867391577,1075.1444429203614,1077.0650586855793,327057
2017-10-06,1084.2320556640625,1095.8490703024108,1080.203497309559,1082.0772241045452,344962
2017-10-09,1085.4501953125,1095.943136745628,1080.0164547940074,1095.943136745628,363972
2017-10-10,1089.572265625,1093.2728307560817,1081.1404940079535,1083.0142210339638,316767
2017-10-11,1087.32373046875,1101.5172350432047,1082.077317860856,1096.1302700408671,602214
2017-10-12,1085.6376953125,1088.6356133906536,1073.6926832034374,1083.482863069097,658884
2017-10-13,1100.11181640625,1102.7818541482634,1081.2808854702764,1085.6373230299848,417081
2017-10-16,1097.1138916015625,1110.1830898251083,1092.3826858532288,1106.435636357344,689380
2017-10-17,1121.56640625,1124.2364449340694,1096.1305338107177,1096.1305338107177,979278
2017-10-18,1105.1708984375,1122.174991493248,1096.1301440349978,1122.174991493248,523048
2017-10-19,1104.0936279296875,1108.543729527198,1097.207704119868,1100.814605699943,77085
2017-10-23,1100.0184326171875,1116.6008727999938,1085.8249260264213,1109.6680592003447,698954
2017-10-24,1145.6904296875,1156.0895919613472,1100.8146438853994,1100.8146438853994,2345084
2017-10-25,1125.8289794921875,1154.2628821802114,1119.5520389105359,1145.6905570849437,1015698
2017-10-26,1115.94482421875,1127.6556163245523,1106.1545334003767,1118.614861946232,808543
2017-10-27,1109.7615966796875,1119.55177355672,1104.1871907791992,1118.5212466796443,346755
2017-10-30,1107.8878173828125,1123.1118470552237,1105.0772272894444,1110.1830868804484,280643
2017-10-31,1108.77978515625,1116.2915253981453,1104.3666836121604,1109.8596207400344,279632
2017-11-01,1104.1787109375,1116.009792331653,1102.3477702846208,1112.6764120845617,260543
2017-11-02,1106.4793701171875,1109.812636106298,1094.836149717619,1104.6014350404848,245949
2017-11-03,1100.892822265625,1110.89285290461,1096.0572294798208,1110.282500871226,258595
2017-11-06,1091.4090576171875,1101.502960155853,1084.5076681077899,1096.7142479219901,314729
2017-11-07,1071.7845458984375,1093.5686634930462,1063.380831532588,1087.3245058849775,758497
2017-11-08,1100.65771484375,1107.4183499670762,1075.1648375901482,1077.0896522931305,691775
2017-11-09,1122.629638671875,1125.305673405563,1101.9723514896154,1105.9629637861883,884722
2017-11-10,1106.6673583984375,1121.9725784493871,1089.2025813117662,1121.9725784493871,1130647
2017-11-13,1103.2398681640625,1116.901891754864,1097.5121890790756,1111.73757027134,363501
2017-11-14,1084.5546875,1104.2260149627411,1082.0664001715186,1103.2400530299208,547558
2017-11-15,1109.4375,1117.3717324199852,1080.7989808077232,1084.5078579370445,829732
2017-11-16,1107.5592041015625,1116.4324014780696,1103.2868559602452,1110.798596256145,429230
2017-11-17,1099.81298828125,1121.0336368325081,1094.8364132819331,1113.6157685697879,454013
2017-11-20,1095.164794921875,1104.6483443905774,1088.873758093545,1101.4089521440617,255840
2017-11-21,1089.484130859375,1103.286908461893,1085.4465244101689,1097.2774930151938,421268
2017-11-22,1102.629638671875,1104.6953214317123,1084.5075191276053,1091.549775745317,731572
2017-11-23,1088.8265380859375,1106.0096867853522,1086.4322400671929,1103.7561421759149,482632
2017-11-24,1088.8265380859375,1092.9580174332325,1078.0754075597176,1092.9580174332325,406704
2017-11-27,1085.9161376953125,1089.2025246230544,1076.1508507574347,1087.3245892357734,373156
2017-11-28,1099.5311279296875,1103.1931247212738,1079.9536751770725,1086.8550645419414,445227
2017-11-29,1083.4276123046875,1104.5543807690856,1078.1694172997816,1094.8360901994733,516698
2017-11-30,1076.76123046875,1087.3246172948004,1071.6907818682291,1080.047617481299,1433116
2017-12-01,1064.5545654296875,1083.5686602036246,1061.2681786786366,1077.1836343821249,397188
2017-12-04,1052.5826416015625,1075.5403527447572,1048.8267713371501,1075.5403527447572,455769
2017-12-05,1046.9486083984375,1055.5401826828452,1040.4228310819967,1053.5213799309838,702853
2017-12-06,1036.9488525390625,1046.901886236508,1031.9253987720567,1046.7611327916936,723473
2017-12-07,1074.5546875,1080.751851561479,1039.2964035753953,1040.3762393832485,986078
2017-12-08,1066.19775390625,1083.0991714054244,1061.1273057324831,1075.0709522452873,593327
2017-12-11,1057.13671875,1072.9583009218743,1054.8362938274113,1072.3010694068705,551772
2017-12-12,1049.202392578125,1062.7704282062953,1033.803301404311,1062.7704282062953,1060836
2017-12-13,1048.4044189453125,1068.0757461807864,1042.2541347346573,1049.6720024013794,646677
2017-12-14,1054.8831787109375,1060.6109731706372,1047.3245577703128,1053.5217214430213,543059
2017-12-15,1050.4229736328125,1065.4464547373923,1047.8878070444405,1060.0943854419115,897594
2017-12-18,1067.7470703125,1070.37611092153,1042.2540760684333,1051.6437524294101,622558
2017-12-19,1068.263427734375,1079.3432916260642,1061.925396226349,1078.8738078106549,459494
2017-12-20,1066.19775390625,1072.2540493287584,1056.3385936983982,1068.075689183936,458160
2017-12-21,1068.4512939453125,1074.178973590267,1061.4090366883834,1071.3150764577535,460388
2017-12-22,1068.545166015625,1072.770520362787,1063.3808440357604,1067.6061983829222,377780
2017-12-26,1080.516845703125,1085.07081513337,1070.6106927752262,1072.3008801155495,820589
2017-12-27,1078.9208984375,1086.385645921425,1072.3011302007496,1079.812871918443,611258
2017-12-28,1074.5546875,1083.8973705164642,1068.873886915262,1076.0570129361035,536350
2017-12-29,1087.7940673828125,1100.9396150249008,1072.3480947513904,1075.2118774299406,965848
2018-01-01,1073.850341796875,1093.8972775647119,1068.6390256565855,1092.0193423242574,591349
2018-01-02,1073.0050048828125,1079.8125185869476,1064.8360342858684,1076.05664895708,516171
2018-01-03,1072.2069091796875,1078.8735548715076,1066.0097471932074,1078.8735548715076,593809
2018-01-04,1100.51708984375,1106.1039015630374,1075.963062653289,1078.873839470229,729965
2018-01-05,1112.9112548828125,1119.2492856530796,1096.1975871517145,1106.103740351785,1151320
2018-01-08,1109.859619140625,1118.1694588472346,1101.878395145113,1117.3713593716952,928875
2018-01-09,1120.2352294921875,1124.1318529481669,1103.3806939782626,1110.8924340303588,699621
2018-01-10,1105.54052734375,1116.5264029342384,1099.6249853365186,1113.615626160868,1102382
2018-01-11,1116.3856201171875,1117.3245878332102,1098.5922277465897,1107.8880310592313,475476
2018-01-12,1117.0897216796875,1119.7658710688206,1104.2259112487127,1114.5545549763792,390841
2018-01-15,1130.564208984375,1134.4608336015913,1110.2824131034718,1117.0430499371366,723833
2018-01-16,1116.1976318359375,1130.5638806426061,1111.7375361461618,1130.5638806426061,557253
2018-01-17,1120.8924560546875,1123.3807428602024,1106.479327816027,1114.3666777606534,506648
2018-01-18,1115.7281494140625,1130.6107615990036,1108.9206349320496,1122.0661801386952,500762
2018-01-19,1117.2777099609375,1122.066422396101,1106.010097351102,1110.8926836339976,722692
2018-01-22,1104.22607421875,1120.8457575490077,1093.0523350675192,1119.2495582217261,942542
2018-01-23,1098.4981689453125,1105.962915182824,1085.6342446296453,1104.2258481246677,1841634
2018-01-24,1080.798828125,1100.141540021283,1075.1650218666605,1098.5922203762232,1122469
2018-01-25,1080.2353515625,1090.5171167156566,1073.6625776202393,1077.9349265307412,1563047
2018-01-29,1081.737548828125,1093.1929064229719,1077.5590747019305,1083.5684895959712,1538762
2018-01-30,1057.9346923828125,1081.6906172378847,1054.883047846334,1080.751649688199,1404578
2018-01-31,1059.4373779296875,1070.2355072560538,1055.3997706813586,1059.155641751399,961596
2018-02-01,1082.6297607421875,1086.7142473231397,1057.277632780315,1057.277632780315,1103162
2018-02-02,1068.4512939453125,1077.934844127296,1055.3526266753806,1077.934844127296,872105
2018-02-05,1064.8831787109375,1070.4231107167318,1046.2916881915858,1052.7704732182863,1263378
2018-02-06,1042.4888916015625,1058.216600616943,1023.5686694739693,1042.2541496759598,1055719
2018-02-07,1052.6763916015625,1056.5261352457042,1039.0144838939327,1046.9487130461275,854461
2018-02-08,1055.446533203125,1062.254048023039,1042.2539931178867,1059.155409222501,1185917
2018-02-09,1061.737548828125,1072.5356755683624,1033.803264434902,1033.803264434902,666922
2018-02-12,1074.5546875,1079.8128838364041,1066.5734618368613,1068.5452711355024,646362
2018-02-14,1069.625,1074.178970087282,1058.216520356964,1074.178970087282,691596
2018-02-15,1066.150634765625,1070.3291090409684,1054.4605348796756,1065.7281452256739,471072
2018-02-16,1074.0380859375,1076.995856855494,1061.0334073641743,1067.1366968755613,734476
2018-02-19,1051.97216796875,1075.8689585314894,1043.7093231157023,1075.1177387175528,443677
2018-02-20,1057.6531982421875,1066.6672648805431,1044.8362667216763,1055.352658696412,662281
2018-02-21,1058.404296875,1064.0850970465524,1046.9489373103074,1063.240003231435,720563
2018-02-22,1049.8594970703125,1057.652972858368,1033.8031763829258,1054.1787244745142,1559398
2018-02-23,1034.5546875,1048.8739453373503,1031.831658167569,1048.8739453373503,1140118
2018-02-26,1037.37158203125,1042.2541683231088,1028.5452625466594,1042.2541683231088,1170283
2018-02-27,1042.582763671875,1045.0710510030412,1031.8785089586095,1037.3715617044204,610498
2018-02-28,1049.5308837890625,1055.399430444112,1032.159985690116,1036.6200811479534,1006756
2018-03-01,1050.61083984375,1055.5872992061954,1040.376070379005,1051.6436812495356,736217
2018-03-05,1038.451171875,1046.8080064430617,1032.8643605003213,1042.4887784049831,529677
2018-03-06,1034.3668212890625,1044.695466247617,1032.8644958554712,1044.695466247617,702294
2018-03-07,1039.671875,1042.2070416717288,1028.4042638010837,1038.2164293721125,669686
2018-03-08,1058.780029296875,1061.0335748577588,1040.000673989658,1046.7613106723093,751329
2018-03-09,1060.1881103515625,1070.422878340406,1055.7750092450206,1063.850106280421,1158526
2018-03-12,1062.44189453125,1064.7893136530602,1051.6437665709236,1062.0662845477457,527293
2018-03-13,1070.704833984375,1073.2400007365113,1056.5263310799874,1056.5263310799874,711550
2018-03-14,1067.60595703125,1074.6012184654503,1062.0660263266916,1070.375865073506,1360578
2018-03-15,1089.9534912109375,1092.7233994151393,1063.052050118726,1063.052050118726,1146702
2018-03-16,1054.2261962890625,1089.1088762535096,1050.1417089001395,1089.1088762535096,1946844
2018-03-19,1035.2586669921875,1055.3994740973574,1030.8924451762252,1052.7234396359793,855444
2018-03-20,1038.9676513671875,1048.826811185855,1025.493489205689,1034.742297159187,720303
2018-03-21,1036.1978759765625,1047.887978273244,1032.8644947137711,1038.967784909807,612237
2018-03-22,1039.5308837890625,1042.2539124302336,1032.8642375434747,1035.2116562651645,478426
2018-03-23,1044.7423095703125,1051.6436984171617,1026.3385677720255,1028.0286406581558,828523
2018-03-26,1049.34326171875,1050.704718857626,1033.8033024684953,1044.1319458174085,479675
2018-03-27,1062.0662841796875,1068.545183877653,1048.2635055962571,1050.704798558079,672158
2018-03-28,1052.0191650390625,1061.831329147399,1046.9487178313846,1061.831329147399,699839
2018-04-02,1079.9537353515625,1083.5217438800607,1043.6626104101356,1052.0194459591185,428944
2018-04-03,1081.78466796875,1086.1038964795978,1069.4372197472424,1075.165014433018,561118
2018-04-04,1066.667236328125,1087.0427882162933,1057.277559951997,1086.2916828782468,607619
2018-04-05,1073.1458740234375,1086.1975439246817,1068.1224213123237,1081.5027068825107,549137
2018-04-06,1073.7093505859375,1082.4417943005535,1065.7281267293738,1073.1459930024268,395626
2018-04-09,1086.8079833984375,1100.0005237912935,1070.3760506913545,1075.1178828348536,837112
2018-04-10,1086.1507568359375,1096.4324060709914,1082.5357545480915,1088.2634339078033,546269
2018-04-11,1085.3057861328125,1087.8879472911863,1071.5498864923693,1086.3856219048757,419140
2018-04-12,1094.0850830078125,1098.4982998279384,1075.0241080828334,1079.3433364399175,360744
2018-04-13,1091.2681884765625,1105.0240878700802,1087.183702005197,1098.5921822059668,639579
2018-04-16,1106.9019775390625,1115.963038173107,1084.5076222885475,1089.2024604802727,550645
2018-04-17,1104.22607421875,1114.930329494888,1097.6532999674478,1107.981945219494,432543
2018-04-18,1100.7518310546875,1112.6766744603676,1096.7142242782359,1107.0428685137329,465763
2018-04-19,1093.897216796875,1114.5545032943267,1091.6436717095037,1100.469989773337,620949
2018-04-20,1088.5919189453125,1094.7890813547538,1072.5355980508339,1093.8971081017478,727517
2018-04-23,1106.7611083984375,1109.29638979156,1075.493554843844,1090.0475532241105,554353
2018-04-24,1098.68603515625,1110.2822628238864,1090.9865461984875,1105.6344187586635,484112
2018-04-25,1092.06591796875,1097.4649797156173,1085.4931471464765,1095.7747927990222,280574
2018-04-26,1085.1650390625,1105.2120932599498,1079.3904787968195,1092.9585176394091,1638937
2018-04-27,1109.4840087890625,1125.9159405383675,1093.192945093049,1094.1319126215808,803227
2018-04-30,1128.357666015625,1133.3342416738333,1110.2356545355703,1117.0900513510965,505974
2018-05-02,1147.7000732421875,1155.4934350742344,1124.319758505924,1126.9957930784947,2011978
2018-05-03,1133.0994873046875,1154.930490478364,1127.7004220036708,1145.8225479055593,641515
2018-05-04,1117.7938232421875,1138.0286188729765,1106.1975974507852,1138.0286188729765,743905
2018-05-07,1141.0802001953125,1146.2915154208963,1107.981597391869,1119.249206856871,728801
2018-05-08,1136.0567626953125,1149.2961810728768,1131.4557991771378,1144.601343731893,627060
2018-05-09,1147.934814453125,1154.0849830819009,1124.507505505474,1124.507505505474,729538
2018-05-10,1143.3807373046875,1162.4418243763307,1133.803314163505,1156.8080190885617,1904962
2018-05-11,1207.9346923828125,1213.0521340207624,1154.7891549011606,1161.5027954382547,4723019
2018-05-14,1218.169677734375,1225.3528032984154,1191.1743573551953,1206.57344999116,1553283
2018-05-15,1234.4136962890625,1242.6765418483023,1210.1414083649504,1212.2070910997452,1368261
2018-05-16,1242.9111328125,1250.7046082766572,1221.4557501065383,1225.4933558761709,736281
2018-05-17,1229.5308837890625,1248.8267107696513,1223.9910675200344,1233.0051321324067,751423
2018-05-18,1228.498291015625,1236.057026378856,1209.0147124515959,1225.3527723401457,939743
2018-05-21,1222.2542724609375,1234.4608531923016,1212.0664953130088,1225.3529118792414,692442
2018-05-22,1208.310546875,1222.5359302780578,1200.9396734451889,1218.7800595245153,708573
2018-05-23,1200.56396484375,1213.2870218244645,1192.1132563423344,1202.817510034808,509522
2018-05-24,1214.6483154296875,1223.3807588864672,1185.91593331843,1199.1553519302781,774173
2018-05-25,1213.4747314453125,1230.0475321885067,1201.878504733808,1220.6578563702737,773652
2018-05-28,1241.17431640625,1250.6109867655834,1212.7236665024159,1215.49357511293,657272
2018-05-29,1220.1883544921875,1248.8268653132816,1210.329195029188,1245.0709950416626,769331
2018-05-30,1214.8831787109375,1221.5498255953319,1205.0240191351236,1211.268176457152,478025
2018-05-31,1225.02392578125,1231.6435776355504,1208.4511271047922,1220.8454517911798,1400776
2018-06-01,1214.13232421875,1230.047782116419,1212.0196467303822,1227.2308787985953,368820
2018-06-04,1206.0570068359375,1218.3105810716263,1187.7941310640517,1215.9631618402743,939794
2018-06-05,1195.8692626953125,1214.3669955115681,1193.005479927523,1198.357550071976,524237
2018-06-06,1185.7286376953125,1193.3342542977127,1169.0619584861827,1193.3342542977127,1211557
2018-06-07,1212.0194091796875,1217.840962380821,1179.3432912492763,1192.6297055516154,701247
2018-06-08,1200.798828125,1209.9068836470003,1194.3669222616795,1197.1838253802212,442333
2018-06-11,1204.9769287109375,1216.8078952080089,1197.371200958492,1200.939322981122,373098
2018-06-12,1209.1083984375,1213.1460045172748,1197.371304740545,1200.5169375473733,401090
2018-06-13,1207.8880615234375,1213.8504834416995,1203.7095865233366,1211.2683222895319,566241
2018-06-14,1213.3126220703125,1216.6617544347444,1198.1238311798204,1207.982363096111,507824
2018-06-15,1209.633056640625,1213.8312752517722,1196.3310778416183,1212.1803175776697,1048699
2018-06-18,1209.49169921875,1216.6615498761864,1199.0670341709265,1216.42569876797,512049
2018-06-19,1197.3690185546875,1214.77490174107,1193.4067654770677,1200.9540019385827,572488
2018-06-20,1199.3502197265625,1202.8407704073843,1188.6897025202386,1202.8407704073843,484907
2018-06-21,1182.0858154296875,1207.4634190167392,1175.481984058572,1200.0105005798584,1179247
2018-06-22,1195.9539794921875,1201.4729885967809,1170.010352685519,1190.104916967726,646452
2018-06-25,1182.51025390625,1200.1047698138157,1178.595217594185,1196.236834626931,936253
2018-06-26,1202.4632568359375,1207.4161300662124,1182.0857442922838,1183.9725531419124,1262632
2018-06-27,1195.4349365234375,1212.2746824259696,1191.5197851392993,1206.755789588894,857951
2018-06-28,1196.6142578125,1201.3783813090276,1179.2555924591654,1195.4350022200408,729637
2018-06-29,1192.8876953125,1199.16135785621,1181.2838898245554,1196.4726782408127,622680
2018-07-02,1219.8692626953125,1224.4918527217128,1189.6331017139594,1194.8218265826563,1437438
2018-07-03,1218.7369384765625,1234.5389620127887,1215.1991720132282,1225.104918110564,1399979
2018-07-04,1216.80322265625,1226.3786866149794,1210.152174579658,1222.6522847438994,619316
2018-07-05,1246.61474609375,1254.7280018705007,1205.954034629381,1221.5202090886767,1733903
2018-07-06,1248.265625,1259.8223295490716,1234.9636452452407,1250.0109002056877,1662920
2018-07-09,1285.954345703125,1290.4827322930091,1250.2465168855279,1254.7276871969455,1391869
2018-07-10,1292.888671875,1297.6529107417425,1278.3131181788885,1285.6717194625992,796987
2018-07-11,1282.841552734375,1306.379450184488,1280.5301424906195,1283.0301875796379,784238
2018-07-12,1281.0489501953125,1300.9547614387989,1269.8224139932004,1292.464121226363,953054
2018-07-13,1290.3887939453125,1296.6152409641606,1281.8037203817505,1282.558490088994,655594
2018-07-16,1282.6058349609375,1315.9551662278016,1274.6339965901332,1292.464367465612,1234066
2018-07-17,1298.3603515625,1305.2000337051545,1276.5205158953447,1288.12443649169,1166581
2018-07-18,1314.162353515625,1320.7189681522725,1299.586801330605,1307.558522593436,1085504
2018-07-19,1323.5965576171875,1328.7852825401344,1315.0587005429368,1316.0493213656284,848175
2018-07-20,1317.4171142578125,1325.2474173532948,1303.3132636224075,1323.5964595455937,575194
2018-07-23,1352.0872802734375,1381.5215697037909,1317.5586986839662,1344.4457268730787,1975242
2018-07-24,1384.6815185546875,1392.6532380030847,1344.8226909894104,1361.3322645371582,2171087
2018-07-25,1368.0780029296875,1406.2386673341734,1340.9079083727613,1370.7666826127313,4310816
2018-07-26,1352.7001953125,1375.3418978896707,1341.7567287658653,1366.1437062176951,1732715
2018-07-27,1353.644287109375,1371.710511165667,1344.6819419538908,1355.6726303611167,630981
2018-07-30,1349.257080078125,1369.6818106905143,1346.2382317198803,1353.0779143968034,750392
2018-07-31,1369.2572021484375,1374.1628590818418,1345.2947067793598,1349.0683244701854,1221636
2018-08-01,1355.8609619140625,1377.323415247987,1349.823264973649,1375.4838224554685,1121286
2018-08-02,1338.1248779296875,1362.1816910993734,1334.7757461100223,1355.8608122675885,836564
2018-08-03,1331.945556640625,1345.5306038237488,1327.3700680666184,1343.4079438001881,1002287
2018-08-06,1318.3133544921875,1340.483358277293,1315.7660934709381,1339.63427127021,795996
2018-08-07,1343.643798828125,1356.6156101210067,1319.822836272106,1319.822836272106,1915936
2018-08-08,1345.058837890625,1365.719417507076,1336.8040493010806,1349.9644947591714,1063862
2018-08-09,1337.1343994140625,1352.7948917185229,1334.0683346643882,1350.8609815118944,903734
2018-08-10,1338.3135986328125,1358.4081605169324,1329.4927896035606,1339.6343879631406,997053
2018-08-13,1320.058837890625,1341.1439068910586,1317.9361776188696,1333.974055227689,875198
2018-08-14,1316.1435546875,1336.5210682322902,1312.7945379118776,1328.219177983061,729379
2018-08-16,1315.8607177734375,1330.2004209272689,1308.502116188739,1321.7097799426267,1050412
2018-08-17,1321.379638671875,1325.6249592518757,1311.3323569335353,1323.5966163868704,537229
2018-08-20,1329.3511962890625,1350.0117769135763,1318.8794298568691,1326.4266655069798,1259905
2018-08-21,1323.8795166015625,1345.2475353591738,1316.4265983812834,1336.285193044558,1520772
2018-08-23,1315.8134765625,1332.0872048082094,1311.9926421270936,1330.200395736243,859955
2018-08-24,1314.63427734375,1331.143857432387,1306.6625547370563,1316.0493842084904,919355
2018-08-27,1320.5775146484375,1327.369980209576,1317.464234088609,1318.407638481082,785772
2018-08-28,1327.8421630859375,1339.3045536362151,1321.7100323150255,1322.6534370490122,1290318
2018-08-29,1315.1058349609375,1333.7380732970053,1312.2756215428005,1333.7380732970053,743529
2018-08-30,1300.6717529296875,1319.539843145026,1295.8133118285846,1315.2002054278348,1062266
2018-08-31,1294.775634765625,1313.2192412953355,1286.9925465898446,1304.7285996490295,1006329
2018-09-03,1284.539306640625,1308.9735017047797,1278.3128611243073,1305.6715865653441,817733
2018-09-04,1237.0863037109375,1287.3696918949095,1228.784298470421,1283.0300544489614,1789240
2018-09-05,1246.5201416015625,1254.7277129070435,1228.7368785035917,1240.1049463280515,1222703
2018-09-06,1240.10546875,1256.5678345755325,1233.9733382464815,1252.7942158041367,726455
2018-09-07,1241.520263671875,1247.9354600351542,1235.8598369378087,1247.9354600351542,912914
2018-09-10,1219.916259765625,1243.4070533815725,1208.0293868399874,1240.199455249467,1121083
2018-09-11,1224.3974609375,1238.9731290076807,1213.8784781284078,1221.7087812466286,1676544
2018-09-12,1217.935302734375,1229.727859887109,1207.5578524399689,1229.727859887109,1111171
2018-09-14,1258.4073486328125,1260.9073937154096,1224.1146163719666,1225.2938720560514,1498792
2018-09-17,1234.5863037109375,1254.6807501669452,1228.3126408463218,1254.6807501669452,965321
2018-09-18,1218.972900390625,1256.3789108958504,1212.2747516434522,1232.086245639182,1088372
2018-09-19,1218.2652587890625,1244.5390485098362,1214.1614726481105,1230.3879823950565,929673
2018-09-21,1230.9072265625,1249.8696371411245,1143.3121271680702,1218.9731346157964,1867297
2018-09-24,1199.963623046875,1242.1338843757408,1184.9163633823023,1226.4261722905994,1691456
2018-09-25,1216.8974609375,1231.0013118390132,1186.0009642390007,1199.8218628937188,1262738
2018-09-26,1209.444580078125,1229.7277770139126,1201.8973440089947,1226.425861233668,1338324
2018-09-27,1214.6331787109375,1239.6333955931432,1204.2085139085946,1221.5200769733456,1901166
2018-09-28,1220.1051025390625,1240.576934403326,1213.218203530553,1219.8220351205327,1549540
2018-10-01,1207.3690185546875,1233.8786596315651,1197.180204789681,1225.4823372906192,1143818
2018-10-03,1180.9063720703125,1197.180096790275,1175.6233308457295,1193.31216206308,1236645
2018-10-04,1155.3873291015625,1169.0666929783572,1145.2929480295618,1158.5006097037083,1557441
2018-10-05,1141.0477294921875,1169.8215664078648,1124.39661722832,1152.3213670715265,1344685
2018-10-08,1177.1800537109375,1183.0291149129846,1133.1229992340025,1141.5193214072658,1050759
2018-10-09,1133.4061279296875,1184.8216703942335,1123.5946986288884,1183.029178909006,1088738
2018-10-10,1156.5667724609375,1170.623523415321,1114.0664661963303,1137.651580159494,803576
2018-10-11,1150.05712890625,1152.3684235191297,1123.0756721329171,1133.0286341764017,781348
2018-10-12,1189.8216552734375,1194.3028264448267,1164.0667826906702,1164.0667826906702,1000950
2018-10-15,1179.5384521484375,1186.047849743159,1171.2364481748423,1183.9724063305898,728514
2018-10-16,1195.859619140625,1210.2937552378405,1181.6614493494235,1185.859553653688,908616
2018-10-17,1187.7459716796875,1209.6801208786967,1183.972354613191,1209.632904600704,698043
2018-10-19,1165.4818115234375,1214.1614552274975,1151.3778467343993,1192.4631541628257,1449043
2018-10-22,1132.462646484375,1176.5668014713651,1123.594622235406,1174.5384590118224,1949683
2018-10-23,1074.0186767578125,1122.6512189017972,1054.7261031363103,1070.9526125045093,8272850
2018-10-24,1119.726806640625,1131.1419778804773,1085.056691805673,1094.3492029535894,2370198
2018-10-25,1132.1326904296875,1140.5288989001847,1108.5003600924033,1113.6890851821977,1995349
2018-10-26,1122.9345703125,1133.972358351576,1102.226769713138,1132.085549103071,1440249
2018-10-29,1131.0672607421875,1147.7582233953576,1122.0360771570483,1129.885174693771,1186190
2018-10-30,1131.3037109375,1142.3679904980465,1111.6810819616437,1129.8852076380406,1075337
2018-10-31,1163.551025390625,1167.8537495774408,1119.5300923841078,1140.0983907424388,1561884
2018-11-01,1151.6353759765625,1177.1684305870372,1147.8527012194552,1166.0094938783416,1200280
2018-11-02,1179.2490234375,1221.3786157187023,1173.8114276999172,1174.520679317863,2235848
2018-11-05,1176.459228515625,1192.1573063297824,1165.5367085201847,1183.9772487361226,756887
2018-11-06,1171.210693359375,1186.8142270214096,1167.9008528856102,1174.7096213992681,815046
2018-11-07,1182.9842529296875,1185.868588734616,1171.8726453398695,1182.0859138104227,100134
2018-11-09,1225.20849609375,1237.7859375338141,1188.5638294387038,1191.3536217114245,2026920
2018-11-12,1209.3212890625,1243.4599091311472,1205.8695749078372,1224.641077212238,1100286
2018-11-13,1215.0897216796875,1225.2083304775579,1208.0444206832376,1208.0444206832376,1632176
2018-11-14,1248.8031005859375,1265.257646944139,1231.2608964770207,1240.7175853900546,1631802
2018-11-15,1246.675048828125,1259.488789992308,1242.0412492761257,1248.2826393854389,1065640
2018-11-16,1249.5118408203125,1257.550023106306,1241.8518335855729,1248.2824255895875,1113304
2018-11-19,1240.859130859375,1257.597419636372,1234.0975769859765,1256.793624378822,784645
2018-11-20,1235.84716796875,1258.732420706031,1233.8139570931164,1245.4457287532875,867729
2018-11-21,1252.254638671875,1269.5604247147314,1242.372445414509,1256.7938953041923,1374789
2018-11-22,1242.9869384765625,1258.4012687274444,1237.6438873366446,1257.7393468253963,691593
2018-11-26,1276.1798095703125,1283.7924881775807,1251.6869690926505,1257.6919417744127,2149117
2018-11-27,1266.8177490234375,1273.6266328273375,1254.0040075874865,1273.6266328273375,1130756
2018-11-28,1252.3018798828125,1280.9556900455477,1247.4789922002556,1279.3953134734631,1205630
2018-11-29,1276.9365234375,1281.3811202624418,1258.4013241075968,1263.4134145170642,3556169
2018-11-30,1272.822998046875,1287.7646127043824,1269.2295255228587,1279.30092230264,1030541
2018-12-03,1265.966552734375,1285.1636721581744,1262.514954574616,1271.9243112970894,710748
2018-12-04,1257.21923828125,1281.0973735496136,1254.3822321107514,1263.933578568558,830261
2018-12-05,1257.2666015625,1270.033129671634,1251.6871328568182,1256.3209328136752,864628
2018-12-06,1224.7353515625,1252.9635355116468,1216.6971686542104,1252.0651965382967,896350
2018-12-07,1247.0062255859375,1252.0655307380846,1227.8564317812197,1235.516326215489,1037026
2018-12-10,1204.9710693359375,1235.2797988043203,1193.717703614997,1210.4559942350468,1074399
2018-12-11,1251.6871337890625,1263.8389541328952,1184.1191478104424,1199.107974402862,1746513
2018-12-12,1258.5904541015625,1264.5480974507784,1240.5754197898736,1251.1196485321616,986580
2018-12-13,1248.471923828125,1270.2223065807968,1244.5001609789592,1265.7303797079624,1175211
2018-12-14,1268.0943603515625,1277.5983766864495,1248.282647835761,1260.3872530203057,1869410
2018-12-17,1263.2716064453125,1271.8771691860072,1257.7394672147288,1267.1961549381479,665295
2018-12-18,1282.043212890625,1287.0553039674248,1255.4227271318532,1265.7304252393112,1581385
2018-12-19,1324.1728515625,1330.367028912696,1295.5663678918943,1295.5663678918943,3334213
2018-12-20,1348.334716796875,1353.772312782339,1313.581385933258,1314.3851813826209,2578234
2018-12-21,1312.77734375,1355.9944759141486,1307.197990342968,1355.9944759141486,2098064
2018-12-24,1283.3199462890625,1313.486689953203,1277.6931474247363,1312.5883507298852,1649577
2018-12-26,1288.946533203125,1300.2000146510622,1274.1941234822536,1293.6275474382776,1790087
2018-12-27,1297.9305419921875,1309.514985809604,1280.7194144958355,1286.1570105733983,2174090
2018-12-28,1291.7835693359375,1307.859938793266,1285.1638877946846,1307.859938793266,1705033
2018-12-31,1298.450439453125,1303.1314532878926,1293.012844492018,1300.294447221228,698593
2019-01-01,1297.0321044921875,1304.739212954873,1284.7856241213153,1298.5923656805774,664707
2019-01-02,1308.1436767578125,1311.5007316824615,1287.6225948558802,1292.7292293836372,1233780
2019-01-03,1312.8720703125,1318.120463005969,1303.1316352813878,1306.725222976267,1636293
2019-01-04,1310.5552978515625,1325.2604962731546,1306.3471171781705,1312.5885091918942,1202397
2019-01-07,1320.1534423828125,1329.0427508274452,1308.5690013590379,1310.6967558327924,1074373
2019-01-08,1325.1182861328125,1335.9461467381145,1319.680691024685,1324.8818689541984,1232440
2019-01-09,1325.82763671875,1337.1756621400232,1321.2411661986023,1326.300471111303,973687
2019-01-10,1320.484619140625,1323.9363333831343,1313.2030154822526,1314.4796452875405,1004783
2019-01-11,1327.387939453125,1329.7993254581386,1316.7491662125651,1323.699808308782,473391
2019-01-14,1313.155517578125,1333.9602287221883,1310.176638122156,1327.7188384665837,1360800
2019-01-15,1329.5628662109375,1337.60105018283,1313.1555373088656,1313.1555373088656,1355920
2019-01-16,1314.2431640625,1336.1826332002734,1312.3044969221096,1333.3929565232056,1189597
2019-01-17,1314.1011962890625,1322.5176707673309,1308.616387117548,1314.4794868549088,853829
2019-01-18,1324.361572265625,1328.4279935055051,1307.85970102731,1315.4250499848072,1092189
2019-01-21,1344.8353271484375,1347.3887016961628,1319.3968180743611,1319.3968180743611,2513582
2019-01-22,1330.5086669921875,1354.2450461335884,1300.5310123199095,1346.5378223548917,5483768
2019-01-23,1320.6739501953125,1351.7863646954731,1314.4797727169823,1351.3608598651565,2702265
2019-01-24,1325.6856689453125,1336.702732595173,1320.6263643927548,1323.9362049050173,1562800
2019-01-25,1297.599365234375,1336.891831529739,1279.773532840107,1331.8798565456896,1613548
2019-01-28,1304.5501708984375,1315.425362609443,1292.5874369287133,1300.2946610984789,1590764
2019-01-29,1317.6002197265625,1323.9361537155442,1298.592186883475,1302.1857740473602,1061762
2019-01-30,1314.8580322265625,1339.823713715554,1297.5522455685548,1318.262417102767,1313152
2019-01-31,1335.8516845703125,1338.1213127112908,1315.4725917915166,1323.936281127779,1256050
2019-02-01,1378.0284423828125,1389.8020874640426,1331.6906741016267,1335.6625520742896,2077539
2019-02-04,1367.7679443359375,1373.8675769063386,1356.0889586098626,1365.5456459083973,735159
2019-02-05,1371.5506591796875,1387.2015232895728,1364.6945606886763,1366.444024802215,786962
2019-02-06,1389.56591796875,1395.9963972870744,1373.3950027125102,1378.6433958945875,1088914
2019-02-07,1392.4500732421875,1396.563825152896,1377.839535462113,1387.3435537247865,697412
2019-02-08,1370.0848388671875,1399.5896557040992,1366.4912516840698,1388.2416314686604,1018518
2019-02-11,1359.0205078125,1378.1230854075309,1349.4692767340232,1369.2337762643444,728051
2019-02-12,1373.2054443359375,1377.7447000997838,1357.2709504301715,1360.344373589132,947583
2019-02-14,1323.1796875,1345.8285236450113,1320.6264280141954,1340.6273454466025,915441
2019-02-15,1317.884033203125,1328.6173511307916,1297.5521537468599,1324.6929179117965,1113223
2019-02-18,1305.070068359375,1325.5437023089003,1271.92433595716,1325.5437023089003,1460282
2019-02-19,1302.9896240234375,1321.0518735052756,1296.5118163727934,1297.5048147049833,697530
2019-02-20,1321.004638671875,1322.801432301125,1301.240139626274,1305.022814450769,843469
2019-02-21,1321.85595703125,1331.3598596557201,1314.7634406974253,1322.9907134694254,677142
2019-02-22,1321.85595703125,1331.2653158588876,1308.9947683954415,1322.9907134694254,801380
2019-02-25,1322.281494140625,1329.4213402663447,1315.7563558664726,1323.8890850403302,711217
2019-02-26,1325.82763671875,1330.5559806442805,1303.6989640596505,1321.0047490023258,1147218
2019-02-27,1329.32666015625,1353.1102548909032,1319.2080496069036,1327.7190692817867,1462017
2019-02-28,1328.853759765625,1338.121360237914,1325.3075017437932,1337.932272651984,1230935
2019-03-01,1316.7020263671875,1340.9111263205016,1312.6829336748451,1332.4474361201007,783876
2019-03-05,1327.5770263671875,1333.1564949737567,1307.5761095972205,1317.7893780783331,1214257
2019-03-06,1317.9783935546875,1333.392839218757,1311.216954841021,1331.501501858163,720335
2019-03-07,1319.63330078125,1329.1373171000967,1316.3707900415045,1322.6121801825354,746742
2019-03-08,1307.2452392578125,1318.8770116433761,1305.0229406710985,1318.02588663793,524331
2019-03-11,1342.6605224609375,1345.686616251979,1309.7512041524883,1313.72296668299,1342007
2019-03-12,1350.509521484375,1366.822307454452,1343.9843840087283,1344.7409651854712,1333909
2019-03-13,1350.6986083984375,1361.195507554524,1340.012506245388,1361.195507554524,708227
2019-03-14,1356.79833984375,1368.3354532754802,1342.8497247451646,1359.4934728938251,1113700
2019-03-15,1354.7177734375,1377.8393275076799,1351.0296423352795,1356.0889469087253,1667627
2019-03-18,1367.0587158203125,1381.2437470070993,1358.5476971082405,1367.4370064062427,1148000
2019-03-19,1374.90771484375,1380.5343973059444,1361.7628971241734,1363.6542344812904,886660
2019-03-20,1377.035400390625,1386.3502133202044,1369.801012274431,1382.5675387954561,764625
2019-03-22,1391.3150634765625,1399.4951207521617,1373.678319278438,1379.730621996469,1380404
2019-03-25,1378.3594970703125,1395.4287483032683,1372.6381551056302,1385.4992266852119,848078
2019-03-26,1404.365478515625,1411.1742476077902,1381.1492636161352,1381.1492636161352,1630147
2019-03-27,1392.0718994140625,1415.6189618108085,1383.9863844400804,1412.8292848332628,1387002
2019-03-28,1415.666259765625,1426.9669562785643,1393.443041926953,1393.443041926953,1353947
2019-04-01,1411.64697265625,1422.2857456874895,1409.046383693058,1415.429647511802,707570
2019-04-02,1436.7547607421875,1440.6791942032387,1403.8927675010887,1411.8836232794417,1326634
2019-04-03,1416.233642578125,1446.7314629024575,1411.8835889683191,1438.5987339035871,1606692
2019-04-04,1436.4705810546875,1442.1445925664243,1421.3398836900562,1423.042133318801,1409222
2019-04-05,1432.1678466796875,1440.8680675581413,1421.3399867680919,1437.4163538838986,1129222
2019-04-08,1415.0516357421875,1431.7427149185203,1405.2639857126296,1431.7427149185203,925518
2019-04-09,1366.3494873046875,1394.766879770046,1359.115098189801,1385.120989137504,2642226
2019-04-10,1333.2510986328125,1372.165391790859,1328.9955891475893,1371.0306354366994,2608319
2019-04-11,1345.82861328125,1354.1504296901135,1331.5017074747104,1333.109298304238,1494450
2019-04-12,1360.4864501953125,1366.302336437076,1348.3346291315838,1354.906981154937,1510649
2019-04-15,1353.77197265625,1372.59068603174,1349.4691342170524,1369.280845828685,791389
2019-04-16,1379.730712890625,1385.310181630095,1361.9994237427845,1364.3635956291635,1463057
2019-04-18,1389.7547607421875,1399.4951949641304,1380.9601107007227,1384.459038872368,1425676
2019-04-22,1364.930908203125,1380.6289856866995,1357.0345975696898,1380.6289856866995,737603
2019-04-23,1353.2518310546875,1375.8533347587977,1348.4289440525881,1370.2738666654382,601653
2019-04-24,1371.2669677734375,1380.10894718018,1353.2519325589012,1357.9802761387716,1154712
2019-04-25,1369.281005859375,1380.6763603512036,1359.96619185832,1371.2196729515379,1161847
2019-04-26,1370.0377197265625,1380.0617862535098,1357.9804421241372,1371.219805766016,704193
2019-04-30,1383.6553955078125,1396.752885941036,1376.23191815221,1376.8938401693624,1525776
2019-05-02,1358.5477294921875,1392.8755519577217,1352.4008824980565,1385.4047456003152,774788
2019-05-03,1360.391845703125,1376.8937194484804,1354.3867567053398,1365.3566067107517,1020007
2019-05-06,1336.0411376953125,1369.8960168160984,1332.0220446609408,1356.987612571025,1161960
2019-05-07,1312.3992919921875,1349.2803775858329,1301.5713142665818,1349.2803775858329,2863939
2019-05-08,1310.4129638671875,1319.2077282306175,1288.5680417776482,1306.9140361395794,1414591
2019-05-09,1280.624755859375,1317.931462576276,1273.390481251083,1309.7040740269754,2628463
2019-05-10,1268.18896484375,1276.652652923088,1242.7031259540388,1242.7031259540388,3476379
2019-05-13,1260.1038818359375,1272.1611610054747,1251.734734676468,1268.1893975719279,862130
2019-05-14,1248.5191650390625,1262.2313618904666,1231.355254168482,1257.7394353356963,2167873
2019-05-15,1234.99609375,1256.79380524571,1230.9770014457906,1253.9567989133268,996276
2019-05-16,1233.5303955078125,1242.608792824392,1225.444881160091,1240.7174552401843,726485
2019-05-17,1248.282958984375,1258.448899748831,1230.3152497262665,1234.0979253595526,860934
2019-05-20,1299.301513671875,1303.5098088099862,1262.467762579342,1267.1961062594144,976630
2019-05-21,1283.9818115234375,1308.805617491024,1279.206137914439,1308.805617491024,1166297
2019-05-22,1294.100341796875,1299.1124322968915,1274.808791840618,1286.5823214849288,840075
2019-05-23,1293.4385986328125,1313.5340621465741,1283.9345803016545,1313.5340621465741,1527569
2019-05-24,1309.2784423828125,1324.361813438352,1301.382131058081,1316.3709583220477,980933
2019-05-27,1292.5872802734375,1315.141456392144,1288.662731957049,1311.547984481656,782730
2019-05-28,1290.22314453125,1313.392029059899,1286.1095085290856,1295.5188664787536,1562891
2019-05-29,1284.4544677734375,1292.6817390063663,1273.9102390420364,1286.8659690510563,582768
2019-05-30,1299.9163818359375,1316.371042960563,1280.3410827602522,1290.837983937621,1032259
2019-05-31,1330.839599609375,1350.414895405358,1305.9684667750696,1305.9684667750696,2559888
2019-06-03,1379.967041015625,1385.3573063934464,1352.3062317302338,1354.1502395073642,2867897
2019-06-04,1344.268310546875,1375.9482179709482,1340.0601302135422,1375.9482179709482,1493226
2019-06-06,1350.9349365234375,1382.4256319160866,1347.483223015629,1356.9871232659339,1985857
2019-06-07,1341.2891845703125,1361.6210617266177,1336.2772096969518,1351.3605793655856,878470
2019-06-10,1345.308349609375,1363.6543465690013,1341.4311307962055,1351.360652737242,800967
2019-06-11,1348.051025390625,1355.4745032144865,1332.9203228958863,1350.4151976554278,743047
2019-06-12,1348.00341796875,1361.668400106042,1343.795238379877,1352.2589271684049,874293
2019-06-13,1359.080322265625,1368.065182894636,1352.1872286470987,1358.6525214999008,1572720
2019-06-14,1343.2022705078125,1361.2669267737112,1341.538420588585,1359.6030768544838,546091
2019-06-17,1332.933837890625,1354.8491637710938,1330.0340549310563,1347.2429930271157,962166
2019-06-18,1312.11181640625,1340.9676985735418,1308.3087316774884,1335.8335109775264,1177437
2019-06-19,1313.15771484375,1327.6569761820415,1304.4581348285867,1313.9658471815646,692212
2019-06-20,1323.5213623046875,1335.7387514764341,1293.7145863246753,1298.3259204234132,991210
2019-06-21,1314.916748046875,1325.9932572422515,1304.4582634275578,1312.0168490689557,1242165
2019-06-24,1308.4039306640625,1329.1782600862684,1300.8928142797117,1317.7690046348841,757055
2019-06-25,1295.9962158203125,1304.885903440018,1293.3815949874027,1303.5073316070411,1388994
2019-06-26,1293.00146484375,1302.1289627501826,1285.4428789547526,1293.0490498361416,960174
2019-06-27,1294.3800048828125,1302.2238677069515,1291.2899983157276,1294.0947270830118,2113899
2019-06-28,1291.2900390625,1304.3631441819211,1283.636283822751,1297.8027991279857,1131371
2019-07-01,1287.2015380859375,1306.8349861537629,1284.539448420039,1300.6549734873392,739182
2019-07-02,1279.5006103515625,1293.0491027888722,1274.699168361675,1289.2460171924345,1171118
2019-07-03,1285.4425048828125,1303.5071554691833,1283.0655771740794,1289.2931741953294,1378288
2019-07-04,1292.763671875,1299.0863241426364,1284.6346470117087,1289.2458645392057,902077
2019-07-05,1291.812744140625,1305.8366189185992,1284.9196531480613,1296.7568238684034,966162
2019-07-08,1274.271240234375,1291.5277626148202,1267.0928704645223,1291.1474308810157,866416
2019-07-09,1255.9688720703125,1278.6923290769612,1227.6834262382974,1278.6923290769612,2037332
2019-07-10,1257.82275390625,1274.3661965415101,1247.4594403348028,1252.9263749142663,1115080
2019-07-11,1266.8551025390625,1271.1811581403572,1246.50869068759,1252.165733186874,757323
2019-07-12,1294.9033203125,1302.1292772438171,1260.2001572845645,1266.8555584132098,1050985
2019-07-15,1286.5362548828125,1299.7044146574585,1280.7365729527864,1295.7586904058905,666533
2019-07-16,1304.743408203125,1307.3104441053554,1278.7873071430568,1285.442705767593,782642
2019-07-17,1327.1817626953125,1335.6911199304857,1307.7860037674857,1309.2121608054,1599926
2019-07-18,1316.7706298828125,1326.658674347462,1309.4021525071812,1326.3259276136553,802222
2019-07-19,1301.7008056640625,1330.5092189827105,1297.8026670192687,1321.667000541282,842552
2019-07-22,1335.072998046875,1340.587517949344,1292.145767182575,1300.4650159641756,1279369
2019-07-23,1358.98486328125,1372.8661003221862,1332.8386539003639,1339.636691551583,2262423
2019-07-24,1410.3741455078125,1419.9769122613677,1326.468579718013,1360.0783213859302,7400250
2019-07-25,1422.2113037109375,1429.817474527119,1387.2229875930766,1408.3776501755813,4194809
2019-07-26,1451.3046875,1455.4406351704438,1412.4657062372228,1414.8426342956664,2420636
2019-07-29,1438.7547607421875,1462.5240447458582,1432.4321079850197,1449.8312703000895,1634196
2019-07-30,1434.4761962890625,1451.8277724827828,1428.7239835100522,1436.7104856278447,1436383
2019-07-31,1446.2181396484375,1449.9261707727667,1421.5456718881903,1432.8122881013503,1249734
2019-08-01,1430.62548828125,1456.058619837956,1420.1195353495336,1440.4184788190519,2263295
2019-08-02,1469.132080078125,1473.6958297171227,1430.4357263286522,1434.714198092347,3044783
2019-08-05,1450.3065185546875,1474.6462398559163,1446.788595218915,1457.722464824552,1443728
2019-08-06,1488.7652587890625,1492.5683440960875,1449.0230869672237,1454.680129937042,2056715
2019-08-07,1482.442626953125,1497.4648605500086,1475.502065807466,1486.340882296019,1583322
2019-08-08,1488.812744140625,1492.4256053039353,1464.4730230167977,1488.6701052389672,1579565
2019-08-09,1497.9403076171875,1504.0252676549903,1484.1541226216627,1491.950401505093,1154542
2019-08-13,1495.8961181640625,1515.5295702505794,1490.8095145250368,1496.038757082363,1612748
2019-08-14,1492.4256591796875,1497.9401791292655,1476.0724392879624,1496.9894078318175,1113095
2019-08-16,1518.8094482421875,1522.042093622122,1484.1538834858718,1493.6615957439492,1682359
2019-08-19,1508.35107421875,1530.313983977501,1504.3102962158296,1520.2833003929304,1322246
2019-08-20,1516.6229248046875,1520.7587569176555,1504.785751996108,1506.972572500459,1024331
2019-08-21,1510.9180908203125,1516.4800791838147,1500.839939211592,1507.2100598909983,704009
2019-08-22,1492.901123046875,1515.4344736135647,1489.1932076413166,1507.1626932558095,985590
2019-08-23,1502.598876953125,1505.4036056606997,1479.0672889816694,1492.6157790258408,984637
2019-08-26,1518.9046630859375,1521.234006233605,1499.5089062942702,1511.726293694645,1153556
2019-08-27,1520.711181640625,1528.3173524021493,1507.447967799599,1521.2341523048617,1581449
2019-08-28,1524.22900390625,1527.6517573091612,1512.2967778931175,1520.4733877058907,565676
2019-08-29,1535.7332763671875,1540.1543859344963,1510.7755308140913,1523.9436895413455,861692
2019-08-30,1536.63671875,1542.6266251054576,1516.5754650501897,1536.4466108908596,1181516
2019-09-03,1499.128662109375,1530.361476411244,1496.086240343649,1528.840265528381,1289263
2019-09-04,1459.57666015625,1504.6907142581977,1452.5885139507693,1501.2679606127538,2381389
2019-09-05,1444.934814453125,1469.7975094191904,1440.6563432144087,1461.335620868204,1506173
2019-09-06,1456.9620361328125,1463.6649044961675,1444.9347553746504,1448.9755336015576,801338
2019-09-09,1464.75830078125,1468.9417178825563,1449.16562761872,1455.2031184665477,812836
2019-09-11,1484.581787109375,1487.957071619537,1466.7073564606744,1468.9416457841435,1541300
2019-09-12,1464.47314453125,1492.711006964736,1461.4781915917094,1492.711006964736,753116
2019-09-13,1471.984130859375,1476.6905185928047,1452.7785963632475,1464.187852355629,547381
2019-09-16,1446.4083251953125,1451.7800898204669,1428.1534478598044,1435.6645638231203,1811073
2019-09-17,1455.53564453125,1467.3252305524754,1443.8411124172649,1452.2079453512795,1353034
2019-09-18,1471.556396484375,1484.106532217054,1459.434061446303,1466.2320999935705,1057300
2019-09-19,1477.403564453125,1486.530945833195,1468.9416765668602,1477.403564453125,879908
2019-09-20,1588.7388916015625,1640.3182362271668,1466.184444016277,1482.252502697089,3962166
2019-09-23,1714.0030517578125,1730.4038575505306,1614.2671138988903,1614.2671138988903,4253004
2019-09-24,1678.9671630859375,1714.1931722376994,1665.751418007137,1714.0506493828682,2028042
2019-09-25,1665.5611572265625,1696.1759456964817,1643.1704473934665,1696.1759456964817,1794074
2019-09-26,1683.7684326171875,1692.3729595380967,1665.6563085013993,1675.0689678368635,1674004
2019-09-27,1688.8551025390625,1693.7040129451718,1649.9209482614433,1682.8651969391365,1115289
2019-09-30,1675.4017333984375,1682.8652651758684,1651.5373960705638,1680.9637225033534,1041807
2019-10-01,1679.157470703125,1711.2935928278348,1670.5054735344634,1681.8671461816386,1317945
2019-10-03,1662.851318359375,1681.2012497663568,1646.9259000454565,1678.1112432278353,1010826
2019-10-04,1639.51025390625,1674.9739581068836,1632.5695761410695,1667.5580106943935,1231811
2019-10-07,1640.223388671875,1657.1470508297366,1633.282710668868,1640.0331647454689,562559
2019-10-09,1686.1453857421875,1690.4714417616285,1640.7460542775543,1640.7460542775543,1777552
2019-10-10,1691.041748046875,1704.7328774696402,1670.0297263108885,1678.1112820601868,1599166
2019-10-11,1702.1185302734375,1713.099986570555,1677.2083655579465,1699.5989628047305,1442236
2019-10-14,1710.1522216796875,1717.3781761160296,1696.841424018345,1701.8805581288027,881724
2019-10-15,1714.3355712890625,1735.1574843130065,1707.5851188088548,1718.7090957085675,1204392
2019-10-16,1678.7769775390625,1724.6992815708736,1670.0775122696527,1719.4700389861769,1403020
2019-10-17,1723.0828857421875,1727.2187177145875,1669.554414744838,1684.7667556536746,1722055
2019-10-18,1727.313720703125,1734.6346131252656,1698.742997351745,1725.6498709652797,1682488
2019-10-22,1692.5631103515625,1735.1577132435116,1687.619145757388,1732.9708927147676,2135313
2019-10-23,1680.3934326171875,1711.388557728296,1675.2592437318096,1675.6395755123867,3369253
2019-10-24,1702.3558349609375,1706.5867203799448,1666.749499916847,1690.4711949514362,1497854
2019-10-25,1707.870361328125,1719.3746696921414,1697.1741852758691,1708.5358547470014,1202154
2019-10-27,1704.3526611328125,1718.5667621377643,1700.0741901523636,1713.289934837496,124919
2019-10-29,1724.9368896484375,1730.4038248092359,1685.2897715153765,1703.877281425519,1050123
2019-10-30,1734.8431396484375,1743.1301051133069,1718.3643221991288,1743.1301051133069,1133258
2019-10-31,1723.69873046875,1747.7025627196945,1717.8883191539696,1739.60605553211,1297114
2019-11-01,1682.501708984375,1734.557508086247,1678.3582258363356,1729.794857048119,1527660
2019-11-04,1701.1236572265625,1705.0290076761646,1682.3587430750124,1690.7410550978727,821893
2019-11-05,1708.6961669921875,1712.4587308075143,1683.6922508375526,1695.5036478190627,1251974
2019-11-06,1712.2681884765625,1728.842236478095,1696.0751757932965,1704.0764523742764,1136777
2019-11-07,1740.22509765625,1743.9876619176441,1712.8398529069207,1724.0797563925637,1380635
2019-11-08,1709.648681640625,1740.082089078478,1705.791004377112,1739.320018463743,1077136
2019-11-11,1689.7406005859375,1708.7912011901958,1684.0730934164262,1704.981081069344,860384
2019-11-13,1686.406982421875,1702.1714031470692,1673.3096926662665,1689.5503784734829,983760
2019-11-14,1687.740478515625,1714.5542247861608,1682.5967925861366,1693.5985620387744,1116800
2019-11-15,1677.1197509765625,1699.3137494840073,1672.928711431091,1696.3132563236784,729613
2019-11-18,1656.4498291015625,1681.6442035112216,1652.1634436898564,1677.119685576643,1273055
2019-11-19,1639.6376953125,1665.02264621153,1636.9230077314153,1664.9749731953716,1187377
2019-11-20,1641.6859130859375,1665.8325320685344,1634.0179979360757,1647.7821300421153,1374382
2019-11-21,1638.685302734375,1652.4969906041968,1629.7791686389664,1645.876952238925,913095
2019-11-22,1602.8699951171875,1632.5888871585007,1596.4404170651649,1628.8264398457231,1275334
2019-11-25,1629.4931640625,1636.446680168351,1587.058018693137,1604.0606573943555,1320689
2019-11-26,1629.1123046875,1646.7816685823968,1607.4898012785256,1636.446740073963,2714721
2019-11-27,1633.9227294921875,1648.8298510540774,1623.6830293773226,1632.636836918942,883771
2019-11-28,1633.2081298828125,1645.5434647730924,1620.9681410255998,1636.684888095923,691147
2019-11-29,1625.1593017578125,1638.7328560869532,1597.7263875507629,1633.589170138675,1890290
2019-12-02,1655.7354736328125,1659.78372662458,1617.729498760856,1625.2068369140493,1476972
2019-12-03,1654.020751953125,1667.8324376208489,1643.1143294361098,1657.4022801268584,1374317
2019-12-04,1638.6375732421875,1652.06822436183,1629.064599252038,1649.020058284437,853421
2019-12-05,1634.39892578125,1655.640395821258,1625.969056738703,1635.8753941063615,971984
2019-12-06,1635.160888671875,1664.6416500051748,1631.5412276283175,1641.1142020490076,1031777
2019-12-09,1644.400390625,1650.639509577648,1629.7790761716356,1643.114498185898,751290
2019-12-10,1631.8270263671875,1649.7821961825196,1627.8740030461465,1644.0670153643352,686580
2019-12-11,1655.687744140625,1658.9263696786977,1631.9221650745744,1636.4466829698636,827804
2019-12-12,1667.5469970703125,1670.7379499453502,1646.0673948181636,1657.7358896225142,802332
2019-12-13,1661.1651611328125,1674.2624526865222,1653.1639996769009,1667.8805462215284,960033
2019-12-16,1649.2581787109375,1668.8327185812673,1646.0196694237052,1661.212477857152,707437
2019-12-17,1662.546142578125,1665.927554836107,1648.1152875894413,1652.830265308955,873024
2019-12-18,1694.02734375,1697.4088725821882,1651.3540591429612,1666.2135074996593,1476506
2019-12-19,1717.5069580078125,1721.9839191335982,1691.3123808990938,1694.3605469098584,2554245
2019-12-20,1713.8399658203125,1723.1271352891179,1709.7917124621154,1719.2693414610426,1419128
2019-12-23,1721.745849609375,1728.4611171302845,1701.4092387076546,1710.5536207988775,659899
2019-12-24,1717.8404541015625,1739.320055514259,1713.6494144581952,1725.9846334018823,896574
2019-12-26,1723.69873046875,1733.319262812982,1711.7445455042455,1713.982968353915,1161570
2019-12-27,1726.22265625,1739.3199449924127,1715.1256574422084,1725.0319936370533,930468
2019-12-30,1716.7451171875,1732.128385922201,1713.3159156642664,1724.0795527524847,562492
2019-12-31,1700.2186279296875,1719.3169037587083,1696.5514101435597,1719.3169037587083,928396
2020-01-01,1708.076904296875,1716.9831536245777,1698.551603433574,1705.2193140378847,397285
2020-01-02,1705.6480712890625,1714.4589748404621,1698.7422279649925,1705.9814335737155,411266
2020-01-03,1668.26123046875,1695.313108402917,1664.1177478135337,1695.313108402917,1318628
2020-01-06,1626.1119384765625,1655.4974716075606,1613.5861432124323,1655.4497985877574,1871804
2020-01-07,1642.543212890625,1657.8789269082424,1629.7792840792893,1629.7792840792893,1033650
2020-01-08,1646.734130859375,1653.5923012668113,1614.5385660410398,1615.4910961684977,1006057
2020-01-09,1688.407470703125,1690.741123207993,1658.3550960592202,1679.3107606848966,1781733
2020-01-10,1707.4580078125,1711.9825261334313,1676.453104176697,1687.883466250629,1256612
2020-01-13,1719.2216796875,1722.126826860509,1709.1724401608053,1713.6017285843166,823821
2020-01-14,1732.7952880859375,1735.1766135192865,1719.1265033536447,1719.3169628780504,775629
2020-01-15,1754.7987060546875,1757.4181640227432,1724.1748378275613,1731.2235843421872,1252925
2020-01-16,1748.0357666015625,1760.2757560440318,1741.9395502519064,1748.7977209729847,1031569
2020-01-17,1743.177734375,1751.60760240022,1728.8421100377072,1748.4642065989842,862204
2020-01-20,1760.990234375,1773.8493922730731,1746.5593783675859,1750.7505345672753,1091453
2020-01-21,1724.7939453125,1755.0844501747902,1708.6961627444987,1752.6077787984427,2101561
2020-01-22,1694.7891845703125,1732.3664505969646,1682.9777880462934,1728.8421357286034,3415306
2020-01-23,1691.7889404296875,1704.0766038129293,1673.6908658223954,1694.5513013880386,1885275
2020-01-24,1701.98095703125,1714.4590790233904,1695.7418378973518,1698.9804637357443,1195596
2020-01-27,1703.457275390625,1720.0313233033653,1695.5036718704087,1702.171382939562,969054
2020-01-28,1694.646240234375,1708.8389616661066,1688.8358300078075,1708.8389616661066,873291
2020-01-29,1711.6490478515625,1718.2215293003533,1696.4562381025682,1702.171419140533,873805
2020-01-30,1719.31689453125,1723.0317853147303,1701.2188219572367,1714.554243853878,1005975
2020-01-31,1710.4107666015625,1737.414972775258,1703.7906123730202,1724.079550835097,1169614
2020-02-03,1778.992919921875,1783.9937031026104,1681.2156788567477,1684.8353398597308,2854532
2020-02-04,1801.520263671875,1806.7115063190895,1766.9910467987675,1781.2313255920376,1830049
2020-02-05,1784.565185546875,1800.2819325773119,1777.5641123975377,1799.3294024542552,1344016
2020-02-06,1768.6583251953125,1793.043077863453,1757.4184210329088,1788.8519212465055,995386
2020-02-07,1770.4678955078125,1787.4229801457593,1762.752423884618,1768.6581810877476,632858
2020-02-10,1780.7550048828125,1783.8507276781424,1749.98823643743,1778.3736796556357,747711
2020-02-11,1788.94677734375,1804.5682944116809,1783.8507645075088,1790.7566078088994,1093021
2020-02-12,1803.8062744140625,1825.7144675709824,1789.0420572865728,1790.7566580438968,1616826
2020-02-13,1785.089111328125,1811.6646085578225,1779.3739306291536,1799.329390059469,638878
2020-02-14,1787.9468994140625,1809.4740591725024,1781.2315148398295,1787.422961281786,771464
2020-02-17,1792.0902099609375,1803.6158012796036,1781.8028380459666,1790.6614147658388,676579
2020-02-18,1775.1827392578125,1790.6613533404159,1772.658511244597,1790.6613533404159,683421
2020-02-19,1795.4239501953125,1802.9012879813429,1763.4665198722041,1781.326458664781,723351
2020-02-20,1754.7987060546875,1796.4719010010263,1751.7506560203033,1793.6143104904202,1401879
2020-02-24,1732.6046142578125,1765.0383113352418,1727.8896366768097,1757.6562029095278,1310832
2020-02-25,1739.415283203125,1756.0370040816522,1733.7953320644701,1751.1314505553096,897257
2020-02-26,1739.939208984375,1757.4181138534784,1733.604860278228,1739.3200411362882,1909619
2020-02-27,1756.2750244140625,1764.0857246327398,1724.5080529289123,1742.987159908596,1643273
2020-02-28,1712.601806640625,1754.6560426472886,1698.5044279638391,1733.6051462691546,2964119
2020-03-02,1701.98095703125,1750.226517199604,1685.26400601033,1728.9374911206494,1219296
2020-03-03,1721.968994140625,1738.657380496113,1689.8831635515025,1702.3636716432816,1392463
2020-03-04,1767.2999267578125,1776.3853185421258,1725.3159465382266,1725.3159465382266,3050469
2020-03-05,1792.6434326171875,1799.8639750697698,1771.2688758154777,1773.0859775660751,2062439
2020-03-06,1795.512451171875,1802.159202546054,1754.915142128742,1759.6969272571582,1393659
2020-03-09,1785.662109375,1832.2845160877916,1767.3478483125937,1805.6021307436022,3420741
2020-03-11,1800.6767578125,1821.8600887547168,1770.6949891492693,1793.1215141483697,3194186
2020-03-12,1762.900634765625,1792.9781321570003,1735.7879374384922,1783.5579224080693,6254349
2020-03-13,1719.2430419921875,1763.2833313516799,1596.9728150826809,1707.097354013694,3878300
2020-03-16,1609.9315185546875,1699.4465171565203,1604.9106439260597,1699.4465171565203,2867336
2020-03-17,1656.02783203125,1702.124311541766,1597.1162615409353,1624.850615783263,2643189
2020-03-18,1547.576904296875,1681.8017072894402,1537.8221092561769,1656.4103813629963,3676437
2020-03-19,1531.3189697265625,1581.7668076708228,1368.7382597640176,1472.7899608371713,4906644
2020-03-20,1666.882568359375,1680.7019985631648,1502.0066969607492,1539.7349380309038,3128629
2020-03-23,1433.0533447265625,1577.9893195295726,1425.689441265885,1509.7053947177294,2155326
2020-03-24,1458.301025390625,1528.2585669968973,1389.825883910038,1488.6176139430668,3910566
2020-03-25,1523.6204833984375,1535.2879944407614,1382.8924992826267,1383.4185424352224,2196415
2020-03-26,1546.3814697265625,1577.9891166078592,1505.3059815398608,1534.9530497912813,2622118
2020-03-27,1534.1402587890625,1592.573654001991,1482.5447234178055,1592.143340005945,2102479
2020-03-30,1525.341552734375,1548.8201638166117,1491.0084297772603,1521.7074661746183,1844011
2020-03-31,1593.76904296875,1616.243433913704,1531.8927877876374,1554.0802249170229,2789174
2020-04-01,1533.2314453125,1582.7707829814854,1515.1085274552374,1578.036862684187,1559455
2020-04-03,1454.5235595703125,1545.4730978593914,1451.0328327519564,1544.612353107318,2925847
2020-04-07,1552.9326171875,1563.6437694000304,1470.8771359860834,1472.7898500770928,2733586
2020-04-08,1538.730712890625,1614.1395637934932,1530.1713635230421,1552.9327092525714,2382213
2020-04-09,1579.2801513671875,1605.6278341277825,1548.29416037955,1568.4255224718117,1489539
2020-04-13,1607.4927978515625,1629.2977862884982,1532.8969445311534,1574.1637764794032,2586159
2020-04-15,1643.2125244140625,1660.952993177362,1610.3139375346266,1629.2976003323581,2508270
2020-04-16,1667.0260009765625,1675.824556148626,1611.2225887681445,1617.1998205116086,1821296
2020-04-17,1679.6021728515625,1705.85412879915,1651.7243397728234,1686.0575833379671,1398686
2020-04-20,1654.9281005859375,1681.8974409100958,1631.2105145002013,1681.5148747207045,1431055
2020-04-21,1650.6722412109375,1677.4023736226497,1625.806958319,1635.370528662053,1594930
2020-04-22,1733.8751220703125,1742.4823344799279,1637.5221609293396,1642.1604687126298,3727805
2020-04-23,1742.14794921875,1764.861430534819,1722.447016141585,1728.1372942373284,2573552
2020-04-24,1747.7901611328125,1762.3746043738424,1734.8314779821912,1735.835699459837,2744768
2020-04-27,1770.5517578125,1778.633045645647,1738.7528830867025,1759.6971276832342,1770889
2020-04-28,1744.77783203125,1782.6495480073079,1727.4677927087098,1766.5827028088327,1934910
2020-04-29,1690.3612060546875,1766.3915969352236,1679.2674868345175,1766.2959845719865,2931120
2020-04-30,1681.9451904296875,1718.5737141734694,1665.0177164028994,1716.6609999673776,2926333
2020-05-04,1603.6195068359375,1674.5811514212003,1598.550767904361,1643.0213695840218,2942397
2020-05-05,1548.485595703125,1619.0169306388314,1509.3705676241173,1607.6362579921692,5867890
2020-05-06,1540.3564453125,1567.1821894636282,1508.1750084978944,1544.516574967723,3937921
2020-05-07,1524.72021484375,1557.6188066306095,1477.7629864962287,1539.6871104926497,5256213
2020-05-08,1509.513916015625,1566.512770013085,1501.4804938464856,1541.4562632460145,5644426
2020-05-11,1501.097900390625,1529.2148190997423,1487.1351117574104,1513.9131073388944,3767646
2020-05-12,1456.8665771484375,1476.376285500537,1446.011947321012,1471.8335892374585,4504073
2020-05-13,1495.0731201171875,1510.85301246762,1466.4301545626854,1510.85301246762,2940514
2020-05-14,1455.9580078125,1489.62172954229,1450.7936563529925,1485.5094642403672,2592264
2020-05-15,1485.1744384765625,1491.9168014880952,1444.0989552865537,1462.2697368431395,2860493
2020-05-18,1435.587646484375,1490.5304329592825,1432.7185751303687,1490.0043898472563,2871905
2020-05-19,1438.3131103515625,1450.7457517569503,1418.2296126967053,1444.0991170873444,3164137
2020-05-20,1434.5833740234375,1447.9245075644449,1427.5063088281295,1438.3130729538361,2057402
2020-05-21,1505.593017578125,1514.3914561329261,1435.4919959933832,1437.404710178584,3845743
2020-05-22,1547.2900390625,1554.0801505254667,1487.5177255807512,1500.3329329397982,5203736
2020-05-26,1558.718505859375,1584.6357584205823,1549.2984123182232,1554.0801975414274,3552636
2020-05-27,1548.7725830078125,1565.4132212298618,1526.2981893568408,1559.8185550950986,2260057
2020-05-28,1571.8682861328125,1584.6356282816841,1544.7555894924465,1551.2109990136191,3138915
2020-05-29,1609.64453125,1624.8506317289257,1561.8266786387896,1567.4692085954734,3532977
2020-06-01,1619.3515625,1637.1876446943452,1608.1143672486342,1632.0232933153698,2529255
2020-06-02,1634.7010498046875,1657.3666637719632,1606.6797432988449,1619.3514734171245,2440552
2020-06-03,1641.634765625,1667.8867203461703,1631.4016749900368,1648.7595790577968,3088817
2020-06-04,1562.4482421875,1644.5514669440954,1555.9928324646137,1641.538919058189,4388930
2020-06-05,1567.0389404296875,1586.931097651793,1550.2548269753665,1577.9891823006508,2884206
2020-06-08,1562.9266357421875,1593.290974542747,1557.90576082241,1584.6837603945569,2046505
2020-06-09,1570.385986328125,1621.0250404522144,1565.3172477641072,1568.425407871169,3671930
2020-06-10,1564.55224609375,1601.993647395648,1556.853642000878,1576.0763950728049,2069280
2020-06-11,1540.3084716796875,1574.1635308683053,1536.8656100275616,1564.5520968776125,1888420
2020-06-12,1565.89111328125,1571.2466891418558,1508.6531700818548,1511.0440625859464,2391556
2020-06-15,1547.576904296875,1578.6107600672844,1532.1795794122113,1557.9056069516867,1681166
2020-06-16,1550.924072265625,1568.6645409931798,1537.4873267033438,1567.4690947647136,1497691
2020-06-17,1525.77197265625,1551.8327007611983,1520.9901876828649,1537.391733490135,1812788
2020-06-18,1528.0673828125,1541.8388313133985,1518.0256335139572,1525.7721024814145,1417273
2020-06-19,1551.6890869140625,1558.861763741092,1521.6117087831667,1528.0671179274932,2714342
2020-06-22,1580.0452880859375,1600.4634872971587,1553.1238143833796,1561.7310276404303,2034739
2020-06-23,1610.40966796875,1615.2870655997979,1569.3819269681871,1587.4092341030816,2334863
2020-06-24,1670.994873046875,1734.5926175354239,1610.505289003255,1610.505289003255,11545923
2020-06-25,1615.2872314453125,1670.7559463202847,1609.6925654487277,1664.0614462491674,4054785
2020-06-26,1613.1351318359375,1635.7051331569076,1597.7855556495847,1635.3704315633336,2129986
2020-06-29,1618.1083984375,1633.8882910730515,1600.989699215001,1613.37447734396,2753482
2020-06-30,1613.8046875,1643.0214426209109,1608.2578865519692,1634.318616651748,1960731
2020-07-01,1614.3306884765625,1623.8942589059259,1606.7276966823397,1623.8942589059259,1661296
2020-07-02,1612.848388671875,1629.632502516395,1587.6484023717826,1625.8070741067322,2038399
2020-07-03,1621.64697265625,1644.9342451621635,1616.2435315837538,1621.40788337643,1988941
2020-07-06,1634.270751953125,1637.2833000652408,1618.299635618069,1634.3663643113432,1236670
2020-07-07,1669.5604248046875,1673.5293301598024,1631.401752766618,1634.3664364590952,2983260
2020-07-08,1612.6571044921875,1684.9099276129627,1606.7277373729412,1673.624867523397,2725937
2020-07-09,1642.3040771484375,1646.8467729507115,1618.2516749731005,1620.06877664257,1904661
2020-07-10,1629.154296875,1636.326975023848,1621.2164863598184,1633.4100392128598,1156043
2020-07-13,1631.2103271484375,1657.2710551867494,1625.8068867937693,1633.4577427316224,1289791
2020-07-14,1614.7132568359375,1643.0214019967505,1608.688160760132,1631.2104158490015,1347120
2020-07-15,1598.6943359375,1638.813468741532,1590.7087776690257,1625.8070358036641,1611341
2020-07-16,1619.3038330078125,1623.033649133867,1573.3030787673085,1606.4887409614496,1442725
2020-07-17,1642.9259033203125,1666.4522648878135,1616.0044273137346,1621.0253021433823,2308792
2020-07-20,1675.155029296875,1680.6540824783726,1645.173258342836,1651.6286685993769,1848600
2020-07-21,1648.9986572265625,1694.4256174807379,1643.9777826721536,1684.1447791074245,2088461
2020-07-22,1621.7425537109375,1660.6184932077228,1617.1998574820554,1648.9987310842307,1300409
2020-07-23,1653.8568115234375,1665.5346514213725,1614.8028488206064,1617.6744602885744,2375218
2020-07-24,1638.78076171875,1653.090911346603,1610.0167416820998,1650.2193000356363,3971563
2020-07-27,1702.0521240234375,1711.480558990925,1643.7104766950947,1643.7104766950947,6470525
2020-07-28,1684.3436279296875,1715.931352164902,1676.1116989224702,1702.865497407467,2534092
2020-07-29,1665.67822265625,1703.7270738596858,1655.9625806778374,1694.250732832238,1530981
2020-07-30,1668.7413330078125,1701.9084702660914,1654.143974081177,1677.021169801008,2113975
2020-07-31,1642.083251953125,1695.11237013915,1637.2015355468072,1678.9356012391613,1678643
2020-08-03,1632.510986328125,1660.7484967923172,1624.8533563717338,1655.0052743250237,1437425
2020-08-04,1640.599365234375,1660.7485514588398,1635.4305583205985,1645.4332910419282,1815396
2020-08-05,1642.8489990234375,1667.4011840678013,1639.2115776892203,1644.4761988146456,1416803
2020-08-06,1653.6171875,1677.1164666474397,1646.4859503067437,1657.9246038604103,1914507
2020-08-07,1728.949462890625,1739.143707314412,1651.846645640964,1653.6175662494447,5166075
2020-08-10,1706.072265625,1746.227037403705,1700.951248375883,1732.5389755545011,1892614
2020-08-11,1712.9639892578125,1759.1490694324702,1703.8226468578364,1722.9667215416323,3039662
2020-08-12,1720.3345947265625,1728.710128293878,1696.1651978608813,1713.3469599833625,1679096
2020-08-13,1725.4078369140625,1737.324978041498,1711.480474235922,1729.0930483467341,1192375
2020-08-14,1725.4078369140625,1751.6830357112624,1718.6595030708042,1740.8665855282377,1868376
2020-08-17,1758.09619140625,1763.6480202437206,1724.7376619909553,1742.1109345148286,1634180
2020-08-18,1793.8956298828125,1803.371970933704,1752.6401692036156,1752.6401692036156,2586298
2020-08-19,1804.999267578125,1820.984642108106,1792.4121303273434,1809.1152909043665,1947114
2020-08-20,1794.661376953125,1799.5430928250667,1777.5753129782474,1788.0087406246107,1538879
2020-08-21,1874.2052001953125,1888.8025593898878,1800.2612003408244,1807.105231463582,5688228
2020-08-24,1878.177490234375,1910.578816024678,1856.9754023486348,1874.20507103022,3996329
2020-08-25,1914.9818115234375,1930.5363725636284,1879.9481774113783,1880.1874783504582,3544399
2020-08-26,1887.0316162109375,1923.0224561321816,1871.812052248124,1915.3169187158328,2245810
2020-08-27,1897.6566162109375,1923.0225180165314,1885.7394751199859,1896.125113433419,3116305
2020-08-28,1874.3009033203125,1911.5361578055397,1869.7063947813156,1908.6645461513501,1842536
2020-08-31,1817.82568359375,1898.9966112497355,1800.739619411359,1892.39188176811,2738522
2020-09-01,1894.5933837890625,1902.9210094763762,1826.1054103765375,1842.617174669026,3068285
2020-09-02,1860.75634765625,1911.5360578236339,1842.6173817278393,1893.3012780348197,2569603
2020-09-03,1893.3489990234375,1902.7774324996965,1861.7612755816915,1866.7386882946544,1931667
2020-09-04,1872.625732421875,1908.3772729235213,1867.5047151830986,1874.2051421468514,1930422
2020-09-07,1897.2735595703125,1917.9013474481487,1864.7286315545998,1880.9053985551718,2855392
2020-09-08,1876.4542236328125,1916.273873625627,1868.4615962190364,1902.442327092897,2401034
2020-09-09,1894.3541259765625,1908.5685782783269,1874.2049403239919,1876.4543457646482,2776804
2020-09-10,1968.5374755859375,1981.1246117846008,1896.2206834489032,1900.0974054866965,5081252
2020-09-11,1948.8189697265625,1981.3638979221523,1935.4660238671315,1974.7113784559308,2599475
2020-09-14,1944.272216796875,1966.096509108698,1919.1935252010414,1962.2676940958281,2142458
2020-09-15,1931.20654296875,1961.837064085634,1923.0703107970778,1957.4817401258608,1997383
2020-09-16,1925.9898681640625,1940.2522290830445,1908.8081055724679,1940.2522290830445,1717740
2020-09-17,1922.017333984375,1957.4817817068213,1914.407610471219,1914.407610471219,2416918
2020-09-18,1941.592041015625,1956.859393548243,1928.7654878512537,1939.5819365811403,3021436
2020-09-21,1888.132568359375,1968.9683896348379,1878.321228547145,1949.2500129912014,2518361
2020-09-22,1854.582275390625,1910.2914871955072,1843.9094301526932,1905.0268665427855,1974860
2020-09-23,1863.2452392578125,1904.8357006567985,1845.7762686362112,1856.9755071729594,2732912
2020-09-24,1836.2518310546875,1861.7613349256,1826.1054944495186,1858.459028653529,1906183
2020-09-25,1843.1915283203125,1871.3333421027523,1826.3447655918424,1842.8565303751018,1939316
2020-09-28,1862.3355712890625,1874.2049210222763,1847.4032163294144,1855.0608462416606,1137313
2020-09-29,1876.0716552734375,1904.7877710214705,1870.376339055214,1876.1195622048206,1965383
2020-09-30,1901.3897705078125,1918.2365350713399,1874.3487614680093,1881.9584854150771,2518982
2020-10-01,1953.12646484375,1961.6457189571065,1906.7978939767509,1921.10804417923,2014003
2020-10-05,1941.209228515625,1955.2800770726135,1924.936764568502,1953.1263686090238,1554873
2020-10-06,2000.5557861328125,2008.117602086723,1957.577315492115,1962.2676371159164,3152378
2020-10-07,2014.9139404296875,2028.1233992241764,1985.192716565169,1990.9838461252969,2429595
2020-10-08,1999.2633056640625,2017.7373828065727,1983.373865324661,2014.435076959852,1427493
2020-10-09,1962.842041015625,2018.6468309180625,1957.6252106357733,2004.3845889720258,1636939
2020-10-12,1988.9259033203125,1997.1577153462522,1953.8921526302704,1979.4015390639831,2182836
2020-10-13,1976.291015625,2023.5291234066383,1966.1447941052688,1988.1125777273357,2619233
2020-10-14,1982.7042236328125,1996.2485641924743,1967.05384771783,1981.411905000442,1530471
2020-10-15,2000.9866943359375,2033.100929485057,1977.631014423309,1981.4119228032334,4001883
2020-10-16,1972.98828125,2000.5557954084459,1967.580173653215,2000.5078884834895,2017706
2020-10-19,1981.5076904296875,1990.9360076945939,1968.4896252032931,1990.9360076945939,1338404
2020-10-20,2027.836181640625,2040.5670384880448,1978.8753024052976,1988.9736151995173,2377713
2020-10-21,2023.8162841796875,2052.101706605805,1992.1806480511416,2038.8443389063937,2895432
2020-10-22,2010.0318603515625,2026.2566492471094,1987.9205961508085,2023.7199193476283,2755686
2020-10-23,2029.5113525390625,2038.2696738130935,2006.2991604395118,2023.050226903105,3070714
2020-10-26,1991.414794921875,2025.7785549385853,1981.459967899278,2025.7785549385853,1278139
2020-10-27,2103.742919921875,2112.884264521348,1995.7702659875283,1995.7702659875283,4964874
2020-10-28,2070.284912109375,2126.8461434088003,2061.273321269524,2108.8711758348304,3166047
2020-10-29,2133.461181640625,2140.9388161661477,2071.7712234155238,2072.6339283784673,4795796
2020-10-30,2120.087890625,2150.142135441155,2104.7492488660127,2118.7458530907284,3006197
2020-11-02,2083.03564453125,2133.8926430046745,2076.5646548317063,2107.1459791995367,1772571
2020-11-03,2065.587646484375,2103.215251338566,2058.0142858785835,2103.215251338566,1781465
2020-11-04,2079.775634765625,2122.340499093722,2066.8816379619916,2070.7162977726816,2189957
2020-11-05,2145.780029296875,2152.8740570507857,2093.388843858749,2099.4764605489245,2671841
2020-11-06,2117.739013671875,2155.078969469188,2111.459710967921,2141.60967910019,2395965
2020-11-09,2133.2216796875,2156.0379574386475,2122.628382797777,2156.0379574386475,1691773
2020-11-10,2108.82373046875,2146.0199862760446,2098.5180797800176,2133.221712498763,1879561
2020-11-11,2091.51953125,2131.1124453531534,2068.1281972193356,2113.856474135719,2387398
2020-11-12,2082.02880859375,2110.7407801168497,2072.6338442659835,2082.2204947945033,1626054
2020-11-13,2089.841796875,2115.3423804333997,2082.2204566542446,2090.369109454227,1560060
2020-11-14,2094.2998046875,2102.735870060788,2090.225478141662,2101.393832582971,146991
2020-11-17,2097.2236328125,2130.057912807152,2091.807268564409,2115.198603612492,1699293
2020-11-18,2104.988525390625,2118.649500677801,2076.564203763597,2094.682877366966,1817170
2020-11-19,2072.34619140625,2104.2697843753836,2067.5528661571034,2085.096483378797,2669522
2020-11-20,2076.995849609375,2099.524478704383,2071.243859202139,2073.928168202,2196113
2020-11-23,2095.88134765625,2106.139016304376,2050.3927404025817,2071.2437040670866,4002609
2020-11-24,2116.636474609375,2138.781730929353,2100.435128850835,2102.2564988299305,2954306
2020-11-25,2065.252197265625,2117.403483205381,2061.1298906744582,2106.426815016025,1682365
2020-11-26,2066.21142578125,2087.4457691514363,2029.6382031322257,2070.71710600764,2247478
2020-11-27,2123.73046875,2151.8193980420247,2075.5095759041706,2080.3029005598382,10036402
2020-12-01,2137.87109375,2180.963041989603,2115.0068381297256,2180.963041989603,2235498
2020-12-02,2220.124755859375,2229.807133334189,2143.575250887597,2148.368576582784,3305952
2020-12-03,2311.72509765625,2321.743335923505,2220.5082003370626,2243.2764981278906,4334658
2020-12-04,2337.9443359375,2343.9359923596876,2276.829440431189,2300.7960661199386,2789953
2020-12-07,2370.347412109375,2376.3390689143425,2336.2668213929014,2339.142816659286,1762501
2020-12-08,2338.087890625,2381.515460369858,2327.5905560630968,2368.4297772110426,2090950
2020-12-09,2418.041259765625,2427.4362254538405,2345.8537240228543,2348.729719597872,2022370
2020-12-10,2421.635986328125,2446.513298490021,2397.621379123645,2411.953375343774,2372909
2020-12-11,2416.746826171875,2432.0374882710203,2391.8695127191463,2412.001480561672,2171653
2020-12-14,2442.822021484375,2448.334344998237,2416.794361468981,2425.422346099374,1280339
2020-12-15,2422.977783203125,2433.6670382756433,2399.0591385021976,2430.215750690538,1283286
2020-12-16,2475.70458984375,2480.929267721636,2432.70860142118,2435.0093039942935,1920875
2020-12-17,2468.6103515625,2495.740617833879,2451.3064015272003,2462.8103815109025,1750663
2020-12-18,2493.967529296875,2527.0414788493417,2469.090214052018,2470.4802317886015,4402604
2020-12-21,2449.0537109375,2494.7342435095798,2434.14665583013,2488.1672939365944,1383048
2020-12-22,2493.2958984375,2505.566856851756,2393.0194490503195,2435.9676864756816,1993090
2020-12-23,2533.3203125,2540.462320137363,2496.363728919884,2496.363728919884,1339307
2020-12-24,2538.78466796875,2548.131652019612,2504.991725631018,2548.131652019612,1143202
2020-12-28,2572.961181640625,2578.3297998481617,2520.857873614331,2544.536854897558,1226254
2020-12-29,2585.328125,2600.3311404072347,2562.5118484879677,2574.0158298504275,1562853
2020-12-30,2621.373779296875,2629.4746867037024,2569.5581174171016,2582.6438025296557,1614643
2020-12-31,2650.229248046875,2657.419235154978,2612.4099626680636,2621.3733395000636,1526325
2021-01-01,2660.82275390625,2676.592746739653,2636.32881573569,2644.9568009508253,1246698
2021-01-04,2639.876220703125,2675.730438339617,2631.5358805690676,2666.143786679985,1360486
2021-01-05,2678.3662109375,2688.6718593299215,2619.0726891251975,2639.8756720935753,1299589
2021-01-06,2689.39111328125,2705.78414533873,2665.0888604485326,2685.5084729876858,1697884
2021-01-07,2676.83251953125,2714.795749608379,2666.526870114127,2685.220838824257,1142806
2021-01-08,2727.114501953125,2732.003787473029,2673.7648839551366,2701.518191167425,1660967
2021-01-11,2731.52490234375,2754.6765741616246,2707.8459178365197,2727.402595021238,1517995
2021-01-12,2608.09619140625,2732.195332598128,2600.043264733355,2731.811960206167,6674890
2021-01-13,2591.94287109375,2648.79176024247,2567.305224006274,2645.9157648458986,2862676
2021-01-14,2553.787841796875,2623.5307271535144,2538.5451604725877,2600.858391375427,2124950
2021-01-15,2483.804931640625,2551.822397255038,2473.8828898123734,2550.911478310978,2570436
2021-01-18,2481.21728515625,2511.559179915657,2449.773019009245,2484.860259816114,2395168
2021-01-19,2535.717041015625,2565.962970197115,2482.942483126233,2506.909109411235,2558693
2021-01-20,2585.759521484375,2595.2502126502354,2535.717248516094,2544.297254618419,2065439
2021-01-21,2604.06982421875,2700.511384931745,2583.6022323944358,2614.2315330150477,5015712
2021-01-22,2489.3173828125,2654.399683329101,2482.9423541714186,2636.3287544291125,4945564
2021-01-25,2410.0361328125,2522.727264534353,2397.6214663121473,2504.848253657103,3520087
2021-01-27,2335.883544921875,2420.6294486325783,2330.083574086618,2420.6294486325783,2700415
2021-01-28,2340.772705078125,2352.516353442227,2301.8030594324046,2319.9697176429677,3035457
2021-01-29,2307.84228515625,2381.323863907187,2300.7960037750595,2354.4812438631443,2768673
2021-02-01,2346.62060546875,2365.7459284380134,2278.6511057742637,2326.296951059694,1797359
2021-02-02,2361.8154296875,2415.836307403249,2324.8590734147356,2358.3163953222193,2679428
2021-02-03,2352.228271484375,2400.353441475133,2337.5608842993697,2400.353441475133,2409356
2021-02-04,2302.52197265625,2354.481576267312,2298.8789983261454,2354.481576267312,3478562
2021-02-05,2278.50732421875,2323.7082910122426,2272.8033135639225,2319.9695906634583,3303319
2021-02-08,2316.949462890625,2334.253177885833,2275.2952838460014,2295.0438753066087,3666313
2021-02-09,2403.2294921875,2427.771176200417,2323.4683755105593,2331.9526545331164,7178572
2021-02-10,2406.824951171875,2449.38959254598,2372.696376341018,2424.4642972793677,4473123
2021-02-11,2401.935302734375,2435.0092472342094,2391.965279751161,2420.581291302001,1446286
2021-02-12,2383.33740234375,2418.712050967754,2362.342496192455,2413.918725460485,1376085
2021-02-15,2355.200439453125,2413.43934316607,2347.339432593048,2391.869378827942,1634576
2021-02-16,2348.968994140625,2372.79191380021,2321.88670699259,2369.8199585820325,1615849
2021-02-17,2289.43603515625,2353.570872742552,2283.5403382300833,2335.308255217667,3178784
2021-02-18,2368.621826171875,2377.106106035215,2296.24261019455,2323.8042321726703,4253843
2021-02-19,2316.566162109375,2368.7654283727225,2300.7961685141686,2368.7654283727225,2244567
2021-02-22,2288.38134765625,2346.8119329180677,2281.6227125592327,2328.357631566486,2002642
2021-02-23,2274.1455078125,2300.7964467977304,2219.309905973644,2276.8298171435877,3267268
2021-02-24,2263.743896484375,2309.759820653815,2250.1786450758027,2274.9122511266955,1708526
2021-02-25,2275.63134765625,2287.6146617565987,2239.633425288981,2276.829679066285,2839515
2021-02-26,2183.07177734375,2262.449282014055,2166.5827870134594,2241.4066331712365,3933813
2021-03-01,2264.654541015625,2271.9402551160633,2204.9296603620865,2204.9296603620865,2545806
2021-03-02,2291.593017578125,2303.240939258027,2261.4910263200845,2287.3749846543965,2033586
2021-03-03,2302.8095703125,2317.764605702701,2277.5966309349174,2306.548270647775,1591567
2021-03-04,2317.189697265625,2334.3497103462655,2252.863170149373,2281.6231255129824,2149984
2021-03-05,2288.42919921875,2323.707882192751,2278.84254970428,2299.837218521345,1953642
2021-03-08,2284.21142578125,2313.7383594655444,2262.4977535662583,2284.4990721385507,1593838
2021-03-09,2322.5576171875,2342.977228220347,2297.1050149729194,2300.795968792485,1800442
2021-03-10,2331.42529296875,2344.8945829882887,2315.703280635391,2344.8945829882887,1056102
2021-03-12,2302.09033203125,2362.773640363836,2297.920045587962,2341.8269501733,1279203
2021-03-15,2257.65625,2327.207447951007,2246.2002491718135,2303.2408210932576,1524449
2021-03-16,2366.560546875,2377.489234413561,2277.165034331022,2280.855754205001,4230564
2021-03-17,2322.79736328125,2358.315949080262,2311.437323224273,2358.315949080262,1623187
2021-03-18,2305.157958984375,2366.8001649311686,2291.209336506706,2366.8001649311686,1851739
2021-03-19,2311.5810546875,2333.3906841303783,2257.9917731046307,2294.0854178816744,3738079
2021-03-22,2325.433837890625,2337.3214253128185,2291.2095413423176,2291.2095413423176,1489853
2021-03-23,2310.670166015625,2333.3424983675473,2299.070226550094,2329.5558186408853,1745466
2021-03-24,2342.546142578125,2367.9027875622414,2310.3828817914987,2310.6705281301715,4132092
2021-03-25,2302.905517578125,2366.944400330467,2293.1271792590023,2349.6404465032406,2272545
2021-03-26,2401.599853515625,2410.0361534579088,2309.520255144329,2324.7629370708423,3084607
2021-03-30,2471.48681640625,2476.6635147634156,2417.274253617032,2434.146854420363,2332884
2021-03-31,2432.516357421875,2476.1835928282585,2426.3809953440664,2471.486228179536,1616044
2021-04-01,2446.2734375,2458.544396428949,2427.3398035661803,2427.3398035661803,1219588
2021-04-05,2406.872314453125,2452.265198195733,2381.8033170122353,2452.265198195733,1268939
2021-04-06,2503.6494140625,2511.7021058203177,2400.9763068805287,2421.5876027870695,3372846
2021-04-07,2519.947265625,2557.7665583630796,2492.6253092976194,2497.322674836018,1937977
2021-04-08,2541.08544921875,2548.51510343828,2519.371779216145,2521.289109337314,897483
2021-04-09,2522.05615234375,2545.2558005901583,2502.259577909704,2526.082498890797,1185017
2021-04-12,2494.63818359375,2502.1158179053537,2449.3892393671185,2471.630222049793,1427691
2021-04-13,2464.440185546875,2517.4544093704717,2458.3048228755824,2492.529118188586,1200230
2021-04-15,2480.737548828125,2486.3458330936937,2432.1332767065196,2482.942525293609,1209829
2021-04-16,2553.595947265625,2582.1642114510632,2474.9854162320303,2480.641680235844,2760777
2021-04-19,2465.5908203125,2540.462662591929,2460.749748515528,2540.462662591929,1552036
2021-04-20,2448.094970703125,2497.0348695027133,2424.2722840621423,2492.5291904682235,1489287
2021-04-22,2407.447998046875,2451.30693121189,2385.159032012195,2450.012639564421,1690758
2021-04-23,2413.870361328125,2458.975593984713,2393.0193986890736,2422.6422860401963,1614593
2021-04-26,2452.16943359375,2468.562700877471,2425.4227701825243,2425.4227701825243,1103980
2021-04-27,2467.93896484375,2473.2593675535536,2429.2567442973796,2439.8020577098778,866331
2021-04-28,2506.477783203125,2511.942127243527,2468.5625332132745,2481.025179012021,1065561
2021-04-29,2505.423095703125,2532.7930293363906,2463.769146629267,2521.2890488852036,1295346
2021-04-30,2431.557861328125,2498.089354096861,2419.7184887692392,2487.735725078626,1384907
2021-05-03,2475.417236328125,2487.8321378260125,2402.0316029886385,2406.249636221331,1034774
2021-05-04,2480.21044921875,2509.737382648761,2465.2554133081194,2497.322715766003,1058140
2021-05-05,2461.516357421875,2508.826573861563,2440.85731169718,2508.826573861563,1220186
2021-05-06,2443.685302734375,2475.1295646024805,2423.505355711845,2473.212234416,1518119
2021-05-07,2446.177734375,2482.9426349640885,2436.4473771278886,2449.3893561132227,1416102
2021-05-10,2451.2587890625,2481.9840536864,2437.0704981450854,2481.9840536864,1526814
2021-05-11,2450.587890625,2456.1002154645475,2417.0825890622687,2428.2989249694374,1168363
2021-05-12,2450.539794921875,2481.9360783960606,2425.4228149523483,2470.4800767320953,2085630
2021-05-14,2659.816162109375,2718.0550634783226,2494.015089713275,2511.7024129488423,10543708
2021-05-17,2667.725341796875,2707.461963899994,2633.980376646853,2667.0063429625034,2134352
2021-05-18,2705.1611328125,2727.402115556606,2673.7168718057555,2681.3861923415916,1328605
2021-05-19,2699.45703125,2731.236683526792,2682.967805415909,2689.199128140698,1219067
2021-05-20,2678.606201171875,2727.4021602613066,2663.6509322622287,2697.683542697827,1211975
2021-05-21,2715.4189453125,2736.0302453387026,2679.469003406333,2690.9729848163065,1328308
2021-05-24,2702.66845703125,2731.2367222769576,2692.123141501223,2728.360727132405,813091
2021-05-25,2793.933349609375,2801.842336332762,2706.071790720109,2719.6368076624053,2730112
2021-05-26,2820.00927734375,2826.048680075059,2790.09873977398,2818.331613463033,1250531
2021-05-27,2827.439208984375,2842.4422252552,2782.285985918011,2828.062247724398,2415085
2021-05-28,2819.146240234375,2841.2914963087705,2809.9909422798405,2835.874898395797,711383
2021-05-31,2854.425048828125,2866.3603813156774,2814.7364112902446,2816.5577811778444,2093635
2021-06-01,2809.84716796875,2859.3143765208906,2794.604487801037,2842.4417785831947,1194073
2021-06-02,2783.675537109375,2812.483467411552,2758.2229343354265,2798.1994524110087,2067842
2021-06-03,2814.017578125,2820.3926071558026,2784.0113149304184,2798.9186034265963,1404434
2021-06-04,2803.9990234375,2866.408205409006,2787.797679374378,2830.937602198259,1509084
2021-06-07,2811.8603515625,2819.4337112986223,2783.915126915326,2808.8883964994775,802415
2021-06-08,2805.293701171875,2822.5496726784427,2787.3187308525335,2806.971365068347,762931
2021-06-09,2821.87890625,2842.442227324192,2798.918922252263,2809.6559253399214,1340352
2021-06-10,2842.64013671875,2851.021764038667,2813.785793710524,2837.2449418972474,1344559
2021-06-11,2848.083251953125,2862.871702202803,2831.0791449716985,2851.6960425475686,878445
2021-06-14,2841.965576171875,2861.330228366131,2809.787747821488,2846.975500764826,746823
2021-06-15,2930.888427734375,2938.4030793723477,2852.611296521587,2861.33021171668,2262031
2021-06-16,2908.248046875,2930.888199989599,2895.531071741533,2918.1712248561316,859505
2021-06-17,2948.326416015625,2961.476880680527,2890.714397316184,2907.525870432333,1533864
2021-06-18,2935.705322265625,2965.185786623323,2905.6951701377893,2949.5303612323933,2293860
2021-06-21,2956.2744140625,2966.4864279591025,2910.5123986371377,2913.5470487348866,720491
2021-06-22,2900.637451171875,2979.685358917849,2894.2788454416263,2972.1224896180634,1199238
2021-06-23,2878.04541015625,2919.134787588224,2874.336184412365,2919.134787588224,1009007
2021-06-24,2931.900146484375,2938.1140995889955,2866.5808420924163,2878.0455726340165,985596
2021-06-25,2893.989990234375,2941.7752663082674,2875.7816177927552,2919.327744662172,786964
2021-06-28,2873.806396484375,2927.661205033241,2867.351590721944,2913.3544595861094,891695
2021-06-29,2891.677734375,2913.2100614626843,2864.268742088554,2879.635098466392,1242734
2021-06-30,2883.199462890625,2919.1347328815013,2876.407369688417,2889.268997990635,924522
2021-07-01,2911.0419921875,2916.147880954075,2887.341993850591,2897.939512012872,848235
2021-07-02,2895.0498046875,2927.613140713554,2889.991897374818,2921.9770927677537,805542
2021-07-05,2904.4912109375,2938.4032273725143,2897.07299409355,2909.500900545899,863343
2021-07-06,2892.64111328125,2918.653206556385,2886.3789426779767,2893.122818712271,762630
2021-07-07,2928.865234375,2956.7077121002226,2901.070739023068,2952.8540689433635,1234865
2021-07-08,2917.497314453125,2947.0739824363545,2908.3449107809624,2938.4032842206216,907391
2021-07-09,2900.445068359375,2927.950262514171,2896.976694894294,2911.4278589858845,547082
2021-07-12,2889.65478515625,2931.515180198148,2881.6104446373597,2923.855874778507,765566
2021-07-13,2884.3076171875,2910.56056239337,2876.118625104935,2909.500716393714,703484
2021-07-14,2892.11083984375,2897.6986692080923,2875.010299114486,2893.1224681678664,470744
2021-07-15,2874.4326171875,2900.829979577485,2862.389981935186,2899.8665687573002,635535
2021-07-16,2879.924560546875,2896.0134772679216,2856.513626114234,2884.45254522294,1062548
2021-07-19,2872.843017578125,2889.9435606445745,2856.5132502548086,2879.924181607044,837836
2021-07-20,3043.462890625,3063.164594157612,2870.5306545340136,2886.378714922537,6755922
2021-07-22,2993.076416015625,3049.1950934865868,2976.939285584061,3015.475716465408,1982572
2021-07-23,2970.918212890625,3015.0906945087095,2965.4268180794015,2992.3541043334517,815329
2021-07-26,2949.193115234375,3004.878306918394,2939.5590071647425,2967.257067864936,1136884
2021-07-27,2917.834228515625,2968.75058692419,2910.753299767185,2966.727330020218,904289
2021-07-28,2894.1826171875,2922.025096559926,2874.8179650955553,2919.4721519005557,996594
2021-07-29,2887.775634765625,2928.720593472794,2880.8873416779747,2894.1824576644335,762683
2021-07-30,2850.202880859375,2898.566060162916,2843.8924925317656,2897.939937171821,1067423
2021-08-02,2865.232177734375,2877.5156664673596,2852.3223308040874,2876.359620451685,832285
2021-08-03,2916.244384765625,2952.8539938244603,2884.644464641721,2909.500509412682,2433031
2021-08-04,2908.152099609375,2941.5824092205035,2901.793493886294,2929.3471384093414,659295
2021-08-05,2879.056884765625,2928.7689786173523,2871.012545307545,2922.988513527976,693694
2021-08-06,2857.91015625,2891.1960491759282,2853.093101852839,2885.415583899335,744159
2021-08-09,2883.05517578125,2904.683702243976,2864.268664274199,2885.0781974342967,825462
2021-08-10,2868.21875,2898.2291415296286,2852.2262697210303,2888.305961930413,724335
2021-08-11,2863.834716796875,2891.628974133304,2844.518285382932,2878.0930068707044,987941
2021-08-12,2866.628662109375,2876.0219168415433,2849.7689741285603,2865.1835459967338,438552
2021-08-13,2879.345947265625,2892.159358553928,2864.3168791985745,2871.8312956282366,572250
2021-08-16,2862.678955078125,2874.9624436279014,2851.696165281417,2870.9643826143997,461742
2021-08-17,2904.97265625,2932.6224993965916,2864.3167671960978,2865.1837428401655,2036757
2021-08-18,2891.725830078125,2936.4762161868025,2883.0551325893844,2936.4762161868025,1375320
2021-08-20,2999.050048828125,3009.7440043815836,2891.677946241613,2891.677946241613,3931334
2021-08-23,2964.848876953125,3048.0877212356254,2939.3667052617425,3043.4633017964184,1578949
2021-08-24,2934.501220703125,2979.6371129424024,2923.5184311366843,2979.6371129424024,763704
2021-08-25,2926.89013671875,2957.671063777433,2902.3713796648076,2915.2809898991895,797870
2021-08-26,2928.431884765625,2971.6409582546944,2915.474055039942,2951.8910345574272,1319516
2021-08-27,2925.685791015625,2946.061834144429,2909.9821488651614,2929.2021461440518,634375
2021-08-30,2995.00341796875,3000.302177534115,2936.5244276252674,2944.8578372222523,1051747
2021-08-31,3084.21533203125,3092.5487415664015,2989.512001096878,2995.003395745966,2283290
2021-09-01,3181.9052734375,3211.0484524614903,3097.365968996007,3111.865349733787,2423168
2021-09-02,3180.797607421875,3197.5608634514783,3147.1262073913736,3191.7321803075242,847517
2021-09-03,3216.63623046875,3222.561113182135,3166.2497953856196,3180.7973934730694,832039
2021-09-06,3194.236572265625,3225.2101339216983,3184.9395173654866,3219.7187396657837,664394
2021-09-07,3214.1796875,3270.3948088639145,3202.233486154098,3211.530307465343,1285818
2021-09-08,3214.516845703125,3238.553900187958,3176.3656806603253,3222.6094030357262,702598
2021-09-09,3223.910400390625,3236.0974551039094,3184.073262613403,3184.073262613403,591745
2021-09-13,3243.852783203125,3250.5484420513976,3208.4956495027395,3224.151076942969,610920
2021-09-14,3239.468994140625,3264.61411149422,3234.0258169027065,3261.0493031709166,569412
2021-09-15,3229.642333984375,3260.134194195867,3224.4879917029866,3238.8429549125976,587855
2021-09-16,3219.8154296875,3247.6579085971307,3212.975118710006,3227.4262811629746,516746
2021-09-17,3182.1943359375,3258.25557743483,3164.852940197161,3229.3532512009315,1545695
2021-09-20,3151.846923828125,3193.7070796862363,3145.536535497907,3179.207698844002,689288
2021-09-21,3188.119384765625,3212.9754336627966,3151.3171344860593,3151.8470575361584,922057
2021-09-22,3196.11572265625,3208.1101415520247,3167.93595328543,3206.7132427615156,825945
2021-09-23,3199.150146484375,3217.7922405237937,3193.706969262388,3217.7922405237937,694716
2021-09-24,3322.418701171875,3376.7549782074448,3199.3429669447705,3208.1580820059316,2775975
2021-09-27,3305.125244140625,3343.0355540892497,3292.6009034480717,3334.9429972633034,902449
2021-09-28,3256.039306640625,3304.2098447606086,3227.426054038896,3299.585426059549,961271
2021-09-29,3201.46240234375,3257.966353381401,3188.8898439837803,3241.877439578677,973387
2021-09-30,3125.93115234375,3225.2106948452983,3102.1831672120106,3208.061933401149,2077896
2021-10-01,3061.575439453125,3133.9274573156226,3054.0125697635167,3129.1586203759944,1512332
2021-10-04,3084.456787109375,3112.2992712460523,3061.7201931651302,3085.6128332811,921241
2021-10-05,3135.66162109375,3140.719528309586,3074.870299330797,3091.1520846359413,909337
2021-10-06,3094.71630859375,3159.987389582847,3083.5406493523847,3142.6459953717217,786378
2021-10-07,3170.44091796875,3196.5974303455323,3102.1831602509387,3102.1831602509387,1177283
2021-10-08,3185.903076171875,3207.1945489064574,3144.6692821532474,3185.999511334832,882436
2021-10-11,3185.084716796875,3221.983402047655,3177.088359125127,3204.6899878800054,460197
2021-10-12,3201.655029296875,3212.9751065087125,3159.9875110490484,3159.9875110490484,564524
2021-10-13,3201.89599609375,3236.000646485374,3170.9704133768055,3220.68250788067,770144
2021-10-14,3177.13623046875,3230.268242794787,3169.6215790755987,3219.7189414196505,648597
2021-10-18,3122.896240234375,3163.7929833819244,3113.7438372474166,3133.493759482433,1576121
2021-10-19,3067.259033203125,3149.48623635064,3059.8890349096064,3141.586079885373,1042069
2021-10-20,3053.626708984375,3102.134297560755,3021.8821376275964,3073.2801935686325,1205540
2021-10-21,2892.159423828125,3078.5312090782345,2813.5932205530066,3077.1343103621025,5103543
2021-10-22,2873.276123046875,2893.0742609756276,2805.5965179458226,2866.1469775890623,2855592
2021-10-25,2811.281494140625,2842.062428314204,2752.7060587460205,2842.062428314204,2161537
2021-10-26,2861.137451171875,2913.354269678134,2791.9645084415456,2811.280942092562,1988263
2021-10-27,2981.419189453125,3029.9270181511283,2918.3639985493614,2918.3639985493614,4609951
2021-10-28,3005.822509765625,3036.0129246326787,2953.4474796043514,2992.9939677375255,1791065
2021-10-29,2990.19677734375,3033.215497401612,2973.992316106174,3014.2139398220665,1118903
2021-11-01,3011.12744140625,3030.852410393987,2982.0461639312243,3017.1075947847535,750393
2021-11-02,2993.33154296875,3028.489287067569,2970.8092423431644,3009.3911805554135,881916
2021-11-03,3058.245849609375,3070.061569670433,2985.277843997936,2992.1262330846644,879227
2021-11-04,3047.249755859375,3076.9096213314574,3033.5049401528004,3066.299588154452,263595
2021-11-08,3026.75341796875,3068.229006551496,2985.4224174775613,3052.7962294044273,787824
2021-11-09,3033.6494140625,3043.1503103349078,3009.391115133094,3028.6820838198446,668840
2021-11-10,2998.106201171875,3025.4510103255325,2971.291705313952,3020.9659539176428,872975
2021-11-11,2954.894287109375,2996.5144600895856,2943.8019795194427,2980.4548219905237,958143
2021-11-12,3012.1884765625,3017.1077682048517,2966.7583825972497,2979.490375954216,682344
2021-11-15,3056.36474609375,3067.264191102624,3015.1785727631454,3015.1785727631454,696377
2021-11-16,3039.96728515625,3095.2359581181504,3009.487695604106,3052.795826564022,1400107
2021-11-17,3115.732666015625,3125.0404644697023,3052.8441534581343,3057.618621242793,1616452
2021-11-18,3112.45361328125,3144.4283038330877,3100.0590700980197,3134.6382301487843,1609821
2021-11-22,3145.634033203125,3191.0643651785,3101.0719362346094,3126.1019246029373,2146970
2021-11-23,3072.6171875,3171.7245351091724,3059.113509966877,3145.633453921298,1482618
2021-11-24,3045.079833984375,3095.139810548427,3038.3279939977133,3073.1000170261186,1056213
2021-11-25,3032.781494140625,3060.8499485095713,3002.6393547776943,3044.5972127708937,728825
2021-11-26,3031.67236328125,3055.062663470668,2981.4192942471177,2991.064778861311,1029110
2021-11-29,3032.829833984375,3066.203070114555,2962.996382712927,3020.001292098107,876651
2021-11-30,3032.202880859375,3075.9452507263295,3005.677796383058,3005.677796383058,2340489
2021-12-01,3026.89794921875,3086.3142343133914,3013.346230429359,3044.0186860447716,1741820
2021-12-02,3067.84326171875,3080.7681183026557,3040.49821569178,3047.973467074637,939320
2021-12-03,3000.179931640625,3074.450168539725,2995.887737774072,3072.087071735486,1216263
2021-12-06,2930.587890625,3004.568716910581,2920.894130653119,3004.568716910581,1107363
2021-12-07,2922.919677734375,2960.199383531548,2909.5123121253673,2932.2274766816245,2056459
2021-12-08,2998.298828125,3012.284780516125,2923.5463239655382,2924.4143233680447,1171484
2021-12-09,3066.01025390625,3070.206134053616,3000.7103678929766,3040.642581391095,1287243
2021-12-10,3166.75732421875,3175.2936726666153,3066.01028015241,3071.1224343166778,2554394
2021-12-13,3163.574462890625,3222.5565089302236,3154.989840028112,3168.6383424691594,1265832
2021-12-14,3180.598388671875,3187.8325017621064,3133.8177906883766,3157.931500989149,863179
2021-12-15,3184.890625,3196.465206100612,3150.697430429034,3161.934325386696,811946
2021-12-16,3181.65966796875,3207.1236533075926,3154.6523108882648,3207.1236533075926,502930
2021-12-17,3128.705810546875,3176.547508631415,3113.273035098374,3158.8962246150986,1019403
2021-12-20,3124.6064453125,3158.8961899833043,3068.2286352173714,3112.597864145381,948872
2021-12-21,3155.3759765625,3179.152004000164,3125.1372854855986,3131.889125299919,712026
2021-12-22,3163.815673828125,3169.168729690519,3126.101732750093,3159.5715190767646,619865
2021-12-23,3152.047607421875,3190.629543241405,3134.7822853368148,3173.3642211563447,1051596
2021-12-24,3168.348876953125,3183.0099666722185,3145.3925761570017,3163.7189971772355,651404
2021-12-27,3156.38818359375,3168.3004508812833,3111.826093288995,3163.815394882423,640701
2021-12-28,3248.792236328125,3255.3512132771566,3156.9672654981136,3159.8126364985496,1211648
2021-12-29,3248.06884765625,3265.961269695119,3227.5721917256474,3252.650453099561,598421
2021-12-30,3246.380859375,3269.8194351666525,3231.5269065775774,3244.0177626325203,691223
2021-12-31,3263.01953125,3284.2878742730068,3242.233462511027,3269.8196457519803,570671
2022-01-03,3301.07080078125,3318.9149486181614,3263.0676828254796,3263.0676828254796,696276
2022-01-04,3336.6630859375,3349.3468060874584,3293.981809532248,3312.259958771408,790886
2022-01-05,3401.769775390625,3414.5017687873124,3329.6697733519663,3346.983372229371,1024506
2022-01-06,3390.050537109375,3412.1388406520605,3329.766251488766,3367.383645716026,1312743
2022-01-07,3449.514892578125,3455.012772002642,3372.592148701182,3390.0503354872963,964364
2022-01-10,3427.523193359375,3462.729214622247,3401.9626573740015,3453.083729344748,657511
2022-01-11,3413.2958984375,3437.6507473066054,3371.1451773928147,3424.72589200194,734344
2022-01-12,3418.16748046875,3455.4471908063542,3408.7148568021357,3430.80292622445,594543
2022-01-13,3333.720703125,3433.792608499096,3327.692275090416,3433.792608499096,1153984
2022-01-14,3245.126708984375,3339.2667318404983,3227.379111709505,3339.2667318404983,1558978
2022-01-17,3258.8720703125,3278.5007287402586,3203.265937083377,3245.1272526059543,1103159
2022-01-18,3254.09716796875,3276.040645943303,3232.2019645154114,3259.257596543767,558543
2022-01-19,3164.10498046875,3250.5286250500317,3151.903535462089,3250.5286250500317,1495218
2022-01-20,3189.18310546875,3245.6091934134274,3107.775305260705,3165.648215973195,3075678
2022-01-21,3158.751708984375,3207.0754469245044,3126.825059848875,3183.058283776135,1441694
2022-01-24,3043.294921875,3154.0734046071443,3023.8593649674,3152.144307723592,1575665
2022-01-25,3035.53076171875,3045.031423412787,2904.01447594597,2990.100431929754,2699779
2022-01-27,3006.449462890625,3031.5759989385156,2962.3696426153087,3028.7789024241733,1834684
2022-01-28,3000.565673828125,3057.6186210969954,2992.9938742157656,3019.0366826604404,892060
2022-01-31,3040.497802734375,3080.237151139752,3025.2096158529557,3028.6820844114322,944530
2022-02-01,3082.938232421875,3098.4675579158693,3030.225749564255,3080.767998234014,1008915
2022-02-02,3084.336669921875,3129.139900338472,3078.9833786869767,3091.1850584184795,667265
2022-02-03,3089.44873046875,3126.680395376671,3077.102463031351,3098.949627034187,899753
2022-02-04,3121.906005859375,3133.625412167167,3063.454504352328,3074.9808125595237,705765
2022-02-07,3062.151611328125,3135.93956038458,3031.6720246431264,3119.3493757983865,860393
2022-02-08,3102.32568359375,3109.222111222187,3053.9534346934083,3066.299702675766,799206
2022-02-09,3113.900390625,3143.4637093462593,3108.498824576759,3115.491801530659,472725
2022-02-10,3123.931396484375,3132.853469944037,3063.4059792309918,3105.8461124445193,728666
2022-02-11,3102.27734375,3115.4433363945122,3069.6755578142192,3115.4433363945122,587840
2022-02-14,3032.010009765625,3069.8685393213236,3009.3913939816725,3028.682364455914,681236
2022-02-15,3148.864990234375,3154.073457713478,3021.7857308907205,3028.682158171352,676844
2022-02-16,3137.531982421875,3168.638674521216,3108.7401127496814,3163.719382506657,624320
2022-02-17,3150.07080078125,3178.1390207318127,3121.6646591773265,3156.967228335487,636735
2022-02-18,3142.932861328125,3156.0025399706337,3115.5397794418805,3121.423383717174,423801
2022-02-21,3136.3740234375,3162.223970232449,3090.557969868541,3120.314385170149,547472
2022-02-22,3112.742431640625,3122.0504654606984,3009.391159569467,3009.391159569467,1147209
2022-02-23,3122.436279296875,3180.019776214893,3115.4915773670205,3122.146867656992,935896
2022-02-24,2960.24755859375,3084.433175349813,2943.3196856786453,3019.036741331857,1823450
2022-02-25,3008.6201171875,3030.081324758458,2973.7517775079905,2994.923573385384,1239456
2022-02-28,3062.103759765625,3077.3919474772915,2908.113688025085,2980.454824543122,1678348
2022-03-02,2921.5693359375,3000.9034556009465,2885.0613139550987,2996.8523987152303,3014206
2022-03-03,2770.08642578125,2942.837136545504,2760.5374909187913,2921.6170719751985,4406840
2022-03-04,2641.078125,2762.273773565068,2567.6761325583934,2762.273773565068,6979253
2022-03-07,2612.431640625,2631.240338555765,2507.1995283651986,2555.9572723050123,3233760
2022-03-08,2626.85107421875,2639.9207524137314,2544.4787333015033,2594.635251167947,2611102
2022-03-09,2773.02880859375,2787.5453113781277,2570.5701620065365,2652.5085142871458,4076068
2022-03-10,2809.536865234375,2932.227385037536,2788.70252383071,2893.6454457607265,3971987
2022-03-11,2828.05615234375,2835.724265687015,2780.1664143538082,2813.587925097789,1265493
2022-03-14,2857.76416015625,2866.9756448393127,2813.877206212618,2845.417893048642,1214217
2022-03-15,2881.250732421875,2924.5108234604504,2860.850627435256,2891.716177023229,1857685
2022-03-16,2934.156494140625,2941.872882027911,2904.0143539559126,2935.1210426265357,1287234
2022-03-17,3025.4033203125,3051.1567215790283,2967.4338535844367,3003.122152814934,2867519
2022-03-21,2937.773681640625,3006.7871759744894,2922.6785913588506,3006.7871759744894,1259015
2022-03-22,2942.982177734375,2954.122760446166,2869.5319007546304,2916.7947791200004,1515772
2022-03-23,2909.85009765625,2970.712969554525,2898.4683777281407,2951.5185477031982,948403
2022-03-24,2918.0966796875,2931.2143970118277,2845.948410204602,2864.226555810867,1243917
2022-03-25,2938.930908203125,2955.9070554383143,2884.964468502257,2918.0968025804464,1083275
2022-03-28,2920.122314453125,2950.1681415731728,2889.4496250011453,2938.931010236781,680332
2022-03-29,2934.735107421875,2978.236099732315,2905.89496846561,2960.199091433574,1120936
2022-03-30,2972.304443359375,2984.6507111156043,2947.563633325373,2968.880249126349,849545
2022-03-31,2970.760986328125,3018.3132725680166,2957.4021314301995,3004.568456994287,1464862
2022-04-01,3003.748779296875,3010.356031072886,2978.1882426664897,2999.745996999896,637392
2022-04-04,3007.462158203125,3031.575870183586,2983.830720462273,3014.1657230365995,873264
2022-04-05,3029.453857421875,3045.0794954136963,2970.80926381824,2999.7457176865996,805874
2022-04-06,3042.18603515625,3052.7960688869784,3002.6395457962603,3025.7887102996688,736379
2022-04-07,3043.150390625,3095.1877329333647,3033.9871802570324,3042.1858421652137,1025244
2022-04-08,3092.583740234375,3105.846282590156,3039.4852962874065,3055.68975877193,678898
2022-04-11,3045.513671875,3107.775325825616,3038.3278325110773,3071.122482131832,672652
2022-04-12,3017.734619140625,3049.998955375858,3003.748665664412,3042.8611550691244,794265
2022-04-13,2971.436279296875,3011.2239054168517,2957.4022868356647,3006.6905745075496,1121350
2022-04-18,2914.431396484375,2949.589140152012,2906.1844601955568,2947.6600432650584,1032504
2022-04-19,2885.157470703125,2950.7467697170373,2864.7090892841184,2922.582000178747,749782
2022-04-20,2973.702880859375,2979.972445804424,2874.354390191676,2885.2538348086227,838182
2022-04-21,3046.28515625,3061.8625195950967,2976.6448049361843,2980.261861640352,1069035
2022-04-22,3052.217041015625,3060.8016635682375,3002.8804816685442,3010.8380064332646,681191
2022-04-25,3019.615478515625,3043.2469155934614,2985.374008464066,3022.8948490587727,1096774
2022-04-26,3014.840576171875,3037.0734636227908,2995.6944319523636,3019.0364558558213,1703441
2022-04-27,3036.736572265625,3051.831663130847,2976.54860044988,2986.242360636252,963536
2022-04-28,3132.564208984375,3152.144591210471,3057.618835415298,3076.9098059857415,2001838
2022-04-29,3122.436279296875,3161.7899042133413,3107.100052723218,3133.817998410356,1088970
2022-05-02,3086.55517578125,3097.647483444214,3042.2342196511104,3081.732433319092,595522
2022-05-04,2990.920654296875,3081.44340013834,2972.2082699541556,3065.3354854334457,1120002
2022-05-05,2967.48193359375,3016.095087056648,2961.164093398359,2994.6821560190733,724601
2022-05-06,2909.31982421875,2944.188163226539,2897.407554366329,2912.9368816048486,923941
2022-05-09,2898.70947265625,2931.0701229669285,2869.5318795948237,2894.465553314235,998324
2022-05-10,2976.934326171875,3027.4765728514144,2928.3692155083695,2942.837442857719,2460016
2022-05-11,2945.3935546875,2999.3119593594943,2873.390100377766,2980.8407135290186,1883969
2022-05-12,2932.17919921875,2968.880317163168,2882.070951164245,2934.1565707635987,1254245
2022-05-13,2955.376708984375,3005.77436989966,2927.694213148099,2965.407919546526,1121729
2022-05-16,2893.549072265625,2980.358440905041,2879.3702558182836,2980.358440905041,733044
2022-05-17,2941.872802734375,2948.238916763986,2846.382505202997,2892.58428223864,1179081
2022-05-18,2990.19677734375,3017.879271069983,2918.7236422085034,2922.581836051476,1379763
2022-05-19,2938.882568359375,2962.8034169370962,2894.079340102628,2894.1276146220603,772390
2022-05-20,2999.697509765625,3014.2140115423067,2961.163844939162,2970.8093297760975,778957
2022-05-23,3061.670166015625,3074.9809839970285,3019.085438866203,3032.4925704177863,813294
2022-05-24,2977.41650390625,3070.784606319223,2961.1637681831116,3062.2002192310533,691307
2022-05-25,2737.43701171875,2931.26299236631,2726.1035664537603,2931.26299236631,3381427
2022-05-26,2739.46240234375,2758.6087847819704,2622.173442855497,2748.963299520495,3212196
2022-05-27,2734.350341796875,2767.289578063076,2682.409312162222,2766.3250295869298,1879534
2022-05-30,2743.176025390625,2781.7579666760066,2717.1332150229923,2777.8997725474683,2525482
2022-05-31,2758.270751953125,2775.9703093777016,2711.345566247644,2743.1756636102095,2408221
2022-06-01,2751.37451171875,2835.6759538345436,2731.6495425968606,2758.2709390876794,1770795
2022-06-02,2805.437744140625,2815.51722943393,2747.0342820924398,2768.4472128964844,1164197
2022-06-03,2784.55517578125,2815.951278868407,2754.7507191277405,2802.0135991127754,1228489
2022-06-06,2717.567138671875,2770.1833067236266,2708.1627907468906,2769.3153072632026,1193698
2022-06-07,2647.396240234375,2704.594013800212,2634.1819727847287,2700.7358197719664,1403598
2022-06-08,2609.296630859375,2676.6221652111517,2604.28102561085,2673.631970580147,1743575
2022-06-09,2606.483642578125,2616.960845979186,2555.0194167349,2599.886867337269,1857501
2022-06-10,2627.777099609375,2654.212512978773,2572.7235323171435,2585.3349221814433,1592920
2022-06-13,2581.2119140625,2602.796792419313,2563.5074632754513,2590.136850104457,1674206
2022-06-14,2556.61962890625,2586.644626928011,2507.7263358950468,2538.769756687558,2296040
2022-06-15,2581.60009765625,2603.3791888529195,2548.5681444284337,2570.7834995555077,928842
2022-06-16,2578.0107421875,2643.9780167137596,2561.0824227841927,2614.3897538747756,1280628
2022-06-17,2503.070068359375,2577.5743343496556,2483.4739540591336,2570.8806906948685,2043251
2022-06-20,2581.16357421875,2593.4355695257063,2510.9764768677906,2522.278128359778,1595360
2022-06-21,2598.285888671875,2628.98967706368,2561.0821946303013,2594.987383133895,1042074
2022-06-22,2586.64501953125,2627.0013305813277,2547.840737650863,2607.647742361993,1871760
2022-06-23,2675.749267578125,2685.2078114910864,2594.987854167456,2594.987854167456,1612872
2022-06-24,2678.3681640625,2701.5538621045907,2644.5115264904393,2692.0467666951463,2215583
2022-06-27,2736.623291015625,2743.1229605393623,2682.345851798905,2696.8003513446433,1295734
2022-06-28,2644.996337890625,2701.553614857152,2623.4600130965814,2696.8970545886436,1838358
2022-06-29,2617.154541015625,2637.7207607037312,2597.9463763017993,2625.594423995825,1066354
2022-06-30,2614.632080078125,2645.432974277602,2599.886502507034,2633.694822845667,1291447
2022-07-01,2690.251708984375,2696.8970356257014,2604.736885127701,2624.041916652917,1477191
2022-07-04,2706.889404296875,2714.3591802621895,2662.749539142504,2692.1921422553523,653147
2022-07-05,2683.89794921875,2728.2317889137244,2677.4951486913956,2701.7478221396873,1073043
2022-07-06,2775.864013671875,2783.236921445827,2721.295496128714,2745.936355489274,2085735
2022-07-07,2804.96728515625,2844.3537240945716,2790.8038650612966,2814.6683551565725,1469087
2022-07-08,2793.7138671875,2801.668696311296,2755.588619069334,2793.9078411968603,1274148
2022-07-11,2845.372314453125,2852.648116776009,2766.1146218510144,2788.0874501291146,1081885
2022-07-12,2806.713134765625,2835.8648934306575,2799.1462538492733,2832.7120461190525,1115524
2022-07-13,2853.278564453125,2880.199032791915,2838.581538637605,2860.8454461655056,2153712
2022-07-14,2851.28955078125,2866.5204183202136,2825.3391916578257,2863.8526243916376,882479
2022-07-15,2889.1240234375,2895.769351023593,2852.551037461419,2861.7670538214606,1668006
2022-07-18,2927.637451171875,2934.573621358075,2899.067611070088,2905.2278851444944,823390
2022-07-19,2928.85009765625,2932.63342016656,2889.124027085365,2894.26564148228,638171
2022-07-20,2916.578125,2953.684717523772,2910.3209822566537,2942.334513061477,867436
2022-07-21,2974.445068359375,2992.731442594745,2891.8888706722787,2891.8888706722787,1184060
2022-07-22,2975.706298828125,3000.2986075173094,2956.886316615555,2974.445349125126,1268141
2022-07-25,3012.133544921875,3024.017355129948,2960.4267968113054,2977.7433007086483,985844
2022-07-26,3015.577392578125,3055.6428561645707,2961.736457951107,3003.4510559504183,2876310
2022-07-27,3090.809326171875,3097.5515221729615,3003.4511470865923,3025.7150544421315,1976407
2022-07-28,3174.57763671875,3181.9505436911313,3086.8800701296277,3102.401780098853,1332572
2022-07-29,3234.09423828125,3254.078537385295,3177.100451554884,3187.1894697021985,1836550
2022-08-01,3225.1689453125,3254.708653081505,3215.419323588271,3240.2056022790466,1076122
2022-08-02,3294.628662109375,3302.9716767141385,3226.1878054589524,3231.426288313326,1650536
2022-08-03,3336.828369140625,3344.9288571366515,3270.473146642093,3302.2441501430285,1169005
2022-08-04,3357.05517578125,3373.013388098225,3308.937775244862,3351.7195874365607,981434
2022-08-05,3370.054443359375,3387.564921198715,3348.372695103489,3371.1216557428043,792478
2022-08-08,3355.06640625,3373.013385212235,3333.821158323606,3361.4206542781067,724644
2022-08-10,3309.66552734375,3346.72380506349,3294.4834471842873,3338.1382631805454,1089295
2022-08-11,3303.408203125,3373.983485112373,3288.6626245662455,3346.869042700161,1410533
2022-08-12,3325.381591796875,3332.1237885185583,3281.872195269191,3297.3939082825837,548472
2022-08-16,3396.34423828125,3404.541594172811,3352.010400562789,3366.270924546112,911189
2022-08-17,3418.36572265625,3439.659522281545,3399.836822502917,3412.7876078401073,817912
2022-08-18,3429.667724609375,3436.7978686366546,3410.459559495394,3419.62702286905,599877
2022-08-19,3378.446044921875,3432.723482029721,3360.450513424036,3414.7765032484435,581829
2022-08-22,3249.615478515625,3381.356038454442,3233.56016249441,3358.6070797863144,2336567
2022-08-23,3256.2607421875,3282.793022386649,3217.6989949622844,3233.366125827482,831446
2022-08-24,3277.845947265625,3283.812010242945,3203.293133773177,3239.7692496579334,1182154
2022-08-25,3261.98486328125,3303.3598330554464,3251.022606558073,3274.111201062965,615392
2022-08-26,3224.19921875,3283.3271939765204,3206.8341610669413,3278.331237583683,1384783
2022-08-29,3243.309814453125,3248.2574542596562,3139.944879406474,3149.9370276016743,1031166
2022-08-30,3290.21484375,3307.82219024857,3231.42626753222,3231.42626753222,1426459
2022-09-01,3343.52197265625,3370.539307627611,3215.9043630090637,3215.9043630090637,1417762
2022-09-02,3328.4853515625,3384.7029994703844,3322.616157405006,3384.7029994703844,740821
2022-09-05,3322.42236328125,3346.8690112996305,3303.747804305158,3322.6648900211994,518438
2022-09-06,3293.755615234375,3331.880865659711,3282.841912069251,3317.7657621976477,540937
2022-09-07,3298.703125,3332.3172346827223,3284.7334433953893,3290.6026375673346,682921
2022-09-08,3347.0146484375,3380.4833407087117,3324.944713678947,3346.8692271211607,1143090
2022-09-09,3338.962890625,3379.5617266875925,3330.8138496757033,3379.5617266875925,702805
2022-09-12,3329.601318359375,3350.4100668928727,3320.676381005344,3338.9629933532124,641280
2022-09-13,3319.8994140625,3355.5993913534608,3312.5750604191508,3329.406507986435,776044
2022-09-14,3336.149169921875,3345.413738445126,3278.961413932007,3278.961413932007,816678
2022-09-15,3293.90087890625,3355.3572458586905,3287.7893949002655,3337.167741453963,590182
2022-09-16,3223.22900390625,3317.7658820361135,3210.6176131265806,3310.392974227912,1598265
2022-09-19,3217.1171875,3242.1945470080213,3134.7066490929665,3221.3855633623143,1013563
2022-09-20,3291.766845703125,3308.0646897837596,3234.336561800309,3235.888827652757,708184
2022-09-21,3255.727783203125,3322.5195108886396,3247.9183741524403,3303.2144755044983,605378
2022-09-22,3333.287841796875,3337.1682700178258,3216.535362961996,3255.727830099126,829396
2022-09-23,3293.755615234375,3335.179134545942,3281.580725668334,3332.3173664178125,513370
2022-09-26,3335.2763671875,3364.3310240200913,3253.7388277287732,3269.2605394889583,1429914
2022-09-27,3366.901611328125,3395.374345217168,3328.4855179848932,3351.5741109008736,1455383
2022-09-28,3463.91259765625,3475.796408862002,3317.766067238449,3347.83938539178,1843428
2022-09-29,3283.6181640625,3456.927681871987,3271.5886953654567,3456.927681871987,2624894
2022-09-30,3242.533935546875,3309.907816019767,3187.043865240392,3300.303851928411,2159720
2022-10-03,3204.166015625,3252.283413057802,3187.528776869403,3247.9179319664495,934543
2022-10-04,3237.974365234375,3267.659731659244,3213.042664812742,3230.4560366206183,994382
2022-10-06,3229.437744140625,3266.1078371748963,3212.7033979042644,3237.974733357247,922770
2022-10-07,3243.746826171875,3259.1716700416973,3188.984331741969,3218.8151228899087,774544
2022-10-10,3179.961669921875,3200.3824662795164,3162.7422735058517,3181.9504363130686,734377
2022-10-11,3200.091796875,3259.5594011756675,3176.1302022170044,3192.1369671334924,1411316
2022-10-12,3151.10107421875,3239.671878437479,3110.162611849246,3235.3063975412465,1812549
2022-10-13,3113.072998046875,3160.8022094829576,3098.424289327167,3133.5423480842146,779890
2022-10-14,3090.275634765625,3148.967104206316,3084.9400466346533,3138.295927944372,845765
2022-10-17,3102.013916015625,3121.804002024834,3075.3359762842133,3090.275527796802,1067773
2022-10-18,3129.419677734375,3152.8476664263494,3115.983601403518,3121.8042432492284,1015424
2022-10-19,3116.711181640625,3148.6761590748774,3100.8015219993267,3145.08681063852,943543
2022-10-20,3047.009033203125,3144.9415259868897,3009.0779909657945,3102.4022385789303,2284352
2022-10-21,2999.958984375,3070.146325061363,2980.7993698967753,3046.136175272195,1738731
2022-10-24,3028.333984375,3064.5675703281286,3022.852975353735,3055.8366085893017,178709
2022-10-25,2992.682861328125,3041.2853146825473,2987.8323265359677,3040.315207724116,1016316
2022-10-27,2952.471923828125,3029.643978395265,2942.3343536576494,3029.643978395265,2005709
2022-10-28,2962.12451171875,2979.780647952934,2949.125173126844,2967.266126000929,715736
2022-10-31,3019.152099609375,3024.301133878733,2973.8313952876483,2994.1844184433844,814364
2022-11-01,3069.37890625,3074.236440910258,3021.8723121464022,3021.8723121464022,939335
2022-11-02,3042.662353515625,3069.9131693925124,3033.141775679741,3068.01877838167,787012
2022-11-03,3051.79443359375,3059.032111995517,3016.5286884465518,3016.5286884465518,563798
2022-11-04,3090.70361328125,3094.2495186408214,3036.8333651951457,3058.3037628512734,609757
2022-11-07,3015.120361328125,3106.8791428603568,3009.194074218177,3095.2210597727008,1669943
2022-11-09,2998.555908203125,3056.36056608036,2992.241113645108,3056.36056608036,1391333
2022-11-10,2958.384033203125,2998.0701834869005,2947.0660731067765,2998.0701834869005,1375007
2022-11-11,2968.34228515625,3009.7285767273906,2961.15322849099,3002.6365284480125,810288
2022-11-14,2966.20458984375,2990.2493837559387,2954.400876796934,2968.924856389864,811702
2022-11-15,2991.561279296875,3006.8138903668832,2955.324024069809,2981.0689572183464,873840
2022-11-16,2995.204345703125,3004.8707917606134,2964.067502638743,2991.5611948886726,770953
2022-11-17,2984.08056640625,3008.3196151292877,2972.8109919551866,3003.899211478901,706271
2022-11-18,3007.2998046875,3026.098559299784,2968.6824028989913,3006.8140512058835,1258576
2022-11-21,3007.105224609375,3021.7264502572134,2978.8342801715708,3016.5287936938794,612194
2022-11-22,3015.411865234375,3030.615853742949,2984.760774301572,3015.55749639946,764079
2022-11-23,3012.44873046875,3026.049827463863,3001.956408207087,3022.3580536997565,488341
2022-11-24,3026.535400390625,3031.344311961605,3003.8992428764627,3029.109798723124,571872
2022-11-25,3019.5888671875,3030.9070640990435,2987.626387265334,3026.535283351887,898769
2022-11-28,3061.41259765625,3068.9903991651245,3008.4654698453924,3019.589176783472,914689
2022-11-29,3045.72265625,3078.7052670065373,3038.0476096764537,3067.047184581773,877720
2022-11-30,3084.679931640625,3108.7733493615824,3044.022511596785,3050.4343146037513,2547283
2022-12-01,3088.7607421875,3105.907745124675,3071.176371371717,3100.0787033759266,761717
2022-12-02,3053.88330078125,3083.8543833571857,3044.7026080629744,3082.7370081176737,932259
2022-12-05,3066.949951171875,3078.41377970517,3023.815140903072,3040.8165111732096,926122
2022-12-06,3071.613037109375,3078.70508426701,3035.958784580122,3035.958784580122,958365
2022-12-07,3134.56689453125,3142.53320337369,3085.8943058047466,3089.391825386448,1832282
2022-12-08,3129.660888671875,3148.5566506398827,3111.3965113218246,3137.9673201915957,851312
2022-12-09,3135.004150390625,3149.965498994004,3114.651128227868,3142.8248283896296,847879
2022-12-12,3076.131103515625,3137.967425557294,3052.377569014344,3135.0529047286027,1323816
2022-12-13,3087.934814453125,3094.249609574706,3053.1061957165266,3094.249609574706,886601
2022-12-14,3056.312255859375,3103.9647194111417,3035.959232600882,3088.420608140225,1103870
2022-12-15,3041.399658203125,3071.1276276404105,3027.8955697064175,3052.4747422158634,799124
2022-12-16,2968.82763671875,3028.186799101316,2963.387340763371,3026.243785434905,1192821
2022-12-19,2993.164306640625,3000.013478112687,2954.3526512113604,2974.7542972736555,655594
2022-12-20,2994.330078125,3000.644873357059,2932.0080015930944,2987.432521028263,739257
2022-12-21,2982.185791015625,3023.7663300121258,2963.144399808225,2997.0985154557047,616324
2022-12-22,3000.547607421875,3005.3565190181953,2951.4865102146923,2986.4121349480947,663202
2022-12-23,2970.770751953125,2998.8960654834295,2949.4948464522367,2991.2210189281327,1230858
2022-12-26,2968.9736328125,2984.371874470838,2942.5000704684658,2970.7707782206917,536884
2022-12-27,3023.912353515625,3039.8449711786066,2969.2164697485155,2972.810997701034,729041
2022-12-28,3034.6962890625,3054.2236741253105,3016.529156074695,3021.3380681620083,972274
2022-12-29,3026.3896484375,3035.959086351401,3004.4337346355887,3012.642920568222,596265
2022-12-30,2999.915771484375,3041.5449329967228,2983.788900814747,3041.5449329967228,836220
2023-01-02,2960.424560546875,2999.9162232861545,2934.922503047702,2999.9162232861545,1015990
2023-01-03,2941.965576171875,2972.762295436792,2938.808178954816,2960.1813293472146,860367
2023-01-04,2930.890625,2963.095983189472,2916.0265223032065,2948.523379993458,836382
2023-01-05,2918.7470703125,2959.7932399373067,2910.051893153399,2952.9440683381968,1113920
2023-01-06,2893.535888671875,2937.3509422005413,2867.888202869521,2924.2355998093694,1045526
2023-01-09,2899.1220703125,2931.6675497735655,2866.916713122505,2908.0115002967677,808263
2023-01-10,2876.000732421875,2899.9482841830263,2868.0828083638503,2899.1224083908555,864325
2023-01-11,2856.618896484375,2890.1358857381683,2851.372853909679,2890.1358857381683,890426
2023-01-12,2832.865478515625,2856.0846355796352,2813.4839634281784,2855.2587598464834,1558620
2023-01-13,2826.259033203125,2841.6575115153078,2789.924772203106,2841.6575115153078,1507864
2023-01-16,2832.962646484375,2846.12661196691,2813.483886367383,2841.6575855057304,644073
2023-01-17,2857.1044921875,2860.942134115866,2828.2021624703825,2841.657627649381,716489
2023-01-18,2861.33056640625,2875.6602925261013,2845.8837022761945,2863.953587479466,893808
2023-01-19,2784.484375,2888.8729799692283,2762.577084400754,2870.7056113977087,2379947
2023-01-20,2708.36669921875,2766.8513610283508,2701.7604055547204,2766.8513610283508,3171005
2023-01-23,2705.1123046875,2720.219284220657,2688.9854326701998,2720.219284220657,1402260
2023-01-24,2730.517578125,2746.5474430910735,2705.1125286106017,2715.361974556076,1061471
2023-01-25,2695.931640625,2730.9058889358107,2688.2568310082925,2730.808643372338,857953
2023-01-27,2645.0732421875,2693.8430797121027,2609.321976990737,2687.771161413154,1801498
2023-01-30,2687.38232421875,2696.9031392220277,2619.4254643830664,2646.3847807063416,1171912
2023-01-31,2648.18212890625,2700.740508906569,2640.604327790555,2681.358994049484,1961805
2023-02-01,2665.572021484375,2698.846132367597,2627.731875668637,2671.449685588198,1176872
2023-02-02,2628.557861328125,2662.9007291960493,2617.239899472512,2662.9007291960493,1308570
2023-02-03,2681.74755859375,2685.1478327522545,2623.0686365607053,2628.5575556857134,1278409
2023-02-06,2675.72412109375,2686.2164425194724,2640.5556205308953,2681.747416131981,1120284
2023-02-07,2679.464599609375,2695.445840359183,2669.846539180377,2683.302004351077,732250
2023-02-08,2686.799560546875,2704.6751925202716,2666.1064162706894,2689.131082218431,811956
2023-02-09,2734.403564453125,2739.989729432192,2687.3338628385795,2702.6837201309654,946372
2023-02-10,2724.6884765625,2750.2875422878174,2713.4189011112985,2749.3646581256626,700072
2023-02-13,2711.233154296875,2748.3932969652815,2700.7894540698067,2734.3064454962123,467228
2023-02-14,2697.874755859375,2724.8340732792876,2686.216672650764,2724.8340732792876,524746
2023-02-15,2706.763916015625,2718.567867429203,2675.5300633452125,2697.874722552526,817717
2023-02-16,2725.999755859375,2753.5906943044615,2710.601513707566,2717.304816486242,788964
2023-02-17,2752.862060546875,2764.7630201316774,2706.132483548338,2723.0852316016653,840526
2023-02-20,2745.04150390625,2770.737815239756,2731.9747828946643,2763.9372666048757,646218
2023-02-21,2736.831787109375,2757.8161908043844,2725.0764604455107,2756.164676750059,631934
2023-02-22,2716.284912109375,2733.7720378705053,2700.789423107905,2729.8860099235876,580270
2023-02-23,2628.848876953125,2725.611052748232,2623.16570426982,2725.0766765512667,1790570
2023-02-24,2660.4716796875,2683.3020921295874,2632.7837326832664,2634.82399207309,1429040
2023-02-27,2671.546875,2680.0475608381744,2647.4050695301744,2662.3175589471252,561317
2023-02-28,2748.198486328125,2758.1078082622716,2649.7361771650935,2671.6437029662725,1815923
2023-03-01,2759.953857421875,2772.0006852928295,2735.812053266707,2747.421513285207,816598
2023-03-02,2753.153076171875,2767.8229239948055,2730.9056649173035,2750.3358012738836,604523
2023-03-03,2748.24755859375,2770.737849843402,2730.565942174786,2756.213868228667,679295
2023-03-06,2782.93017578125,2801.8259378070616,2749.6074412199846,2761.994154363896,1050267
2023-03-08,2778.07275390625,2788.2249541246492,2746.450155160412,2788.2249541246492,580250
2023-03-09,2772.243896484375,2790.6052842364943,2756.0197767333198,2780.4530833431936,774224
2023-03-10,2749.55859375,2762.965435494107,2727.0196826413357,2762.965435494107,489978
2023-03-13,2704.869384765625,2768.2602081444097,2693.211302305159,2743.0496522605104,813217
2023-03-14,2667.369384765625,2707.5410519455154,2661.9774741444344,2703.6550244252767,1060450
2023-03-15,2746.83837890625,2784.678760545077,2686.410700139135,2693.2112481042122,2170346
2023-03-16,2810.812255859375,2817.369927241748,2748.1014398696007,2768.7945836686145,1755487
2023-03-17,2781.083984375,2840.6374016118493,2773.7006746385923,2840.6374016118493,1848073
2023-03-20,2773.7978515625,2831.9426348393554,2750.3846774066574,2831.9426348393554,1074367
2023-03-21,2758.205078125,2804.740159433084,2754.2218053317606,2776.712093101234,691891
2023-03-22,2758.93408203125,2771.854934602654,2734.6464084995714,2744.5071090797082,731807
2023-03-23,2718.08203125,2742.5639575039295,2688.888201693766,2736.8321617119486,1016581
2023-03-24,2718.76171875,2735.4229651221594,2693.84266476327,2718.081711442125,784111
2023-03-27,2723.8623046875,2739.649290849309,2707.1038116849645,2718.7618937736847,791560
2023-03-28,2705.1123046875,2730.517352098926,2686.2165431678986,2711.4757222356616,558581
2023-03-29,2691.559814453125,2714.147349441768,2676.5014577940296,2705.1122880094513,1087648
2023-03-31,2682.962158203125,2695.9318712683607,2669.2154293008366,2677.5218614221494,1967803
2023-04-03,2697.874755859375,2702.392168228988,2631.4721620432715,2668.6809250542833,1035295
2023-04-05,2728.476806640625,2731.439949772781,2673.829549964985,2681.3587275514064,668643
2023-04-06,2729.788818359375,2744.5070533469643,2707.3955363810455,2727.457059437098,627554
2023-04-10,2697.243408203125,2729.9345221083845,2676.5988855715223,2729.9345221083845,1215461
2023-04-11,2675.3359375,2710.5044423255686,2671.692786367842,2710.5044423255686,1246379
2023-04-12,2707.34716796875,2726.242931931182,2672.61579226053,2677.0361966057144,2235399
2023-04-13,2729.691650390625,2733.140547496991,2702.7323325515504,2707.29836777572,602597
2023-04-17,2762.09130859375,2764.5200757965567,2726.048308430378,2744.5069391717097,754555
2023-04-18,2773.263671875,2777.0038311027984,2749.4617529944103,2766.851631506917,717724
2023-04-19,2729.64306640625,2771.4178658137503,2720.8508809545524,2755.533869279861,799624
2023-04-20,2762.820068359375,2769.766248011531,2732.994615962348,2739.6495332839418,761101
2023-04-21,2799.980224609375,2804.7405137041824,2765.977481977007,2765.977481977007,894930
2023-04-24,2808.7236328125,2815.426935404029,2770.7376189690444,2799.9800709013075,782967
2023-04-25,2815.427001953125,2819.0701528355694,2782.5413984472048,2808.6750764211884,636120
2023-04-26,2827.0849609375,2833.351132743957,2805.7604328098987,2814.4067489850972,569221
2023-04-27,2817.3212890625,2836.8000491657194,2811.395239489545,2832.4282682680323,599461
2023-04-28,2819.653076171875,2836.751454877318,2765.4915678398775,2836.751454877318,1080665
2023-05-02,2816.93310546875,2850.1099738933917,2810.569687326049,2828.0081901441117,663800
2023-05-03,2846.2236328125,2877.9918600604738,2814.4554055645262,2834.857049857538,1237193
2023-05-04,2897.859130859375,2901.064913527179,2838.8884788076716,2864.0020242673077,1008540
2023-05-05,2927.101806640625,2938.808512781294,2866.965621533801,2886.347137677099,1326561
2023-05-08,2933.41650390625,2949.2034912580275,2907.7201934689865,2929.0933455760087,941879
2023-05-09,2948.329345703125,2987.189623787562,2924.964556067994,2930.113590351045,1025850
2023-05-10,2954.740966796875,2969.8965691875483,2932.8820617243464,2956.2468499165093,751851
2023-05-11,3050.28857421875,3066.2211913817227,2945.122959708302,2965.0874725325925,3229605
2023-05-12,3041.88525390625,3089.148968232792,2998.070199218931,3049.5600633014337,1998170
2023-05-15,3042.759521484375,3077.7337688577586,3032.1215686784967,3044.8967891647785,810281
2023-05-16,3048.68603515625,3075.499484494048,3033.384800791682,3042.7597479254546,822404
2023-05-17,3004.336669921875,3058.255306541193,2987.9182970682787,3046.6458457329963,835371
2023-05-18,3020.463623046875,3035.9591109121093,3005.1137663452423,3017.160357223619,498067
2023-05-19,2996.564453125,3038.8250038794104,2980.6318346108524,3034.987599006388,633262
2023-05-22,2997.001708984375,3017.1120926894473,2959.2101833290467,2982.5263502364323,659425
2023-05-23,3031.6845703125,3038.825003818899,2997.0988293048226,2999.041843132573,581204
2023-05-24,3013.128662109375,3043.8767607406553,3009.7283879461047,3026.2440053105606,439465
2023-05-25,3034.550537109375,3039.845202473241,2998.070404228962,3013.1287617356206,500313
2023-05-26,3039.261962890625,3047.568393972121,3023.0864685616257,3034.015920725623,568249
2023-05-29,3048.005859375,3065.1044768453926,3027.264327967477,3057.526675075916,535712
2023-05-30,3054.80615234375,3065.1042201918062,3038.4364036526704,3057.2349195546785,506026
2023-05-31,3101.972900390625,3127.6208247906984,3047.0827606915213,3062.1411176001247,2349066
2023-06-01,3148.362548828125,3157.3003653976916,3115.622811806652,3143.165128917584,1104861
2023-06-02,3145.0107421875,3157.348832498969,3127.280741092459,3147.0993871688106,781973
2023-06-05,3108.5791015625,3147.633630227778,3103.964443938491,3147.633630227778,492565
2023-06-06,3121.208984375,3146.613796494163,3103.9647358425414,3116.351449577124,577698
2023-06-07,3132.91552734375,3137.238685651613,3114.8940267462986,3125.3377260172606,470038
2023-06-08,3120.722900390625,3154.4827636604746,3102.0213933994132,3128.252078529944,561161
2023-06-09,3110.503173828125,3167.5679587761347,3098.7674559450847,3139.108986168036,1239045
2023-06-12,3124.390380859375,3131.823097663751,3081.750510534086,3115.050657658708,1029156
2023-06-13,3190.99072265625,3199.9391121373023,3134.5612875222555,3139.304569058906,1598821
2023-06-14,3198.1787109375,3217.4448002852846,3181.3575628461294,3193.0932808769176,741615
2023-06-15,3221.796875,3231.23425241695,3201.2593691583666,3203.8509112947727,806994
2023-06-16,3243.8017578125,3248.838241760636,3214.169019293527,3219.2544498240736,984671
2023-06-19,3236.808837890625,3271.282510192927,3230.500937094453,3245.7574662997145,516915
2023-06-20,3245.610595703125,3253.5812475172124,3204.9269161489265,3241.9921303691976,866290
2023-06-21,3243.06787109375,3259.5955779486712,3227.322354404625,3245.6104666601605,742456
2023-06-22,3176.516357421875,3253.5809470388026,3171.039593966627,3251.77159515704,871640
2023-06-23,3225.072998046875,3231.3808986051845,3181.4064436160857,3193.0932148272436,1260659
2023-06-26,3235.29296875,3242.3345907912667,3199.352331199892,3222.43267286004,592801
2023-06-27,3252.74951171875,3270.842075148334,3201.2591496800633,3202.872715237194,914141
2023-06-28,3274.509765625,3281.3556010194225,3250.304847623292,3257.639671260173,713110
2023-06-30,3288.005859375,3373.6277476142245,3270.1088421087943,3279.1551245131327,1436363
2023-07-03,3284.7294921875,3305.511491986151,3263.7029982735703,3290.8907916452686,474224
2023-07-04,3273.9716796875,3312.4062015234776,3257.6395208959857,3284.7294205250428,473663
2023-07-05,3300.083740234375,3325.1200336402408,3267.174927171657,3277.541573370286,632406
2023-07-06,3324.532958984375,3334.8996045803697,3293.629047255913,3334.8996045803697,693995
2023-07-07,3270.06005859375,3338.811856047787,3263.65426460282,3310.450536825354,620761
2023-07-10,3269.521728515625,3297.7853899271895,3221.405337059298,3271.331080373507,548838
2023-07-11,3317.833984375,3325.0709144493644,3271.3311573894,3276.172092963723,772158
2023-07-12,3331.721435546875,3339.20286025327,3288.201481373004,3332.9439061697367,1025127
2023-07-13,3323.7021484375,3349.5695796281457,3309.8149296119473,3349.5695796281457,750126
2023-07-14,3354.21484375,3363.261126220935,3312.4063490870326,3323.702025222417,832843
2023-07-17,3384.189697265625,3396.512296351338,3349.569425569632,3354.214813824072,817694
2023-07-18,3436.0712890625,3445.411011854487,3379.4954950412384,3383.79849588888,962485
2023-07-19,3437.2451171875,3452.257152435196,3405.8032672395384,3442.477387130847,620289
2023-07-20,3448.34521484375,3457.1470035373386,3417.9789960981093,3432.7465370784275,589848
2023-07-21,3440.22802734375,3460.0320522806987,3427.8077730372884,3458.076099200506,857975
2023-07-24,3465.6552734375,3489.420150127506,3421.45078341398,3428.785607160044,680246
2023-07-25,3325.510986328125,3469.7625110224144,3276.221069327927,3469.7625110224144,2555630
2023-07-26,3298.714599609375,3337.8336580097234,3290.890787929305,3324.9733630661226,959076
2023-07-27,3295.19384765625,3338.811694056588,3277.1991759764574,3315.3402585974904,874078
2023-07-28,3316.02490234375,3324.1421551237313,3290.401965552749,3300.670718900439,553750
2023-07-31,3302.96923828125,3313.384593164511,3249.962717592069,3250.0116641729473,933890
2023-08-01,3269.32666015625,3310.4506218375996,3264.485723986383,3297.736926687263,698667
2023-08-02,3288.837158203125,3297.6878935011773,3257.297415293106,3267.6151153776705,857218
2023-08-03,3262.871826171875,3305.5114561559376,3244.8769162241815,3295.780638226098,711067
2023-08-04,3266.09912109375,3299.0081735606454,3249.815907882373,3264.6321563444803,519248
2023-08-07,3269.375244140625,3276.2210792315564,3242.96988021846,3243.018826793294,360358
2023-08-08,3274.314208984375,3285.9520336170463,3259.2532279002126,3269.3753799965043,500258
2023-08-09,3257.6396484375,3283.018090290552,3230.256307051655,3259.15555973126,643222
2023-08-10,3166.58984375,3246.8818055926067,3158.8639253205183,3237.10204111793,1253219
2023-08-11,3115.197509765625,3177.3966713080604,3109.9652400355203,3166.589983334424,919023
2023-08-14,3132.067626953125,3139.2066643751036,3082.826414789771,3115.1975323682655,815534
2023-08-16,3123.7060546875,3138.1801554145836,3106.933613556944,3124.537191498687,597686
2023-08-17,3113.1435546875,3152.996095283908,3092.3615549899864,3152.8982021327593,873392
2023-08-18,3093.87744140625,3115.3439766980778,3085.515695018815,3104.977330838461,592652
2023-08-21,3112.214599609375,3117.3000295518864,3082.72846548334,3090.307783202251,353330
2023-08-22,3109.671875,3128.1557743799335,3101.163527077712,3128.1557743799335,377068
2023-08-23,3099.011962890625,3125.6128757828264,3095.5400985831016,3115.8331108398265,370811
2023-08-24,3154.56103515625,3161.7000724622603,3101.0655305914934,3114.8550944902,1167742
2023-08-25,3187.518798828125,3193.0932170285255,3145.3679169048664,3153.876264554298,1363431
2023-08-28,3187.909912109375,3199.93907067181,3159.8909812167412,3193.044288674481,707315
2023-08-29,3213.33740234375,3216.564772610835,3183.3625175268244,3189.181430065045,533163
2023-08-30,3222.13916015625,3230.1098119720473,3204.2421422682023,3228.593900628594,599080
2023-08-31,3184.38916015625,3229.278182941783,3149.0841154065843,3227.3711766494944,1601967
2023-09-01,3187.763427734375,3192.3109230671344,3146.248372028001,3169.7198086126705,650131
2023-09-04,3164.2919921875,3194.3158237424764,3145.2703965351957,3187.7634287798674,696213
2023-09-05,3152.311767578125,3177.2991154399465,3149.0843973063866,3173.533810328952,597022
2023-09-06,3154.267822265625,3158.864264309227,3124.635084974607,3138.326756708455,754106
2023-09-07,3174.85400390625,3182.0909342673754,3130.7471696729726,3154.2675514923085,923108
2023-09-08,3166.737060546875,3191.1864746448205,3160.82025458241,3178.961767595848,395918
2023-09-11,3187.616455078125,3193.093218891694,3170.599759769333,3170.599759769333,359345
2023-09-12,3185.123046875,3207.5675611173965,3171.5779760477803,3188.203577525675,554905
2023-09-13,3205.562255859375,3212.3101977470237,3154.267439659778,3173.5335276527107,880907
2023-09-14,3168.88818359375,3221.649965176657,3152.2625839884436,3209.7187002714877,1102554
2023-09-15,3126.24853515625,3168.6439126410874,3114.855204247489,3163.754030059851,1568607
2023-09-18,3135.68603515625,3158.7661368228814,3119.74497078163,3129.5247355803185,673602
2023-09-20,3143.55908203125,3156.9083667009013,3124.635139903773,3135.6863228931275,901084
2023-09-21,3172.751220703125,3189.376820716611,3110.5031138052072,3139.304473134635,845739
2023-09-22,3202.726318359375,3211.283612418636,3150.208791236081,3163.7049141908733,896521
2023-09-25,3250.060302734375,3261.355978711486,3199.107633160566,3200.232449358925,1422084
2023-09-26,3220.281005859375,3251.67390765553,3188.545716789198,3249.815847846298,834560
2023-09-27,3229.082763671875,3236.1241465189773,3199.6455763530566,3215.5866406027194,516326
2023-09-28,3100.528076171875,3216.564899273465,3085.5160405009983,3209.5235158086016,2104381
2023-09-29,3091.432861328125,3124.635117879592,3064.9785475538783,3124.635117879592,1550585
2023-10-03,3097.104736328125,3156.712351665866,3092.3614551624196,3096.371254009538,1219145
2023-10-04,3100.087646484375,3118.767093348614,3081.9463732177023,3095.246710508042,892584
2023-10-05,3135.636962890625,3160.9177493873954,3104.39066336405,3139.3043745431287,1002610
2023-10-06,3125.368408203125,3146.150408883502,3119.7450433131403,3143.949961752639,814257
2023-10-09,3083.364501953125,3093.339814969472,3063.707077873184,3070.89530099174,700012
2023-10-10,3082.093017578125,3095.197807503526,3070.8952341231206,3080.6260527910817,847367
2023-10-11,3094.2197265625,3114.8551260427425,3082.630848394211,3099.207502175652,1025317
2023-10-12,3089.525634765625,3118.278048156391,3080.6748997505756,3115.833106923714,992531
2023-10-13,3079.45263671875,3102.1416451346913,3059.3551706786247,3080.6261608367836,854688
2023-10-16,3043.51171875,3059.1103956811025,3027.9130418188975,3055.1984898042724,853011
2023-10-17,3044.978759765625,3067.9122607905324,3023.7077710272783,3067.9122607905324,792640
2023-10-18,3028.255126953125,3046.5921853670297,3021.947226611498,3041.5067555863297,481985
2023-10-19,3033.487548828125,3042.386991700414,3008.3536005857723,3019.697984702722,568124
2023-10-20,3037.44873046875,3046.495014054052,2997.0582489783683,3024.392647302273,711434
2023-10-23,3004.34375,3040.4309866478043,2996.5199381510415,3027.8641321236887,374476
2023-10-25,2993.390380859375,3039.550821777107,2984.784140303646,3025.272270030299,669290
2023-10-26,2895.10400390625,2987.7183346447687,2875.251032358632,2983.9043216379782,1834111
2023-10-27,2890.067138671875,2909.1376802912378,2866.4491018641816,2868.2095073048813,1708185
2023-10-30,2901.75390625,2926.056476819043,2874.370566726275,2908.5018479842665,878885
2023-10-31,2929.72412109375,2946.3986679882223,2900.6782671157803,2903.6121965835305,1152306
2023-11-01,2869.9208984375,2942.633305740101,2865.4710577452406,2931.9245111439473,1029990
2023-11-02,2890.3115234375,2896.76626355458,2869.382922778237,2895.8372336738535,900125
2023-11-03,2917.351318359375,2922.298529897703,2882.2295606378934,2896.924816725442,715997
2023-11-06,2967.755859375,2972.4093569172737,2923.229283359257,2937.091711944531,620959
2023-11-07,2971.723388671875,2977.209473406498,2941.20610056204,2967.7556221957593,757998
2023-11-08,3032.365966796875,3035.9907486440293,2984.312433564945,2995.872749039607,783400
2023-11-09,3017.62158203125,3048.1876645931147,3011.596623153881,3037.0193664660856,849702
2023-11-10,3013.947998046875,3022.324341871001,2978.336637559446,3007.629085751693,364232
2023-11-13,3022.912109375,3035.0600915384894,3002.730529556317,3035.0600915384894,405941
2023-11-15,3052.89013671875,3055.486441894856,3016.1519999108405,3023.009785448317,700017
2023-11-16,3066.703857421875,3077.0883608743934,3034.668249067386,3055.633384052001,675454
2023-11-17,3104.51953125,3162.663853580644,3081.741885591903,3086.0036052904916,1430175
2023-11-20,3076.549560546875,3107.458387501905,3068.3691066242272,3104.5193366334906,406431
2023-11-21,3069.593994140625,3092.7634182837314,3063.4709709336103,3092.7634182837314,409069
2023-11-22,3069.34912109375,3092.861530575477,3057.788805262448,3076.206907192587,489889
2023-11-23,3059.503173828125,3106.968801423772,3051.861593105159,3084.044298435466,792460
2023-11-24,3072.434814453125,3076.01080332026,3047.7958660778304,3054.65365169742,756329
2023-11-28,3084.38720703125,3095.8004262215095,3072.4348748007365,3077.3332931966565,647883
2023-11-29,3084.38720703125,3105.5972630133497,3078.1661199961973,3084.38720703125,620725
2023-11-30,3056.51513671875,3089.873415159348,3045.199981118095,3084.387329845823,1793116
2023-12-01,3108.92822265625,3125.778973991667,3076.451802997112,3083.0156360876963,960196
2023-12-04,3129.6484375,3139.347209918008,3102.168263408208,3125.1908290769566,1018189
2023-12-05,3160.70458984375,3181.6697257012,3115.394217962999,3132.0488411407887,1005550
2023-12-06,3186.469970703125,3222.1793904197016,3167.268076292002,3198.666983800646,1229158
2023-12-07,3185.735595703125,3232.907271551212,3180.886209083884,3217.2813639200585,1071725
2023-12-08,3166.337646484375,3203.3697373393998,3162.223022873947,3188.8703710725995,895852
2023-12-11,3167.3173828125,3179.07358714091,3120.7824073458764,3164.3783317303973,910426
2023-12-12,3159.235107421875,3190.878939728024,3144.7847724084713,3162.4190795434724,1019030
2023-12-13,3177.7509765625,3188.821450343543,3125.484994038848,3174.175226686156,1052079
2023-12-14,3175.497802734375,3192.397346272352,3152.622093055661,3188.870389340018,923107
2023-12-15,3246.573486328125,3258.770738868125,3176.1343289915653,3183.9717980328774,1631687
2023-12-18,3264.355224609375,3268.029038601632,3229.0375782610254,3245.69220169259,911936
2023-12-19,3268.273681640625,3285.7608912485116,3233.102895170218,3268.175617603597,780448
2023-12-20,3230.1640625,3291.6882475859306,3215.95864864455,3268.27390248953,979762
2023-12-21,3235.84619140625,3252.5498461328993,3205.378172199322,3213.3624985891297,1585879
2023-12-22,3273.417236328125,3282.7242315966355,3220.2203629046253,3242.6550242480603,930563
2023-12-26,3314.61279296875,3322.988896882502,3277.2377179866075,3281.8912153522833,600190
2023-12-27,3335.2841796875,3340.672440126449,3285.8591840427143,3312.3596764013005,837182
2023-12-28,3328.23046875,3350.469241030336,3304.522170911308,3335.823017468173,779250
2023-12-29,3333.27587890625,3353.408427705687,3315.1517296205393,3340.72157104181,615676
