Date,Close,High,Low,Open,Volume
2008-01-01,70.5639877319336,70.95158862342825,69.56438346683046,70.58438908951126,2621040
2008-01-02,69.98462677001953,70.78022992746489,68.96462112569975,70.7475889997722,12479500
2008-01-03,69.13191223144531,69.76839483737106,68.38934504078449,69.76839483737106,14037280
2008-01-04,69.21350860595703,69.93159039906956,69.11558581459677,69.48279161298207,7459640
2008-01-07,67.54069519042969,68.47910168648,65.78220634674999,67.36117941542614,12644920
2008-01-08,70.00301361083984,70.2906560625537,68.13640379394467,68.91160589775838,18334980
2008-01-09,71.1800765991211,72.0939976717346,69.3726233606571,69.95198581936613,20098380
2008-01-10,70.25799560546875,73.34249203207834,69.57051271833207,73.01201116145889,17222000
2008-01-11,71.99405670166016,72.54282037025718,70.26208868718768,70.50280858383611,8302200
2008-01-14,72.75294494628906,74.46043390017432,70.27024773971358,72.37961928449592,23350920
2008-01-15,72.98957824707031,74.26866330476335,72.07565079067162,74.26866330476335,12456840
2008-01-16,68.28936767578125,70.93526217052636,67.3326020264265,69.15637234380834,24563400
2008-01-17,67.05927276611328,68.05479958931006,65.77814551633276,67.81407967444822,26713380
2008-01-18,64.09715270996094,66.34116497099481,63.468825790524285,64.50923272030943,19934820
2008-01-21,61.49003982543945,64.87237672815574,60.384350665201566,64.87237672815574,14869780
2008-01-22,58.197444915771484,72.62440577210981,55.1211104667204,61.155461443006295,23290120
2008-01-23,62.599788665771484,69.36038963170057,56.304316289262815,61.975545657135854,18665740
2008-01-24,61.624664306640625,66.78997488978112,60.180338912025256,62.42435154942281,16283820
2008-01-25,65.6251220703125,68.54437765637827,62.22442059433773,62.99554459394717,12144620
2008-01-28,64.88052368164062,65.28036416900197,58.34432547604551,63.240352788720664,11916140
2008-01-29,62.7242317199707,66.38197072172069,61.20850472083864,65.23140751192302,12190420
2008-01-30,62.54473114013672,64.21957935551934,61.40436510665923,64.21957935551934,7930220
2008-01-31,64.03800201416016,64.86828819231748,61.81439071488873,62.91395368071188,12793700
2008-02-01,64.09715270996094,64.57859235221245,60.59649283567371,64.26035111142451,14574460
2008-02-04,63.134273529052734,66.25141062421181,62.26114891988992,66.25141062421181,10982600
2008-02-05,61.70014953613281,65.17428882816074,61.210541801758964,63.64835800402031,12142820
2008-02-06,61.20442581176758,61.80215394233074,59.21745650459925,61.19627024781097,15731880
2008-02-07,60.86577224731445,61.68993852980932,60.465931788243175,61.159534363339944,33430640
2008-02-08,58.83189010620117,61.32274221270875,58.05872406406818,60.83314073553677,7761320
2008-02-11,57.558929443359375,59.935541852393584,55.108879600692504,58.831900990254184,13853780
2008-02-12,57.43244552612305,58.95633441913026,56.55932082250472,58.3443309476514,9261840
2008-02-13,59.91514205932617,60.7107453232908,58.34433066651759,58.74417118944986,11688240
2008-02-14,62.6875114440918,63.44435392295715,61.15953868693036,61.15953868693036,12665300
2008-02-15,63.74015426635742,64.2603546470617,60.88617428210262,62.01634226256114,10884640
2008-02-18,63.51982498168945,64.87235334469212,62.844581801843034,64.3827519230637,3478480
2008-02-19,64.13387298583984,65.18651951021263,63.45046798995041,65.11715987661235,5489420
2008-02-20,62.71812438964844,64.05637165613447,61.56755472574285,64.05637165613447,7939100
2008-02-21,62.86702346801758,64.05634717469547,61.08404957119862,62.832340540784095,5978400
2008-02-22,60.15177536010742,62.82011385560236,59.57037707026248,59.99265471409137,9438340
2008-02-25,58.00771713256836,61.60017370740744,56.9305915159849,61.15545277977098,27321760
2008-02-26,59.36024856567383,59.95389257621705,58.95632410394603,59.16032522541297,12350240
2008-02-27,59.25416946411133,60.65362052379167,58.80537069085599,59.976335243895306,9212020
2008-02-28,60.08039093017578,60.83315580016924,59.24194282328901,59.93146782404156,12499920
2008-02-29,59.435726165771484,60.151765846787775,57.59767412540068,59.568325645543396,13693900
2008-03-03,56.70824432373047,58.34433137490807,55.57399837966658,58.34433137490807,10176000
2008-03-04,55.15171432495117,56.91632309699171,52.764898285473976,56.91632309699171,16964140
2008-03-05,54.37649917602539,55.151707212023595,53.86649634666623,54.753902514875264,12435040
2008-03-07,52.31609344482422,54.26430178949976,51.283845089255806,54.26430178949976,18383840
2008-03-10,53.50949478149414,54.20718139674643,49.984358559434035,51.61228673179876,15564540
2008-03-11,54.39487075805664,55.12111436914414,51.82445185654638,52.43237442463043,20753240
2008-03-12,55.91875457763672,58.74417186846598,54.93343172118769,56.87552050921396,12473880
2008-03-13,53.005611419677734,54.8763045404986,52.454812098323835,54.672303408377786,8559700
2008-03-14,53.67066955566406,54.09703127364977,52.02030076095012,52.83630547876895,9006800
2008-03-17,50.02107620239258,52.020287888921,48.756269825302425,50.79628111506403,17274360
2008-03-18,50.223045349121094,50.510687727618574,47.554709841532826,49.93948386535134,24222920
2008-03-19,51.9223747253418,54.46626625868132,50.79628748068895,52.02029440793447,25308920
2008-03-24,54.74983596801758,55.1211195981266,52.43442140248459,52.43442140248459,12884240
2008-03-25,57.691524505615234,58.548331852237936,55.69231566432389,55.89631682060347,17537260
2008-03-26,58.71968078613281,59.43164269245752,56.98159351004458,57.16927105138827,24661680
2008-03-27,58.47488784790039,59.862093064341046,56.54911665115326,57.16927561404974,17155740
2008-03-28,57.40591812133789,58.19132373590365,55.73311255036699,58.140323452173675,12130140
2008-03-31,54.31529998779297,57.120315480120304,52.644530261949825,57.120315480120304,23602140
2008-04-01,53.4299430847168,54.6723093676764,51.816293206678374,53.85834675399073,15136540
2008-04-02,54.18271255493164,57.16113091271858,53.36670786653093,56.30432349964916,13423660
2008-04-03,54.31122970581055,55.835118581813816,53.24837920642119,54.060306044080434,11518100
2008-04-04,52.78937530517578,53.8583455638063,52.4527746530493,53.85630356010908,23299320
2008-04-07,53.179012298583984,53.96237587928342,52.15084798801725,52.55069156662164,12104000
2008-04-08,53.389137268066406,54.060302770160334,52.63637255408507,54.060302770160334,14698460
2008-04-09,56.29819869995117,57.07952038024176,52.87913736783312,53.40749960944539,15735320
2008-04-10,54.123538970947266,56.11050797278602,53.901178487682834,56.11050797278602,10847260
2008-04-11,54.26634979248047,55.284313574212746,53.121900063824086,55.03950969544374,8359040
2008-04-15,53.1749382019043,54.41526240088546,52.032530566282766,53.460538554404486,17942760
2008-04-16,53.37894058227539,54.42750323485901,53.07701664512548,54.30306552416036,11031900
2008-04-17,57.169281005859375,57.73232617916947,53.77470506430822,53.77470506430822,36265280
2008-04-21,59.59893798828125,60.15790540328698,56.385919699983674,57.324326286452006,17950720
2008-04-22,61.536949157714844,61.87151405107081,58.27089479359237,59.16033686995971,13991420
2008-04-23,58.97062301635742,61.55939850702772,58.57690223030515,61.55939850702772,10959740
2008-04-24,58.8584098815918,59.97429642727476,57.450803183948004,59.97429642727476,24423020
2008-04-25,61.2166633605957,61.526749098098406,59.18073583447373,59.35209605622047,10903280
2008-04-28,62.15304183959961,63.19956265656906,61.2166709510333,61.2166709510333,23126160
2008-04-29,63.504947662353516,63.964472354561984,61.60119445963421,62.323305584612434,11831380
2008-04-30,62.53459930419922,63.51724956242559,61.74889354627729,63.51724956242559,16181420
2008-05-02,63.20130920410156,64.70093061694666,62.85666579592688,63.39004607651287,11967760
2008-05-05,62.71512985229492,63.95831307958451,62.20841940245185,63.18491555532041,8403100
2008-05-06,63.30184555053711,63.595202563053206,62.569473489455575,62.569473489455575,8619960
2008-05-07,63.26287078857422,63.67726310306564,62.17354695396109,63.16439853834934,6881160
2008-05-08,61.88634490966797,62.50382959698905,59.582554999154546,61.54374862103385,11781360
2008-05-09,59.5948600769043,65.64666170261403,59.213291860823546,64.10191394484653,12408460
2008-05-12,60.232852935791016,60.59596499409381,58.521937783148275,58.521937783148275,5235260
2008-05-13,60.7334098815918,61.338592478831494,59.904625380445744,61.12113843777752,10483240
2008-05-14,60.09951400756836,60.5057049601859,59.49228417037051,60.10772159282262,12053760
2008-05-15,60.661624908447266,61.00011427847707,59.586656493684714,59.586656493684714,4635880
2008-05-16,61.56016159057617,62.68026239691192,61.2155180781133,61.95404436235822,9818520
2008-05-20,59.95180892944336,61.74888821098733,59.492284322878156,61.54374240297741,12626240
2008-05-21,57.853172302246094,59.49638599512104,57.13105503903999,59.49638599512104,28917680
2008-05-22,56.77410888671875,57.769067421939155,55.430406194163425,57.769067421939155,10268020
2008-05-23,56.68178939819336,57.88394719782954,56.29612050296321,57.769066035751834,13286840
2008-05-26,55.29090118408203,56.681789644363484,54.81496762221615,56.20995674524898,7817180
2008-05-27,54.679561614990234,56.20994748329599,54.11745788298138,56.00070102748565,12565100
2008-05-28,55.44475173950195,55.824272712216384,54.03540113008308,54.761618997058235,8254020
2008-05-29,54.14003372192383,56.406892512559615,53.50202697077934,56.004808461177944,12834520
2008-05-30,56.1566047668457,56.739218040666834,53.378935366104145,53.378935366104145,13161520
2008-06-02,53.76873016357422,56.620256312719825,53.09174508176323,56.620256312719825,9821940
2008-06-03,51.95933532714844,53.74820720674153,51.142855804073186,53.74820720674153,10400820
2008-06-04,49.85043716430664,52.107041315777316,49.0749861699507,52.107041315777316,9689180
2008-06-05,51.21055603027344,52.923525012579674,48.43082932707456,50.05558397217757,21232940
2008-06-06,50.56638717651367,52.310126400911095,49.973515965429606,51.286447776394766,19993160
2008-06-09,48.56211853027344,49.23704689754742,47.552801476298384,49.234996566256804,11123780
2008-06-10,46.459381103515625,49.02575457136213,45.95267060137295,48.00412911036281,31157420
2008-06-11,49.085243225097656,49.635032542535065,46.047034008120825,46.97839469149499,25568940
2008-06-12,47.65742492675781,48.20106322773455,46.00395011897796,47.44202118977748,24675380
2008-06-13,46.040870666503906,48.147718921567105,45.68596930686123,47.28200338997342,14506540
2008-06-16,47.15277099609375,48.0861820325949,46.36295828644832,46.67478082927722,20103260
2008-06-17,49.795047760009766,50.2607296829374,47.18354215132899,47.18354215132899,25744440
2008-06-18,47.93846893310547,50.547923753629085,47.69229459971723,50.547923753629085,21475980
2008-06-19,46.073699951171875,47.38868543685495,45.624430094887266,46.047033122587884,11940000
2008-06-20,45.060279846191406,46.69119168222037,44.82641372759613,46.03472252871786,12981700
2008-06-23,44.94949722290039,45.94855628631959,44.10634784356353,44.10634784356353,14868460
2008-06-24,43.4765510559082,45.49723858509455,42.75238657962201,44.31149602521239,7222820
2008-06-25,44.07967758178711,44.385345954413744,41.65075203143691,42.67032692029098,25943520
2008-06-26,43.51142883300781,45.082843404821034,42.674433527954236,44.34842100778466,27974340
2008-06-27,41.9153938293457,43.0395920031371,40.86504514284213,43.0395920031371,20918020
2008-06-30,41.33278274536133,41.661017339714284,40.824021941363625,41.4394594580676,13423280
2008-07-01,39.603397369384766,41.644597456078124,38.97975238359014,41.644597456078124,20463360
2008-07-02,42.16157531738281,43.08062783471239,39.30594550511514,39.59314843856901,18080340
2008-07-03,40.39116668701172,41.84975382037408,38.77256603946422,41.767696731660735,34043780
2008-07-04,41.041473388671875,41.31636804384325,40.33577124742002,40.46091032630802,28030260
2008-07-07,41.25071716308594,43.08061729344082,40.87735031067676,41.0291593270865,27912660
2008-07-08,41.1009635925293,42.247727899825136,39.38799485580426,41.02916130812944,24163840
2008-07-09,43.41911315917969,43.774017694725025,41.04147376857581,42.21901194589273,46627720
2008-07-10,43.252952575683594,44.16790449293261,42.31338415680693,43.08063080373523,26190300
2008-07-11,43.81094741821289,44.106357944359004,42.46929493062276,42.875482838935035,21049640
2008-07-14,42.32773208618164,43.90119995181202,41.49073687034571,43.810935301534165,19296800
2008-07-15,37.67092514038086,41.8415397279599,37.416543215507225,41.8415397279599,37121580
2008-07-16,37.073951721191406,38.567412995266835,36.610323308892596,37.66477266663723,21831700
2008-07-17,39.332611083984375,40.16755615653293,38.895652572736665,38.92847352817385,46489000
2008-07-18,42.44467544555664,42.79342589751183,39.95010426901572,39.95010426901572,56678300
2008-07-21,44.463314056396484,44.881810226256206,42.88368845741995,43.08062985694516,24730240
2008-07-22,45.185420989990234,48.21132208970933,43.903259507058415,43.903259507058415,45148360
2008-07-23,49.42374038696289,49.850444152875944,46.58862621967527,46.58862621967527,47566960
2008-07-24,49.805301666259766,51.245426191534975,48.64007491734377,51.04028037261792,26460660
2008-07-25,46.21730422973633,49.01754678230597,45.87061039471911,47.31483570954372,40124160
2008-07-28,46.248077392578125,47.37637948140237,45.54237522163283,46.21730363926217,29768040
2008-07-29,42.231319427490234,45.940356298728275,41.15225352082346,45.940356298728275,49470820
2008-07-30,44.887962341308594,45.3372322476843,42.875482080389226,43.08062792766381,36235540
2008-07-31,45.056182861328125,46.313724760420705,43.419116767252085,45.132085822158515,36079500
2008-08-01,45.472618103027344,46.15780431357135,42.10617482382453,44.91462128490339,61370000
2008-08-04,45.49108123779297,46.54553052661688,44.93923853388373,45.55057214258612,20113860
2008-08-05,48.59905242919922,49.02985998241085,45.05003159578217,45.14234660567684,41716340
2008-08-06,49.90787887573242,53.06302284420938,49.14063231997779,49.72734953784261,66547600
2008-08-07,51.39518737792969,51.901897856436435,49.235001919149184,49.235001919149184,37795060
2008-08-08,52.6445198059082,53.13276786364106,50.3017548958164,51.286455466834994,42487040
2008-08-11,53.809749603271484,54.80676160920721,52.96865669467038,54.560584104875076,53257300
2008-08-12,51.903934478759766,54.15848780638725,51.49979702766122,53.83025329484408,27192080
2008-08-13,49.94684982299805,51.286451690738,49.73965368506704,50.927446528902834,24319980
2008-08-14,48.2010612487793,49.946850977796046,47.798974080905744,49.946850977796046,19485840
2008-08-18,49.38064956665039,50.21148759737477,47.61024021518866,47.96309126069885,30093880
2008-08-19,49.51604461669922,49.64528748249509,47.85231192337643,48.82470421832162,18360480
2008-08-20,50.80231475830078,51.20440197462963,49.29244127845132,49.73555703597038,21819080
2008-08-21,47.8543701171875,50.87616740985151,47.61434986431459,50.54793281961262,13882360
2008-08-22,48.98881912231445,49.15293639324836,47.22456393775898,47.593827014791124,20124380
2008-08-25,49.550926208496094,50.9500223791391,49.409378204351825,49.649398468262355,15062700
2008-08-26,51.33979415893555,51.77880610881313,49.06062386819411,49.23499907536346,28607800
2008-08-27,50.6299934387207,52.02498576301811,50.301758845847054,51.85266088010705,28482020
2008-08-28,49.772483825683594,51.19209269498239,49.152945628660206,50.465877782266844,27136360
2008-08-29,52.381935119628906,53.12046135464569,50.720255786256516,50.720255786256516,24888920
2008-09-01,53.268165588378906,53.74820606687,51.26594033609846,51.26594033609846,14423480
2008-09-02,54.96470260620117,56.86640783001835,52.72656158760287,53.43637043296087,57122060
2008-09-04,53.463043212890625,54.83136843510524,52.81683520370439,53.34611486648569,50381320
2008-09-05,51.22491455078125,52.51733394181091,50.87616725612932,52.31218810610071,47930240
2008-09-08,53.383052825927734,54.11747220724685,52.96660700484013,53.091742967074964,34216720
2008-09-09,53.0753288269043,53.89181147547176,51.95523122962423,52.10704026911899,35867160
2008-09-10,52.340904235839844,52.91941381879656,51.28645484934832,52.91941381879656,33393840
2008-09-11,51.40953826904297,52.677337799090644,51.20439247089081,51.90393726357958,24340400
2008-09-12,51.06900405883789,52.299879054210116,50.178671896785126,51.497758097626075,26068580
2008-09-15,49.37449264526367,49.850432432751134,47.42355709547412,49.45039872446958,34826660
2008-09-16,50.4802360534668,51.04028329469579,44.13712421476214,47.18354105219973,28293580
2008-09-17,48.71597671508789,51.204396441315936,47.811282923819896,51.19208506303995,33372980
2008-09-18,50.20943832397461,50.62998787164036,44.59869902013478,48.36928010923765,54211440
2008-09-19,53.31945037841797,53.50202690119247,51.497754510471445,51.70700412158668,36326260
2008-09-22,53.36663818359375,54.24260860686179,52.60759612313117,53.58409225832121,22754180
2008-09-23,50.61973190307617,52.99942470564561,50.14994934500571,52.31628873837209,22109880
2008-09-24,52.54194641113281,53.13276737435866,51.237218870860275,51.237218870860275,26159940
2008-09-25,53.36458969116211,53.94514967819047,52.02908823609336,52.3162942974191,34824680
2008-09-26,51.064903259277344,53.337919592948566,50.47408222517445,53.33586613112529,26172660
2008-09-29,49.24936294555664,51.98395421780291,48.62776817511831,51.98395421780291,28521460
2008-09-30,50.45355987548828,51.00540259279912,46.773243626164266,46.773243626164266,46326400
2008-10-01,53.14302062988281,53.543057471535185,49.702727581775356,50.794104815145595,27338800
2008-10-03,52.342960357666016,53.69487070578587,51.834199545755425,52.51733557555508,27906840
2008-10-06,49.34782028198242,51.69673894530719,48.91906633326584,51.28644736637618,30037180
2008-10-07,46.315773010253906,51.286455390194,44.848978507928265,50.47202622817557,57285380
2008-10-08,45.38031005859375,46.403985738501845,40.00343652117002,44.88590786109129,67626300
2008-10-10,42.98830795288086,45.05002410570596,40.00753938698817,42.67443509325747,90773920
2008-10-13,48.12925720214844,48.82470135250456,43.04369409825757,43.921717888964515,44092840
2008-10-14,46.814273834228516,51.20439610437557,46.198836396100326,50.26072411380168,43950620
2008-10-15,46.639896392822266,47.343544946734056,45.255162316729,45.74751095834052,32890720
2008-10-16,44.857181549072266,46.00599615525518,42.71135509562763,45.0910476367465,54627240
2008-10-17,42.110286712646484,46.97839653374911,41.234313114775425,46.280901942127414,34234280
2008-10-20,44.32586669921875,45.65931476594924,42.30107496776401,42.46519227895554,24365620
2008-10-21,44.703330993652344,46.03472549926074,43.987370881180894,45.132085050364296,30895360
2008-10-22,43.01907730102539,45.337225664686905,42.67033003735238,43.90120494227601,25920440
2008-10-23,44.075584411621094,45.87061048863164,40.908132181743305,42.05489666138983,34135140
2008-10-24,39.91727828979492,43.0806267960425,37.84325370311722,43.0806267960425,63935240
2008-10-27,38.251495361328125,38.97771027009103,35.36714217190858,38.97771027009103,34216220
2008-10-29,39.01668167114258,41.02711121285552,37.76119032958368,40.618869928592815,47965580
2008-10-31,41.95641326904297,43.49090273432391,39.59313314964394,39.59313314964394,58745580
2008-11-03,43.92376708984375,45.050018651733865,42.6703261344337,43.291917654143,43100720
2008-11-04,45.65110397338867,46.43476259242265,43.086780948189215,44.28893570761381,42095380
2008-11-05,45.06438446044922,47.92206752292092,44.311499633968275,46.9804457766886,30025520
2008-11-06,43.58323287963867,45.337230429552335,42.31337963508878,43.495021671381146,26108760
2008-11-07,44.71358108520508,45.74751456624149,42.34209294731648,43.73708504893431,27560740
2008-11-10,45.160804748535156,45.73521372221703,43.1831989912037,45.54237613324096,36987140
2008-11-11,41.9871940612793,44.63973110735163,41.65075504603726,44.39355362231088,24708200
2008-11-12,41.302005767822266,43.5319396919426,40.709134509814604,41.0312117995979,38022440
2008-11-14,41.39637756347656,43.44988941965827,41.127637014653196,42.301071466677854,35778060
2008-11-17,38.421756744384766,41.636394288750736,37.18472778089323,41.48458526495297,71692220
2008-11-18,37.5457878112793,38.18789208147777,36.33747909021136,37.74682983282447,50241820
2008-11-19,36.2923469543457,39.962405466707914,35.699475673039906,37.951975849695714,48777380
2008-11-20,33.693153381347656,35.272775699515634,33.19259703843774,35.272775699515634,64849280
2008-11-21,35.13942337036133,35.61331280677096,32.741271552362875,34.05625377626383,62015900
2008-11-24,34.017276763916016,35.16404099100654,33.15156127044097,35.07993046494123,36073340
2008-11-25,34.27577209472656,36.31081873521371,33.98446533700392,34.669651786729474,48339900
2008-11-26,37.17447280883789,37.93145820204391,34.25934953403899,34.87478695081813,48547600
2008-11-27,37.17447280883789,37.17447280883789,37.17447280883789,37.17447280883789,0
2008-11-28,37.859657287597656,38.40329239502698,32.47663047227294,33.23566929161297,55185040
2008-12-01,36.87906265258789,39.79828661381446,36.5159536972112,37.95197434822513,42957000
2008-12-02,36.347740173339844,36.710849204046475,34.673752417599886,36.10361924145493,34729680
2008-12-03,36.12208557128906,37.008314111907005,35.330222378976465,37.008314111907005,39434520
2008-12-04,37.41654586791992,37.69349397616708,35.77742964433122,35.77742964433122,35790980
2008-12-05,36.52826690673828,38.403299714837914,35.490229481701626,37.74683366839942,39840780
2008-12-08,36.84418869018555,39.14182113376518,36.1918233873132,37.92940864664677,49286640
2008-12-10,37.90068817138672,38.5653617187209,37.0493343170765,37.0493343170765,64598740
2008-12-11,37.68734359741211,38.936681010210435,37.01446236318401,37.951980353365,44658380
2008-12-12,37.74478530883789,38.15712733214026,35.94155157067023,37.13139810278165,32151040
2008-12-15,38.74179458618164,39.33466596076121,37.95198182050881,38.36842764087384,30706780
2008-12-16,40.411678314208984,40.98813759759909,38.251492967482214,38.44432741889667,37878500
2008-12-17,41.11943054199219,41.84974919374459,40.53681713781632,41.160459081813016,51596780
2008-12-18,43.43552780151367,43.89710594124578,40.74196505246537,40.951211555344415,39705300
2008-12-19,43.16678237915039,44.489972270956244,42.366714946042684,43.121650049049265,40583380
2008-12-22,41.7882080078125,43.69606499270432,41.35740361140285,43.16268454349941,23885380
2008-12-23,40.200374603271484,41.767688478092346,39.92753029831336,41.52151100004401,26338860
2008-12-24,40.38090515136719,41.02916673707953,38.64947381421811,40.79940440504052,27097480
2008-12-26,39.913169860839844,41.84564309132847,39.634171423067656,40.82401779386894,16777140
2008-12-29,41.12557601928711,41.439448821822374,39.22387370430335,39.240285742836235,26060580
2008-12-30,41.808719635009766,42.43646535677293,40.836327300541676,40.99018666882782,37710760
2008-12-31,40.96146011352539,42.3420904239666,40.55527231985436,42.3420904239666,20786740
2009-01-02,41.6712760925293,42.34210074537599,41.160461816531935,41.84975197426025,20937040
2009-01-05,42.83855438232422,43.060109127489746,42.180034880569195,42.260041630289244,20118160
2009-01-06,45.14849090576172,45.665459231057454,42.42415475923681,42.84060050925161,36579860
2009-01-07,41.4086799621582,46.168061778872826,40.86504172738286,45.747512273176234,75564760
2009-01-09,41.74717712402344,43.367827956825586,40.00343753899052,41.02916670665694,42827140
2009-01-12,41.18097686767578,41.93180825976831,40.618876141644186,41.521516581569884,36113140
2009-01-13,40.571693420410156,41.52151652557007,40.007542363648184,41.02916776450682,25056220
2009-01-14,40.10805892944336,42.863168973926555,39.67110045284513,42.863168973926555,56650340
2009-01-15,37.94377517700195,39.38800048409694,37.21550683366246,39.38800048409694,58494980
2009-01-16,38.466896057128906,38.754102116712936,37.8370999441927,38.485361562087824,15617600
2009-01-19,38.61254119873047,39.162330418445535,38.21866165394736,38.93667192553953,20296900
2009-01-20,37.43705749511719,37.95197231695035,37.00830040182371,37.95197231695035,16022220
2009-01-21,36.49339294433594,37.20524925159844,36.105667436282395,37.20524925159844,39520800
2009-01-22,36.94675827026367,37.623736877424626,36.18771633812939,36.926242439020335,32599200
2009-01-23,35.795902252197266,37.38988333121638,35.494337587458,36.62263981789605,31859400
2009-01-27,36.49339294433594,37.08831462157294,36.105667436282395,36.80316203237248,24549860
2009-01-28,37.40834045410156,37.57450806268209,36.735462434260306,36.844189465313654,26349180
2009-01-29,37.88837814331055,38.46688766913089,37.336535442789916,37.9478690477384,46873960
2009-01-30,37.976593017578125,38.36226815904749,36.61442490441446,36.61442490441446,14969020
2009-02-02,36.462615966796875,37.7673433924566,35.98257241120655,37.746827560150265,26159440
2009-02-03,36.852394104003906,37.328333897628795,36.51595509240851,36.73546261712604,22960400
2009-02-04,36.34568405151367,37.85145359823934,36.19387501991184,37.336538724054485,75987120
2009-02-05,36.28003692626953,36.91393671349991,36.109765532205174,36.7190488244834,21546020
2009-02-06,36.8606071472168,37.12319673161168,36.368258328315974,36.63905236990564,23419660
2009-02-09,37.72425842285156,37.82888164670262,37.04933016493942,37.25447595072474,20581120
2009-02-10,38.8546142578125,39.31209165726701,37.80221840558797,37.962231883242616,16643980
2009-02-11,38.341758728027344,38.68845572093396,37.21345653492536,38.03403994809044,18642780
2009-02-12,38.315086364746094,38.6084433900722,37.933515007494655,38.37047348333972,14280640
2009-02-13,38.73768615722656,39.13771988627423,38.444326002407045,38.56741474839564,15215800
2009-02-16,37.49859619140625,38.56740709514101,37.254475339757334,38.56740709514101,27995360
2009-02-17,36.117977142333984,37.5170733144483,35.70563511881466,37.21345520859882,34365340
2009-02-18,35.95795822143555,36.43389801501532,35.48817568216354,35.90051764362788,15660980
2009-02-19,36.2923469543457,36.60621980149132,35.87384773796707,36.26978078944022,17921580
2009-02-20,35.55177307128906,36.060533854731766,35.022496452674275,35.94154889734299,19994900
2009-02-24,35.05942153930664,35.285083207277935,34.25935404427567,34.997880293748096,15370420
2009-02-25,35.461509704589844,35.75076608762149,35.29328861478918,35.48612620347694,21852620
2009-02-26,35.89230728149414,36.222592114671116,34.50551979622318,35.54355694898618,64875240
2009-02-27,36.49544143676758,36.84008805449086,34.5875877464609,35.73640250155905,27103880
2009-03-02,34.6983757019043,35.980537514127725,34.36193656758798,35.822574302384,37138220
2009-03-03,34.11575698852539,34.59579754747036,33.64392088662096,34.33936522363941,33429840
2009-03-04,34.4234733581543,34.87479359032662,34.0542102117307,34.09523875460506,34239980
2009-03-05,32.88077163696289,35.059419234251294,32.46022208172648,34.86248100085809,48449580
2009-03-06,32.89718246459961,33.97009418250355,31.756572253252557,32.82332984723227,47417080
2009-03-09,32.77204132080078,33.42645691906821,32.09505955948012,32.78229923678434,35178920
2009-03-12,32.767948150634766,34.2183309191899,32.460229353034634,33.43877600588075,57410880
2009-03-13,34.228580474853516,34.33320371357331,33.325937010951385,33.43876783522374,91452600
2009-03-16,34.66349792480469,34.98147464954809,33.916767082774555,34.4645061803649,54510220
2009-03-17,33.978294372558594,35.24404337866954,33.196689501531615,34.62860607798361,41847020
2009-03-18,34.58757781982422,35.285072180585864,34.144462208615735,34.46038531477163,37820820
2009-03-19,34.15267562866211,35.408170190043805,33.60288632729197,34.82145301290638,48852220
2009-03-20,34.4357795715332,34.53424869466386,33.27465340821988,34.04805407328695,40572140
2009-03-23,36.31081008911133,36.91804309278209,34.54655478747317,35.03275250877999,40899460
2009-03-24,38.63716506958008,39.962408515515456,37.33654125195961,37.59297354077801,75401080
2009-03-25,39.88649368286133,40.081384683847894,38.44431905721842,38.89153849859249,35818000
2009-03-26,40.75836944580078,41.23430924408626,40.00958846536962,40.53681471793879,46312840
2009-03-27,41.088661193847656,41.562550739948406,40.24551161950028,40.249615413005344,45761560
2009-03-30,38.79307556152344,40.20858045819617,38.59613419828396,40.20858045819617,26509680
2009-03-31,39.93778991699219,40.53271472055713,37.10677987966129,39.059765987860374,74405400
2009-04-01,41.02916717529297,41.234313011169434,39.04335698654177,40.413729667663574,25893640
2009-04-02,42.528785705566406,43.15858496823495,41.48049028579761,41.48049028579761,35591320
2009-04-06,43.661190032958984,44.10635613553085,42.68059315627493,43.285772765567486,26945760
2009-04-08,42.9472770690918,43.69605803208493,40.71323929773289,43.69605803208493,53028520
2009-04-09,42.85085678100586,44.311493911971226,42.34619672302005,43.64682037639209,29772380
2009-04-13,45.06438446044922,45.74547012402279,42.67033298085833,42.67033298085833,34222020
2009-04-15,44.42432403564453,45.32491398093958,42.77289970399148,43.279610085199494,62675520
2009-04-16,43.74119186401367,45.450056915292784,43.378082887188846,45.08284414560235,39041500
2009-04-17,43.97916030883789,45.050021701079785,43.349361161595,44.47561279971883,47042120
2009-04-20,43.782222747802734,45.132082687451565,43.00882209072658,43.901207705066525,22931780
2009-04-21,44.602806091308594,45.13208270962746,42.45698245725141,42.67033274364778,30096100
2009-04-22,44.69512176513672,45.22850218461221,43.69606255718456,44.72179172519359,24182440
2009-04-23,44.824363708496094,45.132082452490344,43.71657748222756,44.92693662316084,28823100
2009-04-24,45.55263137817383,46.07165006854366,44.18840975444774,45.13208180799846,37310260
2009-04-27,45.76393127441406,46.77119803210428,44.72179010191063,45.13208175422173,28785580
2009-04-28,43.977108001708984,46.239866123761885,43.61400215765868,45.88086094227219,29601760
2009-04-29,45.146446228027344,45.54237619420977,43.98326656788275,44.557675542333605,42856300
2009-04-30,45.146446228027344,45.146446228027344,45.146446228027344,45.146446228027344,0
2009-05-04,49.21038055419922,49.52219994838981,45.962921831408075,47.18558917188713,45266140
2009-05-05,48.95804977416992,49.64323920714128,47.79897711763417,49.51399633599298,30463880
2009-05-06,48.084129333496094,49.19396898732496,47.634859480228194,48.82880967276353,24286180
2009-05-07,48.2646484375,48.742638479546976,47.86666512427691,48.414403980113704,15457680
2009-05-08,46.93941879272461,48.20927203351559,45.72905959803654,47.593834518194114,45138660
2009-05-11,47.060447692871094,48.73033446570777,46.691187738064656,48.73033446570777,33836720
2009-05-12,49.04216003417969,49.397061432133654,46.74247710714803,46.93736501329492,34608840
2009-05-13,47.770259857177734,49.185764884164094,47.060453881931736,49.02985517452559,47519520
2009-05-14,47.74359130859375,47.96309886379738,46.003955431196026,47.27585903556831,19203300
2009-05-15,48.61750793457031,48.906761155369345,47.47894803266969,48.209266634890135,41519920
2009-05-18,56.54229736328125,63.172612642593315,51.74393612590382,51.74393612590382,271500
2009-05-19,57.92496871948242,61.50271219693853,49.493477688316645,57.11259305343606,99306960
2009-05-20,56.644859313964844,57.89214932834622,55.43039964057336,57.31773731153397,29037980
2009-05-21,56.25099182128906,57.64598102879626,54.741115183694326,56.39048948992894,38176700
2009-05-22,56.20380401611328,57.19055497022014,55.026268940193305,55.75863480466203,18276080
2009-05-25,55.947364807128906,57.02438029525853,55.24166272930067,56.41509699726593,16761340
2009-05-26,54.81495666503906,57.110538517154055,54.36363343045202,56.14840427748411,24951620
2009-05-27,57.8141975402832,58.220382264473216,56.09712799752509,56.21405635901857,53941080
2009-05-28,59.07994842529297,59.64409948497852,56.78436597612813,57.48186684018272,70308860
2009-05-29,59.26662063598633,59.898473208754226,58.30243912795657,59.270727558758814,30721400
2009-06-01,58.82146072387695,60.88727428550796,58.12806688004124,59.65639941779106,22222360
2009-06-02,57.35056686401367,59.492289797570514,56.579216551536916,58.856336482106414,19577240
2009-06-03,56.240726470947266,58.58964866303676,55.303208551509854,58.261414092097304,28659520
2009-06-04,56.98130416870117,57.4285205475062,55.47142769915523,55.84069392631676,24262960
2009-06-05,58.203975677490234,58.71273959440516,56.831549561225486,57.39570059895436,20214840
2009-06-08,57.4428825378418,58.466558166931286,56.82539162189462,58.261412348801706,15709480
2009-06-09,58.271663665771484,58.67170049152588,56.54639294731794,57.02643338189132,12893300
2009-06-10,61.595035552978516,63.55417572829382,58.87685330126506,59.09225391887739,32476460
2009-06-11,63.86189651489258,64.41579277867608,61.59709098339413,62.5694802468032,36272980
2009-06-12,62.698734283447266,64.78506430983187,62.200231313662115,64.27219962637673,23487560
2009-06-15,62.89974594116211,64.02600055453881,61.62579237316814,62.51612432607531,18419340
2009-06-16,63.43928909301758,63.59520191399024,60.98984758942155,61.87197834004441,27458080
2009-06-17,63.37981033325195,64.99020018306356,62.36433591204142,63.18491927930512,35711420
2009-06-18,62.56332778930664,64.19834040319049,61.82070084171912,62.7746277564962,31335520
2009-06-19,63.95832443237305,64.37066962669014,62.56948917241145,62.983881568212546,17830440
2009-06-22,64.13494873046875,65.61456939350653,63.34941949792701,65.61456939350653,20433060
2009-06-23,61.738868713378906,62.95457022891107,60.52940130441177,62.95457022891107,29413000
2009-06-24,60.58552169799805,63.86479531539648,60.315362250742304,63.86479531539648,23783620
2009-06-25,60.8681526184082,62.3311513329068,60.514875912780475,62.3311513329068,39782340
2009-06-26,62.272945404052734,62.393473575007796,61.13829364661612,61.51235271419157,36775320
2009-06-29,62.66780090332031,63.71101510478123,62.01111406834859,62.551426663393215,36200480
2009-06-30,62.05889892578125,63.38266035856289,61.481181816189796,63.33902161405332,20584840
2009-07-01,62.447509765625,63.091728272855576,61.64327829183635,62.260480222730784,11854560
2009-07-02,62.36439514160156,62.71767180824039,60.89931643872805,62.71767180824039,13585200
2009-07-03,62.998226165771484,63.382679753974855,61.63705967831515,61.92384134240113,19610540
2009-07-06,59.182796478271484,64.33861301705662,58.187374966499675,63.38267630279429,30500820
2009-07-07,59.322025299072266,60.25302555489236,58.39518534303091,59.84986967541958,20679740
2009-07-08,57.16077423095703,58.81080219203774,56.53525801568398,58.79833397807851,21619400
2009-07-09,58.18320846557617,58.56142150146485,56.732678362091846,57.1898673178947,11691480
2009-07-10,57.308326721191406,58.80249586741364,56.53734579175494,58.39518602532349,21467820
2009-07-13,57.09844207763672,57.43509659094703,56.109254669602464,56.940502886929906,15282560
2009-07-14,56.63086700439453,59.4259354311362,55.7850703906005,57.819552251858326,51070240
2009-07-15,57.42885971069336,57.77174831540433,55.40476608670541,57.77174831540433,42583380
2009-07-16,57.79045104980469,58.478308413981374,56.60800000196542,58.18737281827407,28846400
2009-07-17,59.71063232421875,60.21769422328149,57.108827794114134,57.77174872751369,24977340
2009-07-20,61.25260543823242,61.76174752826173,59.0310939821605,60.307063090373255,22513560
2009-07-21,60.71852493286133,61.49574633394772,60.33407136130242,60.972055894577736,16773220
2009-07-22,60.06391525268555,61.250520256663904,59.55893350421928,61.09674137241994,29869220
2009-07-23,60.641632080078125,61.10712902943696,59.62750829018611,60.6665685106623,25878520
2009-07-24,60.263404846191406,61.01360952617835,59.39267198665747,60.681109030231546,22111200
2009-07-27,59.575565338134766,61.0967512798158,59.22644256716837,60.5564386055556,19702420
2009-07-28,59.20357894897461,60.057683444495915,58.06268646307664,60.01611849703945,32996480
2009-07-29,58.96458053588867,59.75427001718107,57.56392955025344,59.75427001718107,19905200
2009-07-30,60.86191177368164,61.1798639445148,58.14580686054541,58.964586814022745,37241540
2009-07-31,62.30619812011719,62.738444308806734,61.27337218072118,61.51858882951544,25795680
2009-08-03,62.07136535644531,62.71765761742548,60.68733670732053,62.343598562816105,10928980
2009-08-04,61.057247161865234,62.6657101164875,60.53148302153526,62.551416045862474,19447220
2009-08-05,60.176143646240234,61.45834058827607,59.59219222705132,61.45834058827607,21808440
2009-08-06,58.75261688232422,60.47330022261036,58.27049145470863,59.84986413784118,33306200
2009-08-07,57.780059814453125,59.26799474163661,57.314556544938746,58.60299369485606,28488020
2009-08-10,57.1628532409668,58.81495497682395,56.52486882445364,58.76923607924504,27679720
2009-08-11,57.32078552246094,57.68445655007789,56.52486829246381,57.148304339807154,20270720
2009-08-12,58.4471435546875,58.68612616217136,56.31706987847222,56.732694010416665,18392820
2009-08-13,59.207733154296875,59.6379056287781,58.405575326864216,59.6379056287781,20531280
2009-08-14,59.322025299072266,60.223928824122794,58.644562336779984,60.223928824122794,12256400
2009-08-17,58.44504928588867,59.04978301281123,57.97955239997691,58.56142350736661,26981300
2009-08-18,59.88726806640625,60.469145543734186,58.228932159533,58.228932159533,25274500
2009-08-19,60.25510025024414,60.668644157887286,58.644557028035344,59.8893490503669,22003460
2009-08-20,61.514442443847656,61.92798636364011,60.473302120198895,60.63954921125275,14477600
2009-08-21,60.92841339111328,61.72017676754535,60.07222878870845,61.4707997791912,20833940
2009-08-24,61.70564270019531,62.41843665074495,60.97206627214731,62.26050377398518,12741880
2009-08-25,61.801231384277344,62.30205286650209,60.7019038143991,61.03440437779737,9548980
2009-08-26,60.7060432434082,63.1208177808006,60.26756294717402,62.26047935865955,13106840
2009-08-27,60.556427001953125,60.76423904131598,60.01611443122566,60.26549141522915,14838040
2009-08-28,60.58759307861328,60.88892305027157,59.64205090589741,60.47329900214685,9175820
2009-08-31,61.138309478759766,61.63913095337672,59.6420601371569,59.6420601371569,13194940
2009-09-01,60.10340118408203,61.797068118390705,59.3428083222104,61.51444677531471,12314080
2009-09-02,59.797916412353516,60.34238295976743,59.24098164949657,59.51944903092504,6342740
2009-09-03,59.65867614746094,60.18236653387621,59.22642990561215,60.05767804463829,10059660
2009-09-04,60.44213104248047,60.68111361195177,59.22642938152827,59.64205344736356,10667720
2009-09-07,60.98868942260742,61.34612644158332,60.190691823900536,60.68320542184359,15236680
2009-09-08,60.55019760131836,61.59341817884355,60.265496099967194,61.29000801160568,14822620
2009-09-09,61.3232536315918,61.59548689445858,60.49823958572037,60.88061297522852,27106000
2009-09-10,61.74302673339844,62.46829500175697,61.51235843339462,61.9279824768635,17774500
2009-09-11,61.97994613647461,62.18152408588448,60.87231066067526,61.92799312211042,14430880
2009-09-14,62.0859260559082,62.509858044197735,61.67860989817426,61.979939887875794,12454780
2009-09-15,62.93587875366211,63.10212585198801,62.01734672932275,62.13580111638811,21756800
2009-09-16,63.0418586730957,63.800377707826044,62.58052202329784,63.59048551380715,23157440
2009-09-17,63.79414749145508,63.96454855820315,63.203962011063474,63.478269106230925,24112200
2009-09-18,63.359825134277344,63.910525851982904,62.80081015802498,63.83987050913776,8229580
2009-09-22,64.27001190185547,64.42171693773504,63.008597941674765,63.17484499700468,13451620
2009-09-23,65.23635864257812,66.45413415762279,63.652825564367284,64.6295446929582,26131400
2009-09-24,67.48902893066406,68.02518111437048,64.25339448320484,64.25339448320484,44450520
2009-09-25,66.85521697998047,67.50774990161004,66.1673595591335,66.61623437602907,11237640
2009-09-29,66.97157287597656,67.94621169125831,66.54556080053679,67.49733699736555,7774000
2009-09-30,68.59874725341797,68.99358881257594,66.67440596977347,67.16484562178144,23977240
2009-10-01,68.34105682373047,69.3427122671043,67.34148152993956,68.16234153334365,17295980
2009-10-05,67.91504669189453,68.37015552936761,67.20640693282422,67.3726603562845,10969880
2009-10-06,68.97904968261719,69.1972561321971,66.70351162445108,68.95203310240936,11507280
2009-10-07,69.72926330566406,71.07172749369599,69.40923094413584,69.57547806232344,21686660
2009-10-08,70.13033294677734,70.44413117249552,68.57589652570513,68.9936007766894,16809880
2009-10-09,69.64405059814453,70.24047014353178,68.99359789246317,68.99359789246317,9009600
2009-10-12,70.7496109008789,71.07171702313384,68.37016052810243,69.11828513357207,15601380
2009-10-13,70.7496109008789,70.7496109008789,70.7496109008789,70.7496109008789,0
2009-10-14,70.74752044677734,71.86138976452698,70.08044567743907,70.86389466379838,15642420
2009-10-15,71.58293151855469,72.11077586111428,70.41087494356725,71.08626405465837,18772320
2009-10-16,71.47279357910156,72.26871724582547,71.16938977565829,71.98608957289953,16519700
2009-10-20,70.29450225830078,71.4873413313336,69.82484502130258,69.93498514816532,9388380
2009-10-21,69.03931427001953,70.74129533782659,68.61330213658856,68.99359536880918,12847520
2009-10-22,69.24298858642578,69.70017136383366,68.16236321814993,68.20392817151496,7579740
2009-10-23,70.31944274902344,70.61453230961939,69.04347371326882,69.61703700276587,7576980
2009-10-26,70.36100006103516,70.5314074615833,69.20141162957907,69.45078862267003,8164820
2009-10-27,69.41337585449219,70.65609414639357,68.99359781353725,68.99359781353725,19155140
2009-10-28,67.31239318847656,69.40090148464327,66.71389354701802,68.99359169495273,13320900
2009-10-29,67.0484848022461,68.1374179464385,65.2633736600421,66.7076699862319,20490880
2009-10-30,67.36019897460938,70.157347310627,66.72844858522117,67.41422579353421,15292380
2009-11-03,66.52062225341797,68.14155331141224,65.83483885048275,67.19808505872382,9502520
2009-11-04,67.49527740478516,68.45328790987946,65.72471468232884,66.70766796060292,12550460
2009-11-05,67.47032928466797,68.07090270651848,65.95953188610075,67.32277818874537,19742900
2009-11-06,68.16234588623047,68.72344090437896,67.41422130933908,67.95453385608951,11478120
2009-11-09,70.96572875976562,71.07171492547238,68.16234647823082,68.20391142138794,17472440
2009-11-10,70.79949951171875,72.39757494743424,70.3111398452005,70.67065703415255,18728700
2009-11-11,72.14611053466797,72.31859174176805,69.63365732688735,69.63365732688735,15191800
2009-11-12,71.34394073486328,72.40170310605424,70.97195546076124,71.84684859013595,15689900
2009-11-13,71.58086395263672,72.36015914877406,70.88676611705365,70.88676611705365,17245820
2009-11-16,71.636962890625,72.72589589317168,71.44577303350009,71.6099463121478,12131120
2009-11-17,72.71965789794922,73.02306801024966,70.71011923643441,72.52016013651293,14013800
2009-11-18,72.71757507324219,72.94200923428808,71.14443677082967,71.14443677082967,18930600
2009-11-19,71.46863555908203,72.65108650986825,70.82233685195588,72.65108650986825,11882240
2009-11-20,72.90046691894531,73.21218500384717,71.03015840953418,71.03015840953418,15307920
2009-11-23,73.37635040283203,73.98108418345188,72.12324409014306,72.12324409014306,11746440
2009-11-24,73.85224151611328,73.9810839622392,72.32274165100569,72.73421176062843,8803300
2009-11-25,74.9245376586914,75.18637645711063,72.7903044338404,72.7903044338404,15749580
2009-11-26,73.19969940185547,75.22794662196115,72.73420253504531,72.73420253504531,16057640
2009-11-27,72.74874877929688,73.30360327100453,69.92250429470371,72.40169994686211,14975520
2009-11-30,73.40959930419922,74.27201795686953,72.41210410095255,73.3576462969068,17511280
2009-12-01,74.38424682617188,74.77077420098335,72.73421861648987,73.96862271979194,10975060
2009-12-02,75.1074447631836,75.37344397197452,73.82524143881147,73.98525445736054,23703320
2009-12-03,75.10120391845703,75.80983746698779,74.33645071259441,74.33645071259441,9752940
2009-12-04,74.37800598144531,74.85389731588413,73.7774261580021,74.23669532013632,6778560
2009-12-07,74.70219421386719,75.13236665839052,74.18681807198027,74.39671026163005,9102120
2009-12-08,76.19428253173828,76.43326510726573,73.66521357851563,74.27202117853732,13661280
2009-12-09,74.99313354492188,76.25870816967617,74.4590550538188,75.04716670739128,16068740
2009-12-10,74.19305419921875,75.02014842337665,73.66313601997687,74.4528192560864,12233920
2009-12-11,74.19513702392578,74.77077412760568,73.27868510922691,74.34891591372086,11953200
2009-12-14,73.03762817382812,74.81234502317125,72.69265937741298,74.17644059782798,16142240
2009-12-15,70.68933868408203,73.4407678461694,70.24046395223267,72.17519338391841,17086360
2009-12-16,70.37972259521484,71.02393499412797,69.61704944222318,69.68355083240829,17161840
2009-12-17,69.4715805053711,70.53142345342914,69.28455088910715,69.82486360203104,13195340
2009-12-18,69.16400909423828,69.54222855326624,68.44705497365895,68.63616470317292,12563560
2009-12-21,68.69227600097656,69.45910303322596,68.45537354311662,69.16401345045999,17188860
2009-12-22,68.43458557128906,69.2928503511562,68.2496361448765,68.99360049226983,12548620
2009-12-23,70.25502014160156,70.65609586962412,68.57797540287048,68.57797540287048,20208740
2009-12-24,71.09874725341797,71.65360195014405,69.99941958517488,70.75377844294346,7437940
2009-12-29,70.52934265136719,71.40422970484197,70.10540424579696,71.39176148778883,10404580
2009-12-30,70.34437561035156,70.645705605421,69.61703346962415,70.645705605421,8531020
2009-12-31,70.7496109008789,71.23796411682926,70.23423476335091,70.65609294697516,11516440
2010-01-04,70.89300537109375,71.84062780625929,70.34645866804757,70.65609659134215,6100980
2010-01-05,70.95535278320312,71.69516323561405,70.86391496621562,71.07172703356522,16773200
2010-01-06,71.00313568115234,71.48733489742577,70.16149319479545,71.23795793659716,13279680
2010-01-07,71.18810272216797,73.4989719430756,70.72260571131496,73.4989719430756,12247960
2010-01-08,71.2816162109375,71.62865879713468,70.69766483394353,71.15484755746184,14171800
2010-01-11,70.99482727050781,72.6781060399075,70.75999865380706,72.6781060399075,27533220
2010-01-12,70.45660400390625,71.14653523701215,69.76666642887945,70.98860238076716,9814100
2010-01-13,70.21137237548828,70.43996688652184,69.22426519131984,70.0305769164636,20693500
2010-01-14,69.98278045654297,71.22965262236661,69.40921723084975,71.07171345194796,20345280
2010-01-15,70.41294860839844,70.61452653482228,69.4507842193032,70.5895901054783,23163460
2010-01-18,73.42622375488281,73.89796113456718,69.91212781345197,70.24046803928547,47002920
2010-01-19,73.94783782958984,74.34683974912089,72.85474443611659,73.35765237884712,33328440
2010-01-20,72.98773193359375,74.3966970599917,72.44326550054332,74.18888505703083,27304220
2010-01-21,71.1402816772461,73.18723121778473,70.8680484550034,73.18723121778473,25046940
2010-01-22,69.70430755615234,70.65608377658063,68.74421073762308,70.48983670446226,18947400
2010-01-25,68.85643768310547,69.737558666316,67.80075535465058,68.99359438478031,12057580
2010-01-27,66.38346862792969,69.03930584789731,65.95537639696495,69.03930584789731,24215580
2010-01-28,66.21931457519531,67.28954546307796,65.5356110918617,66.91548627532593,34864460
2010-01-29,67.79036712646484,68.03766397358005,64.52564159324945,65.66860786945837,32870340
2010-02-01,66.48946380615234,67.6636005473699,65.87641575994633,67.6636005473699,15034660
2010-02-02,65.63119506835938,67.11912992410033,65.3360992032654,66.79078337407185,20669400
2010-02-03,67.4454116821289,67.84649383812399,65.58549727049213,66.49986920365808,15455340
2010-02-04,67.1960220336914,67.53475666165807,65.89719682947563,67.24797504186003,17210480
2010-02-05,65.39222717285156,66.4167391608336,65.04517822383183,66.4167391608336,18693880
2010-02-08,65.14492797851562,66.03643716515053,64.3801747646301,65.87642415927473,15181200
2010-02-09,65.32157135009766,65.58133646216356,64.48408888247401,65.11999336945763,23947500
2010-02-10,66.23178100585938,67.22512241606518,65.00361094910787,65.46080002573852,27733360
2010-02-11,66.41674041748047,67.87142494202263,66.08423982920087,66.66611110224925,14539380
2010-02-15,67.07340240478516,67.31861904000229,65.77249726981336,66.37515079473908,9604980
2010-02-16,66.76585388183594,67.44332318117628,66.08423062466713,66.70766676263568,14349700
2010-02-17,68.82527923583984,69.03309130362113,67.11914393509332,67.24798640241035,24796680
2010-02-18,69.98070526123047,70.24047031416748,68.609144513339,69.19725614466374,20008840
2010-02-19,70.40257263183594,70.65610361023185,68.83151389420917,69.4092311935807,14691980
2010-02-22,70.51478576660156,71.47487641524977,70.2404723407248,70.69766138385272,13280340
2010-02-23,70.6976547241211,71.02391478943001,69.92251357372005,70.0347338449931,12945780
2010-02-24,70.67688751220703,71.07172918373242,70.13657485236752,70.24048088918585,11211380
2010-02-25,70.28411865234375,70.82235115440045,69.90797931174845,70.69766898552331,11673940
2010-02-26,70.85558319091797,72.10038147911027,69.82483736742203,70.24046139937099,18702060
2010-03-02,72.52433013916016,72.98359936648693,70.90547872782751,71.65359708420819,15429300
2010-03-03,73.84185028076172,74.02265208497343,72.42457697058528,72.42457697058528,22295920
2010-03-04,74.02888488769531,74.27202142169119,72.86305605186853,73.77327379680106,27028840
2010-03-05,74.14733123779297,74.60452024962832,73.60702502261299,74.21175246101704,20899300
2010-03-08,74.15564727783203,75.22795816071125,73.68599004001094,75.22795816071125,14745920
2010-03-09,75.27782440185547,75.43576356711272,73.7732674003444,73.7732674003444,24795380
2010-03-10,75.41290283203125,75.63941716033607,71.89880100617812,75.31107063532967,29921120
2010-03-11,75.93243408203125,76.26700837711202,74.94116672631236,75.47732526855815,15490460
2010-03-12,74.86427307128906,76.07581424199842,74.24499102760853,75.9345036039244,14944880
2010-03-15,75.33393859863281,75.64357648394676,73.9810802974864,73.9810802974864,15025920
2010-03-16,75.0035171508789,75.22379738502501,73.3160782189709,75.0201393220569,20872500
2010-03-17,75.1323471069336,75.84306054675395,74.73334530383276,75.00350469047017,9589680
2010-03-18,74.8497543334961,75.32772592827577,74.41750799245295,75.32772592827577,7003940
2010-03-19,75.6373519897461,75.84308388955294,74.714665981642,75.42745979011579,12679680
2010-03-22,76.35430908203125,77.09827345865347,74.7292172676612,74.89546437716494,30611220
2010-03-23,78.30357360839844,78.55295059148867,76.26701816686862,76.26701816686862,20308760
2010-03-25,80.0554428100586,80.21545581447265,77.730025332332,78.1373351975174,46592800
2010-03-26,81.10696411132812,81.6950694031034,79.51304294963624,80.2570136157223,23105720
2010-03-29,81.67221069335938,82.70919072860765,67.69892501253318,67.69892501253318,26453420
2010-03-30,79.25328063964844,81.87379389276981,79.02676626576202,81.67013580030363,18739960
2010-03-31,80.36091613769531,80.75159743466081,78.85427889019925,78.96857297220683,13652160
2010-04-01,80.59991455078125,81.04670924361179,80.05336777886694,81.04670924361179,14818440
2010-04-05,80.984375,81.44571809911791,79.9827191918911,81.41246740328073,14247680
2010-04-06,80.33597564697266,81.0466956143433,80.02425758691749,81.0466956143433,8842880
2010-04-07,80.28819274902344,80.96150181161669,80.04921014215789,80.63108138860626,10756100
2010-04-08,79.0849380493164,80.21128193440339,78.71087896793715,80.21128193440339,12477660
2010-04-09,81.01966857910156,81.33762070565032,78.57372346660136,78.57372346660136,12415300
2010-04-12,81.22125244140625,81.79065536996622,80.57703388480319,80.57703388480319,9141280
2010-04-13,81.11735534667969,81.58285231219588,80.25701675206169,81.0467000102653,12682600
2010-04-15,81.33971405029297,82.08160457989753,80.8056355676194,81.25451035002081,19094720
2010-04-16,81.63897705078125,82.06083532030223,80.04921590415896,80.83889927288386,10465120
2010-04-19,80.38587188720703,81.41246408993281,80.04921732569935,81.04671279253112,12241660
2010-04-20,80.82018280029297,81.33555895255033,80.17388404559667,80.17388404559667,10878640
2010-04-21,80.6726303100586,81.46231346504369,80.4232533443161,81.00512447515568,7889000
2010-04-22,80.38793182373047,81.8779469999357,79.30315267832862,80.58120184843754,13790220
2010-04-23,81.12150573730469,81.33971218673517,80.15934130927123,80.42326031973566,10634120
2010-04-26,82.69258117675781,82.99598502135571,81.3667391635968,81.3667391635968,15796560
2010-04-27,82.27486419677734,82.95856757314039,81.78650464223233,82.66762564827437,8968940
2010-04-28,81.8010482788086,82.57410926419399,81.37919012244011,81.37919012244011,11423540
2010-04-29,82.53256225585938,82.91701585338838,80.89916243129068,81.95692510558283,18792900
2010-04-30,83.14352416992188,83.54044595526717,82.4182621287298,83.04377210061521,14219220
2010-05-03,81.86962890625,82.5013792789854,81.54960293316387,82.5013792789854,10014140
2010-05-04,80.50639343261719,82.49307628443123,80.30689562417086,82.49307628443123,9177920
2010-05-05,79.64813232421875,80.36924048377753,78.14149476870175,80.29858513875625,16028540
2010-05-06,78.78154754638672,79.63357819947089,78.01264044293801,79.17638916359539,10522460
2010-05-07,76.80939483642578,77.92950462705323,76.30857346757826,77.76325755394993,19571620
2010-05-10,80.39000701904297,80.54794619537304,76.05920496201752,77.44115372914558,12853080
2010-05-11,80.97603607177734,81.25450342991854,79.51927171744298,80.54794379891192,13929300
2010-05-12,82.08160400390625,82.33513495305978,81.0051327884981,81.0051327884981,13741640
2010-05-13,81.68467712402344,82.91700095449436,81.055006919324,82.34343771546995,12744380
2010-05-14,81.11943817138672,82.0026394185694,80.72459652926565,81.62857390872783,9400300
2010-05-17,80.16765594482422,80.91370047772072,79.57123634850912,80.71420267625243,13207200
2010-05-18,78.79401397705078,80.00763553161683,78.56126550657513,79.71669994352226,12243120
2010-05-19,77.66143798828125,78.46982989189844,76.54133435737025,78.09576440368922,18180160
2010-05-20,76.92993927001953,77.98770178812137,76.32105151745218,77.88794972625143,6778000
2010-05-21,75.91583251953125,76.89047170881564,74.85806976435137,75.64359919461863,10997240
2010-05-24,75.83269500732422,77.61779973415561,75.27159994235734,76.27533568316602,9621820
2010-05-25,74.96820068359375,75.64358987894144,74.18890545819256,75.30277505624402,11068700
2010-05-26,75.9656982421875,77.02554104790633,75.32355971883291,75.34434219383151,14002780
2010-05-27,78.82725524902344,79.25950145086003,75.26951455803191,75.43576163367997,22619720
2010-05-28,78.8355712890625,79.5504452034863,78.35552599108698,78.8272633737674,11758500
2010-05-31,78.488525390625,78.91038355393843,77.51388647160432,78.80232358243109,8768220
2010-06-01,77.10242462158203,78.55295501581195,76.39171096100968,78.5404868001472,11365460
2010-06-02,77.0172119140625,77.42036775186824,75.9760779762765,76.80732608030158,18903340
2010-06-03,79.2013168334961,79.38419242761763,77.47647958715078,77.47647958715078,13593780
2010-06-04,78.37423706054688,79.37588628947353,78.14148224481926,79.21795344905868,10188700
2010-06-07,77.99809265136719,78.75453154502989,75.15938567601286,77.59701692353411,19238260
2010-06-08,77.41830444335938,78.84389209097498,77.0151485508788,78.13733237511603,11342280
2010-06-09,78.17472839355469,78.78569627278321,76.95487278482453,77.30607562499057,11584680
2010-06-10,80.15116119384766,80.393771735407,77.9279343837634,78.67667553816038,17020940
2010-06-11,81.41232299804688,81.56708927884878,80.35822344176533,80.35822344176533,21630760
2010-06-14,82.5354232788086,82.61280640535831,81.41230842560877,81.41230842560877,14977960
2010-06-15,82.14851379394531,82.82196538393853,81.692576223413,82.61281900670636,9121560
2010-06-16,82.65673828125,83.24025846314366,82.32210279984486,82.61281932899936,18168580
2010-06-17,83.49540710449219,83.61670918058653,82.32209274793618,82.94744468213746,15977200
2010-06-18,83.31137084960938,83.57280383278808,82.75295357181871,83.32391912219066,9802800
2010-06-21,83.6104507446289,84.07684949605192,83.24444455901177,83.7254850896934,14203300
2010-06-22,83.11685943603516,83.65854776690901,82.92444196780937,83.44940139749174,8524880
2010-06-23,83.60625457763672,83.81330742457739,82.63372531311157,83.01855383655773,8488080
2010-06-24,83.72547912597656,83.95135440464912,82.82196524600452,83.53515515709536,17653100
2010-06-25,81.46878814697266,83.32391549359907,81.14879444480265,82.82823960030053,14470320
2010-06-28,81.59637451171875,82.15269828457724,80.44815650655683,81.65493524479024,10658160
2010-06-29,79.65966796875,81.51688869826391,79.31248423934622,81.15296968549777,15902320
2010-06-30,80.27037811279297,81.1027830031703,78.59720707233754,79.26647804157611,17535120
2010-07-01,79.78515625,80.71794723476755,79.2664709759425,79.97756732822234,11567260
2010-07-02,80.01313018798828,80.45233885186498,79.47352896639552,79.78516140523381,8225000
2010-07-05,80.1114273071289,80.68866694781036,79.39196328412008,79.51745238257803,5160540
2010-07-06,82.15269470214844,82.39321814289328,79.89391637344256,80.10306275138352,12496060
2010-07-07,81.03585052490234,82.36183774137938,80.7744175630739,82.35556360560112,7933440
2010-07-08,81.38721466064453,82.39738873467326,81.2429031668347,81.98537016501795,6725840
2010-07-09,83.77359008789062,84.15842509035834,81.57127869543902,81.77624447037924,31402360
2010-07-12,85.72699737548828,86.00097857350254,83.95134058778932,84.0349978482462,29738560
2010-07-13,86.69326782226562,87.00489388532323,85.22296902946111,85.83367288341569,12514620
2010-07-14,87.26842498779297,88.29742165530818,86.72254958933101,87.0048984931809,21116060
2010-07-15,86.27706146240234,87.42318591036552,85.95916126593356,87.42318591036552,6477460
2010-07-16,85.28780364990234,86.41928632581595,84.96362293298046,86.33562266813226,9427760
2010-07-19,85.66008758544922,86.33562633317152,84.57879795213117,85.4153835033543,17531160
2010-07-20,85.5157699584961,87.36880375841746,85.16440558391572,85.6600814663846,13369180
2010-07-21,85.041015625,86.36700943307794,84.70429298076914,85.75420562317483,9284700
2010-07-22,86.05327606201172,86.2937931097886,84.70427942915775,84.91342579811864,11149940
2010-07-23,85.27315521240234,86.54476228861611,84.74192166427257,86.54476228861611,13843620
2010-07-26,85.82948303222656,86.15993146802242,85.08700963507316,85.5408600382589,6072980
2010-07-27,86.45274353027344,86.92123575601799,85.54086838814085,85.88387151087096,13291820
2010-07-28,87.26004791259766,87.42318182433264,86.16621011020287,86.67025362300166,13142120
2010-07-29,87.86656951904297,88.46891206924757,87.1408313798596,87.46082506182573,22531480
2010-07-30,88.96669006347656,89.38916346243306,87.00489595556363,87.74527594386346,23399320
2010-08-02,89.36196899414062,89.71961388947382,88.7345298716287,89.0963553966946,16526680
2010-08-03,88.7805404663086,89.68196080945768,88.3329705539483,89.51464626668837,16220960
2010-08-04,88.46054077148438,89.05451565543157,87.47336971781318,88.46890841284707,14734700
2010-08-05,87.85194396972656,88.98761378808267,86.37746438259606,86.37746438259606,14710560
2010-08-06,87.45246887207031,88.25977082112674,87.06554679928838,87.55912918381473,10920880
2010-08-09,87.08855438232422,88.00461657978546,86.64307155621844,87.42318987848302,5236440
2010-08-10,87.63858795166016,87.93348504808264,86.57612738486613,87.23284355368648,14694540
2010-08-11,87.40226745605469,88.38734507961274,86.91913984804363,87.88330794054447,14670160
2010-08-12,86.7183609008789,87.12201186540993,85.66635490918198,86.875220679259,9938860
2010-08-13,87.3207015991211,87.90003473710134,86.09510057134551,86.23313793927768,10499860
2010-08-16,87.17221069335938,88.9666902504941,86.60333227099458,86.93796776343996,7186680
2010-08-17,88.72198486328125,89.34733688524977,87.05090731463504,88.17611587028458,20131820
2010-08-18,91.68768310546875,91.98257387976403,89.09635643561047,89.09635643561047,38844340
2010-08-19,93.28556060791016,93.67666332144582,91.39696903173622,91.39696903173622,20763920
2010-08-20,93.33367919921875,93.68922426751043,92.24193468102068,92.50754832462464,8398140
2010-08-23,91.88217163085938,93.19561039089997,91.31329333069047,92.56189723593504,8194860
2010-08-24,92.38623046875,92.86099044195252,90.35541457326806,91.88218693939817,10680280
2010-08-25,91.70023345947266,92.65184694159517,91.12716803435583,92.06623962684917,10591220
2010-08-26,91.11880493164062,92.60373910313545,90.62312265642933,91.12925969744066,20388100
2010-08-27,89.47908782958984,91.60401569477882,88.91439646547,91.18781646482702,11550480
2010-08-30,89.16746520996094,91.09161442290863,88.5358454519647,90.35123446446316,6876460
2010-08-31,89.27413177490234,89.51464883051223,88.35597612159467,88.88720970319555,9390160
2010-09-01,89.90157318115234,90.14209024285915,88.67806557534172,89.3285077568139,9616200
2010-09-02,91.49945831298828,91.81317791922648,90.34287895329578,90.34287895329578,11590660
2010-09-03,91.7713394165039,92.02440474240609,90.69632398834547,91.7734265400523,8118160
2010-09-06,92.20425415039062,92.84842846417651,91.40322646124766,91.94073409715085,9546440
2010-09-07,91.98676300048828,92.69367879085289,91.29448898865573,92.69367879085289,8407840
2010-09-08,91.17108154296875,92.0202152305189,90.8238978290352,91.52244588623635,9969600
2010-09-09,93.90045166015625,94.11587217894909,91.31749255827243,91.81526197013034,26029580
2010-09-13,95.4732437133789,95.99820325072481,94.0322282515303,94.1200661704214,14595580
2010-09-14,97.63790130615234,98.29880467370529,95.6217333973503,95.6217333973503,32697460
2010-09-15,99.36334228515625,99.72098076958096,97.71526796573251,97.83866355082313,25503160
2010-09-16,100.19367218017578,101.01770949286137,98.5225945148613,99.37382188031006,25534780
2010-09-17,100.41535186767578,101.47781897747811,99.84647349886144,100.19365723111083,21503140
2010-09-20,102.32276916503906,103.31621443369156,100.23549245389715,100.52411546895976,15095460
2010-09-21,103.34969329833984,104.34732572102698,102.6950640386889,102.6950640386889,32710780
2010-09-22,103.80563354492188,104.1549108535361,102.4942878686736,103.31832522419043,25049020
2010-09-23,103.06104278564453,103.81397090897777,102.61347292346085,103.38312994613929,12380340
2010-09-24,104.3744888305664,104.65683769424585,100.73116279878812,100.73116279878812,27910620
2010-09-27,101.99860382080078,105.02495235041684,101.79991219652139,104.57319538045631,16677440
2010-09-28,102.49844360351562,102.97111641173517,101.28539728865448,101.9797647241925,18864220
2010-09-29,102.18264770507812,103.48562555861908,101.48618669019312,103.48562555861908,15595720
2010-09-30,104.12771606445312,104.53136708042351,101.50711195499787,101.64514934348007,36959780
2010-10-01,104.60455322265625,104.7404970834359,102.99831067060768,104.23854708375079,17730260
2010-10-04,104.32221221923828,105.5185297730554,103.8704616533077,104.60456110992567,13980460
2010-10-05,102.38969421386719,104.97892724074588,101.95675970532035,103.7951580457487,17196660
2010-10-06,102.76408386230469,103.7366133357995,102.4817349486729,102.69088134652733,8219880
2010-10-07,101.79362487792969,103.31830365627191,101.50082124531046,102.77452183418448,9012840
2010-10-08,100.6307601928711,102.39804931854763,99.97195049854047,101.86054169302948,14906860
2010-10-11,99.90921783447266,102.09688695343262,98.99524288800184,102.09688695343262,19820040
2010-10-12,99.56622314453125,100.39026037572661,97.8616814584299,100.30869022550371,15619800
2010-10-13,102.11572265625,102.48172883064515,99.00989755699712,99.76282582085253,20573400
2010-10-14,101.4088134765625,102.7327137567031,100.81065783900401,102.27258912577999,7707260
2010-10-15,99.81510162353516,102.17845296957995,99.5515751640223,101.41088939255768,11726540
2010-10-18,100.32542419433594,106.24217687478681,98.42428442931607,106.24217687478681,16550200
2010-10-19,99.0872802734375,101.35233919154575,98.65643923203694,101.35233919154575,16649040
2010-10-20,97.69434356689453,99.21902216878135,97.38271756352663,99.09353308857047,9860460
2010-10-21,98.930419921875,99.33616441605162,96.90379095726985,97.46430811527043,14595060
2010-10-22,97.32209014892578,99.55368501422456,96.98118688309006,99.55368501422456,12950380
2010-10-25,96.40391540527344,99.03079295054145,96.16548551169372,97.71317354881721,17259580
2010-10-26,96.26589965820312,97.29490270028055,95.83087797751492,96.54197442347284,10139440
2010-10-27,94.29572296142578,96.45830189824738,93.71429634730461,96.45830189824738,16440660
2010-10-28,94.8144302368164,96.87034296704246,93.73942103681087,94.38776978455655,42138460
2010-10-29,95.3665771484375,96.12368609028228,93.57209747384924,95.37075777865928,16264860
2010-11-01,98.26532745361328,98.96806255961518,95.581982396624,96.12367071654185,20269600
2010-11-02,98.31343841552734,99.84647854195693,98.0059929877601,98.92623576485852,11122040
2010-11-03,98.81120300292969,99.21485395679446,98.34271080368508,98.75891641151796,7081520
2010-11-04,99.9384994506836,100.59940273770472,99.03289848803868,99.97196363539057,9716320
2010-11-08,97.6880874633789,100.39026147648292,97.27188821345275,100.11418672558877,8510920
2010-11-09,100.32752990722656,100.67470731199026,97.47686347462735,97.88051449187311,13716100
2010-11-10,100.21666717529297,101.21847367463825,99.6938012594023,100.39025585100681,8934340
2010-11-11,98.43683624267578,100.78345888792157,97.72364631903194,99.76700415940198,6728740
2010-11-12,96.83058166503906,99.51183308337725,96.41646958469056,98.08964042347044,12403100
2010-11-15,99.79838562011719,100.05563159465727,96.79294663754688,96.83477846855958,22815960
2010-11-16,99.244140625,100.37771684363209,97.25306933128032,100.37771684363209,18299340
2010-11-18,97.89514923095703,101.18501775765732,96.99163532264056,101.18501775765732,16631980
2010-11-19,96.35791778564453,98.88440317785232,95.87269666562185,98.08964950887511,11752680
2010-11-22,99.54949951171875,100.01171123952284,96.45831616934709,97.08575532990405,11021900
2010-11-23,99.21066284179688,99.55366593094055,96.51895024845797,98.92622685994723,11416240
2010-11-24,96.68417358398438,99.29850293630575,95.78693396312848,98.46609817277621,8257500
2010-11-25,97.17149353027344,98.66270819458329,95.88315748620941,97.25306367960779,22687740
2010-11-26,96.11947631835938,97.88049138627753,95.20342067064904,97.29488416180881,15139380
2010-11-29,96.11947631835938,96.95606171482329,95.57988154600177,96.2073205933497,11818860
2010-11-30,95.59661865234375,97.63161510169292,94.47141655892113,96.08183975578167,17253560
2010-12-01,99.01200103759766,99.34454305791662,95.37076133559995,95.72839990346876,16081440
2010-12-02,100.045166015625,100.39025624493885,98.42846229959652,99.47001350588837,14738560
2010-12-03,100.20829010009766,100.39024640047612,99.21902558260923,100.18110005380846,7923580
2010-12-06,99.68961334228516,101.43598676203594,99.35497788262457,101.22684039757814,9363120
2010-12-07,98.36781311035156,99.97196863722299,97.39947074208303,99.5536758814187,17194700
2010-12-08,95.38957214355469,97.88050630716025,94.75167823456657,97.88050630716025,23488440
2010-12-09,93.36294555664062,95.55480198255366,92.83171194836255,95.08422261343486,36567840
2010-12-10,92.95928192138672,93.37339400764678,90.78206757042724,92.02439744656712,41242460
2010-12-13,93.65574645996094,93.90672466914869,91.24638245885069,93.82306739363311,15823360
2010-12-14,93.62437438964844,95.19924635318858,92.5263559103735,93.99038054940675,11844160
2010-12-15,90.4725341796875,93.27928128131221,89.93293935193779,93.27928128131221,22420420
2010-12-16,92.05786895751953,92.84426136801355,89.93294102687462,90.47672287705365,19518360
2010-12-20,90.87410736083984,92.0160448744832,89.99360283730248,92.0160448744832,10322440
2010-12-21,92.61419677734375,92.82124964048803,90.84900090999137,90.89501336653906,12351160
2010-12-22,91.13762664794922,93.69757624211918,90.77162049075343,93.40477259289074,15006480
2010-12-23,91.64585876464844,92.19172778852943,90.93476230260733,91.18782765184096,6526540
2010-12-24,92.79405212402344,93.05967207652704,90.97866331657461,91.56427055038387,7033420
2010-12-27,92.59745788574219,93.27927706548189,91.90309681758612,92.81915251793232,7541260
2010-12-28,94.37311553955078,94.89806856973604,92.65811281234225,93.02411894706988,9350060
2010-12-29,97.37020111083984,97.74666209184663,94.26437567828744,94.3668617583123,16142080
2010-12-30,96.43740844726562,98.02273538593035,95.707483154942,97.72156405266479,14504700
2010-12-31,98.14612579345703,98.92624413906995,95.87479902340334,96.41648741672567,16497820
2011-01-03,99.99288177490234,100.37561682747332,98.31552378581448,99.1353803727868,10796780
2011-01-04,98.1126480102539,99.88830498547662,97.58769497542966,99.8255572465274,16568260
2011-01-05,96.55032348632812,98.2862356276402,96.10274723640215,98.2862356276402,15651840
2011-01-06,97.36809539794922,97.99135391284959,96.58379646697237,96.87660650731655,10870180
2011-01-07,94.92945861816406,97.30326505348953,94.57600070622843,97.30326505348953,15896020
2011-01-10,90.02705383300781,94.95244809175989,89.43098542638829,94.36892795621527,40141720
2011-01-11,89.79073333740234,92.80662082954508,88.88721936403279,90.76953695056524,24315180
2011-01-12,92.24610900878906,92.61002169577687,88.11756118973484,90.72770412974367,19810660
2011-01-13,89.64013671875,92.75223576932451,88.94576922875434,92.40086501197779,18972020
2011-01-14,85.73119354248047,92.35904284694722,84.91343042932546,89.93294355815259,25582820
2011-01-17,86.50711822509766,87.54866941759867,85.77301244358159,86.16830213597963,24561640
2011-01-18,88.23257446289062,88.51074269783219,85.60987730378653,87.28932233052853,16840320
2011-01-19,86.8145523071289,88.42916228496193,86.29377997015737,88.32876974539647,17984100
2011-01-20,88.57557678222656,89.28039899274141,85.57850587536768,86.55522218290251,19277080
2011-01-21,87.59677124023438,88.87465887847053,86.84175590905093,88.00878984397669,16595220
2011-01-24,89.87438201904297,90.10025729944768,86.7120897975314,87.63233258634912,25548320
2011-01-25,87.18475341796875,90.97239752733303,86.59077848842949,89.98313289172759,28221080
2011-01-27,85.78765869140625,87.84147762875035,85.37355295318943,87.84147762875035,37891160
2011-01-28,85.92778778076172,87.39599300707026,85.41747012503588,85.95915845987587,35596840
2011-01-31,85.63707733154297,86.31262245534113,83.49960101363551,85.4446662309107,22236060
2011-02-01,85.31499481201172,86.87522503199918,84.29017243580209,86.87522503199918,17102460
2011-02-02,84.49095916748047,86.31471590554278,83.91789373063845,85.8127594739005,19524340
2011-02-03,86.20805358886719,86.65981057072592,84.07685130027139,84.49514409281004,11592060
2011-02-04,84.4010238647461,87.21404538774303,83.86770311866896,85.7918524764431,18506400
2011-02-07,85.28360748291016,86.16829886855872,84.50349565814041,85.54085979912746,17118920
2011-02-08,83.77774810791016,86.16619565553029,83.03527479647538,86.16410853239603,14391980
2011-02-09,84.59133911132812,85.12257267882184,82.88052333477673,83.57489081573503,14715160
2011-02-10,84.32154083251953,85.70817583893692,83.65854406246275,84.3278149680186,23071180
2011-02-11,86.13902282714844,86.16830638327637,83.4494035119594,83.4494035119594,20206840
2011-02-14,88.06945037841797,88.26814199696427,85.75629187395803,85.75629187395803,11844720
2011-02-15,88.13428497314453,89.01270233932064,86.80829766401892,88.25977408011842,15199460
2011-02-16,87.62606048583984,88.76172381557555,87.21613536162091,88.4270883256935,9101580
2011-02-17,91.42206573486328,91.77343012577427,87.63233430362367,87.84148068620988,23609840
2011-02-18,91.0246810913086,93.82724110149168,90.5708306715913,91.35512953914107,39535740
2011-02-21,92.09551239013672,92.35903886047072,89.20092737670178,90.5603787904147,11201020
2011-02-22,89.4498062133789,91.67721364580937,88.90393090094287,91.60610465012566,11592860
2011-02-23,88.43128204345703,90.05844077396193,87.84985530897434,88.89558730499655,12228440
2011-02-24,86.13065338134766,88.61740022140228,85.57222980556767,87.29768723298375,20055540
2011-02-25,85.42163848876953,87.29768142209781,84.41146447050343,87.29768142209781,12619920
2011-02-28,85.84412384033203,88.71779271148728,85.12256636355538,86.33561266776863,21962720
2011-03-01,89.47281646728516,89.93294104428901,86.12647447493951,86.78737778434467,20501160
2011-03-03,91.73788452148438,92.95720519944665,89.09845803028583,89.30133028931958,25337640
2011-03-04,92.78778839111328,93.40058574066389,92.2962931312222,92.44269814740792,19709880
2011-03-07,90.90129089355469,92.19172046588851,89.97058696247132,92.19172046588851,12855680
2011-03-08,92.29629516601562,92.79825158535249,90.20483136091542,90.26757910465304,17971140
2011-03-09,92.27747344970703,93.64319906937386,91.81526173245308,92.44270087868853,18083980
2011-03-10,92.37577056884766,92.65184531923994,91.28611972819199,91.68977070531106,14940620
2011-03-11,91.45343017578125,92.73549843478077,90.97867021745459,91.27356736269701,13107900
2011-03-14,92.6413803100586,92.81914960533135,90.8531751488967,90.8531751488967,13082880
2011-03-15,91.38232421875,92.3464923277587,89.09635586878608,90.76952687101681,27602000
2011-03-16,91.34467315673828,92.23354519089087,91.12925266023751,91.85708429418828,11610680
2011-03-17,91.25056457519531,93.40477615499998,90.60849002860687,90.77789808864395,33521240
2011-03-18,89.9036636352539,91.86545778362462,89.60249870738053,91.18782552628731,9644240
2011-03-21,90.11908721923828,91.13344206149864,89.78445173293748,90.77789704319987,12318700
2011-03-22,89.9998779296875,90.89502424201248,89.60040755064564,90.31359752114683,9430540
2011-03-23,90.52691650390625,91.26729646112048,89.7258886932325,89.93294156275749,9314700
2011-03-24,91.72322845458984,91.97838727277751,90.7067801939895,91.14598245021504,8827620
2011-03-25,94.74539184570312,95.16159104762038,92.02439573835817,92.31719935736128,17802960
2011-03-28,96.07138061523438,96.70927445269322,94.74329996828988,94.74329996828988,21860620
2011-03-29,96.42276000976562,97.20287834289103,95.56525853349594,96.62563226354669,21636600
2011-03-30,97.94325256347656,98.88441132500634,96.45831829028708,96.83477924184245,22194840
2011-03-31,98.12519836425781,100.2187490414645,96.42065046175934,98.29878703086551,37863820
2011-04-01,97.61907196044922,98.92623682333686,97.16940852414406,98.4242867925162,8738580
2011-04-04,100.42372131347656,100.59940349753458,97.88050070030391,97.88050070030391,12644540
2011-04-05,100.21248626708984,100.8064612178042,99.05800055223332,100.39026196584923,16825320
2011-04-06,99.38426971435547,100.18111691869244,98.34063131123844,100.01380236624792,12939720
2011-04-07,98.49748992919922,99.47001931685844,97.86377665493757,99.34453021269316,13116320
2011-04-08,98.3991928100586,99.76282493277253,98.093834494637,98.46611480197356,15440340
2011-04-11,96.04210662841797,97.77802539855071,95.73048056707792,97.2614335886482,22416360
2011-04-13,99.09146118164062,99.70635202471951,95.16159907236973,95.34774240675027,18067780
2011-04-15,98.84677124023438,100.05563718540948,98.04783045479543,99.34454069694911,17181860
2011-04-18,96.700927734375,100.38399920663515,96.38930163665016,99.50349463799198,20706540
2011-04-19,98.19422912597656,98.66690200510911,97.23006734135734,97.88050954410444,14924860
2011-04-20,99.2169418334961,99.93012528316349,98.21512901174928,98.74008201954246,13096140
2011-04-21,100.83573913574219,101.09717209499208,99.63732815279008,99.63732815279008,32410700
2011-04-25,100.01380157470703,102.10735250052271,99.8046551944861,101.3523371315928,12645740
2011-04-26,98.71080780029297,100.30032141307527,97.90141240818598,99.82764859695475,12643700
2011-04-27,98.43476104736328,99.51186383110903,97.30746516539007,99.38638108554035,14295300
2011-04-28,97.78638458251953,99.09354941964358,97.4622102559691,98.84885173641281,26769640
2011-04-29,96.02119445800781,97.86796062538308,95.4125840899178,97.2530697383615,18625880
2011-05-02,95.79531860351562,96.86405995137049,94.61782343305573,96.45831545327778,14156740
2011-05-03,93.51563262939453,96.02538947706313,92.95302829209749,95.72839877505999,21480560
2011-05-04,94.59481048583984,95.58616220587436,92.35066770888996,93.86488533740521,26421220
2011-05-05,92.87982177734375,95.15324206947031,92.44270657776856,94.36058182802704,18698980
2011-05-06,96.0923080444336,97.04392153226468,93.07014026262452,93.07014026262452,21551460
2011-05-09,95.32264709472656,96.8347777798386,94.04894635593678,96.29099589374755,7797180
2011-05-10,93.96527862548828,95.28708518431323,93.0743130680144,95.28708518431323,13046440
2011-05-11,94.57808685302734,94.90644821583594,92.90282861608505,94.53416789844417,9821700
2011-05-12,93.70594024658203,94.73912381225453,93.4884262373245,94.11586533958842,9478860
2011-05-13,94.15978240966797,95.78903436649063,93.10568933441122,93.36293527631342,11646140
2011-05-16,94.2434310913086,94.78930636861446,93.54279594438758,93.90670854083156,12541240
2011-05-17,94.2183609008789,95.11769426198802,93.73942023424367,94.1995384905547,12223880
2011-05-18,94.84160614013672,95.27454066463066,93.82306432355492,94.45468407306687,13870960
2011-05-19,95.11140441894531,95.53805841445484,94.43795285822071,94.97336705005436,15022540
2011-05-20,96.86405944824219,97.04392227499794,94.34174818259926,94.95245843286436,23827740
2011-05-23,94.73076629638672,96.15714620650249,93.94646733472148,95.99819290782645,20092800
2011-05-24,94.33757019042969,95.89361984309691,94.0405858908218,94.28319008656854,9004880
2011-05-25,94.31455993652344,94.82696472339198,93.92136373206348,94.11586832810778,8314880
2011-05-26,94.70984649658203,95.24526072184213,93.69757877749213,94.3250179210914,19899900
2011-05-27,96.3600082397461,96.70927909935082,94.64082484281045,94.73912389088566,11662040
2011-05-30,96.52523803710938,97.36182358343335,96.09649049767482,96.37465238346542,7849500
2011-05-31,100.37144470214844,100.75417978714816,96.83477848445578,97.24889063404082,35393460
2011-06-01,100.31497192382812,100.68306520933882,99.33407489926023,99.97196879984303,13143340
2011-06-02,100.10714721679688,100.37858946333141,99.45823049505503,99.88448212526151,13445520
2011-06-03,99.95658111572266,100.55460442578982,99.606676062962,100.09229900022602,11977060
2011-06-06,100.99569702148438,101.36680981893865,99.47095306735103,99.47095306735103,11685600
2011-06-07,100.79425811767578,101.39652701580994,100.25561892668799,100.31075129804478,8126940
2011-06-08,99.89295959472656,100.60337681797814,99.59395440630436,99.9332523591765,10278780
2011-06-09,100.21317291259766,100.71364836458794,99.30977631225592,99.87175226494142,6459880
2011-06-10,100.19833374023438,100.7094098608765,98.8305218684577,100.43372865401432,8743820
2011-06-13,100.62882995605469,100.94268770140673,99.42218260424143,99.80390253318753,7835560
2011-06-14,101.04871368408203,101.7061147946236,100.32769582516603,100.85785696726509,12433200
2011-06-15,100.63729858398438,101.61279628735011,100.39130306075698,100.94267189063265,14077880
2011-06-16,99.3734130859375,100.60338443748878,99.16346485745679,100.26407998722475,8425300
2011-06-17,99.64059448242188,100.3531343647467,98.97683822270689,99.69149434867636,14213480
2011-06-20,97.5072250366211,100.15591424172199,96.35996213350982,99.33734215388041,15625700
2011-06-21,98.63328552246094,99.41580379952329,97.63446385311767,97.63446385311767,10157720
2011-06-22,98.51241302490234,99.57697414342545,98.07556081284395,98.9259347841672,6183160
2011-06-23,98.9810791015625,99.22283567380445,97.97377299394081,98.35548640394121,8267580
2011-06-24,101.07627868652344,101.36468322882227,99.31190092943403,99.62787488538947,16575460
2011-06-27,102.47590637207031,103.14178537893696,100.63094307075576,101.0699180349,20512380
2011-06-28,102.76854705810547,103.06331974155682,101.98391249864454,103.03787304375822,12193620
2011-06-29,105.5699234008789,105.98980685944998,103.27538455629849,103.27538455629849,20504880
2011-06-30,106.69173431396484,107.09041648547019,105.02067200978703,105.9898015549587,26841200
2011-07-01,106.08524322509766,108.05107838593597,105.09914480729903,107.72874274532656,13304840
2011-07-04,107.39791870117188,107.8135632038429,106.55814530590376,107.5166742733636,14323360
2011-07-05,107.77751922607422,108.23769546471415,106.64721206798042,106.96530874732717,10637280
2011-07-06,107.95353698730469,108.57700703763915,106.66842683580565,107.5166847032872,11785740
2011-07-07,108.82299041748047,109.21107199565103,107.48062526012937,107.98746241578434,14778040
2011-07-08,108.54094696044922,109.56521542871714,108.309797481517,108.83148069950079,15089360
2011-07-11,107.06497955322266,108.75089454644008,106.67265902009163,108.53458466208694,7945000
2011-07-12,105.17337799072266,106.45636546391087,104.34420512454986,106.45636546391087,14721800
2011-07-13,106.86776733398438,107.26008788976313,105.10126671102769,105.60810389032808,7441820
2011-07-14,107.29402160644531,108.85269028970987,105.77775546263678,107.11376551189876,9354344
2011-07-15,107.93021392822266,108.24831063125698,106.66842775084226,107.4000527564988,5490152
2011-07-18,109.22378540039062,110.04024124672107,107.728733712157,108.56639082477714,6209896
2011-07-19,108.33312225341797,110.06144617355812,107.80296114468214,109.74334950831663,17052664
2011-07-20,106.68963623046875,109.51009756657706,106.45636401895693,109.51009756657706,7408644
2011-07-21,105.24759674072266,107.07135252676579,104.86588327299711,107.050144784849,12881024
2011-07-22,106.36093139648438,107.52728597113973,105.78836121557904,106.03223405957728,12634120
2011-07-25,107.13495635986328,107.41063753979759,105.42783375582994,106.36091598602265,13370428
2011-07-26,105.639892578125,108.19527279590562,105.02490703671097,107.16675903487743,10581528
2011-07-27,106.46695709228516,106.86988473432248,104.33571190724747,105.89438694654201,11062712
2011-07-28,103.33899688720703,105.92618559040461,102.76642679405848,105.92618559040461,21417956
2011-07-29,103.23297119140625,103.89037227768875,102.02420771504168,103.89037227768875,11990668
2011-08-01,103.4874496459961,105.17336458034077,102.74522408501046,104.64320346535104,8809416
2011-08-02,102.39532470703125,103.46624762986688,101.79093970817523,103.46624762986688,7929976
2011-08-03,102.22566986083984,103.78434492865426,100.9426824727108,101.51525910062425,8330268
2011-08-04,101.03810119628906,103.6782994911824,100.7306051812691,102.66039280644883,7318424
2011-08-05,100.31710052490234,100.90027784984123,96.93467592327337,98.6099840351226,12624376
2011-08-08,97.99500274658203,101.79095584738516,97.13613767360292,98.18585949445695,17233492
2011-08-09,98.49335479736328,100.4231364756412,95.39721195442534,95.42902033353093,17963696
2011-08-10,101.76972198486328,104.92948080067285,100.39130314486576,104.92948080067285,13068904
2011-08-11,101.78032684326172,102.7876328964116,100.73060531498629,101.51524630295913,8409216
2011-08-12,99.25675201416016,103.06331105005638,98.41910141436152,102.8724543609689,11413552
2011-08-16,96.79682159423828,101.4516324273402,96.41510169805534,101.4516324273402,12222592
2011-08-17,99.14012908935547,100.18985069192009,96.68018020691729,96.71198857966611,12536804
2011-08-18,98.05860900878906,100.69881423214213,97.24215951015302,99.30978807947719,22888452
2011-08-19,97.72989654541016,98.29186600601425,95.42899612234393,96.48931830148108,17921036
2011-08-22,96.07579040527344,98.3872979413831,95.57744415665769,97.56024146135479,11908996
2011-08-23,97.42240142822266,98.07980247972264,94.43229156098872,96.99827255263466,16145092
2011-08-24,96.7013931274414,98.05860436822465,95.95916752229657,97.12552204466702,12742456
2011-08-25,94.08238983154297,97.42240484390099,93.45680360113315,97.42240484390099,23200840
2011-08-26,93.085693359375,95.54563581373249,92.49190901353184,94.15661624829649,8523824
2011-08-29,96.79682159423828,97.11491827187731,93.97636050282267,94.26264880703651,11600396
2011-08-30,100.08381652832031,100.73061049121821,97.29516392368255,97.96317209692624,15589296
2011-09-02,100.2640609741211,102.63918520387975,99.24615428804901,102.63918520387975,15190948
2011-09-05,99.72330474853516,100.51854641319652,98.11161368048282,99.6278731600985,11800716
2011-09-06,100.2640609741211,101.02749422452158,97.54963883013365,99.37339424173125,17860792
2011-09-07,103.5086669921875,103.90098754803216,100.27468389058498,100.94268566313458,14746572
2011-09-08,102.57556915283203,103.84795575482693,101.61067209663682,103.84795575482693,8164048
2011-09-09,100.35950469970703,102.99970978920088,99.81874292074741,102.61798988197027,10331416
2011-09-12,99.53245544433594,99.92477598907949,98.07981260120103,99.03410266975325,6985520
2011-09-13,99.18253326416016,100.90024991377084,98.39789231007947,99.88234327165395,7175952
2011-09-14,101.55768585205078,102.44835932403386,97.77233330366492,99.11894414776287,7749008
2011-09-15,102.77703094482422,103.49804875625914,100.0095925539883,103.04211149841744,8736760
2011-09-16,102.57556915283203,103.9115724962495,101.00628716635066,103.1163308700027,10947008
2011-09-19,102.7982406616211,103.2753856672707,101.1759489367511,102.1938556934596,8389220
2011-09-20,104.19786834716797,104.60078950607112,102.42712890305596,102.85125780120526,11835268
2011-09-21,104.86585998535156,105.5338616413747,103.57226567602687,104.49474723515061,12891396
2011-09-22,100.15804290771484,103.69952201510876,98.71600715344198,103.46624981235155,10191088
2011-09-23,96.78620910644531,99.67028678433053,95.95915908491396,99.36279075770162,32911224
2011-09-26,95.4502182006836,97.05130234305001,93.19173291414575,96.70139726570369,27785068
2011-09-27,97.00887298583984,97.95255578610634,96.29845587374967,97.125505829928,16022836
2011-09-28,97.1255111694336,98.68418606005022,95.8001084515101,98.05859338851315,15223752
2011-09-29,99.79753875732422,100.68820562939615,95.99097901297179,97.03009359956933,32532984
2011-09-30,99.17195892333984,100.68821875496349,98.48274932062958,98.79024542436282,19028800
2011-10-03,96.71199798583984,98.58876982087479,95.58805889477848,97.58146359846725,18136236
2011-10-04,95.19573211669922,96.70139103460302,93.41439199724262,95.95916544552165,14963192
2011-10-05,93.03268432617188,96.75441313592836,92.57674054445016,95.20634511443109,16534992
2011-10-07,95.42900848388672,97.54965311686198,94.62316611203364,96.00158512346756,18887004
2011-10-10,96.42570495605469,97.12551503025918,95.4396001173667,95.85312837047412,24125984
2011-10-11,97.01948547363281,98.58876110280208,96.5211327238558,97.6980942995028,9987516
2011-10-12,99.06591033935547,99.6490875993205,96.16063114545503,97.96317903989237,17935560
2011-10-13,99.80813598632812,100.98509761269439,99.16134197730872,100.73061767410339,11733404
2011-10-14,100.4973373413086,101.02749844404993,98.68418895861049,99.45822287427421,6670040
2011-10-17,101.37741088867188,101.89697139601788,100.1686473690714,101.06992130961889,7087264
2011-10-18,101.39862060546875,102.08783010285319,100.09442546629538,100.49734664735062,8109020
2011-10-19,104.30390930175781,104.887086585524,101.64249636009937,102.41653684136237,17378084
2011-10-20,103.81613159179688,104.42051646782129,101.9181589639038,103.48743433780251,11353704
2011-10-21,103.27538299560547,104.2932897259814,102.49074197349137,103.92217695340992,9161464
2011-10-24,102.71340942382812,105.39602320709467,102.41652051194953,104.49474936679255,9743092
2011-10-25,99.24617004394531,104.07063664330377,95.12151359339866,103.45565098651554,82630020
2011-10-28,102.35291290283203,104.86587811146994,101.73792724767989,103.0633301560655,18038448
2011-10-31,103.91159057617188,104.2827033996582,101.1865608350906,102.42713928222656,12851416
2011-11-01,102.27867889404297,104.54777103665995,101.79093326084538,102.87246322108052,13299516
2011-11-02,102.4483413696289,103.4874559237044,101.26077910567388,101.51525904498342,10111820
2011-11-03,102.18326568603516,102.81945909306035,100.11563711320328,102.00300959303921,10505636
2011-11-04,102.42713165283203,103.46624618685537,101.85455503628162,103.2117727241502,6803220
2011-11-08,102.69220733642578,103.3496084092733,101.47283677951417,102.42712678057543,8392808
2011-11-09,101.20774841308594,102.9996954210204,100.7942201891956,102.85124773252316,8604988
2011-11-11,98.40849304199219,101.45161881063328,98.10100351122806,100.86844164656833,9210036
2011-11-14,99.96717071533203,101.75911773226905,99.44761674636702,99.64907407126222,12228564
2011-11-15,100.1474380493164,101.32439317620005,99.64908528983023,99.81874073544974,11644292
2011-11-16,98.75841522216797,100.09441864506675,97.61326203489095,99.67028975250291,7117600
2011-11-17,97.41179656982422,99.67028144003105,96.82861939118574,98.21763880981119,10777368
2011-11-18,97.18913269042969,97.8889492429221,95.45020812201935,96.53173808736705,11720744
2011-11-21,94.29444122314453,96.70137363763017,93.30834298367823,96.70137363763017,10194036
2011-11-22,94.16720581054688,95.32295952134031,93.30834747361455,94.79279845614933,15218304
2011-11-23,90.36066436767578,93.67947174993348,87.83709868108815,93.67947174993348,25565636
2011-11-24,91.11349487304688,92.24804103994589,87.22211069805752,90.93323878587144,28885188
2011-11-25,91.3785629272461,92.22682065963491,88.86559810070565,90.71056125732848,18906468
2011-11-28,93.48861694335938,94.35808250935736,92.05718186196913,92.4601030349847,10891716
2011-11-29,92.29045867919922,94.48532073653362,91.65426527783991,94.15662340117557,14831024
2011-11-30,93.8385238647461,95.35478346449308,91.01806912596344,91.01806912596344,28214548
2011-12-01,96.17121887207031,99.0340886731132,95.31236052043457,97.32697260264993,13929784
2011-12-02,98.82203674316406,99.2249579162331,96.09700718240977,96.52113609547055,11237028
2011-12-05,98.0479965209961,99.12952647469659,97.12551489955469,98.33428481340111,8753228
2011-12-07,99.05530548095703,99.86114779895738,97.99498323532849,99.67029108908291,11172944
2011-12-08,96.22425079345703,99.1825526627268,95.66228125671556,99.03410494885826,12557000
2011-12-09,94.10359954833984,95.68348228718088,93.41439008685904,94.79280900982064,13606912
2011-12-12,91.62244415283203,95.63046748413782,90.40307355043953,95.02608249991764,12071156
2011-12-13,92.96904754638672,94.45349859995669,90.33944983154421,90.76357870399278,14925880
2011-12-14,92.1102066040039,94.10361138750747,91.24074095656358,93.09630512476797,24306724
2011-12-15,91.47401428222656,92.46011281492764,90.55153250452776,90.9756614623944,26960140
2011-12-16,88.07038116455078,93.4144089653196,86.94644194274923,92.05719750738147,29424820
2011-12-19,86.0981674194336,87.58261858183762,84.87879682174457,87.38115476397682,32341524
2011-12-20,87.83708953857422,89.4063650270199,85.67402976281609,86.09815862302806,19983568
2011-12-21,92.34347534179688,93.18112610885471,88.60053229765434,90.33946352699235,14986880
2011-12-22,93.91275024414062,94.32627207062437,90.93324060805955,91.50581725604492,13576068
2011-12-23,92.78880310058594,94.6867826311419,92.4601057719549,94.19903695542608,6855300
2011-12-26,94.0929946899414,94.45350035520624,92.68276098548885,93.09628923248809,4564760
2011-12-27,93.24474334716797,94.07179342639785,92.39648552812325,93.37197684266982,6294236
2011-12-28,93.26594543457031,93.94455428444465,91.83451035235812,93.83852205613265,7668340
2011-12-29,91.10289001464844,93.73248792918274,90.33945669192725,92.38587736255828,10930628
2011-12-30,90.51972198486328,92.03598167901514,89.51241573376807,91.99356619555452,7676416
2012-01-02,90.51972198486328,91.14530829989539,88.96104680725081,90.95445156771092,7029996
2012-01-03,93.12809753417969,93.49921030418973,91.18770920246584,91.48459812413525,6878476
2012-01-04,94.00817108154297,94.35808261250911,91.36797247821977,93.71128213645397,9742956
2012-01-05,94.08238983154297,94.72919027250762,93.3719726456869,94.1566136817118,6761212
2012-01-06,96.12881469726562,96.94526414194821,93.08569495061147,93.52042449393534,7954444
2012-01-09,96.63777160644531,96.93466053950378,94.5807438708021,95.83192282049421,8463936
2012-01-10,97.48603820800781,98.03740064564126,96.701397090308,97.54965495952123,8982772
2012-01-11,98.11162567138672,98.39791399999275,96.48933377154461,97.65568835559625,7719112
2012-01-12,98.95986938476562,99.47942985014662,97.80412207266498,97.91015429240043,7975444
2012-01-13,99.58545684814453,100.31707524294112,97.77230210272461,99.67028132514653,7381684
2012-01-16,97.65567016601562,99.21434502326453,97.17852519777776,98.9916734884045,6383420
2012-01-17,99.33098602294922,99.4582259859266,98.18583929953948,98.37669600815889,7322016
2012-01-18,102.19384765625,102.93607316222024,99.58545775251741,100.28526778375509,20137244
2012-01-19,103.23297119140625,103.96459612918238,101.85455227281433,103.0633222208723,16842176
2012-01-20,104.02821350097656,104.64320558417168,101.88636773040447,103.91158064199455,14390260
2012-01-23,102.63919830322266,103.43444002561333,101.98179718504096,103.06332722183102,7533728
2012-01-24,103.65709686279297,104.56897784818474,101.90756521288579,102.90427068090412,15063952
2012-01-25,103.95399475097656,104.54777261528666,103.01030537094421,103.964595384674,14819100
2012-01-27,102.68161010742188,106.88048366263367,101.71671296911812,106.85927592312382,14877636
2012-01-30,101.58946990966797,102.42712705709377,100.30648260456594,102.41652642350843,9975016
2012-01-31,104.35692596435547,104.97191162702347,101.75913623217156,102.5331702457896,10653848
2012-02-01,105.42784118652344,105.9686094230067,102.07722542822785,104.86587168216097,12020596
2012-02-02,105.58689880371094,106.03223548709555,104.18727200094246,105.82017101612135,22841708
2012-02-03,107.35763549804688,107.72874831211419,105.02492638105227,105.50207142771026,14915004
2012-02-06,107.66512298583984,109.42525531797489,106.03222414532449,108.15286862823099,17438624
2012-02-07,108.0044174194336,109.2980182780424,107.72873623428296,109.00112288271939,12075708
2012-02-08,107.82416534423828,109.80696264847398,106.61539546731898,108.30131032643911,13861148
2012-02-09,110.81429290771484,111.53531732665058,107.23040444243448,107.24101154959202,17361024
2012-02-10,109.74337005615234,111.47170077159029,109.00114436495132,110.86730922843613,11515172
2012-02-13,110.68704223632812,111.33383621997633,109.40405490285148,109.98723214019421,14614324
2012-02-14,109.82819366455078,111.07936626552792,109.22380216191148,110.80368504452537,13114828
2012-02-15,113.04096221923828,113.43328925155873,109.69034620935088,110.3795557312076,19379584
2012-02-16,111.64132690429688,114.05885375161506,110.96271810836352,112.60621751656193,8124264
2012-02-17,112.03364562988281,113.03035112718638,110.29471456232567,112.6592383420596,14219648
2012-02-21,112.8288803100586,113.13637633018615,110.37953866890702,111.54589306406358,14831136
2012-02-22,112.70164489746094,114.28152750345004,111.68373821323911,112.39414888259556,13923108
2012-02-23,113.06217193603516,113.65594983488333,111.80038581136564,111.80038581136564,17095748
2012-02-24,111.25961303710938,113.53930575509729,109.28740340079229,111.80037476758277,16380168
2012-02-27,109.3404312133789,112.70166069545708,108.60881917563736,111.73676998394482,15321292
2012-02-28,112.50019073486328,113.11518281727193,108.831478338219,110.11446567215411,14801148
2012-02-29,109.65850830078125,114.49358751509392,108.86326671203051,113.22120097309275,19988636
2012-03-01,109.00112915039062,110.76126152659307,107.15616581539338,109.63732251119058,12198492
2012-03-02,110.00843811035156,111.33384097915098,107.67572906126459,109.001131930064,8116696
2012-03-05,108.35433197021484,110.47497644387249,107.20917877708504,110.27351263019769,10051372
2012-03-06,107.60150146484375,110.48557930140727,106.7214352849006,108.11045485442708,11597188
2012-03-07,109.35102081298828,109.84936701107073,105.51264713402236,107.48485007727514,7577636
2012-03-09,110.95211791992188,111.75796020559234,110.19929174440585,110.69763800250324,9315044
2012-03-12,110.05085754394531,113.34845741129321,109.63732924534816,113.2424251779805,11217384
2012-03-13,111.20660400390625,111.86399862892047,110.34773261706941,110.90970859322351,11079428
2012-03-14,112.01245880126953,112.39417226935569,110.58102358840509,111.99124458763848,11721124
2012-03-15,108.32252502441406,112.39416529940983,107.95141221446318,111.97003637375168,14939196
2012-03-16,107.69693756103516,111.31264049563588,107.09255255426147,108.15287485677891,12810608
2012-03-19,105.78834533691406,108.16346314033075,104.99310370083175,108.16346314033075,15299768
2012-03-20,107.17737579345703,108.3331296783919,104.54777780823765,105.1839711823243,6324272
2012-03-21,109.35102081298828,109.81755217145495,106.66840078488141,106.66840078488141,12021572
2012-03-22,106.93350982666016,110.78248516436025,106.05344356367495,108.97993715538333,11280064
2012-03-23,108.99053955078125,110.00844644243844,106.23370137487437,108.04685004804314,8047164
2012-03-26,108.5027847290039,109.5312987023483,107.23039790961553,108.89510529265412,9832916
2012-03-27,110.02963256835938,110.65522527238768,108.57699629142445,109.21318962906952,11857352
2012-03-28,108.8844985961914,109.95542152088028,108.1634742613225,109.95542152088028,8699492
2012-03-29,108.174072265625,109.02232355493,107.09254232601376,107.72873564676236,16225116
2012-03-30,110.24169921875,111.0899570192394,108.09985344986897,108.57699846264427,11184976
2012-04-02,112.04425048828125,112.38356138493727,109.44646089444375,109.84938853941426,5530932
2012-04-03,112.43656921386719,113.75137133682618,111.97002485496091,113.03034706002684,12920812
2012-04-04,111.66254425048828,112.18210479141347,111.2066134053651,111.38686302776924,4175076
2012-04-09,110.6446533203125,111.60954421051792,110.27354044381887,111.0687823220195,5036740
2012-04-10,111.30201721191406,111.5458964975808,109.39343723381857,110.99453412570776,5834072
2012-04-11,111.64132690429688,112.5956168832508,109.65851662643868,110.66582271533449,7463248
2012-04-12,112.47898864746094,113.34844770884574,111.18538774574327,111.33383544835176,12103288
2012-04-13,112.25629425048828,114.03764053522652,111.10055352957184,113.7513587488937,9833428
2012-04-16,112.34114837646484,112.60622895309643,111.14297899273508,112.16089876171038,17396084
2012-04-17,112.44718933105469,113.64535880774146,110.50679418221571,112.81830216713077,15665808
2012-04-18,114.0164566040039,114.49360161601908,113.03035173515114,113.03035173515114,12000284
2012-04-19,117.49430084228516,117.8229981368639,113.92102019198563,114.5147980375773,16366676
2012-04-20,116.86871337890625,118.33196326328006,115.88262145107771,117.11259267409751,15725100
2012-04-23,115.64933013916016,117.90782146508108,115.21460065229154,117.04896312402153,8437648
2012-04-24,114.90713500976562,115.89324003370254,114.38758738079406,115.80840906309268,8760780
2012-04-25,115.92504119873047,116.5294197269658,114.09067845879454,115.36306520740564,10778388
2012-04-26,114.62083435058594,116.62484597647519,114.30273767801262,115.5751243683059,9338952
2012-04-27,114.75867462158203,115.78718195795675,113.28482420395282,114.93892421467501,4549020
2012-04-30,115.04496002197266,116.42337889781196,114.58901629337896,115.32064120846324,6039020
2012-05-02,116.61426544189453,116.847531197965,114.6632695918351,114.6632695918351,8978348
2012-05-03,117.49430084228516,118.33195797216321,115.67055182867084,115.6811524620341,13714548
2012-05-04,113.98465728759766,117.4201044308039,113.38027870073049,116.8899432341174,12351888
2012-05-07,112.87129211425781,113.35903771132574,109.51007609854301,112.79707474160735,16712688
2012-05-08,109.28741455078125,113.7513817994027,108.84208436104768,113.00915618758843,11283080
2012-05-09,108.71483612060547,110.82486686193775,107.17736251863157,108.93750118527937,15023992
2012-05-10,109.74337005615234,110.88852344278948,108.15288643215014,108.37555155083267,12084380
2012-05-11,108.26948547363281,110.27349680227418,107.77113927120723,108.8420619880139,8050084
2012-05-14,106.14884948730469,108.5345743616525,104.77043067101485,108.31190929539054,11034848
2012-05-15,105.84136199951172,106.97590803392781,105.18396094924036,105.18396094924036,8019464
2012-05-16,105.01432037353516,105.75654596369469,103.06332480500981,104.75984043966018,16960872
2012-05-17,105.565673828125,107.41063701307817,104.97189599501223,105.39602486771935,11618520
2012-05-18,106.14884948730469,106.85926663311574,103.69950787165143,103.86915682959456,9614416
2012-05-21,105.49147033691406,107.69693947092318,104.74924471198929,106.08524824817634,8542340
2012-05-22,103.7525405883789,107.0925559471259,103.26479490244581,106.83807599778189,11096812
2012-05-23,103.31780242919922,104.52656590884938,102.25748018124641,103.91158029937542,12695888
2012-05-24,105.9686050415039,106.6047983722193,102.85125513232121,104.54777068089558,11539244
2012-05-25,106.03224182128906,106.7002436504243,105.09915938760061,105.98982633588277,11194572
2012-05-28,107.88778686523438,108.28010738453752,106.0322229633753,106.28670288716472,12206852
2012-05-29,107.08193969726562,108.56639075135043,106.47755475947821,108.18467088299853,10573024
2012-05-30,106.17007446289062,107.17738068449621,105.30060885095543,106.04283448792798,10167280
2012-05-31,107.34703063964844,107.9196007900926,105.04612998862652,105.18397059123195,19039120
2012-06-01,103.99640655517578,107.54848614628379,103.9115820682343,106.88048441304099,11708748
2012-06-04,105.10974884033203,105.7141338487509,102.8618642585374,103.4874570074031,11360968
2012-06-05,106.35032653808594,107.07134440671726,105.70353252468732,106.03222984854031,10710712
2012-06-06,110.25230407714844,110.90969864318585,106.7744421928185,107.06073047218251,25091692
2012-06-07,114.0482406616211,114.40875275852697,110.90968988454051,111.16416977314375,19800492
2012-06-08,114.32392120361328,115.09796149744005,112.59560398354714,114.7056475061707,19322744
2012-06-11,114.92833709716797,116.40218768812244,114.17551085015003,114.74807453949008,13071884
2012-06-12,116.55062866210938,116.81570925217366,114.08008532874315,114.2603349526316,11253840
2012-06-13,114.88590240478516,117.14439371155501,114.47237418677845,116.84749833878472,8064732
2012-06-14,113.32723236083984,116.08406984846206,112.95611962212146,114.51478794738459,8642552
2012-06-15,116.11589813232422,116.5718419208568,113.4438909837099,113.45449161854805,9932224
2012-06-18,113.44387817382812,117.05957439574398,112.29872498608033,117.05957439574398,11237464
2012-06-19,113.7619857788086,114.30274758035348,111.60952626390134,113.41207423130952,11860736
2012-06-20,113.28483581542969,114.620839309359,112.0866664528798,113.87861370791079,9534472
2012-06-21,115.12980651855469,115.5115199777941,112.66985088816757,113.03036307765574,10652656
2012-06-22,115.4372787475586,115.59632708584037,113.47568257541668,113.47568257541668,6168816
2012-06-25,113.81500244140625,116.31736057242719,113.45449025751786,115.65996589969207,6374848
2012-06-26,115.24642944335938,116.21132011475889,113.73016342874084,114.0906755871173,5853128
2012-06-27,116.42337036132812,117.63214018326491,115.78717708066513,115.78717708066513,11937288
2012-06-28,118.16842651367188,119.06250464494461,117.03737047138058,117.82372897957794,12142440
2012-06-29,121.41080474853516,121.70165566887482,118.933253005386,118.9440223396126,12659172
2012-07-02,123.65138244628906,123.87759106967259,120.64600173742026,121.50775889268755,8201524
2012-07-03,124.0606689453125,124.95474696350482,123.16660407648656,124.07145142575074,8466800
2012-07-04,124.52388763427734,125.13788424262287,124.01761065191303,124.24381923659989,12810284
2012-07-05,125.83805084228516,126.03195141189651,123.9745093648749,124.50233811604605,8381528
2012-07-06,125.2779541015625,126.89374886641498,124.63163619562151,125.40721242300211,15741520
2012-07-09,124.55621337890625,125.33178945484833,122.60647755719131,124.9440014168773,7661160
2012-07-10,126.81834411621094,127.60468964003633,124.41619075784789,124.95478898623685,13543016
2012-07-11,126.46284484863281,127.92782917782328,126.05350499738205,126.44130618251175,12299444
2012-07-12,124.97633361816406,127.30308859530895,124.00685676081083,125.7950134838706,7583748
2012-07-13,126.47364044189453,127.41080930138747,125.48262490591853,126.03199249976113,9508572
2012-07-16,125.52571105957031,127.69087335424464,125.1810002963877,126.67830603328802,12850160
2012-07-17,125.65496063232422,126.8398766777212,124.65316271601326,126.46285793600397,8539356
2012-07-18,126.46284484863281,126.82909421827263,124.97630870395247,125.96733718352897,7117996
2012-07-19,126.97988891601562,127.28149595194462,126.15043998113462,126.80752701049366,4800448
2012-07-20,125.51490783691406,126.89372436308564,125.17021028005561,126.89372436308564,4168944
2012-07-23,123.44668579101562,124.95476048654287,123.02657663881662,124.39462371652273,6094528
2012-07-24,123.67291259765625,124.40541138893208,122.84347665258578,123.34975368668805,5305588
2012-07-25,124.1037826538086,125.12711913518608,123.59750565434834,123.75908509877637,8815704
2012-07-26,121.89554595947266,124.6854873561054,121.29231858572327,124.52390789084912,17705416
2012-07-27,125.9457778930664,126.82908669087495,121.64777545686698,123.23124865448067,13430872
2012-07-30,126.51668548583984,127.51848314662388,125.81650800124389,126.48436434218868,8466284
2012-07-31,126.62444305419922,127.10918145806471,124.92246739865648,127.10918145806471,8391408
2012-08-01,126.35515594482422,126.75371341056206,124.43774081651797,126.15048596942964,7870988
2012-08-02,125.49337768554688,126.93682345789837,124.37309082569035,126.35513478553347,6885460
2012-08-03,126.72138977050781,126.89373856823065,124.90092518664129,125.17022429226147,9951500
2012-08-06,129.31741333007812,129.69443202783347,127.75547872509176,127.78779987321825,12329176
2012-08-07,129.2851104736328,129.75907953345765,128.61725394572315,129.69445037742938,11228764
2012-08-08,129.02659606933594,129.69445260873562,128.12174842126132,129.26357402864016,8053116
2012-08-09,130.26535034179688,130.77162732953613,128.94039366841412,129.47899180403823,9873120
2012-08-10,129.7267608642578,130.75009739024208,129.18816269268714,129.26356117695929,15127420
2012-08-13,130.8685760498047,131.31022388583085,129.2635509950755,129.2635509950755,8421704
2012-08-14,131.0194091796875,131.20252731602892,129.9637514013045,130.78241807159606,11225568
2012-08-16,129.2743377685547,131.0194038320411,128.8003687210879,130.98708268018441,8143296
2012-08-17,128.2078857421875,129.74828155925908,127.49693888406507,128.96192307794078,7686156
2012-08-21,128.48797607421875,128.94039324691667,126.72137156527283,128.18635585950778,8340840
2012-08-22,128.595703125,129.3605098893658,127.40000467929895,128.0571049600425,9580860
2012-08-23,128.76806640625,130.24382028464487,128.24023751528816,129.13431582953194,9425048
2012-08-24,128.46644592285156,129.3497549009633,127.80935871860561,127.86321854107446,6708376
2012-08-27,128.0463104248047,129.0265695122552,127.55080278955762,128.1863511942599,4046724
2012-08-28,126.96912384033203,128.0894106329621,126.35512720318437,127.73394374017047,8895964
2012-08-29,126.79679107666016,128.3587259239499,126.30128334118722,126.94760120903123,6729628
2012-08-30,128.3802490234375,129.69442313432057,126.24739527692998,126.24739527692998,22716404
2012-08-31,128.26174926757812,129.2635470167048,126.9475751326555,127.18455304243892,12506740
2012-09-03,127.20613098144531,128.78960449785768,126.67830209285097,128.7357446755393,7437816
2012-09-04,127.13069915771484,127.61543748162484,126.50593320762978,127.22764945237056,5772588
2012-09-05,127.56156921386719,128.4017875127075,126.53823282009981,126.67827358636244,12158472
2012-09-06,126.71060943603516,127.86320424828124,126.26894842166364,127.13070548483655,5097452
2012-09-07,127.19535064697266,128.1863660321795,126.18278344507985,128.02478657919775,11205148
2012-09-10,127.35694885253906,128.61726351162295,126.96914758878573,127.43234734861807,6034892
2012-09-11,128.05709838867188,128.61723519173603,125.67648410222779,126.83986133858389,6311544
2012-09-12,129.09121704101562,129.26356583225132,127.94939150603804,128.24022926941265,6391016
2012-09-13,129.09121704101562,129.58672474683195,127.87397986968062,129.4790051086384,3399760
2012-09-14,132.01043701171875,132.44131563109605,129.4682557872671,130.6854799973848,25771220
2012-09-17,131.05169677734375,133.56156936915448,130.4484694904984,133.3568994461082,21086848
2012-09-18,130.43771362304688,131.84883826545843,130.0930028882864,131.05171030620173,10039176
2012-09-20,130.7500762939453,131.41793265918773,129.47897955438003,129.69441878824756,10491328
2012-09-21,134.68186950683594,135.51130546495773,130.3623014760961,131.13789076424564,23602848
2012-09-24,136.80393981933594,137.21327970216535,134.17557803072827,134.75726670392854,17574880
2012-09-25,137.21328735351562,137.64416592815454,134.89731501483138,136.37306887322148,11686144
2012-09-26,135.88832092285156,137.14863540531326,134.46642698626042,136.77161667901126,10730508
2012-09-27,135.89907836914062,137.2348043696451,134.6926238102538,136.37304735633492,15861744
2012-09-28,135.5436248779297,136.65312925252724,134.88652457088645,136.13608288309538,11007688
2012-10-01,134.1863555908203,136.15763034046614,133.57235887830538,135.51131247492594,8054784
2012-10-03,133.453857421875,135.03733078464916,133.1306985193195,134.4341034630861,11032228
2012-10-04,136.0067901611328,136.56694007713807,133.88471889784583,133.89548823001815,12652064
2012-10-05,134.08941650390625,137.59030489194862,108.80760847048265,137.45026409667875,14947024
2012-10-08,133.72315979003906,134.41256809562194,132.82908154460617,134.41256809562194,9290672
2012-10-09,134.81112670898438,135.8344632681017,134.0032294254707,134.6387779183754,4310768
2012-10-10,133.1306915283203,134.43409640364214,132.75367282847034,134.43409640364214,4295016
2012-10-11,134.61721801757812,135.25276647231888,133.23841462613228,133.82010326520637,9812932
2012-10-12,135.9744873046875,136.80392315382562,134.86496991227534,135.7267269085199,15506408
2012-10-15,136.62083435058594,136.78241382203296,134.132499970805,136.24381558387623,7572068
2012-10-16,135.81292724609375,136.91166231332915,135.3174063830561,136.85780249337898,7273836
2012-10-17,135.3174285888672,136.26536683529642,134.9727309443687,136.1576471777191,6433772
2012-10-18,137.06246948242188,137.4287188800565,134.53105799937026,135.72674334659726,5618460
2012-10-19,135.40359497070312,136.80395036817262,135.08043603282556,136.15763249241746,9055400
2012-10-22,137.66567993164062,137.88111918035995,134.69262092918777,134.69262092918777,8241404
2012-10-23,136.61004638671875,137.77342379422112,136.26534878787314,137.67647348536752,8332960
2012-10-25,137.31021118164062,138.09656976375607,135.5112985669307,136.29765714904613,17011340
2012-10-29,138.0103759765625,138.41971580444738,136.92241041217548,137.41791804899484,5512328
2012-10-30,136.51309204101562,138.91523189480336,135.8559917800499,137.24557763368944,8834904
2012-10-31,136.63157653808594,136.99782589713647,135.73749838064214,136.61002472321917,7492968
2012-11-01,135.4251251220703,136.95475188810167,135.18814717561406,136.3192033870435,7058460
2012-11-02,135.79135131835938,137.45023610815898,135.2958436926706,137.45023610815898,5432772
2012-11-05,136.80393981933594,137.01937909464198,135.88832289928527,136.15762199341782,4022128
2012-11-06,137.78416442871094,138.13964443733877,136.57770993468105,136.57770993468105,7278084
2012-11-07,137.8918914794922,138.95831841346927,137.2132657210475,137.8272623333596,8200660
2012-11-08,137.66567993164062,138.09655842907927,136.91164256112305,137.12708180984237,3867800
2012-11-09,137.7410888671875,138.527447444466,136.80393332385054,137.50411093535055,4420776
2012-11-12,140.3155975341797,140.85419572304832,137.288678342612,137.288678342612,9657456
2012-11-15,139.22764587402344,139.47540632565605,137.6657109686669,139.38922534699137,9442340
2012-11-16,138.36587524414062,139.73390938929776,137.91345802352626,138.52745470141286,12102824
2012-11-19,139.33535766601562,139.58311810367786,137.7626535143483,137.827282670017,5787948
2012-11-20,140.86497497558594,141.30663604105246,139.65852020731884,139.84163834468,9353388
2012-11-21,142.987060546875,143.37484864210344,139.9709104627436,141.1450572325118,12929784
2012-11-22,144.15040588378906,144.5920668932623,143.0516709001769,143.65489820783395,8440964
2012-11-23,144.2904510498047,144.90444770941775,141.98524823145314,144.2365912323169,5249712
2012-11-26,142.59925842285156,145.14143918521913,142.21145721640383,144.99062906597496,5481536
2012-11-27,146.60641479492188,147.31736171511903,143.24556763615243,143.24556763615243,16502672
2012-11-29,150.77516174316406,151.61538012188194,145.50768232449937,145.9600995134281,25199452
2012-11-30,151.65847778320312,151.99240602411217,148.56691634794564,151.02292930248424,15639292
2012-12-03,147.99598693847656,151.05522674308207,147.36043855751436,150.8074663600293,11636340
2012-12-04,147.60821533203125,148.65309049095194,146.7249064699274,147.3819935878759,8679488
2012-12-05,149.21322631835938,149.73028580246077,148.00677172128135,148.43765024157622,9219860
2012-12-06,149.6764373779297,150.4843346649642,146.67105684028726,149.90264598842538,10904552
2012-12-07,149.32095336914062,150.3766110560729,148.2222183475332,149.7841530612245,7936632
2012-12-10,149.2994384765625,150.05347604462597,148.57772206402188,148.65312056107956,8324104
2012-12-11,148.8362274169922,150.5920628805697,147.85598128276533,149.78416554751942,13500552
2012-12-12,149.48255920410156,149.94575897793445,148.3299641613619,148.92242226077184,7736504
2012-12-13,148.8793182373047,149.94574534918814,148.43767032412447,149.48254561745603,6283232
2012-12-14,148.3837890625,149.6010261308909,147.65129032498479,148.66385746824332,8373892
2012-12-17,145.74468994140625,148.20070327999014,145.11991069669074,148.20070327999014,12230212
2012-12-18,145.6261749267578,146.97267034336485,144.29044884360977,146.05705346007207,13375072
2012-12-19,148.22222900390625,148.49152811183487,145.3137986382773,145.32456797272033,16489012
2012-12-20,147.231201171875,148.00677727777497,146.55256221718548,147.7913380095395,10260748
2012-12-21,145.636962890625,146.9295986559264,145.21685363702784,146.7141593617095,11086244
2012-12-24,145.65846252441406,146.53100195165223,144.73207643742333,146.49868080643324,5482252
2012-12-26,146.56333923339844,147.54358532537933,145.01217379091887,146.0893701885616,5723216
2012-12-27,146.52024841308594,147.36046686107693,145.78776275398332,147.36046686107693,9858168
2012-12-28,145.99241638183594,147.14501113611223,145.23837898948398,146.73567129194515,7024264
2012-12-31,146.19708251953125,146.49870275554045,145.20606714299154,145.852384949266,5107288
2013-01-01,147.46815490722656,147.59741318720842,146.42327988749932,146.95109548856462,4029212
2013-01-02,148.08216857910156,148.6530878719806,147.15578240049777,148.63154920594954,9709596
2013-01-03,147.22042846679688,148.6531049554636,146.58489310278785,148.6531049554636,9142732
2013-01-04,146.358642578125,147.57587954506863,144.9475181846114,147.57587954506863,10884508
2013-01-07,143.95652770996094,147.29583650783783,143.4825586700657,147.29583650783783,11004568
2013-01-08,144.39816284179688,145.07680176503064,143.41791684663494,143.91342451073527,9885196
2013-01-09,143.8057098388672,144.8936755006582,143.49332027376283,144.77518653441012,12871964
2013-01-10,145.59385681152344,146.0678258379216,143.59027421972675,144.23659203316888,9130368
2013-01-11,144.19349670410156,145.83084299942783,143.63335987768704,145.83084299942783,10283428
2013-01-14,144.19349670410156,144.4520264506656,143.71952769362898,143.94574944022824,11389748
2013-01-15,143.97804260253906,145.51843844048722,143.26709573478138,144.51664070680516,8263376
2013-01-16,142.29763793945312,144.17196221970286,141.67285879624671,143.38560362387784,9150756
2013-01-17,143.65489196777344,144.52741831678466,140.90804147869125,141.69440001570533,12844144
2013-01-18,142.80392456054688,145.20607784397504,141.17736059142686,144.34432070543514,20224692
2013-01-21,141.8775177001953,142.92240596883218,141.0588511671288,142.1899072475067,10854720
2013-01-22,140.84341430664062,142.40534892036627,139.50768828296012,141.86675077770226,8486128
2013-01-23,141.4574432373047,142.83626005718304,140.9727047981966,141.54362421956148,7079740
2013-01-24,142.2545623779297,142.78239127505984,141.16659657937828,141.24199507209508,6147960
2013-01-25,143.2778778076172,143.69798699617544,141.23120482941079,142.254541318514,5589732
2013-01-28,144.41970825195312,144.7751883044126,143.14862445854496,143.32097324331917,7368020
2013-01-29,140.56333923339844,144.5381959675483,140.0355104487564,144.5058748207744,11961748
2013-01-30,141.46820068359375,141.84521940283798,138.7428886818805,140.68184209513657,10039632
2013-01-31,138.53822326660156,141.73750439246118,137.9026747749834,141.45742281524753,13888384
2013-02-01,137.91343688964844,138.9259908138947,137.06244924854607,138.91522148160084,10484144
2013-02-04,139.36767578125,139.92781265066552,137.88113948641404,138.12889991867675,10475800
2013-02-05,138.7752227783203,139.4323099775724,137.09478581056663,137.09478581056663,7460020
2013-02-06,137.77340698242188,139.36766276862747,137.27789931353166,139.3030204710327,9873588
2013-02-07,138.20428466796875,138.52744355651427,136.70697918783407,137.0839978911372,9082836
2013-02-08,140.04627990722656,140.76800927442497,137.98883772788656,137.98883772788656,18826656
2013-02-11,141.5328369140625,142.179154750812,140.0355312957189,140.0355312957189,15167060
2013-02-12,143.31021118164062,143.6979992544022,141.2527686947537,141.2527686947537,15832836
2013-02-13,143.09478759765625,143.7841959967219,142.08222024428213,142.90088696532257,14508832
2013-02-14,145.37841796875,146.15400723678766,142.62079791981185,143.05167646337623,17684152
2013-02-15,145.7985076904297,146.67103399464733,143.9565047927773,144.71054214322652,12488780
2013-02-18,145.636962890625,146.6926206920362,145.2060843021912,146.0678414790588,9469164
2013-02-19,145.37841796875,145.93856796500546,144.67824033545787,145.31378881708926,2374812
2013-02-20,145.8415985107422,146.67103433843332,145.39995069146033,145.96008746478836,6861684
2013-02-21,143.5364227294922,145.94934533620724,143.06245367559578,145.42151646139922,10871872
2013-02-22,142.03907775878906,143.5687041388679,141.66205911677457,142.66385676815977,7708384
2013-02-25,141.4251251220703,143.3102189171906,140.91883489890125,142.89010967011822,7552944
2013-02-26,140.3048553466797,142.83626732414376,139.04454060062739,141.0696622929752,11742640
2013-02-27,138.47357177734375,140.89726323202305,138.07501444232133,140.5310138934424,12871336
2013-02-28,134.7249298095703,141.10193950306402,133.43229430878532,139.37842550201734,27887004
2013-03-01,134.11093139648438,135.64054479202233,132.7752054338265,134.64952951454254,17220728
2013-03-04,135.22048950195312,135.79139578940604,133.1414948803987,133.64777200409478,11969800
2013-03-05,136.36228942871094,136.7393081535675,134.25098719938808,135.9206415523243,10557580
2013-03-06,135.8344268798828,137.26710293860035,135.51126805304725,136.79313402936825,10933316
2013-03-07,138.2689208984375,138.5166813187611,135.11274348159338,135.37126008617687,5950984
2013-03-08,141.60824584960938,142.18993457547415,138.61364754135457,138.78599634732944,10596860
2013-03-11,141.1665802001953,142.12528757160428,140.08938386139184,141.60822806923085,8504584
2013-03-12,138.7428741455078,141.26351594852187,137.90265582804713,140.68182735561584,6895724
2013-03-13,136.7823944091797,139.15222632073073,136.2007057646524,138.1073379973799,7913372
2013-03-14,139.8739471435547,140.78956404822947,132.57055057357735,136.78239885457705,31914436
2013-03-15,137.75186157226562,140.01397369500796,136.54539388384876,138.95831611131422,15439608
2013-03-18,138.5920867919922,140.89728972781052,135.72674698550554,136.37306482829368,17561924
2013-03-19,136.06065368652344,138.69978445982068,134.43409000305877,138.52743569225447,20028460
2013-03-20,134.7572479248047,136.4699925546818,133.7877713210291,136.1576030191472,11336436
2013-03-21,130.7716522216797,135.4682262284325,130.0714745120908,134.1432824522177,14452588
2013-03-22,130.39462280273438,132.40897478909224,129.82370345719167,131.2025200939533,29525900
2013-03-25,131.28866577148438,132.13964016997838,130.89009532533888,131.63336326332754,27198976
2013-03-26,132.38742065429688,133.03373841176293,129.8129189571834,130.55618700814304,13274404
2013-03-28,134.7249298095703,135.9744879798238,130.76085549678393,132.81829770565975,19496092
2013-04-01,134.4017791748047,135.51129664075245,133.78778253403382,134.57414110497183,6708772
2013-04-02,135.70518493652344,136.6531097196727,133.1199140107871,134.64952738210062,6857420
2013-04-03,134.3586883544922,136.08220228820173,133.46461024163324,135.29584379619965,6703616
2013-04-04,132.742919921875,134.30485472882205,132.16123122596548,133.3138261341024,8181984
2013-04-05,133.7769775390625,134.95112384113963,132.1504141643227,132.48434230360854,12959920
2013-04-08,134.53106689453125,135.5005436968228,133.0876210256897,133.34615080284158,8652128
2013-04-09,133.7016143798828,135.31740900975265,133.01221919063462,135.31740900975265,14760408
2013-04-10,136.15765380859375,136.51313395565967,133.3461732387814,135.03736668535734,15144504
2013-04-11,137.71957397460938,138.31203205584546,136.13610036269057,136.26535868430258,25066068
2013-04-12,138.67823791503906,139.14142437971896,137.04089184277572,137.04089184277572,15206080
2013-04-15,138.2150421142578,138.62438193095892,136.8039177188425,138.33353106666044,15923768
2013-04-16,142.91165161132812,143.4502498508362,138.38742639946017,138.5274672014807,13740312
2013-04-17,142.21144104003906,144.7428521808094,141.50049415803676,143.26709860529903,14956948
2013-04-18,145.11988830566406,145.50768951461603,140.89728383577702,140.89728383577702,9223784
2013-04-22,150.4412384033203,151.23836632579454,145.3568769318875,145.3568769318875,19860152
2013-04-23,148.43765258789062,150.80748448697162,146.24016946977807,150.5489547408344,23863560
2013-04-25,148.55612182617188,149.73026828649338,146.50944909419823,149.15934905414326,25895124
2013-04-26,148.45919799804688,149.1378369688121,147.14502369042782,148.14682157120131,8568744
2013-04-29,149.76260375976562,150.12883997471656,147.89904893945547,148.27606763667913,11675432
2013-04-30,146.99423217773438,149.93498389083754,145.80931602436803,149.51487462476976,12552272
2013-05-02,149.1916961669922,149.51485507565715,146.9942129581965,147.44664331994923,12303268
2013-05-03,146.70335388183594,149.51483334879492,146.20784625709533,149.21321315145659,12286584
2013-05-06,145.52923583984375,146.34790248634482,144.3335504476436,146.2832733312419,7673460
2013-05-07,148.2329864501953,148.63155698758695,144.8829084461108,145.70157503868333,11098464
2013-05-08,150.1934814453125,150.6997584333397,147.89904812650136,148.43764626243183,8653956
2013-05-09,148.6638641357422,150.69976784660304,148.2653067500057,150.60281754620598,4523360
2013-05-10,151.5292205810547,151.86316200273836,148.36227351206793,148.37304284678046,13913256
2013-05-13,149.2455596923828,153.27427681702054,148.82545047080887,151.88469084536973,9593972
2013-05-14,148.4484100341797,149.70873751466434,147.59742238141513,148.6638492804812,6653676
2013-05-15,154.0067596435547,154.2545200682166,148.94393670835484,149.40713640685507,14173480
2013-05-16,155.71951293945312,155.97804271194371,153.17733200026515,153.39277128577888,11660616
2013-05-17,154.87930297851562,155.65487912339628,152.78953934172543,155.65487912339628,12819852
2013-05-20,153.93133544921875,155.97800820886548,153.42505850000052,155.0085316385065,5841608
2013-05-21,152.48789978027344,154.68538277830692,151.89544183787743,153.82362577118542,9206500
2013-05-22,151.55075073242188,153.39275378351587,150.3766041304692,152.4232771093223,5412112
2013-05-23,150.50584411621094,152.19704999838973,149.57945803678493,150.59202506984622,7905248
2013-05-24,151.09829711914062,152.04623498096495,149.57945319341243,152.04623498096495,8264240
2013-05-27,154.04981994628906,154.46992907783863,150.5058419561221,150.5058419561221,8995208
2013-05-28,153.67283630371094,155.28863090906896,152.2724809790673,153.87750625026365,6707916
2013-05-29,154.24375915527344,154.7823573692737,151.63693590988981,152.9726621104846,4933492
2013-05-30,156.2257843017578,156.6889708201077,152.98341292646427,152.98341292646427,15357456
2013-05-31,150.91519165039062,155.26706704448677,150.31196439215418,154.5237990167633,12332896
2013-06-03,148.47000122070312,151.1091326877592,147.90985114215403,150.37663379633787,7890124
2013-06-04,147.15579223632812,149.47176441232062,146.7141443582221,148.07140914311586,5616324
2013-06-05,148.2114715576172,149.60105769586266,146.1755675085014,146.92960507118343,7563676
2013-06-06,146.97268676757812,148.5238522907262,146.0678391166275,147.2527552156562,7116412
2013-06-07,145.66928100585938,149.3856087535787,145.0337324713028,146.8757357685591,9556224
2013-06-10,145.7123565673828,148.0067902346995,144.6674812847172,146.7249238466064,6368012
2013-06-11,143.24559020996094,146.69261887472769,142.6639014929074,145.0875935228215,11820860
2013-06-12,143.04090881347656,145.076812585658,141.85599280472618,142.620799598682,9815652
2013-06-13,142.31312561035156,143.59483977129565,141.93295772896008,142.85622258376796,7149736
2013-06-14,144.4746856689453,145.21330301727212,143.22556235814986,143.81210986897332,14965212
2013-06-17,144.9743194580078,145.3762192256372,142.80193128446035,144.59415152763702,13070908
2013-06-18,142.82366943359375,145.11553640613087,142.29143165571216,145.11553640613087,12446568
2013-06-19,144.50726318359375,144.81138957074126,141.824355848084,142.53038200071208,9646956
2013-06-20,138.2942352294922,143.1277992443573,137.85975756523464,143.1277992443573,15138044
2013-06-21,138.00099182128906,139.5868329164689,136.88220633991247,138.33770941710264,17899844
2013-06-24,135.8502960205078,137.69682606169374,135.50271919879046,137.25148911536652,10768052
2013-06-25,137.72940063476562,140.42316708650898,135.20943583219608,135.99149021666133,18686432
2013-06-26,135.30723571777344,138.52238185876476,134.68811019234724,137.18635739752787,10476020
2013-06-27,140.44493103027344,141.79181469122219,135.19860695724572,137.72944512481573,27003560
2013-06-28,145.44137573242188,146.245161939468,141.0096989351758,141.09659975833907,21082680
2013-07-01,145.27845764160156,146.41896142121786,144.38778380310703,145.3327673453928,9838684
2013-07-02,142.62815856933594,145.2784750843992,142.1393711765286,145.26761579417814,9183152
2013-07-03,141.34645080566406,142.22626542006896,139.81490643853752,142.07419558640746,13386260
2013-07-04,142.32398986816406,142.8236364027668,140.2710807763718,142.0307095640779,9591060
2013-07-05,145.06121826171875,146.1474123333153,143.05175922926514,143.39933602849405,9543496
2013-07-08,143.47537231445312,144.99604395899593,141.80263085361517,144.2465674252018,7169296
2013-07-09,145.61514282226562,146.3646192200193,143.85551411380226,143.85551411380226,7040192
2013-07-10,143.2255401611328,145.96275703436123,142.5412458872289,145.60430770574183,7138580
2013-07-11,148.4284210205078,149.1778975874908,144.69191073375612,144.89829026078115,10599568
2013-07-12,151.14390563964844,151.56752398102924,148.11342151648427,149.24306600709807,15634852
2013-07-15,151.0787353515625,151.64355096242403,148.59134828759727,150.112019980599,8511888
2013-07-16,147.4400177001953,148.70000044290282,145.53917766531526,147.50518670669248,11647384
2013-07-17,144.00762939453125,147.89619659548086,140.7490468611737,147.24448008880935,22633988
2013-07-18,148.61306762695312,149.56892371399252,142.71504177153219,145.5282870698455,13663880
2013-07-19,147.722412109375,150.31841891519724,146.23433134989702,149.47118213029907,12458420
2013-07-22,148.167724609375,149.24305934822272,146.85343248820752,146.85343248820752,6460432
2013-07-23,148.50445556640625,149.89478935102557,147.95049921412402,149.43859312190034,7414784
2013-07-24,143.3667449951172,146.85342499288564,141.9655521196017,146.4189474041493,14628748
2013-07-25,142.04159545898438,144.68105239418193,141.23782244193637,143.51883002472755,16267256
2013-07-26,139.92352294921875,142.56297999684259,138.59837141026372,142.50867029017712,9356492
2013-07-29,137.40353393554688,139.68454121827136,136.78440869106015,139.68454121827136,14922224
2013-07-30,135.8502960205078,137.9466560180071,134.70979217154004,137.02339099741414,14691084
2013-07-31,132.46136474609375,135.07908976164177,131.8422394396463,134.90530136502537,26824520
2013-08-01,137.33839416503906,138.55492633758863,133.03706788305982,133.36292613562196,23446608
2013-08-02,137.13201904296875,137.90321428039877,136.1761628342737,136.8604704904084,20015848
2013-08-05,137.44700622558594,138.04441298997315,133.60187639932522,137.19717627497815,13598372
2013-08-06,132.22242736816406,137.15373850706288,131.75535855106867,137.07771021553887,19645180
2013-08-07,130.60397338867188,133.46065574450867,130.343284168494,132.50481294946243,22756456
2013-08-08,132.62428283691406,134.14495438459366,130.34327551539465,131.21223068549727,20461448
2013-08-12,130.82122802734375,132.6894766895021,130.05003282119256,132.52654756457412,15700868
2013-08-13,134.7966766357422,135.7308008324649,129.94139471491326,131.17964527890157,14702392
2013-08-14,134.98130798339844,135.48096777489232,132.22238613925026,135.12251849129063,14303708
2013-08-16,127.71471405029297,135.1225528838098,127.06299755728425,133.38464223578652,28059568
2013-08-19,127.01953887939453,127.86676230968891,123.89129461269424,127.51918550636893,20018440
2013-08-20,127.03038787841797,128.14917299838663,123.06577979157551,124.9014502973242,25726984
2013-08-21,128.89866638183594,134.54687648350188,128.17092153780416,131.64674313882935,28908596
2013-08-22,127.88849639892578,131.14707870945114,123.82612779996312,127.95366539329522,30250692
2013-08-23,131.9834442138672,132.33103428606424,127.8015968726362,128.60538316928535,20698444
2013-08-26,132.79811096191406,135.29635782361566,130.89727095844546,133.02620911048876,14607608
2013-08-27,122.0665054321289,130.34329965664332,120.66531230897877,129.7567521563472,54708372
2013-08-28,122.0773696899414,124.2606173961976,114.70210836572086,120.7196269299305,37067552
2013-08-29,124.27145385742188,126.54160198696886,123.39163936240053,123.39163936240053,40771004
2013-08-30,129.0398406982422,130.34327343256788,123.96732027750613,124.04334854999377,36616916
2013-09-02,128.06228637695312,131.28827760032394,126.5416146133591,129.90881637560298,19515716
2013-09-03,122.20770263671875,129.66986449262822,121.01288905732656,129.66986449262822,18140008
2013-09-04,122.5335464477539,125.31420052576817,121.46908424887893,123.27216369530349,20941800
2013-09-05,132.40707397460938,135.31807975615877,126.86748351299734,126.86748351299734,33246248
2013-09-06,133.862548828125,134.68805360158424,127.46486363020897,132.73290443639996,18997216
2013-09-10,138.59837341308594,139.25008990248918,134.34049765266724,134.807553181216,20298836
2013-09-11,140.6078338623047,141.20524064966867,135.89374856108222,137.5121805096004,12690392
2013-09-12,137.7185516357422,140.33627674674682,136.33907718278587,139.57594088201986,17676536
2013-09-13,136.68666076660156,137.8380237981812,134.90529988758163,137.3926868932274,15503120
2013-09-16,139.64112854003906,140.96629346549244,136.64323509597514,138.4897652999748,12139216
2013-09-17,139.52162170410156,140.1190284143955,137.64250074804073,138.59835678819275,8432088
2013-09-18,141.31385803222656,142.26971418193781,137.1102920016682,139.814904810908,10989616
2013-09-19,148.41757202148438,149.87307484132413,146.91861878359452,147.72240511030057,29280904
2013-09-20,143.17123413085938,149.12358278913646,138.0009531389278,148.26548684347614,24726152
2013-09-23,139.4564666748047,141.71574250437175,137.5338951136995,141.42247539364323,13985240
2013-09-24,138.69610595703125,139.97780684245316,136.84957627092564,137.52301120570638,18175188
2013-09-25,134.8184051513672,139.40215216683478,133.21084585363963,138.5983658883684,20980920
2013-09-26,134.9379119873047,135.9915150671293,134.25360433144715,134.98134914833142,22582440
2013-09-27,132.27670288085938,135.55700326516524,131.42946630677076,135.1225256905974,16408692
2013-09-30,128.83346557617188,133.13479109381873,127.67124331890601,131.6467106418947,17062428
2013-10-01,132.8741455078125,133.47155233452935,128.02970863288857,130.08261838017512,12997108
2013-10-03,138.2073211669922,138.8155871285473,132.51566220409055,133.66702514189194,9772912
2013-10-04,139.13058471679688,140.64039694838843,137.94663066788536,138.05525006211204,13628376
2013-10-07,137.79458618164062,138.63096362637887,134.30790563818402,138.27251425589023,9922000
2013-10-08,137.43614196777344,142.19366407301638,135.94804812566377,141.31384952183905,11768148
2013-10-09,141.02056884765625,141.40073673828547,135.33976906400102,135.81769706406138,8668760
2013-10-10,139.2609100341797,140.9879608973201,137.5881688632185,140.9879608973201,8345284
2013-10-11,143.66004943847656,144.1922872749865,138.89165400970714,140.61870552608514,13390264
2013-10-14,145.0069122314453,145.39793945528456,140.9119657814754,142.84538332237148,12375720
2013-10-15,141.7374725341797,146.63620533462878,140.4666174657563,146.20172768919284,16143324
2013-10-17,142.1176300048828,143.36675314349483,139.58679260296967,141.85694078498375,14551588
2013-10-18,146.98379516601562,147.62465240163706,142.3457511938661,142.3457511938661,21281184
2013-10-21,145.82156372070312,147.46171422505014,143.93158325974446,146.41897049944717,11225424
2013-10-22,145.33277893066406,146.4081138032927,144.50727401907253,145.76725659562868,8758096
2013-10-23,143.42108154296875,145.3327806394491,142.03074769505236,145.3327806394491,13544956
2013-10-24,145.39793395996094,146.79912694669824,142.5521108315278,142.5521108315278,12321928
2013-10-25,146.1039581298828,146.6253365744109,144.06192128375784,144.51811747831644,8946872
2013-10-28,145.0937957763672,146.63618590966138,144.5506987915166,146.2017083217809,8382088
2013-10-29,149.13446044921875,149.67755753752618,142.41091584413158,145.11554199574383,15222916
2013-10-30,147.5811767578125,149.35167832086157,146.79912236410502,149.02582011361605,10188672
2013-10-31,147.8961944580078,148.81945949578227,146.2886350536418,146.89690113256964,18195556
2013-11-01,148.54788208007812,149.46028765071682,147.33135015869556,148.06995408981945,15642444
2013-11-05,146.90774536132812,148.80858495010688,146.20171922835317,147.82015101578287,14258472
2013-11-06,145.31106567382812,147.5486230785162,144.51813860254043,147.48345407822558,4610652
2013-11-07,144.55072021484375,147.17930470741192,142.70419019268434,145.5500135113889,7789140
2013-11-08,141.74832153320312,145.03949476213862,140.04300220234757,144.11622983261202,13480760
2013-11-11,142.12850952148438,143.52970267605943,133.9711938202011,139.90181143574463,11216304
2013-11-12,140.32542419433594,144.0402028652285,139.7605952836139,141.75919516154215,8980320
2013-11-13,137.6642303466797,140.6512638496054,136.50199481001883,138.81559333596658,10561084
2013-11-14,139.51077270507812,141.18351426911153,138.59836701022306,138.59836701022306,12626860
2013-11-18,145.289306640625,145.5499958522011,140.99884034498177,141.50935947998582,14873920
2013-11-19,143.38848876953125,145.20244097680623,142.82367310859652,145.20244097680623,6789036
2013-11-20,141.1074676513672,143.16037707615143,140.42317334924232,142.66073046050357,8370096
2013-11-21,138.52235412597656,140.24939232773406,137.97925701618948,140.02129419346485,12787656
2013-11-22,139.49990844726562,140.53179280439718,137.9683642151065,139.5759367277934,7492384
2013-11-25,143.32330322265625,143.75778083757905,140.781606523517,140.781606523517,16150540
2013-11-26,141.84608459472656,143.35589698621536,140.857650654424,142.87796894916215,14478516
2013-11-27,141.97645568847656,143.1061004233564,139.92354578957506,141.44421782443425,8593012
2013-11-28,141.94384765625,144.0293349858472,140.7816120353057,142.42176244401242,14773732
2013-11-29,143.66004943847656,145.31107266072766,142.29144732974186,142.29144732974186,9571080
2013-12-02,143.66004943847656,144.4638358385929,142.95402317309998,143.81211928593757,6858612
2013-12-03,142.454345703125,143.8555386405704,141.7809107145007,143.37761061999618,10288280
2013-12-04,142.8562469482422,143.27986531159678,141.9547137741344,142.26971272428042,10476608
2013-12-05,149.48202514648438,149.87306562568443,145.88672536561177,145.88672536561177,32019992
2013-12-06,148.30892944335938,149.80786918794172,147.3422141443496,148.78685744885675,16069232
2013-12-09,151.3394012451172,155.8471059257815,150.44871429245217,154.23953365164658,25265628
2013-12-10,151.3502960205078,152.4690680432369,149.8947932027845,150.4052991513145,25064880
2013-12-11,151.1004638671875,152.4582065395244,149.2213559641967,149.91650960506857,12289776
2013-12-12,151.0244598388672,152.1866824493822,150.00343453343092,150.58998211393327,12867696
2013-12-13,149.8839111328125,152.50163599339393,148.80857643230033,149.41684241405142,25316080
2013-12-16,148.66738891601562,150.09031386858248,147.98309455285428,149.46031595404725,21432244
2013-12-17,142.8562469482422,146.7774183724365,142.0850517663024,146.7774183724365,17942644
2013-12-18,144.7353515625,147.86359560914602,141.1074609240269,141.31384043738274,14087316
2013-12-19,141.75918579101562,148.5804898719648,141.29213029522893,147.5051550880387,10019516
2013-12-20,144.3769073486328,145.24586258578185,141.2269446139675,142.89968609732034,5722468
2013-12-23,144.34432983398438,145.8758607913452,142.72589804901534,142.9431368588312,5531232
2013-12-24,142.7910614013672,144.7896610245902,142.3022740985835,144.58328151157403,3554696
2013-12-26,145.3436279296875,146.0279355072382,142.70418425743154,143.34502816051585,8046760
2013-12-27,145.47396850585938,146.7339509007932,144.26828255201343,144.26828255201343,5464012
2013-12-30,145.44137573242188,147.07066672270292,144.49639226174048,147.0272163111213,4227604
2013-12-31,144.64845275878906,146.04964570048944,143.39932963217015,146.00619528772268,5261312
2014-01-01,144.49639892578125,145.5065514308204,144.02933018334494,145.11552422695993,4492436
2014-01-02,142.72589111328125,146.5818798001317,141.97641460399626,144.4638015073547,7228992
2014-01-03,144.05105590820312,144.68105378844152,141.2052326764069,141.6397103154112,6513184
2014-01-06,143.74693298339844,144.02934080372148,142.7259078552715,144.02934080372148,5963420
2014-01-07,144.33346557617188,145.75637707963628,141.92210691471217,144.9199997351175,7896920
2014-01-08,144.3986358642578,144.8874231739132,143.3776108322479,144.50725526640346,4649480
2014-01-09,144.01849365234375,144.6919287621184,142.74763846497277,144.07280336310643,3777472
2014-01-10,143.82296752929688,146.57104408559078,142.57384423265532,144.01848778375805,6150508
2014-01-13,146.1691436767578,147.0598308487782,142.70419489311726,143.39934855228637,4752580
2014-01-14,146.04965209960938,146.8534383637966,145.18069684301886,145.34362595362958,3577120
2014-01-15,147.8418731689453,148.30894192573834,145.4631054884692,146.20172276451282,4627840
2014-01-16,146.21258544921875,148.80859200538737,145.62603798217395,148.67825401680201,4501176
2014-01-17,144.46380615234375,146.636194214785,143.17123260335032,146.636194214785,43374856
2014-01-20,145.56085205078125,147.00549534233298,144.76793840393867,145.137233748362,5600368
2014-01-21,146.87515258789062,147.46170002054393,145.5500011645519,146.19085829913226,6251924
2014-01-22,147.09239196777344,148.74341486830147,146.56016749418148,146.74481517776996,7033336
2014-01-23,147.61378479003906,147.96136161389762,146.14742268947577,146.6362100563302,5482740
2014-01-24,146.28863525390625,146.62535279277313,144.18141592473035,145.5500179189931,8842900
2014-01-27,141.03143310546875,144.4420849534309,140.24936546166361,144.4420849534309,17060448
2014-01-28,139.9995574951172,142.5086631657835,138.7287024671554,140.7707526393715,18395424
2014-01-29,140.216796875,141.40075107772213,139.15232136960833,140.6621337973436,10970924
2014-01-30,137.25148010253906,139.01112245234899,136.34994697950765,138.4897439948042,11425460
2014-01-31,136.5345916748047,138.229051735873,135.79597441934186,136.8604498888257,9620984
2014-02-03,136.10009765625,137.72938853002793,135.79595805613022,136.84957411002847,4776820
2014-02-04,136.9907989501953,138.05527450577105,133.9929057905815,135.04652205665252,7409304
2014-02-05,138.47889709472656,138.98940304987346,135.79598954492937,137.07770396652387,6905384
2014-02-06,140.5535125732422,141.1183281856196,136.7518333305347,138.76129235882294,13466944
2014-02-07,140.7164306640625,142.18279254284664,139.4890261581394,141.7265963731287,4029468
2014-02-10,139.8800811767578,141.23782379860393,138.1638891990622,140.69472674986548,6280820
2014-02-11,140.07559204101562,140.58611123650215,138.88077850067643,140.3362812834762,4464856
2014-02-12,140.216796875,141.8134968738824,139.82576965682523,140.46661355865368,6436960
2014-02-13,137.40353393554688,140.7707351624259,137.13198544950825,140.33625758476407,3155200
2014-02-14,139.42385864257812,139.86919552899465,136.71923294132083,137.72939866104957,4249112
2014-02-17,141.29214477539062,141.63972161062986,139.27181298554262,139.46733324236868,3650120
2014-02-18,143.4645233154297,144.33347860320526,140.64041863015908,140.8793760306152,5019672
2014-02-19,145.56085205078125,146.0387800519926,142.2914108353368,142.5521000413797,4060948
2014-02-20,143.9750213623047,144.99604642139244,143.56226231952303,144.63759708112391,3448436
2014-02-21,144.33346557617188,145.4630967409592,143.31244055334864,143.34501841817658,3043872
2014-02-24,145.76722717285156,146.2017047501179,142.45433564619583,143.83379665033505,5018984
2014-02-25,145.7889862060547,146.85346186944207,144.68107338024913,146.41898417160348,4020560
2014-02-26,147.1575469970703,147.5485741282947,145.23497594148037,145.54997480745635,4551340
2014-02-28,145.4630889892578,148.3523755137295,144.49638697773835,148.15685529836404,4903584
2014-03-03,144.7244873046875,145.9844696588307,144.07277092228202,144.50724851055233,3678432
2014-03-04,145.9193115234375,146.38636701003753,144.30087973493823,144.6810476529452,6443868
2014-03-05,145.49569702148438,146.63620080552738,143.92071560542502,146.3103425815151,4006984
2014-03-06,146.76654052734375,147.22275000187986,145.13724938801175,146.2017249027241,4948680
2014-03-07,154.5545654296875,155.30404203132633,146.8968968121893,147.6355008651622,22767568
2014-03-10,159.55105590820312,160.08329367540685,152.0671758178956,153.47922816477606,26123852
2014-03-11,157.53073120117188,160.756722283862,156.3141858878251,159.5619088074279,13000472
2014-03-12,157.61761474609375,159.236046520138,155.65160618237226,156.6834905220321,7110216
2014-03-13,161.2672119140625,162.82047458031803,158.04122115701318,158.04122115701318,11448452
2014-03-14,159.0513916015625,160.73499228968456,157.28089009037188,159.67051687351287,12208480
2014-03-18,159.4532928466797,161.79946943563445,158.21502892886306,159.75743249639086,8102724
2014-03-19,160.4199981689453,161.47360106928272,159.83345074373293,160.75671566478067,6055136
2014-03-20,158.62779235839844,160.42001266116355,158.1498642924866,160.42001266116355,5195084
2014-03-21,159.4207000732422,160.21362705659416,158.84502516544325,159.70312114185856,7525592
2014-03-24,163.07032775878906,163.55911511044962,159.4532960528188,159.56191546429892,11713860
2014-03-25,162.96170043945312,165.22097613308307,162.44032198596668,162.9291093139084,8031092
2014-03-26,162.0709991455078,164.29769677760058,161.647380846586,163.53736100078842,9409312
2014-03-27,162.22308349609375,165.26442687600044,161.191199135054,162.9291096378578,24554932
2014-03-28,161.83206176757812,163.81978901698008,159.68139214381304,162.91825586863013,12160900
2014-03-31,162.6684112548828,163.58081686934148,161.4301474394892,162.48376357803465,8262428
2014-04-01,160.34396362304688,163.7003059577465,159.13829085483187,163.25496904001727,8051832
2014-04-02,158.99710083007812,162.0601629494348,156.8247125867881,161.83206483573048,10398752
2014-04-03,158.32363891601562,160.32223857996448,157.76968261341355,159.88776096863666,5559704
2014-04-04,157.59588623046875,159.23603647823325,156.42279143567882,157.6176048062522,7422408
2014-04-07,157.5741424560547,159.0187856346958,157.08535520512837,157.49811418736948,11733156
2014-04-09,161.15859985351562,161.82118880654113,156.79210523988294,158.16070703973764,10520384
2014-04-10,160.6263885498047,162.63584763152858,159.88777125932677,161.76689235294526,7494792
2014-04-11,160.35484313964844,161.79947336282748,159.43157813822208,159.4641560062785,5207952
2014-04-15,157.27005004882812,160.49604129718023,155.99919496674576,159.51846658444254,8371868
2014-04-16,157.70455932617188,158.97540140391268,156.6509428578423,157.10715243746824,3572392
2014-04-17,156.1295623779297,156.6943780778476,153.65303421230533,155.5973245496184,12302328
2014-04-21,155.6407470703125,157.8239944448595,154.891270528816,156.99848962403632,6987752
2014-04-22,158.05209350585938,158.49743041435556,155.84712754068855,156.82470218533106,11395824
2014-04-23,159.2360382080078,160.63723110056026,156.9767494154268,157.47640925591193,21025344
2014-04-24,159.2360382080078,159.2360382080078,159.2360382080078,159.2360382080078,0
2014-04-25,157.8022918701172,160.32225700169175,157.49815220355896,159.26865397683997,6212444
2014-04-28,157.5415802001953,158.42139468717252,156.53141447787075,156.90072308921543,4882860
2014-04-29,155.49952697753906,158.04122353363206,154.78264160510355,157.80226616255482,6641236
2014-04-30,156.6943817138672,158.56264380157666,154.59803474199785,155.54301844703645,8786920
2014-05-02,155.78195190429688,158.05210021619004,155.4452343864651,157.17228565049894,5915292
2014-05-05,155.695068359375,157.08538888233386,155.10852088067418,156.3793627018546,5192324
2014-05-06,156.4553985595703,157.41124139826275,155.13023382115756,156.4553985595703,6184560
2014-05-07,155.45608520507812,157.9326129120577,154.55455211027757,156.08608304994974,6598624
2014-05-08,156.04261779785156,157.06364274694067,155.43435184707613,155.79280114872765,7520428
2014-05-09,164.4063262939453,165.10149312737516,156.41194085751331,156.41194085751331,16376444
2014-05-12,172.0857391357422,172.67227335113427,163.90669213695543,164.0370301272191,17561360
2014-05-13,171.21676635742188,173.79104084627565,169.9893618277634,173.79104084627565,12665216
2014-05-14,168.45787048339844,172.6614369671172,168.19718120908246,170.53249886875005,8501500
2014-05-15,171.26022338867188,171.86850270960096,166.41580021462414,167.05665740397075,9466188
2014-05-16,174.8120880126953,185.52195961000302,171.10816863719393,173.79106286651339,32868368
2014-05-19,176.37620544433594,181.39441694475414,175.52896873216926,177.24516073508926,10522804
2014-05-20,177.27772521972656,178.48339794278573,174.73602853431257,177.26686593125305,6357032
2014-05-21,175.85484313964844,176.94103735298785,174.877268347643,176.47396853756922,3642388
2014-05-22,174.35586547851562,177.04963205518442,173.3565722454444,176.39791561817148,7806456
2014-05-23,171.5426483154297,174.4427814075009,170.03283578714746,173.5738260829305,9818936
2014-05-26,173.17190551757812,174.67084520236958,171.6186428764705,173.57379197253155,17395232
2014-05-27,174.85552978515625,176.10465298775094,171.2602167424978,173.79105427404565,7619524
2014-05-28,178.8852996826172,179.60218509951335,173.6824275622146,173.76932838937975,14355564
2014-05-29,176.0177459716797,180.47114158096008,175.3986206662665,178.70063997407647,13684008
2014-05-30,172.216064453125,178.7440879593622,158.5843292977373,177.04962791459712,32807544
2014-06-02,178.0054931640625,178.64633707120663,172.3790024618158,172.3790024618158,8083132
2014-06-03,179.08084106445312,179.84117704102675,176.83242426598255,178.78757392002902,3624148
2014-06-04,177.41896057128906,180.2430654481751,177.07137047707158,178.6572245922265,2864340
2014-06-05,176.4550018310547,178.6348136078275,175.48010965867977,177.84613093486274,7674472
2014-06-06,178.60195922851562,179.86164799339016,175.48012185469614,178.10903753791254,10565276
2014-06-09,179.52207946777344,181.83333179401646,178.5471872435222,180.05881908529213,9339920
2014-06-10,178.90867614746094,180.4312458239166,177.45181331919878,179.8945195547898,4999344
2014-06-11,179.7521209716797,181.80047921982802,177.4518196064114,178.9853538499236,7743772
2014-06-12,183.99122619628906,185.1085233551136,178.07616606446737,180.62841032174035,12732048
2014-06-13,183.016357421875,187.52932412589462,182.19482124725806,184.90040836712038,12212884
2014-06-16,183.8050079345703,184.637495165128,181.89904153082273,182.05239760861494,5309880
2014-06-17,185.45899963378906,185.95192120391857,181.25273289441324,183.1477478347858,6988120
2014-06-18,182.89585876464844,186.52158252524666,181.55949857316565,185.5795436606017,5374628
2014-06-19,180.90225219726562,184.0131382880687,180.12453401740387,183.3887628189793,4720996
2014-06-20,180.0697479248047,182.2166927576269,179.50014158378346,180.95700416928142,2969768
2014-06-23,179.96022033691406,181.07750406266666,178.61289581054575,180.51886219979036,5840844
2014-06-24,181.6142578125,182.4357939606265,180.73795258783173,180.81462394644757,5066224
2014-06-25,180.540771484375,182.53437381513615,180.2997929055831,181.61425069104303,6330624
2014-06-26,177.9775848388672,181.08845748590204,177.15604874446944,179.6425593083043,21808264
2014-06-27,178.81005859375,180.08069831635848,178.32808811376617,179.17152642522183,5142960
2014-06-30,179.9821319580078,182.42483805653498,179.62066408508392,179.62066408508392,6176100
2014-07-01,180.3655242919922,181.3842344873625,178.54719358375417,180.29980407291984,7641372
2014-07-02,184.00218200683594,184.46223686901212,180.8474780705101,182.00857973757599,7626724
2014-07-03,183.32305908203125,185.1852077733895,182.12909048212424,184.2431822861503,6062740
2014-07-04,187.67172241210938,188.17559524037262,182.9506173325811,183.32304972611703,5631988
2014-07-07,184.12266540527344,188.55896015249553,183.11490647691852,188.38370179971582,8131968
2014-07-08,181.66900634765625,185.85335797377834,179.64255074474298,184.90038149824767,6732272
2014-07-09,181.89906311035156,182.8958576772219,179.20442708878912,181.39519025613373,5795552
2014-07-10,180.37644958496094,185.77668522938058,177.94470822825986,181.89903240350574,9857544
2014-07-11,177.8461456298828,182.15100046620162,177.18891670045133,179.88355263684898,9198780
2014-07-14,179.0839385986328,179.6425805345603,176.827455200336,178.54719894593492,4921608
2014-07-15,181.1322784423828,181.57043103337617,178.8757952730382,179.80686952889909,6092036
2014-07-16,183.09300231933594,183.69546209364427,179.18249604191308,181.72377555954432,9589300
2014-07-17,182.22767639160156,183.8050285360272,181.72380354068483,183.73930831570888,5039100
2014-07-18,182.37008666992188,183.32306332075552,180.0807364339295,181.59236840217338,7288432
2014-07-21,181.27468872070312,185.54667660867875,180.79271818214744,184.39652602345453,9813656
2014-07-22,183.99122619628906,184.60465053667411,181.17610107468678,181.8114276966472,6970352
2014-07-23,183.2135009765625,185.11946739800842,182.92870447022133,184.70321709318657,7849852
2014-07-24,184.51702880859375,184.90041236503785,182.49057286738926,183.14780182129343,4278600
2014-07-25,183.0382537841797,186.17104228778243,182.74250611942654,184.2431734679774,10665952
2014-07-28,181.7347412109375,183.9802732763023,181.39517562166577,183.6954767617956,3884952
2014-07-30,183.7611846923828,184.44032919688007,181.14322041936174,182.0523923482229,4685380
2014-07-31,182.70962524414062,184.00218069932603,181.51565679339402,183.56402812080293,11901344
2014-08-01,178.64576721191406,181.35135410328817,177.8899513208241,180.96797058751054,6828460
2014-08-04,178.1090087890625,180.23405129759405,176.81645343823848,179.42346641850207,7363044
2014-08-05,179.68637084960938,180.2997817706699,177.42988779819646,178.985324066388,6077104
2014-08-06,177.45179748535156,179.543973411062,176.871239959851,178.55813009169896,3381400
2014-08-07,177.78041076660156,179.31394480895054,177.45179632895534,178.08712292361363,3933740
2014-08-08,174.4176025390625,176.96983342508446,174.16565944415424,176.3564224560304,7450680
2014-08-11,173.71653747558594,175.88538460698578,173.37697191864177,175.4800988408516,5626224
2014-08-12,176.83839416503906,177.1231906841994,173.5084316906443,175.48011841440163,6603072
2014-08-13,177.9775848388672,178.71148506798687,175.84159099343307,177.45179638991036,7839820
2014-08-14,181.11036682128906,182.1947971023434,178.17473926448514,178.34999761757302,11873224
2014-08-18,182.34815979003906,182.81917920123323,180.4312420932017,181.8333358142883,6702168
2014-08-19,180.4860076904297,183.47640458838293,180.13549095259447,182.49056122044536,7892856
2014-08-20,179.7630615234375,182.84108097088674,179.42349592093538,181.61425899689308,9434852
2014-08-21,182.38104248046875,182.97255123846077,179.86166471647428,180.08074104377815,6390480
2014-08-22,185.5028533935547,185.94100598497732,181.40612398948196,182.78630197819203,10015288
2014-08-25,184.7799072265625,186.8282652754519,183.41068035662138,184.6813202176555,6656064
2014-08-26,184.57180786132812,185.8862658401625,183.60786666163972,185.0099605209396,4165256
2014-08-27,183.2792205810547,185.33854307487334,182.7096275702652,185.33854307487334,4852968
2014-08-28,184.80181884765625,185.22902032693946,182.70964275892078,183.4764098448395,7991452
2014-09-01,184.28697204589844,185.99576438006616,183.71736568693908,185.3166332508954,4154656
2014-09-02,188.23036193847656,188.64659889075816,183.72834659263677,184.70322544248572,11442252
2014-09-03,187.67172241210938,189.50100421407257,186.5653763725027,189.50100421407257,9234780
2014-09-04,186.62013244628906,188.18653326966026,185.88623222270863,187.97840811971255,6406968
2014-09-05,185.8752899169922,187.4307263026984,184.92229998657535,186.65300810984527,3835208
2014-09-08,189.4462127685547,190.11439274700885,186.0943483652207,186.43391392430186,9788344
2014-09-09,189.63243103027344,190.57446977313992,187.92363864475394,188.42751143683134,7661044
2014-09-10,187.81411743164062,189.50100768880657,187.11307056707543,189.50100768880657,4314252
2014-09-11,187.16783142089844,189.08474904451006,186.87208376465512,187.83602483249945,6532864
2014-09-12,187.46359252929688,187.96746534487787,185.98482750473053,186.2367572268429,6086556
2014-09-15,188.4822998046875,189.50101000470065,186.2148653225382,186.2148653225382,5809088
2014-09-16,186.4339141845703,188.8547044030602,185.77668534490672,188.62467698344892,5076268
2014-09-17,185.42617797851562,187.50740274220271,184.48413923049907,187.31022873183747,7905896
2014-09-18,188.0003204345703,188.62468250197546,184.5170021339011,185.06469284964433,6652568
2014-09-19,188.4603729248047,189.50098527167225,186.52155316391983,188.40560385391692,6542108
2014-09-22,187.7155303955078,188.07701165462726,186.43393933382387,187.7374460492659,6534316
2014-09-23,185.962890625,187.93457709936163,185.25089273148052,187.54024247876026,4716976
2014-09-24,187.4088134765625,187.81409926132352,185.1304147299914,185.57951844667792,6665496
2014-09-25,186.2039031982422,189.63243925825708,184.48414622653365,186.8720832365989,16595960
2014-09-26,190.9578857421875,192.5680913967916,185.11949628019215,186.2039267729098,9882252
2014-09-29,189.52288818359375,192.2065726660451,188.6684986977081,191.2535961779616,8682268
2014-09-30,191.17694091796875,192.74332845960964,188.65756343667798,189.32574348570557,12035432
2014-10-01,190.15821838378906,190.8483140409821,188.51514622033466,189.7200658068679,5870188
2014-10-07,188.94235229492188,189.93914675761397,187.1130572185604,189.5009941699378,5026288
2014-10-08,190.07058715820312,190.59637561188168,188.03318030007142,188.52610196113662,3140384
2014-10-09,194.45208740234375,195.62415344252574,190.21296702451127,191.4726555478524,7650420
2014-10-10,190.0048828125,193.9154030063494,189.4791076862674,193.45533472811934,4266980
2014-10-13,192.08609008789062,192.34898431247493,187.4526345364343,189.28191622548786,5376512
2014-10-14,190.23489379882812,194.09064458089043,189.53386035786752,193.8825194281371,7266240
2014-10-15,190.23489379882812,190.23489379882812,190.23489379882812,190.23489379882812,0
2014-10-16,188.15367126464844,191.47268249394978,187.32118401503288,190.24586058623802,5533084
2014-10-17,193.93728637695312,194.56164845701784,187.77028344409996,188.46037910847096,9977920
2014-10-20,195.81040954589844,199.27181268173962,195.01078901131334,195.85422748358903,9532004
2014-10-21,196.1937713623047,198.42835222335833,194.4630766718258,197.16866353963292,16037152
2014-10-22,195.77752685546875,198.55978496959472,195.25173842449323,198.27498847421433,4571544
2014-10-27,196.56619262695312,198.76790657112835,195.88706150612364,196.96052725747847,6724768
2014-10-28,196.13900756835938,197.21248678062224,195.8542110542966,196.94959254788887,5803492
2014-10-29,195.31744384765625,197.71633165390523,194.97787830689822,197.21245891232678,7896188
2014-10-30,196.4347686767578,197.1577177885604,194.34257932603495,194.95600365978856,10738180
2014-10-31,199.76470947265625,200.36716926950692,196.58810327107992,197.1905630679306,10105988
2014-11-03,199.51278686523438,201.39683767573698,198.35168516241973,200.49863020426957,7239648
2014-11-05,199.9728240966797,201.6158961834261,199.41418226145686,200.4657457227036,7524180
2014-11-07,197.04820251464844,198.61459021017137,195.77756250831052,198.26407343992562,9028492
2014-11-10,198.18739318847656,198.99796485474442,195.63514877694226,197.0591448206714,6389756
2014-11-11,198.89938354492188,200.95869279829031,197.69446386204922,198.4612309329682,5913408
2014-11-12,199.7427978515625,201.52827487818536,198.07782347575912,199.57849064192317,9058664
2014-11-13,200.66294860839844,201.55020498869686,198.0230817499374,200.56436159473043,7388952
2014-11-14,203.76284790039062,204.39817447721134,199.74280340792865,201.15584812440554,8438056
2014-11-17,201.32015991210938,204.61725541122033,198.9212718558759,203.74095024885966,13464084
2014-11-18,204.22291564941406,204.8363265734378,199.79757201601635,201.76925858196387,9189112
2014-11-19,202.98513793945312,205.4278439710056,202.021210266729,204.84728644219626,3454848
2014-11-20,201.15586853027344,203.29186253168493,199.81949502965327,203.29186253168493,4770372
2014-11-21,204.36529541015625,204.83631474447412,200.24666416229226,201.81306485888004,8823808
2014-11-24,207.07090759277344,208.12247108821123,203.32469509037244,204.25576930313548,7316860
2014-11-25,208.9001922607422,210.0503427755645,205.71263493679143,206.58894009094178,12156508
2014-11-26,208.4072723388672,210.29133645871934,204.46389911250697,205.8878949998037,8976428
2014-11-27,207.7172088623047,208.95498199210647,206.5889605162448,208.2539351252031,13211448
2014-11-28,209.68887329101562,211.6057908008068,207.46524363111567,207.68431991794895,9251860
2014-12-01,208.1224822998047,210.84998487368912,207.72814763919206,209.9408128919423,7389128
2014-12-02,206.65464782714844,208.0348256873405,205.75644044691282,206.31508227468643,4517556
2014-12-03,204.4200897216797,206.8189778755554,204.17911114076415,206.36987413583674,6661184
2014-12-04,206.23843383789062,206.86279594334712,204.17911127264975,205.93172166983987,6839104
2014-12-05,206.5341796875,206.89566092730138,204.98969446275572,206.15079616646779,4074180
2014-12-08,203.11659240722656,207.0270989273112,202.64557302408767,207.0270989273112,4057128
2014-12-09,203.02896118164062,204.83634065803506,202.65652879708205,202.65652879708205,4873344
2014-12-10,204.04766845703125,204.83633777800847,202.7112950219761,202.88655338537592,5565432
2014-12-11,204.5296173095703,205.00063667773006,202.64556657964232,203.71904574033613,4818844
2014-12-12,204.06956481933594,205.09922606005995,203.52187409249927,204.39817925543792,4616828
2014-12-15,206.2603302001953,206.87374114733737,203.30280023981015,203.74095282653386,6638628
2014-12-16,202.80987548828125,206.36986520114604,200.89295795058484,205.39497303627502,4989956
2014-12-17,201.95547485351562,204.28864271673157,200.67388389118085,202.86464681575706,7064016
2014-12-18,204.62820434570312,205.1649439261344,201.99928888695928,204.31054105350046,6493828
2014-12-19,206.2493896484375,207.90341307396432,204.28865404791543,207.0380589964874,6114108
2014-12-22,211.1238250732422,211.64960015072714,206.47940501300218,208.9987823685985,8295612
2014-12-23,210.25845336914062,213.36933912529932,209.29451241776033,210.2475022297429,7544080
2014-12-24,207.0818634033203,211.3648022043572,206.17269145004516,209.8531838241207,16664812
2014-12-26,207.82672119140625,208.7687465339215,206.49034784245447,208.21010468660998,3366480
2014-12-29,208.49490356445312,209.43692891774091,207.75003884528303,208.14437348487382,3614800
2014-12-30,209.5355224609375,210.22560475892283,206.5341745819224,208.12247770122121,5681200
2014-12-31,208.47299194335938,209.72172946900062,208.06770615593058,209.43693296664347,4992528
2015-01-01,208.57159423828125,209.08643157966512,207.0380600978602,208.3415667914894,3544940
2015-01-02,211.474365234375,212.350670498681,208.21013614764945,208.21013614764945,5900384
2015-01-05,209.68887329101562,212.6244875117683,209.23975620592307,212.5039982282811,4796000
2015-01-06,206.42462158203125,209.55740966246768,205.39496040796135,208.99876783152857,8219680
2015-01-07,207.027099609375,208.41822873968925,205.1101820203993,205.86599791546664,5746112
2015-01-08,211.37574768066406,212.27396846962714,207.72813556777086,209.053544414282,9525824
2015-01-09,213.74179077148438,214.69476729819425,211.75913962128888,213.13933096529047,8985184
2015-01-12,211.85772705078125,213.46794583154843,211.2990851763746,212.37256436355273,4126412
2015-01-13,211.04714965820312,212.93121387353054,209.3712239748856,212.27398496916533,5828348
2015-01-14,211.1676483154297,213.52271851139818,210.24752519250103,210.3241965480134,3685232
2015-01-15,217.5756378173828,218.68197048416536,212.66832323327455,216.88554210758878,11398476
2015-01-16,219.37203979492188,222.34053425062626,218.75862885117564,219.558262666062,7821308
2015-01-19,220.0730743408203,223.4578055401853,219.72255764145612,221.9790406505811,4239492
2015-01-20,223.6659698486328,224.99137890011178,219.51447094246544,221.26708148891225,8505804
2015-01-21,223.44688415527344,226.29486280240096,223.0963540378767,225.07900533244538,6740612
2015-01-22,223.73167419433594,226.1962826003935,223.14016550261084,224.55321032968845,6470680
2015-01-23,228.4527587890625,229.59194476447385,224.4217498301518,225.6485716673741,9987912
2015-01-27,235.29891967773438,236.10949132153482,228.03653470747156,228.49658960645866,9962400
2015-01-28,231.85939025878906,239.4941937512875,231.1254900228985,234.411634430807,11364940
2015-01-29,239.8885498046875,241.11537174281736,232.43995556417664,235.5070237808576,20567616
2015-01-30,236.0218505859375,239.7899790574928,233.1519563542678,239.7899790574928,10570416
2015-02-02,236.95294189453125,239.45041728613174,230.54495954721253,234.0830474567537,5710352
2015-02-03,233.1190643310547,237.0843396527511,231.1912091115924,236.27376811337754,10200688
2015-02-04,233.90774536132812,236.7776661695322,231.61840881591905,232.8780974900184,6197512
2015-02-05,235.83563232421875,239.40658664126147,234.48830775710329,235.50701788066434,8059148
2015-02-06,230.79685974121094,236.37234034020088,230.04105727635164,235.94515229357776,6903120
2015-02-09,227.86126708984375,230.4135114768513,226.63444508942493,229.3728989933571,5231896
2015-02-10,231.00502014160156,232.72479068659538,225.64861469377246,225.64861469377246,9275752
2015-02-11,231.87037658691406,233.272470348085,230.68735914021627,231.78274071258195,4161588
2015-02-12,235.72610473632812,237.01866028742126,230.62161612069602,233.33816765764985,5525740
2015-02-13,233.49154663085938,237.04057222775677,233.0095626934554,236.86530047911637,7714500
2015-02-16,233.87490844726562,237.69777908195994,232.76856246505295,235.68228787346487,7388716
2015-02-18,235.46319580078125,237.24864608375805,231.57459184135567,233.8748927751004,5381692
2015-02-19,236.55859375,237.675877504597,233.0533730342687,235.2879405434627,4507004
2015-02-20,235.079833984375,238.77126428411626,234.08302612410367,237.25963246832407,6206024
2015-02-23,233.86395263671875,236.94198538021683,232.65903297442182,235.9670797896399,5581564
2015-02-24,233.89678955078125,234.6306897209745,231.5855241603677,234.4773470260837,5846288
2015-02-25,230.56683349609375,235.46321003085637,230.03010727620054,234.41163312908057,4648524
2015-02-26,227.43406677246094,231.3445733888724,226.76587335867515,230.82974943110443,12426944
2015-02-27,230.9064178466797,231.9032256986055,229.03330480368484,229.03330480368484,10261784
2015-03-02,237.1610565185547,240.76485091478025,233.97348569334423,236.67907261850291,14385232
2015-03-03,237.3363037109375,239.23131905012428,235.95613906973728,238.01543489083403,6029348
2015-03-04,233.3820037841797,243.0213614260009,232.22088864387487,242.0793225957375,12277624
2015-03-05,237.71969604492188,238.79317530077998,232.76857684135663,233.31626761039513,9702452
2015-03-09,232.00177001953125,236.99671967454233,231.34454120927762,235.95610739164076,5755808
2015-03-10,230.58876037597656,232.7137896977845,228.93472368480565,232.65902062513263,5134836
2015-03-11,231.44314575195312,232.63712762904177,230.03011431822608,230.22728833618416,5465536
2015-03-12,231.03782653808594,233.0752465245166,230.2710596012348,232.24274601028054,7530836
2015-03-13,228.419921875,233.0971957839644,226.65634686770682,232.22089053665627,5426780
2015-03-16,230.3697052001953,231.7608344245162,228.3870538913908,228.93474466810875,5348772
2015-03-17,231.79373168945312,233.51347560586885,228.463755283647,232.22091985436245,5369304
2015-03-18,232.9986114501953,234.82789322147647,230.73115033265097,232.2537466756168,5148332
2015-03-19,230.5120391845703,235.24410798174395,229.7452722442683,234.6306837324189,5373572
2015-03-20,231.3226776123047,232.1113469679476,229.14285231483052,230.2491983608428,6483236
2015-03-23,229.53717041015625,232.08941439890654,229.15378692342966,231.33358519373402,5446740
2015-03-24,227.39022827148438,231.56364236213446,226.84253753742067,228.56230783655,8973564
2015-03-25,226.57965087890625,229.3071399676013,225.88955522311866,227.8503040464742,10608900
2015-03-26,220.598876953125,226.1305400061607,219.53634890424024,224.96945169340057,35800620
2015-03-27,222.28578186035156,224.235552983997,220.85082134199544,222.3515020786575,10840896
2015-03-30,227.16021728515625,227.6202721594578,221.88047051446688,223.45782252420304,6955144
2015-03-31,224.04933166503906,227.81744664853213,222.32957471040035,227.81744664853213,5962256
2015-04-01,226.36056518554688,227.14923444108715,221.9242705375843,224.794164442786,3844196
2015-04-06,226.07577514648438,227.14925435580832,223.41400614715607,226.7439685528312,7151172
2015-04-07,226.25103759765625,227.44499267632318,224.25744871512737,226.3605757422206,6197072
2015-04-08,226.86448669433594,228.37609186033183,225.6595669724636,227.85033010314055,4106144
2015-04-09,231.36647033691406,232.00179694242814,225.64858437271104,227.4559638106478,7002784
2015-04-10,228.419921875,230.68735635386702,226.71111594566358,230.68735635386702,6119324
2015-04-13,227.57647705078125,229.21954934347738,226.70017182800999,227.8393579205274,4563236
2015-04-15,226.01007080078125,229.74530567936318,224.59701261666984,227.83935256174894,4893996
2015-04-16,225.57191467285156,226.4263175801419,223.0196704629211,225.21043343406964,5610120
2015-04-17,223.07443237304688,225.177559409264,222.59246186060173,224.57509961154648,4049012
2015-04-20,220.19357299804688,224.55319650308806,219.6458822748686,223.45781505673153,5188880
2015-04-21,219.7335205078125,222.23099558097,218.11235060118665,220.17167309107833,6510744
2015-04-22,221.94618225097656,223.67689027648666,217.65229235033252,220.50028409724175,6765936
2015-04-23,222.03379821777344,224.37790359462213,220.41262848165255,223.46874510277877,9627828
2015-04-24,220.48934936523438,223.23875431277398,219.1529758848072,223.2168520308639,7205244
2015-04-27,220.27024841308594,221.8147335129048,218.1999748926945,220.59886283310507,7370704
2015-04-28,220.0730743408203,221.58470602095767,216.90741942139667,218.9776929411135,7942108
2015-04-29,217.5756378173828,221.1575300581928,216.44738949727042,219.95261037981732,7863564
2015-04-30,216.62265014648438,217.98092592703472,214.48665614870689,217.1046206971773,15143684
2015-05-04,219.284423828125,221.15752350748326,217.32368828075622,217.77279201875874,3141448
2015-05-05,216.37071228027344,219.93070214271523,215.9763642445796,218.8681740686497,5138004
2015-05-06,212.6354522705078,216.33784710365978,211.51816848464154,216.33784710365978,11007696
2015-05-07,208.4072723388672,212.5040016427459,206.85183602590067,212.0658490620392,11736664
2015-05-08,215.1329345703125,216.40357448311633,209.30551012295874,210.64187025392616,11571932
2015-05-11,216.95126342773438,217.48800305237418,213.39127345080053,216.02018912607474,6731344
2015-05-12,212.9311981201172,216.88552239455493,211.84676783387334,216.88552239455493,11107568
2015-05-13,216.94029235839844,217.63038800830785,212.85451427318966,213.78558848932013,7791848
2015-05-14,217.11557006835938,217.9480573556662,213.38032173081308,216.66646631598988,4455188
2015-05-15,216.90744018554688,218.53956130162092,215.61489803297317,217.9590171270149,8153624
2015-05-18,221.2342071533203,221.70522657016926,217.32370035336749,218.20000559672783,5713304
2015-05-19,220.73031616210938,223.0196660964075,218.66004252063678,220.46742193644755,4786348
2015-05-20,224.3450927734375,224.947552590546,221.16847309369115,221.1903887462178,4008840
2015-05-21,224.4875030517578,225.64861828955742,222.38437564731095,224.33416031893864,3934380
2015-05-22,224.39984130859375,225.42948911377886,223.0963214143509,224.48745042525746,4689536
2015-05-25,224.2355499267578,225.86767107777933,222.93204323414238,225.2980780317514,4369060
2015-05-26,225.07896423339844,225.69236174128463,223.03059309439604,224.43267319389517,4906344
2015-05-27,227.43406677246094,227.8393525799501,223.7645387381204,224.290313836645,3218592
2015-05-28,225.51712036132812,228.64989501385972,223.93976852434878,227.63121174044443,9561160
2015-05-29,230.150634765625,230.90643735970716,225.02424361611708,225.637641256074,5058680
2015-06-01,227.00685119628906,231.3445726301901,225.8676651342102,229.80007401923882,3841320
2015-06-02,221.0041961669922,227.90511384396046,220.14980651387418,227.4888634738091,4726008
2015-06-03,220.2921600341797,222.80058622096809,218.6381367242145,221.04797590654553,5824832
2015-06-04,222.35147094726562,222.98678413041526,217.9808965285282,221.0150976291522,5557588
2015-06-05,221.6504669189453,223.12923208000575,219.62401095749215,221.32185243870967,6753860
2015-06-08,219.83212280273438,221.75999162891696,218.1014146299206,220.00738117395886,3811996
2015-06-09,219.48159790039062,220.39076994403055,218.44098541805053,220.17169363195896,6040260
2015-06-10,222.49388122558594,223.2387459817219,218.41906746199876,218.6381437583498,7986248
2015-06-11,219.1201171875,223.14016193025702,217.91519754160643,222.9320367716951,9094176
2015-06-12,221.08084106445312,221.4532600564309,216.9183915984646,219.29536397128956,6528344
2015-06-15,220.21548461914062,222.08858418385546,219.07628526150972,219.51443783203274,5999828
2015-06-16,220.91653442382812,221.36563814047764,218.43001052933246,219.07628825395273,6010524
2015-06-17,220.10598754882812,222.03385654460345,218.96678797861978,221.04801307696584,9686268
2015-06-18,223.3701934814453,224.29031662951607,219.56922496798288,220.36885882351785,8431716
2015-06-19,225.75814819335938,226.7330271221448,221.9571793826061,224.5094238640483,3742324
2015-06-22,229.40573120117188,231.54172492419448,225.31995324397636,226.10862250085813,5449652
2015-06-23,230.49020385742188,232.48379313274924,228.38707641594777,230.46830157273578,5655180
2015-06-24,229.1099853515625,231.73890072338668,228.43082748633984,230.9064001585583,6267396
2015-06-25,233.3162384033203,234.59782929389516,228.41988888959546,229.64671071012256,16573568
2015-06-26,232.84523010253906,234.61974270775676,230.3587195529115,233.75440205702006,5647504
2015-06-29,231.4869842529297,232.60426806580512,225.7581334982926,228.912837655545,6487836
2015-06-30,233.7872772216797,234.84979192053893,229.5919607581388,230.5230350264805,7290136
2015-07-01,234.92645263671875,235.94516272683921,232.23183033365441,232.5166134630927,4971188
2015-07-02,235.337890625,237.45063874832172,234.77080083845516,236.85018435132812,4483444
2015-07-03,238.9073028564453,239.3298578558636,234.41494460435825,234.41494460435825,4039288
2015-07-06,240.96446228027344,241.29805406008,235.79378969327172,236.63889972788908,3267780
2015-07-07,241.70945739746094,242.74359725416198,239.85246874815732,239.85246874815732,4141472
2015-07-08,237.70639038085938,240.3195261349618,237.0725713934609,239.98593433656572,5400676
2015-07-09,238.8628692626953,239.49668827934954,235.7604491057489,236.33866948677078,2797964
2015-07-10,242.57684326171875,243.52202005187445,237.6285647720802,237.91768853170677,4900088
2015-07-13,243.77777099609375,245.9461176769985,241.2980665417102,241.2980665417102,7076084
2015-07-14,242.82147216796875,245.0565481457794,241.52046954335293,243.63321766550933,5674116
2015-07-15,243.90008544921875,244.9564595328009,242.58797935835491,243.07723649585282,3849404
2015-07-16,247.90318298339844,248.85949036491,244.21143904739634,244.36713151412457,7310424
2015-07-17,246.980224609375,249.47103216817223,245.8793555378024,248.9484105189689,3510988
2015-07-20,248.0254669189453,248.85944629661492,246.19071228807215,248.18113221033715,4551268
2015-07-21,244.20034790039062,250.86105385234345,243.0994785828539,248.31464709921008,11028136
2015-07-22,247.8364715576172,248.42582249617996,242.10981236630562,243.83336998699164,7286400
2015-07-23,246.3909149169922,248.3479705693798,244.6562266555894,247.50288761077067,5083172
2015-07-24,246.3797607421875,247.9698869716039,244.74516646838575,245.3345173692172,4761008
2015-07-27,243.71104431152344,245.63476245747145,237.9621510452643,245.50133116681317,3328572
2015-07-28,246.52432250976562,247.7252583331422,242.9548796467957,243.29960200783364,6345672
2015-07-29,246.49098205566406,248.61486076381274,245.75709636507708,245.76819980337285,3943032
2015-07-30,246.980224609375,248.41465828557912,244.87858028060893,246.19071326959363,9462188
2015-07-31,247.2248992919922,249.3042828406359,245.30118106442586,248.10334687821862,5649500
2015-08-03,243.6110076904297,248.52592206182928,243.1773220075637,247.4695478964658,4345728
2015-08-04,241.62054443359375,245.07879049432384,240.61976897331746,244.21144633253002,5390928
2015-08-05,242.89926147460938,244.12243122175772,241.34249997823875,242.88815803829493,4122780
2015-08-06,243.73324584960938,244.93418160100865,241.39810355713115,242.8325643968849,3743712
2015-08-07,242.9993896484375,244.07799769388612,242.09868093906962,243.28848624998244,3227140
2015-08-10,243.4442138671875,245.9572561409361,241.96528459338091,243.52204653469863,3954376
2015-08-11,243.4552764892578,244.37821920071147,241.1312645541841,243.53313629148886,2727688
2015-08-12,238.0622100830078,243.49977254574083,237.4506251350039,242.05420812318607,6005740
2015-08-13,239.64125061035156,240.78656078830534,237.20601407643227,239.5189227526228,3465052
2015-08-14,245.0343017578125,245.4457262049718,240.1638561660861,240.87550779642817,3601660
2015-08-17,242.74362182617188,245.03429627191213,239.2520386745869,244.42271133373347,2500212
2015-08-18,241.59829711914062,243.76664383046733,239.84137486707567,242.7658684252396,1857316
2015-08-19,240.5974884033203,241.74282552695254,239.07409148249678,241.26467191443425,3004576
2015-08-20,239.00738525390625,241.24246109015712,237.51735279491848,237.51735279491848,3044852
2015-08-21,236.02735900878906,238.6182339323715,233.73668416594109,236.62781346580525,7758972
2015-08-24,226.63113403320312,232.33554535561674,224.89645948323906,232.33554535561674,14686328
2015-08-25,226.4977264404297,229.57789902444918,223.66219599956162,227.88767876893021,12347920
2015-08-26,225.3968505859375,228.84396571576684,224.39607522566448,226.26419466106128,5573000
2015-08-27,227.30946350097656,230.0560307563767,224.41833435891914,227.9544131237592,13873432
2015-08-28,228.61041259765625,231.90186201618675,226.7089559347565,229.2998572573699,5553136
2015-08-31,228.49923706054688,229.71130347443258,225.85275043603812,227.08703729832496,3441460
2015-09-01,222.41677856445312,227.1315456234688,220.8377827277766,227.1315456234688,10469144
2015-09-02,221.31593322753906,225.49694788964192,219.0586232035523,223.52874805459845,8681688
2015-09-03,224.68519592285156,225.7304529517896,222.17214039294367,222.9060396434286,6507368
2015-09-04,221.51605224609375,223.7288803680897,217.94662302259235,222.8837839323707,11404592
2015-09-07,218.93629455566406,224.5739903787553,217.94663619693168,222.6169212582945,5381740
2015-09-08,223.2952423095703,224.6184925796434,217.279472525061,219.4367023467912,7444488
2015-09-09,226.0195770263672,227.95441231395552,223.5065213419759,225.61926955366621,6553120
2015-09-10,224.84088134765625,226.1641315837178,221.57167887441173,223.06172501651753,4463740
2015-09-11,224.72967529296875,226.84242335361515,223.90681280720312,225.61925342376722,4301760
2015-09-14,226.77569580078125,227.3539161258844,223.17290184545004,224.36270710336333,5060344
2015-09-15,225.31903076171875,226.76459525331336,224.19592748991008,226.38652182535,4332728
2015-09-16,227.5874481201172,228.6438221899476,224.96319525089456,226.59780327170031,4254052
2015-09-18,233.4586639404297,236.18299700379742,229.32213100438057,230.17834453759917,7841168
2015-09-21,234.17027282714844,234.6261924013473,230.4785296369268,230.8343553996411,4276688
2015-09-22,229.2109375,235.73821180291327,228.0211321435678,233.5253969946264,6025212
2015-09-23,233.33631896972656,234.28149567747772,226.54218268855266,226.66449695948478,5161152
2015-09-24,233.82562255859375,234.40384292753257,230.4007412456582,232.84708116235922,8252836
2015-09-28,232.71363830566406,235.73819844101376,231.97972550801353,234.62622580685803,5777108
2015-09-29,236.80569458007812,238.82947927248242,227.97661589122686,229.51114350116626,10418840
2015-09-30,237.6952362060547,238.6292821830803,236.03838100568694,237.51730975911443,9027796
2015-10-01,237.43951416015625,239.49666346541366,235.59362878930438,239.11857649362418,5034788
2015-10-05,244.2670135498047,245.70147448035294,239.5633640619696,239.5633640619696,8053372
2015-10-06,241.50930786132812,246.3908836563319,240.85325491434338,246.19072316729282,4758964
2015-10-07,241.90965270996094,244.26702932474208,240.93111133747533,241.96525134308203,4386268
2015-10-08,240.87548828125,242.565681127204,239.16306141385598,241.98746083092595,3881908
2015-10-09,241.55380249023438,243.52198847437793,240.23053886694152,243.52198847437793,3443228
2015-10-12,240.30841064453125,243.63319787601847,239.6968257114787,241.8985097522529,2217340
2015-10-13,239.37432861328125,240.66422764765514,238.67378046785004,239.19642929156024,1823652
2015-10-14,241.24246215820312,241.6316525788317,237.30608990581032,237.6952803264389,2749148
2015-10-15,241.10903930664062,243.8556063701752,240.4084910954486,241.45373454545114,3925952
2015-10-16,244.64511108398438,244.96757229007915,241.2980625826018,242.41003522123128,4843688
2015-10-19,244.1446990966797,245.10097918206003,243.3663183271119,244.63395614987272,2654220
2015-10-20,243.49978637695312,245.2789426903874,242.67691029332724,244.18920401885472,3851356
2015-10-21,243.5220184326172,245.52356926904966,241.29807305880334,244.38936255795872,7273204
2015-10-23,246.52432250976562,247.68076314100634,243.74439104258286,244.511641268418,4467048
2015-10-26,244.96759033203125,247.79199018306048,243.96681488355725,247.73639154703415,4887984
2015-10-27,247.05809020996094,247.74750782732318,243.64433958462317,243.64433958462317,8984032
2015-10-28,247.19149780273438,249.97142917703414,245.75706407270263,245.75706407270263,7694760
2015-10-29,245.42349243164062,247.8587016560988,244.63398099749543,246.85792627929084,6702368
2015-10-30,244.54502868652344,247.30272638875797,242.5101132331769,245.07878100756412,8097460
2015-11-02,240.87548828125,243.72214886752735,239.40768994523123,243.53311896363593,3156552
2015-11-03,241.27584838867188,242.85484423574187,240.0081831877893,242.62131910332957,2548592
2015-11-04,240.56417846679688,244.2114545859556,239.7969281137636,242.4211947129538,2696444
2015-11-05,240.1527557373047,240.85330401788082,237.8509775135028,239.85252851642147,3596952
2015-11-06,240.38623046875,242.18762056405313,239.12969606198178,240.34173527824134,5881004
2015-11-09,236.80569458007812,237.88430256717237,233.73663936019935,235.29340099247472,11429432
2015-11-10,234.5372314453125,236.85013964700545,234.05907784651893,235.74929774437214,4402580
2015-11-13,233.9701385498047,234.62619144877806,231.51266852907864,233.38078771045136,3940028
2015-11-16,235.94947814941406,236.85018690237663,232.4578947039523,233.2362755998756,4734732
2015-11-17,235.91612243652344,236.58330600998897,233.78111328321842,236.47210874774473,2567404
2015-11-18,233.202880859375,237.03918620791976,232.69138976822964,236.11624354958587,2446720
2015-11-19,237.71751403808594,238.17340652727776,233.4252888313829,234.62622470016032,3277680
2015-11-20,238.15115356445312,240.24166737010373,235.73817858117096,236.82791710039206,4648160
2015-11-23,237.0836944580078,239.18531186212383,235.52693278154584,238.85172007431055,3408280
2015-11-24,236.7056121826172,238.74052755828978,236.2052244909487,236.90577268883857,4002252
2015-11-26,236.6166534423828,237.2949676297672,233.75888911182204,235.5158113588786,8791484
2015-11-27,240.05264282226562,240.67533117016197,235.94944776772067,236.81679179819284,6925072
2015-11-30,239.68569946289062,240.40848166957528,237.89541267645632,240.00816066522688,5247776
2015-12-01,240.85324096679688,241.2757959419058,238.74049323901795,239.53000456482062,1895332
2015-12-02,239.69683837890625,243.01049520034962,238.373574619709,242.41004082072743,2562284
2015-12-03,239.4633026123047,240.4084793349444,237.3616852293075,238.518125889665,3807712
2015-12-04,235.4935760498047,238.7627648206123,234.8486264755734,238.7627648206123,5859828
2015-12-07,236.17185974121094,238.20677511567087,235.98282982069165,237.56182555057293,5814808
2015-12-08,233.3474578857422,236.16075408704222,232.84707019906799,235.96059358281866,4902660
2015-12-09,232.9471435546875,235.0710222114487,232.3689231963988,232.86931089741657,3890616
2015-12-10,235.8716278076172,236.44984814311772,231.80182428839615,232.40227864684493,6514340
2015-12-11,232.70249938964844,235.87162128354018,231.73508866211938,235.7381900017721,3033920
2015-12-14,234.63734436035156,235.7048217457403,231.31253006605726,231.51269055949516,5878016
2015-12-15,235.61587524414062,236.28305883780692,232.46901434556392,234.18144137686608,4557416
2015-12-16,237.3616943359375,238.70716496288952,235.5936415217993,236.4053869913518,6842768
2015-12-17,240.2416534423828,241.07563279939177,236.85013739054634,238.82945382740073,4878012
2015-12-18,238.6293182373047,241.29805245803877,237.6285429045294,241.29805245803877,3172128
2015-12-21,239.16310119628906,240.1638766574666,237.75090125284848,238.35135567044628,3097500
2015-12-22,237.17263793945312,239.40771384654795,236.62778219482306,238.96292478227198,2429536
2015-12-23,238.87393188476562,239.73014529764794,237.77308994645503,238.5403401279725,3013968
2015-12-24,238.8517303466797,239.38548265969004,237.5840923575792,239.34098746407312,2146352
2015-12-28,239.57449340820312,240.16384430773286,237.4617454969681,238.85171122804377,7755428
2015-12-29,239.73016357421875,240.15271859459148,238.2512617245673,239.95255809570241,4231612
2015-12-30,238.91847229003906,240.6197688534437,238.52928183345884,240.18611034664877,2112560
2015-12-31,240.66419982910156,241.2757846690949,239.07407381556607,239.07407381556607,9290008
2016-01-01,242.13201904296875,242.46561080284425,239.3298536895679,240.71981935571583,3195076
2016-01-04,238.07334899902344,241.07567521246278,237.53959668708018,241.07567521246278,5187536
2016-01-05,236.27195739746094,239.02965503748376,236.03843227859545,238.00661846699697,3160872
2016-01-06,237.31719970703125,239.46331237074142,234.99318770635355,234.99318770635355,4165536
2016-01-07,234.89312744140625,236.82797643525376,233.4475627766142,235.76047166983625,6055428
2016-01-08,236.26083374023438,236.73898742998063,235.12662701770506,236.1718704948305,3488356
2016-01-11,235.42686462402344,235.96061697227103,232.46903340492875,233.9701966137533,3288912
2016-01-12,232.8359375,236.60554099405516,232.06868724650542,236.60554099405516,4258736
2016-01-13,235.7715606689453,236.34978100331398,230.62312199523555,233.9590398640191,4515148
2016-01-14,233.4586639404297,235.15998756873995,231.1791199486322,233.54762718429782,6279184
2016-01-15,231.76844787597656,234.72627861944892,230.8677392364079,233.06945035153416,5417260
2016-01-18,228.1434326171875,231.61278199928137,227.06482453158185,230.3229099605363,6495388
2016-01-19,230.3562774658203,230.74546791432556,228.24352931679178,228.44366268637748,6405212
2016-01-20,226.46434020996094,246.4131316513891,224.15144531352047,227.95438622985003,9563588
2016-01-21,227.50961303710938,229.7891570582534,225.3746308956408,227.06482395981297,6300804
2016-01-22,229.1331024169922,232.23549535020896,227.29833391216195,228.1100658281882,4236284
2016-01-25,231.54605102539062,232.78032427527586,229.74466091220168,231.2791613229905,10143884
2016-01-27,230.32290649414062,233.22513889846618,229.73355554455452,233.16954026450088,4039468
2016-01-28,229.4444122314453,232.82482517705728,229.06635241181465,231.06790306395672,9951972
2016-01-29,233.4809112548828,234.61511802239525,230.2228256906168,230.2228256906168,5360184
2016-02-01,235.6826171875,237.29497762591416,234.33711934185277,235.29342673684832,4609484
2016-02-02,234.35935974121094,236.9057661763718,233.55871773833493,236.85016754549255,6528628
2016-02-03,232.1465301513672,233.82561975132506,231.7351056907793,232.291092028809,4850244
2016-02-04,233.33631896972656,234.60398401937158,232.52460069187268,233.0694564054689,5675992
2016-02-05,234.68182373046875,236.58330778824552,232.53571112346972,234.13696800048416,7523904
2016-02-08,230.36737060546875,235.29341492016613,229.13309724119418,234.6262313239842,3481924
2016-02-09,228.1879119873047,229.41108186811465,226.98697612931926,228.33244670954883,5535460
2016-02-10,225.2745361328125,229.0997246660308,224.640703594147,227.70975888898087,7682280
2016-02-11,216.90138244628906,225.28565894407865,215.32238671246398,224.61847535391848,8803600
2016-02-12,216.0340576171875,219.38109266792813,214.8331216936935,217.72425066058585,12542144
2016-02-15,216.5233154296875,219.78140082081504,215.96732908812206,217.9466458936491,10912960
2016-02-16,216.48997497558594,218.3914456419068,213.9435546919698,218.2802483681584,7136096
2016-02-17,216.8124237060547,217.92439630979095,213.27634539661955,217.2572127475492,7503924
2016-02-18,220.0482635498047,220.44857097652363,217.27944902301496,219.28099973049413,6799856
2016-02-19,220.01490783691406,220.74880707788412,216.5010769453869,219.89259355906654,3328660
2016-02-22,219.892578125,221.504938369153,218.61380965549938,218.61380965549938,4002396
2016-02-23,215.73382568359375,219.16982411895728,214.8331304910327,219.03639282149854,6078320
2016-02-24,211.18582153320312,214.14367937904623,210.47416995941114,213.4987298696781,6463468
2016-02-25,209.6402130126953,212.88716778121463,208.65055462110826,212.16438554534216,8463196
2016-02-26,213.7211151123047,215.94506011867622,210.16280310211025,211.274775605296,6209388
2016-02-29,216.13409423828125,218.52483516684967,206.38210062432526,213.74335330971283,8812752
2016-03-01,218.8695831298828,219.4478034809729,216.1341195392664,216.8235507297499,4322560
2016-03-02,223.99578857421875,224.81865110599347,221.282572408801,221.94975604420443,6358976
2016-03-03,225.9194793701172,226.84242210529567,224.61847679053787,224.7852726891447,4610400
2016-03-04,226.96475219726562,227.9321766209244,220.86001916811327,225.83054543726396,5704624
2016-03-08,225.54144287109375,227.73202380331918,224.50730276313547,227.73202380331918,1913688
2016-03-09,227.90989685058594,229.04410338293403,223.89566522435777,225.28563086394283,6528172
2016-03-10,227.12042236328125,228.12119778617944,224.64071783032384,227.90993383378705,2671392
2016-03-11,228.77723693847656,229.24428715904915,225.28565375615128,226.82018140773616,4730856
2016-03-14,228.52149963378906,230.8343809210306,228.00998137924418,228.62156630857157,3008656
2016-03-15,228.33242797851562,229.82248745429175,227.20935201420014,228.59931767382335,7690036
2016-03-16,229.1664276123047,230.01153766709518,226.60890414662282,228.39917735954242,4803548
2016-03-17,226.48660278320312,231.06792483350478,224.8742423837393,230.16721609607532,5113484
2016-03-18,228.71054077148438,229.51115565234556,225.80828128712147,227.4984878645511,4135068
2016-03-21,232.53570556640625,232.9248959778857,229.56674414267377,229.7335400333078,5318796
2016-03-22,234.37049865722656,234.98208368947843,231.44600480072202,232.73590409148977,4120264
2016-03-23,233.36968994140625,234.19256597455015,231.412634405353,234.19256597455015,8464300
2016-03-28,232.95828247070312,234.1814524502629,231.65727983108926,232.40229611635777,11270868
2016-03-29,234.35935974121094,235.62699766614963,232.235481182517,232.9582633839469,6733952
2016-03-30,236.8390350341797,237.93990420529718,234.3815918579639,235.2934039674143,7814380
2016-03-31,238.21788024902344,239.94143766848,236.86127919358518,237.2615730152505,20080392
2016-04-01,236.72787475585938,239.3855059941205,235.02657811722258,237.6953127946425,5158648
2016-04-04,237.75088500976562,238.58486450376964,236.62778176539894,236.8946443443722,6179960
2016-04-05,235.1710662841797,239.49665583912892,234.7707724505102,237.73973376157124,6663028
2016-04-06,236.07180786132812,237.28384726396638,235.01543377998917,235.96061058960825,4295376
2016-04-07,234.7374267578125,236.7945761633168,232.858203835676,236.6277802655732,3911692
2016-04-08,235.59361267089844,236.48319068798608,234.459406128665,234.62620200686894,2962796
2016-04-11,238.1733856201172,238.8739337443898,231.92410542376254,235.80490584666092,4049620
2016-04-12,236.40538024902344,238.1845364503331,235.5714007796595,237.87317868555007,4941480
2016-04-13,240.57525634765625,241.28690790621766,237.85092365502044,238.40690991882366,4974604
2016-04-18,241.92074584960938,242.85479188235826,238.31793869236543,240.96443864884174,4117068
2016-04-20,244.15585327148438,244.6340069874234,240.97562746931135,242.8326165473432,3821352
2016-04-21,242.66580200195312,245.77932548819572,242.1876483227261,243.52201553111578,8191728
2016-04-22,242.88819885253906,244.82302046404382,241.34254053275484,242.29884790032696,7809320
2016-04-25,243.13282775878906,244.63399088467227,241.18687555857005,244.63399088467227,5561960
2016-04-26,247.71414184570312,247.969900984793,242.96602405909087,243.52201038416888,7053796
2016-04-27,250.01588439941406,250.19381085735233,246.6354988807144,246.8245287749201,5763636
2016-04-28,247.7363739013672,252.79584941938938,246.93575902916814,250.01591781608047,8089584
2016-04-29,251.8284454345703,252.64019091415665,246.01282293423702,247.70304311279443,5611940
2016-05-02,248.55923461914062,251.30580144431028,248.19227824057546,250.80541378656716,3862716
2016-05-03,248.6370849609375,252.41779197733814,247.55847691816538,249.50442905895986,4695296
2016-05-04,250.71646118164062,252.30658745766627,247.80309834702922,248.52588054997096,5292328
2016-05-05,251.81735229492188,252.36220806702212,249.6823429605396,250.861044899406,5214248
2016-05-06,249.00404357910156,251.80620925720112,248.47029127189927,251.75061062411274,2733152
2016-05-09,253.8411102294922,254.63059448581072,248.85946755837668,249.08186207808927,6953180
2016-05-10,254.61949157714844,255.19771190004798,252.66240894050685,254.30813381935064,5453000
2016-05-11,253.26292419433594,254.6417595441122,251.2391120727545,252.3510848218554,6147372
2016-05-12,255.55357360839844,256.198523237074,251.86182948436314,254.41936682570545,4221688
2016-05-13,253.7299041748047,255.30889978047887,251.30579856440863,255.30889978047887,5045316
2016-05-16,258.60040283203125,259.28982053209137,251.8729674543387,254.64176884158553,4518768
2016-05-17,256.52093505859375,260.03477915321116,256.04280858336773,259.10073307629625,4295424
2016-05-18,253.67433166503906,255.97610967171633,251.63941624113556,255.97610967171633,4162644
2016-05-19,253.37411499023438,254.13023472207058,251.75062395895233,253.55201433687816,3855796
2016-05-20,253.7299041748047,255.42009703648083,252.10641337806916,253.51861309974043,2016632
2016-05-23,252.80702209472656,255.74261949746025,252.01751052883333,253.96346297513097,3463532
2016-05-24,253.51861572265625,254.34149171424474,252.5401015779294,253.1739205141445,3259468
2016-05-25,260.93548583984375,261.52480956499414,254.93083415273907,254.93083415273907,5767348
2016-05-26,263.1483459472656,264.4048805588204,259.36763867398986,261.5582195174806,13705560
2016-05-27,263.9378662109375,264.64951792102784,261.6916595086838,263.14835468912287,5775184
2016-05-30,262.3699645996094,265.7614814126156,262.00300817061503,263.98232505169426,3814532
2016-05-31,262.8481140136719,263.737692179622,261.84733857697796,263.737692179622,5515640
2016-06-01,261.3469543457031,263.08161550378827,260.42401155666107,263.08161550378827,5675632
2016-06-02,261.3024597167969,262.5589943252557,260.42401212339706,261.24686108056216,7910616
2016-06-03,260.5907897949219,263.53751730913797,259.9903354247178,262.4477786856475,4524420
2016-06-06,260.4461975097656,262.95926625736536,260.2126995698487,261.5359360060106,5547308
2016-06-07,261.0244445800781,262.42554095445115,259.67897398503254,261.747226790334,5628504
2016-06-08,258.555908203125,261.98078983252765,258.20008233918895,261.49153266308724,4742812
2016-06-09,257.8442687988281,258.911746441656,256.3097408427526,258.5336865333622,4648184
2016-06-10,258.2778625488281,260.80203484481353,257.1325253759684,257.6218095938084,6322312
2016-06-13,256.39862060546875,259.07845800131776,255.98719621623843,256.81004499469907,3323236
2016-06-14,256.16510009765625,257.3104372053491,254.47490732257626,256.86564820412985,3828768
2016-06-15,260.1015319824219,260.4017591667079,256.46535971881167,256.86568072970607,3045824
2016-06-16,258.4557800292969,259.94581235722995,256.94348653259755,259.4343212831749,4727768
2016-06-17,260.2015686035156,261.98072462815503,259.2119239239166,259.5343850942759,3761652
2016-06-20,260.6575012207031,262.25873086379596,257.7107739076268,257.7552419513585,2742764
2016-06-21,259.45654296875,261.4135982356943,258.2444766825862,261.31353157207076,2670968
2016-06-22,260.5351867675781,261.3135676072593,259.31201687665055,259.31201687665055,3803840
2016-06-23,264.6717224121094,265.06091283621066,259.64561150755554,260.1571297811965,3926732
2016-06-24,258.4002380371094,260.62418357982006,255.08655374891592,257.9443183417446,11173964
2016-06-27,257.966552734375,259.97923431249876,256.4320520259412,258.422472430388,4163788
2016-06-28,259.5232849121094,260.89101669582845,255.7537085024207,258.25564695516175,4034980
2016-06-29,264.1239013671875,264.3951808088717,262.1796308457697,263.3778415069137,5420668
2016-06-30,265.9664611816406,266.76904009534445,262.73359869467845,264.7343609759732,16278892
2016-07-01,265.52557373046875,267.8993655773567,264.9151811515361,266.7689885074101,4304876
2016-07-04,265.14129638671875,266.6559908490985,264.824785240178,266.362081727932,7249852
2016-07-05,263.51348876953125,265.48036136786567,262.69962282409085,265.1412482575076,2136328
2016-07-07,268.04638671875,268.74721515683615,262.4510188322039,264.0335471233482,4832616
2016-07-08,265.604736328125,268.0350474102726,264.7908702293376,267.9220096855216,3118868
2016-07-11,271.2340393066406,271.720107076121,267.0064391472869,268.12550166090915,5102532
2016-07-12,271.776611328125,273.5286960887767,270.2845188578289,273.5286960887767,7046032
2016-07-13,270.7818298339844,271.7313355434677,269.7758052704342,271.2452954761707,6687072
2016-07-14,271.3696594238281,271.77660627047266,269.5271389968498,271.51661398495537,3459668
2016-07-15,276.64849853515625,277.1684830740532,270.1827466190802,272.14961946016524,5774216
2016-07-18,277.496337890625,279.9944829925004,276.41119214096364,276.9424640014639,4438484
2016-07-19,275.43902587890625,278.2423670484593,274.4216863284548,277.8467350010615,2586004
2016-07-20,278.5701599121094,279.99444629341934,276.2076824860598,276.49027680004184,4690332
2016-07-21,277.7562561035156,280.31091939397356,276.3772015579018,278.23100896714044,9112904
2016-07-22,278.253662109375,279.1240470324491,276.1511494821732,278.8301379221178,5620272
2016-07-25,281.90478515625,282.4699738089528,277.3945907465227,278.7510435130094,9872884
2016-07-26,280.062255859375,281.6108670472693,279.23707501416015,280.8761218941641,5665992
2016-07-27,279.6440124511719,282.0404342612538,278.0727991371638,280.5596290481466,10734736
2016-07-28,282.243896484375,282.8769188100635,279.32754513336545,279.8814189705164,10646528
2016-07-29,281.7351989746094,282.59429667534215,279.20316511523805,282.1421458006616,3395676
2016-08-01,280.8535461425781,284.61768035522744,277.54153523857303,282.3682406379847,5560864
2016-08-02,281.07958984375,284.0524596355194,280.4239655850605,281.9160578860482,5329396
2016-08-03,280.43524169921875,282.5829581738945,278.2988400343011,280.5821962405896,4733876
2016-08-04,280.55963134765625,281.8482503641598,278.88666751077227,281.8256483387493,4662880
2016-08-05,282.42474365234375,283.871631988954,280.7291778509489,282.0065096074196,5784912
2016-08-08,282.50384521484375,283.72465802776924,281.3621808782496,283.2499051552698,4728776
2016-08-09,281.9612121582031,283.2498584247842,279.8134959776612,283.2498584247842,4210856
2016-08-10,277.37200927734375,282.80910796105536,275.75556409139006,281.4639699067683,3619720
2016-08-11,277.6771545410156,279.2031637355215,276.2641830646213,277.3493561973318,2856072
2016-08-12,277.77886962890625,279.20315587585725,275.6763846894766,278.31016896675357,4641496
2016-08-16,277.4623718261719,279.98309066170117,274.41035368013667,278.7509906712146,3468568
2016-08-17,279.1805725097656,279.768363147261,277.168495530135,278.8414593423144,5511036
2016-08-18,283.15948486328125,283.70207143154096,279.10144180767315,279.8813910265407,6111656
2016-08-19,281.9386901855469,282.59431451464104,280.6613583645205,282.59431451464104,4110636
2016-08-22,282.662109375,283.6003002926794,280.5595969248788,281.47521341701804,5501292
2016-08-23,282.922119140625,283.4986225938311,281.70133375259127,282.8203962239894,5314524
2016-08-24,285.2619934082031,285.80455237164506,281.927380759647,283.0577579286491,5570936
2016-08-25,284.5272521972656,286.3923745520048,283.56643159027874,285.7593522897385,8729888
2016-08-26,284.1994323730469,285.2846055325485,283.47600199811234,284.85505667369995,2521136
2016-08-29,279.9039611816406,283.83767885726564,279.4744123807966,283.83767885726564,2944184
2016-08-30,286.8106384277344,287.22887251015874,281.2265579961942,281.4865502951397,9867608
2016-08-31,291.90863037109375,292.76772817988353,286.0985019394924,286.8897660697083,11161364
2016-09-01,290.21307373046875,291.63736024959894,288.3366638623188,291.1852093034755,5224676
2016-09-02,290.529541015625,291.411240746769,289.63655407079546,290.61997671060635,3955188
2016-09-06,293.9884948730469,294.7797588785357,291.64861969052095,291.64861969052095,5508884
2016-09-07,290.9026184082031,295.0284958404547,290.077437402332,294.1241939374954,4016444
2016-09-08,291.5016784667969,292.82421427415073,290.1904298732069,291.6373182116614,2905380
2016-09-09,291.7277526855469,292.6546564681892,288.9922453866855,291.637316990316,4013768
2016-09-12,289.3539733886719,290.37131291161245,287.45493409309597,288.1783644927912,3985728
2016-09-14,286.9914245605469,288.69830498279987,286.0758356879667,288.24615415275633,3849508
2016-09-15,289.2861328125,290.2582682611769,287.08189723205595,287.5679649563944,3501812
2016-09-16,293.4119873046875,294.91539441310454,290.2356441147638,290.2356441147638,6525816
2016-09-19,291.67120361328125,294.4632294828161,291.18513594922615,293.219814694213,5894832
2016-09-20,291.2868957519531,292.7677009539192,290.2921858727242,292.2364291781719,3778248
2016-09-21,292.3155822753906,293.44595962371,291.1626028995255,292.0895068057268,4256400
2016-09-22,295.4580383300781,297.73008025352635,294.02246460981127,295.0284894161053,6555800
2016-09-23,296.76922607421875,298.0691598849905,294.2371921251208,295.2658464403107,4876808
2016-09-26,293.0277404785156,295.9102028638325,292.4738389913096,295.2771804776269,5576772
2016-09-27,293.45721435546875,295.2884197654161,292.7337564423986,293.67197496883944,4056812
2016-09-28,292.8241882324219,293.8980464791727,291.41121685511814,293.8754444565553,4989652
2016-09-29,288.8113708496094,295.2545208059412,286.65233938680586,293.4346024987341,16450012
2016-09-30,287.7601318359375,289.6026522781264,286.5280316687546,288.72095250118497,4138428
2016-10-03,291.0042724609375,291.6146926592281,288.56267445906735,289.60261588192486,3900548
2016-10-04,291.5356140136719,292.767714204495,289.8965669650367,291.32082577317607,2775512
2016-10-05,290.755615234375,293.9093841521054,288.5626945250522,293.44591846545813,3647020
2016-10-06,289.81744384765625,292.9033795977418,289.1618470484948,290.981738062163,2895712
2016-10-07,289.51220703125,291.1286519694872,288.5287843727882,290.28086905752014,3337464
2016-10-10,290.3599853515625,291.1625642010396,289.09396840913206,290.5069399067329,4719312
2016-10-13,285.47674560546875,289.1504712962934,284.05245937572516,289.1504712962934,4519356
2016-10-14,285.2619934082031,286.6636500589262,283.49859398572033,286.1549803328752,4067116
2016-10-17,279.8135681152344,286.3019499653439,278.69450569781475,286.0984765447857,5135360
2016-10-18,284.3690185546875,284.85508632458254,280.10750155250616,281.05700746808037,2610968
2016-10-19,284.4820556640625,285.5333120949967,282.142180122372,285.103763192377,3044904
2016-10-20,283.83770751953125,286.5392979182531,282.82036806605623,284.91156583153264,3200356
2016-10-21,287.2740783691406,287.78274815836545,282.59432734711334,283.9507801183795,3956408
2016-10-24,285.6576232910156,288.6644099799203,285.09243471072165,287.5114307955404,3255664
2016-10-25,282.662109375,286.6636332802146,281.24913799645003,286.6636332802146,5501796
2016-10-26,280.17529296875,285.98542051265787,279.21447238599995,281.09088190699384,5366540
2016-10-27,283.06903076171875,284.1768058504838,276.75023374684173,280.10744824880624,11623860
2016-10-28,284.6402893066406,285.28459878111556,280.3561432275719,283.6116350319338,5320536
2016-11-01,284.8098449707031,285.7254339271476,281.9273831651536,283.9507472760919,3402416
2016-11-02,281.723876953125,283.8828805547133,280.6726207799589,282.842939190856,6474432
2016-11-03,283.71337890625,284.85507098355635,278.46843943174247,281.463939186133,6315812
2016-11-04,281.1700134277344,283.22732200750124,280.7291773589841,283.22732200750124,5734920
2016-11-07,282.4700012207031,283.690814348433,280.3335989450045,283.04650474124645,5671392
2016-11-08,283.56646728515625,284.4029354682807,280.3561791182701,282.84300923762714,5348164
2016-11-09,282.8768615722656,284.2672308868253,270.2392404189685,271.29049661276224,13645468
2016-11-10,289.0487365722656,290.05476114300313,283.521176046785,285.70280934876865,10700736
2016-11-11,288.42706298828125,289.82871970464305,286.1210768972697,288.02011614954387,7139320
2016-11-15,283.668212890625,291.4112981996538,282.74130892779726,288.81143013968796,12512524
2016-11-16,281.31695556640625,286.6636450008657,280.34484777647623,286.6636450008657,8647744
2016-11-17,278.11798095703125,282.34560802603863,276.9763166019597,279.9492140046062,4815624
2016-11-18,273.8677978515625,279.4292482437907,273.370415317464,279.4292482437907,6879900
2016-11-21,270.9966125488281,275.6989926296494,268.6567373189926,275.6989926296494,5552520
2016-11-22,270.8497009277344,272.8278610934435,268.8828279761404,272.8278610934435,10017784
2016-11-23,267.8428955078125,271.9687725645903,267.0177145770366,271.9687725645903,3532692
2016-11-24,263.4909362792969,268.1933166657214,262.45099473146286,267.673332093254,15285996
2016-11-25,268.87152099609375,269.7531930988852,261.7953489704032,264.28217871019115,5969960
2016-11-28,267.7750549316406,271.04186173286064,266.3394813477533,266.8255490832539,4130180
2016-11-29,266.4864196777344,269.6966798239839,265.97774994770265,267.83155748053423,3932644
2016-11-30,271.2000732421875,271.74265977946953,267.01767789616406,267.8993775696101,6442840
2016-12-01,270.6687927246094,273.07650143260014,269.7079722033485,271.8104846181228,4476984
2016-12-02,268.82635498046875,271.7314194571991,266.02301343363314,268.80375295128164,4062672
2016-12-05,270.4653015136719,271.05309203912776,265.9777103058732,268.4871417472661,4551936
2016-12-06,270.03582763671875,271.9348670586674,269.0750069122254,270.16018018108247,2702964
2016-12-07,267.1307678222656,272.62441274076406,263.83007150452596,271.7087960553133,5628192
2016-12-08,271.177490234375,272.54525768498473,268.3515472348505,268.3515472348505,4309696
2016-12-09,270.9061584472656,271.81046003253954,268.5775708263476,271.0870022060638,4387952
2016-12-12,267.7750549316406,269.5158524498172,267.0177076957726,269.4819356129961,3425272
2016-12-13,268.1820068359375,269.1089106762874,266.44123688203894,266.82555411432264,2526868
2016-12-14,265.796875,268.5776138590978,265.27691806341414,268.3515384265565,4314144
2016-12-15,266.0003662109375,270.04712224367853,263.06138539120724,263.19702514039005,4941488
2016-12-16,267.2890319824219,267.8994246960529,264.85872074572774,266.0003852800528,3255828
2016-12-19,266.0343017578125,266.6560092826342,264.62133011049036,266.0456165698321,3160436
2016-12-20,267.1985778808594,267.89940625121034,264.8925917498038,265.86472721639103,4189992
2016-12-21,266.76898193359375,267.89935897568523,265.63860489150227,267.67328356726694,2658876
2016-12-22,265.2090759277344,266.6559641692252,264.14653246755245,265.9551358701415,2805716
2016-12-23,268.1820068359375,268.86023319674496,264.35003893621604,264.73435616849974,4752516
2016-12-26,265.6385803222656,268.1480116041892,264.53080540405625,266.4411589867574,4183864
2016-12-27,267.9446105957031,268.3289554165173,265.3899745852238,266.61078752687354,4899296
2016-12-28,268.2950439453125,270.14885162174613,266.9951100900898,269.0071871419417,6507840
2016-12-29,272.4660949707031,273.08780239812285,267.0968035520783,267.8993823608594,8100816
2016-12-30,272.69219970703125,274.003448370085,271.27922812921526,271.2905429406782,4066540
2017-01-02,270.6348876953125,273.5738682414586,269.4932233491068,273.4269136947317,3708656
2017-01-03,269.0071716308594,271.73136412516106,268.0689530352461,271.47139944678713,3847500
2017-01-04,268.012451171875,269.481941625369,267.62813393826326,268.9958738790238,6967120
2017-01-05,268.1706848144531,270.0471220677448,267.46985644654796,268.8037071063613,6776384
2017-01-06,269.8549499511719,270.9288082731681,268.6228222655693,269.0523711137876,5525260
2017-01-09,270.2053527832031,272.2287445139923,269.51583925473483,271.0305336523138,4573796
2017-01-10,274.53466796875,275.08856928020555,270.22794797663107,270.4313937674761,5546116
2017-01-11,278.97705078125,279.9039544256908,274.79465577358945,275.2468065852284,9343404
2017-01-12,279.2031555175781,281.1700007159881,277.0554389366737,279.2031555175781,2916316
2017-01-13,278.637939453125,280.265671346589,277.7562398453755,280.1074296003423,3850412
2017-01-16,282.0630187988281,282.4699380189546,278.70580414656575,278.8640459104318,3765864
2017-01-17,279.99444580078125,283.1369000861529,279.4857760365085,281.9160871324782,3559612
2017-01-18,280.92132568359375,283.95074198534115,280.52569367843904,280.53700848885427,4612888
2017-01-19,279.49713134765625,281.4413749867371,279.20322218020357,281.4413749867371,3512412
2017-01-20,279.5083312988281,281.46388914038744,278.07275794592493,279.42921042370995,13942068
2017-01-23,281.384765625,282.59426355359017,279.3840037584598,279.42920780178997,4793848
2017-01-24,286.56195068359375,287.4549376815935,282.42475886648106,282.5943154557545,10261864
2017-01-25,291.77294921875,292.90332638726915,287.1384028278214,287.7035914120809,15636984
2017-01-27,292.0668640136719,293.8980695429426,291.18516428562316,293.67199410483266,6852236
2017-01-30,290.49560546875,292.30420886348185,289.50089567932565,292.30420886348185,5319628
2017-01-31,290.8800048828125,292.2477448987151,288.6983711087331,289.9191841488954,6101040
2017-02-01,295.1866760253906,296.1588114070163,289.4895862646446,290.77820516856866,10910664
2017-02-02,293.6041259765625,295.1866538576034,292.2250714853604,295.1866538576034,5971636
2017-02-03,296.39617919921875,297.51524144697794,293.10677092401744,293.6719594526021,8005104
2017-02-06,297.0857238769531,298.4195744640532,296.48661845425323,296.6788046518525,4310220
2017-02-07,295.5145263671875,297.96743945022183,294.56499293055776,297.51528855576015,3411920
2017-02-08,295.1754150390625,298.12568308558235,293.4798491742463,295.60496391090277,4940960
2017-02-09,293.3667907714844,298.39696914921217,292.2138115840991,296.02317710579007,4465376
2017-02-10,294.7119445800781,295.8762386412383,293.4459276075089,293.5250484938382,3296736
2017-02-13,296.2040100097656,297.2891830857237,293.71718034136796,295.6049322127844,2795792
2017-02-14,296.4075012207031,297.06312551027503,294.8023711304404,297.06312551027503,2446060
2017-02-15,298.9169616699219,299.3239085360776,295.5823486405358,296.6110030206449,6126940
2017-02-16,300.2055969238281,301.3585762045905,298.47611420413403,299.09782169442855,5043700
2017-02-17,311.31719970703125,328.7136940006173,307.56432527693704,326.67901501436864,402259960
2017-02-20,318.5628967285156,319.9984702519418,307.2704395484325,307.7338776418002,10566716
2017-02-21,320.0211181640625,321.4340897436836,315.9178431774226,317.87340136303845,6260028
2017-02-22,316.3134460449219,320.75583380093246,315.3413106489659,319.89673612092025,5296776
2017-02-23,315.2170104980469,321.3323348530558,313.5779634880209,317.3647272698051,34494980
2017-02-27,315.0586853027344,316.1325434983466,311.6675541586957,314.44829273564574,4681376
2017-02-28,314.2674255371094,315.65779484402424,313.00140874596354,314.90044773123043,2928008
2017-03-01,314.6178894042969,315.7143497612408,313.4309933525629,315.7030349504797,3481736
2017-03-02,312.0067138671875,315.6013189360945,311.13632892965626,315.2735205820568,4601988
2017-03-03,311.3058776855469,313.0014434681479,309.4972741841058,313.0014434681479,2492824
2017-03-06,312.1536560058594,314.2222517497612,310.42417341351194,311.2606690789389,3679124
2017-03-07,313.3857727050781,313.679681824186,311.1250182414804,312.4927857307972,3112876
2017-03-08,314.7422180175781,316.3247461050619,312.2214989273373,313.77011017924076,3782144
2017-03-09,315.1943664550781,316.21170593199867,312.35713624992604,312.35713624992604,3509316
2017-03-10,316.5282287597656,318.31423031575855,314.9570154373171,315.3752494960818,5860704
2017-03-14,318.9245910644531,321.9653220894937,318.0090021513016,321.50185642932354,7155020
2017-03-15,320.25848388671875,321.02714595278655,318.89074394285683,318.9811520471342,4271860
2017-03-16,320.42803955078125,321.67145454911343,319.5915714089256,320.59759614146293,4980108
2017-03-17,322.34967041015625,322.7227004169234,319.4106896007552,320.69933620621435,3390464
2017-03-20,324.66693115234375,325.5147140452614,322.3722599360933,322.53052930103087,8142344
2017-03-21,325.7633972167969,326.679013796034,324.19218393322683,324.19218393322683,5557280
2017-03-22,323.4913330078125,324.8703875888047,322.3383538531173,322.7678750854033,5636544
2017-03-23,323.4913330078125,324.41823673621064,321.68272959743643,324.28259699985205,4922472
2017-03-24,322.010498046875,324.2938541211791,321.47922636379417,323.9660558223045,3810364
2017-03-27,318.7324523925781,321.9314253762352,317.4212314036593,321.9314253762352,5864084
2017-03-28,321.0723571777344,322.0896967474954,319.46722693153185,320.6428358815169,8061400
2017-03-29,322.97137451171875,324.3730588259589,321.0271312083278,321.2080026027782,8575772
2017-03-30,331.4718017578125,334.5803390828391,322.1688194045947,322.83573091912405,34321092
2017-03-31,326.1251220703125,328.71367470088524,324.76866949245465,328.66847065379596,9651392
2017-04-03,324.0113220214844,327.83200262373975,322.38358982976763,326.90509880353716,4149052
2017-04-05,323.81915283203125,327.01812584589953,322.73400727203307,324.47477713123214,5744080
2017-04-06,325.2095031738281,326.2268425998151,322.16879970610637,323.6269751778484,6124416
2017-04-07,325.2886657714844,326.6790353513968,322.9713923373309,323.5252937652188,4648360
2017-04-10,324.22607421875,326.2268361978412,323.88696108340923,326.2268361978412,3393876
2017-04-11,325.4355773925781,325.8198945799059,323.6269739753217,324.19216254321435,4356260
2017-04-12,326.38507080078125,327.79804216706066,324.53126340706143,325.3225273721779,3565092
2017-04-13,325.616455078125,327.56069826990284,324.88170992563755,326.226847704429,4804236
2017-04-17,324.8251647949219,326.4076926876645,322.8922089728049,325.6164287412932,7137056
2017-04-18,327.19903564453125,328.9398057080626,325.09652275477254,325.5486736904537,3638860
2017-04-19,327.5832824707031,329.33536696977,325.09645285912427,327.13113163223426,4338144
2017-04-20,330.5561828613281,331.4378825240526,328.4762724265553,328.4875872364622,5781372
2017-04-21,338.3445129394531,338.88709953885547,328.55546251303554,331.4266096891008,17258032
2017-04-24,346.5849914550781,347.93012938951074,338.4349601664052,338.6836376504471,20206952
2017-04-25,347.4892883300781,349.39961488149874,345.80500963602486,347.0371374211406,9057780
2017-04-26,350.5638427734375,351.095114471667,331.9804273680639,348.82304554458625,7795852
2017-04-27,354.6219482421875,355.83144639012966,349.5352505757103,349.5352505757103,16180420
2017-04-28,349.62567138671875,352.6550878318303,347.50055671047033,352.6550878318303,5437728
2017-05-02,348.29180908203125,350.62039709762985,345.9745358770041,349.7386973831265,4007040
2017-05-03,349.1283264160156,351.3777660914167,348.0092363868512,351.3777660914167,2507964
2017-05-04,346.9805908203125,348.81179633570497,344.2224539380147,347.9866154734376,5131028
2017-05-05,346.39276123046875,348.811784878717,345.0589382772187,348.63091349670094,2757896
2017-05-08,346.9805908203125,348.15617205073505,345.5676193428339,347.7040211779419,3747252
2017-05-09,347.1953125,349.4221497792948,346.49448424520466,346.9805518983533,3345836
2017-05-10,350.82391357421875,351.5473440150229,347.4893005039798,348.1562120791867,2342244
2017-05-11,349.60308837890625,352.6777090408679,348.3822754051137,350.64302995024747,3875744
2017-05-12,350.7899475097656,351.9768435207535,347.29706554774225,349.4900137834456,6147604
2017-05-15,351.1855773925781,352.04464746565554,348.6648308364739,350.41691541354163,2804780
2017-05-16,352.59857177734375,353.1298435513589,350.02130619615326,351.5473154432542,3590376
2017-05-17,352.0333557128906,353.89847798055666,350.7560240344028,352.4063856858434,3472472
2017-05-18,352.0220642089844,353.0168016703509,349.98738523682096,350.19085865345727,3107280
2017-05-19,352.96026611328125,354.9158241078842,349.34305922276883,352.56463410963147,2854136
2017-05-22,356.2948913574219,357.1991931121362,353.37851267904847,353.8306635564056,2860052
2017-05-23,354.7349548339844,358.0017613846639,353.80805108219835,357.19918256221945,3080172
2017-05-24,354.2037353515625,356.17058086134665,353.12987689110616,354.7237199607298,3467388
2017-05-25,365.597900390625,368.36732450846955,354.2828136703062,354.2828136703062,20090804
2017-05-26,367.5986328125,368.9550853321033,361.9693493367268,363.2240789561987,5443156
2017-05-29,368.9325256347656,372.57233479385343,365.7109505311173,366.19701825915797,5916340
2017-05-30,368.2882080078125,369.2942326808979,365.3718293010136,368.50296863781057,4434184
2017-05-31,369.9046325683594,371.44195663526995,366.95436456539596,367.37259861978924,5318912
2017-06-01,368.18646240234375,370.72981114612355,366.3665716372769,370.53765253823576,3359540
2017-06-02,369.46380615234375,372.14279472985197,367.6438877312018,369.40728728953934,3213544
2017-06-05,369.7577209472656,370.5263554155101,367.3726138615088,369.3394592784191,2899900
2017-06-06,370.5263366699219,371.62282464734716,368.5029724917062,369.6333497079384,5002632
2017-06-07,370.9446105957031,371.87151442427364,368.58210557731996,370.8541748959912,2554276
2017-06-08,371.8376159667969,375.14962700311264,371.13678755431454,371.6454573435988,4248768
2017-06-09,376.822509765625,377.5459400490361,370.7862796748467,370.7862796748467,5305272
2017-06-12,377.2633972167969,378.9024441859785,375.2852370815777,376.1895388576779,3971412
2017-06-13,379.0606689453125,382.49703209852566,375.51129567225894,375.6808522476678,5051620
2017-06-14,377.8172302246094,379.7953901462556,376.86772450105804,378.67632785799174,3858360
2017-06-15,376.26861572265625,378.8119641703826,373.83830498371776,377.09379651622686,3526692
2017-06-16,377.3764343261719,378.6085344552681,374.8556876099648,376.4156136906252,3755104
2017-06-19,382.7231140136719,383.42394235114386,377.18426578984935,377.7720564084678,3825532
2017-06-20,381.2875671386719,382.9718182284038,379.7728450419635,382.0675164144052,3660264
2017-06-21,384.0343322753906,384.61083567630203,379.71629696517493,380.39452327349466,3410932
2017-06-22,383.8761291503906,387.9454874099354,382.3388049912774,383.1865879620159,6675460
2017-06-23,379.5015869140625,384.9500001308948,378.7216099972916,384.78044353121885,5217468
2017-06-27,377.01470947265625,383.1978671788059,374.43744396159127,381.84141455162427,6000432
2017-06-28,376.7433776855469,378.6763335913747,374.78784735393214,376.4155793609784,4449036
2017-06-29,378.4730224609375,382.762855613194,375.753452871443,379.37194306747375,9187708
2017-06-30,375.96966552734375,377.77889672174297,373.9100766950745,376.367926412442,4330432
2017-07-03,377.46026611328125,379.4857126544582,374.8772654692991,376.09480028064155,3504332
2017-07-04,376.2655334472656,379.30368977201505,375.9583091502419,377.8358249193034,3766080
2017-07-05,375.2186584472656,377.66511823699005,374.36524224154783,376.2086156898032,4014200
2017-07-06,377.35791015625,378.4616562735924,375.81037092460025,376.0834807904379,4571676
2017-07-07,379.41741943359375,379.9636113100517,377.3237163177231,377.97230701706013,5517396
2017-07-10,381.499755859375,397.8056986633106,378.01783477620046,379.5994881981705,1309252
2017-07-11,382.4214782714844,384.7882913235564,379.3946844961701,381.7728875426239,4410280
2017-07-12,382.6149597167969,383.4683759838232,377.4489576925886,382.3304876277881,5738892
2017-07-13,383.1383361816406,385.35721810936906,382.2507778544547,384.1510455390301,4481004
2017-07-14,382.3190002441406,383.7072459092584,380.5097693311002,383.21794848470626,2443252
2017-07-17,382.8652648925781,384.0714375843315,381.6477299862841,382.9107970921678,2399340
2017-07-18,383.1383361816406,384.1169033378936,381.7273381849553,382.26214006785165,2322188
2017-07-19,385.1296691894531,386.01719980233685,382.7514660726027,383.468341228026,3987244
2017-07-20,389.362548828125,390.29561149776896,384.1851580633587,385.4937293555524,3698476
2017-07-21,387.5760803222656,390.3525161989282,386.88195746286425,390.09079637749136,3873508
2017-07-24,394.8699645996094,395.98510061144907,385.7441066301185,389.157771290562,19678176
2017-07-25,395.90545654296875,400.30907842721876,394.4034496387909,400.30907842721876,11160468
2017-07-26,397.7033386230469,399.3987810257524,394.2782838331146,396.44027153667275,3895344
2017-07-27,407.28436279296875,409.36670392792985,398.6136595452616,399.62636901514264,17961712
2017-07-28,404.746826171875,406.56744726233046,400.7869697440398,403.26757153588,9255396
2017-07-31,406.0895690917969,407.5915760437357,402.0273135466185,404.53066772667495,7369140
2017-08-01,409.0025329589844,411.72210248819175,403.3130918273466,405.5092216602536,8516860
2017-08-02,407.7394714355469,411.2327825435606,405.5547317163685,411.2327825435606,7397916
2017-08-03,405.07684326171875,407.81916516646265,403.8138039218158,406.90885452993035,4256784
2017-08-04,407.4208679199219,408.90012257233326,401.9362523801528,404.40546420539096,3545068
2017-08-07,407.03399658203125,408.83183770237963,406.2260848529075,406.4536624914806,1918660
2017-08-08,404.6103210449219,409.0139431420743,401.92489358604837,407.84191265501147,4035372
2017-08-09,401.5493469238281,404.41684734892283,400.1611289065601,403.03999154511985,3270056
2017-08-10,400.6390380859375,401.9021050776176,398.90945360885553,400.53663926195185,7788444
2017-08-11,398.0447082519531,400.08151715028345,393.97106267481706,397.1230076377956,6359836
2017-08-14,399.8994445800781,403.9389479596239,397.80574126456014,398.94362954048853,3577084
2017-08-16,405.3727111816406,407.31851130750306,397.9309327327703,401.07148780584964,4426832
2017-08-17,401.7655944824219,405.3044103211065,399.1143092667643,404.2348064633443,5454868
2017-08-18,398.7501525878906,400.76420907056644,396.667811703576,400.5366314390669,3707464
2017-08-21,396.7133483886719,400.3090863710509,395.575460138612,399.17119812099105,4009724
2017-08-22,397.578125,399.171168431597,395.25684425471917,398.5567199344558,6609556
2017-08-23,403.3699645996094,404.62164158142264,398.2608578496699,398.2608578496699,3360524
2017-08-24,401.1055908203125,403.9389213283857,400.3432112817984,403.92755911466077,7878276
2017-08-28,401.0487060546875,403.0741526571076,400.16114768053995,401.08284825763053,1507784
2017-08-29,397.38470458984375,400.3090717294416,395.5299412539906,400.3090717294416,4918596
2017-08-30,402.4824523925781,402.81242886335565,398.2722659892041,398.7046412873335,2694320
2017-08-31,404.2803039550781,405.0540735187324,399.71738875525597,403.2675945279625,7303436
2017-09-01,402.2662658691406,405.4182109009836,400.78701108057754,405.31581206627345,2295172
2017-09-04,398.4656677246094,401.67450666938663,397.37328401637933,401.67450666938663,3642524
2017-09-05,399.47845458984375,401.65183243481937,398.48849728859744,399.853963298724,3682436
2017-09-06,400.513916015625,401.1738967636813,395.5299598719604,396.8385313732629,5751632
2017-09-07,402.0273132324219,404.34859417628815,400.55942070515994,400.55942070515994,6946420
2017-09-08,406.8292236328125,407.3640255963548,403.0400499056672,403.5862418647968,8311664
2017-09-11,414.9537048339844,416.2395241195904,407.4095001392538,408.0467286749183,11477676
2017-09-12,417.6504821777344,418.720113775434,413.8044422091104,415.9436498435613,6687680
2017-09-13,419.1639099121094,420.7910957465105,415.1016542139725,417.60500848828923,4995376
2017-09-14,418.6063232421875,421.58758481759634,416.80845430144547,418.7770064749072,8154016
2017-09-15,420.7796936035156,421.4283121438806,417.25223995517825,417.8325740869336,3767332
2017-09-18,423.3968505859375,424.3071612348625,421.5876192833896,421.82658694092294,4084928
2017-09-19,420.95037841796875,425.11506062731087,420.46110868284774,424.4095754511016,4241468
2017-09-20,420.7569274902344,423.6244002889999,419.9376535163691,420.56349204619977,3446128
2017-09-21,418.5380859375,420.6773215844223,416.6264279598145,420.56353274980387,7712496
2017-09-22,415.1244201660156,418.5039429921215,414.19135727988714,417.5595178908375,8243524
2017-09-25,409.5828552246094,414.74885651058565,407.95566955191185,414.74885651058565,10149228
2017-09-26,407.88739013671875,408.86595726010296,406.22606235495505,407.147762852319,11438732
2017-09-27,404.2917175292969,410.91422195355767,402.81246272268817,408.7294819491231,7337220
2017-09-28,408.57012939453125,409.41215551157677,401.28764524980056,403.72271477350597,27646464
2017-09-29,410.9369201660156,414.64644669041866,408.7863226496512,409.6624909792636,6213632
2017-10-03,411.6538391113281,414.4189131986499,408.979801642858,411.4604036590659,4394424
2017-10-04,408.95703125,412.3479437430036,408.12636728318586,411.43763315591406,6625104
2017-10-05,409.3211669921875,410.7776695483432,408.0694898827604,408.50189298574855,3336196
2017-10-06,409.6625671386719,410.65252446865054,408.27434887751394,409.1846595773523,3030660
2017-10-09,408.61566162109375,410.3224939586923,407.47777339602806,409.3666789618268,3062492
2017-10-10,410.25421142578125,413.04203758991844,407.9670727512431,409.4121852475785,3798180
2017-10-11,407.39813232421875,413.110325735741,406.8177982093427,410.37939395839413,5267440
2017-10-12,413.918212890625,414.52127139788996,406.90881063329846,408.5246062827388,5381560
2017-10-13,421.2007141113281,422.5092855627248,414.6464668599688,415.7160706732687,6433464
2017-10-16,422.64581298828125,426.3098073781566,419.1980062407925,423.29440369591424,3274544
2017-10-17,421.3031005859375,421.8606546845169,418.5380267397042,421.01862853962695,2613288
2017-10-18,425.2288513183594,426.7081060861246,418.515310449271,418.97046576242957,3926720
2017-10-19,420.654541015625,424.43232451418703,418.8908141979387,423.70408713391316,570008
2017-10-23,424.04547119140625,425.50194601232477,417.843979865716,423.27170157999547,4162892
2017-10-24,424.9101867675781,427.754907138231,421.70134774557624,423.97712404209847,11328872
2017-10-25,408.5246276855469,423.9771554393508,406.22609901193835,423.2944224998349,21367208
2017-10-26,408.58154296875,411.915561216459,400.04738078885094,402.35729957497216,28571464
2017-10-27,407.60296630859375,411.34660758633186,404.86064447916146,410.64112241848903,7472088
2017-10-30,413.0534362792969,413.28101393013947,407.91018692634935,409.2415106276835,5422352
2017-10-31,411.57415771484375,412.2568906278349,409.4690645664543,412.2568906278349,4682460
2017-11-01,414.46441650390625,415.32922270995834,412.37071317832573,413.07619835669686,4190612
2017-11-02,414.6692199707031,416.4215844994543,413.49718954689354,414.87404540659276,4737944
2017-11-03,416.62640380859375,418.7428871219984,414.5554526946833,415.48851552837095,3810488
2017-11-06,416.14849853515625,418.7428893841751,414.7830325915122,415.32922452506494,6148244
2017-11-07,415.0333251953125,419.86934997819037,414.36198227881994,418.28769651433254,7446376
2017-11-08,415.54541015625,417.28638478198206,413.96375655811653,415.37472691412876,3283144
2017-11-09,415.9778137207031,417.60499952016016,414.44166453990687,415.7843782688461,3113308
2017-11-10,414.646484375,417.5594894498685,412.45035446422946,414.5781999668096,7744360
2017-11-13,412.7234191894531,414.908158866488,408.50184306949865,414.64643903767495,3335872
2017-11-14,410.1745910644531,413.9637646698907,409.63978911808863,413.25827947806033,4712468
2017-11-15,409.6966552734375,410.47042482227204,406.90882912312526,409.1846055723597,6148368
2017-11-16,411.3920593261719,413.28096471541886,408.5473390293972,410.5500332305152,4012972
2017-11-17,415.45440673828125,418.356021892198,412.6324382089651,416.17125414016226,6358772
2017-11-20,418.3218688964844,418.6745975907526,416.23952781305775,416.23952781305775,2392424
2017-11-21,420.165283203125,421.01869948586665,417.8553642417421,418.1625885474335,2275532
2017-11-22,422.21343994140625,423.2944337911417,419.7783701710344,420.95037285742006,5660796
2017-11-23,419.3914489746094,423.2944110628155,418.2877029749758,423.0668334224592,3232580
2017-11-24,421.3372802734375,422.79378283622543,418.9704670814666,419.4256223960581,5203684
2017-11-27,422.73687744140625,423.7495868778771,420.01730783907686,420.79107740987905,3870472
2017-11-28,424.5119934082031,425.79781277626313,422.35000558277585,422.38414778874636,5090540
2017-11-29,426.32122802734375,426.8218877512255,422.3386191040452,424.43232239724637,3274584
2017-11-30,421.8606872558594,426.469134761903,418.74288449976325,425.2743520751509,5796312
2017-12-01,420.6090393066406,423.2944669294593,419.6759764141282,422.1338263665547,3858148
2017-12-04,417.400146484375,422.1337725371031,416.48983591888685,422.1337725371031,3641932
2017-12-05,414.293701171875,416.1371022693351,411.23279304419475,415.55676817858307,3893360
2017-12-06,410.3907775878906,414.49853740432104,409.41218260399603,414.1799231458106,6395120
2017-12-07,411.83587646484375,413.41752993023346,410.3452318299002,411.1531435536586,4231304
2017-12-08,418.8338623046875,421.7013347941443,412.8258075102956,412.8258075102956,8956400
2017-12-11,420.1993713378906,421.4169061884967,418.7428688466769,420.5634900155755,3198232
2017-12-12,414.1685485839844,420.995877717913,413.26960024639976,420.81380449548556,2410588
2017-12-13,414.4985656738281,419.8807828913765,413.07620529817984,414.2027313839789,2907460
2017-12-14,418.2991027832031,418.74286808012005,412.37069400063996,415.10162574898857,3683092
2017-12-15,426.3553161621094,429.66658191778595,422.27030865913764,422.3840974785014,12450124
2017-12-18,427.60699462890625,432.1699374130981,411.7562342620148,422.1565212750379,12297988
2017-12-19,428.87005615234375,430.9523970832295,426.96978844291857,427.80045237256377,4952112
2017-12-20,425.1492004394531,433.1030283451006,424.1251009950963,432.1472133092244,9343504
2017-12-21,425.183349609375,428.9838853862833,424.4778366451018,427.8232448864262,6854544
2017-12-22,427.0835876464844,427.8459671915021,423.6926752227548,427.61838954937895,4470904
2017-12-26,425.1947021484375,428.4832159004224,422.54341693662604,428.07356501310016,6785696
2017-12-27,422.5547790527344,425.63846715760695,421.2803498369452,425.59293496175565,3489384
2017-12-28,427.4021911621094,428.0507818697683,422.8392484400051,423.044073868864,8700520
2017-12-29,426.11639404296875,427.66390538243377,425.14918903812514,427.1177412511371,6345872
2018-01-01,422.0427551269531,428.016668484776,421.13244452004676,426.18465727618695,6580516
2018-01-02,426.10498046875,426.7080667591976,422.9644257656862,422.9644257656862,4776316
2018-01-03,421.6217041015625,427.44768590560835,421.2916998679585,426.708058604028,4531288
2018-01-04,423.27166748046875,424.54609673634036,421.70137617391515,421.70137617391515,2373776
2018-01-05,424.11370849609375,425.1264457200412,422.28172505806845,423.97716746041414,2870868
2018-01-08,423.4309387207031,425.72946725962936,422.7823480222621,424.43228586274734,4570308
2018-01-09,424.136474609375,425.53608277704274,422.15656007592634,423.7496036988544,5305528
2018-01-10,424.2502136230469,425.09226753600416,422.6799501749259,424.4777912567424,4615888
2018-01-11,426.1505126953125,426.93564442601763,422.4409861224921,424.2502172134941,4059096
2018-01-12,424.5006103515625,427.4249776578627,423.29443766966847,426.25294718026294,4336708
2018-01-15,431.8854675292969,433.39886439566425,423.26026939285157,425.558798007246,12576444
2018-01-16,432.43170166015625,434.6733360833389,429.0407889272852,433.1826912793442,6445384
2018-01-17,430.23553466796875,432.97785638198275,429.4390129164015,431.71478934945077,2905496
2018-01-18,440.20343017578125,444.68669846986444,436.5052936096936,437.8593694247795,16649540
2018-01-19,444.277099609375,446.0294642709791,436.7784267761318,440.3969171495987,11455988
2018-01-22,446.8145751953125,452.42436984429577,444.4932942690659,446.05219562113666,8849768
2018-01-23,444.072265625,447.5769391006656,442.2516444821196,447.19006821999307,5047796
2018-01-24,445.5174255371094,448.1004265024987,443.9129918719259,444.35678499103983,4790568
2018-01-25,449.4544372558594,450.6037154200036,443.89017521551364,444.66394472737994,8723668
2018-01-29,455.0755920410156,456.7368919938116,450.1485310265169,450.1485310265169,8235892
2018-01-30,454.13116455078125,455.5876669513383,451.54816398427425,454.65460421644906,6397560
2018-01-31,456.4524841308594,458.22760092330856,452.1967931634537,452.7429850827054,6943348
2018-02-01,453.1412353515625,458.56895665211925,451.80991167866733,456.52075783828843,6521420
2018-02-02,443.32122802734375,452.8567363834104,441.8419734163695,451.96917806073134,7346124
2018-02-05,435.54949951171875,440.41966699714555,433.72887822972564,436.4939523578479,7926784
2018-02-06,431.6693115234375,435.1284808025647,417.90086325536475,423.2944426217418,10749804
2018-02-07,426.2074279785156,433.9905723857771,423.8406148960379,433.9905723857771,8364972
2018-02-08,428.0621643066406,432.07891533504596,424.77367841742046,428.75628724265744,5171444
2018-02-09,420.9048767089844,424.36404598391306,419.6759518048338,420.54075801380384,6408952
2018-02-12,427.0835876464844,429.21143304424095,422.19066834083685,423.2944143490393,4381108
2018-02-14,428.56280517578125,431.91957510615873,426.62839538539424,430.0762019208254,3577188
2018-02-15,428.2784118652344,431.20277929445837,426.70812042597146,430.05350097792046,4915224
2018-02-16,427.52740478515625,431.22554191815175,426.8560617716649,428.733577546878,3583520
2018-02-19,427.436279296875,429.57551450361626,423.0781900521149,428.43762639157,3654552
2018-02-20,424.022705078125,429.17734487730263,423.0213855510914,428.92701499554425,4084068
2018-02-21,422.7027282714844,425.2402245986984,421.51930783550284,425.10365578573834,2753072
2018-02-22,421.7468566894531,423.2943956998999,419.0955994999045,421.0186193789327,13253596
2018-02-23,427.97119140625,428.9497587029021,421.1097192122743,422.5889740429948,4076748
2018-02-26,435.0260314941406,435.76565879462527,428.65385782842714,429.6893193808221,4788884
2018-02-27,432.9779052734375,437.3473854061001,432.39757110528956,435.75434172308064,4787328
2018-02-28,428.8017883300781,431.36203684070625,427.390818040855,430.0193509572896,4066364
2018-03-01,426.5601501464844,430.8727631551342,425.115037667681,427.6866761490595,3909840
2018-03-05,425.5588073730469,427.3908185327278,422.896160031119,426.514650153066,3781464
2018-03-06,420.165283203125,427.8232775363554,418.6291338941901,425.57025299382195,4576828
2018-03-07,417.05877685546875,421.79240287225304,416.1257140890231,418.7428569449289,5628164
2018-03-08,421.667236328125,422.9530555856236,416.9222479595709,418.6973647126365,5518724
2018-03-09,421.25762939453125,424.48922098329956,419.65319581461165,422.1451600246395,4108108
2018-03-12,424.9443664550781,425.4450261722904,421.7924215624368,423.33993291230405,6557116
2018-03-13,423.351318359375,428.92697071782396,422.1565357111359,424.9898663076273,5124200
2018-03-14,424.3184814453125,425.09225092573723,420.56345063606193,422.3840716344864,3680392
2018-03-15,428.0280456542969,429.55280476298776,424.4778121693598,424.4778121693598,5870924
2018-03-16,421.7013854980469,428.0963119076805,420.23352076756953,427.8459820487469,7896336
2018-03-19,420.3927917480469,423.2944066322193,419.45972898844684,421.7013631663991,7838740
2018-03-20,418.6290588378906,422.3613376013467,417.661853890861,419.9034880355292,3657372
2018-03-21,423.0440979003906,424.0226651242358,419.49389212689766,420.56349596657077,5921140
2018-03-22,425.0581359863281,427.84596206895833,422.17927329184386,423.04407943374713,6673224
2018-03-23,419.0956115722656,421.7241166304152,418.1170166138715,420.2562519732975,7190152
2018-03-26,430.9068603515625,432.3975049677193,417.2635922938492,418.72009470878237,10501768
2018-03-27,430.7134704589844,432.1699730279172,426.9356868880319,430.98658031717696,6136836
2018-03-28,429.23419189453125,432.32924231920543,426.9470532240858,428.5173167546553,8837508
2018-04-02,439.4979248046875,440.53341417310196,430.2355260205343,430.2355260205343,4596368
2018-04-03,436.01605224609375,438.24629668619656,434.90091613580404,437.84803577398424,4079884
2018-04-04,428.5856018066406,438.0755785321447,427.49321799370915,435.34464678029036,3714108
2018-04-05,434.4230041503906,435.5836446694334,430.16728520659893,432.6934194768685,4858892
2018-04-06,437.7228088378906,438.41690392483764,433.7174481998706,435.17392277335296,3720008
2018-04-09,441.2844543457031,441.95579730253604,436.1298150054153,436.6760069227493,4003536
2018-04-10,437.1425476074219,442.1833983896264,435.46985734356673,442.1833983896264,6067236
2018-04-11,436.6873474121094,436.9490672532777,433.6264392771339,436.01600448867526,2870812
2018-04-12,438.9517517089844,439.8848144525823,433.7402183326562,436.0387468806821,4712516
2018-04-13,438.08697509765625,441.50063983867693,436.74426141009315,438.7697080458604,3297172
2018-04-16,441.9785461425781,443.77641512404745,436.9149434571884,436.94908566060053,2847744
2018-04-17,443.4350280761719,444.00397217172764,440.1579045296759,442.2971398850603,2667832
2018-04-18,439.8165588378906,444.57293725739976,439.23625250130914,444.00399313498184,2712720
2018-04-19,441.2730712890625,442.5930327950002,439.907605364496,441.5006489431569,3169032
2018-04-20,445.119140625,446.27978110850376,439.71417132294647,441.7282280120376,9361380
2018-04-23,440.5334167480469,450.37614968068436,423.36269491763517,450.37614968068436,15304620
2018-04-24,440.3627624511719,443.3326619612885,438.31456355605013,440.3627624511719,5037416
2018-04-25,437.1197509765625,441.04546525710174,435.12844663136144,438.7469366547358,4020592
2018-04-26,439.28173828125,441.3185470408996,434.9577631343293,436.2208301446982,7847480
2018-04-27,437.7228088378906,440.4764925402499,435.2422071729414,439.90754847858597,5777008
2018-04-30,442.479248046875,444.86881343689413,438.95179437589434,439.2248764511349,4609552
2018-05-02,448.21417236328125,450.14858234809356,442.8660976993883,443.77640828047646,7100048
2018-05-03,447.85003662109375,449.44308007729325,442.86608082346066,447.8841788226784,4152772
2018-05-04,452.5381774902344,452.8795439806721,447.485964543947,448.32799077483617,6881436
2018-05-07,450.0119934082031,452.2650174126315,449.4658015616036,450.97919829763947,5264128
2018-05-08,447.6566162109375,450.58098338330353,444.82325787188745,450.43305235845384,7100564
2018-05-09,450.2396240234375,450.7175315277861,445.17602135921476,445.17602135921476,4327332
2018-05-10,453.49395751953125,454.92770778080495,451.05888785470506,452.5608947405079,7171672
2018-05-11,457.829345703125,459.024128387326,451.9692211091866,453.49398027969113,6057068
2018-05-14,460.1051025390625,461.3909217859429,457.97725712014056,459.0696131449128,4742916
2018-05-15,463.75775146484375,469.9478525018303,461.2316172972334,461.3112917000037,9826684
2018-05-16,460.46923828125,466.30661063222874,459.05826794594384,462.10781404985335,6841604
2018-05-17,461.4705810546875,465.27111670793374,458.0000218826574,460.5830226611553,6615476
2018-05-18,457.92034912109375,460.77643180511484,455.95179699946607,460.77643180511484,5217460
2018-05-21,453.5736389160156,459.9344230157457,451.9805953924579,458.8192869931604,4848108
2018-05-22,452.85675048828125,458.3299760510736,451.855403318185,454.8594170480001,3960372
2018-05-23,447.75897216796875,453.78977916286135,446.82590947202306,452.3788090158675,5726292
2018-05-24,451.96923828125,452.9364433480653,445.22155502372516,447.6680148986111,4520744
2018-05-25,457.1351623535156,458.79649012140186,452.85671968931734,452.8794718956298,4759588
2018-05-28,464.759033203125,466.98930512928445,456.5207339616689,456.93038481519955,5103940
2018-05-29,462.5743408203125,467.1486461774151,461.70956239058046,463.803265726222,3351244
2018-05-30,466.1586608886719,467.2168746443701,458.86478673101186,459.6385284490552,4866996
2018-05-31,490.00079345703125,494.7073958366973,476.3848996945974,480.96552373012236,39639192
2018-06-01,483.3932189941406,489.66865080558534,481.19449735385166,484.62996496941935,21151356
2018-06-04,468.6436462402344,494.02031524888633,466.7541387757915,492.41709679420757,88796324
2018-06-05,472.6287841796875,473.3960051136601,463.33009553616404,469.51393764168876,17105460
2018-06-06,471.1973876953125,472.90365904633063,468.3688298528547,471.85009310184813,9782000
2018-06-07,472.30816650390625,476.3391383064171,470.24688554222274,474.82750990151936,10563896
2018-06-08,469.36517333984375,472.09062260919467,466.0785528246021,471.5753023419439,6180888
2018-06-11,467.75048828125,472.47996077467303,466.9488789829866,469.9491545212761,7091188
2018-06-12,468.10546875,470.1323895218603,466.8572597432485,469.9491533566887,5234256
2018-06-13,465.26544189453125,470.61334303186845,463.58206808710247,469.9720444586044,7897960
2018-06-14,466.6282043457031,468.368835993019,463.7882116801288,464.9333677583514,16927576
2018-06-15,464.8417053222656,466.9717066076657,463.1697943823527,464.0171986162076,10880816
2018-06-18,462.4483337402344,466.94880222368704,460.1465590932895,464.9562140922355,7487404
2018-06-19,463.4446716308594,467.38399741436143,462.4827516942568,463.77675571523315,10981152
2018-06-20,470.9225158691406,471.3462459881809,463.78821580469696,464.0172470223783,9051712
2018-06-21,471.254638671875,474.2778394517904,468.8383482303398,471.8042912079241,13510704
2018-06-22,477.1521911621094,478.40040006675395,469.47964566823714,471.105733701027,7848980
2018-06-25,479.8089294433594,480.46169076803415,474.79316823503507,477.0834803695802,6992336
2018-06-26,479.5226135253906,481.6526148741895,476.3505649464913,477.7705472070838,9161932
2018-06-27,483.85137939453125,485.43167245161044,478.6752514384835,479.3623451008354,19126804
2018-06-28,488.0311584472656,490.12677157622824,483.53066178493543,484.4009915344499,37533540
2018-06-29,482.9008483886719,490.12679431987016,482.1336273769642,485.9355119516337,19458120
2018-07-02,474.8389892578125,482.8894144845903,472.5486769980377,482.8780076559528,9864876
2018-07-03,474.1404113769531,477.5300845511767,473.0869013346321,474.8389677677348,6863100
2018-07-04,481.778564453125,482.80920479431717,473.8655257614749,475.52600186672896,6097992
2018-07-05,486.4049987792969,487.60741254908675,479.2592367019949,482.11066388719007,9735968
2018-07-06,484.43536376953125,489.10763421814545,483.5650898641203,484.0116895610181,8121344
2018-07-09,486.84014892578125,487.8364570141806,482.7405128035865,485.96987509662824,6182296
2018-07-10,491.5925598144531,492.32550440872944,486.6913143562065,487.8135449029814,10950736
2018-07-11,492.0163269042969,493.7225983397454,488.9358681249983,491.2834381707421,5857920
2018-07-12,496.07012939453125,499.2536967070521,492.8751552543692,493.08126097341636,8020668
2018-07-13,499.494140625,501.7615831403397,495.41742984330807,496.63125051660825,7161188
2018-07-16,496.7344055175781,501.58985641007774,495.5663238783276,499.15064026124935,9017336
2018-07-17,498.5436706542969,499.51705326611756,495.45174941674867,495.45174941674867,6361924
2018-07-18,498.417724609375,508.44930312445484,497.8336838212698,500.8912729428751,17460272
2018-07-19,500.6851501464844,502.3799587327984,497.226756511924,499.9751310297237,5304776
2018-07-20,501.3608093261719,504.52145138317434,497.24971006112116,500.68517840224865,10006964
2018-07-23,493.89434814453125,498.829981968384,489.68019619120116,492.41710800368486,16880132
2018-07-24,494.65020751953125,496.7687464335517,491.73005928669227,491.73005928669227,5208792
2018-07-25,497.0779113769531,498.55515150538275,494.70741597574016,495.7723887410254,7038616
2018-07-26,502.1738586425781,504.65881374746584,495.85257481441147,495.85257481441147,21281092
2018-07-27,504.361083984375,506.6056011468044,500.3645003371154,504.31528892306534,10554596
2018-07-30,496.9748229980469,503.6396538809461,494.56999518278997,503.6396538809461,7169120
2018-07-31,499.17352294921875,500.63930032910434,492.42856498769214,494.7074143474708,8860944
2018-08-01,494.4096984863281,498.1429186691751,492.8064798975078,495.3487488832537,6071560
2018-08-02,487.88226318359375,493.2644965173741,485.8553705627057,493.2187014593998,8905704
2018-08-03,485.9240417480469,491.7414680006276,484.1719753671862,488.6495466820576,13604008
2018-08-06,484.2406921386719,489.53127947082845,482.36264742445405,485.7751900423929,5744632
2018-08-07,488.0426025390625,488.867137294364,482.797809986657,486.69134071235584,7428456
2018-08-08,489.2908630371094,492.8293841582783,488.5350488374848,489.1763474285549,9945380
2018-08-09,485.20263671875,490.5848703571218,479.7402197875193,490.5848703571218,8944408
2018-08-10,484.2749938964844,486.41645791312027,480.5074419622605,486.3477373721926,5442940
2018-08-13,479.0531311035156,481.8702263053641,476.38493974483265,477.3010646289573,10054252
2018-08-14,478.4691467285156,482.1107207804319,478.03395385860097,480.5075022315184,4935964
2018-08-16,475.4000244140625,477.9193674749911,473.2700231884776,477.0719632649331,10625160
2018-08-17,475.7780456542969,479.37382476435164,474.47252291709003,477.04912424184977,6065328
2018-08-20,480.09521484375,482.7062042069577,475.23976433825396,475.23976433825396,7811136
2018-08-21,480.06085205078125,483.7138884627789,479.2821124308475,480.50745170213554,7776320
2018-08-23,476.3620300292969,482.568798691085,475.663529514684,482.11073623385573,12574552
2018-08-24,474.0602722167969,479.4997634523689,473.18994243594085,474.32363574187445,9714628
2018-08-27,476.48797607421875,478.33168852269716,474.1518688839425,475.697829572249,12574788
2018-08-28,479.78607177734375,480.5647555560826,476.1101095270156,478.2171855599192,9973532
2018-08-29,476.0413818359375,479.6028284232634,474.7244523456529,479.16763556393573,9873692
2018-08-30,473.201416015625,478.1942517735299,472.2280333511801,477.20946228098614,21827460
2018-08-31,472.0791015625,476.09861033381003,471.40347070093304,473.91135117533,15771500
2018-09-03,475.2512512207031,476.1444506254849,472.6059294077056,473.95719125921164,7661608
2018-09-04,469.9263000488281,475.91544448912344,469.28500140644417,475.67495050875084,7130536
2018-09-05,468.5635070800781,471.8500994340139,466.2045023329552,470.384322019764,5641508
2018-09-06,470.01788330078125,471.575306862122,465.5288767435066,469.2849945412763,10402412
2018-09-07,471.105712890625,471.8042692296873,467.39541865557493,469.7429884417906,5919300
2018-09-10,467.487060546875,470.6591372182968,463.8110984379909,470.6591372182968,8598592
2018-09-11,458.1540222167969,469.0559018438512,456.7225772038457,468.6665599834926,18186536
2018-09-12,460.7764587402344,462.95225535089236,455.6690792604902,458.49760926276304,12246008
2018-09-14,464.8417053222656,466.6281598169824,462.4025175168325,462.60865118282436,10334672
2018-09-17,456.2759704589844,463.31868024489745,455.31405054943895,462.94080111051926,9338220
2018-09-18,455.5888977050781,460.318398052614,453.69939011492727,456.8943924512028,9325736
2018-09-19,449.2103271484375,457.6043260073718,448.0995314481596,456.8828721540666,16712264
2018-09-21,451.24871826171875,458.0280361369795,437.49538362639584,452.08468772674587,22610148
2018-09-24,441.0454406738281,451.6953931645329,438.5948176279501,450.5616997277205,13390792
2018-09-25,447.1605224609375,449.35921639913715,438.59474995124754,441.04537261898594,16682552
2018-09-26,450.7792053222656,453.02372230857657,447.82472515179916,449.5767914991514,14726724
2018-09-27,452.60003662109375,454.8559884748676,447.79038115383685,451.0540759351897,18352208
2018-09-28,459.4481201171875,461.6009913596792,452.8291118346482,453.63072115708235,14460716
2018-10-01,466.18157958984375,467.68174524477814,457.5585766337123,460.3069512384808,12449588
2018-10-03,465.1967468261719,470.01783701200804,459.66563752446706,465.0364082047548,15332148
2018-10-04,448.38580322265625,462.1391370892677,445.0075932379625,459.8946202891553,17970584
2018-10-05,450.11505126953125,455.7721110119929,444.35491070711896,447.51552465195266,15729180
2018-10-08,445.4657287597656,450.9624781120712,442.0302604145746,450.04635322002025,20128020
2018-10-09,444.4579772949219,450.0463446212414,442.03025196895464,445.32830710890653,12459364
2018-10-10,450.53875732421875,453.99712305722414,443.289913823815,445.4657103525292,15939932
2018-10-11,443.7594299316406,446.22151542700647,439.1902405399126,440.88507707714206,14359904
2018-10-12,453.905517578125,457.3982436816838,444.7786290564735,445.46572271619,9600320
2018-10-15,459.9061279296875,460.5359637510331,451.2601998366713,455.7721034464186,12585968
2018-10-16,456.4019775390625,462.2308110822146,455.19956359748426,458.7495476154772,9406004
2018-10-17,452.2450256347656,461.0398297673647,449.7027847730853,459.45950881294345,7940796
2018-10-19,450.67620849609375,453.6765120552154,448.44315397553123,448.64928767670443,9867348
2018-10-22,457.81048583984375,462.6430387220413,455.45145322161153,461.26885147831246,20331160
2018-10-23,454.5926208496094,457.81052074048495,451.8786064279275,451.8786064279275,19428564
2018-10-24,456.2874450683594,460.0779229177968,451.7869760331361,458.9785618858036,18072336
2018-10-25,450.9166564941406,458.88692581083126,449.4622859473338,452.0159895251094,29847056
2018-10-26,449.176025390625,452.84052497515523,446.38185564058597,450.91668505960735,15155712
2018-10-29,441.182861328125,450.0348958366854,434.05996784124807,449.84022488638817,17044280
2018-10-30,438.0794372558594,442.48828795102355,434.99897873253235,440.8850695164184,13828704
2018-10-31,437.85040283203125,439.2589503236615,431.7238181448301,435.6288113435749,23449404
2018-11-01,437.9534606933594,442.03022734112056,434.2431663413288,442.03022734112056,19629052
2018-11-02,446.4848937988281,448.90118431593845,437.9076859245277,441.11412295535587,30092868
2018-11-05,447.98504638671875,448.82101589410445,443.86248461015384,446.58796159846514,5705296
2018-11-06,445.8207092285156,452.56566712266005,444.99617451317783,447.7560117534415,8485588
2018-11-07,448.4316711425781,450.0348897009071,446.6108841059268,449.1302275547295,958760
2018-11-09,445.5573425292969,448.87829523084764,443.4731640116303,448.48892538074574,10101620
2018-11-12,439.98040771484375,449.35922437997715,439.0871804234237,446.9543967265675,7907764
2018-11-13,441.5149230957031,443.79377249342394,437.0373516757229,439.5108999718087,13350420
2018-11-14,448.38580322265625,448.90112338981294,443.54178805980183,443.9884156460827,26110636
2018-11-15,452.3710021972656,452.8634248927146,442.30506369463995,449.33633865018044,10392524
2018-11-16,459.04730224609375,461.03986274992496,453.48183221304095,453.7108634414314,15813216
2018-11-19,461.2460021972656,462.8721183475272,458.4976274223174,460.5818060350704,12286428
2018-11-20,460.9138488769531,462.5514276253492,457.8448530193237,461.0398272260265,5705168
2018-11-21,462.35675048828125,463.54770158501236,458.9785401751161,460.982563242248,6545604
2018-11-22,459.3221130371094,466.0785340466306,458.09680159815167,461.09710499723786,12974552
2018-11-26,469.4682312011719,469.9720887291193,460.8223021809359,461.24600436915273,18184436
2018-11-27,472.7204284667969,473.61362784030274,467.3954527100851,467.4641732578527,12895440
2018-11-28,478.5035095214844,480.6449739431114,471.8272713624834,472.949502051868,13021108
2018-11-29,488.07696533203125,489.531279948393,479.59134792131914,481.19456637186795,31908636
2018-11-30,487.48150634765625,489.56571289004506,483.2558913716713,487.83651593443597,13040924
2018-12-03,484.0116271972656,490.5848111968043,482.5457940251513,488.06546809542016,10799856
2018-12-04,477.65606689453125,483.48490019740325,476.0643111158904,482.20230301292776,8157420
2018-12-05,480.78228759765625,482.1794002948549,475.45731215622425,475.9268373030415,11798844
2018-12-06,480.2899169921875,481.34342702378177,477.53007968899766,478.6065152082494,11730252
2018-12-07,482.70623779296875,485.0881401943534,476.45367409455037,482.50007613857406,9903920
2018-12-10,478.3889465332031,482.06490868793355,473.1555609456727,473.1555609456727,10915056
2018-12-11,471.7012634277344,474.3923802803836,465.39144209218745,470.88819140823693,18905780
2018-12-12,477.5988464355469,478.62948699500384,471.8272704857534,473.39610089898497,11370488
2018-12-13,481.2632751464844,486.6913034417054,478.9729631302881,479.8203673931166,7064236
2018-12-14,479.9806823730469,485.08808939831806,478.2286160312086,482.0877582637563,6158284
2018-12-17,487.88226318359375,488.43197162674943,480.7365007491434,481.8816567776073,8437324
2018-12-18,489.0846862792969,489.89775825807436,481.56104457924505,486.462290107597,7413968
2018-12-19,486.33636474609375,494.57002646064484,484.0689778860721,488.546549713198,9009896
2018-12-20,489.5426940917969,490.2297876452484,481.5723976885963,483.83983996447614,7980476
2018-12-21,483.51922607421875,492.21100539623376,483.0382940733139,488.75261169131994,10220308
2018-12-24,476.53375244140625,481.8816534234369,475.77799420053793,481.8816534234369,5601488
2018-12-26,486.0843811035156,487.14935379838323,473.865544432936,475.69779400058394,7601916
2018-12-27,482.1221618652344,489.714524143028,480.61053350641015,488.52357302907524,11639868
2018-12-28,486.21026611328125,489.6114014778277,484.5154577599553,484.9391878061943,9415612
2018-12-31,485.93548583984375,489.43967438288524,484.7903298398838,489.43967438288524,5866528
2019-01-01,491.9820251464844,492.6461933709362,482.2481975229303,487.29829159260464,6373440
2019-01-02,487.49298095703125,491.8445743975685,485.47749491719566,490.7681387822856,8134232
2019-01-03,483.6681823730469,487.4357350766474,481.6526962838903,486.50814737424713,12771664
2019-01-04,484.9621276855469,487.49293375619374,483.3360396331291,484.4582702033304,7287120
2019-01-07,485.69500732421875,489.0618108036998,485.0880969912903,487.3096885186148,5387012
2019-01-08,481.65264892578125,486.3477888701362,480.19827833278543,486.0042420449395,8343460
2019-01-09,484.8133239746094,485.8554272652963,481.56109165737894,485.08815027035047,8568628
2019-01-10,482.9122619628906,486.4164503374377,479.2820952512414,484.85902706921485,7691540
2019-01-11,483.69097900390625,486.4622789480462,482.7977796716014,484.12617184247694,6408040
2019-01-14,481.3434753417969,483.23298304102946,480.6105865688968,483.23298304102946,4855160
2019-01-15,485.9813232421875,487.0348892202802,481.4236243315443,482.122180735552,5087556
2019-01-16,485.5919189453125,486.6912798429449,482.8550074018299,485.55758663306256,5252452
2019-01-17,488.36322021484375,489.18769895373345,484.02309032444816,486.74853913360135,8240228
2019-01-18,487.89373779296875,489.89776089151985,484.29795895930454,488.9816360464679,5207976
2019-01-21,491.9933776855469,496.19612280911014,487.03487429197907,490.1153329226997,17561512
2019-01-22,489.1763000488281,491.684180450103,487.61887674016816,491.5009443109985,8796976
2019-01-23,482.2022705078125,489.17631534402074,481.29760844273267,488.75258525383134,7624288
2019-01-24,481.48089599609375,485.924079424661,480.4845877943091,483.2558880017875,10111572
2019-01-25,480.0494079589844,483.2558448442066,478.67522072246055,479.3623143407225,11262236
2019-01-28,477.3354187011719,481.4351112939757,475.64060995462756,478.6752737716006,15360436
2019-01-29,471.254638671875,477.0720090223815,470.2010727426545,475.9841107780914,14762788
2019-01-30,466.0097961425781,471.1744611593278,464.47529820445584,471.1744611593278,18514160
2019-01-31,476.3734436035156,478.61796059542985,463.1010964584085,465.16237730317886,16579404
2019-02-01,478.7783203125,484.85911061078895,475.6062713480807,476.3734924138636,15654188
2019-02-04,482.0877990722656,483.94297434545746,476.99185435897346,479.8204123302098,7938288
2019-02-05,484.1834411621094,485.3171344695651,480.27844784458614,482.7977911570756,8690288
2019-02-06,486.1531066894531,487.14941488311865,484.080418838808,484.68732921786545,10875684
2019-02-07,484.9162902832031,487.83643797530885,482.3053570660006,486.7027447603609,7217308
2019-02-08,486.1531066894531,491.26051418286454,482.48860709465765,483.71394651299795,12235644
2019-02-11,490.0466003417969,490.79095176553506,484.01166157882824,484.01166157882824,7036364
2019-02-12,487.76776123046875,491.95904359510007,486.6455306574983,489.66873147408006,9772388
2019-02-14,483.3016052246094,490.1267458594607,482.2480953016918,490.1267458594607,7441388
2019-02-15,481.1144104003906,482.82073772373093,475.972670689493,482.64896430856174,8416524
2019-02-18,478.6523132324219,485.0881127317841,477.75911386142667,482.5229743103238,7138744
2019-02-19,477.3124694824219,482.83208769033195,475.9726146355634,478.6064733579748,5268636
2019-02-20,482.8779602050781,483.48487052794866,476.8200401406049,478.3316684498441,4892500
2019-02-21,484.6070861816406,485.5346737103876,479.49973523367817,481.3548543753527,5261544
2019-02-22,479.00732421875,487.4013518118411,478.4691344121066,485.40873550539493,8890708
2019-02-25,486.7829284667969,487.82503169206717,479.8547341209316,479.8547341209316,8140596
2019-02-26,483.4046936035156,486.6913137829196,481.2174903142311,483.54213469373605,9607428
2019-02-27,479.1905822753906,486.56537656445255,478.2515318830931,484.6529993781381,7030092
2019-02-28,475.8238220214844,482.30541672693505,474.8275138487253,479.3852686736085,11645376
2019-03-01,477.1521911621094,481.17164414340533,475.69782062007624,477.8163593012201,9352928
2019-03-05,482.5916748046875,483.5077996254143,474.0945947261178,478.42326213772327,11837276
2019-03-06,481.93890380859375,483.3245537552327,478.8011875438891,483.2558332118963,8458044
2019-03-07,487.0348815917969,487.83649084906057,479.8203982764234,483.16427640162465,10204852
2019-03-08,487.4242248535156,487.83649222729514,483.1298895346134,484.41248671618865,7053460
2019-03-11,487.48150634765625,490.97423257676434,486.0500611717923,488.29457839071245,9224108
2019-03-12,497.226806640625,498.14293157225217,489.4397447217944,491.73005705086223,15097292
2019-03-13,509.949462890625,511.65573425904023,497.47872441828184,498.1428925753861,57166348
2019-03-14,509.53717041015625,514.7476302941122,506.296401244266,514.1407199706613,15379864
2019-03-15,516.00732421875,517.5876172261931,510.2930066228389,510.9686375197653,12763088
2019-03-18,517.942626953125,524.8593584225575,514.6331370988715,518.0456798161082,14358720
2019-03-19,519.385498046875,521.2520799398711,515.5492254893686,519.7863026424354,11957992
2019-03-20,526.542724609375,526.7717558075522,517.8510018217144,519.6717886640591,11711992
2019-03-22,521.3093872070312,528.3750226855631,520.0841037338267,526.7718041511898,30403880
2019-03-25,522.4888916015625,523.9890571558047,516.0072974105341,517.6105158223734,9199260
2019-03-26,529.3712768554688,530.2072183539324,520.496318016931,521.2520762305253,11786848
2019-03-27,526.6458740234375,533.1961898586029,521.973659090322,531.0203930769975,13885300
2019-03-28,527.4130249023438,532.4975060348681,523.9890198639066,526.4969001607784,19554328
2019-04-01,529.4744262695312,534.1008460859089,527.8254125419688,532.554885232101,9647076
2019-04-02,525.5923461914062,531.3524593216001,523.439419056727,531.3524593216001,10910496
2019-04-03,525.1112670898438,530.4362423203917,524.0806267226409,524.9624191809085,7659452
2019-04-04,523.0958251953125,529.7491930836567,522.1911630915422,525.111311043041,9211552
2019-04-05,528.0543823242188,529.9209643271023,522.6492233795558,523.9776155862093,8351180
2019-04-08,524.343994140625,532.0280018966063,522.2140487651668,531.123339861808,6398132
2019-04-09,523.8516235351562,527.4588650132101,519.2137416348013,525.9930876678216,10777600
2019-04-10,512.4229736328125,523.1072566619665,510.96860315798915,515.320195923566,108128700
2019-04-11,517.0379028320312,518.297574356096,512.3313007725895,514.1520875196652,8793300
2019-04-12,518.8129272460938,520.4046829073665,515.8011893240273,515.8011893240273,9170444
2019-04-15,524.2066040039062,525.1455983426383,518.6068025365687,519.9008064064512,10219780
2019-04-16,527.9284057617188,529.0391735890739,522.2598832716126,524.6990433101168,8273776
2019-04-18,525.3174438476562,530.2187455840938,524.0234398001445,529.7492203923664,10614856
2019-04-22,519.6030883789062,532.4975565221555,517.8395592673521,532.4975565221555,20980420
2019-04-23,514.2438354492188,524.4815203176687,513.3964310755392,521.6300926676662,15282400
2019-04-24,522.1339111328125,523.084368306433,514.6446016035997,515.32023250305,12354128
2019-04-25,518.4007568359375,526.4970336587303,517.1410849968843,523.7715283120075,18086636
2019-04-26,522.4087524414062,523.3363400697716,516.9005403922989,518.9618213816328,11707568
2019-04-30,530.7683715820312,531.3524123563634,521.8246915615752,523.3363199285735,12536836
2019-05-02,539.5517578125,540.4334944576407,530.7798509268545,532.1540382431699,17169300
2019-05-03,542.3344116210938,544.6361863335479,539.7120155992454,541.4755446325527,12351520
2019-05-06,533.2877197265625,538.6584905184598,530.6767862500047,537.7652911490646,13748092
2019-05-07,531.890625,540.055564841733,530.89431692245,538.6584521677145,9924204
2019-05-08,528.4322509765625,532.2227286257198,524.0234002532777,531.9364396177143,12064208
2019-05-09,524.6875610351562,526.7717673505673,520.2673035461322,526.7717673505673,9027724
2019-05-10,525.9701538085938,532.4746175594718,524.7906654881751,524.7906654881751,10594200
2019-05-13,523.8402099609375,529.8294100821887,522.1911963136388,525.8671586813804,11071632
2019-05-14,524.0004272460938,529.2910700005698,521.1719256530018,526.0159128628378,10494744
2019-05-15,523.7256469726562,528.4207866902381,522.6950065468457,525.8556483691626,8956348
2019-05-16,529.2109375,531.1233704498806,522.1911533530521,522.3171317004026,8050136
2019-05-17,540.99462890625,542.6436423905797,529.4285531134105,529.7491744324282,14758780
2019-05-20,557.0840454101562,558.5383599381737,545.094240074131,551.5071134867678,17699632
2019-05-21,550.5222778320312,560.9889923667166,549.548895243391,558.3780590835154,10325176
2019-05-22,550.9918212890625,555.6297031891368,548.3579624322302,552.388934005537,11386660
2019-05-23,534.1237182617188,558.8132384780425,531.1463124700974,551.736196308903,33081996
2019-05-24,543.5712890625,546.5028440575272,535.9674075361445,540.4449792408976,13692800
2019-05-27,551.5873413085938,554.6906694958462,543.3192921962285,544.8423273883795,12049024
2019-05-28,553.3851928710938,554.2555226435331,546.7089555328528,553.4539134165693,7364840
2019-05-29,553.5455932617188,556.7291611143454,552.0110951045284,552.0110951045284,7475216
2019-05-30,558.7330932617188,560.645470294241,552.6637662649031,553.3393971436483,9359200
2019-05-31,555.4808959960938,564.561961571471,539.7807945631419,562.6839167364267,19785080
2019-06-03,562.7526245117188,563.3709976131953,555.38923735066,555.8587625277193,8480860
2019-06-04,561.6532592773438,564.733717933459,559.0766581106595,562.2716323741831,6442988
2019-06-06,555.0228881835938,565.7071733627563,552.7325757408296,561.8594372757462,15634924
2019-06-07,560.5882568359375,562.0998852908572,551.7362223350004,555.549569873974,7970932
2019-06-10,558.8819580078125,565.6956366339217,557.0268387212906,565.6956366339217,7077140
2019-06-11,560.760009765625,563.3938687631407,558.9163532000235,561.4700289051982,7103292
2019-06-12,555.8701782226562,560.7599607322869,555.0914386028593,559.9812770283096,7308620
2019-06-13,559.91259765625,561.584536701536,553.3279502540603,557.9085745338444,11107948
2019-06-14,557.7139892578125,563.1763507271485,555.4007513908425,559.5118509241573,11956920
2019-06-17,554.7136840820312,558.8133210654375,553.6372483968304,557.6910903136854,12810020
2019-06-18,553.6256713867188,557.003881606164,550.591007969251,553.7974447877075,12419652
2019-06-19,556.16796875,559.9583905945025,553.49972156764,555.8587542459566,10744276
2019-06-20,559.163818359375,561.6181385605026,556.4559754672593,559.6247277878202,11171492
2019-06-21,556.36376953125,559.9358176640272,554.3933704375946,559.0831464591973,13250260
2019-06-24,557.2279663085938,560.1432522083609,555.3958625788993,555.8452380200156,6915000
2019-06-25,559.7053833007812,562.6552150542499,553.7827080791982,557.6658927281691,8899800
2019-06-26,568.7392578125,569.2232352952233,558.1614072409031,558.7836238162853,10533636
2019-06-27,567.4486694335938,574.8693001796327,566.0313391447684,568.9350911278686,19879236
2019-06-28,563.1737670898438,570.3754776664402,561.6297315948942,567.8404755434783,12756844
2019-07-01,572.8067626953125,573.6018202573803,564.6256198190019,565.996814203345,8524160
2019-07-02,574.9845581054688,575.5606949372377,568.5779052835248,573.3713749765155,7246828
2019-07-03,573.7515869140625,576.8973276865489,572.2190854892806,575.9063611106371,7463256
2019-07-04,572.4034423828125,575.6528201631394,569.6840654455704,574.9384442921577,7993964
2019-07-05,569.7763061523438,574.9730720609106,566.9186897338291,572.7031265124764,7583060
2019-07-08,555.3037109375,570.2832676058641,552.4114929742441,570.2717336172936,14607140
2019-07-09,548.286376953125,555.580303295832,546.8691027950955,553.9786540915197,16482688
2019-07-10,550.498779296875,552.630485715921,545.3135474667632,548.1942318168253,11569148
2019-07-11,554.7391357421875,556.3177733043426,552.0889060847725,553.7827710233369,9097596
2019-07-12,551.685546875,557.2395282850882,549.646056304926,557.2395282850882,8976272
2019-07-15,551.8815307617188,553.7827825119158,547.8716404848326,552.1695992087183,8233184
2019-07-16,551.0633544921875,557.2395526811107,548.9431821697294,557.2395526811107,12770568
2019-07-17,552.503662109375,555.7646301842997,551.0863880741543,551.4666158601814,7759736
2019-07-18,555.833740234375,559.7745386188396,553.5291929366441,553.7827156447393,10802584
2019-07-19,547.479736328125,557.8617327787208,545.486325493579,556.5481521195578,8939228
2019-07-22,529.4121704101562,541.5341126732889,525.7248944382061,540.416384638945,22171296
2019-07-23,521.63427734375,528.7783739188135,516.6910346759348,528.7783739188135,27802864
2019-07-24,525.6442260742188,528.4327511039259,518.7536514325935,520.0787662685498,17363740
2019-07-25,526.8311157226562,533.6064631660925,525.4944668610386,526.5891269718115,19462008
2019-07-26,524.8146362304688,528.5825377986612,523.7891238010843,525.0220230091328,12829828
2019-07-29,517.2095336914062,523.950334177675,512.3123709449717,523.950334177675,9976492
2019-07-30,519.0416259765625,523.4087315236494,516.1954877732239,519.6753764356304,10394136
2019-07-31,518.9033203125,522.4408225825723,514.8934309021228,516.2185454719727,13891840
2019-08-01,512.0243530273438,516.218618046297,506.30906421772977,513.7066838834711,18241676
2019-08-02,510.3074645996094,512.5313302854759,502.85223142217103,509.5354187325482,27825536
2019-08-05,502.218505859375,507.0004418449581,498.35838885896453,506.32061159606644,19822440
2019-08-06,504.4884948730469,509.3625901286883,499.39542260326544,499.39542260326544,24890940
2019-08-07,503.3131103515625,507.4612953269875,498.9344706552806,504.69583867670417,18750136
2019-08-08,514.6399536132812,516.9099551906847,503.082671503016,506.5394924249332,19711600
2019-08-09,525.897705078125,527.5108882225364,516.1725265173459,517.8317893560679,30436112
2019-08-13,511.690185546875,523.8927523260664,507.5996140631057,523.8927523260664,15440068
2019-08-14,513.7872924804688,515.1584868871347,507.70331004353875,515.1584868871347,14254052
2019-08-16,513.384033203125,514.6054546257564,507.9453348835954,510.22681439383103,15247560
2019-08-19,508.57904052734375,516.6795017356513,507.39216491654423,515.8729101852165,8498200
2019-08-20,511.747802734375,513.4070655597214,508.5790501548248,509.1321190088195,10270592
2019-08-21,512.9577026367188,516.4951491177177,510.2728711728665,512.7387256242644,10472712
2019-08-22,501.0317077636719,511.8054676118052,499.4069904804241,511.8054676118052,13992044
2019-08-23,498.4044494628906,501.6999634613129,493.08097878546727,498.01268766187286,20099616
2019-08-26,519.9403686523438,522.2449157398942,499.3953538721745,505.8250177410975,25280244
2019-08-27,520.816162109375,523.8005396462945,516.2416694215699,519.9058771675387,20660832
2019-08-28,517.947021484375,520.2170231495073,513.072926301447,518.5231583269605,13662588
2019-08-29,513.2111206054688,519.3757842832367,511.67861924325496,517.601294215579,14783716
2019-08-30,513.4415283203125,520.8276125743137,512.0703341327986,514.7205631348361,19233320
2019-09-03,509.5238952636719,511.83997664931434,506.11315386493425,511.6095219097154,11428676
2019-09-04,518.004638671875,524.0540755599349,506.76997016547796,508.61360807422005,15060704
2019-09-05,515.100830078125,523.685268151066,512.7617372427875,518.2926503636086,17296252
2019-09-06,517.5783081054688,520.0442189773034,511.9091549303996,513.4531905253563,12870004
2019-09-09,518.4310302734375,521.0351239486346,510.7107961161513,517.6013706646212,10643404
2019-09-11,518.82275390625,524.0540651153711,516.4836045981351,524.0540651153711,15209116
2019-09-12,523.3281860351562,527.4648375014474,518.0968182545197,518.6844891135081,18132300
2019-09-13,520.2400512695312,522.5445987125408,515.7577177455506,518.7536294214632,15371340
2019-09-16,517.1749877929688,521.4384005285341,516.4490778595563,518.9610120470569,11030184
2019-09-17,509.6160888671875,518.1774595675056,506.56256369962273,518.0391642243844,10656556
2019-09-18,504.1773986816406,512.5659293985588,502.39137430052637,510.9873480584339,12959884
2019-09-19,507.484375,510.2498317140166,499.6258463323253,506.95431787714136,10623310
2019-09-20,552.9069213867188,557.6543108528696,509.48927712427985,510.6876303471525,46150034
2019-09-23,579.4784545898438,591.208578570329,566.4577615358266,580.5385689190568,41920410
2019-09-24,577.8883666992188,581.6447341986377,565.7894920500809,576.1368880541869,23379048
2019-09-25,571.3895263671875,576.0908373684946,566.9648060967703,576.0908373684946,15608976
2019-09-26,572.6799926757812,587.6595498282664,569.845388300408,571.4355596638421,30671560
2019-09-27,573.4635620117188,577.7500427520822,570.4215706459922,575.3302679419918,14873170
2019-09-30,565.7433471679688,571.5277839381737,560.696410613539,566.3656200079499,18218458
2019-10-01,575.583740234375,578.441356301997,562.8165147874622,567.6099842915611,18768352
2019-10-03,563.9458618164062,573.2792795321096,560.627279537246,571.5047328816389,16298876
2019-10-04,548.343994140625,571.3433887930072,546.3160374086574,569.9837283117972,18403632
2019-10-07,547.053466796875,562.2404114835267,544.4032373172397,553.6444385273412,22513220
2019-10-09,566.0659790039062,566.8725705794993,548.4822714033041,551.7547174001807,17427270
2019-10-10,553.3449096679688,565.0519656809162,551.8008178687255,563.1392363117618,11556858
2019-10-11,552.5382690429688,564.1531646330101,547.998265967219,559.2675357344485,17186318
2019-10-14,555.1193237304688,562.2634198309386,551.8929577496114,557.2394958366463,12267802
2019-10-15,563.71533203125,564.6140829640933,556.2485650944428,556.3177127654372,8400374
2019-10-16,562.8165893554688,569.2232427737742,557.7465847639614,567.6792071735796,10586816
2019-10-17,562.3095092773438,566.8494559479358,559.1292229312182,565.7663300310979,12243614
2019-10-18,566.4577026367188,568.6931021715067,562.4708247218763,564.8214516168425,11233806
2019-10-22,571.2051391601562,579.3632144235431,568.1170118964594,579.3632144235431,20006228
2019-10-23,572.2651977539062,576.0216212596425,568.301387488009,574.6849725181496,10190214
2019-10-24,569.7301635742188,578.0496017058275,565.2362964076771,575.2149973173367,13107494
2019-10-25,566.4577026367188,574.6849249007803,562.3095176702985,571.5277064845657,12993542
2019-10-27,570.4675903320312,572.4034437344816,569.2231573516668,571.5046365701213,1750082
2019-10-29,572.6799926757812,579.5244867681677,570.4676048063776,570.6059001469756,14232568
2019-10-30,575.3763427734375,581.9903826124254,572.9104882881046,574.7080465273613,12011366
2019-10-31,567.0799560546875,582.5434913028798,565.5820002748289,579.6858188263627,13217706
2019-11-01,571.5508422851562,573.2561849128168,565.8124853093158,571.0668648096322,11512260
2019-11-04,570.075927734375,576.136899166278,566.4808672415988,574.5006478672982,9935176
2019-11-05,571.2972412109375,573.7400837069367,566.480760149799,571.9886053592363,12367810
2019-11-06,579.2019653320312,580.28509146215,566.0199641813554,572.6570163247937,12130336
2019-11-07,582.4512939453125,585.2167508565287,576.1368565033814,581.2068608406112,16963034
2019-11-08,578.7178955078125,583.9722745026553,576.8051100332098,580.2849988941144,13251496
2019-11-11,582.9352416992188,584.6636521806356,576.3672818698344,577.3121687716871,14286610
2019-11-13,579.6167602539062,585.3550609841922,577.7961339833765,581.6447170293002,9293496
2019-11-14,587.152587890625,588.5813960017781,579.455365946836,582.4974134740589,11055218
2019-11-15,588.9962158203125,592.2686617649405,585.8620089569897,591.7386046281982,9279012
2019-11-18,581.6907958984375,589.710575345607,580.1467042248854,588.5813696945287,9130292
2019-11-19,586.2307739257812,587.659582049071,581.2529290783731,583.1887826360824,10570578
2019-11-20,586.8989868164062,591.32370590611,583.9722233113606,586.737679775345,11054258
2019-11-21,591.5081787109375,593.1905095906548,584.5945364080161,585.4702756857258,12019526
2019-11-22,582.9352416992188,591.6464417782325,581.6677406795129,591.6464417782325,7688010
2019-11-25,585.8619995117188,589.733650203004,582.6587012910682,582.6587012910682,7893556
2019-11-26,587.6826171875,589.8488690988501,583.9492056288915,589.2496643080372,8716002
2019-11-27,589.2267456054688,592.6144193477049,585.9081632810046,588.1205514973141,9580666
2019-11-28,583.1887817382812,591.3699249267619,581.6677579640915,590.05628791116,12366040
2019-11-29,587.636474609375,589.9180101209639,577.0586253481534,584.2948811319196,15567626
2019-12-02,583.3961181640625,587.1755530309847,580.1006044465493,587.1755530309847,8946204
2019-12-03,578.6257934570312,584.8941513599891,577.8883495149244,584.5254012572525,6991906
2019-12-04,576.8973388671875,579.3171135405996,568.8544350042102,577.289100656877,11395614
2019-12-05,574.10888671875,580.1698581579398,571.8734867999711,578.7179819176214,12772494
2019-12-06,574.3162231445312,580.745887248005,570.6980390744023,575.6528154933834,13774650
2019-12-09,572.887451171875,576.0677380336823,570.3985848362905,575.9064309583563,8265350
2019-12-10,575.9064331054688,577.8192188258396,573.8784200075258,576.5977973709015,9788900
2019-12-11,575.5606689453125,577.980443529467,572.6799849165573,576.1828854428517,11054642
2019-12-12,582.4051513671875,585.1014603118299,577.5195226042131,577.5195226042131,12913148
2019-12-13,582.5204467773438,586.4381774362472,580.4002743793161,583.050503942692,11775186
2019-12-16,579.5245361328125,585.3550524353336,575.3072030456643,585.0093703177537,11327576
2019-12-17,585.8619995117188,587.5673982605532,578.6026755643195,580.7459157919383,12427354
2019-12-18,595.6563720703125,598.7214314516643,587.0373870559158,591.3468795631142,17447172
2019-12-19,594.0201416015625,601.7173071695469,592.7756522867792,601.4868524368125,13018376
2019-12-20,597.6613159179688,598.9979646977705,589.9872178849749,593.9971079610143,15026044
2019-12-23,600.2885131835938,601.0259570929983,594.0201555586095,598.7214097115068,10195782
2019-12-24,594.1814575195312,599.6893032086466,593.1674229223657,598.5370295277971,7179208
2019-12-26,585.5623779296875,595.4258512385676,582.8891369248057,594.4348846858561,14949758
2019-12-27,587.6595458984375,589.5031836894915,585.3549986596202,586.2768175551471,7092992
2019-12-30,590.955078125,593.9970693223977,587.2217227344046,590.8859304530079,9334190
2019-12-31,586.3229370117188,590.8628841274165,584.7328218144371,590.8628841274165,8357056
2020-01-01,589.31884765625,589.9641321784931,585.6315718301344,588.1665739605888,3673698
2020-01-02,593.0752563476562,593.6513931811006,589.503207980301,589.503207980301,6137166
2020-01-03,584.6176147460938,592.2687011108841,582.4052266646133,590.9781320194595,10855550
2020-01-06,571.9655151367188,581.5755214349955,569.68403604141,580.7458619839616,10890186
2020-01-07,581.0225219726562,586.0233789458233,577.1739387842451,580.2389983043696,14724494
2020-01-08,579.50146484375,581.7368643882953,571.5507769567402,574.7310071008563,11332110
2020-01-09,586.0003051757812,588.0283180748763,582.1747341101391,583.0504733464941,9546316
2020-01-10,591.2086181640625,593.1444719040061,587.7057170684963,591.8539027440437,9214580
2020-01-13,592.7295532226562,597.5691024519236,588.1204587185921,591.2085295309708,7451568
2020-01-14,594.3427734375,595.7485698544272,588.8118596870153,594.1123186978965,7886290
2020-01-15,591.9229736328125,593.6283161283955,587.2447313640816,592.9139402238618,11787448
2020-01-16,593.4900512695312,595.0340866398209,589.6644804147603,590.908969659939,7150400
2020-01-17,589.1114501953125,592.2225891170845,586.2307660084866,590.7707130342516,16918814
2020-01-20,578.395263671875,601.4176675418116,577.2890697705411,601.4176675418116,22178450
2020-01-21,573.53271484375,576.13686472498,570.7903258730054,576.13686472498,14984804
2020-01-22,571.91943359375,578.4413130372394,568.94659038667,575.2380151237701,18368310
2020-01-23,573.76318359375,574.6850025998092,567.3795982294631,571.5277837567297,11508920
2020-01-24,573.6249389648438,577.9805112210914,571.1129484395551,574.2932352324402,11831756
2020-01-27,559.1753540039062,569.2232030901137,558.5070577687816,569.2232030901137,18888552
2020-01-28,563.7844848632812,565.9047136001816,559.1984577869425,561.7565280489082,13412158
2020-01-29,569.614990234375,572.4495948917053,563.3466323320343,564.7524288022921,13788350
2020-01-30,565.0980834960938,571.0437707041384,561.0189896376658,571.0437707041384,12111984
2020-01-31,565.2132568359375,570.5137152839534,562.4247322775077,567.5868953911015,11178268
2020-02-03,549.7728271484375,552.1464658600082,542.813049282189,551.7086243777516,13077010
2020-02-04,566.8264770507812,568.7622742796134,552.1695337009537,552.1695337009537,20897704
2020-02-05,573.6709594726562,575.2149948809225,565.6741917500207,569.177092325149,18020682
2020-02-06,571.4356079101562,575.5376573583305,570.2371982260871,573.6710076828206,11827550
2020-02-07,572.5416870117188,574.7540748412309,567.656058173519,574.2931653986959,6815448
2020-02-10,571.666015625,572.8873806616926,565.0980559362512,572.8873806616926,9219834
2020-02-11,571.8042602539062,578.4413676775399,570.6289748983153,573.0487495439784,11613520
2020-02-12,575.6759033203125,577.4734614288287,573.3944240470855,573.9244249041459,6297930
2020-02-13,572.1730346679688,580.6998599726111,568.5779182503957,580.6998599726111,9112140
2020-02-14,562.010009765625,575.3994537747095,560.0050646141248,573.0026905220433,14688858
2020-02-17,560.9959106445312,568.3013136837393,559.7514214550929,564.6140383313711,10152690
2020-02-18,559.1984252929688,561.6182000572696,554.7045578735527,560.8807561436794,10529116
2020-02-19,565.6280517578125,566.9186207168209,559.4979898609232,563.4617998587916,10012268
2020-02-20,560.9728393554688,566.9185820787218,559.5901111064962,566.9185820787218,11123414
2020-02-24,557.6774291992188,559.8898173132121,553.0914021616419,557.2165196974174,16568084
2020-02-25,553.2296142578125,557.239503814659,552.1695000578673,554.9349566524809,13886680
2020-02-26,552.7456665039062,555.2576005401054,546.4773091391484,551.9390749538693,13814786
2020-02-27,552.837890625,554.2436871393077,544.3341326499146,550.7868658057985,20655098
2020-02-28,542.7900390625,546.1777123548131,539.3101501197891,541.7990724667366,24313056
2020-03-02,543.6887817382812,553.6214029965547,537.4895720753243,553.1835052563903,14664898
2020-03-03,544.702880859375,546.3390758601602,538.3423071226134,541.5686736892729,22369550
2020-03-04,529.5158081054688,543.8731486639737,522.2564842991487,543.1126368220681,34288870
2020-03-05,530.6681518554688,536.9595779050557,526.7043413313324,531.428663797879,19549708
2020-03-06,523.086181640625,525.8516385287453,507.46133897007246,518.5231665225537,23053566
2020-03-09,510.36505126953125,515.4811348595239,490.8685592286277,511.609484266457,34420590
2020-03-11,513.3609619140625,516.2185779653122,503.31311351617944,509.304936296134,35538240
2020-03-12,470.7268371582031,497.7822287352419,462.4996143526127,495.47768137998617,59000770
2020-03-13,493.0809326171875,498.45048248666814,423.6679553130129,451.7142829837902,66342364
2020-03-16,460.67901611328125,477.9631212701077,458.60492349446207,477.04130232841027,31986322
2020-03-17,449.4328308105469,465.51858320567345,440.0302941277785,464.5967642290285,42676838
2020-03-18,404.1715087890625,457.6830847914649,398.6866750701079,453.9958091838801,61181406
2020-03-19,412.7674560546875,424.0136579890827,366.4230160643334,390.39030768111996,67220048
2020-03-20,406.9139099121094,421.5477854254829,380.0428937296369,403.2957818646249,88637464
2020-03-23,355.6146545410156,386.5877729445478,352.59570349040723,366.2386109610249,50276954
2020-03-24,353.8402099609375,373.33667514787925,340.49687501913064,366.53826038438393,61057272
2020-03-25,394.8841857910156,399.8159227134871,348.10187489777013,355.10770442142,47228042
2020-03-26,415.32550048828125,432.19480349504346,387.6248533727022,401.03730731996524,57043156
2020-03-27,416.86956787109375,455.67815013628075,401.95912992003264,435.5364010524887,55235936
2020-03-30,383.3153381347656,408.8266637941651,381.6330074651282,405.6002977890251,39268444
2020-03-31,397.2579040527344,402.6505226261218,386.242155895639,393.52452027306265,35211092
2020-04-01,382.3935546875,398.1566361241436,377.9457670301433,398.1566361241436,29103504
2020-04-03,375.11114501953125,389.0075762041404,373.3366548878598,388.54666675366155,34996280
2020-04-07,413.0209655761719,418.18315727603016,389.6298099305253,402.8348775230555,60412638
2020-04-08,409.7024230957031,435.55943209772107,399.1936650857789,405.5772778743675,56219352
2020-04-09,426.3642883300781,429.06062553733375,410.2094174598224,420.810334989683,44457146
2020-04-13,412.67529296875,436.34301172051306,408.457988092439,430.4894556796883,34158056
2020-04-15,397.90313720703125,428.87625901360883,388.5466806539196,428.87625901360883,57978752
2020-04-16,405.4850769042969,410.53204086209286,394.65370514271575,398.68666271351725,53854396
2020-04-17,419.56591796875,424.0367458063054,408.94195947461355,421.7321982747494,55883462
2020-04-20,435.49029541015625,442.91095465279045,430.95034844657334,438.3248998638409,66232986
2020-04-21,424.7972412109375,430.4894621396615,418.50581544198354,426.3412767443114,33178006
2020-04-22,428.0005187988281,430.0285317015401,418.18315280110994,423.6449468512476,38289354
2020-04-23,440.1455078125,441.78173081882596,420.6029348626774,430.9503581800754,40901222
2020-04-24,432.3561096191406,441.73563392871824,426.80215630010287,430.02852249243625,33284568
2020-04-27,428.5075378417969,441.27473572624683,426.94043439859774,435.62859474567307,27421072
2020-04-28,429.29107666015625,435.0063370101073,424.9585165403696,435.0063370101073,29441436
2020-04-29,450.3546447753906,457.5448495922137,430.53553699808356,430.95036678563037,55877778
2020-04-30,461.7391052246094,469.6667538002732,457.26827770243136,461.5547583140992,43793134
2020-05-04,425.4194030761719,442.4730519535482,422.88440121602133,441.3207783807525,26722324
2020-05-05,420.095947265625,435.0985450737709,418.5288437955256,432.33308821948845,29672858
2020-05-06,436.2047424316406,437.8640053043316,417.4226811514812,423.5758114470324,33785846
2020-05-07,426.34124755859375,434.77588499206547,424.65891678852813,433.4853441393053,21831730
2020-05-08,428.20794677734375,435.0755092821718,426.4334565319765,434.1767301698151,20807484
2020-05-11,422.10089111328125,439.70763866520554,421.2712596855323,431.8721775988444,28550784
2020-05-12,415.53289794921875,419.1510539143205,401.4981999443396,415.2794033848092,49568418
2020-05-13,427.5626525878906,442.47306169547784,425.00458269461996,438.3248767420828,44346966
2020-05-14,411.914794921875,419.8885230482665,410.209424273279,413.8966999970838,39554890
2020-05-15,409.3567810058594,411.31564636807417,403.29580986774516,410.43990707111664,24349628
2020-05-18,385.6199035644531,409.2875926287713,383.1540211217468,409.2875926287713,46649964
2020-05-19,382.8544616699219,399.74677682942763,380.75730108066836,396.77390512810035,47460692
2020-05-20,395.0455017089844,398.22578835476816,383.5688726041582,385.5277378825237,40014306
2020-05-21,396.17474365234375,407.44398622808836,392.8331498738894,397.05048292971514,48478908
2020-05-22,386.6338806152344,401.12948843415035,383.9606114333999,391.7730322318895,42047432
2020-05-26,392.8792724609375,401.79786011063374,391.19694151866975,394.99944492665685,38005152
2020-05-27,416.5008544921875,419.33543085826574,395.06856410250407,396.33606514705525,56025754
2020-05-28,435.6746826171875,437.8640026303392,421.24822163054534,424.0367183367495,75488806
2020-05-29,438.6244812011719,440.16851657733145,425.626829326165,435.09851272146693,53025166
2020-06-01,455.2172546386719,458.60492803024266,445.2846329382996,449.38673852209706,39190230
2020-06-02,461.370361328125,463.21399913563,449.4789030960539,454.77936179263077,41623594
2020-06-03,471.16473388671875,482.2265618282998,468.03055492960743,470.1276875171955,50546088
2020-06-04,461.6929931640625,478.86184172778087,456.8073362052903,473.83797382625806,54275882
2020-06-05,476.2807922363281,480.45204546850897,462.2000134753911,462.33828069082824,35195984
2020-06-08,468.2379455566406,491.6291013455238,463.85930555675117,488.56404209292845,49812664
2020-06-09,455.0559387207031,473.23882392213415,451.48389013497484,470.12768483133857,61844146
2020-06-10,457.153076171875,460.8403521706615,450.86167837795557,456.30040484982896,36497730
2020-06-11,446.4368896484375,455.5629194197763,444.77762685274723,453.9958160103171,30897714
2020-06-12,452.9587707519531,454.7563288944068,427.72397787617655,427.72397787617655,42644876
2020-06-15,437.7948303222656,448.92580480495803,434.63761183888647,446.16034810184743,32009936
2020-06-16,456.4847412109375,458.12096417037657,438.7858066642451,449.3867242622258,45399970
2020-06-17,451.3455810546875,460.4024630428456,448.580124341562,455.8394482135164,36957838
2020-06-18,470.1045837402344,472.3860910692653,448.0039707110244,451.6912461901275,40870126
2020-06-19,476.2807922363281,480.72857989938336,466.5095339230091,469.1828032376281,47877752
2020-06-22,474.16064453125,482.0882653658185,471.87913689720534,479.092353638525,29694474
2020-06-23,480.4059143066406,481.6503472439375,468.5374685275635,478.88489070473787,28830512
2020-06-24,475.88897705078125,487.41171257259197,474.7597714749866,483.2635277847401,39429246
2020-06-25,474.16064453125,483.49406183551037,464.1358629822297,471.0034257328525,70646790
2020-06-26,486.9277648925781,489.9467442888839,473.8149135738219,479.80673641084496,39969138
2020-06-29,495.9616394042969,498.98056256341994,477.96310275936406,477.96310275936406,46005956
2020-06-30,491.26031494140625,497.1138985822992,486.858663551274,495.01673812679076,35746130
2020-07-01,499.9024658203125,505.15684572376296,489.1633075113971,491.26041211837764,34846718
2020-07-02,502.1147766113281,512.185637052328,500.1789231227196,502.52960637769866,36954496
2020-07-03,494.9937744140625,505.06469280125657,493.1732042495179,503.7741235931991,27597254
2020-07-06,508.383056640625,516.1724365761846,507.00032847206484,510.664535613408,35558216
2020-07-07,509.3741149902344,512.3930382783016,503.7971216234215,511.3329802491446,24349850
2020-07-08,511.7707824707031,518.4770372889888,509.3049282337365,510.2267471083677,30056350
2020-07-09,518.5000610351562,520.6893809132107,510.34198631069745,515.2967628768207,20114484
2020-07-10,509.35107421875,516.2186369812633,506.79306026672873,515.2507382895967,17562978
2020-07-13,497.8974304199219,512.9922148182116,493.7723133721456,511.563406784328,29922114
2020-07-14,488.0339660644531,492.66612860099855,483.9549286329335,489.76237652385646,26612674
2020-07-15,485.40679931640625,497.32129736577804,484.001002986256,493.2652716937805,20974394
2020-07-16,489.7393493652344,491.09900971174386,476.6264420020576,485.63724408493744,23662456
2020-07-17,506.2859802246094,508.84405026525525,487.7805101826273,488.1261922819923,28405738
2020-07-20,522.2334594726562,531.3825005334756,518.131354235598,523.132210368386,65124096
2020-07-21,524.7684936523438,533.7100922587562,522.671333082163,530.9907714271314,47512422
2020-07-22,519.1453247070312,527.5108421058108,515.089355485115,524.7453855285851,24718012
2020-07-23,521.0120849609375,527.2343629112751,514.4902045973554,518.5231625281297,20149122
2020-07-24,515.8038330078125,517.5553116906151,507.5766093216518,517.5553116906151,19598440
2020-07-27,497.5517272949219,508.38309884789146,495.6389419169387,506.93122289769417,37970094
2020-07-28,500.8472900390625,504.4193384544626,488.3335865956656,497.3213213182852,35596450
2020-07-29,490.6842041015625,501.69995154338227,486.51300721055134,498.24313056352435,33592086
2020-07-30,484.2545166015625,499.4645281910675,482.4338905472272,495.0167408220706,26956266
2020-07-31,476.02734375,487.50394503964833,470.15071962115485,487.50394503964833,37726696
2020-08-03,461.8313293457031,473.330999122966,457.68314375277765,472.8700896126409,31783542
2020-08-04,480.10638427734375,489.04803968753487,462.29222113353296,464.59676859681076,60306168
2020-08-05,473.6075134277344,486.62820499365097,470.1276246808804,483.0100209106649,33221360
2020-08-06,479.66845703125,486.25948487662885,473.00833777691025,477.96311451854416,33646888
2020-08-07,481.1203308105469,482.66436625607037,470.4041858156052,476.9721456512146,24836784
2020-08-10,484.2545166015625,490.4076464010085,481.0972981758069,481.18945755888427,22172854
2020-08-11,491.62908935546875,493.6340342643743,483.26357135966055,483.26357135966055,20136148
2020-08-12,490.2693786621094,491.3294929439753,483.03312251903014,490.8685834759228,20666432
2020-08-13,488.1261901855469,493.7953428327667,486.95084854740884,492.2282394030368,19892740
2020-08-14,476.7877502441406,491.28338596742424,473.4922927412619,491.28338596742424,20924512
2020-08-17,476.0042724609375,482.5722326473993,470.21986402832,482.5722326473993,19561012
2020-08-18,486.9508972167969,489.32459244549176,471.0495191250037,473.81497618444604,24040824
2020-08-19,491.6060791015625,493.08102331254975,486.8356768579242,490.86863512775324,17715624
2020-08-20,488.10308837890625,492.6891147209379,484.87672235562735,486.23638267438014,19216734
2020-08-21,500.3863830566406,501.8382591563474,490.6842160973058,491.0529661828504,28924302
2020-08-24,514.8589477539062,517.578268625644,500.386379093056,500.54768615544265,36779740
2020-08-25,516.080322265625,519.4449839750683,509.8580442854445,515.7577081349614,27601738
2020-08-26,515.5042114257812,521.6343303246048,511.37909387687125,516.6795531644639,25190062
2020-08-27,512.5774536132812,520.7816653773407,509.8811442387937,518.8919476434569,20645996
2020-08-28,513.6836547851562,518.523204695649,504.69591923709834,512.5083130158321,38696610
2020-08-31,514.3057861328125,529.4927859022558,507.32299688095605,520.5972112263338,38501166
2020-09-01,519.583251953125,527.0960423235557,510.68767695213415,519.9058660667936,28877884
2020-09-02,522.7404174804688,524.9758168614923,516.5411521712815,518.1082554145839,19761682
2020-09-03,521.242431640625,528.1790840854951,519.9057831794258,524.1691949652501,19833362
2020-09-04,515.89599609375,518.7075326288815,509.0284336872604,511.6095154856867,23661370
2020-09-07,511.8399658203125,515.9881510453308,506.539506921678,514.5132632484473,17615466
2020-09-08,512.73876953125,515.6655899740384,508.38319710222214,513.4532017877384,14624918
2020-09-09,505.38720703125,511.6094845459986,502.96743244218106,507.4612995361662,15728872
2020-09-10,502.6448669433594,509.2358388938941,499.6258872778013,508.3831675898661,15188088
2020-09-11,497.1600341796875,509.23584034971117,493.6340653176029,505.3641893690568,20794730
2020-09-14,487.619140625,504.23494916073264,485.0380589020781,501.4694924011674,21650590
2020-09-15,493.4035949707031,496.00774476759307,487.68830620505815,492.2513212785716,16505110
2020-09-16,504.0736389160156,505.15676488732623,492.41260714821726,493.26527839102084,18710112
2020-09-17,499.44146728515625,504.23493680360303,496.86038562548816,499.62584231728124,18318686
2020-09-18,487.3196105957031,503.40530626821794,482.6643798858609,503.31314687853074,23481778
2020-09-21,483.6322937011719,493.7953130069781,480.0371775950207,486.2594549810339,19842878
2020-09-22,477.2256774902344,487.7113679546969,474.50630035886593,485.82165037641147,18620678
2020-09-23,482.6874084472656,486.25945658807854,476.74166545053106,482.1112716503603,16079828
2020-09-24,474.921142578125,482.5722287439327,472.4322201170306,478.4240433965637,19809510
2020-09-25,481.1894226074219,484.8536299006706,472.7317462117729,483.95487905918867,20321544
2020-09-28,485.8907470703125,488.10313506035084,480.5672763807887,483.47097232142977,16152422
2020-09-29,489.7393493652344,493.127022506163,484.4158228128041,487.6421889019474,12644446
2020-09-30,497.136962890625,500.9625341493453,484.8767817529664,488.56405765983305,18813842
2020-10-01,510.2037353515625,511.60953179562637,502.43742172968035,502.43742172968035,21203080
2020-10-05,513.6144409179688,521.7495040670934,512.0704054934106,512.5313149493003,16940126
2020-10-06,527.3265380859375,529.1240963558474,519.0762469336393,523.1553409449845,19371990
2020-10-07,535.6920166015625,536.8903699375451,524.3305872295282,527.6952487722498,21248778
2020-10-08,549.3119506835938,554.4741144474173,536.199041982907,543.8731962160867,35060674
2020-10-09,568.554931640625,570.145046897442,549.2428124938508,553.5523050313886,44972388
2020-10-12,559.3827514648438,572.7952048767575,555.6724079784034,567.6330416692709,19220546
2020-10-13,552.376953125,563.4387808317281,550.7868378975039,559.2675837253352,18353952
2020-10-14,558.391845703125,559.6824147771619,541.7991041056735,551.0403618618225,22582918
2020-10-15,538.91845703125,560.9268866427465,536.498682047787,559.6363174795518,28246896
2020-10-16,552.7918090820312,554.7045947995308,540.6468547568339,543.8732213240103,25822848
2020-10-19,554.7276000976562,569.2231800311619,549.6806077798489,569.2231800311619,42359556
2020-10-20,564.130126953125,565.720298392937,555.8107447237862,556.5481886278875,27411978
2020-10-21,574.6157836914062,576.5977168140969,563.0930475440422,567.1951528651758,35640752
2020-10-22,568.4396362304688,576.1368013917182,563.6922464816572,571.504639003185,21913060
2020-10-23,569.5919799804688,575.4224401179066,567.4717512795462,573.1409606087672,15866230
2020-10-26,558.115234375,572.4495062498406,555.2114824901288,566.8264337662561,19571976
2020-10-27,568.347412109375,569.6840607213444,552.100354552395,565.0749663789387,24317780
2020-10-28,557.5160522460938,567.8404350450392,553.7826970021222,565.9967972689188,16571186
2020-10-29,547.1917114257812,555.1423999452488,543.181821460439,553.3679097022724,23060024
2020-10-30,545.5093994140625,552.7687232164471,542.190817632099,545.048489966292,11522716
2020-11-02,560.1202392578125,564.6141066371696,542.7209065838915,550.4872199816974,21926080
2020-11-03,575.1919555664062,576.482524598937,564.8445603805695,565.2824018755191,28164230
2020-11-04,579.5474853515625,582.9582261320938,566.9185566578948,577.0585633623449,23404822
2020-11-05,584.9862670898438,588.1204739390645,577.2199539021767,583.5113793157176,21433928
2020-11-06,602.708251953125,603.7913779050918,583.28090743427,583.6265895208569,35705724
2020-11-09,617.8721923828125,620.3610584290318,606.1880926883043,606.1880926883043,26288440
2020-11-10,642.346435546875,642.9686520219666,622.9421598818944,625.4540937590026,41517356
2020-11-11,640.64111328125,652.0947589425384,631.6764463437746,645.2271963943366,36116194
2020-11-12,632.2294921875,639.995861702509,626.8368739391042,634.8567099024682,27053948
2020-11-13,626.2838134765625,630.8929081996359,620.8450591979905,630.8929081996359,22472480
2020-11-14,631.3077392578125,633.7275142079889,629.2336464433756,630.4320561913006,1835066
2020-11-17,649.1679077148438,651.0806932302971,636.331590481143,638.7283534358977,31059900
2020-11-18,649.283203125,654.0305935752557,644.8354713717752,646.656041427825,18862776
2020-11-19,633.450927734375,645.0197443411084,630.5241638114609,640.5258769455223,20266882
2020-11-20,646.95556640625,649.1448863129073,629.1644727332441,632.6673733312235,20405362
2020-11-23,642.7843627929688,656.1738059680596,633.9118551202464,652.1869276312801,25246636
2020-11-24,662.8799438476562,666.0141505910759,646.2181123573981,648.9605010603702,40154400
2020-11-25,646.5637817382812,674.9557918491316,643.8904844941644,668.9178894676778,24152602
2020-11-26,657.5565185546875,660.0223730112397,639.2814464850485,652.1869118791229,27943126
2020-11-27,664.1013793945312,666.4750743490692,652.4404038987228,659.9301825696581,17994580
2020-12-01,660.62158203125,667.85783838208,657.0264655718806,664.1014148569337,17147574
2020-12-02,648.4766235351562,659.9302700626832,642.8766179048249,659.5615199431116,17892150
2020-12-03,634.7644653320312,660.0223254306719,633.3126455905499,658.6395970952725,37933222
2020-12-04,638.6361083984375,645.9415117650425,632.9669560481183,636.5159362284801,26912322
2020-12-07,632.4829711914062,636.0319513300226,625.9610914436655,633.7504721356776,24316318
2020-12-08,634.3497314453125,640.111099869166,629.2105795585625,633.7505266238863,19457896
2020-12-09,648.591796875,649.9054339019178,633.7736021236973,634.6723531031381,22069074
2020-12-10,638.7513427734375,646.1950415590471,634.0961686339937,644.3514037799914,19727966
2020-12-11,637.3455810546875,642.9686535842749,632.8286461442361,640.6871744156093,21356384
2020-12-14,632.43701171875,639.742416388087,630.5242259502184,637.4378687786199,17222050
2020-12-15,641.263427734375,642.945702445585,629.6023945539077,636.4238778494438,21561436
2020-12-16,650.2049560546875,653.0165487858111,642.7382452696995,647.1168851621786,16832092
2020-12-17,664.5392456054688,666.0141332914975,647.3473011819434,653.8461129600053,21924478
2020-12-18,650.5045776367188,663.5713500273763,648.1770185411632,661.4050979957323,22995918
2020-12-21,632.6674194335938,656.2659626943666,629.9249742242386,653.3391987006557,23761824
2020-12-22,632.874755859375,638.2674301936138,619.9232115400943,638.2674301936138,22851558
2020-12-23,634.0501098632812,636.4928962431162,627.320843000361,630.2936865118363,15467394
2020-12-24,643.9365844726562,647.1168709457885,634.6723157352926,640.387604195748,14952188
2020-12-28,651.1958618164062,654.9522848364364,647.1168247082032,647.5777341275111,11699194
2020-12-29,657.8099975585938,661.2898866919406,654.4914717564424,654.9754492232985,14495346
2020-12-30,660.2528686523438,663.6636102561707,651.2651332675474,663.6636102561707,16216726
2020-12-31,662.0042724609375,665.5532527576943,656.819041094231,661.4050676643292,22145750
2021-01-01,656.8190307617188,665.0923328402151,654.7679499620263,663.709604497512,8810938
2021-01-04,652.6477661132812,662.7877737788831,644.8123056444072,662.7877737788831,15740192
2021-01-05,657.5795288085938,659.4462346971463,649.4214535651087,654.1227077285807,14386824
2021-01-06,654.7449951171875,663.7096621456842,651.3111856765397,661.4051147076783,22134050
2021-01-07,652.7630615234375,660.2989203896758,651.0577189254213,660.2528406936093,19894842
2021-01-08,659.861083984375,664.6314859631293,655.9202853313278,660.0223910535376,13768764
2021-01-11,668.9869995117188,675.1862653797834,662.0042663464051,668.3187033137493,17331392
2021-01-12,682.6069946289062,685.6950658872412,667.9039697849685,669.4480054141359,20388156
2021-01-13,677.8365478515625,689.9354218771437,673.8957492350272,688.0917839303884,16934650
2021-01-14,676.9608154296875,685.8333231382978,671.0842194148936,678.067009461616,12297166
2021-01-15,675.9928588867188,678.2974061462355,666.0141580003391,677.1220645385376,14165236
2021-01-18,683.5747680664062,692.6777293579927,676.1541374560633,677.4907860629426,42825632
2021-01-19,693.1387329101562,696.733849477058,676.1542292694556,687.5848072525679,17360254
2021-01-20,687.6769409179688,691.8251262184123,684.9114840510065,691.8251262184123,13346052
2021-01-21,679.7493286132812,688.7600752555948,676.6842692960452,687.6769492222943,26333054
2021-01-22,665.3458251953125,676.5689584790275,663.7787218923858,676.5689584790275,15392364
2021-01-25,674.2413940429688,682.6069120161633,670.6924136971829,675.2784403306367,20344718
2021-01-27,649.6979370117188,678.4126177015628,648.1078219450477,676.6150596283524,23556276
2021-01-28,632.1142578125,645.8724502346794,618.5404966907636,640.6180711263627,42704446
2021-01-29,640.8945922851562,649.3061897746953,628.9109465466348,641.2863540662435,28704502
2021-02-01,680.6480102539062,683.2982395134018,645.7341204440309,649.9975327310453,26370544
2021-02-02,719.2722778320312,727.5455801052032,690.1658342805667,691.8250970781818,42420206
2021-02-03,725.8402709960938,729.0205013947154,710.722417559521,727.7760683051125,20237254
2021-02-04,727.8221435546875,731.9242491508379,711.3907094542645,721.7842406613427,24484684
2021-02-05,736.3489379882812,745.8667295375394,713.4878401508488,713.4878401508488,27054716
2021-02-08,739.8749389648438,752.0429604269368,735.4732309481359,746.6733537598797,17447580
2021-02-09,742.9169311523438,750.3606304776295,731.3250465234348,742.0642598703829,18421366
2021-02-10,729.0435180664062,744.2996095151713,722.2451037205998,741.3036981085447,19788006
2021-02-11,724.7109985351562,736.4411783796692,720.9545750779675,729.1587862017651,13648618
2021-02-12,729.1356811523438,733.998298350054,725.0105640845433,725.4253938417773,9910106
2021-02-15,745.1062622070312,748.9779131337494,735.9341522027511,737.5012557044424,10355244
2021-02-16,749.7383422851562,756.3523814122934,741.34975682592,747.2263521111161,13897358
2021-02-17,731.2328491210938,747.5029753604279,729.6196660313213,746.6733158374861,12794426
2021-02-18,716.3916015625,740.1975303395617,713.487849437352,740.1975303395617,14720560
2021-02-19,709.3858032226562,720.9546204693206,706.5742665133391,712.1051805369269,17139508
2021-02-22,713.4878540039062,725.4254204366183,709.547055560749,712.1281935833395,29451838
2021-02-23,704.7997436523438,717.9586755680724,701.8038320278479,716.138105624686,18239906
2021-02-24,740.4280395507812,743.8848607810847,698.8540253930117,703.5783477410931,14314332
2021-02-25,740.4049682617188,754.1631043986878,738.3769553837725,741.9490037010162,20109570
2021-02-26,707.219482421875,732.3390478407499,701.0432844423601,731.4863765975521,27912846
2021-03-01,718.5118408203125,724.8032668357022,710.123254045337,720.8624680504121,13536018
2021-03-02,722.7982177734375,731.6937931657748,714.8705972914121,726.255038843512,16110038
2021-03-03,731.3941650390625,735.6114978489516,721.3233045949933,730.0805843312903,11222410
2021-03-04,715.3545532226562,724.0887650249001,709.3857419299015,713.7413701051596,16291438
2021-03-05,705.1915283203125,712.3817051995327,701.089422556495,705.6524378159468,17445822
2021-03-08,700.3519287109375,716.7142146400182,697.1255624714004,710.7223916237351,15117050
2021-03-09,720.1710205078125,721.6459082524681,708.9939662695313,712.105105078125,15066696
2021-03-10,717.0599365234375,725.9324441744586,715.4006736179975,724.5497157093645,11055016
2021-03-12,715.3084716796875,737.4551955256641,707.5191461876408,737.4551955256641,15631204
2021-03-15,704.5692749023438,713.672236965001,698.4161447101316,713.672236965001,12230386
2021-03-16,696.9642944335938,709.9849874864398,695.9733277804386,705.6063473447747,13722366
2021-03-17,689.2210083007812,709.3397191913375,686.8473131274872,702.5413040788799,21064428
2021-03-18,687.216064453125,701.5273269324955,682.676117131108,696.7799365774727,18065540
2021-03-19,690.2119750976562,696.5264127317673,679.4036698460479,684.4506063572751,21235020
2021-03-22,677.1452026367188,689.0136222522374,673.1122445149406,689.0136222522374,14015632
2021-03-23,691.4332885742188,694.797893635287,677.1220283520913,677.5368580893073,19761428
2021-03-24,681.5928955078125,694.3369963846818,677.9977794067026,687.1698884229321,16368900
2021-03-25,674.4718017578125,689.313119131461,668.433899489838,686.84720867532,23964356
2021-03-26,687.3543090820312,690.9032894645294,679.380552815688,688.5987421347611,12021258
2021-03-30,716.1150512695312,720.1941452619495,692.0786664048552,694.429293548431,25607644
2021-03-31,688.4374389648438,713.4878573283172,685.8332892148165,713.4878573283172,30774506
2021-04-01,685.2571411132812,691.0876570473614,675.2323603369477,691.0876570473614,35763762
2021-04-05,668.1343383789062,684.4505444280451,659.5614337215708,682.1459971404086,16006586
2021-04-06,663.8248901367188,674.1492739212873,660.3219892803559,672.927852525332,15075734
2021-04-07,667.0282592773438,671.4068998777691,655.2059746668922,663.3871189466344,25088180
2021-04-08,660.39111328125,673.3426581779373,659.3309989914376,669.7014621003557,17613592
2021-04-09,655.2980346679688,660.3911067833585,652.2329754599299,657.2568999026013,28157816
2021-04-12,630.0862426757812,644.812276082399,623.6104428445217,642.0468195731106,22549128
2021-04-13,645.4345703125,648.2461068496995,627.2977937731282,630.524160089375,18600682
2021-04-15,659.1466064453125,662.1885976238035,641.1250578406384,647.5777902703788,34444984
2021-04-16,658.4783325195312,666.0141911809125,656.1046374713003,661.3820284531669,15606526
2021-04-19,650.988525390625,653.4313117437179,632.5060675007512,640.6641423476029,24069242
2021-04-20,641.3093872070312,657.4412171325757,637.8755782220079,656.7959326828824,23186270
2021-04-22,655.6436767578125,657.6256098501922,631.929908634552,636.0550256068761,38485312
2021-04-23,651.7950439453125,661.2206187376861,645.3653240111072,649.4213492655884,22713528
2021-04-26,647.4856567382812,658.6396435925861,646.540769803709,651.265091949842,30170952
2021-04-27,663.1104125976562,664.6314363095344,647.4856270321364,648.614832695279,20592906
2021-04-28,680.671142578125,681.6851209287925,659.5614658885071,661.9812406585382,24103940
2021-04-29,678.689208984375,693.0465505323709,673.38874996684,685.0036463520928,24078552
2021-04-30,650.9424438476562,670.070186172733,648.7300559649535,666.0141604755651,35232902
2021-05-03,651.933349609375,655.3671587728527,634.8106085377971,642.0468644036932,22473700
2021-05-04,639.9036865234375,655.8742117876657,637.5761273302783,649.8593203688764,21486328
2021-05-05,646.4716186523438,649.6979849786914,636.8385993681476,645.7341747447085,14421612
2021-05-06,645.6880493164062,650.251064050291,642.9686723527086,648.7761200761256,11477044
2021-05-07,652.0716552734375,656.7729092365778,649.9975627138118,651.2419957442426,12048334
2021-05-10,654.4223022460938,659.1005446372757,651.1729242281027,657.7178162219527,11060050
2021-05-11,646.9094848632812,656.4272200511542,642.9917545152049,643.4295959899397,14519034
2021-05-12,645.0427856445312,649.2370504542849,640.1340886704483,645.1580130088836,13774926
2021-05-14,639.2122802734375,644.7662618319531,637.1381876809671,642.669101260888,10604142
2021-05-17,663.8248901367188,664.9080161809187,636.6542983226345,643.0378834791915,15120692
2021-05-18,680.625,683.4135248322618,670.6232868864886,672.4438568094604,22165280
2021-05-19,672.09814453125,681.6159360262111,669.4940511221359,677.6290579892387,10130916
2021-05-20,660.39111328125,675.6472055354747,658.4091800484226,672.1673165202479,10684184
2021-05-21,690.1197509765625,692.2399232214976,665.0923450103303,665.0923450103303,19341646
2021-05-24,695.9501953125,700.7897444943188,690.6728046624321,692.8621245303978,22146102
2021-05-25,681.6620483398438,697.7017206409313,677.7673857654761,696.2037648410416,19236974
2021-05-26,680.7863159179688,685.3723423747152,677.5368818364703,682.145976270732,12283990
2021-05-27,683.367431640625,686.2941954997209,674.0570266609188,678.9657237309667,20439496
2021-05-28,692.954345703125,697.3560538091833,681.5699038799272,687.169965399475,17750020
2021-05-31,698.6696166992188,700.3519475362992,685.6028443305331,691.3642127702855,15661054
2021-06-01,696.7567749023438,703.8087118089162,694.7057504086372,700.7206410797348,11030162
2021-06-02,693.2078247070312,696.0654408407714,688.1378206699452,695.9732814545328,10624016
2021-06-03,700.8358764648438,702.8638330045303,685.7180242203452,695.0514404465001,10287260
2021-06-04,691.8020629882812,700.882013521825,690.9954713965468,698.7387731825434,9424476
2021-06-07,691.2950439453125,697.8169240722399,689.5205537728342,695.9732862279276,8091668
2021-06-08,683.5517578125,691.963354973321,682.8373256852786,689.7740351643401,9872540
2021-06-09,682.2843017578125,692.2860146167711,678.4817986815219,683.9435645747941,10223442
2021-06-10,682.6300048828125,686.2942127274895,679.2192634930118,683.1139260766839,11483540
2021-06-11,685.0726928710938,689.7740026287456,682.6299067469423,687.2159328883059,7205974
2021-06-14,681.8925170898438,684.9114967308473,674.103191781053,681.3394482115579,8881964
2021-06-15,686.8703002929688,689.5205296012623,679.749271874289,684.911435152056,7569602
2021-06-16,684.2661743164062,688.5987345010128,681.2702628209199,685.8332777359484,7702098
2021-06-17,675.7393798828125,681.5698960791208,672.9278432970525,675.6933001873143,9283802
2021-06-18,682.0538330078125,686.7550869365302,670.6232560353366,677.306443122974,11938060
2021-06-21,686.1558837890625,687.5847481115757,672.4668954682204,673.550021435802,7260472
2021-06-22,683.8975219726562,695.0515090960397,682.1460434099063,689.9815047193443,14366824
2021-06-23,684.6809692382812,690.350177823484,681.5006828676396,686.7550617065224,7844868
2021-06-24,694.244873046875,697.5633986483768,685.8332754149378,686.7550943335062,14785024
2021-06-25,698.323974609375,701.5042614230332,694.5906188991531,696.480336603007,10383176
2021-06-28,695.2128295898438,701.9651649836931,693.6687940252516,700.5824364906196,9356786
2021-06-29,698.3277587890625,701.1869494823641,693.725074699792,700.6290724574503,10971692
2021-06-30,696.3983154296875,701.5588763305268,694.6316103363405,696.4447957210929,9679022
2021-07-01,691.2144775390625,698.3044528425571,689.4710409890228,698.3044528425571,16911442
2021-07-02,688.2623901367188,692.3768897645067,686.6816627041642,690.4009946619389,14827036
2021-07-05,695.25927734375,699.4667938863378,690.191733477976,692.7022368875354,7373882
2021-07-06,713.5072021484375,715.9712818584277,695.5149595196156,695.9798759364066,17669032
2021-07-07,715.7388305664062,718.4585802804179,710.2527940942604,713.1817902493453,9629190
2021-07-08,706.8821411132812,714.9019492791508,703.6277262053923,708.9975335044061,8420922
2021-07-09,698.3045654296875,704.8133962659164,696.2124412323283,703.2094570822746,10695842
2021-07-12,691.3307495117188,698.3044961443185,689.9360001851988,698.3044961443185,14458978
2021-07-13,698.2347412109375,700.2106360728652,689.9824744346513,695.5614716918589,18178142
2021-07-14,696.9794921875,700.7917842934681,693.2368921455169,696.212368711209,9788494
2021-07-15,706.9984130859375,709.8111802707333,697.2119559995937,699.6992476223701,10438802
2021-07-16,707.7655639648438,711.2989177224971,706.1151445776658,710.369084799299,5170628
2021-07-19,683.89208984375,692.1908370273848,681.5675076213035,691.3307529555786,25111600
2021-07-20,670.9442138671875,675.9885462074379,667.6897985828326,670.4095485771152,24174250
2021-07-22,673.5244140625,682.7297821406754,671.8042459606918,676.9648070186107,13207114
2021-07-23,670.7582397460938,677.5924891811312,667.2946347318908,674.8262588746873,13126684
2021-07-26,666.9459228515625,671.3393606478785,663.9471776669765,664.8305302814863,13167166
2021-07-27,669.3634643554688,674.0823777120164,667.6665079486072,667.6665079486072,22401430
2021-07-28,658.9261474609375,668.8753146955444,652.7427355979344,667.178414951581,20670342
2021-07-29,659.3677978515625,664.8072979673178,657.0664839762429,664.0169626522081,13702230
2021-07-30,663.1799926757812,665.6440723584435,654.5790390605333,659.716388110097,11655488
2021-08-02,661.4134521484375,667.1551594173128,658.4379752785849,667.1551594173128,13258786
2021-08-03,667.015625,669.4332246527011,655.5322110952874,655.5322110952874,12033120
2021-08-04,681.2420654296875,685.5192738711892,669.4796570868175,669.94457351535,22053948
2021-08-05,690.3312377929688,700.6524179070245,677.5693028625665,682.0789701078177,18822408
2021-08-06,693.95751953125,697.3746439360378,685.2868167744798,689.7267913752034,13339270
2021-08-09,699.1878051757812,700.7917441003561,686.2166258967468,693.6552885080936,10998048
2021-08-10,700.9312744140625,706.5567519257459,692.2605715528446,692.2605715528446,14838346
2021-08-11,695.0267944335938,706.1383084627886,693.2136657583121,704.3019112650059,12585786
2021-08-12,698.0255737304688,700.9080330374333,692.400096000911,695.9799299872215,8597674
2021-08-13,709.5554809570312,711.7871026735975,697.839608826303,697.9325694176191,16658428
2021-08-16,711.60107421875,713.6467178549568,707.3470775468357,709.532218812611,6252778
2021-08-17,704.1856689453125,708.5326261344181,699.8387117562069,705.3711717682543,8282666
2021-08-18,703.4185791015625,727.7569435712661,701.2567062885239,723.735404984,22985932
2021-08-20,704.232177734375,706.5800284581878,690.8890986027429,690.8890986027429,13150406
2021-08-23,708.8116455078125,712.7867040648654,701.396250442257,711.2524569983714,10843054
2021-08-24,724.7349853515625,727.3617746033135,710.1365977003002,711.322157330182,18381314
2021-08-25,724.0609130859375,727.5013062733719,719.6906869696018,721.5968331233498,7727974
2021-08-26,722.8521118164062,730.3837355288821,717.575264760525,720.6204901780823,11119002
2021-08-27,719.8998413085938,724.6420230645036,718.4121313964429,721.5503173773042,6382138
2021-08-30,729.1051635742188,729.9187672957268,721.3642939590874,723.2239596082485,9049166
2021-08-31,735.2188720703125,736.1254364304018,726.2924423404162,726.8968564154726,12062576
2021-09-01,734.1495971679688,742.9365299300316,732.0109927251782,732.2434509635793,12422558
2021-09-02,738.7522583007812,740.1470076871263,730.4999910982395,731.8249916647678,9618524
2021-09-03,732.7316284179688,742.9365222776668,729.1285257598637,737.4040049102056,10735334
2021-09-06,727.919677734375,735.0096537397652,726.176241011738,734.5447372803953,7876896
2021-09-07,729.5701293945312,735.4978140526675,723.0380306584888,726.4319433990473,7245496
2021-09-08,732.894287109375,734.8004331622072,727.8731668581385,730.8253749006037,6724080
2021-09-09,729.2679443359375,734.3122765524391,725.7345906072472,731.7785045584927,8250948
2021-09-13,723.2007446289062,736.427593798855,722.3173920989775,726.199432773871,8959164
2021-09-14,719.9464111328125,727.3618060130909,719.0397899789006,725.2696819305988,9758506
2021-09-15,719.1327514648438,722.8520828781557,713.6467149292114,713.6467149292114,14822998
2021-09-16,725.246337890625,727.2687696951145,714.2511100928417,714.9252161926769,10260550
2021-09-17,735.567626953125,738.7522935199387,724.8977595874129,729.453963834351,20498102
2021-09-20,725.1998901367188,735.3583028959072,724.3398060820497,727.1293046934054,8781610
2021-09-21,721.527099609375,729.291238781905,710.8340207001713,726.1995328772224,14774996
2021-09-22,713.0423583984375,720.6902682855533,711.3221901820032,720.1556030012567,10582202
2021-09-23,729.9188842773438,730.8487172509455,716.9012226469198,716.9012226469198,13664304
2021-09-24,744.5869140625,747.5623337441522,732.2433604285643,734.1030261058432,20806702
2021-09-27,755.5357055664062,760.370847958648,747.5856456848095,751.1654796204859,16415462
2021-09-28,750.8633422851562,758.7436534852451,735.4978307681725,758.7436534852451,12773790
2021-09-29,741.007080078125,746.9347648763902,736.9623296226605,742.471578261137,16263036
2021-09-30,741.5184936523438,746.8185527074286,736.0092448888668,737.3575139887784,15975348
2021-10-01,735.8232421875,738.7522385214028,727.7104728418035,735.9627398233987,11128596
2021-10-04,737.2412109375,744.4938957185639,736.2416292868182,738.7521892982421,7051028
2021-10-05,741.7509155273438,742.7040169355206,732.8245425318399,740.1469765016267,10257178
2021-10-06,750.7935791015625,756.3493079236462,737.8223989231144,742.0066469321303,18600830
2021-10-07,748.7479248046875,756.7444648523021,747.1207172686326,756.233068120041,11265724
2021-10-08,745.0983276367188,754.094449203662,743.9360365621138,749.4452849052424,7245562
2021-10-11,759.58056640625,764.7876082722098,743.4014502293395,743.819886411113,13080848
2021-10-12,757.6278076171875,763.1835930412072,755.4892033765896,755.4892033765896,8176946
2021-10-13,762.1840209960938,766.1822910186288,757.8137951215807,761.068210192655,6225644
2021-10-14,784.5000610351562,785.7088325038933,761.533176119158,761.533176119158,14757288
2021-10-18,776.5499267578125,801.9808324839886,775.0389483777702,792.6825039914206,28856456
2021-10-19,785.1044311523438,786.8478679391916,776.8754322194214,778.9442878388145,8987540
2021-10-20,778.200439453125,789.7768711668656,773.8302131863816,785.2904157800093,10908568
2021-10-21,779.3394775390625,781.9662101122692,772.1564842456338,777.2473534880148,9738190
2021-10-22,781.4083251953125,794.0772984879331,776.759160684259,781.1061181515947,12175554
2021-10-25,770.3665771484375,785.7088203867588,750.2822087010887,785.7088203867588,16426766
2021-10-26,768.390625,778.2003502627216,765.4151485156334,767.1121048252911,12090656
2021-10-27,763.7647705078125,774.1091615710592,761.2077300202684,768.3906665070073,13249642
2021-10-28,740.890869140625,767.1121691832051,737.8921806348172,767.1121691832051,17797750
2021-10-29,735.89306640625,744.7962286801113,725.2697357933667,739.21723071247,12406874
2021-11-01,746.3303833007812,748.9803843058935,736.2184507379922,736.8925568745135,8122320
2021-11-02,747.0044555664062,754.0944309498745,743.8895382628631,746.6557682524651,13237722
2021-11-03,735.2420654296875,748.4689719130141,732.4991038950288,746.2373503482983,10207338
2021-11-04,741.0535278320312,742.8667132764972,739.2636109102806,741.5417127890971,1096808
2021-11-08,743.9825439453125,746.0513994324451,730.128011130538,740.1934635536296,18943580
2021-11-09,730.9649658203125,741.3558382262655,729.4772557239688,741.3558382262655,12695476
2021-11-10,723.061279296875,729.4538802229846,720.6204680341785,728.9889637919948,13714126
2021-11-11,719.8302001953125,722.8986375766233,713.9257269174499,720.6438040257168,7999404
2021-11-12,722.0152587890625,724.8280260590723,718.3191956514439,720.6205094159993,14914092
2021-11-15,723.9911499023438,730.7789187981595,722.666149355446,726.2459833596956,9533594
2021-11-16,719.690673828125,723.9678825219704,716.7151971594732,722.9450890198543,8245406
2021-11-17,711.694091796875,717.830965955079,710.6247613098045,714.5300706616133,7598878
2021-11-18,715.6923828125,717.5985288759247,709.1138038017519,709.4857596566864,9152874
2021-11-22,704.5111083984375,721.8757258944908,696.9330045597387,718.7608084811137,15261272
2021-11-23,704.6041870117188,710.2994138355162,695.6777566323079,698.3045460688859,11235214
2021-11-24,705.7664794921875,714.2744169563024,703.9068135871352,708.532709824953,30802286
2021-11-25,709.439208984375,712.8563901725282,700.629065270721,704.2554361529474,10251652
2021-11-26,692.6790161132812,700.4895782628814,690.4009142041289,697.3746608122514,18624936
2021-11-29,697.9558715820312,700.9313484300335,679.7078995856318,694.9571829613301,12990996
2021-11-30,694.3759765625,710.8572417757933,691.1215614595369,695.0500827042584,25221542
2021-12-01,699.5364990234375,700.6523097760661,692.3070260294726,695.0500442435409,8677634
2021-12-02,709.3462524414062,710.7642702726326,697.3746542107878,699.46677817342,11203110
2021-12-03,703.67431640625,714.0883994962073,700.652359477781,709.3695429252875,8124694
2021-12-06,699.141357421875,706.1151039445596,696.1426123656239,703.4185659214571,7029532
2021-12-07,709.3230590820312,712.2520556410856,701.9774126641262,703.8602903785177,12427534
2021-12-08,722.38720703125,722.9683525972256,713.1818385651986,714.1116714707595,15295534
2021-12-09,709.857666015625,722.8055777188944,707.6028325973351,718.3888714707507,11747744
2021-12-10,707.8585205078125,710.3922923048923,701.3031535603345,708.9510627482279,7779384
2021-12-13,702.5585327148438,714.8788191299284,700.7220786127942,709.4625309214763,10322142
2021-12-14,698.5137329101562,704.8133738270907,696.0032293552517,698.537001434831,9191100
2021-12-15,697.3746337890625,708.2304209045469,695.3522587015727,698.7693830566405,10115148
2021-12-16,697.421142578125,705.2782417903625,694.5851636353339,703.3256154369641,13210432
2021-12-17,684.8451538085938,700.1641271158757,682.3578055645878,695.9798793442668,14994768
2021-12-20,662.8081665039062,677.8482027241376,657.4383586578701,675.0587039474951,21156668
2021-12-21,670.3165283203125,674.4775076482323,664.8304917711337,669.2471978353475,9118750
2021-12-22,671.897216796875,676.9183370529361,667.4805106141806,675.1981689248847,8577484
2021-12-23,671.3858032226562,677.7551923462751,668.0151591151462,675.6397998950471,9779166
2021-12-24,668.96826171875,675.0586555943435,663.9006612869989,672.0366988027711,5561024
2021-12-27,674.5008544921875,675.988564532938,661.1809859382014,664.3191721903316,4705098
2021-12-28,679.1499633789062,681.9859423338119,675.7095703464407,679.1034263325589,5450678
2021-12-29,675.918701171875,679.2428648039255,672.9200130734289,676.9415513100008,7668702
2021-12-30,679.475341796875,681.9626332712916,671.8042209349876,678.0805925492591,7215918
2021-12-31,687.7974243164062,690.3079845583591,679.4754083072006,679.4754083072006,6325736
2022-01-03,706.51025390625,708.0677125735593,688.3087645864442,690.4008884909623,9069184
2022-01-04,710.6480712890625,712.6704465215065,701.0010548301948,706.6730128905543,8857352
2022-01-05,727.5244750976562,730.848638972745,710.4387960377018,714.4836030911471,14332638
2022-01-06,715.8551635742188,722.8289109056773,711.3454963342093,717.3661421627014,9628930
2022-01-07,720.876220703125,728.4078444550848,714.0651833936234,717.8309952696034,11179384
2022-01-10,724.87451171875,730.8486768937496,718.5283906738487,724.3398464379528,8856496
2022-01-11,728.0126953125,729.3144273476568,719.5977187456917,725.9903200640885,8389198
2022-01-12,723.712158203125,733.010486624448,721.5502854946689,728.9889482317272,21085530
2022-01-13,710.392333984375,722.9450781058266,706.85898032291,722.9450781058266,41963896
2022-01-14,718.3656616210938,720.0160809614744,706.2080851445058,711.3221660770862,11208968
2022-01-17,707.3703002929688,723.4099160406569,706.2777581070301,711.3220896800804,22989372
2022-01-18,710.9734497070312,721.0389017547066,708.0677220230888,712.7168863173966,12341152
2022-01-19,705.9523315429688,715.8550742185433,703.5812690967379,713.1818047418383,14317626
2022-01-20,701.5589599609375,710.6248312129178,697.4211919877389,710.601562688195,15197846
2022-01-21,707.4169311523438,711.229280482843,690.6799372445478,697.3747461581665,11537694
2022-01-24,691.1680297851562,707.2541270936148,682.2881372227624,702.0005486745182,11868508
2022-01-25,691.8189086914062,695.0500551430808,671.3393174759924,678.1503544504684,13594248
2022-01-27,685.728515625,690.4009487874904,667.1551255959923,674.1288725534417,28617838
2022-01-28,680.2889404296875,691.1912075992367,678.7779620894199,686.9139993062453,24925208
2022-01-31,690.726318359375,693.4461248808446,681.9394432215297,684.7056732830745,12842546
2022-02-01,695.9799194335938,705.2782483505423,685.0311144328886,701.3264585608391,14739484
2022-02-02,711.8800659179688,713.6467711795427,699.9782158077542,702.9304239992676,13969290
2022-02-03,704.5111083984375,715.9480413484789,701.558900386805,710.740999977686,10564762
2022-02-04,708.53271484375,712.647214337323,703.930030345643,710.5783587042976,11579958
2022-02-07,682.5670776367188,706.2080670835868,678.7779973285298,703.0001323210557,12268042
2022-02-08,679.6381225585938,687.355724521971,671.5951017709317,686.4026798208525,13981130
2022-02-09,696.2588500976562,697.235163272425,682.032418365681,685.2868334499071,11308342
2022-02-10,709.0440673828125,713.8792098190285,698.1417993184211,703.8835061322104,14314530
2022-02-11,706.1383666992188,708.997614330461,697.1422443859188,697.490931737229,10711104
2022-02-14,685.1473388671875,697.1189372660344,683.1017519214197,692.7254995837665,14656620
2022-02-15,705.6502685546875,708.9511642707055,684.8452557058587,686.2167366451721,13135066
2022-02-16,704.6970825195312,713.5304947365005,700.6290637354007,713.3445168130128,10032264
2022-02-17,700.3966064453125,707.6028111581584,698.3044824964218,703.4650435531868,7351208
2022-02-18,703.1163330078125,705.2782057007688,692.9346521089641,696.5842913901611,7796128
2022-02-21,707.6492309570312,711.6475005892839,695.3057347652656,699.234255588019,7468066
2022-02-22,702.3492431640625,707.6493019302375,691.7723941547091,692.6325349706526,9536196
2022-02-23,697.7931518554688,709.3230464364716,695.3523403506043,709.0441079007013,9029562
2022-02-24,659.9024047851562,685.7284789169024,654.2071784081135,674.0823561728955,23630766
2022-02-25,676.96484375,681.5210477434822,666.1555360918127,669.4564315960714,18318654
2022-02-28,663.0870361328125,668.805530731747,657.4150785773184,662.970807029196,24880832
2022-03-02,638.9114379882812,650.1391817218383,629.6828577112985,644.6066645593975,38505560
2022-03-03,637.4004516601562,647.1636970903993,633.634639773276,642.0496161507482,17527922
2022-03-04,635.3082885742188,644.3741587734118,621.5467738787628,632.2863318411544,21219364
2022-03-07,615.9212646484375,619.4313493897449,603.0198346484062,612.9922686501371,27054458
2022-03-08,617.3161010742188,620.1985604382248,600.6720690301248,605.4141942425214,39212492
2022-03-09,637.47021484375,639.1206342236055,613.1550613090005,618.3388911833301,23134694
2022-03-10,647.4891357421875,663.4357931345066,641.7009484750546,663.4357931345066,22273206
2022-03-11,649.395263671875,655.0439526468838,638.1907327978041,645.3039765661364,15150780
2022-03-14,670.6652221679688,674.1288268878777,657.8567517561014,657.8567517561014,25018126
2022-03-15,662.041015625,673.8963849357004,656.3457891914281,671.1068862743591,18867928
2022-03-16,673.2687377929688,676.4534039801083,667.7129524166874,672.7340725492899,13364108
2022-03-17,688.0996704101562,692.632606165816,683.6829637764365,684.357069982688,14823954
2022-03-21,691.0982666015625,694.4224303948471,684.7289342723268,691.3307248143448,12257876
2022-03-22,694.6549072265625,696.4448241624624,677.4762107900169,688.6807423484315,10461814
2022-03-23,687.7277221679688,706.1151921643848,685.1009326324091,700.6291548468,31188256
2022-03-24,670.7117309570312,683.2644751634405,666.9459190456078,681.5675187628154,20160044
2022-03-25,665.2489624023438,675.0586881873494,659.7164452740005,674.5937717354296,16366462
2022-03-28,666.1322631835938,668.5498058444824,651.6268369607857,665.2489106431757,15754886
2022-03-29,674.9656982421875,678.8942193890498,664.830497330143,669.9445780788363,12377448
2022-03-30,686.6583251953125,689.3548632948001,676.0117839377572,684.3570114786348,20109742
2022-03-31,683.5899047851562,690.2614446276018,681.5210492416531,683.8921118342909,14295714
2022-04-01,700.1641235351562,702.0237892019163,683.5666301603197,686.4026089516303,14568556
2022-04-04,770.2736206054688,800.6326316669358,726.4552438536,734.5680134530794,97450970
2022-04-05,747.7018432617188,774.8761857021158,744.7961155947604,774.8761857021158,30922582
2022-04-06,721.0156860351562,739.1242163391432,719.3884784129815,738.14784636384,27027860
2022-04-07,705.1620483398438,716.5989820291728,703.7440304204918,716.57577025742,40781732
2022-04-08,704.1856689453125,709.3462298717773,696.1193803854225,703.0001093698778,41256322
2022-04-11,695.5847778320312,702.023859497452,694.236508738126,700.1641936444786,20799066
2022-04-12,694.3526611328125,700.559283880823,688.1460383848018,689.9359552200159,27435402
2022-04-13,681.079345703125,698.4440208944633,680.0100718961099,692.7255257327176,28892520
2022-04-18,648.7676391601562,665.5976487459791,646.2571357255414,659.6466954693076,45620376
2022-04-19,624.0108032226562,646.0246413585841,616.9440962603846,642.0031029299751,74096022
2022-04-20,629.6362915039062,632.2398119449585,620.8260918363637,629.7059835606171,49325736
2022-04-21,638.9579467773438,641.4917756204153,629.1714890191945,634.6109890817526,52446270
2022-04-22,630.24072265625,639.4228224619694,627.2420342814564,632.2863663685297,20659148
2022-04-25,634.9595947265625,637.2376965139346,614.735730644113,627.6371611794688,20935488
2022-04-26,637.8886108398438,642.4912380974271,630.9613446784643,637.8653423173332,17016842
2022-04-27,638.1210327148438,641.1197208182548,630.4731238211011,632.2863091463572,18054334
2022-04-28,637.5631713867188,641.1197936300899,633.2626941633116,637.8653784339981,20773722
2022-04-29,643.7232666015625,653.0913438561013,637.6561413454789,641.7473718079063,28401476
2022-05-02,652.6032104492188,653.8817307107868,633.2394853441948,633.2394853441948,19494316
2022-05-04,630.4266967773438,652.5567081160788,627.6371981190368,650.8830202715939,29055916
2022-05-05,629.0086669921875,639.2600970679846,626.0099786923936,639.2600970679846,17862912
2022-05-06,612.5739135742188,620.6634712921211,610.4353092183933,618.3388890026375,26731268
2022-05-09,613.6199340820312,616.7116396683342,602.2992304487954,604.3913543677606,32762434
2022-05-10,623.4762573242188,629.0319864622613,611.3884290551731,611.3884290551731,20113812
2022-05-11,626.986328125,629.9618048267106,617.711267426521,629.0319719044571,17102924
2022-05-12,612.8530883789062,624.0232355747788,608.1263294426594,621.3423658003582,22382290
2022-05-13,607.350341796875,619.8844353755206,605.3044524493893,616.1453982029556,16768238
2022-05-16,613.8173217773438,617.0625555412449,604.5049792432696,610.9483686342052,9804356
2022-05-17,618.0031127929688,619.4140788039116,610.5720021703949,617.3446505053913,16641444
2022-05-18,617.9561767578125,627.0804363614064,616.1219092097539,622.7299572314902,15732384
2022-05-19,605.3280029296875,609.725502509467,601.2126850906824,604.9281832668689,20537506
2022-05-20,621.2719116210938,622.8004583392925,607.8207119834171,612.82965348091,13919350
2022-05-23,613.2999877929688,625.5048227139343,610.9953981355072,618.0032085582523,19486320
2022-05-24,620.3312377929688,623.1767091278925,609.9606711564068,611.4186580122719,12870796
2022-05-25,624.9639892578125,628.3267461266842,622.3301397372846,625.5283527765758,12887112
2022-05-26,642.7891235351562,644.8115313175073,630.231547750153,631.2427516413286,26992428
2022-05-27,654.7117919921875,655.9580994173705,644.6939099846243,645.187771071386,24031718
2022-05-30,659.1798706054688,668.0924501968298,657.7218263682188,663.2716493418368,12624674
2022-05-31,653.2538452148438,660.708496285777,649.0444854660784,656.5226181941388,13485388
2022-06-01,656.0286865234375,658.662478467021,648.644653454619,649.0444157064592,12091896
2022-06-02,651.4429931640625,652.8069384516556,648.3859001525814,652.4541969503308,11475020
2022-06-03,649.185546875,658.8036098072964,647.3042586799407,657.6513437527664,6957244
2022-06-06,648.3154296875,652.3367063215501,639.9437313501127,647.304283174281,6173266
2022-06-07,640.8607788085938,646.363580940145,636.8630416021692,640.5785970764939,10253966
2022-06-08,643.1183471679688,649.5147152125727,638.226986635381,645.8932585923329,5986588
2022-06-09,647.962646484375,650.0085932722889,638.2975630852459,640.696193988048,7311816
2022-06-10,635.4520874023438,643.3770021771509,631.9246721542969,639.6849857,9155430
2022-06-13,623.92919921875,625.5283056178386,615.3223404384905,622.5182331158526,10892572
2022-06-14,617.0625610351562,623.6470700705923,613.7703065174381,616.7098194796864,11870356
2022-06-15,614.9224853515625,618.8497200415843,610.6661056337953,612.1946521572024,11810470
2022-06-16,602.6236572265625,621.0837974316421,601.071571518262,616.1218769083905,12169192
2022-06-17,606.5978393554688,610.9483181413095,598.0614830121315,599.6605893996687,14723922
2022-06-20,621.8363037109375,623.1767100576462,608.6672864417948,613.6291495725742,15936840
2022-06-21,628.6089477539062,636.816044416038,622.7299222330787,628.7735489860177,13220684
2022-06-22,625.6459350585938,628.7970699699072,622.3301414925114,626.5865792007604,8159698
2022-06-23,627.950439453125,633.9940657637283,620.1195665500561,625.7634306369736,15372244
2022-06-24,636.7219848632812,640.4140013028825,629.5495739318662,629.5495739318662,8013432
2022-06-27,637.874267578125,647.1631278801843,635.8753989055299,644.3411956365208,9804164
2022-06-28,633.0064697265625,635.4051007413375,629.4790542894344,632.1128463333513,9770574
2022-06-29,632.0892944335938,635.2875073299413,626.1162273795923,626.1162273795923,9994046
2022-06-30,633.9940795898438,636.816011694843,628.3502153798452,628.3502153798452,12475822
2022-07-01,636.6984252929688,639.6379378751154,625.5518165464106,632.0892465992207,11472452
2022-07-04,637.5921020507812,639.7320329425648,631.2897750638535,636.6749396008512,8487480
2022-07-05,636.1575927734375,648.7387075995839,634.1352424076783,641.5192756210708,14325718
2022-07-06,644.9290771484375,645.9402809852346,633.5707887557494,633.9940900609618,15049078
2022-07-07,656.4755249023438,657.5102104230447,646.4341034413184,649.0444137223188,17743142
2022-07-08,657.0869140625,663.1540798929283,655.9816687451502,663.1540798929283,12474030
2022-07-11,661.3433227539062,663.1070303365026,655.2761571873035,655.6288987038228,7462880
2022-07-12,654.59423828125,660.9200467547348,653.4654539027019,660.9200467547348,9876974
2022-07-13,638.6267700195312,655.7229646773533,636.9336221593603,653.7476350758802,15945610
2022-07-14,635.4285888671875,645.5875330292065,634.5819862652043,640.5785920275769,10372410
2022-07-15,640.6021728515625,641.9425792151144,633.4297615702064,636.3457353229286,13595646
2022-07-18,633.782470703125,642.5069098600619,631.1956995535869,633.9940926504172,20332220
2022-07-19,634.0176391601562,638.956020503615,628.8205577337636,628.8205577337636,15792538
2022-07-20,642.01318359375,644.8585977539317,637.4040042065766,639.5910133791881,20347862
2022-07-21,639.99072265625,644.1060405495017,638.7443577546792,639.8966812122051,12640278
2022-07-22,654.9234619140625,657.0399111626178,640.7667795339756,642.4599274503479,12729592
2022-07-25,656.8517456054688,660.6143219026932,650.5964969587482,656.0992418284956,10143126
2022-07-26,655.5113525390625,659.3915094240471,652.0074762563535,656.5695771440583,8527964
2022-07-27,660.5203247070312,661.2728285344132,651.043323541082,653.2303326428183,9212778
2022-07-28,666.3757934570312,669.738607639378,663.6244209123331,665.5292482037797,17420406
2022-07-29,674.5358276367188,676.6052560363894,665.6467872631796,676.323074302879,20019736
2022-08-01,680.15625,681.2379562769834,672.5840764116756,676.7934358308079,13193036
2022-08-02,672.6780395507812,679.4271487587869,669.2917441205011,678.2043230429831,15036510
2022-08-03,674.253662109375,675.2648659734192,666.4463277620304,670.185364998716,10975498
2022-08-04,673.4541625976562,680.4148945700352,664.5415252005699,677.2637597638559,12012206
2022-08-05,671.173095703125,675.8292380077833,668.3981841616817,673.9714888993476,9268982
2022-08-08,687.6343383789062,688.7866043731403,671.1965491873194,671.6198504915291,15357736
2022-08-10,689.6331787109375,692.078830171338,681.5201241268699,687.3050503394013,17353102
2022-08-11,698.7574462890625,701.2501761174689,693.5134013646847,699.1337268937742,18301766
2022-08-12,698.498779296875,700.4506272177061,694.1717821427355,698.4282195094025,8850370
2022-08-16,706.4942626953125,709.4807961618816,699.8627334247961,703.0374071895244,12563756
2022-08-17,710.1392211914062,711.4796274502893,698.7809330585142,705.4830217652843,12384350
2022-08-18,710.98583984375,712.0205828300165,705.3184934306489,705.4830946702664,8342138
2022-08-19,702.21435546875,711.1269352973814,700.7798502599856,710.1862912030726,8063702
2022-08-22,691.5379638671875,700.0037601444642,690.2915990438951,698.3341514371923,8234066
2022-08-23,689.3981323242188,694.1718555374556,682.1551607625178,683.5191062858842,14966884
2022-08-24,692.7138061523438,693.9601710426522,686.2938988144114,687.5638027716979,13455520
2022-08-25,688.951171875,699.2747742472485,685.2591556485885,696.0295409569704,11823040
2022-08-26,689.0687866210938,696.9231988777558,687.2345192430495,692.3375591388235,7706176
2022-08-29,676.9815673828125,680.0856814171825,671.9020662994002,675.8527829851254,8653178
2022-08-30,698.945556640625,700.756284971944,678.7217093697192,680.2972766862601,10135400
2022-09-01,692.3846435546875,700.5211808797457,686.1998968809985,688.9042487706939,22403136
2022-09-02,698.6633911132812,701.0150013156147,689.1158307268638,692.3846033555225,12038086
2022-09-05,703.1549682617188,705.012717300336,698.0049076272209,698.9455516796563,12131932
2022-09-06,700.47412109375,708.6107153774357,699.1101756907955,704.9657195554557,12238696
2022-09-07,697.1583862304688,700.7798429910495,691.9848437654342,691.9848437654342,9776206
2022-09-08,704.3543090820312,705.483093514126,697.0878561837802,700.8268936144606,11164690
2022-09-09,704.8245849609375,709.7159455712692,702.684654164913,703.6958006028059,15128888
2022-09-12,702.4495239257812,707.3643664056103,700.7798576757708,705.4830781970848,11080492
2022-09-13,711.644287109375,712.9612118230846,704.8011356837414,704.9657369198651,13001966
2022-09-14,718.9578247070312,723.7786257965886,701.8851110541915,702.6846929993881,20219760
2022-09-15,715.2186889648438,724.7427100844453,711.1269102635874,719.5927068143444,13539372
2022-09-16,702.0731811523438,712.3967263175601,697.4875415501093,706.9410024783984,20560046
2022-09-19,706.7058715820312,712.0675542124698,696.0766051746732,700.3095034493841,12076038
2022-09-20,715.2186889648438,716.7707746307588,710.1392454818039,712.0675543247827,10781668
2022-09-21,714.1134643554688,715.5949902772263,707.8346765476342,709.2456426802873,9072304
2022-09-22,698.8984985351562,710.2567864238343,697.3699520208634,706.4236506055213,12048144
2022-09-23,680.15625,693.7250297779302,675.8527917226344,692.4786648521283,15806252
2022-09-26,670.9849853515625,675.5941071400249,666.9166880078295,670.3735437022666,8923486
2022-09-27,664.96484375,677.2637772994025,661.7431490696245,673.6893410683502,12639700
2022-09-28,653.5360107421875,663.4362551927691,651.819323821346,661.2727853008566,11816132
2022-09-29,650.149658203125,659.4855391815056,648.4800494144681,656.7106850852447,14410388
2022-09-30,668.4921875,673.2424283900782,641.9895533197827,648.4800201204854,15781756
2022-10-03,664.6590576171875,666.8460664989701,658.9681726412355,663.1305110477763,11541112
2022-10-04,683.3779296875,685.7295399066587,670.74979429309,672.3253616574544,11538526
2022-10-06,675.8527221679688,687.8929540310094,674.5357975871117,686.6465892334758,12549198
2022-10-07,672.9368286132812,674.8886192387745,668.0219286227942,672.678128514491,13297994
2022-10-10,665.5056762695312,670.6792186292238,657.6042431552397,662.213422040636,13109302
2022-10-11,658.756591796875,666.446345843365,658.192170888618,658.9682137547466,14521620
2022-10-12,663.06005859375,665.4351505330025,657.1810328841741,659.9558870892056,9225050
2022-10-13,655.4407348632812,661.3903197106156,650.9256550965276,659.4149902540215,14714234
2022-10-14,676.79345703125,680.5560335818059,665.623307896787,666.4463715172211,12849920
2022-10-17,680.3443603515625,685.5413843730029,671.1495416340299,674.9121179010742,18410500
2022-10-18,679.074462890625,688.0341206769192,677.2637345273118,685.7530702757398,10561108
2022-10-19,686.0352783203125,694.8538168684286,683.56608752684,688.5514898369029,12967040
2022-10-20,681.402587890625,683.3308967534015,678.4395361024959,679.1450191556354,7898078
2022-10-21,676.6052856445312,685.564943608967,674.4418157098029,682.9076125597168,10492606
2022-10-24,687.1640014648438,688.0811064271285,683.9893278705969,683.9893278705969,2167794
2022-10-25,682.3902587890625,690.3387127413677,679.6153472727436,687.1875206283974,13773394
2022-10-27,684.036376953125,690.1270243215462,682.5548510652405,688.7866180086442,15937276
2022-10-28,686.0587768554688,689.9624729804253,680.7441719404599,681.966997833413,10474278
2022-10-31,703.930908203125,704.5423497626533,690.0799483906897,692.3139778709117,12830528
2022-11-01,711.71484375,719.1224160540229,704.9657337999179,707.1292037522717,19073756
2022-11-02,712.16162109375,718.7696688236023,710.9387952531782,713.4785457912021,12720406
2022-11-03,709.0340576171875,715.0071249245942,704.0721368275728,704.4013393107103,10332352
2022-11-04,704.1426391601562,713.0552186695761,700.5916848663776,706.9880529961137,10818060
2022-11-07,709.6219482421875,711.1269558716805,701.7675353800506,710.1863117501572,9835834
2022-11-09,709.4102172851562,713.925297257698,707.3643279520747,712.5614093105482,9269790
2022-11-10,717.12353515625,718.1817597531358,703.1549934423015,704.1191191831599,12774182
2022-11-11,757.7593383789062,769.9171511836042,723.3552709348708,726.6475250938721,56722338
2022-11-14,759.5936889648438,765.6843368612954,751.5746746341216,758.1591836734693,19195390
2022-11-15,761.451416015625,763.4032640493417,754.9844876831885,763.4032640493417,11030202
2022-11-16,767.9888305664062,772.2687494248402,758.1590889603182,761.2867418457582,13578150
2022-11-17,761.0516357421875,767.3539626868107,759.0527670321768,761.028096674773,12100930
2022-11-18,759.052734375,763.3326533580606,754.9844373401273,762.3920092997018,10459232
2022-11-21,751.2688598632812,758.1590888717894,747.9060459704917,756.1131995871436,8344816
2022-11-22,750.1636352539062,754.5611347367164,748.2823471404168,752.515245395768,8546314
2022-11-23,752.1155395507812,754.8669121405972,749.6933694405682,754.8669121405972,10185738
2022-11-24,764.3438110351562,767.5655052579656,752.1154390151152,755.3135941729445,17197960
2022-11-25,760.8164672851562,767.4244575674585,759.1468010611026,766.483813477819,8410496
2022-11-28,752.6328125,756.0191080790352,749.7168389409618,753.8791773354629,16105980
2022-11-29,751.5040893554688,758.323759200667,749.152479064021,751.2219076029671,12638236
2022-11-30,756.4894409179688,758.5824083843011,751.151297397132,751.151297397132,15184806
2022-12-01,761.6865234375,769.917158917683,759.5700743140244,762.8623285060976,20446366
2022-12-02,755.8545532226562,761.263256784419,754.9374481923446,757.2184986467901,7811078
2022-12-05,758.6058959960938,759.3819388287532,750.7280019866097,757.1949299048429,11592622
2022-12-06,757.7593383789062,758.9586250894143,752.5152363431685,752.985558365883,12353092
2022-12-07,757.4301147460938,761.2632508970402,754.608182474824,759.1703407607921,11674720
2022-12-08,761.6865234375,764.7436166158536,754.8668540396342,757.2184641768293,14803634
2022-12-09,767.1187744140625,768.9059636909401,761.9216929876911,764.7436251839418,11963384
2022-12-12,773.0918579101562,777.72451854961,762.5801717352641,764.2733196069986,14434808
2022-12-13,775.2318725585938,779.323651505598,773.6797867994621,776.0313970936854,17031702
2022-12-14,781.7927856445312,783.3213322249762,776.0313408413155,777.4423069155723,14227640
2022-12-15,767.4715576171875,785.1556555249128,765.2375278405003,779.3471895879983,18182648
2022-12-16,771.1635131835938,773.7267452329966,756.748131758062,761.9452130548419,14647958
2022-12-19,773.5621337890625,774.455757099592,764.8376374501808,773.2093922779868,9604542
2022-12-20,768.2239990234375,769.6349650835715,762.0157139114343,762.0157139114343,7174698
2022-12-21,760.79296875,773.5857634980622,755.5959443252802,771.7985166675861,9269198
2022-12-22,758.1826782226562,765.4491308780293,756.7481730155141,762.9564010659867,9747096
2022-12-23,751.4100341796875,754.4671275027132,745.6720707259775,746.4010928679505,10693152
2022-12-26,766.3662109375,770.8578093013618,747.812029767642,752.2800890649959,9907322
2022-12-27,767.1422729492188,769.4233233755776,758.864616473872,768.0358963135004,7926772
2022-12-28,766.5308837890625,768.0358913521821,763.3796916735154,763.3796916735154,8691870
2022-12-29,771.9395751953125,772.9742607022557,757.6887946403006,761.9687136551764,11012896
2022-12-30,765.7548217773438,773.6797364708812,761.9216857646368,773.6797364708812,7122640
2023-01-02,766.0135498046875,771.210631760917,761.2398266158873,765.2140252325122,4381378
2023-01-03,771.0224609375,772.7391479464509,762.956426090888,762.956426090888,8378030
2023-01-04,757.2420654296875,774.0325402231922,755.8075601632507,768.9765780130149,10351600
2023-01-05,752.3741455078125,761.0046008841424,747.5298629362431,759.5700956951308,10941436
2023-01-06,749.8814086914062,756.7951191302351,742.2621578398391,753.4558444108848,9092462
2023-01-09,751.3394165039062,757.947463757975,747.8120014029489,750.6339334837148,10729340
2023-01-10,737.6060791015625,752.5152648208829,736.053993402926,752.5152648208829,16371766
2023-01-11,748.2353515625,751.5746265936797,733.7023889149815,737.4414262012392,15195798
2023-01-12,752.2330932617188,754.349542472677,745.0606820468047,746.7773690003871,9250070
2023-01-13,752.8209838867188,757.171462751392,745.9307545266835,751.9273605293412,9244546
2023-01-16,745.6015625,762.5331561562556,743.2499522699644,759.5701043014672,14748094
2023-01-17,756.701171875,757.6888367159938,741.9330477464185,747.7180320345203,10786354
2023-01-18,770.0582885742188,772.0806388712737,752.3741341810646,754.8668639240747,19090642
2023-01-19,773.2564697265625,776.0313812997426,768.0359064621089,769.9171946591991,11172162
2023-01-20,781.181396484375,784.9675120027175,772.9272788433265,773.2564813178083,18843404
2023-01-23,786.8958129882812,791.3638724781337,781.3930679499332,783.6741184175438,15444400
2023-01-24,797.4310302734375,800.6762638785202,787.7894283149559,787.8129673822374,24983940
2023-01-25,775.3964233398438,796.231654743448,773.8208560277121,795.5026900470906,14704142
2023-01-27,759.9463500976562,769.9171540514001,747.7884798353161,767.5655439290683,35179948
2023-01-30,759.1703491210938,764.4144514654253,744.0494837185514,750.1636703736343,18512822
2023-01-31,754.1614379882812,763.1915987522888,750.163700399943,761.78063254464,18596244
2023-02-01,765.47265625,783.0861936159378,755.3371933616793,763.8029900494191,17302790
2023-02-02,754.0908203125,764.0381427953542,747.2241301114922,756.3248499697963,17497106
2023-02-03,780.1702270507812,780.9697515580743,755.8075222847488,757.6888104547171,14411100
2023-02-06,776.8544311523438,785.1556266577238,774.2441208600836,780.7345879902471,11167672
2023-02-07,778.0066528320312,783.039132830785,767.8477088089924,780.4523617529932,10264588
2023-02-08,777.9126586914062,784.591208733366,776.0313705204476,778.0302392020911,8444826
2023-02-09,776.2900390625,781.5106020422885,769.2352087080949,780.7345592208327,11777336
2023-02-10,779.37060546875,780.0290677772012,772.3627959097757,775.4669671621383,8172116
2023-02-13,779.95849609375,781.5576024149216,773.468086784084,778.3829288380895,5736944
2023-02-14,787.177978515625,788.9652252396806,779.7704063561466,783.0861997162851,10908592
2023-02-15,785.5789184570312,789.2003751635776,779.2060319143369,789.2003751635776,11438712
2023-02-16,782.7334594726562,791.0346550078199,781.2049128340586,786.9428187893894,8062500
2023-02-17,778.8062744140625,784.5677193810967,772.7155695729257,781.2049053260296,8956270
2023-02-20,771.4927368164062,785.1790965202653,768.8824839757062,780.7345762649051,8086706
2023-02-21,774.38525390625,781.8398469026205,768.506228292021,771.3281605868509,12389296
2023-02-22,759.19384765625,772.2452848447881,756.7717349727704,770.8578577302302,10359102
2023-02-23,754.0438232421875,761.3808357064352,748.7997209260026,758.6294632088872,27882010
2023-02-24,747.3181762695312,760.934033661556,745.554468634219,760.934033661556,17061740
2023-02-27,749.1759643554688,752.0449172226272,741.8389522552802,745.8837101837624,14312972
2023-02-28,752.3271484375,755.00801860106,747.200626550472,748.7527122984468,18993992
2023-03-01,751.5982055664062,758.6294975352193,750.5164418424217,758.1591754660717,14137256
2023-03-02,745.2017822265625,755.3137067502884,744.0495161178735,749.6933809683251,17391814
2023-03-03,759.993408203125,761.9217171158227,746.8714115925472,750.6339879733662,14986234
2023-03-06,765.3551025390625,771.0694695734867,761.0046235333103,761.9217285749843,27004710
2023-03-08,766.8836059570312,771.0929651439876,761.921685595157,761.921685595157,20099774
2023-03-09,766.9541015625,774.1265124284125,765.2139330386638,766.6013600445043,20700166
2023-03-10,747.1771240234375,758.9821958033447,745.4604370864764,757.4301100987259,27387000
2023-03-13,737.7236938476562,754.3025465451257,736.0304884933449,746.8244142714545,26443550
2023-03-14,735.748291015625,744.8019905221857,733.3731990989821,738.5232026066013,33185612
2023-03-15,725.1895751953125,744.472779107516,722.6968453831815,742.1681895965124,37264754
2023-03-16,729.892822265625,733.2791181599102,720.5569407820262,723.8256561603661,21753342
2023-03-17,739.6519775390625,742.7325524946742,724.2959512460812,732.5265870556958,22950876
2023-03-20,734.5254516601562,737.5119851548204,726.8356977290576,737.4414253658022,26503114
2023-03-21,742.8501586914062,744.2846639470544,731.9151707376817,739.3227432224628,33050494
2023-03-22,741.133544921875,745.9543461657248,736.1951631598826,744.99016295201,14177324
2023-03-23,735.1838989257812,747.9766352855722,733.020429051864,737.3473687996985,28364178
2023-03-24,734.0081176757812,740.2398848286094,731.3272475475262,733.7023968612838,31477748
2023-03-27,737.206298828125,742.8501636158483,733.1850796142891,734.7371079834961,31872006
2023-03-28,743.202880859375,744.4727848424986,735.6307073326255,736.3832111305732,39276302
2023-03-29,746.77734375,753.4558936249284,744.0024322847651,744.990097067345,39763612
2023-03-31,757.0068359375,758.6058848876165,748.9408017514909,750.4458092618439,34711228
2023-04-03,757.4771728515625,759.8992853904705,753.8086380309704,756.066206753236,40025398
2023-04-05,777.7951049804688,778.8533296130952,760.040447255291,761.2632731260761,43365392
2023-04-06,783.7211303710938,785.0615367205796,774.6674309798008,775.3494323943526,44637344
2023-04-10,780.0055541992188,785.90811868993,777.9126441131923,782.2631229270055,31813286
2023-04-11,782.28662109375,785.1555738682296,776.5486581324362,780.2642134886627,42361542
2023-04-12,792.445556640625,793.997584807624,784.4030618484181,784.4971032843499,26955504
2023-04-13,795.9964599609375,798.1599871289428,789.2708896898415,794.0446695564287,35330086
2023-04-17,783.8622436523438,808.9539131384394,777.5834558671421,808.9539131384394,32405148
2023-04-18,780.5464477539062,788.8476432599512,779.0414401876636,785.4378084627327,29637226
2023-04-19,783.4154052734375,785.5789326044752,779.3941862469751,783.0862028077712,24741168
2023-04-20,786.3314208984375,788.9416737422835,783.7446497088999,786.2373220441306,32922716
2023-04-21,787.601318359375,788.706563729362,782.2631744055013,784.96752627854,20128618
2023-04-24,793.9741821289062,795.5262104502806,787.3661343453251,793.4333002876134,35675852
2023-04-25,782.6864013671875,793.7624504950436,781.6281768217796,793.7624504950436,50353068
2023-04-26,786.284423828125,787.7894314187274,778.3829904465636,780.7346006896045,27392750
2023-04-27,790.611328125,792.6101967416158,783.4859379268274,785.6729468368902,47790392
2023-04-28,793.7154541015625,795.3145605016601,785.4377977751464,792.351508718763,27916272
2023-05-02,793.5508422851562,799.0771261179318,791.0816516364692,794.2327862612793,32221184
2023-05-03,796.3258056640625,797.6662120497164,789.9764578676762,792.4691303329151,29407270
2023-05-04,812.6224975585938,815.750093402085,793.4803548139421,793.4803548139421,56854638
2023-05-05,764.5790405273438,781.181374194396,762.9093743100955,770.8578283176239,62770416
2023-05-08,773.4210205078125,776.1959318999734,766.6248903041079,768.9765003970654,37244524
2023-05-09,773.444580078125,778.8532834353147,771.3045918718592,775.9843305283202,43688938
2023-05-10,777.01904296875,778.2183871544737,768.0829240688207,773.4446068912501,46340550
2023-05-11,777.536376953125,793.9036069814297,775.6786278519686,783.156759803045,35734618
2023-05-12,784.4031372070312,786.754747454789,773.3270299751482,774.620415611415,22478760
2023-05-15,788.1657104492188,790.4937816202382,783.1332300917412,786.3784637031315,18512260
2023-05-16,792.7374267578125,804.5276692029475,791.1493297878379,804.5276692029475,32722086
2023-05-17,788.4784545898438,794.0367352342563,782.1742958953552,794.0367352342563,30466868
2023-05-18,791.6305541992188,795.9375783975454,789.2243823019567,793.074257337576,49646942
2023-05-19,792.544921875,794.0367367223799,785.1579858004387,793.0742679505952,30460332
2023-05-22,789.729736328125,795.4323522243677,785.7113820889637,791.6305887120614,28334032
2023-05-23,787.876953125,793.84427156221,786.0723240861927,793.5555426648878,22470074
2023-05-24,777.5785522460938,786.6979204550794,776.5198013395467,783.2330563386749,33588112
2023-05-25,774.5948486328125,779.6237831656224,768.6997274600517,777.5303666107704,29776930
2023-05-26,777.5785522460938,779.1184787990662,771.0578027521951,779.1184787990662,26635066
2023-05-29,787.058837890625,789.7056270122382,781.9336799335239,783.69019719039,21816292
2023-05-30,787.660400390625,790.49969508578,783.714301827483,786.1445002890696,37125928
2023-05-31,775.1964111328125,786.7941482689549,772.2127813904538,784.3639498280878,43334270
2023-06-01,771.8999633789062,779.5516019468231,769.9750258143704,779.5516019468231,50366938
2023-06-02,773.1030883789062,777.097357524701,770.4562990940734,775.9664096529058,17859710
2023-06-05,772.0924682617188,777.9153926408585,771.1540259531047,776.9529238593666,18697242
2023-06-06,769.6863403320312,774.7152165051922,766.2455024925042,773.6565242827696,32182852
2023-06-07,773.6805419921875,776.0145758899104,768.050122859973,771.6352957377045,24949026
2023-06-08,774.1617431640625,782.4871216461395,771.5390392245838,771.5390392245838,37395522
2023-06-09,775.0761108398438,778.877874338669,773.3436787533154,777.626676650867,18212578
2023-06-12,770.3600463867188,777.5785623433244,769.7103329550777,776.0145505527265,13408292
2023-06-13,771.6593627929688,774.3061520011767,765.2108100640846,765.2108100640846,27926108
2023-06-14,770.8171997070312,775.7498523038767,770.0712628897348,775.0039154865802,20113968
2023-06-15,761.3368530273438,772.8383073912747,759.8690647117311,771.8999238743614,35377476
2023-06-16,771.2984008789062,774.402339125429,762.2752562733973,763.791156316009,15779272
2023-06-19,771.97216796875,776.8326236186855,769.1809849746234,775.2686118319358,24829146
2023-06-20,773.5842895507812,775.2686099323848,765.4755017482336,771.9721660772758,20005626
2023-06-21,787.1069946289062,787.9010431597225,775.2686398108492,777.6748118773013,24308946
2023-06-22,790.9568481445312,797.6701032716447,788.7672668710435,789.224416053301,56596140
2023-06-23,790.90869140625,798.8009468661568,786.3610500827327,788.045370386914,21339218
2023-06-26,787.0829467773438,794.3976861629119,783.7864441402909,791.6305883616478,16130314
2023-06-27,798.1753540039062,805.0570293347103,788.5266396525052,790.6440239901992,33831864
2023-06-28,806.6210327148438,808.4256616732439,799.0897027795676,803.6614294741811,59562950
2023-06-30,818.772216796875,822.3333630922264,810.0378007211863,820.0234144832326,40699016
2023-07-03,827.6268920898438,845.769404320599,822.9107717713937,824.113857695036,44104116
2023-07-04,831.6692504882812,840.7164805309784,824.7395222579279,829.3833871325158,38795188
2023-07-05,805.2495727539062,827.7231965102176,802.9637092751716,825.9185674480586,37165754
2023-07-06,806.067626953125,812.2514772975801,799.0416164014055,805.1051581448228,52156544
2023-07-07,799.0416259765625,806.0676366124768,797.068576644786,801.2552925132978,19926336
2023-07-10,797.1406860351562,806.9097677016144,793.8923538854704,799.3303260190139,38398442
2023-07-11,793.2667846679688,806.548842157475,791.8711931802655,800.2927950524349,50670426
2023-07-12,785.8316650390625,801.8808787651897,783.040540854316,796.6113270057908,70958358
2023-07-13,789.7537841796875,797.6219550908652,788.2860544652967,797.2610292807705,41913546
2023-07-14,791.3899536132812,795.7691748092905,786.818226912566,795.7691748092905,24727214
2023-07-17,807.9444580078125,809.4362729212656,785.8557869681491,794.0367718906589,49252928
2023-07-18,807.2706909179688,820.0234022797132,803.6614329853996,817.1359959336578,81076818
2023-07-19,810.9280395507812,812.6845567813858,806.0675840762821,809.0031020365692,32935134
2023-07-20,812.6845703125,814.2485820688379,808.4737694300518,809.0272007234886,56210948
2023-07-21,806.4285278320312,813.1898944991552,805.2254418588371,808.4737739864613,42154248
2023-07-24,807.7037963867188,810.7115112663579,803.7095275287853,807.7519080759067,32179444
2023-07-25,816.4622802734375,817.6172545950307,807.7038375948548,810.7115526279442,55992596
2023-07-26,813.6229248046875,817.9059224410117,812.3236155051467,817.9059224410117,24794358
2023-07-27,805.1773681640625,819.5422036129718,802.4342967690785,818.0503886847007,59741302
2023-07-28,790.90869140625,803.1320562197657,789.7537171630682,799.5709101134679,41015684
2023-07-31,794.6142578125,797.3092175838108,788.5988275094608,794.0608852201697,34565006
2023-08-01,799.931884765625,802.4342801583801,794.036763340822,796.1782329320584,35394188
2023-08-02,789.4650268554688,794.7586052129269,785.927965792781,790.1868784496676,28116322
2023-08-03,783.7623901367188,794.6863871402226,781.0434041220963,789.2243886384707,57673946
2023-08-04,795.095458984375,797.1647904198518,784.0511529076629,786.8904476408402,37388304
2023-08-07,794.6383056640625,800.340921574294,792.8577618758666,800.340921574294,28300918
2023-08-08,793.9886474609375,796.7316600402346,790.2109691738586,794.8548341333523,43773828
2023-08-09,794.27734375,796.2022812689336,784.9413850342855,795.4804296993335,33361236
2023-08-10,787.227294921875,796.0820197818308,784.8933197909422,792.6171555404908,50781118
2023-08-11,779.0222778320312,788.4544604153358,777.7710213842545,788.4544604153358,28225822
2023-08-14,775.2205200195312,777.1935693445221,770.0953618226448,775.2686317114706,31304410
2023-08-16,772.9586791992188,774.6189731461063,760.97598948878,761.8421761726726,34137542
2023-08-17,768.6757202148438,774.7392618238957,767.087623218563,768.8200552862303,52884040
2023-08-18,765.5236206054688,768.1944950190746,762.997140009411,763.983694025645,25633366
2023-08-21,764.9220581054688,770.2156363622539,763.7189721380175,770.2156363622539,21837270
2023-08-22,761.649658203125,769.012567990166,760.3503488263217,768.2185194845936,32273570
2023-08-23,763.5264892578125,765.427400389369,757.102021750151,760.3503539585181,36498588
2023-08-24,760.0134887695312,768.1463028916282,758.4975887058181,766.7507701687617,43145792
2023-08-25,751.447509765625,759.1472601058427,749.9556948860944,757.7276421346384,30069756
2023-08-28,759.2675170898438,761.6255772201209,751.4474586821683,751.4474586821683,28867238
2023-08-29,765.3070678710938,766.4379569297766,761.0480965576812,765.0182802438285,35538932
2023-08-30,759.7247314453125,771.8759001678773,757.3185594210423,771.8759001678773,28084204
2023-08-31,756.2357788085938,761.86625656821,752.2174832939608,759.8691220476337,100075772
2023-09-01,757.7998046875,759.869136155806,750.4128682159997,756.019260861793,43226776
2023-09-04,762.5399780273438,765.8604483308758,757.8960544036598,765.1626819614512,25073638
2023-09-05,757.8960571289062,764.3927214330718,755.8267257416583,764.3927214330718,38712082
2023-09-06,767.8095092773438,769.9750641452523,757.8960920753607,758.8104492129203,56320910
2023-09-07,775.1964111328125,776.7123112214435,763.7911795029845,767.8094749404047,34208342
2023-09-08,781.2359619140625,785.807688861561,773.6324346509749,773.9693339885046,34502210
2023-09-11,785.2783203125,787.540098503064,781.5246684808897,783.8827287984687,31573022
2023-09-12,787.7326049804688,790.6200113946599,782.029989061328,789.2244198789141,39033340
2023-09-13,791.1012573242188,794.80673877865,783.7383473629723,785.0377155149517,46420094
2023-09-14,790.6199951171875,794.0367475547487,786.8663433582466,791.2696497981185,23538848
2023-09-15,799.6912231445312,803.6614067407054,794.0367192348286,794.0367192348286,173411202
2023-09-18,783.9548950195312,796.4429037589457,782.5352183432113,795.8413607802759,37056288
2023-09-20,752.5061645507812,769.493761392618,750.9181263686742,769.493761392618,115474648
2023-09-21,747.5254516601562,755.0326966333096,739.6813661010954,747.3570313672025,72841442
2023-09-22,736.1202392578125,752.8431352836584,733.2809444426666,750.2444576775175,61704250
2023-09-25,736.7698364257812,741.4377864181002,733.8824301432504,733.8824301432504,40208754
2023-09-26,739.9700927734375,741.1009818735135,733.8824658163039,733.8824658163039,27575308
2023-09-27,734.772705078125,737.4916910877917,729.0700893951089,732.9199644546211,39338538
2023-09-28,733.2568359375,739.9460058842934,730.6822436317968,738.2135737833627,55354188
2023-09-29,734.508056640625,738.9113042157786,732.5831191233798,733.2568002588707,32053782
2023-10-03,725.7255249023438,734.8448928382883,724.7389709328502,734.8448928382883,38971694
2023-10-04,736.0720825195312,738.6947864394098,716.6783131627953,719.4454108970147,54649430
2023-10-05,739.0556640625,746.6591904039552,737.5397640884495,738.7188235102346,48512674
2023-10-06,738.2376708984375,743.5071641954468,736.2164511277501,743.0259297849643,17759356
2023-10-09,729.671630859375,736.2886036041838,727.6263847382522,735.3261348413025,16454972
2023-10-10,733.8102416992188,735.8073761498854,729.1663181257107,731.7409690862019,33266292
2023-10-11,740.9085083007812,742.135679581179,735.5668179370736,736.3367812674792,31333360
2023-10-12,745.841064453125,746.8757300806664,737.0585373436069,739.224091973351,22025336
2023-10-13,739.0556640625,745.3357959216685,736.2644812929966,741.1009100805795,39745300
2023-10-16,736.0961303710938,738.4301054745094,731.7169090568975,737.0104874848001,17856084
2023-10-17,741.678466796875,748.6804511263308,738.6948368818369,748.6804511263308,32902558
2023-10-18,731.35595703125,741.6784110977611,730.5619085466495,741.6784110977611,31216200
2023-10-19,729.0460205078125,734.4839926489489,723.3915163875012,724.4502672992404,30252364
2023-10-20,732.8237915039062,734.8449525514602,724.257795409265,724.257795409265,21094010
2023-10-23,724.7631225585938,735.687120407176,721.8997425096932,733.1606396993183,22376136
2023-10-25,720.1672973632812,732.8237858932332,717.7370400855643,731.9575404540934,28311996
2023-10-26,704.2384033203125,718.0016948370699,702.7225032746859,717.6407690521316,55561798
2023-10-27,707.0054931640625,711.2644056302153,705.922715821256,707.1739134462796,31940532
2023-10-30,714.6812133789062,717.0151885277836,703.5165985203644,704.166253227556,23310982
2023-10-31,710.5426025390625,723.7765487428039,709.3395165205405,723.7765487428039,32634824
2023-11-01,709.580078125,710.9996960178478,703.6849570961555,703.6849570961555,33877466
2023-11-02,710.6629028320312,717.2798758565381,706.0430643238078,714.6330866467354,45225154
2023-11-03,714.0315551757812,717.7130101577565,713.0209746646048,716.0768014163858,18095340
2023-11-06,719.2047729492188,720.8890932605752,713.6705776404759,720.8890932605752,25593730
2023-11-07,715.7158203125,718.9641523260211,710.8793913723741,718.9641523260211,41952848
2023-11-08,717.78515625,718.6994545678739,712.7081100908781,714.1277280007819,31399546
2023-11-09,714.9458618164062,718.2904172288546,713.9111961600419,715.1142820989701,22116740
2023-11-10,717.7611083984375,719.9266632008465,712.2509980100815,712.2750244834481,14015186
2023-11-13,716.4617919921875,719.9025709267424,715.0662004954276,718.0498302517283,20605914
2023-11-15,723.9690551757812,727.1211053016585,722.116314453787,723.824661355601,41245460
2023-11-16,725.869873046875,730.9950309972894,723.6562066242093,726.5195277179007,29713838
2023-11-17,724.3058471679688,725.4608214186159,716.5579854675416,717.0392198432753,23701874
2023-11-20,724.3539428710938,728.1075944167509,722.5974844339729,728.1075944167509,19331452
2023-11-21,730.4896850585938,732.4387077458338,727.6744757560256,730.995004642524,24959972
2023-11-22,727.89111328125,731.4762860539383,723.5600036927727,731.4762860539383,29123650
2023-11-23,732.1019287109375,733.3290412052178,725.942104788048,725.942104788048,13046220
2023-11-24,737.2991943359375,737.8045139412679,731.4040730810983,732.0537277562146,16469192
2023-11-28,735.6389770507812,739.7775811404424,734.2674707601492,738.7910271230152,28489338
2023-11-29,750.316650390625,752.169391140709,737.7323586811943,738.1654814038669,34042488
2023-11-30,750.148193359375,756.7169958112313,742.1356289878328,755.1289575651123,69491440
2023-12-01,748.511962890625,753.4927269513807,746.9238659463001,749.7150488349829,22153536
2023-12-04,774.4986572265625,775.7498549210968,757.294527379522,764.2002292895172,50662456
2023-12-05,781.3802490234375,788.743158626756,777.91538494213,787.5400726617975,52230820
2023-12-06,783.3533325195312,788.478431574535,777.9875575346257,788.478431574535,38613060
2023-12-07,784.6286010742188,786.3370066856605,777.7710108996346,782.0058971017125,20450386
2023-12-08,795.57666015625,796.4429055452501,784.6285779199029,784.6285779199029,33728038
2023-12-11,794.5180053710938,800.629658837713,792.5930677445133,794.0608561825546,23187620
2023-12-12,786.625732421875,797.0444688503757,785.3023378320858,796.057914840214,36581476
2023-12-13,784.8451538085938,787.299437371808,777.2416271870596,785.591031843064,29346914
2023-12-14,794.1089477539062,798.3437751784244,791.6305788735917,792.1118132680438,35172366
2023-12-15,797.1888427734375,802.6989529756476,792.4005254032128,794.0367340586441,138837130
2023-12-18,796.7797241210938,801.1108334576703,794.4938608601228,799.1858959747474,18014754
2023-12-19,795.4323120117188,798.1994096743185,791.1733995320816,794.0367205721301,24008446
2023-12-20,797.4053344726562,803.1560615765434,791.3658197572433,797.8865688326277,34232520
2023-12-21,811.697998046875,813.1657863906253,794.1570285492702,797.4053605854511,36589240
2023-12-22,804.0704956054688,811.3130969143464,802.2658665827684,810.2062342826498,48578850
2023-12-26,809.6527709960938,811.3370913507721,802.9636600116312,805.2254381329979,18045856
2023-12-27,819.6865234375,821.2264499190665,807.7999992878237,809.1955907054851,27009078
2023-12-28,820.6249389648438,828.396886068829,819.0609272060777,822.5739617312327,44076470
2023-12-29,822.5498657226562,825.2688517241872,816.1735101744187,816.6547445554177,25011426
