Price,Close,Close,Close,Close,Close,High,High,High,High,High,Low,Low,Low,Low,Low,Open,Open,Open,Open,Open,Volume,Volume,Volume,Volume,Volume
Ticker,AAPL,AMZN,GOOGL,META,MSFT,AAPL,AMZN,GOOGL,META,MSFT,AAPL,AMZN,GOOGL,META,MSFT,AAPL,AMZN,GOOGL,META,MSFT,AAPL,AMZN,GOOGL,META,MSFT
Date,,,,,,,,,,,,,,,,,,,,,,,,,
2022-01-03,178.44313049316406,170.4044952392578,144.1271209716797,336.6929016113281,324.50457763671875,179.2960912081591,170.70350646972656,144.98149407284546,339.2190212736129,327.6551075166869,174.22740989529922,166.16050720214844,142.85623946691334,335.35026127130055,319.68668922154853,174.34505345884557,167.5500030517578,144.19023428076133,336.45419043574395,325.0862198389616,104487900,63520000,28646000,14537900,28865100
2022-01-04,176.1783905029297,167.52200317382812,143.53866577148438,334.6938171386719,318.9402770996094,179.35490114678188,171.39999389648438,145.61172805654422,341.2180219087376,324.94082734218637,175.60975505040156,166.34950256347656,142.85973882111625,330.05923948078396,316.1387146989663,179.05097865451486,170.43800354003906,144.52921565689223,338.095170221446,324.5821267708263,99310400,70726000,28400000,15998000,32674300
2022-01-05,171.4920654296875,164.35699462890625,136.95361328125,322.4012756347656,306.69683837890625,176.6391804132829,167.12649536132812,143.6380260149503,333.92803458580966,316.09026737820085,171.21755382734324,164.35699462890625,136.86714153990656,322.0730591855578,306.3090867462832,176.09015720859438,166.88299560546875,143.55900167318583,331.2029639466268,315.8866733646423,94537600,64302000,54618000,20564500,40054300
2022-01-06,168.62930297851562,163.25399780273438,136.9263153076172,330.64605712890625,304.27337646484375,171.8646356206371,164.8000030517578,139.10574956390758,337.31946856345746,308.9458623840181,168.27635732737943,161.93699645996094,135.7444081468337,320.95920923669814,301.95651073409414,169.31558203356892,163.45050048828125,136.18178751194694,321.05866969710286,303.5657082342745,96904000,51958000,37348000,27962800,39646100
2022-01-07,168.79592895507812,162.5540008544922,136.2001495361328,329.9797058105469,304.428466796875,170.72732344673003,165.24349975585938,137.62311869612512,335.16127066586523,306.8131674930467,167.67827048943124,162.031005859375,134.9571010729995,327.0855796234997,300.5993490816287,169.50182008704013,163.83900451660156,137.3219160997479,330.9245042382811,304.5350859251237,86709100,46606000,29760000,14722000,32720000
2022-01-10,168.8155517578125,161.48599243164062,137.8428192138672,326.280029296875,304.6513977050781,169.1194742164662,161.6614990234375,137.99193409256577,326.5485452273899,305.08763677546057,164.8743285177746,156.30450439453125,132.37064747523667,313.7089796497509,295.36461754386573,165.76649860978034,160.5854949951172,134.27273812048503,323.53507838065843,300.0176962380316,106765600,87798000,44408000,24942400,44289500
2022-01-11,171.6489715576172,165.36199951171875,138.90293884277344,332.545654296875,305.3396911621094,171.7470028889114,166.35000610351562,139.38008818359495,332.80424543512305,306.91977831660637,167.4724598584393,160.70150756835938,135.87759542546866,323.50525347179314,300.40547992451036,168.94306446572548,161.5,137.18425777729487,324.9970693904748,303.78865505675424,76138300,62806000,28730000,16226800,29386800
2022-01-12,172.0901336669922,165.20700073242188,140.58734130859375,331.4416809082031,308.52899169921875,173.70779259806037,166.8780059814453,141.7578269611901,334.5346975988246,313.5116906389341,171.39405592953122,164.41700744628906,139.85573658432193,328.2292934650969,307.37541056986225,172.66856783412447,166.5749969482422,140.30851123755903,333.35118803299963,309.8861668515591,74805200,50030000,26108000,14104900,34372200
2022-01-13,168.8155517578125,161.21400451660156,137.76080322265625,324.6986999511719,295.47125244140625,173.15872875555698,166.22149658203125,141.9983893426326,333.79877046934536,311.05912310773493,168.42338168232487,161.09100341796875,137.5838554108027,323.98262713673137,294.69574914549776,172.33519403667106,165.25050354003906,140.69618631751152,333.1523230114227,310.66166805392663,84505800,52188000,31436000,14797100,45366000
2022-01-14,169.6783447265625,162.13800048828125,138.6489715576172,330.0891418457031,300.7060546875,170.37442243944997,162.25,139.9029560886818,330.91463034808993,301.3070742822076,167.73713612609606,159.80050659179688,136.18177360151284,319.45746424069296,294.4534510539189,167.9822368621362,160.14999389648438,136.26178386352225,320.03431674736123,294.93814809269077,80440800,45974000,29662000,16868500,39846400
2022-01-18,166.47238159179688,158.91749572753906,135.18724060058594,316.41412353515625,293.3870849609375,169.15867541780838,159.7344970703125,136.3139823208057,322.4410569090777,300.31824606809926,166.090025136866,157.6645050048828,134.63108204024,315.906926804408,292.5049328805996,168.14886183274072,159.10499572753906,135.36318734561587,321.52609355289695,294.7636374425836,90956700,67292000,34872000,22645600,42333200
2022-01-19,162.97238159179688,156.2989959716797,134.31100463867188,317.8462219238281,294.0462646484375,167.72734198246087,159.25,137.13705841659865,325.3152549285134,304.30246958333606,162.68807131265714,156.25,134.21060881239492,317.58763084584007,293.4355712876698,166.66850497918634,158.76199340820312,135.70961451103514,317.8362667743469,296.9156921461027,94815000,53242000,28648000,20814700,45933900
2022-01-20,161.28607177734375,151.66749572753906,132.51278686523438,314.8327941894531,292.3692321777344,166.3547528521012,158.0,136.80555416095493,326.03136749136274,302.11162990639156,160.9625370330281,151.3509979248047,132.17182934295488,314.25597211923895,291.923319227443,163.70766807832655,156.76600646972656,135.43775010187215,322.1327423010926,299.61060643856285,91420500,71974000,29908000,16925000,35380700
2022-01-21,159.22723388671875,142.64300537109375,129.57440185546875,301.515869140625,286.96966552734375,163.0704113462842,150.89999389648438,134.0614836836018,316.5732470863481,294.80235496310996,159.1193889725066,142.07049560546875,129.31098227824953,301.38657358533396,286.5625070860677,161.19783827212862,149.9499969482422,131.80304038371057,313.09234364850283,293.4258322374997,122848900,163972000,55652000,28710700,57984400
2022-01-24,158.45269775390625,144.54400634765625,130.02420043945312,307.025634765625,287.29931640625,159.11937944541725,144.94500732421875,130.42082382606242,307.84116803697805,288.0166585528434,151.6683120872291,135.3520050048828,123.75778148192607,287.43313840822844,267.60122176171734,156.88406222991276,139.0,125.22696709031449,296.2149475733403,283.256959692508,162294600,155624000,76622000,38878100,85731500
2022-01-25,156.64877319335938,139.98599243164062,126.17826080322266,298.5123596191406,279.66046142578125,159.5703696285005,143.60000610351562,128.6275758896515,304.5592038134467,285.9615223318833,153.942866591661,138.14500427246094,125.746357067885,295.9563743911163,276.4420958772445,155.86444788627315,142.24249267578125,127.97250798721907,298.313469040386,282.5977240186681,115798400,90824000,46960000,25108500,72848600
2022-01-26,156.56053161621094,138.87249755859375,128.4625701904297,293.02239990234375,287.62884521484375,161.16842196351905,145.18499755859375,132.20711125940946,305.83212694632476,299.0580071592012,154.72718309601152,137.31849670410156,126.38403243461616,289.2630261264853,284.06148289400227,160.29586403596446,144.75,130.33732824784752,305.3348551222638,298.5636068216338,108275300,95602000,49130000,28348800,90428900
2022-01-27,156.09971618652344,139.6374969482422,128.23593139648438,293.03240966796875,290.6630554199219,160.62917178912974,144.24349975585938,131.86167804427959,300.06381150392957,297.8947254313369,155.1781352721083,139.35000610351562,128.163853903532,292.6544781550715,288.81150957189453,159.26641265987436,140.8000030517578,130.52122172280093,296.12542642160906,293.3967532426776,121954600,77516000,31950000,21629900,53481300
2022-01-28,166.9920196533203,143.97799682617188,132.55601501464844,300.0638122558594,298.8254089355469,167.01163189910224,143.9980010986328,132.56149059858544,300.2527780127815,299.03867680247816,159.6095873711376,137.92950439453125,127.71902674224266,291.4311790437914,285.4380799369417,162.4625632621154,140.86050415039062,128.88602384065854,294.00704393685675,291.04117616789154,179935700,74392000,34362000,21871600,49743700
2022-01-31,171.35482788085938,149.57350158691406,134.49688720703125,311.5508117675781,301.4621276855469,171.57051772849903,150.36050415039062,134.6653865636506,312.0779187865982,302.81927323790046,166.1881001011021,144.30050659179688,131.42133787378867,297.6868682661031,296.99320639325083,166.82537099995082,144.75,133.36219746273952,299.0394333145059,299.49425923874566,115541600,78308000,39986000,21579500,46444500
2022-02-01,171.1881866455078,151.19349670410156,136.82342529296875,317.2594909667969,299.30999755859375,171.4136751707698,151.70799255371094,136.97153908448766,317.9158935557531,301.1227589792999,168.93325651359524,147.62750244140625,133.56745490599226,310.4170243618747,295.7910938202598,170.59993879900395,150.0,136.77422087518204,312.84371380550573,300.9094911895964,86213900,59220000,68644000,18023800,40950400
2022-02-02,172.39405822753906,150.6125030517578,147.11767578125,321.2376708984375,303.8661804199219,172.4332827246188,155.0749969482422,150.64302635791938,326.2103902621904,305.47537772113645,169.93325210735014,148.86349487304688,144.65495244328034,315.1411121023052,299.4263697135264,171.32542255843316,155.05050659179688,150.34830041833825,326.0313796493522,300.1534150830392,84914300,87330000,123200000,58458300,36636000
2022-02-03,169.51165771484375,138.8455047607422,142.23695373535156,236.46273803710938,292.0298767089844,172.78621481447524,144.24749755859375,148.78270339835078,246.64687242629063,301.7044372994963,168.74694463929947,138.33299255371094,141.81498491185366,234.46371038104039,290.77935044731777,171.0606961129302,141.7375030517578,144.8368701996138,243.31514449064096,300.01767200268654,89418100,225532000,71518000,188119900,43730000
2022-02-04,169.2270050048828,157.63949584960938,142.4387664794922,235.79640197753906,296.576416015625,170.90563668740813,161.1999969482422,144.01133620758506,241.28628837701393,299.34886877974515,167.54837332235746,150.60800170898438,139.67732748446087,228.85449002935758,290.7891323929672,168.53002542285074,155.60650634765625,142.589367810828,233.68797383394778,291.02177749665327,82465400,253456000,57998000,89342200,35096500
2022-02-07,168.5103759765625,157.9355010986328,138.37115478515625,223.68287658691406,291.7390441894531,170.75835233330088,162.6909942626953,143.39005107820873,236.99981906259538,298.41815136102764,167.8133965069876,157.25,138.0719391305357,222.78777795400234,290.72116306011253,169.68835531132382,158.52000427246094,143.39005107820873,236.40308664065424,296.7992804580202,77251200,102624000,54974000,88613800,28533300
2022-02-08,171.62220764160156,161.4134979248047,138.5679473876953,218.97865295410156,295.2385559082031,172.13267083606547,161.79249572753906,139.16536234465121,224.53816449083425,296.20794965089715,168.2845821132694,155.55050659179688,136.1971714967394,214.97064253783918,290.76966495448744,168.57908068618394,156.75050354003906,138.1976705468796,219.645010673908,292.0298649865699,74829200,76040000,54284000,94729700,32421200
2022-02-09,173.04562377929688,161.1894989013672,140.74789428710938,230.73416137695312,301.68505859375,173.4088302479398,163.83450317382812,141.6748455006847,232.0966815254651,302.3830233648674,171.6909391445202,160.25,139.35127141073957,220.99758426160028,297.98199648655384,172.81984799977465,162.87350463867188,140.12314679417082,222.9767167093453,300.38607435541684,71285000,68786000,40144000,86563300,31284700
2022-02-10,168.9619140625,159.0034942626953,137.79360961914062,226.8256072998047,293.12530517578125,172.26026492516206,160.7165069580078,140.64103479433624,233.71778841431967,299.6590099923369,168.4023802889261,157.75,137.13456768686495,225.46307200117525,291.49673067406343,170.9448550221314,158.35000610351562,138.87066160001436,227.0245130207952,294.734502451366,90865900,68268000,39330000,49310400,45386200
2022-02-11,165.54580688476562,153.2935028076172,133.48196411132812,218.3520965576172,286.00994873046875,169.9043445353418,159.0,138.32690028768508,229.16278291797863,294.97684118279875,164.95680964270105,152.73399353027344,132.60471793324464,217.57635359972844,285.21503873193984,169.1681054721721,158.13450622558594,137.7737298036491,227.2134855483474,293.91050210959537,98670700,77100000,39958000,46156900,39175600
2022-02-14,165.7813720703125,155.16700744628906,134.71803283691406,216.51219177246094,285.97119140625,166.4685253813581,158.44850158691406,135.48742052806296,219.79418949229444,287.6773340827328,163.5039325493399,151.64999389648438,132.46206223355594,213.60812556946402,282.4329097004765,164.299068164894,151.75100708007812,132.46206223355594,218.11340796809134,284.77882629708716,86185500,83230000,34302000,38184000,36359500
2022-02-15,169.61962890625,156.510498046875,135.7941131591797,219.79420471191406,291.27386474609375,169.77669680858907,158.0070037841797,137.28517090384545,219.94338022860828,291.5937518024642,167.1262396166007,154.6374969482422,135.01180231428398,213.88661144225017,287.92944305713763,167.8330301983069,157.60549926757812,136.75036860669405,219.2670976522134,290.8279517154203,62527400,56440000,26680000,42685500,27058300
2022-02-16,169.38406372070312,158.10049438476562,136.91685485839844,215.35850524902344,290.93377685546875,170.15956224722075,158.83399963378906,137.26277218056524,216.2734988887623,292.26458771929816,166.9299336029845,154.7344970703125,134.11962050618064,211.2013194980356,285.2802319066826,168.6969102835062,155.79049682617188,135.83185512996917,211.25104972255917,289.836092086114,61177400,52704000,25022000,45817500,29982100
2022-02-17,165.7813720703125,154.65249633789062,131.74884033203125,206.5767059326172,282.4146423339844,168.7557760286246,160.3489990234375,136.29606186664606,216.31328336645123,288.3110075664805,165.3788912099791,154.5,131.68869992433548,206.02970379014684,281.70551089308395,167.89191759255658,158.14599609375,135.43075288338343,212.85227508173767,287.8835899369958,69589300,64032000,38950000,38747500,32461600
2022-02-18,164.2303466796875,152.60150146484375,129.62559509277344,205.03515625,279.6947326660156,167.4108888776789,155.49949645996094,133.27074146885232,209.60010871220885,285.45511803174475,163.14071259883033,150.89300537109375,129.42032894496498,204.0604923863059,278.1210720097872,166.70411337276113,155.49949645996094,132.6713242741991,208.24752851871722,284.66828770363054,82772700,63604000,45620000,37128400,34264000
2022-02-22,161.30506896972656,150.19749450683594,129.03961181640625,200.97743225097656,279.49072265625,163.63157949063682,152.9824981689453,131.392489926859,206.34796321719114,283.2014713114298,159.17487088048674,148.48550415039062,127.45907922134613,198.968449332644,276.3628189154253,161.95294792646703,150.47850036621094,129.06395617131994,201.23600820064885,276.84851806993396,91162800,66128000,44990000,39852400,41736100
2022-02-23,157.133056640625,144.82699584960938,126.8273696899414,197.3672332763672,272.2538146972656,163.10148814384206,151.76300048828125,131.26376055099263,205.81091642302894,283.3569207680284,156.8189207831809,144.6510009765625,126.76722927425091,196.9694217878785,272.088693572859,162.50267977205857,151.65049743652344,130.86366373256033,203.04608560408667,281.88037625017427,90009200,64244000,32786000,44481400,37811200
2022-02-24,159.75404357910156,151.35800170898438,131.89993286132812,206.46730041503906,286.16424560546875,159.86202589264875,151.74899291992188,132.2070964049486,207.21320827033105,286.7179497975743,149.2110962540396,139.5,124.20856591969482,189.18212419223485,263.75407783291644,149.78045618194105,139.83749389648438,124.20856591969482,190.0175373480337,264.7157823888698,141147500,100786000,54456000,49957200,56989700
2022-02-25,161.8253173828125,153.7884979248047,133.65789794921875,209.33160400390625,288.8063659667969,162.0903526039813,153.99000549316406,134.46505354193485,210.16703244596334,289.11722047269745,157.91833214045107,149.2135009765625,130.96603442670602,202.07143021505846,283.3082491781396,160.8338394038589,150.5500030517578,132.7558069650752,203.82183725981028,286.6984486964778,91974200,62396000,36406000,37627600,32546700
2022-02-28,162.09036254882812,153.56300354003906,134.2518310546875,209.8786163330078,290.244140625,162.38486112479202,154.4499969482422,134.94217921480495,211.98704472897904,290.584135999086,159.44971644975743,150.85000610351562,131.80201577294534,205.7015346233035,284.61973550343583,160.06816196139965,152.4250030517578,132.25679252042528,206.5468879068123,285.8922650550983,95056600,57684000,38864000,34239800,34627500
2022-03-01,160.20559692382812,151.14199829101562,133.26226806640625,202.37973022460938,286.51397705078125,163.54322257611173,154.0989990234375,135.44318849556387,210.5946568294758,291.39038646773963,158.99816920673908,149.9770050048828,132.42430658177463,201.1166553063998,283.79404367642127,161.67807486426554,152.7324981689453,134.0743987504672,208.72490956556254,287.9224869789125,83474400,44874000,26496000,27094900,31217800
2022-03-02,163.5039520263672,152.05250549316406,133.76925659179688,206.97451782226562,291.6041259765625,164.2892766091773,152.99949645996094,134.45613150205136,208.00883673199814,292.8475149044159,159.96018776566925,148.75,132.2781988204011,200.917749517631,285.2997590272976,161.37376901896334,150.8489990234375,133.82542304410276,203.6626850352375,286.9122544935651,79724800,47334000,23520000,29452100,31873000
2022-03-03,163.1800079345703,147.89849853515625,133.1012420654297,201.86257934570312,287.4562072753906,165.81084308627598,153.9290008544922,135.6260927709551,207.9392432644674,294.459980944355,162.51249176371445,146.8560028076172,132.23244442777408,200.32103324460556,285.6396674940799,165.3789138092183,153.531494140625,135.19914893630838,207.87957305774057,294.2268548311277,76678400,65198000,24604000,27263500,27314500
2022-03-04,160.1761474609375,145.64100646972656,131.1201171875,198.9684295654297,281.56951904296875,162.51248390357455,147.85000610351562,133.05352910890412,204.7666217220041,287.20364741070586,159.1257876596409,143.8070068359375,129.5604707332503,197.70535469430794,278.9564846846294,161.4719352294381,147.15899658203125,132.13504165400857,201.26582330801816,285.872836378718,83737200,60934000,30430000,32130900,32356500
2022-03-07,156.37718200683594,137.4530029296875,125.62509155273438,186.44712829589844,270.9327697753906,161.9922331985085,146.09449768066406,130.94965729618897,199.79390433496397,281.4044448286401,156.12194287523664,137.41650390625,125.54208564027323,186.25816254490502,270.5636335878149,160.3626871229987,145.44349670410156,130.7041357420531,199.69444388427246,280.2776189672571,96418800,86934000,45112000,38560600,43157200
2022-03-08,154.55130004882812,136.01449584960938,126.34675598144531,189.25173950195312,267.9602355957031,159.89148955943892,140.69949340820312,130.46754242732567,195.62676912026828,275.8382618324214,152.94139129743706,133.57249450683594,124.92528073964256,185.09455355992876,262.27754942912713,155.90598466141114,136.68350219726562,125.49735033485614,186.8250652943482,269.8544445547455,131148300,91662000,40428000,37508100,48159500
2022-03-09,159.96018981933594,139.2790069580078,132.62460327148438,197.41697692871094,280.2484130859375,160.41175632836593,140.25,132.93822833664126,198.01370937755138,281.3169571583642,156.4851483427237,136.8280029296875,129.1260843481061,192.86196375080274,272.74921692953006,158.51716018630677,139.5,130.46754173493875,194.6720410502253,275.3331399974986,91454900,82656000,37026000,31894700,35204500
2022-03-10,155.61148071289062,146.8175048828125,131.64002990722656,194.14492797851562,277.421630859375,157.447165177113,148.67449951171875,132.4775061555181,195.20908209631614,278.40275260718323,153.11807622105542,143.97799682617188,130.13207515566626,190.02751669994055,272.5549159967274,157.26064889872916,145.68499755859375,130.48346814012982,193.77693640367505,274.9251301683572,105342000,135062000,27102000,24853000,30628000
2022-03-11,151.89100646972656,145.52450561523438,129.0962677001953,186.5863800048828,272.0595703125,156.3575259685623,149.6750030517578,132.99787160510658,192.50391312145888,281.2295740286953,151.665230708696,145.36900329589844,128.85869409083313,185.65150631922032,271.43786107661583,156.01394178449013,149.57449340820312,132.69269500928414,191.5889345627671,279.7238886481978,96970100,68900000,31526000,34694500,27209300
2022-03-14,147.85646057128906,141.85299682617188,125.20013427734375,185.6117401123047,268.53338623046875,151.29224352691114,147.4499969482422,129.63155790630353,191.2408472712281,277.2371079233456,147.3460121740649,140.88400268554688,124.52816937594511,184.80616195014525,267.93112394283185,148.671233755367,145.9810028076172,129.47350918903174,186.00955161751997,272.3218342049007,108732100,74086000,38812000,31010500,30660700
2022-03-15,152.24441528320312,147.3665008544922,128.42774963378906,190.9822540283203,278.9370422363281,152.7156190595178,147.98500061035156,129.08034507686696,191.23088999046473,279.58789220242016,147.6208424416319,142.0,124.97098076985834,184.89565053119634,270.7578843795946,148.1312907310734,142.85000610351562,126.21899655961248,189.75896934371957,272.33154503092817,92964300,75584000,30920000,31721700,34245100
2022-03-16,156.661865234375,153.10400390625,132.48594665527344,202.5189666748047,285.969970703125,157.0643462164723,153.14999389648438,132.53812396756078,202.61841195332647,286.1448152890781,151.6259998194092,147.35350036621094,127.9670425512533,193.4586716997248,275.10002093883594,154.16847532887076,148.5,129.95363304530028,193.6376823063848,280.8409590240361,102300200,84958000,35576000,40640300,37826300
2022-03-17,157.6729278564453,157.23899841308594,133.04112243652344,206.70599365234375,286.7762451171875,158.04596038224682,157.49850463867188,133.28118358212942,206.9048993906148,287.155075088872,154.73779817864818,152.13999938964844,131.39697585155773,200.0127176773221,281.09355838410045,155.6998128738619,152.6405029296875,132.35523344907776,200.59949491665893,284.90145326576936,75615400,72934000,28264000,29499700,30816600
2022-03-18,160.97129821777344,161.25050354003906,135.31398010253906,215.3087921142578,291.837158203125,161.46212424049523,161.593994140625,135.43177341231217,215.61709826329755,292.3908622996214,156.82872538769567,156.01100158691406,131.4700291742391,204.8760222186683,284.3574097450835,157.56496442177837,156.81300354003906,132.62907833291945,205.57219984158613,286.92188561378543,123511700,102962000,44566000,52128000,43390600
2022-03-21,162.34559631347656,161.4915008544922,135.2901153564453,210.33609008789062,290.603515625,163.29779985653147,163.08399963378906,136.23296233262303,213.53852258706053,291.5554966200923,160.01907112060528,159.55299377441406,133.29308959145584,206.49715011422617,286.4653494285398,160.509897071507,161.12100219726562,135.35174221676303,213.32966169557758,290.3412487591332,95811400,66538000,26832000,30142300,28351200
2022-03-22,165.7224884033203,164.88900756835938,139.03416442871094,215.46792602539062,295.36334228515625,166.31147058252574,166.16700744628906,140.20912465713957,218.26260708204245,296.27645898935685,161.88422570672876,161.69900512695312,135.29012387121904,209.03322589300686,290.2246373680648,162.4732078859342,161.8054962158203,135.29012387121904,210.21673554100374,291.2251763552564,81532000,64086000,35496000,31998800,27599700
2022-03-23,167.0869903564453,163.4080047607422,137.451171875,212.29534912109375,290.9241027832031,169.47239748158006,166.3699951171875,138.7563479806744,215.61712212921574,294.55715302572054,164.57394870167656,162.68699645996094,137.01330712562918,211.00243900654777,289.20473825507435,164.90772175927947,163.7050018310547,137.8756282677668,212.16605355697845,291.914948142402,98062700,55812000,25154000,23717300,25715400
2022-03-24,170.87619018554688,163.64950561523438,140.72801208496094,218.3719940185547,295.40228271484375,170.94489804434284,164.11849975585938,140.77472897804753,219.4659831161203,295.4994284914666,167.0870124371813,160.0500030517578,136.92929162847878,213.61806059361203,289.7876007048996,167.92140774440355,163.74949645996094,138.37014375246187,213.82692147321634,290.58415457058635,90131400,56798000,26396000,31502300,24484500
2022-03-25,171.51425170898438,164.77349853515625,140.82838439941406,220.60972595214844,294.9941711425781,172.06397447426608,165.36849975585938,141.18822575870797,224.2696400667639,296.76212281878395,169.5803959233043,162.25,138.90442228427176,217.69570455578992,290.72974885185926,170.68966756106184,164.0,141.06993193131237,219.30686075020924,296.4998560009934,80546200,49032000,24126000,40039000,22566500
2022-03-28,172.3780975341797,168.99049377441406,140.61221313476562,222.3700714111328,301.8134460449219,172.5057021088352,169.03750610351562,141.1559492617767,222.81761313998632,301.9105621534724,168.84414433562662,164.89999389648438,138.9780015247336,218.34216550037954,295.62561433366324,169.01102337849983,164.97500610351562,140.0605139005608,220.9180457863605,295.62561433366324,90371900,59854000,35050000,26224100,29578200
2022-03-29,175.67645263671875,169.31500244140625,141.6559295654297,228.60586547851562,306.3887634277344,175.72552325481462,170.8314971923828,142.93626058492885,229.6302444994751,306.7870403167867,173.10451415071458,167.86849975585938,141.19171837433169,224.06079249138395,300.21065437950557,173.4480983503125,170.38400268554688,141.7970964844151,224.83655070850978,304.93166587278824,100589400,66154000,34318000,31417900,30393400
2022-03-30,174.50828552246094,166.30099487304688,141.0923309326172,226.60682678222656,304.8830871582031,176.31452166228107,168.95050048828125,141.86966668046006,229.88880941182103,306.91333589865695,173.45791066079582,165.5,140.75584795284888,225.47304737778563,302.6682999951618,175.27397290735905,168.50950622558594,141.61072161056262,227.66104085602697,304.78597103412335,92633200,56168000,19884000,25588000,28163600
2022-03-31,171.40628051757812,162.99749755859375,138.23843383789062,221.1467742919922,299.4918518066406,174.763529034082,166.4949951171875,141.26080430245935,227.24333303685233,306.12651977818297,171.20012697779308,162.95350646972656,138.19569091666554,221.04731383533954,299.08388106133276,174.5770127311391,166.44500732421875,141.20612430564725,227.20354278397724,304.9219655495757,103049300,59966000,37524000,24192300,33422100
2022-04-01,171.1117706298828,163.55999755859375,139.3149871826172,223.62319946289062,300.570068359375,171.67131950192206,165.82699584960938,139.63357214652848,226.03993382837436,301.2597528365468,168.78526000762312,162.3195037841797,137.4829719618927,221.48492099668766,296.8010382958622,170.83690924745642,164.14950561523438,138.6683677007803,223.32483326114888,300.52148065861917,78751300,57090000,25942000,19544800,27110500
2022-04-04,175.16600036621094,168.34649658203125,142.11917114257812,232.61386108398438,305.9613342285156,175.21508596620356,168.39450073242188,142.85526562671214,233.0713579334283,306.09731457992234,171.23939202795495,163.20550537109375,139.47403919980835,224.62767516142972,300.85176950899194,171.36701159217134,164.125,139.5217571731668,224.74701556757384,301.2209056188057,76468400,49882000,25942000,28054800,24289600
2022-04-05,171.8480224609375,164.05499267578125,139.75286865234375,230.57504272460938,301.9883117675781,175.02858080966283,168.11050415039062,142.1380544214497,235.56765710471592,305.8641815434495,171.21976568599678,163.26600646972656,139.54561551027928,229.75952465824116,301.0071899868292,174.24325609628116,167.7415008544922,142.0172882097169,232.80282641356752,304.3099383163862,73401800,53728000,21418000,29727200,23156700
2022-04-06,168.67727661132812,158.75599670410156,135.73394775390625,222.08163452148438,290.93377685546875,170.44425332917226,162.1999969482422,138.5296805105521,227.74059119568486,298.2192637550214,167.00847109179495,157.25450134277344,134.70908842827123,220.20194733849564,288.223567428313,169.19755100896808,161.65049743652344,137.9228159945289,225.67193826180542,296.4610352881738,89058800,79056000,32468000,28995100,40110400
2022-04-07,168.98158264160156,157.7845001220703,135.07838439941406,221.73355102539062,292.7502746582031,170.17919933632717,160.07899475097656,136.3467783054226,224.28953603530553,294.96506139767257,166.73360604638012,154.51150512695312,133.42727602104824,217.3675040776886,287.873866301883,168.0195678303507,158.39999389648438,135.19915059428206,222.70819976112213,288.17499737628344,77594700,68136000,26234000,21037200,31411200
2022-04-08,166.9691925048828,154.4604949951172,132.49290466308594,221.116943359375,288.4761962890625,168.62818685521674,157.36849975585938,134.86119335955522,223.90166926727147,292.507493891378,166.0955227852114,154.2310028076172,132.17281809687512,218.82948939304805,287.80592899300956,168.62818685521674,156.75,134.77520697165542,221.16667358863901,291.84695006605057,76575500,46002000,25142000,18375700,24361900
2022-04-11,162.70884704589844,151.1219940185547,128.05552673339844,215.27896118164062,277.1010437011719,165.92866496258833,154.13650512695312,131.30503596272297,219.40631194961077,284.24079633497007,162.46343400359692,150.5345001220703,127.90145197156235,214.04572138607526,276.8484706977341,165.61454405743055,152.71299743652344,131.03764238363178,217.2282585635439,283.444272387861,72246700,52112000,36884000,20516600,34569300
2022-04-12,164.5837860107422,150.78750610351562,126.95311737060547,212.97164916992188,273.99261474609375,166.75322864931675,155.0989990234375,130.8154592073854,220.81860063509654,282.42434526371244,163.58249672741925,150.38299560546875,126.03313586492538,211.96716520435496,272.46751223011626,164.93718134727843,153.6925048828125,130.8154592073854,219.03837357225282,280.96724774660083,79265200,55178000,32710000,20128800,30966700
2022-04-13,167.2735137939453,155.54100036621094,129.11961364746094,213.81700134277344,279.3935852050781,167.90177054609936,156.02499389648438,129.55699294493664,215.42815762584064,280.32611930894404,163.71012681510052,149.60000610351562,126.97944921777155,210.1769669786612,273.25434059478465,164.31874633095592,150.01849365234375,127.23690781797103,210.6642989592781,274.6434627479795,70618900,53390000,27928000,19231800,21907200
2022-04-14,162.25726318359375,151.7064971923828,125.97449493408203,209.03321838378906,271.8263854980469,168.12755331525187,155.89700317382812,129.70164613267772,213.8169870331476,280.0638541254558,162.01185016741871,151.4720001220703,125.8462585754794,208.85420777566662,271.3309925011288,167.48947048590375,155.38999938964844,129.70164613267772,213.7175265782786,279.85014530403384,75329400,51598000,31598000,18379500,28221600
2022-04-18,162.04132080078125,152.78500366210938,126.91535186767578,209.62002563476562,272.49664306640625,163.54324732904448,154.0395050048828,127.4481520009854,212.2157858651512,274.3811581581207,160.5688426374783,150.25050354003906,125.42976215444064,207.16350094573832,270.3790018667597,160.91241188828883,151.52349853515625,126.24288641630555,208.8542225695273,270.9327060178222,69023900,46514000,20808000,16580800,20778000
2022-04-19,164.32855224609375,158.11549377441406,129.23394775390625,216.1243133544922,277.1399230957031,164.7408593011716,158.6490020751953,129.55600614086566,217.23819756774503,277.98506451815985,160.9025960723887,151.55050659179688,126.24238284464272,207.85965670497782,270.44700422483857,161.9922304806441,152.0294952392578,126.93025878807966,209.37136754834543,271.38926176150375,67723800,54926000,26490000,20089900,22297700
2022-04-20,164.16163635253906,153.9980010986328,127.27667999267578,199.32647705078125,278.1695861816406,165.7813709088185,157.6024932861328,130.6156639754592,212.9915150441562,281.4140823953161,163.0523799363438,153.60350036621094,126.73990588863683,197.83466127237705,277.20791140895244,165.66356250002266,157.6024932861328,130.1116827057171,212.444512890301,281.1226451360591,67929800,59630000,31696000,43036500,22906700
2022-04-21,163.36654663085938,148.29600524902344,124.07040405273438,187.0438690185547,272.7783508300781,168.38278964359662,156.73800659179688,129.32289952975387,201.86256630262926,284.91110595859055,162.8659094340129,147.58949279785156,123.78411899307085,184.56744937065218,272.049802114216,165.81086584120527,154.71400451660156,128.4794624420053,200.50004608528528,280.3261048543094,87227800,63970000,36446000,49954100,29454600
2022-04-22,158.8214569091797,144.35000610351562,118.92228698730469,183.10546875,266.1922302246094,164.78990235630212,149.61500549316406,124.65441216910293,191.66849190175577,275.09996418217577,158.53678444420197,143.69749450683594,118.21602763208168,182.27005555849573,265.5608273646732,163.40578453855588,148.25,124.25480828097227,189.3313077850696,273.6234200417137,84882400,73078000,56884000,36426800,29405800
2022-04-25,159.89146423339844,146.07400512695312,122.34027862548828,185.96975708007812,272.6909484863281,160.1761366901005,146.22149658203125,122.5425642855984,186.15870766118786,273.0697784310283,155.5525646879934,142.30650329589844,117.80448550569228,180.66883662102265,263.0255229577328,158.1637473249091,144.0229949951172,118.39096451696345,181.732990632681,265.4734657946964,96046400,61874000,46128000,29281100,35678900
2022-04-26,153.9230194091797,139.39100646972656,117.94266510009766,179.96270751953125,262.4912414550781,159.36136429126918,144.8560028076172,121.77965417231077,186.16866663766132,270.39840795008814,153.84448546049006,138.92950439453125,117.80449381447244,178.5206219649492,262.27753265009284,159.27301921605053,144.8000030517578,121.56543900497064,185.61172450697046,269.56301966815096,95623200,77530000,73054000,31747400,46518400
2022-04-27,153.697265625,138.16700744628906,113.61312103271484,173.99545288085938,275.11944580078125,156.85817138310125,141.94850158691406,116.54304367581462,180.2213074290636,282.6477831207664,152.52909731194325,135.7834930419922,112.06441058282587,168.0779196901877,271.17557081505095,153.0493716898695,140.19149780273438,113.78707319758975,173.47828580189343,274.031484376404,88063200,71336000,91820000,71062900,63477700
2022-04-28,160.63754272460938,144.59649658203125,117.81591796875,204.60751342773438,281.34613037109375,161.50140133184425,145.9375,118.93619817833041,207.39223939821932,282.65752417283454,156.01395492484127,140.3000030517578,113.43469241008683,191.8475132992068,273.4097922009412,156.3280907743164,142.17799377441406,115.72098381439348,201.81284748138737,277.03311899565534,130216800,117316000,48884000,100890600,33646600
2022-04-29,154.75741577148438,124.28150177001953,113.4292221069336,199.37620544433594,269.58245849609375,163.1505424974972,130.76100158691406,117.21700652937484,211.32067153701624,281.58895747620693,154.36476100370217,121.625,113.13598259851811,198.80930816950078,268.5916428545901,158.87053962186658,129.8489990234375,116.03857291186468,203.34444084157775,280.3552626033105,131747600,272662000,42676000,49193400,37073900
2022-05-02,155.06175231933594,124.5,115.88796997070312,209.97805786132812,276.3337097167969,155.326787567421,124.66799926757812,116.04949968137838,210.7239657841902,276.7902681599754,150.45780216717014,118.375,111.92871363213679,199.89338335125444,268.31967275198224,153.83468735250372,122.4010009765625,112.72891478535892,200.07239396848428,269.76704691143607,123055300,148788000,35534000,49915300,35151100
2022-05-03,156.5538787841797,124.25350189208984,116.6344985961914,210.87313842773438,273.7206115722656,157.76132169874938,126.22049713134766,117.73589481701792,213.72747451752306,276.0034035044094,153.45186941180674,122.82499694824219,115.34274621028139,206.95463309822625,272.13722760135903,155.24827964309745,124.05349731445312,115.73638152472337,209.30175727056672,275.83825274986134,88966500,79134000,24968000,41556300,25978600
2022-05-04,162.97389221191406,125.92849731445312,121.5321273803711,222.19105529785156,281.68609619140625,163.42544380743908,126.0,122.12208739664607,223.07619875767404,282.5603487525896,156.33791416985588,119.18299865722656,114.42971894184117,205.83081125477665,268.81506842007445,156.74039514151906,123.5999984741211,116.33380387873802,209.50066548109533,274.5074483596638,108256500,110746000,49916000,41375900,33599300
2022-05-05,153.8936004638672,116.40699768066406,115.81094360351562,207.1436004638672,269.41741943359375,161.06947475751667,123.4990005493164,120.31741743526412,218.96872672428552,278.16000721632975,152.10698649205247,115.07250213623047,114.31988597771957,205.03517227050344,266.493500033275,160.84369897364428,123.0,119.48739626697366,217.54653624399765,277.3731766874622,130525300,144392000,45840000,41129200,43260400
2022-05-06,154.62107849121094,114.77249908447266,115.05645751953125,202.658203125,266.87225341796875,156.7445658918497,119.05049896240234,116.87058205109199,208.23759469091388,271.262962860932,151.57347999950738,113.08149719238281,113.33578193586037,199.92320755691546,263.5111941095832,153.37254446386834,114.8499984741211,114.4978114880864,206.20871675301717,266.9499522347346,116124600,124260000,39710000,34747200,37780300
2022-05-09,149.4893341064453,108.78900146484375,111.84025573730469,195.1394500732422,257.01263427734375,153.19560424531912,114.0,114.39096014652678,201.46474939082168,264.57011436813457,148.92897809122042,107.95700073242188,111.3328010767772,194.51288260894987,255.78869217246023,152.3108102727315,111.3125,112.57484853572669,198.74963382924452,262.3359093961906,131577900,128124000,40802000,36303200,47726000
2022-05-10,151.89788818359375,108.85900115966797,113.71302032470703,196.57159423828125,261.7917785644531,154.09019917635914,112.64250183105469,115.5569649081188,201.8526350537205,265.92022034144355,150.3445974581009,107.1709976196289,112.2274307129591,193.13048086930363,257.48849225046325,152.89082298326753,111.25,114.81889108696211,198.4214464849374,263.91914269876196,115366700,105434000,39900000,34452500,39336400
2022-05-11,144.0233154296875,105.37200164794922,112.92524719238281,187.71023559570312,253.09779357910156,152.82200644382692,110.15599822998047,115.6707822589766,199.57513795158982,263.598605933196,143.34497796029567,104.42849731445312,112.56143181091423,187.24279871268553,251.8835458078629,150.90497555260774,108.10350036621094,112.56143181091423,195.258820735527,258.08107117542045,142689800,109704000,37534000,31153400,48975900
2022-05-12,140.14990234375,106.93049621582031,112.17127227783203,190.19656372070312,248.0465545654297,143.728364519164,110.78050231933594,113.61361843345463,196.9694046398967,252.44698754969474,136.45347366831103,102.40550231933594,109.1697725659564,183.7718040297496,242.8689999994643,140.35635871962023,102.75,110.71351561460774,186.0393627029016,250.3196229634551,182602000,132026000,53836000,38262200,51033800
2022-05-13,144.62298583984375,113.05500030517578,115.35865783691406,197.5363006591797,253.65159606933594,145.59625448116793,113.18399810791016,117.17228201605276,198.79937563637557,255.5166944131101,140.69060910842344,107.80000305175781,112.92774118153335,190.23635221953052,248.04663685522607,142.14558429881745,109.06900024414062,113.85020267247533,191.52926229909409,249.98943404282176,113990900,93684000,35038000,24549800,34925100
2022-05-16,143.07955932617188,110.81050109863281,113.76272583007812,198.94854736328125,254.0206298828125,145.0260971333287,113.99250030517578,115.47744057508254,204.24946796576893,258.21707723117356,141.74255027718928,110.35399627685547,113.21054125348216,194.86097148578133,248.46423098027537,143.08939987118117,113.0999984741211,114.27018049824444,195.97487092994706,252.52466835085852,86643800,74566000,25990000,27112600,32550900
2022-05-17,146.71701049804688,115.36849975585938,115.77863311767578,201.51449584960938,259.18853759765625,147.2380493187645,115.80000305175781,116.20308945221458,204.33901227890328,260.6553290764096,144.20027628752518,111.27649688720703,114.18519273143225,197.27774396897362,254.9532250048792,146.343429833823,113.2750015258789,116.14394252981128,201.01722386089705,258.49882336445273,78336300,76448000,23054000,24872700,28828800
2022-05-18,138.43934631347656,107.11250305175781,111.2323989868164,191.1911163330078,247.3877410888672,144.86877642522347,112.85299682617188,114.71203395774059,199.9033150480278,256.6569961862694,137.5348863581385,106.2490005493164,110.89044801452674,190.58444397385063,246.11224780125326,144.36740373329286,111.43949890136719,114.31441707721152,198.90877119206746,256.0727937558595,109742900,108380000,35126000,23960000,31356000
2022-05-19,135.0280303955078,107.31900024414062,109.72593688964844,190.24627685546875,246.47250366210938,139.26516512783357,110.03399658203125,112.33628116950564,194.22445205611078,250.88320092166384,134.29070954879225,106.19300079345703,109.34422347633978,188.5655105806461,245.2456963560766,137.51525818502847,106.28050231933594,110.76719271537465,190.15677155558248,247.21248054968524,136095600,88142000,34144000,24446900,32692300
2022-05-20,135.26393127441406,107.59100341796875,108.25872802734375,192.48402404785156,245.90777587890625,138.3213549245238,109.89800262451172,111.51470574636961,196.830191307738,251.73027831632496,130.36812621760984,105.0094985961914,105.16578164113857,186.84496182938273,239.94897637698514,136.73857261689477,109.56849670410156,111.28358606140381,193.90622974804248,250.4645014140494,137426100,99500000,48962000,31465600,39199300
2022-05-23,140.69061279296875,107.55699920654297,110.82334899902344,195.1593475341797,253.78472900390625,140.8380709239281,108.81900024414062,111.47891742677632,195.91521061937755,254.6123467813233,135.32291181364158,103.94999694824219,108.09272395269684,190.19658312738272,246.75489552563764,135.46054440281267,108.46099853515625,108.93418162101162,194.1250285432981,248.76064962825117,117726300,107798000,37184000,25059200,33175400
2022-05-24,137.98712158203125,104.0999984741211,105.33824920654297,180.29090881347656,252.78179931640625,139.5699040628069,105.4000015258789,105.82383944668105,182.67780799517152,254.4467508800761,135.0083469444269,101.26000213623047,101.27710276285752,175.149118904387,246.82300027694097,138.42951103300464,104.0250015258789,105.14143154716889,179.56489604850404,251.09738523468087,104132700,102934000,76780000,50406300,29043900
2022-05-25,138.1444091796875,106.7750015258789,105.17423248291016,182.82701110839844,255.60543823242188,139.39292808535322,108.17500305175781,105.8650888627425,184.4381674068017,257.6111772266234,136.00125589921703,103.6500015258789,103.23734709654535,178.341623480769,250.3574216489595,136.08973078213927,103.65550231933594,104.35961425816333,179.41571756268058,251.34082862582082,92482700,93120000,40258000,28030200,28547900
2022-05-26,141.3493194580078,111.07749938964844,107.14988708496094,190.58444213867188,258.8963928222656,141.89984995235616,112.66549682617188,108.00177265083983,191.7778917192253,260.0745140342106,134.8215728806199,107.45349884033203,104.59768865078523,181.26555597869333,254.5441279914447,135.06734649422762,107.97000122070312,105.04699746381934,181.88218348281484,255.36199947266203,90601500,93002000,37948000,23056500,25002100
2022-05-27,147.11024475097656,115.14649963378906,111.64692687988281,194.0653533935547,266.0431213378906,147.1495619264336,115.18699645996094,111.64842091057818,194.26425913571137,266.1404933803553,142.80428649817537,112.62799835205078,108.48787102169219,188.76443265841135,260.5127340056959,142.93209356986327,113.55000305175781,108.83032257524219,190.315918692983,261.40851519708474,90978500,93660000,37914000,22562700,26910800
2022-05-31,146.32374572753906,120.20950317382812,113.08380126953125,192.58349609375,264.70916748046875,148.11298447709316,121.99449920654297,115.04503867354312,196.52189694024386,267.5327779701292,144.35755721198225,115.67500305175781,111.41033538306635,190.96238454669688,261.84660223740195,146.5498682074242,116.27999877929688,112.07435232839093,193.8266760714197,265.35178719970526,103718400,144634000,50012000,26131100,37827700
2022-06-01,146.19593811035156,121.68399810791016,113.2130126953125,187.6107635498047,265.24468994140625,149.17471219422913,125.17900085449219,116.40338189610395,198.4413461789359,270.37587169394226,145.18333733188115,120.62249755859375,112.57484178109776,183.99062430562358,262.9273724680771,147.36580755186637,122.25599670410156,114.17027665054526,195.43781930598598,267.9514657945236,74286600,127528000,36606000,36623500,25292200
2022-06-02,148.65371704101562,125.51100158691406,116.92127990722656,197.77499389648438,267.3478088378906,148.71270030734948,125.61000061035156,117.19662897020942,199.84364695984004,267.41597223525304,144.37725022184313,120.04499816894531,112.27316142016656,186.70571580632077,254.70970880591457,145.3308530297889,121.68399810791016,113.3203782106732,187.4217886042337,257.48464843811894,72348100,100560000,37992000,31951600,44008200
2022-06-03,142.92225646972656,122.3499984741211,113.858154296875,189.7390594482422,262.90789794921875,145.46846714813478,124.4000015258789,115.62804199780953,195.53725145518064,266.2475773225022,142.01781149904664,121.04650115966797,112.84175092903219,188.7445156770802,261.34031820797634,144.4165490295479,124.19999694824219,115.37058337914883,194.91068402317782,263.19026792194273,88570300,97604000,26136000,19465000,28059000
2022-06-06,143.66940307617188,124.79000091552734,116.12406921386719,193.1901397705078,261.6712646484375,146.05833007006927,128.99000549316406,118.63550420408295,195.8455699864437,266.9582341386828,142.45036072118282,123.80999755859375,115.47148122742865,187.3720522709119,260.18156524196615,144.54435641942476,125.25,116.00875584202326,192.93156383683885,264.89407859128573,71598400,135269000,33542000,30574200,22400300
2022-06-07,146.19593811035156,123.0,116.45109558105469,194.58250427246094,265.322509765625,146.48102881439183,124.0999984741211,116.98937123932387,195.4577077440248,265.9359206891935,141.66387346445043,120.62999725341797,114.36610405154696,190.44521326037568,258.9352986966251,141.9096470027296,122.01000213623047,114.79204682193456,190.8827998206223,259.6168729925374,67808200,85156700,31590000,18828700,22860700
2022-06-08,145.4586639404297,121.18000030517578,116.49533081054688,195.56710815429688,263.2876892089844,147.33636297180345,123.75,117.86362757430514,200.92769906590598,265.80946777348987,144.96711670692042,120.75,115.90487027027757,193.3492795488,262.50874253742575,146.06817770971523,122.61000061035156,116.06540649330724,193.60785549466925,264.5534366938234,53950200,64926600,26108000,22267200,17372300
2022-06-09,140.22857666015625,116.1500015258789,114.15089416503906,182.99607849121094,257.815673828125,145.44880522785593,121.30000305175781,117.5937469795458,198.36177878593648,265.52705139070684,140.12043568225837,116.0999984741211,114.09174724477081,182.6778171574039,257.65988452101186,144.5935179486459,119.98999786376953,115.63399617564801,193.21998861895966,260.72691036326086,69473000,67029800,25798000,23501600,26439700
2022-06-10,134.8117218017578,109.6500015258789,110.4988021850586,174.61207580566406,246.32644653320312,138.38034379484614,114.5,112.6036788681185,182.10098998699743,253.71651344444265,134.7428980025847,109.05000305175781,109.7080429136277,174.06507363809263,245.87855603655115,137.9084627463307,113.41999816894531,111.77465117988051,182.04130460691536,253.71651344444265,91437900,87266000,41452000,27450800,31422800
2022-06-13,129.65048217773438,103.66999816894531,105.75823211669922,163.36375427246094,235.87904357910156,132.91434748083088,106.54000091552734,108.14292471325601,171.63836572693887,242.46099963563907,129.2179182819536,101.86000061035156,105.48636407086114,163.1350134544047,235.1682754046893,130.6237359424125,104.19000244140625,106.14988045477023,169.65921816053267,238.65398260797576,122207100,99277700,47252000,31749300,46135800
2022-06-14,130.5155792236328,102.30999755859375,106.07929992675781,162.83665466308594,238.0503387451172,131.62648045825296,104.87999725341797,107.28109193364297,165.8401812350533,239.26741476763672,129.25721986088914,101.43000030517578,105.16926096787583,160.47959067651584,235.14881881047341,130.8793342743823,104.19000244140625,105.89987976534218,165.1241084738487,237.43692767556414,84784300,69728800,33706000,27244300,28651500
2022-06-15,133.1404571533203,107.66999816894531,109.1101303100586,168.42601013183594,245.12884521484375,135.01817091312645,109.05999755859375,110.7592366013652,171.22067597309285,248.57561287293495,129.9257495131237,103.52999877929688,107.02761866972331,163.08529924081037,239.92949994824272,132.01973022353556,103.86000061035156,107.89789521513327,166.287731710114,241.76971832268623,91533000,85011100,39698000,30008300,33111700
2022-06-16,127.86124420166016,103.66000366210938,105.40138244628906,159.9922637939453,238.5177001953125,130.1518557555823,104.58000183105469,108.00079101235727,164.17930006661163,240.90316631225872,126.85848380018383,102.01000213623047,104.51122078339405,158.7391440100492,236.61906450455473,129.84709891808183,104.47000122070312,106.58180317051725,162.82671982781204,239.50109230773435,108123900,82186300,51684000,26944100,33169200
2022-06-17,129.3358917236328,106.22000122070312,106.50475311279297,162.84661865234375,241.1271209716797,130.8301993524765,106.9800033569336,108.05147659913487,164.9948218770204,243.90206053731393,127.61547659200777,102.51000213623047,104.41975395732656,159.02755866012222,237.60247319436613,127.87109072638007,102.80000305175781,105.40136989732684,160.79784553375922,238.25482422814653,134520300,99772100,51376000,31374200,43084800
2022-06-21,133.57301330566406,108.68000030517578,110.8790283203125,156.19313049316406,247.05670166015625,134.74289788395257,111.62999725341797,111.81889493043958,166.8446877069031,248.0400937392602,131.06613492456364,103.55999755859375,107.9525787560507,155.1190212053394,242.938105697185,131.16443535080262,108.19999694824219,108.28011274049477,165.0246704560505,243.6683513117265,81000500,70901200,47416000,50724900,29928300
2022-06-22,133.0618133544922,108.94999694824219,110.82286071777344,154.9996795654297,246.46278381347656,135.4310591073431,112.12999725341797,112.67077169829913,159.912713895723,250.3963820965906,131.64615522779903,107.0199966430664,109.72444493334895,154.59191290672712,243.77547027076463,132.5112679712454,107.43000030517578,109.89741119699634,157.51587452683046,245.2554389713244,73409200,60040100,30774000,47267800,25939900
2022-06-23,135.9324493408203,112.44000244140625,111.5728530883789,157.88385009765625,252.04180908203125,136.24703170777948,113.0,112.07037281853695,158.87839403527929,252.53838557608867,133.33708105988757,107.93000030517578,109.84174197704682,153.4084023783526,246.94958234402384,134.5069656450009,110.38999938964844,111.56241762682747,155.41738538150125,248.83848658811362,72433800,64345300,28362000,40499200,25861400
2022-06-24,139.26513671875,116.45999908447266,117.27168273925781,169.23158264160156,260.64892578125,139.51091028418583,116.70999908447266,117.37506661936075,169.32108794464224,260.92154953065557,137.40708916408835,111.43000030517578,112.27912561435399,160.41992365461232,254.82642533795135,137.53488121755194,112.37999725341797,112.32137558472176,160.84757021949636,254.91405121664312,89116800,69867600,41164000,68736000,33923200
2022-06-27,139.26513671875,113.22000122070312,115.14295196533203,168.5652313232422,257.9129943847656,141.06420101783954,117.9800033569336,117.87257604180955,170.81289481068848,261.23315118888274,138.58679927801467,112.69999694824219,114.49284392810239,167.0932955973247,256.3453852230229,140.2875481505987,117.08999633789062,117.56790757654245,170.38524826805332,261.1455252924523,70207900,62133200,36420000,29174600,24615100
2022-06-28,135.11648559570312,107.4000015258789,111.33975219726562,159.8032989501953,249.72451782226562,140.99538542275212,114.8499984741211,116.61014556573427,170.36536498408404,259.87979223071875,134.99851907769516,107.04000091552734,111.18120295623152,159.733688771792,249.5687285378828,139.72720035167993,113.5,115.11212598358068,168.9729944851346,257.0269733877671,67083400,74942900,35792000,27744500,27295500
2022-06-29,136.87623596191406,108.91999816894531,111.03557586669922,163.0455322265625,253.40496826171875,138.29189436889533,110.98999786376953,112.48587747066686,165.42249158183432,255.06991990293363,134.35951657209444,106.91000366210938,110.21151569964985,159.44528810218935,249.02347982307,135.13616958742787,107.37999725341797,110.88696913395428,162.67755583334127,250.8052808624802,66242400,66375300,24716000,28595200,20069800
2022-06-30,134.40867614746094,106.20999908447266,108.31340026855469,160.3701934814453,250.06527709960938,136.0307760106686,108.18000030517578,110.22692716271615,164.32847369776013,252.69417300750064,131.50855048251,102.5199966430664,106.11359590583895,157.62525795853676,246.23879748722132,134.9297150126528,108.11000061035156,109.34422060554833,161.26527686322095,250.27948365294694,98964500,97679400,43170000,35250600,31730900
2022-07-01,136.581298828125,109.55999755859375,108.08924865722656,159.1568603515625,252.7428741455078,136.6894398129789,109.75,108.59869028058489,159.7436376150373,252.92787208687378,133.36659091632603,105.8499984741211,106.09420991717995,154.15430570935968,247.90379331703537,133.7401565905966,106.29000091552734,107.28954043231975,159.4353314317043,249.63692332426703,71051600,73021200,35476000,31423900,22837700
2022-07-05,139.1668243408203,113.5,112.5877685546875,167.27232360839844,255.92678833007812,139.2159820551499,114.08000183105469,112.70108735158314,167.33199380811976,256.05336900861283,134.6150930089742,106.31999969482422,105.10116680039341,156.16327121943758,248.03039737947321,135.44090360755794,107.5999984741211,106.46200860720363,157.2771554156595,249.41299415472167,73353800,76583700,39342000,28618600,22941000
2022-07-06,140.50384521484375,114.33000183105469,113.88896942138672,168.84373474121094,259.1982421875,141.68355545577728,115.4800033569336,114.90040534240629,170.65379688289144,260.93135728272176,138.69495517869038,112.01000213623047,110.81142577972525,164.55725264069468,255.4885967886615,138.96039485817002,113.20999908447266,112.62654395425987,167.28229341753212,256.8030448567487,74064300,66958900,37432000,23085900,23824400
2022-07-07,143.8758544921875,116.33000183105469,118.07486724853516,171.25051879882812,261.33050537109375,144.07247034886072,116.98999786376953,118.4789456409862,171.7776258586484,261.97312494817294,140.857747839313,113.48999786376953,114.1489189130433,166.86457650059305,258.03952770988406,140.86757338185674,113.8499984741211,114.39394751201293,168.52546301415413,258.13689971497433,66253700,57872300,40936000,24083400,20859900
2022-07-08,144.55418395996094,115.54000091552734,118.6419677734375,169.94764709472656,260.610107421875,145.0555716697527,116.58000183105469,118.97148872669813,171.45934272383496,261.03852063995714,142.54867812328092,113.69000244140625,116.20458205082575,167.23253163117425,256.35521359634475,142.8042772492725,114.5999984741211,116.55100754274733,169.0525485815487,257.81570509968606,64547800,45719700,38238000,19249200,19658800
2022-07-11,142.4208526611328,111.75,114.98688507080078,161.99131774902344,257.5430908203125,144.16093360400728,114.30000305175781,117.29454795960358,166.57616580469448,259.5098754212624,141.34928357800885,110.87000274658203,114.64294710603728,161.02660893732545,255.27444396073156,143.2073310252046,114.08000183105469,117.29454795960358,166.15845918141326,258.6530489531173,63141600,53487600,31196000,21885600,19455200
2022-07-12,143.39413452148438,109.22000122070312,113.34075927734375,162.37918090820312,246.98851013183594,145.94034514627222,113.2300033569336,116.27665063504178,165.00477610187934,258.9353311845488,142.597830542374,108.33999633789062,113.01223182023313,161.2155664085036,245.40143842284593,143.2958190916168,112.16000366210938,115.52217279522108,163.90083180592828,258.8769139191426,77588800,54280300,29960000,16639700,35868500
2022-07-13,143.03041076660156,110.4000015258789,110.68965911865234,162.5979766845703,246.06353759765625,143.97417299746286,111.77999877929688,113.51521215372361,164.07983728307198,246.87167777562138,139.71737241231898,106.01000213623047,110.53856485199321,158.73914175720867,241.57496109784918,140.57267474752288,107.02999877929688,111.03508353081534,159.2861439003452,243.60017717210818,71185600,61353800,43722000,16555100,29497400
2022-07-14,145.95999145507812,110.62999725341797,109.70954132080078,157.1876678466797,247.3877410888672,146.43187245268066,111.18000030517578,110.43071823411985,161.70289051613514,248.4198191732911,140.82823872856787,107.58000183105469,107.7269323778648,156.42186478762832,239.46214266727682,141.6442086832549,110.23999786376953,109.55347958626427,160.3403702170275,243.97019698455844,78140700,51163100,37004000,23765200,25102800
2022-07-15,147.63125610351562,113.55000305175781,111.11112976074219,163.80137634277344,249.95822143554688,148.30959351033036,115.58999633789062,112.46601072737333,164.07984741911193,253.51207769247128,145.6945593046606,111.58999633789062,110.23886617356108,158.94801245834853,248.05958569750663,147.24784996064128,112.5,111.33280749541423,159.66407010069358,248.98456055892254,76259900,84317800,46770000,23342800,29774100
2022-07-18,144.58370971679688,113.76000213623047,108.3800048828125,166.31756591796875,247.55323791503906,149.0076347954927,117.23999786376953,113.00228493162726,170.75323822305413,253.9696584904297,144.21995456531678,113.1500015258789,107.72394348641585,164.73624481833002,246.6282632029574,148.19166459198905,115.0,111.96848409181302,165.84018911300018,252.90837187190323,81420900,59115400,43164600,23574300,20975000
2022-07-19,148.44723510742188,118.20999908447266,113.13150787353516,174.8209228515625,252.69418334960938,148.67334258980395,118.94999694824219,113.34025502745915,175.52705568698772,252.87918127659822,144.42638313418118,114.02999877929688,108.90684467367008,168.58512844487848,246.99826179190453,145.41930294883997,115.69999694824219,110.18915511969847,169.44043679280568,250.7955329257847,82982400,60990000,36530900,25933700,25012600
2022-07-20,150.4527587890625,122.7699966430664,113.22097778320312,182.09103393554688,255.362060546875,151.12127077444447,123.4800033569336,114.71203541621131,182.59826102275755,257.8935850973015,147.8278985688421,118.31999969482422,111.8094450440941,175.73589919863173,252.09057383957358,148.5652193610668,118.62000274658203,112.49532639821818,176.52159735604093,253.05448872408638,64823400,71268300,35600400,24784300,22788300
2022-07-21,152.7237091064453,124.62999725341797,113.6583480834961,182.17059326171875,257.8642883300781,152.93999105761137,124.8499984741211,113.86710282329905,182.8468909638626,257.91298919184743,149.37135386420036,121.26000213623047,110.44760826832274,177.89405171672502,250.26000087291848,151.8880729314102,123.19999694824219,113.59870820578736,179.64445858660227,252.94731383107506,65086600,60239900,32676200,27195800,22404700
2022-07-22,151.4849853515625,122.41999816894531,107.25675201416016,168.34645080566406,253.5023193359375,153.6379641019081,125.5,111.67027764679771,174.64191553629726,258.3414148476746,150.8164884797473,121.3499984741211,105.86509664477052,167.4911424415764,252.24631825964894,152.76301084272214,125.01000213623047,110.33826974243688,172.12572067431967,258.2537889386617,66675400,51463800,48901200,42583900,21881300
2022-07-25,150.3643035888672,121.13999938964844,106.86906433105469,165.74070739746094,252.0126495361328,152.41896753212018,123.63999938964844,109.21499542618574,169.63933219383392,254.61233733556992,149.7056320616401,120.02999877929688,105.66627884663836,163.91075056685847,250.0458651225069,151.40638137823638,122.69999694824219,107.7637003561319,168.07789124534614,254.12550686265297,53623900,50221300,34690900,26166300,21056000
2022-07-26,149.03707885742188,114.80999755859375,104.39390563964844,158.2816619873047,245.26515197753906,150.50187953761252,118.1500015258789,106.56090957630254,165.09429404679975,253.03497593453565,148.25060053874955,114.52999877929688,103.44957222750966,157.08821229436276,242.99653536539577,149.68590959456228,115.79000091552734,105.9644880747459,165.03462383848307,253.0154837015324,55138700,67075100,47991000,28468400,39348000
2022-07-27,154.13937377929688,120.97000122070312,112.385986328125,168.65476989746094,261.6616516113281,154.67025318814936,121.9000015258789,113.23092508976809,169.93772495402914,262.93714516362564,149.58765663017232,117.16000366210938,107.36609663459588,161.13601983906517,252.03215962603193,150.00055450326258,117.30999755859375,108.60864471476322,161.70290201621125,254.28131419313834,78620700,61582000,59858500,43846600,45994000
2022-07-28,154.68991088867188,122.27999877929688,113.53907012939453,159.84307861328125,269.1296081542969,154.9750016662387,122.83999633789062,113.65834988670439,160.62876152754336,270.5219360852605,151.7996109329514,118.08000183105469,110.79552195259807,154.00511144149334,260.8145358961352,154.32615575764223,121.56999969482422,111.70010055972485,160.18121985863283,262.64502310982516,81378700,82245500,32816600,73214300,33459300
2022-07-29,159.7626190185547,134.9499969482422,115.62655639648438,158.23194885253906,273.3455505371094,160.86369462647025,137.64999389648438,116.01423079933933,159.26626788550806,274.5723727749365,156.80351113658782,132.41000366210938,112.38598880839588,154.32338322942775,269.3438185156599,158.51410029473874,134.89999389648438,112.4058738251079,156.82963823792085,270.3856428060759,101786900,148892900,37223400,42065400,32152800
2022-08-01,158.77955627441406,135.38999938964844,114.17524719238281,159.057373046875,270.6874084472656,160.82439423501998,138.8300018310547,116.02415915770047,164.2886828313837,273.87126809501024,158.17004260375904,133.50999450683594,113.65834299567526,154.38302050418937,268.5745517499676,158.28800912044616,134.9600067138672,114.61262649976445,156.39200310804935,270.5024105455488,67829400,76846900,26034300,40596700,21539600
2022-08-02,157.30491638183594,134.16000366210938,114.44363403320312,159.31597900390625,267.5814514160156,159.66435174491758,137.44000244140625,115.6563620498197,161.3547968962479,270.57059701596864,156.931350741657,134.08999633789062,113.0420438846244,157.14786555712988,265.20571683581875,157.39340627106276,134.72000122070312,113.32037341291459,157.446231742076,268.73036395670016,59907000,61922400,20236000,27374500,22754200
2022-08-03,163.3214569091797,139.52000427246094,117.37606048583984,167.87901306152344,275.0299377441406,163.77367187577843,140.49000549316406,117.91284215200236,168.61496583389362,276.03280707158194,158.0324049028353,136.0500030517578,114.79156206587736,160.6884649262481,269.3242706194743,158.12087978749662,136.2100067138672,115.02018665944516,161.80234923612875,269.470343494758,82507500,71827800,28499000,31721900,23518900
2022-08-04,163.00686645507812,142.57000732421875,117.48539733886719,169.6393585205078,276.1788330078125,164.3635414140804,143.55999755859375,118.07187633669885,171.2107245114859,276.3248761602212,161.65019149607585,139.5500030517578,116.19314442472393,165.88992380784927,272.7905130168729,163.20348231849744,140.5800018310547,116.77963100646649,167.38173964213652,274.3775548914,55474100,70585000,21602900,23938200,18098700
2022-08-05,162.7804412841797,140.8000030517578,116.76969146728516,166.19821166992188,275.4583740234375,163.2726712063917,142.86000061035156,117.40587543333527,170.67365867957452,276.1788734901075,160.46695464111716,139.60000610351562,115.30845381329435,164.8953617463084,271.33977823922174,160.67369781797885,140.10000610351562,115.53708598105194,166.07887127250194,271.7973999930235,56697000,50686900,19159500,25832700,16774600
2022-08-08,162.3079071044922,139.41000366210938,116.6007080078125,169.3210906982422,272.93658447265625,165.20222176015508,144.22999572753906,119.43371594692631,176.54147359610243,278.38909053353035,161.64832074077538,138.2899932861328,116.18320611369744,166.21811873809312,271.96292373727755,163.78459702908208,142.0500030517578,117.68420622961467,167.08336703262665,276.56831999880745,60276900,52229000,19138300,27299100,18739200
2022-08-09,162.3571014404297,137.8300018310547,115.9346923828125,167.6104736328125,274.86444091796875,163.24312423537512,138.9499969482422,116.62058128508184,168.60501748166348,275.62389517818417,160.71305544763848,136.2100067138672,115.02017890239398,165.69101128878683,270.2979692399521,161.47109366714804,138.0500030517578,116.44165407509466,168.02818022826574,272.2745292536275,63135500,40434700,19086500,18655100,23405200
2022-08-10,166.60997009277344,142.69000244140625,118.98639678955078,177.36692810058594,281.54376220703125,166.70840705276348,144.60000610351562,120.19912488505013,179.49525111097745,282.1766357881288,164.30632290838892,141.00999450683594,117.70409389136421,173.00088166067155,279.3822340293261,165.07420029596264,142.89999389648438,118.07188325599472,175.02975940173755,280.57984751757147,70170500,54773800,30930400,30262100,24687800
2022-08-11,165.8716583251953,140.63999938964844,118.13151550292969,176.52157592773438,279.4600830078125,168.3328081399825,144.49000549316406,120.76571868354137,182.1009669810123,283.53972371193976,165.5763173430876,139.75999450683594,117.85318597451685,175.4076766066235,278.96353625690085,167.41725259761515,143.86000061035156,120.55697153723173,178.7294642702422,283.1892201230609,57149200,44867300,24293700,24079100,20065900
2022-08-12,169.42555236816406,143.5500030517578,120.95458984375,179.51516723632812,284.2213439941406,169.4944567489093,143.57000732421875,120.95458984375,180.46993602185645,284.2213439941406,166.76749865896252,140.1199951171875,118.74782343653995,177.93384613659634,279.382248352061,167.18098503009688,142.0500030517578,119.54305717056714,179.82347340571212,280.8816943899118,68039400,47643500,19096300,21274000,22619700
2022-08-15,170.4985809326172,143.17999267578125,121.35221862792969,179.9030303955078,285.740234375,170.69546987184845,143.75999450683594,121.57090830545873,180.45003252979868,286.43152521881507,168.68717865702857,141.49000549316406,119.89098085890542,177.2277051005043,282.4687186563289,168.8545350064583,142.8000030517578,120.4078775280463,177.98356811353685,283.335291025511,54091700,39014600,19494800,15878700,18085700
2022-08-16,170.34109497070312,144.77999877929688,120.97447204589844,178.4907989501953,285.0002746582031,171.01053551269388,146.57000732421875,121.70012342561321,180.0025099612496,286.2952602991827,168.992389717206,142.0,119.92079375307682,176.07404932771448,282.7706125837728,170.09497999617207,143.91000366210938,120.7955448278805,178.46096384656903,284.29923761934236,56377100,59102900,19041200,21156700,18102900
2022-08-17,171.83749389648438,142.10000610351562,118.83729553222656,173.89599609375,284.2489318847656,173.41262086416253,143.3800048828125,120.56692025061909,177.1680386425796,286.2296574450953,169.8882673264615,140.77999877929688,118.66830323792476,173.21969839282943,282.44383012146875,170.08515631971287,142.69000244140625,119.40389712535055,175.79556329036916,282.7072658170179,79542000,48149800,22847000,20118100,18253400
2022-08-18,171.4436798095703,142.3000030517578,119.45359802246094,173.70703125,283.1268615722656,172.18202470973497,142.77000427246094,120.09972452798992,174.801020371913,284.8246178924502,170.42968734841074,140.3800048828125,118.01224531189828,170.92230545466154,282.0632923944146,171.049901871482,141.32000732421875,118.71801169722914,173.3887699360026,283.146365402589,62290100,37458700,17987700,18844500,17186200
2022-08-19,168.85455322265625,138.22999572753906,116.51124572753906,167.0435791015625,279.2044372558594,171.04005523372263,141.11000061035156,118.43968274595255,171.37979056694337,282.22919866799805,168.6478100500787,137.91000366210938,116.06393145893726,166.1385406243181,278.62876156472737,170.34108214913311,140.47000122070312,118.35021534188529,169.2713474448919,281.8876880642846,70346300,47792800,21809500,26240800,20570000
2022-08-22,164.96595764160156,133.22000122070312,113.55894470214844,162.16038513183594,271.00823974609375,167.22036427123675,136.32000732421875,114.94065747155288,164.5870746639757,275.6039066892436,164.54263206053483,132.85000610351562,113.17127033282841,161.3746869564038,270.491105502188,167.0530078857762,135.72000122070312,114.51322065616014,164.5870746639757,275.23312557534285,69026800,50461500,21456600,19499700,25061100
2022-08-23,164.63121032714844,133.6199951171875,113.18122100830078,160.23097229003906,269.7301025390625,166.0882216660332,134.99000549316406,114.32436676767776,164.14947778082166,272.09134632698925,164.06022183299058,132.9499969482422,112.7537841620611,159.82320563884807,268.7153376389546,164.4835473638596,133.41000366210938,112.80348911921683,161.59349261049059,269.7301025390625,54147100,36252100,15870400,18111800,17527400
2022-08-24,164.92657470703125,133.8000030517578,113.01222229003906,162.36923217773438,269.09588623046875,165.4975632823113,135.47000122070312,114.09572044983996,164.55724090526346,270.5009361638899,163.66646716905697,132.10000610351562,112.19711114746521,158.8982836678131,268.4323689230805,164.71984652905635,132.75,112.82335257693548,159.7237569285562,268.7251050290327,53841500,38627000,17734600,20891500,18137000
2022-08-25,167.38771057128906,137.27999877929688,115.95457458496094,167.85910034179688,272.0816345214844,167.49600175790545,137.4199981689453,116.02415696582888,167.95856079141313,272.2474915307141,165.73382519932846,134.27999877929688,113.42971627589316,163.12507734542166,267.8567175355643,166.15713573322356,135.25999450683594,113.55893853067342,164.2787366130869,270.5985095814994,51218200,37496300,16956800,15550500,16583400
2022-08-26,161.0773468017578,130.75,109.68219757080078,160.8973388671875,261.58282470703125,168.39189270404452,137.8300018310547,114.43370767328705,169.98747108463405,273.5354885379578,161.01828160287462,130.5,109.53309787228136,160.7879384121691,261.47550895735344,167.91935609131087,136.5500030517578,114.03609078144194,167.56078111916258,272.30606215818636,78961000,53322700,37245700,24023600,27549300
2022-08-29,158.87213134765625,129.7899932861328,108.7676773071289,158.3015594482422,258.792236328125,160.36849946589015,131.9499969482422,110.28855480933758,162.1603948486427,260.90954849813465,157.33637642429446,128.77000427246094,108.15137836756828,158.14242877336173,257.4457275056932,158.64569477233294,129.89999389648438,109.33427887822451,159.78343540393556,259.39718266241346,73314000,48101600,21191200,20052700,20338500
2022-08-30,156.44052124023438,128.72999572753906,108.29054260253906,156.3025360107422,256.58709716796875,160.0337937500244,132.07000732421875,109.84124003500528,160.77798393425172,260.5680528138689,155.26901159376436,126.8499984741211,107.15733946590437,155.05935603198952,254.33316871501484,159.61048321715364,131.25,109.5132055523187,159.47513374460485,260.19730132540576,77906200,49203000,27513300,19567900,22767100
2022-08-31,154.7767791748047,126.7699966430664,107.5748291015625,162.04103088378906,255.12344360351562,158.084564879281,130.58999633789062,110.1891471747718,166.9242450912224,260.62653063689,154.69802058402368,126.73999786376953,107.4853617083824,161.25534787740136,254.9868274750973,157.81875651310324,129.4499969482422,109.99034254267694,166.15845721205108,258.94830810034733,87991100,53648700,28627000,40953000,24791800
2022-09-01,155.5052947998047,127.81999969482422,109.08577728271484,164.45777893066406,254.0794677734375,155.95813794862076,128.02000427246094,109.79154367151925,166.4468667188068,254.5575945582779,152.2664132669702,123.66000366210938,106.71996850402212,159.47511948455926,249.21059644985115,154.20580050146393,126.0,107.63448205707193,162.68749201325986,252.58660569721067,74229900,56636100,28360900,30145700,23263400
2022-09-02,153.38868713378906,127.51000213623047,107.20703887939453,159.44528198242188,249.84475708007812,157.86798246463846,131.3800048828125,110.07980922071086,167.01374633389952,258.3140638137126,152.56174446332417,126.38999938964844,106.62055986938213,158.3512776451919,248.29335407849214,157.26746135406307,129.5,109.93070194538042,166.53636952107883,255.34787394019799,76957800,57429800,24160700,22634200,22855400
2022-09-06,152.12860107421875,126.11000061035156,106.1732406616211,157.6749725341797,247.1029815673828,154.64881624550407,128.6199951171875,107.38596874114498,160.80779471201183,251.5718002743736,151.3016582877034,124.73999786376953,105.14938230776735,156.82961938183863,245.82478096491684,154.03845585855234,127.91999816894531,106.66032494530609,159.22647366039627,249.98138951217098,73714800,43888600,25068300,19339800,21328200
2022-09-07,153.53636169433594,129.47999572753906,108.7975082397461,159.514892578125,251.82553100585938,154.2353197614945,129.82000732421875,109.32435500287565,160.08178987494838,252.54755989638122,151.22287508520006,125.4000015258789,106.26271467454318,155.95442366059075,247.07374239032504,152.41407808901712,126.12000274658203,106.42175688717887,156.89923731309446,248.51781505979028,87449600,47900300,23167000,16831200,24126700
2022-09-08,152.05967712402344,129.82000732421875,107.73387145996094,161.17576599121094,252.2450714111328,153.93014485598613,130.27999877929688,108.94659943581517,161.34483661634752,254.1087145745975,150.30732474708108,127.0999984741211,106.52115106801729,156.87934466138933,248.60561187747734,152.23687268905203,127.72000122070312,107.3959020680858,157.84405336257703,251.25960684988422,84923800,43988500,24238300,22530800,20319900
2022-09-09,154.9244384765625,133.27000427246094,109.99034881591797,168.22708129882812,258.0408630371094,155.36745741692656,133.69000244140625,110.32831822653726,168.61495278210487,258.79219220151697,152.34515853161906,130.75999450683594,108.37006139468133,162.13053799376215,253.97209640414405,153.05397081020374,130.91000366210938,108.41976634749524,162.35927882350626,254.17699082314724,68028800,49387600,23197700,22086800,22084700
2022-09-12,160.8902587890625,136.4499969482422,110.1990966796875,168.03814697265625,260.1778259277344,161.70736223015916,136.49000549316406,110.95456798066284,170.45488140784667,260.9584260758869,156.82445000741808,134.0,109.27464067230916,166.3673053000311,258.7240009560236,157.10993674145692,134.10000610351562,110.3283189403643,166.47670573797402,259.3289474603099,104956000,53826900,22966800,23220400,18747700
2022-09-13,151.4492950439453,126.81999969482422,103.69808959960938,152.29449462890625,245.8735809326172,158.04517283101427,131.39999389648438,107.65436592170875,160.74811680005658,254.07943798746075,150.98659772699438,126.2699966430664,103.46945742183634,151.8369978106444,245.48328099504454,157.41511914732905,131.00999450683594,107.15734670246523,160.65859632601516,252.55730545197812,122656600,72694000,38172900,44444100,33353300
2022-09-14,152.89646911621094,128.5500030517578,104.37403106689453,150.64356994628906,246.09800720214844,154.65866080063967,128.83999633789062,104.65236060298048,152.70226798539755,248.05921424451438,151.22289024182777,126.33000183105469,103.04202326308005,148.23677546226304,243.79528955726525,152.38454574724284,127.36000061035156,103.94659425535939,152.49342225887582,247.37620792790096,87965400,45316800,26395100,43064200,23913000
2022-09-15,150.0021514892578,126.27999877929688,102.29650115966797,148.73403930664062,239.42401123046875,152.82756164210238,130.3699951171875,104.64242493891439,153.35866224787844,245.29787987720312,149.0275457934619,125.5,101.73983446718047,147.8886709440106,238.09702127641052,152.24671887947383,127.37999725341797,103.40981937681985,148.98267527499826,243.7074542260417,90481100,52887200,34188300,34606300,31530900
2022-09-16,148.3581085205078,123.52999877929688,102.1871566772461,145.4918212890625,238.79954528808594,148.99801648832616,123.87000274658203,102.51518360513103,147.7693353314381,239.34595028666865,146.06431507986616,120.69999694824219,100.33824453573504,143.50273347764275,236.1845879383292,148.8601926989242,122.77999877929688,101.46150526483972,147.24222827545472,238.3311853849411,162278800,115667800,42797200,40122800,39791800
2022-09-19,152.07936096191406,124.66000366210938,102.45553588867188,147.21238708496094,238.5848846435547,152.15811955641868,124.70999908447266,102.71398799188877,147.7693292210427,239.18983090941896,146.78297692105565,121.80000305175781,100.94460088260365,144.30832082143814,235.00396662261346,146.98970508767258,122.16000366210938,101.14340552574834,144.44755635545857,236.58464035647546,81474200,47279700,23036800,22169500,26826900
2022-09-20,154.46176147460938,122.19000244140625,100.53704071044922,145.2929229736328,236.56512451171875,155.62343203686572,124.4000015258789,101.75971124946722,148.0279188542088,237.59939325821156,150.70113224453698,121.13999938964844,99.92073418731424,144.4276745875859,233.82333267549006,151.01615161997927,123.3499984741211,101.47143921044817,144.984616775181,236.19435819350156,107689800,47698400,26517100,23217400,26660300
2022-09-21,151.33116149902344,118.54000091552734,98.68812561035156,141.34457397460938,233.15008544921875,156.27315389590652,123.76000213623047,102.2666621331101,148.78377326050975,241.64867860903064,151.21303113007994,118.44999694824219,98.6781831034134,141.22523356298106,233.10129609605303,154.8949011643533,122.48999786376953,101.06387664655598,145.59128066963206,238.3409629469102,101696800,58498900,31487300,38338600,28625600
2022-09-22,150.36642456054688,117.30999755859375,99.54300689697266,142.04078674316406,235.1308135986328,152.06953614035308,118.79000091552734,100.63644764356222,143.79117878625584,237.94091362050094,148.56486097289033,116.26000213623047,98.20105654507131,140.10141372929274,231.8035940706636,150.0120183626199,117.08000183105469,98.23087648428292,140.7777115661826,232.0963004159245,86652500,55229200,34298600,34418500,31061200
2022-09-23,148.09230041503906,113.77999877929688,98.15135955810547,139.64390563964844,232.14508056640625,149.1161471568303,116.05000305175781,99.06588074366374,141.8418390501483,235.27717233231257,146.2513651484526,112.05999755859375,96.88893399756233,138.13219473829278,229.49110062617243,148.84049957750184,116.0,99.03605321811953,140.64838946509272,233.72575432183234,96029900,65126700,31625400,31710700,34176000
2022-09-26,148.42701721191406,115.1500015258789,97.58474731445312,135.62594604492188,231.68646240234375,151.38039679019585,117.33999633789062,99.28455205804735,141.4639290253509,235.5893719054817,147.31457276382835,113.12999725341797,97.21695796239275,135.44693542815818,231.14980936797863,147.3342661670832,113.30000305175781,97.5151649302327,139.35548564952038,231.29617740739724,93339400,62723300,27072700,30497000,27694200
2022-09-27,149.40162658691406,114.41000366210938,96.91874694824219,133.6667022705078,230.6717529296875,152.315634453065,118.31999969482422,99.40384302383815,138.65931720321777,235.93092381180116,147.619756600354,113.05000305175781,96.2925054674001,133.38823117550757,228.8081097419373,150.3664080888261,117.19999694824219,98.83724142195872,137.16750126191505,234.15509253004862,84442700,60094700,30072800,30826500,27018700
2022-09-28,147.51148986816406,118.01000213623047,99.45355224609375,140.8373565673828,235.2186279296875,148.2990609102626,118.69999694824219,100.09967118634215,141.25506316735775,236.4480391799153,142.58918963213347,113.80000305175781,96.5310767089488,133.53740827992252,229.03250446546224,145.34568076864423,114.37999725341797,97.06785839437818,133.8854895254675,231.06201938613802,146691400,55763800,32466300,32658500,29029700
2022-09-29,140.26583862304688,114.80000305175781,96.83922576904297,135.66574096679688,231.73524475097656,144.4399538960587,116.06999969482422,98.05195391388744,139.07701935824966,234.12577377177678,138.49380784574632,113.05999755859375,95.38793051528353,134.4623361357391,228.72025082406833,143.8295935811918,115.5999984741211,98.05195391388744,138.5996425215861,233.0915051668245,128138200,58969700,31047200,38985400,27484200
2022-09-30,136.05233764648438,113.0,95.07977294921875,134.93971252441406,227.24693298339844,140.87619954797051,116.91999816894531,98.31039769731512,140.22075351614527,234.701490625269,135.85544869618502,112.83999633789062,94.99030555102236,134.76070190208554,227.0810610919514,139.0844755504192,114.08000183105469,96.47142820364247,135.3077040962049,232.50610370980218,124925300,59479600,32941500,33166400,35694800
2022-10-03,140.2362823486328,115.87999725341797,98.05195617675781,137.85372924804688,234.89662170410156,140.84665758209894,116.91000366210938,98.69808271289597,138.85821311410479,235.74549978528202,135.5502595480769,112.44999694824219,95.94459184495832,135.35742954646815,228.9641972732562,136.06218280211405,113.58000183105469,96.18316654329084,136.39174851519365,229.69599282969966,114311700,50941900,27982000,27723100,28880400
2022-10-04,143.82962036132812,121.08999633789062,101.03406524658203,139.51461791992188,242.83908081054688,143.94775076125475,123.0,101.23286989867923,141.61310616860757,244.28315343602094,142.01820243966583,119.79000091552734,99.7815747034179,138.57974422019424,239.03373437918026,142.77624088975452,119.88999938964844,99.84122216617615,139.723478817418,239.14106500672082,87830100,62812600,28850800,34670700,34888400
2022-10-05,144.1249542236328,120.94999694824219,100.82530975341797,138.2216796875,243.15127563476562,145.08973594789347,121.75,101.3223289264933,139.4449793694028,244.49778426938553,140.7876350486287,117.69000244140625,98.21099163324959,134.0445991671746,238.17507461226543,141.83117538435974,118.58000183105469,99.23484991635907,137.4857270591219,240.0191988826096,79471000,48217500,22176900,27979300,20347100
2022-10-06,143.1699981689453,120.30000305175781,100.81537628173828,138.31121826171875,240.7997589111328,145.24720918960443,121.52999877929688,102.31637644244343,140.6782222669857,244.2635941648011,142.9632699990137,119.5,99.99032256035169,135.85469377799646,240.10700079345034,143.54409774342406,120.7699966430664,100.07978996315707,136.96857801576914,241.9120875535179,68402200,42253800,22324000,36231100,20239900
2022-10-07,137.9129638671875,114.55999755859375,98.09171295166016,132.72186279296875,228.55438232421875,140.87619735207727,118.16999816894531,99.93068253742511,137.5354509875427,235.46253382440418,137.28291022305208,113.87999725341797,97.71398107702072,131.71737905056804,227.51034690185645,140.32488726950297,118.0,99.25473609907833,136.01380023667753,235.05271523111307,85925600,54678000,27502800,33214800,37769600
2022-10-10,138.2378692626953,113.66999816894531,97.27660369873047,133.0600128173828,223.68553161621094,139.68502664208134,116.25,98.50920925798714,135.36736179554413,228.86664231097572,136.4166273038199,112.43000030517578,96.43167252975542,131.15049047797407,221.22669412281707,138.2378692626953,115.0999984741211,98.40980692938624,132.82133200966584,227.39329913104484,74899000,42339700,18225100,24024000,29743600
2022-10-11,136.8202667236328,112.20999908447266,96.60066223144531,127.83865356445312,219.938720703125,139.15344748163622,115.4800033569336,98.65832163369846,131.93618434589624,223.50011982084274,136.07208242135638,110.38999938964844,95.7358460017779,126.29711522482599,218.6702720829725,137.72596825428417,112.70999908447266,96.84917185772667,130.9018502940624,222.09506995780728,77033700,56432200,26507100,38481400,30474000
2022-10-12,136.19015502929688,112.9000015258789,96.97838592529297,126.80433654785156,220.27049255371094,138.17876788392184,113.83000183105469,98.16129407312707,128.9624948076411,222.32927826237437,136.01295948883356,111.4000015258789,96.1632747234346,125.5611567777746,218.52394680485463,136.96788662576586,112.48999786376953,96.71994139625073,127.61986976127854,219.92898195872448,70433700,45728700,21876400,34605200,21903900
2022-10-13,140.7678985595703,112.52999877929688,98.46943664550781,129.57911682128906,228.55438232421875,141.35856536929484,113.44000244140625,99.1851454718156,130.4244851984627,230.36923581061,132.281845691729,105.3499984741211,93.81733685841787,121.86146169388738,213.81114130889077,132.89222092327284,107.87999725341797,94.58275063585123,122.85600558442789,214.51366619964983,113224000,86868100,34574500,34325700,42551800
2022-10-14,136.2295684814453,106.9000015258789,95.98434448242188,126.0683822631836,223.0122528076172,142.27415178693437,114.95999908447266,100.08972788557917,131.0709290948318,231.481574406119,136.04251869325435,106.5999984741211,95.79548234543871,125.82968627274843,222.7975915879221,142.06740859428484,114.0999984741211,99.39389646244369,130.2852461198938,229.822825910581,88598000,67737300,25410700,23559400,30198600
2022-10-17,140.19692993164062,113.79000091552734,99.3740234375,133.3086395263672,231.7645721435547,140.67930564113678,114.19000244140625,100.32829942385068,134.05454734979827,233.1598703325027,138.09018646721276,110.08999633789062,98.24082022971412,129.46969998808723,229.43258381024145,138.87775734642221,110.11000061035156,98.27064016930143,129.589055559199,230.0960863102198,85250900,62782000,28419200,29612200,28142300
2022-10-18,141.51609802246094,116.36000061035156,100.16925811767578,132.07542419433594,232.71102905273438,144.420251464502,119.5199966430664,102.85316666650878,137.08791844061363,238.00922269353043,138.4248948126108,114.79000091552734,99.37403185365685,130.68305372137272,229.65699694699273,143.22906350371468,119.05999755859375,102.5151896267689,136.34201056509087,237.33598316606697,99136600,65607400,24060700,25445000,26329600
2022-10-19,141.6243896484375,115.06999969482422,99.03604888916016,132.50308227539062,230.74002075195312,142.69744724205523,116.58999633789062,100.41776173974847,136.2525171047217,233.79405240224958,139.3010638831592,113.22000122070312,98.33028249370157,131.4985983789064,228.60317527704407,139.488113651557,114.70999908447266,99.41378835708981,132.16494098455863,231.28642573599177,61758300,47198100,23811100,30691000,19985700
2022-10-20,141.1616973876953,115.25,99.3740234375,130.8123779296875,230.41802978515625,143.6228470143876,118.23999786376953,101.71001224007928,136.02379422473052,235.4527869659191,140.43319169039492,113.51000213623047,98.79747932577416,130.59357702423094,229.16909984877745,140.7974520498777,113.83000183105469,99.40384337708731,132.20473353210386,230.0472634808189,64522000,48795100,25323200,26356300,21811000
2022-10-21,144.9813995361328,119.31999969482422,100.527099609375,129.30062866210938,236.2431640625,145.5523880250328,119.58999633789062,100.70602682285825,129.4100290826357,237.10180912320823,140.43318502707822,114.5,97.13743264449516,124.75557157413418,228.80812444194376,140.6497673856839,114.79000091552734,97.26665490493433,125.620819788412,229.0423044280701,86548600,55660500,32458700,46348600,26299700
2022-10-24,147.1275177001953,119.81999969482422,101.9088134765625,129.01222229003906,241.24862670898438,147.89539516122247,120.38999938964844,102.13744564558543,132.75170149571628,241.824302366333,143.73113431154985,116.56999969482422,99.38396261327742,123.8903202286884,235.44305100550176,144.90264390563777,119.9800033569336,101.19311219872841,126.55569790256348,237.84333234120828,75981900,49531500,27176400,63563400,24911200
2022-10-25,149.97259521484375,120.5999984741211,103.85713195800781,136.7597198486328,244.57589721679688,150.12027319083927,121.31999969482422,104.19510136263077,137.59514821908343,244.9466636010258,147.0389093560302,118.94999694824219,102.10762230797071,129.87747820261947,239.8631308634485,147.75756076988446,119.6500015258789,102.28654951745078,130.16590441846992,241.25841426160923,74732300,50934600,40611400,38433200,34775500
2022-10-26,147.02908325195312,115.66000366210938,94.36406707763672,129.11167907714844,225.7052764892578,149.62805663114864,119.3499984741211,97.72391419149342,134.81041061118555,232.51584978899805,145.73942824213276,114.76000213623047,94.12549998143496,127.82870911980766,224.4758503975884,148.61406419672124,116.0,95.85512470074238,130.96151591469678,225.55890844155385,88194300,68802300,88114100,82791500,82543200
2022-10-27,142.54977416992188,110.95999908447266,91.67021942138672,97.40563201904297,221.2462158203125,146.7337280888014,114.12000274658203,94.86108166949953,101.94074977611926,228.01776721146956,141.89018794295697,109.7699966430664,91.25272512737067,95.85413837496334,220.29975893201416,145.76896174416086,113.91999816894531,93.95650311522053,97.44541468558529,225.4320803427003,109180200,129605400,60710900,232316600,40424600
2022-10-28,153.31976318359375,103.41000366210938,95.7159652709961,98.65875244140625,230.1448211669922,155.05240689410368,103.95999908447266,95.97441739691986,100.29975140388166,230.85711290132215,145.52284395380414,97.66000366210938,91.58076159186237,96.977978399926,220.56318567055376,145.89692843507157,97.91000366210938,91.71992637107249,99.0366839818627,220.74857626199804,164762400,223133400,43697300,95928300,40647700
2022-10-31,150.95704650878906,102.44000244140625,93.94657135009766,92.6517105102539,226.49562072753906,151.84306925011984,104.87000274658203,95.45750638186193,98.77809679977636,229.2178937981287,149.5591155400187,100.73999786376953,93.41973221128453,92.0947607837391,225.53939709423386,150.77985097352064,103.55999755859375,94.85114235087407,97.68410006105101,228.08604636794266,97943200,99251400,31675000,121361400,28357300
2022-11-01,148.3088836669922,96.79000091552734,89.93065643310547,94.68057250976562,222.6317138671875,153.03429437423398,104.58000183105469,95.4575075822616,96.95807886145064,230.01797725896833,146.8125153766711,96.05999755859375,89.83125410859262,93.0395812097166,221.81210644356696,152.6700490040681,103.98999786376953,94.8809634826113,93.81532420707086,228.9056486445067,80379300,153370000,47161400,110189600,30592300
2022-11-02,142.7761993408203,92.12000274658203,86.45152282714844,90.04601287841797,214.75762939453125,149.80524150264998,97.73999786376953,90.6364236762348,94.68058388054013,225.68577445191593,142.74666674943285,92.01000213623047,86.36205542548035,89.98634266769147,214.69907323807044,146.63527983930877,97.31999969482422,90.39785657830541,93.69598746471097,223.8904394193755,93604600,135761800,57038300,71821100,38407000
2022-11-03,136.72177124023438,89.30000305175781,82.93262481689453,88.42489624023438,209.04965209960938,140.5808515547038,93.5,86.00419986230375,89.96643463580325,215.0601380855897,136.59378666921566,89.0199966430664,82.84315741639604,87.92762432145074,208.78620146146065,139.85234595133585,92.47000122070312,85.80539521394677,89.58851070912392,214.747898086536,97918500,136683300,61288000,60664000,36633900
2022-11-04,136.45553588867188,90.9800033569336,86.06385040283203,90.29463195800781,216.0163116455078,140.68586767189302,92.44000244140625,86.12349028269047,90.89135671678976,216.21145416874165,132.51116441667403,88.04000091552734,83.21095733499016,87.6093591618386,208.2495141580714,140.11393200286335,91.48999786376953,84.89088473417668,89.85703026060979,212.2695216011054,140814800,129101300,51124900,55638100,36789100
2022-11-07,136.98805236816406,90.52999877929688,87.96244812011719,96.19227600097656,222.3390350341797,137.21484956931474,92.0999984741211,88.37000746838247,96.35139906077521,222.86593625575733,133.78324977627878,89.04000091552734,86.332225894877,92.59202477135834,215.9089939667199,135.20322625521413,91.94999694824219,86.759662672465,94.26285863196216,216.6017670874102,83374600,77495700,34078900,81987300,33498000
2022-11-08,137.55996704101562,89.9800033569336,88.3700180053711,95.94364166259766,223.31475830078125,139.46311921929427,91.72000122070312,89.78155075681613,97.26638673852416,226.02727968287536,135.57792562085092,88.2300033569336,87.06782250410382,94.2728077739976,220.35830503261087,138.457315240062,90.79000091552734,88.3700180053711,95.39663953713419,223.1488864048599,89908500,88703400,30429000,52088300,28192500
2022-11-09,132.9943389892578,86.13999938964844,86.79942321777344,100.91636657714844,219.0605926513672,136.623168532168,89.4800033569336,88.90678712371174,104.3276523167038,223.08060038720865,132.71823419264956,85.87000274658203,86.75966077608665,100.19034622152999,218.88496883419077,136.57386087993447,89.47000122070312,87.92268375576175,101.16500254187473,221.85117411328872,74917800,90796200,31769100,107677300,27852900
2022-11-10,144.82748413085938,96.62999725341797,93.3799819946289,111.2596206665039,237.08226013183594,144.82748413085938,98.69000244140625,93.82729629984945,112.13481650273391,237.42377070694712,137.55998303216782,91.6500015258789,91.0638703981123,104.0392303573628,229.29595897044808,139.2757903878347,92.94000244140625,91.70005445100523,106.53553748789649,229.71551464254821,118854000,173414900,51620100,80671000,46268000
2022-11-11,147.6181182861328,100.79000091552734,95.83525085449219,112.4033432006836,241.11204528808594,147.92380470701315,101.19000244140625,96.35214751291798,114.27309050503992,241.97069033132314,142.36224081918826,96.66000366210938,93.36008964712646,108.21631447990744,236.05776863142341,143.79208769866335,97.87999725341797,94.12550350261131,108.6340286658861,237.09205238278707,93979700,111590500,33090500,59961700,34620200
2022-11-14,146.2178497314453,98.48999786376953,95.12947082519531,113.5968017578125,235.6869659423828,148.19003547375948,100.12000274658203,96.21297661319738,115.63561213348963,237.98968329468502,145.37966477232854,97.29000091552734,93.94657029895365,110.195463552089,233.40376730762415,146.898256219997,98.7699966430664,94.52310680099191,110.3844217272286,236.11628839782514,73374100,99533100,30179500,53395000,31123300
2022-11-15,147.95339965820312,98.94000244140625,97.8531494140625,116.44120025634766,236.09678649902344,151.45403311466376,103.79000091552734,99.54301177950492,118.0921391651889,241.00469467728894,146.49398610736782,97.33999633789062,96.13345952403415,113.78576989580782,234.20387274977523,150.10309040489915,103.20999908447266,97.67422218610528,115.43670880464906,239.69722338869778,89868300,111336300,41640800,50670500,31390100
2022-11-16,146.7207489013672,97.12000274658203,98.26069641113281,112.61221313476562,236.5272979736328,147.78573098764542,98.48999786376953,99.04598767388859,115.44666183287059,238.55275301784232,145.24160962263343,95.54000091552734,97.05791083164448,112.04532339514464,235.24549518389762,147.05603190661645,96.8499984741211,97.31636294463138,113.87528059400255,237.5644814544757,64218300,87958800,29105200,33287800,24093300
2022-11-17,148.6239471435547,94.8499984741211,97.77362823486328,110.84190368652344,236.47837829589844,149.3733724520642,96.97000122070312,98.68814184190923,111.71710708836535,238.01459476890207,144.11749463891493,94.02999877929688,96.21298808095872,109.20091248360391,232.51555731599112,144.39359949187033,95.37000274658203,96.39191531572092,109.80758480978359,232.6623229336254,80389400,82617900,26052600,35093800,23123500
2022-11-18,149.18600463867188,94.13999938964844,96.84915161132812,111.43864440917969,236.02828979492188,150.5763993918672,95.98999786376953,98.31038912181546,113.69625567046505,238.49405671182296,147.88436969164823,92.4800033569336,95.79547344301933,110.01644636211768,233.88542217086078,150.19182372040734,95.94999694824219,98.18115928946112,113.17909619324597,238.26899618839067,74829600,72428200,28342300,33357700,27613500
2022-11-21,145.9516143798828,92.45999908447266,95.03006744384766,109.26058959960938,236.84042358398438,148.27879437989566,95.0199966430664,97.81337793651,111.7568968249616,239.4040292254599,145.66565404043791,90.58999633789062,94.7915003565629,108.59424703122306,235.99893254382687,148.07172328326632,93.97000122070312,96.70999472994043,110.91152846962379,236.23375753060137,58724100,84330300,21647400,24351100,26394700
2022-11-22,148.09141540527344,93.19999694824219,96.47142028808594,110.83197784423828,239.75625610351562,148.32808310350964,93.3499984741211,96.640404979367,111.01099605491795,240.03022851249497,144.8866136770819,90.87000274658203,93.48930538068186,107.72899805504672,235.52924255756514,146.06993712168025,92.62000274658203,95.3779720882428,109.26059661580209,238.34724661140663,51804100,62192000,23438500,29029000,19665700
2022-11-23,148.9690704345703,94.12999725341797,97.87303161621094,111.62759399414062,242.25140380859375,149.71849566611712,94.58000183105469,98.17124620530981,112.05524813167703,242.93633491013367,147.26311878314957,92.83000183105469,96.51119611573037,110.12583831924255,239.0126464403006,147.3715896104273,93.23999786376953,96.51119611573037,111.11043455672701,239.83456376214852,58301400,59414700,18868100,21343100,19508500
2022-11-25,146.05023193359375,93.41000366210938,96.87898254394531,110.80213928222656,242.163330078125,146.80952774156987,94.43000030517578,98.0519481712884,112.11493692364834,243.3472791412151,145.0739944661959,93.06999969482422,96.81934266618741,110.41426018138652,241.4196778430826,146.24744752036312,93.79000091552734,97.65433129044288,110.69273884646077,241.98719641652858,35195900,35088600,9701400,12007600,9200800
2022-11-28,142.21432495117188,93.94999694824219,95.4773941040039,108.18647766113281,236.55667114257812,144.6006680593858,96.4000015258789,96.9982716863904,111.4286927029082,241.34142463276635,141.38601049309779,93.43000030517578,95.04001476855265,107.78865860772653,235.61734127784246,143.12152865000314,93.93000030517578,96.46149002485787,110.17556534039694,240.78370032502562,69246000,74943100,26237500,23309400,24778200
2022-11-29,139.2067413330078,92.41999816894531,94.62252044677734,108.86277770996094,235.1574249267578,142.79611910491008,94.41000366210938,95.54697648874638,110.33470606555612,237.5644704537855,138.39815293017466,91.44000244140625,93.5489571237337,107.94779911506643,233.0830580611279,142.28334655275705,94.04000091552734,95.15930210829917,108.94234304545647,236.2043877565396,83763800,65567300,20061700,23899200,17956300
2022-11-30,145.97134399414062,96.54000091552734,100.387939453125,117.45561981201172,249.648681640625,146.65175056417294,96.54000091552734,100.43764440845241,117.51529759895635,249.83459470450774,138.59537264763534,91.52999877929688,93.85710723684194,108.78319676906294,234.69755065431445,139.43354266054223,92.47000122070312,94.25472412772709,108.91249231763719,235.3922760619219,111380900,102805800,43647500,43348600,47594200
2022-12-01,146.24745178222656,95.5,100.387939453125,119.78287506103516,249.2083740234375,147.05605527210508,97.2300033569336,101.64043000504421,120.5387229953931,250.60758932902792,144.5710966759583,94.91999816894531,99.65235313452989,117.75400450444506,245.519510598115,146.1488515092609,96.98999786376953,100.41775939275689,118.54963510710101,248.4060155091771,71250400,68488000,28687100,36551400,26041500
2022-12-02,145.75442504882812,94.12999725341797,99.84121704101562,122.81622314453125,249.53126525878906,145.94178515343853,95.36000061035156,100.16924394174623,123.36322532044333,250.54887499999236,143.6244602489213,93.77999877929688,98.31039702993264,116.96830778897609,244.31597987547545,143.9301617623625,94.4800033569336,98.45950430330707,117.18710865934092,244.44318669201743,65447400,72496400,21480700,39950500,21528500
2022-12-05,144.5908203125,91.01000213623047,98.8869400024414,121.76200866699219,244.8150177001953,148.82115263004172,94.05999755859375,100.77560683101525,123.98978485438487,248.35711568212665,143.7427797370437,90.81999969482422,98.4097982497642,120.68789944551497,242.72107687347514,145.7149657221435,93.05000305175781,98.80741511301005,121.08571851877701,246.5860592259716,68826400,71535500,24405100,35474900,23435300
2022-12-06,140.9225311279297,88.25,96.40184783935547,113.49734497070312,239.84434509277344,145.2514780860589,91.04000091552734,99.18515082259113,119.89226212136995,246.43928730732753,139.94629380127552,87.9000015258789,95.8451811755794,113.11941345793497,238.53318912634793,145.0246809463006,90.5,98.70801663525297,119.25575467517517,245.42167750975,64727200,75503600,24910700,43689200,22463700
2022-12-07,138.9799346923828,88.45999908447266,94.37400817871094,113.30838012695312,239.11050415039062,141.37613319907325,89.88999938964844,96.30243751879279,115.24773758210962,240.8619869599087,138.05300496587287,87.4800033569336,94.15531851715572,112.26410605862742,236.99700443112582,140.21255080814953,88.33999633789062,95.83524584100162,113.13930949501996,239.56061029870315,69721100,68086900,31045400,29461100,20481500
2022-12-08,140.66615295410156,90.3499984741211,93.15133666992188,114.70074462890625,242.07528686523438,141.5240640501762,90.86000061035156,95.0101911904893,116.69977231445003,243.3864578420805,139.13772092261513,87.87999725341797,92.89288456487947,113.96477671294508,237.82869881184692,140.38019261979954,89.23999786376953,94.81137896202935,115.75495868721893,239.57038727485613,62128300,73305900,32213300,30619400,22611800
2022-12-09,140.18296813964844,89.08999633789062,92.27658081054688,115.26763916015625,240.13787841796875,143.54554848860332,90.30000305175781,93.6980559383812,116.89869054393611,242.96567699688347,138.94048147476286,88.62999725341797,92.19705592330466,113.2487162636341,238.905002491201,140.36045763658447,88.9000015258789,93.21097169195562,114.67091433961178,239.43337362256503,76097000,67398500,28225400,26033400,20609700
2022-12-12,142.48057556152344,90.55000305175781,92.75371551513672,114.0841293334961,247.07528686523438,142.4904310742392,90.58000183105469,93.00222510130644,115.0886207924488,247.10463998852305,139.09826892356506,87.87000274658203,91.06385336274687,112.52269572119194,241.8502218945569,140.71546075742316,89.20999908447266,92.15729402511153,114.55156617838797,242.12419433216994,70462700,61999800,29420000,24747100,30665100
2022-12-13,143.44696044921875,92.48999786376953,95.05989837646484,119.49444580078125,251.39041137695312,147.8843792751259,96.25,98.93665001680704,122.62726046433697,258.2397527581906,142.2340701831816,90.5199966430664,94.46347679731494,117.99268245383705,247.6232676451208,147.4209143273598,95.2300033569336,97.17720522072801,121.46363838626145,256.0577375397233,93886200,100212000,40593700,44701100,42196900
2022-12-14,141.21836853027344,91.58000183105469,94.50323486328125,120.92657470703125,251.68389892578125,144.62038597056736,93.45999908447266,96.29250710164176,123.46266438405227,256.9383165522958,139.19687510886934,89.87000274658203,93.04199713260542,118.73858142362373,248.83652677706732,143.3286067000526,92.5,94.63245713119726,118.73858142362373,251.59583956374928,82291200,70298000,28733600,36922000,35410900
2022-12-15,134.60166931152344,88.44999694824219,90.31832885742188,115.51627349853516,243.65061950683594,139.82796424282577,89.97000122070312,93.08175437233609,117.98273807859607,248.728918924476,134.1382044845264,87.47000122070312,89.47339774143826,113.38795019647951,242.01656425839232,139.147557792699,89.88999938964844,92.57479266918149,117.68437946643277,248.25925401561503,98931900,84802900,40107000,34531000,35560400
2022-12-16,132.63937377929688,87.86000061035156,89.72191619873047,118.77838134765625,239.42359924316406,135.73570542541242,89.3499984741211,90.7855370792927,122.63720904770412,244.46275107803268,131.87022238639204,86.7300033569336,88.98632225597767,118.17170894596907,238.2689883313514,134.7890645018001,88.2699966430664,90.2189354435523,119.57401952330868,243.2005220025338,160156900,146144100,58011800,67064000,86102000
2022-12-19,130.5291290283203,84.91999816894531,87.91275787353516,113.85538482666016,235.2748565673828,133.31977409731115,87.62999725341797,90.02011441226728,117.15727014981177,239.93241792766776,129.49374338835526,84.51000213623047,87.68412570630292,113.70620172958878,233.57231567315546,133.23102933615738,87.51000213623047,89.72190744481648,116.19256138822004,239.58994491104272,79592600,83531500,29493000,29769900,29696400
2022-12-20,130.4600830078125,85.19000244140625,88.48929595947266,116.45114135742188,236.59576416015625,131.3968681768677,86.61000061035156,88.64834574541868,116.68983735609928,237.6818743309992,128.08359570202674,84.33000183105469,86.91872103476729,111.84640584196114,233.28850680688439,129.5627349310346,85.33000183105469,87.58472494961606,112.64204399535026,234.24741017787053,77432800,74348300,23453800,28742500,25150800
2022-12-21,133.56629943847656,86.7699966430664,89.04596710205078,119.10657501220703,239.16917419433594,134.90738657654524,87.2300033569336,89.68215110998871,119.68340468534029,240.3335644481044,130.9038512362098,85.20999908447266,87.79347651846167,114.98916403142952,234.94216046535638,131.13064842267107,86.18000030517578,88.5489478718548,116.06326563545637,236.48815622889643,85928000,59267200,24745600,20392800,23690600
2022-12-22,130.3910369873047,83.79000091552734,87.23680877685547,116.4809799194336,233.06350708007812,132.68863484520332,85.68000030517578,88.01215748582743,117.9727957133352,236.7817237519787,128.48788524787975,82.25,85.80539110865442,113.75592427271405,228.836478039085,132.48156379876292,85.5199966430664,87.63442563845696,116.56053766173837,236.06742458351349,77852100,81431300,27658300,23618100,28651700
2022-12-23,130.0262451171875,85.25,88.69804382324219,117.39596557617188,233.59185791015625,130.57845488119247,85.77999877929688,89.01613578656314,117.53520111836418,233.72884412102013,127.83711709089096,82.93000030517578,86.55091738289275,114.9096057687837,228.9049586888203,129.09931513621305,83.25,86.5906798262967,115.39693016645676,231.02825242239908,63814900,57433700,23003000,17796600,21207000
2022-12-27,128.22166442871094,83.04000091552734,86.8690185546875,116.24229431152344,231.86000061035156,129.58247750765514,85.3499984741211,88.40978116829751,117.95291112202567,233.7875872637539,126.92988507827397,83.0,86.4912866781748,115.41682859854049,230.75431642147922,129.55289592303325,84.97000122070312,88.27061639358696,117.28656849563204,233.56254165260998,69007800,57284000,20097300,21392300,16688600
2022-12-28,124.28715515136719,81.81999969482422,85.5071792602539,114.98916625976562,229.48226928710938,129.20775681904706,83.4800033569336,87.51514106183947,117.50536106480486,234.56056862646315,124.1195211570346,81.69000244140625,85.42766195255722,114.8797658258276,229.13001687829933,127.86666981780208,82.80000305175781,86.46146279172514,115.61572617323714,231.79147620478,85438400,58228600,19523200,19612500,17457100
2022-12-29,127.80750274658203,84.18000030517578,87.92269134521484,119.60384368896484,235.82281494140625,128.66539876390968,84.55000305175781,88.32030821249462,120.3696391030878,236.7132328912707,125.95365078301222,82.55000305175781,86.0936643732032,115.13833640784365,230.57817587734075,126.21002952300181,82.87000274658203,86.1036068804607,115.76490387989335,230.57817587734075,75703700,54995900,23333500,22366200,19770700
2022-12-30,128.12306213378906,84.0,87.7040023803711,119.68340301513672,234.65841674804688,128.14278820773606,84.05000305175781,87.77358475788334,119.76296834403355,234.7954029631969,125.6578370442106,82.47000122070312,86.05389516520884,117.09759052812905,231.56642511422905,126.62421153870504,83.12000274658203,86.46145450771652,117.51530471095369,233.0830678086328,77034200,62401200,23986300,19583800,21938500
