Date,Close,High,Low,Open,Volume
2020-09-01,280.3974609375,286.3325720087281,270.8713107132347,279.25034118770856,5169176
2020-09-02,292.3175354003906,305.2351802031562,279.6991590390761,282.2926666584745,17403674
2020-09-03,290.52203369140625,297.95342492715736,286.93102564163854,294.01328559842744,9061697
2020-09-04,284.4372863769531,292.71655951622597,279.3999205876689,283.2901667898322,6719721
2020-09-07,284.5370788574219,290.9709706435161,281.3450643939801,284.43732269769447,5812023
2020-09-08,277.0059814453125,289.07571664628944,272.8663288154727,285.2852258223756,5660442
2020-09-09,282.342529296875,286.1829126494795,273.71415529771315,276.20790676806644,6661093
2020-09-10,297.554443359375,307.180349361502,285.1854409037369,286.9310671095291,25430532
2020-09-11,295.2601623535156,302.89103546121623,291.36991630265857,298.25266399899044,9743753
2020-09-14,292.4173278808594,303.24021670343734,289.4248257423386,301.04570295866637,6120182
2020-09-15,287.8288269042969,297.9534837878234,269.3252003182162,294.1629627037459,2552460
2020-09-16,296.3574523925781,302.0930811918034,289.3749477674343,291.96845557360575,6159158
2020-09-17,292.9659423828125,300.0481723861361,291.41979816699313,294.2626810039358,2466000
2020-09-18,290.8212890625,298.9509433421345,286.58191149341803,296.8561859844453,2744172
2020-09-21,276.407470703125,295.50960444660154,264.33770524337353,292.2677269294659,6459206
2020-09-22,279.6991882324219,282.2926961225152,256.8564284506985,277.5545678307062,12535965
2020-09-23,282.84130859375,295.5095795386814,277.75407942562197,283.2403332229646,8864848
2020-09-24,269.7740783691406,280.54707382759807,268.8264405210229,277.2553336712099,3689023
2020-09-25,279.5993957519531,282.8911658760417,274.31265494231275,275.2103993611364,7663618
2020-09-28,294.9609680175781,301.29507308486086,281.39495246215995,282.3924531582744,5875621
2020-09-29,297.1554260253906,306.2326876767067,291.41979751027316,299.15042724804016,10246726
2020-09-30,296.3574523925781,303.9384635024237,294.36245107110847,299.2501982204483,5618023
2020-10-01,307.37982177734375,311.1703425437953,295.2601948668472,299.05068519199443,6914312
2020-10-05,325.78375244140625,333.6640023120849,306.58186292120405,310.7214849632719,20009492
2020-10-06,326.3323669433594,330.3223699759942,319.4994806617108,328.5767436492165,7705557
2020-10-07,329.27496337890625,334.7612168327037,322.4420779890978,324.3373230939672,8234005
2020-10-08,315.4595947265625,328.9757169644117,309.7239657315341,328.17772858510375,4125845
2020-10-09,312.21771240234375,321.24508136716753,309.7239607058394,318.00320416171184,2468904
2020-10-12,314.5618591308594,321.89349553420897,312.21772634321616,314.2127277894987,2556329
2020-10-13,312.4172668457031,316.0082454198879,308.9758768639156,314.7115065393555,1454109
2020-10-14,312.61669921875,314.91096899025274,309.2750659359184,312.1678421887394,1517470
2020-10-15,306.3324890136719,325.03562823494,304.5868626863535,314.2127389173047,4960658
2020-10-16,306.232666015625,313.1653069504795,304.5867962116188,308.4770422323519,1871531
2020-10-19,316.1578674316406,318.45210692600233,308.57685582219653,309.1254690452333,3329571
2020-10-20,321.0954895019531,327.03063121796595,312.71648918152306,314.51197837829113,7198907
2020-10-21,311.2202453613281,323.8885175253157,305.23524064284106,321.19525322547327,4998821
2020-10-22,310.72149658203125,314.0132370177734,308.2277446030422,310.22274618623345,2380993
2020-10-23,314.66162109375,321.64412628449526,312.5169701464042,313.21523284200146,4159352
2020-10-26,306.6317138671875,317.90349021751626,304.28758109741915,317.2052275401194,4397393
2020-10-27,313.2650451660156,314.5618141855979,302.2426759267267,307.23017882980804,3549135
2020-10-28,318.0531311035156,319.9982393677562,309.07562404647535,313.01573387894706,3098009
2020-10-29,328.07794189453125,331.51933114779484,312.4172007086292,314.61168376814726,6897070
2020-10-30,338.85101318359375,346.631506770554,328.8261124927836,330.2226074389936,14205844
2020-11-02,340.2474670410156,343.43945075526875,332.217568797724,338.2524658041188,4272022
2020-11-03,343.938232421875,348.7262540917406,339.2998602114629,343.14024403088365,4078834
2020-11-04,350.9706726074219,358.6015478574336,336.6565296297186,341.7437899434962,9701398
2020-11-05,351.8683776855469,354.0628914379962,344.3871223130689,352.1177528646295,5361436
2020-11-06,351.2199401855469,352.96556610054336,344.1875432346382,351.12018404500134,3863486
2020-11-09,357.0054626464844,363.7884850671651,350.97059612547764,353.1152163512146,6278843
2020-11-10,358.60150146484375,360.84587803868493,352.31725923461073,357.2050065738259,3590100
2020-11-11,359.2000427246094,361.7935508824476,353.16514464407896,358.3022980964792,2869576
2020-11-12,364.6363525390625,368.5764923058634,357.1052347645442,357.3047470722193,4199715
2020-11-13,367.67877197265625,370.7211369962081,361.1451239831227,363.0902625662501,2786714
2020-11-14,370.3221130371094,371.91812015125396,368.5764869150489,368.87572493088066,620753
2020-11-17,393.31451416015625,400.94541887453875,370.07276000737437,371.0702607082029,10496968
2020-11-18,393.5140075683594,403.68852640444317,386.431746844521,392.965394385787,8656493
2020-11-19,384.785888671875,397.5040223868884,376.85574606128586,389.02526657687946,7731483
2020-11-20,387.3294982910156,400.99526965735276,384.03775825393234,384.1375144092722,5490838
2020-11-23,408.02764892578125,412.6660515311804,382.1425240403268,389.1250289363447,7318547
2020-11-24,406.18231201171875,414.4615559467681,403.1898098027168,408.8755457350365,6167783
2020-11-25,398.25213623046875,410.4715192456804,392.01775714107504,407.9279047537294,3448648
2020-11-26,400.9454040527344,410.5213860736469,398.1523839288812,401.7932552640515,5490958
2020-11-27,397.404296875,406.830691237775,395.3095391897936,399.99780494043137,6429153
2020-12-01,420.84552001953125,422.89041462591354,394.1125146570891,397.0052604667012,7846125
2020-12-02,452.6159362792969,460.7455607820579,418.3019187686426,419.49890132707753,16821595
2020-12-03,446.43145751953125,455.8578519742975,442.1422163842612,452.615974471198,6848649
2020-12-04,444.8354797363281,455.4089635257508,440.89533952558327,447.87784490268524,4131360
2020-12-07,456.4064636230469,465.18448863471417,444.8354790824747,444.88534194428627,5371039
2020-12-08,450.7705078125,461.14450779763615,445.43387359994426,456.40638002372907,3872952
2020-12-09,447.9775390625,456.9550447333264,446.18201966355264,452.86528606168923,2798049
2020-12-10,446.1322021484375,451.1197058057705,436.95518324242215,446.88032769703744,3113868
2020-12-11,448.6758117675781,450.67081320796984,439.2993110859982,446.13219710760114,2940168
2020-12-14,454.0124206542969,460.84530628377826,445.88279633949975,449.8727989913073,3762369
2020-12-15,461.294189453125,462.89016614590844,445.4339047071787,454.36154773379354,4779869
2020-12-16,462.09222412109375,466.3814651851984,456.40645764885534,461.344098555868,4088505
2020-12-17,458.15203857421875,472.76544752011716,453.96255408883115,462.2417973471694,4912523
2020-12-18,454.0124206542969,463.0398199187942,449.6732866821952,459.84780562082636,2159692
2020-12-21,428.1273193359375,459.59845473835156,408.62616208008546,452.8653249076758,5350194
2020-12-22,457.6532897949219,460.39641660490764,417.0550312719151,427.12979400776,8342699
2020-12-23,462.4413146972656,465.6332985626573,453.06481452813944,456.8553048811997,4604130
2020-12-24,472.4662170410156,478.6507337744928,461.2443337723481,463.8378417715904,7985151
2020-12-28,489.62322998046875,505.7328603714969,471.5185981678568,471.817836204572,13714406
2020-12-29,487.9773254394531,497.9024385462289,483.48857255784395,490.7703150559329,5849496
2020-12-30,482.94000244140625,494.7603929168962,477.2043728864221,487.97739970665566,5419517
2020-12-31,478.3514709472656,482.79036144700984,434.6609504143276,479.79785920663585,7575962
2021-01-01,489.9224853515625,492.01724300660317,475.80785588271607,475.80785588271607,5035248
2021-01-04,493.2641296386719,501.3438919454839,485.4337425237904,490.77037771936614,4936582
2021-01-05,493.1643371582031,500.14684201808427,488.3763460022353,490.7703415802192,3654033
2021-01-06,489.673095703125,499.3987276902222,483.03972202582764,494.76035544617554,3295461
2021-01-07,516.8051147460938,522.6405306690805,492.56585867303335,492.66561483639595,9879731
2021-01-08,516.705322265625,525.2838032629384,512.8150454862582,521.692825376297,3702267
2021-01-11,517.8526000976562,523.2889311234442,509.22419323436816,519.298927650501,4148831
2021-01-12,524.0869140625,535.2588736638813,515.8076091999789,517.7028849623276,4878024
2021-01-13,534.710205078125,538.8498570808401,519.9970706606153,527.7775634642007,4948731
2021-01-14,530.7701416015625,539.6479229119403,527.0794374152816,533.6130553590416,3161306
2021-01-15,525.9821166992188,536.156636204648,517.5033605917964,533.3636463693136,3376852
2021-01-18,506.5807189941406,527.7775776918535,500.7951968702379,526.680351312995,5204588
2021-01-19,528.775146484375,530.6704223457996,511.0196445297795,511.0196445297795,4181185
2021-01-20,545.383544921875,550.7700734222976,529.6729078253601,530.8200580616437,6681731
2021-01-21,535.55810546875,551.5679781905471,530.2214406397469,550.021864411156,4208383
2021-01-22,525.4833984375,545.3835511640417,520.2963822078392,532.7152790885093,4179558
2021-01-25,512.6156005859375,533.0643635997035,507.7278231222872,528.9247116121666,3728411
2021-01-27,511.5183410644531,520.2464720918683,505.78271210358025,511.8175790945853,2792007
2021-01-28,510.57073974609375,518.2016140182554,500.0969823886507,506.0320932930851,4197516
2021-01-29,505.38372802734375,523.8873844404436,501.24410617406784,513.9123773524025,3822560
2021-02-01,535.857421875,538.1516614525844,495.65812287520316,509.224139335578,4004036
2021-02-02,562.7899169921875,565.4831811059703,539.4483758495528,540.6952517464326,5144708
2021-02-03,565.183837890625,575.1588442839125,556.9544576161628,566.5803631387282,6087209
2021-02-04,588.2261352539062,610.1711491723436,554.6103517568696,560.5454926976956,11184167
2021-02-05,593.8619995117188,606.3307578863044,587.1288699894426,593.5128986302741,4754950
2021-02-08,626.7296752929688,636.405444223357,602.0415330601661,603.8869458778411,7085276
2021-02-09,628.2758178710938,640.2957505159017,619.4479606591894,629.8718555875455,4510798
2021-02-10,649.0736694335938,653.2631842387914,620.5451150039955,631.4677590338516,5991927
2021-02-11,656.9539184570312,659.3479444237163,643.7370345483864,652.3654397172625,3688016
2021-02-12,717.1531372070312,722.6393910322872,653.5624678688367,655.3579569442165,16810897
2021-02-15,761.5419311523438,785.9806986091617,705.8814035700727,723.1880165793051,21579566
2021-02-16,778.2500610351562,800.9432020394294,754.3599070101793,758.1005346482464,19426061
2021-02-17,783.4869384765625,799.9955629163311,780.29492405399,785.1827018462989,8908279
2021-02-18,806.1801147460938,822.4393647223599,784.0355860179199,785.2824619498822,9694238
2021-02-19,779.94580078125,828.9230594856623,727.6767411489659,810.9680473668393,20210882
2021-02-22,803.8858642578125,810.9680951018436,778.599184172486,784.0355753383137,10890564
2021-02-23,797.6514892578125,825.2323481257519,787.0280820482227,812.7635889044556,9753081
2021-02-24,803.1875610351562,810.0204163513642,793.4619293891408,803.9855494039484,4626257
2021-02-25,841.3917846679688,860.2445710011237,806.97801279951,811.9655159688518,12118095
2021-02-26,831.5664672851562,858.8480865645639,817.8009091776851,831.8158424554712,11355426
2021-03-01,849.371826171875,858.7982197427883,834.3594531647367,838.648693897832,5996840
2021-03-02,870.3692016601562,874.309341502319,850.1199501373089,855.2571029658085,5116413
2021-03-03,913.062255859375,942.5384507175125,870.668475437648,878.2495174073358,11670544
2021-03-04,916.1046752929688,936.3539275046003,903.1371660788801,907.7256449862053,8141787
2021-03-05,907.6259765625,931.6657208084733,886.0799233632702,915.7057084605766,7109101
2021-03-08,907.9251708984375,924.084694799081,902.837880677943,915.8053900861883,3904469
2021-03-09,902.9376220703125,926.0796498782263,891.3665777250509,915.7056185180069,5561849
2021-03-10,895.9053344726562,911.815422933416,886.4789400875597,908.7231949217447,5465016
2021-03-12,891.8654174804688,921.4912026381521,887.0774259428649,902.7382002676782,6049852
2021-03-15,893.9601440429688,901.7406373658421,872.314366566846,896.5037586643258,5234540
2021-03-16,895.55615234375,902.139693758408,885.8305201271397,898.4489288432743,2555026
2021-03-17,871.7158203125,903.1370899917802,862.8380403992799,895.7555610156686,3886557
2021-03-18,868.8729248046875,888.7730748524853,855.6061784003582,873.810565174834,4465851
2021-03-19,887.4265747070312,893.1622040719899,838.1001499918644,863.835657400721,4794995
2021-03-22,988.572998046875,1000.4931428828684,881.2419534326232,890.6683466662166,22596465
2021-03-23,1055.754638671875,1083.983832038698,988.572938050879,996.5030798417561,31098225
2021-03-24,1022.886962890625,1090.2681785315754,1015.8546565731307,1060.343159907653,22877032
2021-03-25,979.0968017578125,1038.8470572711033,974.5581857407622,1030.3683013050884,13139164
2021-03-26,985.8298950195312,1015.9045644216095,975.5556503467974,997.5006649762754,9396506
2021-03-30,1028.9718017578125,1039.8444609820294,985.5306015366267,1001.4906112781106,10470011
2021-03-31,1028.5728759765625,1050.5178914793676,1014.0591920174819,1035.4057314505276,6440569
2021-04-01,1104.4327392578125,1113.2607179682939,1032.4132365811402,1040.7922669122347,12713083
2021-04-05,1135.4051513671875,1147.1257843815206,1096.1036001405505,1124.18326869389,15795720
2021-04-06,1222.3372802734375,1237.8982655436678,1139.6444547813378,1150.5172358583336,21496457
2021-04-07,1162.6368408203125,1248.471692012769,1105.2306341749102,1230.317230301899,23007694
2021-04-08,1159.594482421875,1188.0232503780242,1134.906341828377,1159.594482421875,12404773
2021-04-09,1198.3973388671875,1224.9308325481675,1148.3227317739206,1160.4923131042963,12923020
2021-04-12,1071.71484375,1174.4574223035054,1058.7473338354798,1174.4574223035054,13690016
2021-04-13,1103.584716796875,1113.509920397365,1048.423009058248,1074.308099804275,12137329
2021-04-15,1127.1259765625,1142.0386865328005,1078.6474621943169,1092.2633724227708,9350889
2021-04-16,1156.103271484375,1189.0207934507118,1109.2207401989863,1127.1757521806246,10661068
2021-04-19,1133.509765625,1150.1181747214168,1086.2781372694042,1097.2506437064687,8565063
2021-04-20,1139.893798828125,1174.7563957304799,1122.238087097317,1153.9585327892173,8261172
2021-04-22,1154.9063720703125,1166.0783313290524,1120.1932986163608,1131.165806438961,7124786
2021-04-23,1154.7066650390625,1179.943478812199,1142.7865816284948,1158.0981914169256,6167151
2021-04-26,1170.4173583984375,1194.9060479589566,1157.1007491300272,1157.1007491300272,6939823
2021-04-27,1188.1728515625,1210.4669653852811,1178.0481962258073,1181.7388997009562,7109421
2021-04-28,1182.23779296875,1210.9159383856852,1177.7989635146528,1204.9309341247597,5020151
2021-04-29,1179.344970703125,1209.619088600452,1175.0556695530036,1193.5593538025564,4070698
2021-04-30,1155.8040771484375,1197.9484840849645,1140.1433639869913,1168.073385152027,4232500
2021-05-03,1252.412109375,1261.2399666172073,1119.8442359813762,1142.238079005616,11276228
2021-05-04,1259.3446044921875,1295.703455456389,1238.7461911626972,1281.788369720761,10271516
2021-05-05,1264.3321533203125,1285.0302931083966,1237.1502588998167,1271.2149325908406,7805805
2021-05-06,1283.5340576171875,1308.5713014562477,1259.8434154035422,1269.1700228272375,6240535
2021-05-07,1295.6536865234375,1319.0949530266357,1287.2247325301753,1301.738416454202,4584524
2021-05-10,1300.840576171875,1310.715856981629,1283.085137621969,1291.6636188777857,3892338
2021-05-11,1300.2421875,1322.6859536823936,1280.790923475259,1288.770929228999,4744734
2021-05-12,1282.58642578125,1325.1796562018608,1275.4043478108244,1307.7233942646892,4143731
2021-05-14,1217.2999267578125,1298.7458813834842,1210.3174220191916,1296.7508800295925,6377643
2021-05-17,1285.878173828125,1295.75345546299,1224.3822291292036,1226.9259047109142,7782732
2021-05-18,1323.3841552734375,1341.5885433963185,1298.7459362186964,1311.6635218244592,6531595
2021-05-19,1291.4639892578125,1348.1719962693076,1280.69105574398,1346.6258216198817,9925284
2021-05-20,1298.745849609375,1316.7008613551268,1280.7409141249098,1298.0476478586822,5837747
2021-05-21,1311.8131103515625,1332.6608987646216,1296.8007982861373,1316.7008880009735,8314215
2021-05-24,1303.5338134765625,1325.3291769106613,1299.7432625466288,1318.3964747842308,7913411
2021-05-25,1279.5440673828125,1318.695971218147,1269.7187094994745,1311.0650662449664,3697062
2021-05-26,1319.4940185546875,1323.5338234649248,1251.1152945892068,1285.7285213244122,5630730
2021-05-27,1322.4864501953125,1338.6459125045553,1300.990261836115,1326.1771540050718,36690935
2021-05-28,1299.34423828125,1327.1246052335707,1294.755759941126,1308.3217435504876,2979585
2021-05-31,1313.0101318359375,1318.1970864211041,1288.7708177495774,1303.7832509813063,2709718
2021-06-01,1412.71044921875,1426.4260846480583,1305.778416614162,1316.6012754907886,10018645
2021-06-02,1542.8841552734375,1553.1085371008517,1409.4684411840099,1421.9871232495163,24541949
2021-06-03,1579.1434326171875,1619.7417867063857,1549.1186840217122,1560.091192408215,19107244
2021-06-04,1696.6988525390625,1709.2674594051907,1581.8367385526858,1600.988704252607,21102075
2021-06-07,1620.2403564453125,1712.9080695293374,1608.9685503807004,1710.7136168027905,15350263
2021-06-08,1632.360107421875,1663.8313058275232,1598.4450808042877,1628.9187784270657,12410257
2021-06-09,1590.66455078125,1645.327517290839,1567.9214856122603,1635.9011841734903,11614666
2021-06-10,1607.97119140625,1625.9262047097936,1587.023675885449,1607.97119140625,5362307
2021-06-11,1597.5970458984375,1616.0508082608578,1571.3129276433851,1611.063304919663,5355387
2021-06-14,1497.697509765625,1526.1262822298722,1198.19789810281,1437.847462472473,43530006
2021-06-15,1535.00390625,1568.669554401446,1473.507964606981,1547.073640197178,22320542
2021-06-16,1444.6802978515625,1534.355512459118,1405.7777709464506,1506.226041710741,12626149
2021-06-17,1364.28173828125,1432.411088772262,1300.2422383110331,1376.5510463131766,27926070
2021-06-18,1483.7823486328125,1500.2411108193278,1329.2196578964465,1346.6259970785188,30526777
2021-06-21,1536.1512451171875,1578.0462790749289,1441.2390188336856,1486.2762046913049,21101083
2021-06-22,1537.7470703125,1578.0461233529395,1527.9716364128105,1550.1660272121803,12069983
2021-06-23,1500.9891357421875,1566.0261308310098,1477.5977936968848,1556.200773567798,12679703
2021-06-24,1504.729736328125,1515.203493193518,1484.3308966630416,1506.1760635701164,7261764
2021-06-25,1515.6522216796875,1530.165903959836,1497.248384513503,1521.1883986562905,4962963
2021-06-28,1521.9366455078125,1561.0885467604303,1514.4054667518585,1521.0887942923282,6178022
2021-06-29,1519.7421875,1544.8292318230276,1509.2185067737785,1522.186015424181,5551918
2021-06-30,1503.7822265625,1535.1535748207468,1498.9442507631356,1535.1535748207468,3256147
2021-07-01,1487.5120849609375,1519.7527915381322,1480.1756128869567,1506.7766753801102,3759914
2021-07-02,1419.4373779296875,1504.9299194214113,1408.9566691244358,1487.5120282882415,6653653
2021-07-05,1391.788330078125,1441.29718251932,1348.1187058753992,1424.378371138055,12239845
2021-07-06,1412.2008056640625,1441.4968600450422,1376.216987285292,1398.3263181048144,9485434
2021-07-07,1423.0308837890625,1434.4597996214397,1382.45553978641,1417.3912393477997,5549751
2021-07-08,1423.2803955078125,1442.3452810823208,1409.2063240546963,1417.3912104753604,3898830
2021-07-09,1428.720458984375,1453.9240724993629,1413.8478072340415,1423.2805198552069,4502324
2021-07-12,1418.08984375,1444.341574175224,1411.55195050597,1439.3507601663255,2557189
2021-07-13,1415.095458984375,1430.367399708519,1382.6551655506507,1430.367399708519,4157955
2021-07-14,1399.47412109375,1446.3378130900326,1395.2319294404494,1446.3378130900326,3859529
2021-07-15,1405.3631591796875,1426.3745332682035,1390.8399646462644,1396.4296515340916,2728305
2021-07-16,1392.9361572265625,1412.4003314049344,1385.6994770833217,1406.411354734666,2134914
2021-07-19,1378.0635986328125,1410.0547665347954,1330.3015308966721,1387.4463537395418,6190302
2021-07-20,1363.1907958984375,1380.3592680159109,1333.6452033669707,1337.5380623953884,4529933
2021-07-22,1414.147216796875,1422.282268388174,1338.0372995349999,1372.4739178370942,5009804
2021-07-23,1399.074951171875,1432.2139082978645,1383.653262383369,1427.372842954954,4694140
2021-07-26,1401.32080078125,1414.1971254679431,1389.4426389098658,1397.2283576076934,2054318
2021-07-27,1394.183837890625,1421.9826464444554,1375.6180348857392,1401.3207260084766,2978042
2021-07-28,1397.3280029296875,1422.1822787926837,1376.0670884556225,1404.2651850299019,3188606
2021-07-29,1397.677490234375,1422.3820200564073,1394.4334610658252,1411.3522721449194,2538248
2021-07-30,1417.6407470703125,1446.8370095957882,1397.677490642637,1406.9104967404369,4403219
2021-08-02,1435.5577392578125,1442.3452952680818,1421.4836676662749,1432.3636669271264,2483790
2021-08-03,1440.1494140625,1464.3049063837152,1419.587161799357,1464.3049063837152,4442122
2021-08-04,1426.9237060546875,1457.317715142354,1420.4356477338483,1457.317715142354,3341801
2021-08-05,1429.718505859375,1435.3581502207594,1404.814391977483,1425.3765219160255,2104359
2021-08-06,1533.826904296875,1552.14316746658,1419.3875139147763,1419.3875139147763,14250256
2021-08-09,1490.6563720703125,1562.1248052445603,1479.7763730192082,1543.8583769943364,6031426
2021-08-10,1443.842529296875,1495.8967450956263,1423.4301482225592,1485.266286618562,3581449
2021-08-11,1434.409912109375,1453.923921899978,1404.4150709877429,1452.3268857762373,3197412
2021-08-12,1440.2491455078125,1455.3213795967035,1427.6223615694,1440.9478107376503,2455443
2021-08-13,1434.35986328125,1451.328629931063,1425.3763985842902,1442.345165234103,2095991
2021-08-16,1427.47265625,1447.036623587759,1410.9531343193473,1428.870108598279,1909352
2021-08-17,1439.00146484375,1448.3342629130218,1413.5981477725536,1428.3710063601202,3062815
2021-08-18,1457.317626953125,1494.050065192825,1429.9679430095912,1439.2509053991469,4738820
2021-08-20,1427.47265625,1479.9261623456255,1408.407770333337,1435.358167072529,4933377
2021-08-23,1394.1339111328125,1425.12691430239,1359.0485867656762,1412.4502956889316,4866080
2021-08-24,1435.1585693359375,1445.7390709914416,1387.4463372030532,1404.4151053558965,3362312
2021-08-25,1472.6396484375,1479.0778724175416,1422.3821694849119,1441.5968058095325,5361140
2021-08-26,1472.98876953125,1491.9040273689768,1457.7169520652321,1479.277243799991,4678919
2021-08-27,1503.2830810546875,1512.2165890635445,1471.3917076034459,1472.2900784612066,5164477
2021-08-30,1513.763916015625,1524.1946690397888,1490.5566297974358,1510.969011302541,3149863
2021-08-31,1584.68310546875,1593.9161106029155,1510.0206073292813,1514.5123395567132,7234384
2021-09-01,1562.3243408203125,1597.908868440076,1558.6311872578306,1591.969848613534,3056760
2021-09-02,1567.6646728515625,1591.371039934869,1562.623901849114,1568.1137973841953,2171898
2021-09-03,1562.673828125,1578.4946842152315,1548.6995488548316,1575.5999877114875,1687999
2021-09-06,1579.0936279296875,1625.4582435511495,1563.1729792183742,1569.1119994345568,5562312
2021-09-07,1555.237548828125,1589.4246272454336,1550.1469425424957,1582.1879464125727,1651169
2021-09-08,1553.091552734375,1576.0992568691472,1535.424117719421,1557.0343693914936,2084219
2021-09-09,1542.16162109375,1562.6239597555118,1532.229949359755,1558.7311002262588,1243149
2021-09-13,1529.634521484375,1554.1394667603433,1522.4477981221667,1545.1560016345609,1759456
2021-09-14,1510.419921875,1544.4074144406636,1494.299689900736,1537.0709421246968,7143757
2021-09-15,1514.013427734375,1542.7604441013527,1494.1499630684752,1521.2001513646073,12834337
2021-09-16,1500.4383544921875,1532.179982011032,1496.9947413817886,1520.2020277542683,7616906
2021-09-17,1477.530517578125,1522.1983038720762,1463.0571566560627,1500.438305609453,3329954
2021-09-20,1416.243408203125,1485.7654786509656,1407.3597340119493,1462.208858548452,2273312
2021-09-21,1438.8016357421875,1444.2915308232818,1378.8120793161652,1417.3910936643351,2682157
2021-09-22,1435.108642578125,1459.9629219987664,1421.7332359724014,1432.3636947310792,1663858
2021-09-23,1471.641357421875,1477.281001831862,1438.452443022612,1450.3306051768213,1622616
2021-09-24,1459.0145263671875,1513.2148155299299,1452.3268842981847,1480.2754428963628,2760295
2021-09-27,1528.436767578125,1541.1633431122448,1459.3139945790815,1459.3139945790815,4737676
2021-09-28,1484.567626953125,1555.0378984367749,1472.2901753961478,1554.1395275198659,3547971
2021-09-29,1482.920654296875,1495.2479410572087,1461.609901936064,1463.606227625059,1764350
2021-09-30,1465.4027099609375,1516.2092183417278,1460.6614368950236,1481.9721872536604,2072145
2021-10-01,1456.02001953125,1466.0516043539278,1420.0363238988193,1462.308493874726,2311858
2021-10-04,1523.84521484375,1528.1871985173573,1457.4174338640992,1468.2974324095576,3209302
2021-10-05,1524.843505859375,1554.9879752638556,1509.571565479021,1512.2167214071283,2544835
2021-10-06,1476.831787109375,1538.168841086578,1469.295609396134,1526.9894667100243,1777998
2021-10-07,1517.9561767578125,1532.928619730929,1487.2626686629233,1500.0890371073494,1919106
2021-10-08,1545.0562744140625,1566.5666103693354,1508.6731660237049,1519.203832656028,2646112
2021-10-11,1536.921142578125,1560.8270924529543,1529.3351298091009,1550.1467994309648,1910095
2021-10-12,1551.59423828125,1564.0214392304954,1511.7176800098382,1536.1726705415258,1900749
2021-10-13,1566.816162109375,1605.3453452323415,1548.4500633196676,1565.5684585586584,3923958
2021-10-14,1643.3253173828125,1652.9576128656408,1571.9068414562996,1577.097239328329,5256882
2021-10-18,1612.531982421875,1669.876385797439,1605.5947997905419,1669.876385797439,3791222
2021-10-19,1566.566650390625,1633.992600257573,1559.1803427105297,1622.2142297824146,1822638
2021-10-20,1586.7794189453125,1604.3970174509116,1536.2724035807382,1571.108311086491,2768997
2021-10-21,1592.11962890625,1623.8611329587977,1578.794057998963,1599.0068547754895,3129269
2021-10-22,1540.165283203125,1605.8444477126186,1534.1763060811427,1592.1197084747423,2580699
2021-10-25,1529.385009765625,1548.54980883806,1491.3051960155144,1542.1615424805816,2276050
2021-10-26,1541.013671875,1554.3890782629762,1518.1058834991893,1529.1854666231366,1661783
2021-10-27,1563.672119140625,1578.2452729194922,1537.170845756211,1545.1561488510486,2121282
2021-10-28,1395.980712890625,1564.0214055569327,1365.1872912644178,1547.1524288984424,7093354
2021-10-29,1420.9844970703125,1452.1272486472496,1375.218758368432,1397.427880033246,3165141
2021-11-01,1442.644775390625,1454.3232316697324,1408.6073256832187,1433.3618124075056,1543436
2021-11-02,1470.09423828125,1486.2644270975532,1450.130982040853,1452.3268914888781,1667692
2021-11-03,1483.1700439453125,1498.2422769928887,1461.759380003914,1471.2918829363878,1710819
2021-11-04,1486.713623046875,1508.7231628476786,1480.2755213384767,1492.2534756581406,272261
2021-11-08,1565.368896484375,1572.2562445492601,1482.9206690763754,1492.2534673962318,2565017
2021-11-09,1632.4453125,1655.9520953221047,1552.093206608843,1552.1431634875664,4713708
2021-11-10,1652.807861328125,1682.9024943598185,1617.4230385214332,1622.5636013520618,3728328
2021-11-11,1661.8411865234375,1700.8693256716965,1637.8353236521557,1646.9685371821006,4470709
2021-11-12,1702.067138671875,1716.3409152897007,1667.031649155263,1675.2166571308017,5349189
2021-11-15,1746.3358154296875,1760.7592194812366,1688.6919124109565,1710.6015376337693,3997553
2021-11-16,1708.4554443359375,1763.3045639528827,1703.7641278588183,1756.2175105121485,2172117
2021-11-17,1703.3148193359375,1726.5221038638924,1679.4088696036222,1710.8509970285934,1476385
2021-11-18,1685.6473388671875,1710.8509482270076,1636.9869049546633,1704.8619717454662,2255988
2021-11-22,1672.67138671875,1698.2742880501178,1607.092136571643,1688.2926596048321,2552170
2021-11-23,1704.8121337890625,1717.1893770834984,1646.968647308378,1657.1000242655753,2472589
2021-11-24,1751.9254150390625,1785.613408620869,1709.3037915331224,1718.4370052733984,4562858
2021-11-25,1759.81103515625,1770.441371873194,1732.3615571910814,1759.7111213959008,2341862
2021-11-26,1666.4827880859375,1765.3009074566687,1657.7986984275478,1736.803310152246,3510810
2021-11-29,1661.9910888671875,1693.882342931755,1606.892426879279,1651.9595035663253,2119826
2021-11-30,1659.795166015625,1715.4927049807516,1645.1222200169059,1664.9357293573728,2952368
2021-12-01,1690.1890869140625,1701.8675427210037,1649.3142478976833,1690.8877521228037,2476360
2021-12-02,1729.067626953125,1731.8125748383154,1684.549587438884,1689.390652976282,2159661
2021-12-03,1704.9617919921875,1741.79402233513,1697.9746526475767,1730.8142319364558,1544077
2021-12-06,1642.5767822265625,1724.7754695875185,1636.9870945655491,1706.858494943347,1574680
2021-12-07,1675.3662109375,1683.6010535853752,1650.9611805558484,1655.8522023765215,1476012
2021-12-08,1712.3482666015625,1723.2282653840368,1675.965281636904,1676.71390372956,1406394
2021-12-09,1719.0859375,1736.0547056448686,1703.4646648091905,1721.8308852881405,1306393
2021-12-10,1737.2025146484375,1784.7150382781324,1707.4572152720518,1707.4572152720518,2708578
2021-12-13,1716.3909912109375,1758.9625396277615,1707.9564419532132,1751.7758157885883,1104594
2021-12-14,1716.939697265625,1724.725415342306,1679.9078841412843,1708.8546034758638,1198653
2021-12-15,1692.185546875,1723.8272608280965,1683.950703272318,1716.8401208015785,866378
2021-12-16,1698.923095703125,1716.6903209921184,1683.9006963540778,1704.1634505672973,751885
2021-12-17,1642.27734375,1698.873127155966,1636.9870320421762,1695.828681803078,1215873
2021-12-20,1587.02880859375,1626.0071125469965,1552.3426531849052,1626.0071125469965,1945211
2021-12-21,1617.52294921875,1642.876310774111,1599.955306876298,1618.1218225783457,1563851
2021-12-22,1655.0538330078125,1660.3939800015876,1624.0109920706934,1628.2531842749345,993006
2021-12-23,1673.1204833984375,1681.1057860216895,1655.1535524961207,1671.623239156578,979023
2021-12-24,1695.080078125,1700.8195144278293,1655.1535647140138,1676.913563261421,1234386
2021-12-27,1727.021240234375,1734.8069588687522,1682.952449774471,1691.6364174584683,1672655
2021-12-28,1747.7830810546875,1756.766546348515,1724.925128326739,1736.8032901400093,1552918
2021-12-29,1714.893798828125,1751.7758688090732,1706.259665475895,1747.783217256232,1100579
2021-12-30,1693.2833251953125,1721.8307556737977,1681.9042453973038,1710.8509653477618,1359574
2021-12-31,1706.309326171875,1721.8308062360725,1687.9432283821914,1691.8359657716298,1310960
2022-01-03,1713.995361328125,1729.8162181229359,1708.0562192661773,1709.8529611336348,1094708
2022-01-04,1715.8419189453125,1724.8253844895287,1696.8768250186336,1722.5795181034746,1191189
2022-01-05,1712.29833984375,1741.4447669381443,1699.4221371004053,1718.8363549730354,1583598
2022-01-06,1709.9527587890625,1720.6830094568295,1672.5216518084803,1706.8584783145448,1615375
2022-01-07,1695.978271484375,1727.6201031574483,1686.3959336381774,1716.7401050228334,1295933
2022-01-10,1749.3800048828125,1762.7554100531027,1695.9782979531178,1704.4128462673934,1670551
2022-01-11,1840.5125732421875,1846.60134248875,1733.8089361637615,1754.7703568082284,5126019
2022-01-12,1826.7376708984375,1869.5588783324959,1804.9777955022462,1869.5588783324959,2518912
2022-01-13,1849.9449462890625,1859.5772413933462,1804.6782890172678,1830.630521049596,1881069
2022-01-14,1866.8140869140625,1886.9769279260302,1827.7359866177378,1846.6012890207276,2357616
2022-01-17,1874.3502197265625,1897.906838256128,1852.2408885688835,1872.5534778856938,1700525
2022-01-18,1837.5677490234375,1904.9936945753554,1826.6878720329576,1881.5368688889416,2294146
2022-01-19,1845.902587890625,1853.5883930166253,1807.9224431078958,1836.420040915042,1544606
2022-01-20,1862.4219970703125,1876.8953573676959,1840.3126671433768,1851.5919552859614,1252017
2022-01-21,1824.9910888671875,1869.5590861113978,1807.4234464368467,1857.431382673178,1929667
2022-01-24,1712.647705078125,1824.0924792823334,1693.4330720296698,1818.652541001836,2381112
2022-01-25,1738.20068359375,1747.3338973691284,1664.935511419855,1664.935511419855,1817963
2022-01-27,1682.902587890625,1722.379977881166,1651.4604576898216,1714.8437995231873,3549583
2022-01-28,1690.5882568359375,1740.8956854685619,1680.8561697016457,1699.3721380647924,1624750
2022-01-31,1711.7991943359375,1730.814243850217,1701.8675235090082,1705.8102177136184,1024738
2022-02-01,1743.690673828125,1761.8571886137495,1696.0283986482846,1724.7754150732083,1574361
2022-02-02,1776.0810546875,1782.718862053719,1743.7905106426915,1751.7758134962355,1405276
2022-02-03,1748.6314697265625,1783.7169163736298,1743.1915312270194,1768.6945175560722,588866
2022-02-04,1754.071533203125,1766.7481519959779,1730.5147936996764,1754.7701984231237,855996
2022-02-07,1728.618408203125,1762.2564462610803,1718.9361558098938,1761.757364854606,854871
2022-02-08,1712.847412109375,1743.7904597640315,1673.9690187139597,1736.2044466437126,1480201
2022-02-09,1779.8740234375,1788.6079479485325,1714.9434844770635,1721.431542685259,1674022
2022-02-10,1782.8184814453125,1805.6764330208093,1762.7554343365114,1795.6948054198099,1747943
2022-02-11,1761.058837890625,1771.6393401693838,1740.147252209881,1760.7593402848072,1196002
2022-02-14,1660.8929443359375,1734.7071565930873,1649.9631104010996,1733.1101204803595,1919476
2022-02-15,1741.04541015625,1748.1822983251527,1624.8592394535533,1632.994290391644,2261554
2022-02-16,1734.9068603515625,1772.7372575019235,1726.8217654720313,1741.0455863725958,1663614
2022-02-17,1727.7698974609375,1758.7629019921237,1720.8327145484798,1746.7849480625518,1075487
2022-02-18,1733.1102294921875,1751.3765367956564,1721.8309403906278,1735.805220486552,945100
2022-02-21,1682.1038818359375,1735.6055047571026,1668.2295165576195,1735.6055047571026,1449291
2022-02-22,1664.6361083984375,1675.815605239312,1627.0054183204877,1633.0941872345632,1717579
2022-02-23,1685.59765625,1714.344796777176,1666.9320585839207,1678.910013495901,1285012
2022-02-24,1541.1134033203125,1645.5711645060933,1525.991334406598,1623.0127096392341,2798065
2022-02-25,1615.72607421875,1635.090456891146,1575.8994760101648,1591.071501818574,1741584
2022-02-28,1641.428955078125,1648.066762824989,1589.3248997092642,1600.8037732194896,1869037
2022-03-02,1638.7838134765625,1661.192520687936,1612.5320818214573,1634.9907459136782,1249817
2022-03-03,1640.7801513671875,1675.1168561354061,1631.9463126150908,1666.931969454946,1333325
2022-03-04,1612.032958984375,1652.458553311847,1598.2582632899284,1618.8205149185178,1433490
2022-03-07,1561.1766357421875,1589.0752383299755,1536.47210549805,1587.0789126536815,1508821
2022-03-08,1598.6575927734375,1604.4469860294823,1550.5461922447028,1572.006693473828,1396347
2022-03-09,1653.5067138671875,1666.881998547677,1605.045858879634,1606.642895066523,1498176
2022-03-10,1739.64794921875,1746.3855478771077,1675.1666590205643,1678.9097693863187,2294474
2022-03-11,1730.9141845703125,1753.772138346544,1718.037859356099,1746.7849983531314,1354129
2022-03-14,1732.910400390625,1749.230337685389,1719.2854538982829,1728.8179573089292,659190
2022-03-15,1698.274169921875,1750.977091339453,1683.5512689891714,1736.8032286714704,1085901
2022-03-16,1754.770263671875,1760.759240680994,1715.4925804896127,1720.8327272868673,1269866
2022-03-17,1816.3070068359375,1820.2497012518304,1756.7665700224995,1772.3378857057621,2392329
2022-03-21,1799.6375732421875,1838.5160874469857,1792.8501393033252,1832.6768594306118,1081052
2022-03-22,1828.18505859375,1833.6249969175005,1786.7113470235852,1799.6375060750884,964066
2022-03-23,1807.6728515625,1844.6548324656842,1797.5414746569245,1844.6548324656842,1553366
2022-03-24,1829.4327392578125,1836.1703378288546,1796.8427010597864,1811.665393546871,1030145
2022-03-25,1863.56982421875,1874.5496142918118,1818.6525011925885,1832.1776549755475,1366115
2022-03-28,1906.191650390625,1920.8647181975302,1847.6494935060957,1873.4519802236966,1895438
2022-03-29,1913.7276611328125,1927.3526079557776,1882.0359916890955,1915.7239867670626,1715098
2022-03-30,1991.5843505859375,2011.2980661223726,1913.7776081311852,1924.1584038988508,3215951
2022-03-31,2011.0484619140625,2038.2483976813578,1987.3420958783465,2001.3163748046634,2786973
2022-04-01,2039.8956298828125,2045.235777015325,2009.351869587959,2014.2927271922526,1267111
2022-04-04,2062.054443359375,2071.6866156203196,2028.266539600332,2046.2334676086027,1334265
2022-04-05,2135.918701171875,2185.776882802207,2063.8014410288897,2074.182236361566,4970260
2022-04-06,2156.03173828125,2178.8398566931487,2120.2974598065016,2149.7932205200195,2259018
2022-04-07,2095.193603515625,2210.880570662636,2077.4262575355833,2161.9705951098463,3499044
2022-04-08,2166.961669921875,2172.002441237618,2101.3824170107973,2111.1145051551293,1924054
2022-04-11,2176.194580078125,2195.9582530943944,2154.534495138296,2177.841694983206,1615715
2022-04-12,2192.91357421875,2214.9231112869884,2151.040696180018,2183.9800664695495,2632324
2022-04-13,2195.4091796875,2213.0766129755593,2169.456946202277,2205.9398462439617,992512
2022-04-18,2229.74609375,2235.8846975633483,2152.7876435132816,2175.7953450547516,1747434
2022-04-19,2164.31640625,2250.8570706030623,2136.1682645711194,2240.87544279551,1639219
2022-04-20,2179.9375,2203.893406119518,2157.9279625142767,2173.9984803462853,1119025
2022-04-21,2282.1494140625,2289.3361368505007,2199.850703504284,2211.928569796335,2243636
2022-04-22,2269.12353515625,2301.7634098797,2260.8387352027407,2292.7799447067086,1786042
2022-04-25,2280.00341796875,2290.78362494219,2238.479991723178,2255.7979700799274,1683622
2022-04-26,2390.899658203125,2409.465342045069,2290.883783730108,2292.780195775235,3199358
2022-04-27,2329.812255859375,2416.5025624762484,2320.728875472074,2400.531955161172,2559876
2022-04-28,2374.18017578125,2385.509177341715,2332.0077974971864,2355.5145801667213,1679893
2022-04-29,2327.715576171875,2389.7512947581135,2297.2716117322343,2384.6108539771053,1916180
2022-05-02,2335.201904296875,2357.9600652036925,2306.7542640863767,2320.728543488025,1006544
2022-05-04,2249.6591796875,2358.558585866679,2228.947303315509,2354.3663511948585,1744686
2022-05-05,2251.256103515625,2299.5673254283197,2231.891844204631,2265.829376719371,1636796
2022-05-06,2243.570556640625,2257.8443339268583,2195.9582381251494,2205.939866480264,1161579
2022-05-09,2193.612548828125,2240.0770794838204,2175.9950715286013,2225.4041339325768,1450886
2022-05-10,2105.624267578125,2215.9212486482284,2093.6463148827293,2185.9763669097388,1471866
2022-05-11,2115.406494140625,2153.7858054860617,2073.18415849591,2105.724363612115,1397917
2022-05-12,2041.4423828125,2109.7168603000323,2007.355222790081,2099.1362378014737,1553685
2022-05-13,2050.3759765625,2131.077534782746,2031.5607543793178,2080.6703144049807,1547617
2022-05-16,2102.03125,2138.015072933088,2053.8698878670602,2078.8239615110706,1742552
2022-05-17,2180.836181640625,2188.2224891905885,2115.506228713391,2129.1312977145794,1061085
2022-05-18,2177.093017578125,2212.8270514721075,2168.009638466827,2195.658699758579,1296983
2022-05-19,2110.86474609375,2150.791257427832,2093.746351836097,2141.0591702901497,986930
2022-05-20,2215.472412109375,2228.2986585725016,2147.048299705311,2155.033602540105,1444803
2022-05-23,2166.661865234375,2240.875362811442,2151.689424057461,2227.649706438501,1455450
2022-05-24,2156.2314453125,2174.897042782184,2138.6139676250095,2157.030024369986,1008943
2022-05-25,2070.33935546875,2177.442276854308,2062.4040096354574,2164.0170354053653,1382448
2022-05-26,2042.6405029296875,2084.1640535742163,1902.6979967228679,2073.184262104237,4967514
2022-05-27,2076.328125,2090.45227397853,2043.937792843108,2076.1784980659118,1354005
2022-05-30,2161.67138671875,2171.004307309778,2098.1384156161625,2116.105347814588,1384584
2022-05-31,2163.567626953125,2221.710604707275,2146.448990291813,2156.0314497676072,2861556
2022-06-01,2146.948486328125,2185.2780879425804,2122.0943275695604,2165.9635383309883,1448212
2022-06-02,2205.3408203125,2213.9251179762605,2138.3642418135055,2151.0408607929853,1855167
2022-06-03,2185.9765625,2238.1305695276824,2172.052239984138,2230.893889126712,1651685
2022-06-06,2220.96240234375,2225.9032599446664,2164.2167441817683,2184.479499725965,1664487
2022-06-07,2223.45751953125,2250.557541168253,2202.995182815462,2205.939714238586,2046676
2022-06-08,2173.2001953125,2240.825731108224,2154.5845548913335,2240.825731108224,1530739
2022-06-09,2215.122802734375,2219.914032838631,2151.0408007046985,2156.3311122012296,1440385
2022-06-10,2199.052490234375,2210.9305296890548,2167.0113679254796,2185.9764605052055,1305761
2022-06-13,2075.928955078125,2168.5085490598517,2062.952839479608,2168.5085490598517,1764172
2022-06-14,2192.41455078125,2269.822121745417,2049.328065003444,2269.822121745417,6515102
2022-06-15,2180.586669921875,2215.6220399076665,2170.205630017412,2214.3243794580953,1313510
2022-06-16,2079.173095703125,2213.2264074050227,2072.235913037252,2200.9489563251996,2131789
2022-06-17,2091.94970703125,2133.4731345276923,2056.36505594046,2058.211754652074,2280135
2022-06-20,2076.029052734375,2119.399178819111,2021.2797242092033,2103.4285735907915,2603594
2022-06-21,2157.828369140625,2173.0003948170997,2087.807103175065,2096.141859952186,1331500
2022-06-22,2085.362060546875,2146.0004619153806,2073.284434637729,2146.0004619153806,1774137
2022-06-23,2106.472900390625,2124.0903758146987,2076.178562826397,2101.1326320911376,1026783
2022-06-24,2157.47900390625,2164.0170191925067,2104.7262444645326,2117.103366101156,1156536
2022-06-27,2177.592041015625,2206.937929576579,2165.364546833213,2184.9783481877575,1202504
2022-06-28,2200.5498046875,2206.189327026386,2156.031646364436,2166.0132743568633,1282047
2022-06-29,2216.021484375,2243.6705471257364,2173.200151051979,2180.985870173629,1692493
2022-06-30,2186.875,2244.369280513345,2176.494203317478,2215.921637865077,1568415
2022-07-01,2228.09912109375,2237.8811660083006,2134.321767715098,2185.876782737955,2141743
2022-07-04,2257.69482421875,2272.8168944851864,2224.2563674926832,2228.099148393696,1581159
2022-07-05,2242.32275390625,2286.491457423812,2233.888327057698,2259.8405596329885,1356776
2022-07-06,2268.674560546875,2272.816838951301,2232.3912430015744,2240.875627336702,1045463
2022-07-07,2270.121826171875,2290.733791617252,2251.85539721667,2275.8113056976986,946131
2022-07-08,2288.837158203125,2299.3678240257095,2259.7405676273547,2281.800062029317,898576
2022-07-11,2368.889892578125,2380.2191379663755,2286.84095820481,2288.8372838279665,1967308
2022-07-12,2361.303955078125,2385.4097352076246,2345.8324302056367,2360.056251459376,1273008
2022-07-13,2349.17626953125,2380.2689448591245,2329.4125963455303,2369.139526548724,982185
2022-07-14,2379.733154296875,2400.603528385611,2333.1988952050665,2361.6586292146294,933554
2022-07-15,2401.851806640625,2419.526750908214,2373.641718900225,2411.08873802465,1169788
2022-07-18,2420.17578125,2438.399995735932,2402.6505289715165,2420.575118569777,937204
2022-07-19,2447.836669921875,2455.825366927261,2401.6020372440685,2403.549233379994,843301
2022-07-20,2447.636962890625,2469.3062544189434,2440.5468968912037,2458.521464871581,693601
2022-07-21,2491.974365234375,2495.4194423257886,2447.786881499003,2450.3333276259445,1314165
2022-07-22,2495.86865234375,2510.498100527815,2479.591876658231,2501.960131543294,833522
2022-07-25,2546.99658203125,2558.53006902877,2496.4679727446187,2501.4609086901078,1220351
2022-07-26,2556.08349609375,2564.9710680652665,2529.421267770585,2551.3901852166778,865142
2022-07-27,2545.09912109375,2568.8655449627495,2524.4284150304493,2556.383205094126,953588
2022-07-28,2546.79638671875,2562.024839661274,2528.02314468516,2556.282963961634,759442
2022-07-29,2565.570068359375,2618.2955188715327,2556.3831152979114,2561.3760510699776,1107195
2022-08-01,2656.3916015625,2665.6285330199357,2565.570145883395,2572.2108969383225,1267039
2022-08-02,2679.858154296875,2693.189389505132,2636.269925210808,2656.2416670684656,1096480
2022-08-03,2707.56884765625,2713.1610326912896,2667.4256967414085,2681.2062468811605,815831
2022-08-04,2719.751953125,2740.0230764424045,2680.457452787619,2721.149877562172,1223799
2022-08-05,2694.587646484375,2763.7398112013125,2681.2066753065283,2756.100716516208,1639981
2022-08-08,2787.955322265625,2803.683069628208,2691.8413106053936,2696.1852621571434,1581696
2022-08-10,2823.205322265625,2830.8943939637948,2777.6199199298753,2797.79133003276,1304663
2022-08-11,2830.0458984375,2844.375477444711,2811.1227211239125,2836.986030216908,978616
2022-08-12,2860.5029296875,2867.093458739236,2830.046020969441,2835.987565878251,843025
2022-08-16,2971.6455078125,2981.781069320889,2866.943553255282,2874.9322500250632,1969492
2022-08-17,3004.399169921875,3024.2712007395535,2975.7897452251523,2981.781268202116,1510171
2022-08-18,3149.1943359375,3181.4987284543654,2999.755863238203,3000.75445040972,3502295
2022-08-19,3125.77734375,3254.2954569025387,3070.9050304497227,3173.509856684568,6109949
2022-08-22,3047.28857421875,3187.2904406625908,3024.920076296926,3129.572055963852,3473580
2022-08-23,3026.3681640625,3069.6570161844215,2923.26403689235,3028.365338438677,4169136
2022-08-24,3130.220947265625,3148.545118020712,2981.781072759228,3033.707601822684,3475387
2022-08-25,3062.017822265625,3173.3103120044048,3051.3827227804677,3162.525521964176,3119494
2022-08-26,3135.1142578125,3168.466970277307,3073.651171494721,3075.648345745205,2897602
2022-08-29,3138.16015625,3161.9763141158874,3033.5581495828624,3050.6838221298954,1924984
2022-08-30,3189.836669921875,3258.4895302386053,3156.5336939808735,3160.5280422174833,4392183
2022-09-01,3228.681884765625,3240.415283712813,3179.9008052413797,3195.4788622129436,1880363
2022-09-02,3351.058837890625,3364.6394769794965,3220.443588696896,3256.392726431187,4835905
2022-09-05,3341.82177734375,3426.9513293784835,3308.3191306870726,3369.332901276575,3686950
2022-09-06,3430.945556640625,3442.7289330070134,3350.259671384364,3365.2384776647714,2580772
2022-09-07,3468.842041015625,3483.0219294950402,3401.2877192248798,3430.9457082111658,2188110
2022-09-08,3457.907470703125,3496.5527428488153,3445.125507019395,3494.0562750901054,1560414
2022-09-09,3446.32373046875,3502.9935480600757,3410.3246169665786,3474.084500444429,1614634
2022-09-12,3458.90625,3490.5614141802157,3453.01443948466,3460.104505831626,1647756
2022-09-13,3550.776123046875,3563.857468015646,3416.466155671966,3473.0859965050777,3479669
2022-09-14,3567.05322265625,3602.9024034875315,3506.0394508438812,3513.0295608284746,2740337
2022-09-15,3743.403564453125,3762.626366905798,3569.949026925024,3584.9278340310034,4716688
2022-09-16,3696.968994140625,3861.486213582507,3609.492913267139,3749.694440086596,5687429
2022-09-19,3773.31103515625,3796.578163266825,3675.549455914611,3713.695434246676,3092486
2022-09-20,3829.132568359375,3879.5112434697453,3806.6143784058354,3813.6044887544294,3338704
2022-09-21,3634.957275390625,3857.3425906358184,3566.2044508328386,3832.2279768922617,6089846
2022-09-22,3711.049560546875,3730.6717009821064,3602.952499047259,3633.8587232988643,3490772
2022-09-23,3669.10888671875,3732.6188844399803,3649.8361055826626,3726.7273176564972,3001474
2022-09-26,3581.13330078125,3652.8319091569756,3527.009924314499,3641.148487895028,3123908
2022-09-27,3554.071533203125,3624.4219473823705,3480.925026315452,3590.9193005879924,3546332
2022-09-28,3543.736083984375,3591.8679349781214,3498.0507227044072,3523.0154009994717,2259832
2022-09-29,3465.796142578125,3659.572014925872,3438.7345788877305,3578.436814376659,15060223
2022-09-30,3450.86767578125,3518.821582700533,3366.337367814503,3443.0786469537907,4307707
2022-10-03,3152.83935546875,3455.1616245297623,3105.8058017233075,3435.1399027906946,7578847
2022-10-04,3233.125732421875,3286.550147683692,3120.585003610796,3225.4366597321186,5642467
2022-10-06,3280.35888671875,3314.1111821661984,3203.517651967081,3265.380079016838,2845165
2022-10-07,3272.96923828125,3306.271972417693,3223.588910217266,3275.3657498482316,1930275
2022-10-10,3241.66357421875,3274.1176569795075,3209.8087412733917,3229.430881485849,1590792
2022-10-11,3269.32421875,3333.2837718796854,3244.4095191243555,3252.947487670661,2544394
2022-10-12,3219.09521484375,3292.341676316469,3140.5564367653305,3292.341676316469,2972601
2022-10-13,3229.081298828125,3258.190261057639,3184.4944792877027,3213.453507164574,1840193
2022-10-14,3204.96533203125,3300.330401110229,3190.336128376674,3267.3770264546656,1344415
2022-10-17,3208.06103515625,3230.4292888186696,3131.669121525762,3206.4631982679284,1985298
2022-10-18,3279.65966796875,3293.3402625074773,3221.5419473895186,3244.4094945078214,1635079
2022-10-19,3272.619873046875,3305.323603565537,3255.0446409597866,3295.3377316514416,1396513
2022-10-20,3352.35693359375,3360.2456743600064,3240.4152194051176,3255.3940262744786,2211287
2022-10-21,3307.220703125,3377.221760251083,3282.3559804687493,3370.1316939280214,1120790
2022-10-24,3305.123779296875,3335.381018531357,3282.7552809848835,3320.302255132629,248249
2022-10-25,3295.836669921875,3340.2737951488175,3289.3458538774903,3317.25631410921,879424
2022-10-27,3320.30224609375,3350.25986034422,3292.3418061266448,3315.159619832362,1106870
2022-10-28,3318.604736328125,3383.163298290285,3292.990829560792,3317.306524269303,1323334
2022-10-31,3342.720458984375,3355.2527762978393,3321.400769912395,3335.231055465853,575722
2022-11-01,3570.64794921875,3602.3530905717153,3347.2640571697507,3357.1499722308263,4393335
2022-11-02,3575.640869140625,3620.028018080442,3521.0182021712403,3574.941906912377,2534755
2022-11-03,3585.3271484375,3609.592864553123,3537.4449441207744,3544.9843257417006,1275216
2022-11-04,3827.833984375,3844.3606495670333,3561.7105233860384,3636.854202333203,6112097
2022-11-07,3955.00439453125,4008.0292263307388,3814.602942632317,3847.0070471423983,5985652
2022-11-09,3991.55224609375,4042.2805187542476,3937.478852977005,3971.380835742501,3732472
2022-11-10,3986.609619140625,4024.3062847108067,3956.5520478829435,3989.3557338510354,2313795
2022-11-11,4003.18603515625,4043.229232006991,3969.5334544982925,4034.2919261277993,1476875
2022-11-14,4016.86669921875,4072.2383066896127,3984.3626394535445,3993.349923602688,1803092
2022-11-15,4052.06689453125,4059.256673089763,4016.3174266093542,4019.363166107218,1065546
2022-11-16,3951.009765625,4090.2127080233445,3858.091188427981,4051.5674365186846,3059841
2022-11-17,4012.472900390625,4027.3020172384313,3894.489924926824,3964.39102614346,2266112
2022-11-18,4014.12060546875,4037.2877781921898,3978.371137352877,4022.658574213923,1440776
2022-11-21,3996.1962890625,4014.2705711287067,3916.4090254007724,4014.2705711287067,1492003
2022-11-22,4028.300537109375,4050.2694542676313,3982.365528505748,3996.1960579622896,1705043
2022-11-23,3897.78515625,4056.111192966167,3867.5279177393777,4044.2778380698373,2861156
2022-11-24,3915.560302734375,3929.4405670667247,3815.6016281478924,3904.4758874792615,2797181
2022-11-25,3895.58837890625,3944.3192361707775,3839.867167884815,3923.448862519124,2506346
2022-11-28,3880.659423828125,3919.45463280744,3865.9302631061096,3893.8907037987487,1119166
2022-11-29,3872.920166015625,3909.4685519119253,3858.590587204928,3879.5109384873126,1513444
2022-11-30,3912.3642578125,3934.333173766781,3861.536272509275,3892.2928036044036,1968428
2022-12-01,3909.568603515625,3939.3762833228643,3896.9363299360066,3931.93685790007,945838
2022-12-02,3916.958251953125,3958.1999516506116,3879.5112323359826,3899.482976131792,1297832
2022-12-05,3924.846923828125,3933.4348710267363,3804.6671039394937,3923.3490430699276,2392866
2022-12-06,4026.103515625,4051.26786176765,3903.4769710746227,3914.461429166672,2962621
2022-12-07,3993.649658203125,4052.16671921534,3978.9204976652063,4025.3048222610732,1257261
2022-12-08,4019.313232421875,4039.2849751916733,3997.693918391844,4004.3344253445266,895075
2022-12-09,3991.153076171875,4088.2156961138285,3935.9311593142784,4038.286339786107,2129800
2022-12-12,4011.02490234375,4026.2033780591223,3963.1426979086277,3991.3527845142135,802499
2022-12-13,4054.46337890625,4066.246755690226,4005.9321911152556,4022.1092537122536,1215308
2022-12-14,4050.06982421875,4086.26860851788,4034.2920984409566,4070.2412359518166,1114492
2022-12-15,4038.036865234375,4067.2955180494937,4019.313355812886,4050.069889381724,866138
2022-12-16,3975.17578125,4042.1808328348584,3938.4777034342246,4013.221805442818,1598960
2022-12-19,4069.542236328125,4098.201638599152,3965.8388639149853,3982.365529905803,1643404
2022-12-20,4159.41455078125,4166.105279224021,4060.6543865269264,4089.214074406127,3778426
2022-12-21,3896.437255859375,4184.080346070959,3877.7637240763847,4169.101538149464,3585883
2022-12-22,3863.084228515625,3942.421925961566,3811.6569921460655,3942.421925961566,2879658
2022-12-23,3637.053955078125,3842.563232871831,3611.6899397806646,3816.5999677848595,3036157
2022-12-26,3711.498779296875,3739.6089099718342,3614.8854728068036,3647.8388486638823,2162662
2022-12-27,3764.323974609375,3792.53406176272,3689.829519058843,3727.1765811701266,1804911
2022-12-28,3792.33447265625,3819.595951342619,3739.7089771968913,3750.7434142599095,1377950
2022-12-29,3805.21630859375,3819.5958661007935,3742.80461143524,3784.6453156920284,1531692
2022-12-30,3852.89892578125,3892.492809768181,3816.650162554541,3824.289256928188,1528747
2023-01-02,3835.77294921875,3868.526656817229,3817.149396207951,3864.5323081782853,923051
2023-01-03,3825.537353515625,3847.4065581492728,3785.6438460495765,3836.4718339346045,799905
2023-01-04,3821.642822265625,3869.475046993198,3798.226003453465,3833.575889390369,1028377
2023-01-05,3824.388916015625,3836.970967170834,3751.5917703066557,3821.642801496602,997006
2023-01-06,3818.846923828125,3862.7847586057774,3791.6854019974417,3823.5902128098032,912159
2023-01-09,3849.85302734375,3874.5180808000146,3805.8652153219214,3837.5703568336226,753981
2023-01-10,3641.74755859375,3856.5937407406786,3549.977492521942,3853.548001024522,3595798
2023-01-11,3630.6630859375,3659.3224874140806,3555.070089998248,3654.8288453910586,2226506
2023-01-12,3642.046875,3673.801993998098,3606.8966573311036,3637.3535643213027,1199785
2023-01-13,3715.892578125,3730.771673347526,3637.054169218623,3646.0414538163386,1364712
2023-01-16,3614.685791015625,3734.6659387960167,3594.91371681401,3714.7441740411437,1863848
2023-01-17,3634.208251953125,3644.443770269021,3555.169932533935,3614.8854930287416,1668381
2023-01-18,3591.6181640625,3642.845730912594,3522.116648368548,3642.845730912594,3652240
2023-01-19,3458.656494140625,3532.701632124953,3421.8584609747327,3465.0973323537305,3696319
2023-01-20,3451.266845703125,3472.437088103446,3436.0883699372957,3445.1256323116277,1510258
2023-01-23,3431.494873046875,3455.1113604053626,3407.7284513462228,3438.185357846906,974857
2023-01-24,3437.136962890625,3503.043714648551,3425.153917116457,3442.579214087255,1518123
2023-01-25,3384.16162109375,3423.1564951550445,3310.3161556123023,3417.1649727014474,3686439
2023-01-27,2757.548583984375,3341.7720760745897,2708.168495536915,3330.2883232358454,14764368
2023-01-30,2888.762939453125,3033.2584515519547,2661.2347594090156,2845.973382482437,20947906
2023-01-31,2969.697998046875,3069.2573242337016,2901.894033327384,2975.7894767087423,11568020
2023-02-01,2132.3330078125,3006.496035623367,1938.4571809517613,2990.7682891943814,13525314
2023-02-02,1563.03857421875,2345.5315813411253,1492.638178446559,2345.5315813411253,34474080
2023-02-03,1584.5582275390625,1677.526672055642,1016.0125651262808,1487.8949372208742,43885579
2023-02-06,1570.4779052734375,1612.718188950599,1433.1721771120087,1572.774704394547,19308603
2023-02-07,1800.402587890625,1959.926879304585,1523.4444762848295,1568.7803556264873,19188072
2023-02-08,2161.192138671875,2219.0102344441666,1838.2490450320624,1867.2080710325174,19173006
2023-02-09,1922.9791259765625,2164.936828595832,1728.953725962051,2164.936828595832,18279862
2023-02-10,1844.3404541015625,1987.1883920478588,1730.701311654818,1766.5006359460613,11334878
2023-02-13,1715.2232666015625,1918.9849042743685,1659.9015133371222,1847.3862533756512,12210940
2023-02-14,1747.227783203125,1886.3310136461732,1609.0732836345994,1732.5486017343096,14579030
2023-02-15,1776.5863037109375,1821.82234857063,1747.5274431782277,1777.4850564898543,7636578
2023-02-16,1794.0615234375,1872.3007967710948,1787.470873089475,1817.4284854876225,5578515
2023-02-17,1720.2659912109375,1813.2844062697957,1700.7935422764647,1797.4568247205748,5392513
2023-02-20,1619.1590576171875,1682.619318661758,1558.2952206360078,1647.6687690159647,6762330
2023-02-21,1568.880126953125,1642.1264644221053,1559.0940467705484,1623.7025816733228,5571915
2023-02-22,1402.8651123046875,1557.795930688287,1379.2485021810303,1532.831252311872,10606476
2023-02-23,1380.696533203125,1435.968307010649,1348.0926387095801,1378.0502529031262,8907540
2023-02-24,1313.791259765625,1424.9839188962874,1259.8175734337137,1408.0079366809846,8736727
2023-02-27,1191.8138427734375,1311.9439336655028,1129.452119868397,1298.1633813200408,10271008
2023-02-28,1361.9229736328125,1396.0247470185925,1102.190496796689,1143.3822141175167,33948366
2023-03-01,1562.0899658203125,1577.767735700731,1409.0065032112225,1421.9881364796463,20114340
2023-03-02,1604.9791259765625,1643.6743763306404,1405.9108107926352,1497.7808245365106,26970925
2023-03-03,1876.8446044921875,1903.2571866395754,1683.1186916049917,1686.4639342778555,22888891
2023-03-06,1980.098388671875,2131.9834624862956,1852.3790739635028,1963.921204482924,27180456
2023-03-08,2036.768310546875,2085.0499750042086,1938.2576635455791,2037.1177916707786,13568243
2023-03-09,1950.390380859375,2065.926979223848,1902.6578696474155,2046.9038465792253,12627794
2023-03-10,1893.5208740234375,1937.2590392354157,1818.0277111008427,1867.3579398815605,9419942
2023-03-13,1871.751708984375,1982.1954193024658,1854.7757280633969,1914.2914956185525,7572604
2023-03-14,1735.744140625,1872.2010994651275,1649.0168707645437,1871.3523247646274,12679663
2023-03-15,1836.4017333984375,1888.7775796456885,1725.658396221758,1758.412102868589,12296703
2023-03-16,1841.1949462890625,1872.3508150930754,1792.4638469824376,1858.3705956737138,6509495
2023-03-17,1873.898681640625,1916.1388430658212,1842.3932097020313,1898.3140876116865,5969594
2023-03-20,1802.3997802734375,1847.3362008426866,1774.888778152525,1834.4045463491173,5168139
2023-03-21,1821.672607421875,1858.3706851649222,1802.399826677953,1834.3546154610144,4094018
2023-03-22,1812.835205078125,1847.386297395795,1803.598273591146,1831.408902391291,3248124
2023-03-23,1791.46533203125,1831.408817695269,1777.4851120488433,1791.46533203125,4108804
2023-03-24,1738.190673828125,1820.4242977880215,1692.8547947477473,1793.462445873443,6187968
2023-03-27,1720.6156005859375,1754.917044071637,1679.6235502003296,1738.1907096686316,5053055
2023-03-28,1598.588134765625,1730.5514444192893,1570.777508408276,1725.508530804806,8144878
2023-03-29,1737.9410400390625,1753.5189746598896,1588.851934949219,1600.6851678872588,9332702
2023-03-31,1747.9766845703125,1822.4213992551859,1737.541498467958,1785.4736777360397,4893249
2023-04-03,1715.0233154296875,1752.4703305725336,1693.104377991876,1747.976688755392,3445796
2023-04-05,1695.60107421875,1735.4945843023884,1669.1884914036355,1715.023546598334,3690559
2023-04-06,1751.57177734375,1791.1158027073195,1685.764862103758,1702.591030607318,6012473
2023-04-10,1794.7108154296875,1810.1389386546282,1758.1125707772017,1771.4936634148091,4197975
2023-04-11,1800.6025390625,1826.4159938746518,1790.3170421147815,1807.4428370219355,2883672
2023-04-12,1844.6400146484375,1856.1237662621645,1794.510991145913,1811.4369936783141,4809035
2023-04-13,1868.1068115234375,1882.3366776542455,1823.4700170511967,1852.3790647472813,3402280
2023-04-17,1876.0955810546875,1902.208659030839,1844.3904394986068,1868.1068839696907,2983032
2023-04-18,1848.3348388671875,1900.0617020616394,1827.4144868074102,1889.326890185585,2542401
2023-04-19,1851.230712890625,1875.0469913855577,1832.4073700087952,1844.3904154802424,2455884
2023-04-20,1840.2962646484375,1876.2454016877123,1834.2547636924219,1852.3791446626249,2016823
2023-04-21,1800.45263671875,1850.6316411530913,1793.512504765079,1843.3918842944051,2090833
2023-04-24,1799.404052734375,1814.8322972252695,1773.291096475323,1801.4512051357126,1963582
2023-04-25,1841.993896484375,1911.0462246846876,1799.2544381187063,1803.4484555352296,5364841
2023-04-26,1845.289306640625,1871.352408115816,1823.8196818943657,1851.3806641658073,2422711
2023-04-27,1850.4320068359375,1862.3150966580513,1829.960969820976,1845.3890928609173,1782360
2023-04-28,1922.230224609375,1941.2533579720962,1854.5260911274481,1865.4107150964692,6159130
2023-05-02,1917.137451171875,1963.2222709764499,1905.3042182212953,1932.2660703659362,3813963
2023-05-03,1836.4017333984375,1937.2590336013968,1782.8275094556138,1916.2887038562271,5849432
2023-05-04,1908.5496826171875,1932.2661273325089,1836.451739441748,1836.451739441748,4842127
2023-05-05,1917.5869140625,1952.237838706491,1900.4611204073221,1952.0381700396736,6137744
2023-05-08,1884.833251953125,1924.1776101747885,1873.3494996895695,1917.5869593422303,2835197
2023-05-09,1893.4210205078125,1927.2731483743712,1886.4309106432422,1897.31553466907,2700563
2023-05-10,1889.476806640625,1912.1946655822728,1881.2883184108582,1896.3171046237046,1970906
2023-05-11,1981.845947265625,2010.9048080073546,1907.3013945594278,1922.2802013229834,8835941
2023-05-12,1961.924072265625,2007.1601177074217,1943.7998134971376,2006.161530584184,3816201
2023-05-15,1913.343017578125,1961.9241864323533,1877.3439009314434,1957.1310411005998,4836782
2023-05-16,1886.48095703125,1932.266153921606,1878.342447300538,1924.2774566444107,3058799
2023-05-17,1896.8162841796875,1917.2373425600465,1855.1252708264358,1897.3155777527804,3632797
2023-05-18,1887.3297119140625,1921.2816749855324,1874.5477476456651,1907.3514330138764,2437396
2023-05-19,1953.286376953125,1980.1982509693921,1869.4549154287015,1885.3324749521998,7541150
2023-05-22,2322.8134765625,2343.683848766954,1980.5976151952366,2007.1600068264072,26311368
2023-05-23,2629.97900390625,2755.5513416336576,2396.6092289922676,2407.4937317223284,28432888
2023-05-24,2472.1025390625,2746.1147658129767,2421.9235328871905,2705.172691122674,23465761
2023-05-25,2533.86474609375,2555.184677843279,2383.277765153167,2436.5524835724996,8434009
2023-05-26,2540.75537109375,2596.2766716341034,2531.568174065763,2561.3760986975394,3963515
2023-05-29,2530.4697265625,2579.8498106213333,2519.43529018681,2566.3688845739607,2779432
2023-05-30,2492.9228515625,2550.5412815826517,2471.652896425565,2525.7265370859704,1736953
2023-05-31,2489.8271484375,2569.3645104037478,2424.5693864206373,2478.4930877660713,4268439
2023-06-01,2488.62890625,2556.3831429275087,2481.7887304457554,2496.367956780347,1704946
2023-06-02,2441.595458984375,2535.312712862235,2421.5737386949977,2531.4183206564203,5543791
2023-06-05,2430.51123046875,2510.4481833969126,2424.5696854764133,2459.7199056335708,2956768
2023-06-06,2430.21142578125,2503.407909795191,2422.4723756690437,2471.5031003498116,6473608
2023-06-07,2436.103271484375,2463.4644612127945,2431.5596513028854,2449.534219567137,2522516
2023-06-08,2425.7177734375,2472.4017206894946,2365.702834584537,2446.5384121366083,3781621
2023-06-09,2447.686767578125,2455.425817903277,2424.5695728348164,2444.491337493329,1948506
2023-06-12,2481.289306640625,2501.4607175600167,2429.1631081116843,2456.524297484088,2804898
2023-06-13,2459.07080078125,2501.4607759498863,2438.7494550431825,2495.46925313324,2210990
2023-06-14,2453.67822265625,2481.2893025570947,2448.8851995592513,2466.4102083234766,1364403
2023-06-15,2482.13818359375,2523.429861955667,2459.420324725728,2465.5118041822484,3744029
2023-06-16,2506.05419921875,2523.329560429989,2483.885371309345,2495.668747451355,7999982
2023-06-19,2398.007080078125,2518.0374503237585,2346.6797981808704,2500.46221899783,11475674
2023-06-20,2411.388427734375,2431.5598404856282,2386.6234163288095,2431.5598404856282,2479711
2023-06-21,2402.550537109375,2436.552475953018,2389.7188394048135,2423.271219025779,7418013
2023-06-22,2393.863037109375,2446.488530974354,2356.665665899729,2421.6737866595613,8459191
2023-06-23,2230.394287109375,2388.919990737277,2160.2435426693114,2388.919990737277,15213238
2023-06-26,2292.35693359375,2333.1490754996676,2169.980020284578,2206.9277476477046,7847341
2023-06-27,2281.22216796875,2340.538385805449,2267.7912207266627,2325.6592922850587,3361053
2023-06-28,2398.6064453125,2415.1830902879783,2290.6093375599453,2296.750551298397,28353193
2023-06-30,2384.676025390625,2434.5054252588848,2346.679736640354,2434.5054252588848,5125497
2023-07-03,2382.129638671875,2414.434030388866,2369.8469680071976,2401.6020880343153,2662358
2023-07-04,2384.326416015625,2410.589306012596,2369.6972122360175,2393.613324984338,2308684
2023-07-05,2395.76025390625,2408.642174367594,2370.6458847015924,2387.621866184291,2198481
2023-07-06,2399.5048828125,2424.170179606993,2386.6232065381614,2395.7601811286013,2476366
2023-07-07,2377.42529296875,2407.7474086288607,2365.9358032447963,2392.81112077122,1823645
2023-07-10,2408.047119140625,2460.4491329642947,2352.8476156316447,2390.613116589612,3771285
2023-07-11,2420.685302734375,2442.715197189026,2385.8172998966766,2421.5346233771234,2247776
2023-07-12,2385.717529296875,2429.777322556615,2378.2743868579046,2427.6791442423428,1445282
2023-07-13,2359.891357421875,2403.5013678636224,2353.3972978100337,2394.8093676281974,1247741
2023-07-14,2373.928466796875,2382.8202350966953,2337.8613627363807,2372.829374572181,1353535
2023-07-17,2406.3486328125,2457.2520157021177,2389.114399321603,2397.7063925665766,3090373
2023-07-18,2414.69091796875,2507.70592452924,2403.001660251454,2412.792752086898,5978272
2023-07-19,2421.534912109375,2440.767319353565,2414.691074821714,2426.4303363863496,1637260
2023-07-20,2417.53857421875,2431.6755448716867,2397.8066238764336,2426.7301174934423,1564275
2023-07-21,2414.091552734375,2455.603624854857,2393.1107467156817,2407.797262145271,2280563
2023-07-24,2415.98974609375,2437.170320770429,2409.845464685268,2427.7790098220617,1113193
2023-07-25,2464.3955078125,2476.734318097733,2413.791896943979,2425.7809295446937,3017555
2023-07-26,2468.49169921875,2503.709480215395,2443.7643210721694,2470.1900966109793,4021773
2023-07-27,2426.180419921875,2482.7287868390063,2412.792764674527,2468.49181089838,2243944
2023-07-28,2460.94873046875,2479.3818194642395,2428.8782143419826,2434.772724520027,2339800
2023-07-31,2489.922119140625,2515.6985871250054,2464.745200332561,2474.7360604879423,3359974
2023-08-01,2478.83251953125,2511.7023533183387,2453.0060473288986,2502.560813441875,1575727
2023-08-02,2471.289306640625,2511.702287907185,2448.759867804499,2490.72148120629,2506971
2023-08-03,2530.285400390625,2547.669399905336,2459.7498284576222,2467.642510600137,4720470
2023-08-04,2539.476806640625,2555.561944656139,2499.713135635588,2542.9736075897554,3294056
2023-08-07,2548.1689453125,2566.652037054622,2514.100013777593,2548.6184852470537,4684333
2023-08-08,2472.288330078125,2560.907210211334,2459.0504404710637,2560.907210211334,6127920
2023-08-09,2504.80859375,2514.5994413596623,2469.74057778485,2486.0757313578215,5781400
2023-08-10,2550.067138671875,2575.144296115692,2507.7059876820126,2507.7059876820126,8140756
2023-08-11,2537.178955078125,2565.8026720663534,2515.8983740074987,2547.7193614028997,7157372
2023-08-14,2453.75537109375,2482.678863838412,2397.8565546440673,2477.733436609324,9786919
2023-08-16,2442.865478515625,2462.747193995485,2417.7883202714293,2447.760902754133,7084828
2023-08-17,2477.43359375,2484.92673901717,2439.8181020758025,2452.7062143683393,7769452
2023-08-18,2575.044189453125,2663.5133045886164,2459.05044982432,2475.235594433283,14679923
2023-08-21,2637.33740234375,2652.5734646169735,2578.141553839586,2585.6346992198596,10479200
2023-08-22,2695.584228515625,2718.5132051115115,2651.6744443830457,2666.41096396239,10291468
2023-08-23,2527.987548828125,2719.9118378246485,2486.575479729615,2717.5141288074065,5251316
2023-08-24,2537.22900390625,2610.61182482556,2528.7867756442924,2577.6419854764426,4558367
2023-08-25,2493.468994140625,2546.6703259799474,2483.7279052122985,2546.6703259799474,2808721
2023-08-28,2470.1904296875,2579.640362964722,2453.40573408068,2547.6696071107826,4457038
2023-08-29,2504.1591796875,2534.3315295953075,2442.765390736536,2469.8407202417584,4802150
2023-08-30,2510.803466796875,2540.676044706362,2490.122188640677,2514.699805161586,6484593
2023-08-31,2417.0390625,2487.6744014270494,2381.57150572879,2447.7109571777987,6230369
2023-09-01,2447.810791015625,2463.296624571919,2377.8247654180377,2378.8238514539275,6764397
2023-09-04,2468.342041015625,2477.7333521219957,2447.8107743345035,2451.757115365878,5998454
2023-09-05,2491.7705078125,2499.113643623099,2461.7479244792466,2479.7314726288514,6489319
2023-09-06,2494.21826171875,2501.71140690717,2468.741568078122,2491.770549740697,7416248
2023-09-07,2507.20654296875,2517.696946914226,2482.7289337626394,2495.717052933229,4298988
2023-09-08,2516.99755859375,2536.2799683264566,2503.809671391263,2511.5025852662557,5640973
2023-09-11,2612.559814453125,2627.8458786126384,2543.6728854473063,2562.655518920794,9148241
2023-09-12,2533.38232421875,2624.1993880696937,2527.687582795947,2620.053034814619,5658774
2023-09-13,2516.59765625,2564.6037878755733,2493.7186841586467,2543.373210135841,1780068
2023-09-14,2517.497314453125,2542.674236498606,2503.7598799730245,2539.5272127119893,1218481
2023-09-15,2537.728515625,2555.662061054138,2511.9020442197525,2517.4970235466785,1547001
2023-09-18,2500.162841796875,2552.6648626077863,2488.723355286104,2549.6676044520823,861677
2023-09-20,2468.042236328125,2531.334189148161,2456.65250938499,2500.1127511200793,1203019
2023-09-21,2476.98388671875,2501.5114960221376,2458.7505677986665,2477.5334327847677,1279908
2023-09-22,2462.64697265625,2495.716816673154,2457.75154884546,2487.67412562616,865589
2023-09-25,2479.83154296875,2486.725139037495,2421.784546816749,2477.683361644801,1216898
2023-09-26,2455.70361328125,2496.7161461786495,2450.3586490346906,2488.7234574353806,698863
2023-09-27,2481.030517578125,2495.717034208099,2442.8654780082425,2457.751763071227,1077373
2023-09-28,2472.98779296875,2508.705119945271,2444.4638369074974,2487.674309403568,2225560
2023-09-29,2411.693603515625,2477.2837459206617,2402.8518387452796,2459.7997408794645,1689201
2023-10-03,2385.068115234375,2422.6836065410107,2369.832053340009,2415.790010529571,2019899
2023-10-04,2462.697021484375,2500.46252159797,2390.0635170483442,2400.0043741043837,2857377
2023-10-05,2464.095947265625,2484.227433363327,2444.1639856745255,2475.6851989553543,1132455
2023-10-06,2475.835205078125,2512.651379179504,2463.7961695525632,2464.095944147067,1510035
2023-10-09,2440.36767578125,2457.451900833139,2409.09623372906,2437.769954492253,1408224
2023-10-10,2496.016845703125,2515.648789948344,2440.7673357381586,2440.7673357381586,1771910
2023-10-11,2486.32568359375,2535.6804377304084,2480.23116101881,2531.5840872892195,1627836
2023-10-12,2504.0595703125,2519.4453988453156,2488.373723245562,2497.615269766557,1804818
2023-10-13,2452.306640625,2492.7196213744064,2420.136119545469,2486.6250990818075,2278682
2023-10-16,2427.1298828125,2462.447429634423,2419.636737160642,2452.3068034192424,803856
2023-10-17,2426.180419921875,2459.7498081278204,2421.2849959373566,2457.7016329809344,707543
2023-10-18,2404.15087890625,2439.518428464319,2398.85567391476,2437.7700278296056,776977
2023-10-19,2400.004638671875,2412.4932152238657,2380.37269389915,2397.8066979822265,1168822
2023-10-20,2391.562255859375,2441.7163272823054,2379.8729977421726,2395.858374700397,1240350
2023-10-23,2306.539794921875,2410.145208192474,2299.6962021765503,2395.6084581178716,1483549
2023-10-25,2254.93701171875,2345.9038371601937,2233.256895170256,2317.879427198715,1540819
2023-10-26,2201.186279296875,2246.9444679796466,2165.069417096211,2246.9444679796466,2226073
2023-10-27,2259.633056640625,2272.9209509837247,2209.978524648791,2219.9693859717963,1244293
2023-10-30,2296.998779296875,2302.8932892816206,2247.943557867092,2257.984421209062,996448
2023-10-31,2292.552734375,2317.8796636111983,2273.9198768875376,2317.8796636111983,1155280
2023-11-01,2215.2734375,2310.136604455751,2204.9828029122464,2296.898714950274,1666579
2023-11-02,2213.275390625,2295.849755660449,2202.1854378264575,2244.9463698451013,2340997
2023-11-03,2227.81201171875,2276.9169909867733,2212.9754870713923,2213.2752616544917,1853300
2023-11-06,2243.947265625,2257.934470308326,2230.959146990483,2251.889950929533,770061
2023-11-07,2231.308837890625,2257.9343824888206,2224.614766489968,2254.9371244589684,641554
2023-11-08,2257.884521484375,2295.899795338647,2232.957372751034,2243.248008084572,1169180
2023-11-09,2212.625732421875,2270.52296178152,2208.0800862145884,2266.9261545818713,1267890
2023-11-10,2203.084716796875,2234.9554637963083,2196.490651388549,2218.220772683842,1072597
2023-11-13,2211.626708984375,2239.8508895391496,2193.5433980590665,2213.4751157204446,853633
2023-11-15,2223.3662109375,2247.9438276872197,2218.4707863908766,2237.9529662308323,696475
2023-11-16,2203.8837890625,2230.759349779163,2194.0929410445037,2223.965515951429,1307584
2023-11-17,2206.78125,2235.90450991918,2198.9883302596536,2203.883754191193,916518
2023-11-20,2147.88525390625,2216.472414046855,2140.0423308038603,2208.979268630875,1577213
2023-11-21,2194.642333984375,2230.5096705074984,2156.377532360394,2158.025926820827,1839502
2023-11-22,2170.664306640625,2222.9665612786084,2151.531905489206,2203.134604726717,1247205
2023-11-23,2173.26171875,2187.9982365532696,2158.6252071089943,2187.9982365532696,729114
2023-11-24,2223.416015625,2249.8917961218995,2158.9249618952795,2177.008517084688,1946259
2023-11-28,2421.28515625,2510.1038127125526,2272.9208708350525,2298.8971093588816,11972275
2023-11-29,2394.40966796875,2475.385395258637,2387.8156026288057,2466.443624107604,4561574
2023-11-30,2356.39453125,2406.7983753839426,2340.9086969542545,2397.8566037192545,2983879
2023-12-01,2360.54052734375,2401.153521038203,2351.9485337887563,2367.8339041865565,1792983
2023-12-04,2528.88671875,2592.6284615002514,2485.1767013354965,2547.6195833562156,5681516
2023-12-05,2956.6455078125,2997.1582534882896,2528.8866535036263,2528.8866535036263,22879079
2023-12-06,2881.314208984375,3151.666995797715,2842.2500901850876,3077.1850808526683,19355777
2023-12-07,2884.51123046875,2943.2075366953404,2850.4425420562393,2897.349583950841,6325887
2023-12-08,2819.570556640625,2924.32482499715,2757.4774571206467,2900.046985558568,6959428
2023-12-11,2853.18994140625,2917.23120976166,2808.48084143606,2834.4570782902483,5064123
2023-12-12,2855.038330078125,2893.3033769470494,2837.9541039152946,2866.4780611932824,2017772
2023-12-13,2872.42236328125,2896.4504312865597,2802.4363375128064,2857.386069620901,2805832
2023-12-14,2891.405029296875,2930.269379041421,2884.36142386694,2898.2986254689436,3224681
2023-12-15,2989.065673828125,2997.2581306016045,2891.2550038156646,2909.388561856299,4921484
2023-12-18,2977.8759765625,3024.982786227147,2958.3937985981934,2991.213628972184,2315922
2023-12-19,2938.56201171875,2991.613581558516,2912.3360014144178,2986.068604882099,1741493
2023-12-20,2781.305908203125,2965.287514042788,2763.6718923705293,2943.307620070773,3417739
2023-12-21,2797.191162109375,2819.370823585303,2722.5094800421634,2747.4866312352106,2678577
2023-12-22,2805.783447265625,2844.9975753036797,2788.8487433355763,2813.3763550065723,1513956
2023-12-26,2862.8310546875,2891.105238503272,2797.540928092443,2814.425384661328,2048484
2023-12-27,2840.75146484375,2892.154394183376,2831.010375695053,2878.0671830782617,1698325
2023-12-28,2807.33203125,2864.7297248005157,2797.541182267705,2852.390913474697,4102912
2023-12-29,2846.34619140625,2860.683173982365,2800.2884702361707,2821.319036735756,1507086
2024-01-01,2914.53369140625,2944.306503612774,2839.452474502087,2849.693106216383,2898619
2024-01-02,2929.7197265625,2945.5053343492864,2838.4033625535026,2919.329329595683,2671368
2024-01-03,3000.25537109375,3196.07623447516,2952.8987904756495,3044.2151567508013,19725411
2024-01-04,2995.5595703125,3041.6672911487917,2987.267107818338,3036.62185811965,2975620
2024-01-05,3003.852294921875,3064.0969901958115,2978.3755999732457,3007.1990869273723,3219949
2024-01-08,2960.79150390625,3024.2334679683545,2950.2510973140083,3017.2398656307996,1849061
2024-01-09,3011.844970703125,3065.995387030744,2977.2764950393603,2987.966667227982,2885706
2024-01-10,3095.3681640625,3109.1555995018844,3017.289691545599,3021.2360324208544,3590297
2024-01-11,3078.083984375,3126.1401189251505,3062.198614415336,3117.1483448534577,2008103
2024-01-12,3101.26318359375,3122.14398499842,3065.3958471435885,3093.5202665109537,1795933
2024-01-15,3086.67626953125,3127.139253482056,3064.6463739300916,3124.1419954116263,1407007
2024-01-16,3053.70654296875,3101.662673857839,3032.2261926746787,3092.17135628604,2515564
2024-01-17,2968.33447265625,3042.2168326660735,2943.607094459703,3030.2278008132025,2897218
2024-01-18,2916.232177734375,2982.2718632959663,2882.463264332556,2972.830548894156,2552342
2024-01-19,2912.985107421875,2946.754264269998,2900.3967697009407,2942.6581578670907,2014096
2024-01-23,2893.902587890625,3012.1942721434825,2882.8626388612734,3012.1942721434825,1827002
2024-01-24,2900.79638671875,2926.4230906371868,2868.6258642083844,2898.3486746429335,5807940
2024-01-25,2890.955322265625,2923.675388483789,2801.836656699268,2900.796172930372,2601969
2024-01-29,3061.848876953125,3089.8732886280745,2920.3784427178894,2926.3229557598515,4402976
2024-01-30,3088.27490234375,3127.0392448906314,3018.1388684160215,3078.184035947457,3115506
2024-01-31,3139.12841796875,3148.8195040211185,3069.5919302392354,3089.9234292402452,2671051
2024-02-01,3150.617919921875,3233.991603631631,3080.2323551146037,3154.0147149909103,4686595
2024-02-02,3154.564208984375,3205.5676007690454,3137.1302061445544,3182.0390754394625,2708695
2024-02-05,3170.549560546875,3226.4483759780437,3148.5696675580875,3167.1027624753133,2191195
2024-02-06,3200.82177734375,3225.2493812972198,3157.111764777604,3180.9898226467462,2078891
2024-02-07,3226.898193359375,3274.9540862700246,3207.06623759417,3217.1071012336884,2095911
2024-02-08,3165.7041015625,3242.63372609941,3143.224665821195,3242.63372609941,1679004
2024-02-09,3212.26123046875,3222.002318883999,3118.347147285834,3181.5393362360405,1572789
2024-02-12,3166.85302734375,3238.9869918339223,3157.111938293635,3226.0488761867555,1083138
2024-02-13,3175.544921875,3191.080758320326,3089.223987031576,3177.093553994564,1225207
2024-02-14,3204.268798828125,3252.2749333336683,3166.953080418617,3181.090050759358,1741264
2024-02-15,3190.881103515625,3249.777177900909,3181.1400144419076,3216.907344131979,2035204
2024-02-16,3220.65380859375,3249.327528735202,3189.7319009779767,3211.0624851842636,2193673
2024-02-19,3255.821533203125,3305.576065208696,3232.8425550081906,3237.038667460291,1779444
2024-02-20,3225.649169921875,3266.8114645011433,3207.2158380150013,3264.013974906585,1467630
2024-02-21,3220.254150390625,3296.984008834267,3202.0708328223714,3235.040672910714,1657021
2024-02-22,3260.067626953125,3271.0075698893256,3207.565608775101,3236.039559826367,1138722
2024-02-23,3270.308349609375,3316.915615325161,3222.152451764147,3260.0677178055485,1975035
2024-02-26,3324.70849609375,3340.943643884757,3260.017676434199,3269.0094505953725,1695378
2024-02-27,3299.28173828125,3336.9472316029733,3270.0084697714165,3335.9481456054873,1125570
2024-02-28,3216.05810546875,3315.766945468709,3204.5686154989176,3306.1756214921093,1358879
2024-02-29,3282.397216796875,3301.7296294649072,3202.420573489636,3217.107089666614,1352988
2024-03-01,3315.716796875,3342.9418914783428,3278.8006164624057,3306.8250286816383,1161067
2024-03-04,3314.1181640625,3346.938238083539,3307.0247995203395,3331.9519474652548,1061244
2024-03-05,3307.174560546875,3330.952857080377,3292.038504609142,3322.260857316605,1190416
2024-03-06,3230.994140625,3319.9627982511893,3180.2405227319155,3319.9627982511893,1935203
2024-03-07,3223.601318359375,3259.0188719705257,3217.057255593223,3237.038977677653,856328
2024-03-11,3204.418701171875,3256.0213974615494,3197.075321226437,3238.2376172037293,738851
2024-03-12,3119.64599609375,3219.754363261766,3108.1565072370395,3204.4185397035126,1199487
2024-03-13,2903.5439453125,3135.182152793188,2847.545121197267,3122.14403053816,3407040
2024-03-14,3084.628173828125,3098.3656070046654,2877.367821704473,2924.7744059556544,3759100
2024-03-15,3129.337158203125,3140.526872754744,3058.4520544306865,3108.1565835308666,2199094
2024-03-18,3108.906005859375,3121.14480993161,2973.3300781039106,3047.3124486465113,3042515
2024-03-19,3049.909912109375,3161.9075550021785,3039.069974902465,3123.142967782986,1460452
2024-03-20,3048.6611328125,3080.38211546523,3018.339017005192,3072.189658492749,966481
2024-03-21,3063.697509765625,3104.2605027823197,3056.8039132783683,3086.7264930347274,1175751
2024-03-22,3104.859619140625,3126.090197363551,3045.264234778324,3063.7473264076953,951557
2024-03-26,3107.107666015625,3169.0510021842274,3086.2768678642624,3097.6663514637485,937103
2024-03-27,3119.24658203125,3135.5814922199434,3103.4109709385007,3112.152973673539,900231
2024-03-28,3194.177978515625,3234.041412727385,3093.9195998960545,3131.135553749652,2327053
2024-04-01,3249.127685546875,3288.7913510534686,3204.91812994646,3227.2475557466896,1292646
2024-04-02,3265.762451171875,3281.997599112691,3237.0387278919693,3255.9713593225315,868829
2024-04-03,3230.49462890625,3257.1701767437976,3219.0551428091867,3247.0295512507314,1153109
2024-04-04,3207.86572265625,3270.008829757539,3198.7739415112474,3247.0298492856714,1403826
2024-04-05,3221.8525390625,3231.044081357697,3176.0443490000703,3208.165109826639,755607
2024-04-08,3221.60302734375,3240.535659537043,3194.2779258339924,3237.9879412817327,577440
2024-04-09,3195.52685546875,3248.028878276686,3182.0891963430468,3237.7382427671782,833679
2024-04-10,3239.036865234375,3251.6254466082637,3189.582107421574,3197.0752525447256,1441138
2024-04-12,3206.96630859375,3244.5320427449565,3202.370658979161,3207.0663147686864,705173
2024-04-15,3144.5732421875,3177.3933154835436,3100.36368584015,3147.120960319827,1035378
2024-04-16,3103.560791015625,3146.3217225030044,3097.166737897929,3098.1658239424123,1134184
2024-04-18,3016.54052734375,3142.125593704499,3005.5505809110796,3122.2936382567286,1703646
2024-04-19,3024.183349609375,3054.2559360815785,2959.7923050393574,2997.258030419602,1727317
2024-04-22,3060.55029296875,3074.687262751204,3022.235246083637,3050.209654973006,993929
2024-04-23,3062.298828125,3088.1750599180386,3040.3189344601033,3056.20430549637,1654272
2024-04-24,3040.7685546875,3085.028117791958,3037.22175024171,3069.142502418809,605917
2024-04-25,3112.40283203125,3118.047570673538,3022.8846239594777,3047.212466959413,1515529
2024-04-26,3077.584716796875,3127.039478617097,3063.24797765,3117.0486176433146,662764
2024-04-29,3078.384033203125,3107.6573046278722,3048.7112249065913,3107.1577615793867,648544
2024-04-30,3051.907958984375,3105.6088315471548,3042.2168735565415,3091.1720876137733,804552
2024-05-02,3036.822021484375,3116.9986761081313,3012.294410445261,3069.142308493115,2219085
2024-05-03,2990.514404296875,3042.2171088562545,2972.3810895401502,3027.2308176796228,1472168
2024-05-06,2872.022705078125,2997.4580113267407,2847.3953307493457,2990.5144118475364,2377944
2024-05-07,2833.35791015625,2902.694625328622,2819.4207091549442,2887.308554484516,1262311
2024-05-08,2857.935791015625,2888.2579077882087,2817.4228008930413,2847.3953838812654,951411
2024-05-09,2764.121337890625,2881.0144063844864,2753.481168966515,2862.1817805887495,1485510
2024-05-10,2794.693359375,2806.4326200677006,2757.926945187982,2792.395412753783,2354794
2024-05-13,2876.96826171875,2887.358658979917,2787.9495978835494,2800.4381733981686,3784373
2024-05-14,3034.77392578125,3043.2161542477156,2871.922897172459,2892.3041553331864,5725807
2024-05-15,3046.962646484375,3115.999589324613,3034.823848681329,3043.9653883683154,1688836
2024-05-16,3038.8701171875,3074.1379050536807,2972.2311235683164,3062.198875025906,1835312
2024-05-17,3057.702880859375,3088.1750056318665,3012.744008244223,3038.270705812547,825436
2024-05-21,3114.65087890625,3172.0983289582496,3031.726733613798,3065.09611138135,3091659
2024-05-22,3138.079345703125,3142.12569307389,3070.691039002417,3127.0893989228985,3371077
2024-05-23,3384.2041015625,3402.886961227315,3132.6841977195827,3153.814769333434,6979082
2024-05-24,3381.856201171875,3454.689718952299,3352.533172605104,3402.8870108415185,3473668
2024-05-27,3286.0439453125,3354.9308780785914,3264.0640527223486,3354.9308780785914,2582485
2024-05-28,3241.085205078125,3326.4570607367195,3226.0989140701504,3306.625104735835,1621168
2024-05-29,3255.821533203125,3319.8627999959085,3209.0642592229797,3247.029527545045,1910729
2024-05-30,3191.33056640625,3271.307452269131,3171.598617220518,3251.0259569808054,1990208
2024-05-31,3408.232177734375,3431.3109183500023,3222.3021726178335,3222.3021726178335,6384589
2024-06-03,3641.91845703125,3740.4781991970913,3582.772611114454,3721.5955702465967,8511359
2024-06-04,2938.56201171875,3516.7830960475985,2731.4514129890363,3516.7830960475985,20306909
2024-06-05,3112.502685546875,3147.120918078748,2747.486515783034,3027.2305973900343,8778345
2024-06-06,3182.73828125,3219.4546924758174,3134.282609292119,3181.0898868844065,5873271
2024-06-07,3216.607421875,3230.794394475827,3148.719576076469,3167.5021979865164,4740455
2024-06-10,3217.156982421875,3281.3980182112027,3202.5702289998203,3264.0140190742204,4935698
2024-06-11,3218.305908203125,3262.0159224782938,3192.129902723551,3221.053394814707,4173692
2024-06-12,3216.10791015625,3242.0341436618205,3205.0679608219166,3221.952417038554,3022477
2024-06-13,3221.8525390625,3251.0258010939847,3204.3185312104124,3227.0477374104394,3202978
2024-06-14,3260.0830078125,3273.3262360959416,3219.453880534169,3223.351789743332,4224855
2024-06-18,3307.35888671875,3343.2904648849712,3285.519956030874,3308.3083523973855,1755612
2024-06-19,3260.23291015625,3312.306382085666,3224.6512499265823,3312.306382085666,1419264
2024-06-20,3257.7841796875,3313.3058391589298,3238.3441685897233,3262.2318566714353,1366545
2024-06-21,3187.670166015625,3275.425344875942,3174.7766121147984,3263.381454191351,4697655
2024-06-24,3192.967529296875,3213.1571574861746,3133.397889673141,3184.121954394325,3261647
2024-06-25,3169.4794921875,3206.810257886594,3154.737030243672,3203.112197591992,1694962
2024-06-26,3168.879638671875,3186.0707993893343,3162.2829141564557,3167.430428532899,2142889
2024-06-27,3173.52734375,3200.6135927699033,3148.3902934577864,3175.376495973139,5114980
2024-06-28,3175.526123046875,3210.3083862493436,3155.3865189248854,3188.369653269048,960905
2024-07-01,3182.1728515625,3191.517926494093,3155.936267583471,3178.3247216392365,832170
2024-07-02,3151.588623046875,3206.1608193095108,3129.450039604928,3178.225150943393,1490844
2024-07-03,3189.3193359375,3192.9175938989342,3146.1414604796237,3156.3862226017477,1152522
2024-07-04,3142.64306640625,3192.8173618611995,3136.4462838468635,3190.3686627872307,1055391
2024-07-05,3146.291259765625,3156.9359638027718,3122.353547518873,3142.293303849145,663988
2024-07-08,3112.0087890625,3156.5858483438133,3073.428419266346,3146.2910636972474,1155112
2024-07-09,3109.16015625,3156.3860076950896,3098.915394825404,3114.3574498280886,922403
2024-07-10,3094.417724609375,3125.6517536449187,3061.834287913155,3118.505505407927,586710
2024-07-11,3076.726806640625,3128.2004862782915,3072.5290019587815,3117.106061604415,899781
2024-07-12,3063.88330078125,3097.216354302266,3056.787075766648,3088.4208028889266,756036
2024-07-15,3088.820556640625,3101.9139595053925,3056.7871309729667,3064.533170343409,724171
2024-07-16,3107.7109375,3136.146348376959,3094.5177326027233,3108.4105309385204,988357
2024-07-18,3090.61962890625,3109.410069644269,3055.5874930117807,3104.4126249807455,1021653
2024-07-19,3004.163818359375,3092.918483858834,2998.466780280013,3090.419761541934,1026941
2024-07-22,2999.31640625,3025.3528972562817,2970.630879195319,3004.163781075115,662085
2024-07-23,2993.8193359375,3036.4474422187905,2884.8750399526916,3018.4566410469874,1443331
2024-07-24,2969.181884765625,3005.9631282890095,2957.7878079206016,2993.8194347037643,693702
2024-07-25,2971.98046875,3016.1078094134755,2943.5950794511828,2959.186961059994,1105721
2024-07-26,3078.92578125,3107.4112169797922,2986.5730977534395,2993.4694740606233,1942427
2024-07-29,3087.771240234375,3118.755397232277,3072.428987469395,3092.7186616615145,1037474
2024-07-30,3127.151123046875,3153.3877085778313,3065.082760241581,3090.4199033035356,1647048
2024-07-31,3167.7802734375,3195.866011362623,3133.3979501553786,3139.3948840312737,2414005
2024-08-01,3215.605712890625,3256.334886190895,3150.0891656866534,3178.3747507940593,6149883
2024-08-02,3159.284423828125,3213.3568719073064,3109.4100244179253,3198.364538134799,3360209
2024-08-05,3036.647216796875,3131.4488393660768,2994.76872825726,3083.42334750054,2238921
2024-08-06,3071.129638671875,3141.1939114635597,3055.687583243755,3082.4239125762497,2125201
2024-08-07,3184.32177734375,3188.369756401915,3110.4096181576047,3116.4065518687053,1868169
2024-08-08,3165.93115234375,3240.9926232333837,3154.9367743105868,3188.9193973221827,2139376
2024-08-09,3185.921142578125,3217.6549176490585,3169.4295744310257,3207.3601323661815,760165
2024-08-12,3150.139404296875,3168.230252507734,3012.459796795679,3098.415849391707,10307245
2024-08-13,3090.61962890625,3176.475874635094,3080.175018362657,3168.4299399236506,2192588
2024-08-14,3038.54638671875,3084.1229354125335,3026.202600855267,3084.1229354125335,1232383
2024-08-16,3107.211181640625,3120.0046885306188,3037.796725433642,3068.430963011769,970067
2024-08-19,3100.964599609375,3132.6983748871617,3091.3694077458085,3120.4546348193544,557265
2024-08-20,3069.08056640625,3124.4023759475544,3057.286792317529,3117.3559302312588,662263
2024-08-21,3114.107666015625,3151.6885480611586,3066.83178997911,3069.0806401117743,1379240
2024-08-22,3097.46630859375,3148.3902222746715,3089.4203736669874,3129.1500598052153,1378912
2024-08-23,3074.77783203125,3121.4038924728966,3066.0323039943823,3099.415136265915,1375224
2024-08-26,3067.431640625,3088.420908938172,3053.4387950828855,3086.421931003584,1632446
2024-08-27,3065.53271484375,3094.1679762031554,3062.434201433083,3070.629962176827,1310440
2024-08-28,3026.45263671875,3076.427085805916,3020.5557493328106,3076.427085805916,1569652
2024-08-29,3018.6064453125,3040.3953531576494,2979.7764461357356,3028.451509045608,1853966
2024-08-30,3017.80712890625,3036.997268388953,3001.7652820828534,3028.4515888647265,3509174
2024-09-02,3040.59521484375,3057.5865270116747,2996.068177286963,3019.556167636741,1842658
2024-09-03,3034.548583984375,3051.489873359822,3022.2548207506993,3035.4480264583103,1371577
2024-09-04,3010.810546875,3023.4539841113074,2953.6896086664947,3008.461650305797,1212270
2024-09-05,3013.80908203125,3036.3473624843364,3000.4658070351943,3023.4540527253375,734273
2024-09-06,2973.929443359375,3023.4541712318164,2966.4832992449687,3017.457237338464,1251165
2024-09-09,2962.635009765625,2970.980839924824,2925.8039891604244,2970.5811419597703,1523581
2024-09-10,2984.873779296875,3005.86304778568,2946.093802254059,2970.081537669836,803782
2024-09-11,2936.3486328125,2991.420326112253,2926.5035693053205,2983.474437970076,888628
2024-09-12,2989.471435546875,2998.4668360550404,2915.6590793263113,2948.492388787456,1314173
2024-09-13,2966.8330078125,3000.4156888266198,2954.539245398895,2970.481044732835,815948
2024-09-16,2983.37451171875,3024.853303734225,2970.481201686549,2970.481201686549,695162
2024-09-17,2973.679443359375,2994.3688155994164,2950.9910932407624,2988.521951714108,698700
2024-09-18,2954.789306640625,2983.2247191862584,2933.5001426624235,2974.4791906519154,831891
2024-09-19,2941.645751953125,2973.7294442695074,2888.8729315679816,2973.5295952863225,1655401
2024-09-20,3006.96240234375,3023.45396944984,2940.546412710575,2946.643148685742,1787210
2024-09-23,3042.394287109375,3068.4310226027087,3013.709003551406,3018.4565759805146,897314
2024-09-24,3092.31884765625,3099.4153169977403,3038.696361658297,3053.4388240658163,1021918
2024-09-25,3103.51318359375,3122.3033803222493,3078.625762751503,3106.4116038932293,913008
2024-09-26,3121.053955078125,3146.391096616878,3083.423295128039,3083.423295128039,1548019
2024-09-27,3128.7001953125,3177.375256605808,3114.4074550436294,3120.4043885257415,2297441
2024-09-30,3134.24755859375,3208.2595210053482,3118.8052589206272,3127.400961598799,1607429
2024-10-01,3184.471923828125,3190.3688111797874,3105.4122482254384,3134.6973240234634,1367116
2024-10-03,3114.407470703125,3194.716502927885,3082.5238718025876,3148.390093939295,1309703
2024-10-04,3109.060302734375,3147.8905472724673,3068.4311732422525,3118.3055758133623,987583
2024-10-07,3016.457763671875,3126.901296768542,2978.9269033955807,3109.060320738888,1743454
2024-10-08,3159.084716796875,3168.3800129566707,2993.3196186799355,3016.9574350503817,1776511
2024-10-09,3152.13818359375,3178.3247445123893,3132.797975372257,3173.377323158195,897335
2024-10-10,3172.577880859375,3209.359124234907,3054.5383783831444,3138.395406445845,2905725
2024-10-11,3135.5966796875,3188.369744958957,3114.407562787496,3172.577770773231,1035260
2024-10-14,3099.515380859375,3148.4903409959065,3091.2695967547547,3143.3928495794316,437728
2024-10-15,3103.11328125,3126.4014224905204,3089.9200759684923,3122.4034667072847,371613
2024-10-16,3084.32275390625,3113.807676982053,3059.4355774587757,3096.416667418258,543476
2024-10-17,3012.209716796875,3098.415635693177,2991.4703218160257,3088.370723296873,2655289
2024-10-18,3000.4658203125,3030.150593249263,2966.5832425995245,2988.47195294283,796339
2024-10-21,2936.148681640625,3013.409227996532,2915.459308718809,3003.614187265587,1051690
2024-10-22,2822.35693359375,2953.4898344628377,2816.5598489056774,2936.4985223864014,1209732
2024-10-23,2834.100830078125,2877.5285744531384,2818.6587752080395,2839.398170109013,1270530
2024-10-24,2828.753662109375,2873.6806429527005,2806.4650090544355,2839.598215147634,942066
2024-10-25,2692.073486328125,2845.54506470096,2653.3432891882717,2843.5460867840648,1954174
2024-10-28,2797.2197265625,2820.9575897551144,2670.7345917951766,2699.719772114579,1385033
2024-10-29,2847.144287109375,2861.5868534639376,2731.453442506772,2801.567493918768,1529844
2024-10-30,2967.782470703125,2995.6180904505945,2813.611306260978,2862.536239625997,2884272
2024-10-31,2945.743896484375,2974.978949151155,2932.350841757905,2966.383246316286,1156390
2024-11-01,2947.99267578125,2974.0794351397176,2926.903361202883,2958.4873098194607,304673
2024-11-04,2895.919189453125,2941.4959832318677,2856.289550146405,2933.500071622675,1059384
2024-11-05,2914.06005859375,2922.5056914227685,2868.5332880927995,2895.919187731663,752303
2024-11-06,3044.693115234375,3068.430977027339,2916.5086615523696,2916.5086615523696,1676755
2024-11-07,2968.582275390625,3043.443901334344,2941.546050058358,3043.443901334344,1285585
2024-11-08,2927.603271484375,2993.469497717626,2909.7622955694287,2963.584874795839,835641
2024-11-11,2902.166015625,2945.2941105771883,2886.52411103684,2926.5036693614497,584144
2024-11-12,2868.533203125,2928.9522595932262,2853.540869310758,2908.512759962979,597231
2024-11-13,2815.260498046875,2887.523598483965,2806.5649929189944,2858.5384187137906,890146
2024-11-14,2825.35546875,2843.3462702071397,2799.568604524927,2822.5568508312726,646797
2024-11-18,2817.259521484375,2857.189057182209,2791.872599157665,2825.355479778033,489692
2024-11-19,2820.05810546875,2893.3206951653683,2808.3641334198983,2829.553250605008,536296
2024-11-21,2182.533935546875,2538.0523482360777,2153.948698150292,2538.0523482360777,21796668
2024-11-22,2226.861328125,2288.5297460836396,2023.9650760561603,2099.9262344661693,20939196
2024-11-25,2256.34619140625,2332.4571735233167,2236.8561578592194,2313.8168031474947,7466733
2024-11-26,2149.40087890625,2291.678221391595,2134.9082898599163,2264.442148873485,7723187
2024-11-27,2396.57470703125,2416.7643354723045,2141.0552048055647,2178.885960020523,17502156
2024-11-28,2435.854736328125,2525.0091062086253,2398.7735968701595,2438.7531568179957,14445549
2024-11-29,2461.89111328125,2518.7121577803764,2398.7734836003583,2462.7907997471148,8191680
2024-12-02,2455.79443359375,2506.718348041256,2425.3600431234554,2490.076954222208,3807565
2024-12-03,2512.9150390625,2556.6927033491315,2460.79178855326,2462.7407431791476,4070042
2024-12-04,2493.47509765625,2528.75710695537,2468.8377922533846,2526.7081057721216,2344949
2024-12-05,2521.260986328125,2536.8528680747927,2468.987663642351,2503.719905849242,3333144
2024-12-06,2505.118896484375,2533.704376803367,2501.22098735717,2518.7120432128145,1240437
2024-12-09,2494.57470703125,2524.709202639303,2481.881001575674,2506.618354214361,958369
2024-12-10,2465.939208984375,2499.721985946279,2453.745492002445,2499.721985946279,1119816
2024-12-11,2455.994140625,2478.732513480517,2449.7473348954622,2467.7381353965307,712674
2024-12-12,2502.8203125,2533.5045736673724,2444.9997806332076,2455.744286567518,2579624
2024-12-13,2526.25830078125,2543.699333854607,2477.7830875427635,2502.7202876117626,1940935
2024-12-16,2511.115966796875,2536.2032373121983,2501.7208681743577,2528.70707010832,654321
2024-12-17,2486.328857421875,2523.7096472641156,2479.482260376418,2510.7162906643402,1061891
2024-12-18,2456.14404296875,2495.3242049392047,2450.74690025642,2487.727991328805,990217
2024-12-19,2418.11376953125,2432.756185531327,2395.8751396511875,2427.758740614459,1181898
2024-12-20,2343.75146484375,2452.595953280231,2331.8076212022697,2427.758556322466,1337016
2024-12-23,2337.754638671875,2378.2839645340314,2331.557855964178,2372.7367520396797,758920
2024-12-24,2371.237548828125,2411.6668287038233,2338.8041806812516,2353.9963641628465,1156186
2024-12-26,2399.0234375,2408.7684551088428,2366.7899177169047,2376.8348308245772,895785
2024-12-27,2408.71826171875,2444.8997116358414,2389.278251126641,2413.7657295422873,1982291
2024-12-30,2591.025390625,2608.6662737588226,2420.712319675823,2423.760809910017,7825097
2024-12-31,2527.357666015625,2576.4326716534633,2506.168548825565,2573.684077008115,2745674
2025-01-01,2553.54443359375,2642.8486245897493,2516.963040530868,2534.703969338343,2875721
2025-01-02,2596.372314453125,2600.6701656052965,2535.703385911083,2564.3886690652043,1167236
2025-01-03,2563.28955078125,2617.661654006501,2555.2936388942503,2578.681583557378,932795
2025-01-06,2473.185302734375,2567.5372029417563,2462.240947892559,2556.3427318547533,1121398
2025-01-07,2519.261962890625,2523.709639987629,2473.385272926482,2473.385272926482,1019130
2025-01-08,2513.964599609375,2528.7070617281456,2488.7275034399536,2519.2619398857323,879641
2025-01-09,2476.633544921875,2516.2634277720203,2468.2379354386503,2515.713660052271,705838
2025-01-10,2373.1865234375,2483.330403639675,2367.0397638506934,2478.732656750647,1418808
2025-01-13,2224.0126953125,2363.7913198000397,2215.7669116387788,2363.7913198000397,1559903
2025-01-14,2379.33349609375,2421.6617072036124,2240.3545071944845,2240.3545071944845,4120705
2025-01-15,2386.929443359375,2420.712218743641,2371.4373646017725,2397.77399609604,1421437
2025-01-16,2426.609375,2568.6866334006204,2417.6139743382855,2498.7224060317317,2841803
2025-01-17,2398.57373046875,2448.748029036029,2378.833822887745,2448.748029036029,1122205
2025-01-20,2441.5517578125,2452.745985716754,2388.7786902457387,2412.5165537994358,1039435
2025-01-21,2383.08154296875,2440.502134118526,2372.4368392833635,2440.502134118526,1206512
2025-01-22,2375.33544921875,2397.773926741275,2323.9615721570926,2397.773926741275,1147334
2025-01-23,2383.78125,2403.9208556169233,2353.796580188679,2381.7822720125787,826721
2025-01-24,2313.9169921875,2404.7704411741443,2298.224820280534,2386.5297676282476,1388583
2025-01-27,2258.545166015625,2316.9154679968624,2248.9001951071214,2308.869533023273,1032995
2025-01-28,2284.8818359375,2314.6666564020993,2240.854297480441,2273.037793895319,966497
2025-01-29,2317.415283203125,2325.061276414433,2281.4336793553357,2295.8262232881043,785220
2025-01-30,2251.448974609375,2350.2983371537885,2200.175141117285,2323.8118791760826,2601625
2025-01-31,2286.630859375,2313.7668866515255,2212.6186541233437,2237.705924273332,2013345
2025-02-01,2268.83984375,2350.2481673139832,2236.406477165642,2295.8260445346914,987362
2025-02-03,2260.694091796875,2277.8352290205944,2212.7684032838297,2265.591489856267,824942
2025-02-04,2300.32373046875,2310.8183640424722,2266.391130716884,2277.7351834561136,691187
2025-02-05,2323.412109375,2348.1992401073644,2307.870007408703,2313.7668946038034,560940
2025-02-06,2311.26806640625,2338.8040345045474,2297.0253495294596,2338.8040345045474,680544
2025-02-07,2337.604736328125,2373.6861399526715,2306.17085857808,2311.2681056636857,892884
2025-02-10,2289.62939453125,2349.748558818367,2278.934911293524,2348.799093094544,739708
2025-02-11,2320.5634765625,2395.775020273635,2304.8215255531927,2310.818459271024,4895456
2025-02-12,2352.247314453125,2377.2345392003717,2279.834385938778,2323.8119014939316,1933098
2025-02-13,2243.552734375,2371.53733963826,2232.2584607534072,2352.7969223510545,2551665
2025-02-14,2151.5498046875,2248.1505587465167,2123.464311418267,2244.552300896633,2549876
2025-02-17,2222.5634765625,2239.254892828182,2109.5712046435365,2151.549739547237,1400160
2025-02-18,2219.165283203125,2238.8551659937393,2164.943009651714,2238.8551659937393,1138085
2025-02-19,2179.685546875,2218.265673863126,2125.9129926626833,2164.8930616395733,1203163
2025-02-20,2177.886474609375,2215.2174853991346,2155.697868187064,2179.6856035659653,1086670
2025-02-21,2132.010009765625,2198.476025966737,2115.7683140773834,2189.330555523534,1540308
2025-02-24,2114.06884765625,2137.4070110602293,2095.628326268135,2127.86184326916,1032294
2025-02-25,2128.76171875,2157.1971316561194,2100.9258528271753,2114.069035413349,802131
2025-02-27,2109.87109375,2148.0017425818332,2101.425461151633,2142.6543792360585,941950
2025-02-28,2094.928955078125,2110.2712089156034,2070.9412189512764,2105.923334136264,2373922
2025-03-03,2116.01806640625,2126.1627812241327,2025.5142969121205,2107.92210863871,1592611
2025-03-04,2143.703857421875,2152.8991065669024,2078.936927418364,2084.0344184525075,852978
2025-03-05,2244.702392578125,2257.2457838925397,2146.952322870511,2152.849210165355,1370106
2025-03-06,2251.69873046875,2267.7403325605683,2225.0121808616677,2258.8449787021086,890270
2025-03-07,2246.351318359375,2266.4909222279825,2225.861795766998,2248.8000173782216,818806
2025-03-10,2227.161376953125,2286.8308211672975,2218.8655694892486,2243.852794370884,940113
2025-03-11,2249.449951171875,2266.6911357333274,2207.171519357141,2222.0137840048756,947079
2025-03-12,2240.654296875,2278.8347245979894,2179.835298833666,2268.839835455016,1049076
2025-03-13,2219.965087890625,2271.8384687389876,2214.467898459008,2247.850733037388,750310
2025-03-17,2251.548828125,2285.731303222454,2196.8768284672287,2198.8758064731137,927737
2025-03-18,2251.548828125,2251.548828125,2251.548828125,2251.548828125,0
2025-03-19,2317.46484375,2340.8030072052893,2309.8688745084564,2318.764228125059,1030345
2025-03-20,2338.1044921875,2346.7999970360393,2297.8250396873314,2346.7999970360393,2587050
2025-03-21,2361.592529296875,2388.328858589751,2336.805154644608,2342.6022393318417,1101418
2025-03-24,2367.489501953125,2393.7761109728262,2359.893532102354,2368.7888864324,1010184
2025-03-25,2319.164306640625,2386.4297184561906,2313.9169895990453,2383.7811703177367,763065
2025-03-26,2311.418212890625,2358.644065155255,2306.8704894249345,2323.711731600798,1078870
2025-03-27,2362.142333984375,2372.686747312017,2290.4290010205214,2308.8195002996813,1696042
2025-03-28,2314.616455078125,2385.72999306487,2292.527652670562,2374.7856383579306,1838836
2025-04-01,2334.056640625,2357.744480648639,2299.824143058827,2310.8185218392036,501942
2025-04-02,2368.18896484375,2377.63433041186,2313.3671436347126,2338.554215779353,573928
2025-04-03,2409.568115234375,2428.658208607846,2338.5043501635937,2338.5543734164607,1023200
2025-04-04,2333.456787109375,2408.818400594282,2314.3166712608936,2393.7260197937953,1219733
2025-04-07,2211.569091796875,2237.855699283003,2143.903740492203,2148.95120835807,1567177
2025-04-08,2284.53173828125,2299.823967310342,2223.862810632556,2268.8398112970344,1224337
2025-04-09,2235.7568359375,2278.385187995751,2214.067973543078,2264.5421678047633,1001633
2025-04-11,2320.213623046875,2342.302427134842,2279.8343658180393,2301.8731466537806,981463
2025-04-15,2416.964111328125,2438.753019072187,2357.794414750528,2373.7862378264117,1145125
2025-04-16,2414.36572265625,2426.7592886327056,2381.682237188905,2398.7735966715377,889949
2025-04-17,2416.8642578125,2447.3486699072387,2390.777499364433,2416.7642113140464,1054797
2025-04-21,2441.45166015625,2463.6402665047126,2394.2758295379276,2424.8602896505804,782559
2025-04-22,2444.250244140625,2482.1307780014376,2439.7525438344983,2457.64329855697,766567
2025-04-23,2452.34619140625,2472.5358194431333,2419.96260293645,2458.742823095766,672262
2025-04-24,2441.251708984375,2460.141952135375,2423.8606992268146,2448.747875951574,596626
2025-04-25,2353.096923828125,2458.2431143541057,2322.3126148411325,2448.8480156705828,1414809
2025-04-28,2368.5888671875,2400.772361279079,2336.405373095921,2344.80098233169,681421
2025-04-29,2329.408935546875,2398.7733678268637,2324.4114910305693,2390.7774566007743,670730
2025-04-30,2300.1240234375,2338.8041979074114,2283.832304366853,2330.20849512927,837464
2025-05-02,2297.925048828125,2371.18739066236,2288.8296021477495,2348.6988902045764,1695797
2025-05-05,2454.2451171875,2495.7239086203167,2296.6257585459684,2311.4182438119274,4227194
2025-05-06,2352.796875,2461.941014280943,2342.3022415303735,2452.745765186916,1524692
2025-05-07,2351.8974609375,2378.2838706584917,2313.8168357110353,2313.8168357110353,1012640
2025-05-08,2284.132080078125,2366.589916064728,2258.8449615723966,2360.7928315194695,1380069
2025-05-09,2249.849609375,2271.938412608702,2231.8588084115395,2238.8552310084406,1006000
2025-05-12,2424.060546875,2432.056458302277,2313.8168692682493,2348.7989817625858,2147039
2025-05-13,2439.952392578125,2453.645342483344,2403.7709411445267,2423.7607202808636,1815174
2025-05-14,2460.641845703125,2480.6316254936078,2428.858291048951,2443.6505328812145,774441
2025-05-15,2518.712158203125,2525.508731877638,2449.4475250493674,2462.1409859323785,1554800
2025-05-16,2553.6943359375,2582.879365259327,2514.914114831245,2527.707622538527,1641135
2025-05-19,2539.3017578125,2577.482187408082,2534.7040109748923,2569.9860201831957,680957
2025-05-20,2500.321533203125,2563.4891829647613,2491.226086594576,2543.6992539150233,628023
2025-05-21,2499.1220703125,2523.2098515881935,2482.4306536684453,2508.4173663407737,529234
2025-05-22,2486.328857421875,2520.611133853209,2464.0402046052413,2499.122121015119,906909
2025-05-23,2538.701904296875,2546.7978623066833,2489.227201831247,2497.722857810193,968415
2025-05-26,2546.39794921875,2567.587066156468,2540.0013175448244,2547.797380158323,552912
2025-05-27,2539.001708984375,2567.7870381927005,2524.809015365557,2544.598700431426,514936
2025-05-28,2513.714599609375,2557.692111491209,2508.7171550773483,2557.692111491209,575989
2025-05-29,2539.50146484375,2557.6921141561106,2509.716646598669,2535.40346271688,802317
2025-05-30,2518.612060546875,2562.6896200265273,2512.515324475044,2548.6967749873806,684592
2025-06-02,2517.5126953125,2562.689544882454,2513.6145421849583,2525.708455506225,1008716
2025-06-03,2469.63720703125,2511.216045935472,2450.7469630383193,2509.716812475212,962656
2025-06-04,2488.127685546875,2501.720832824176,2439.8525646487296,2478.732587057114,552667
2025-06-05,2503.1201171875,2528.80717932249,2486.2288509422187,2493.7250183319943,673209
2025-06-06,2532.90478515625,2551.9951212317815,2502.7202684217455,2513.6146000988706,640680
2025-06-09,2580.780517578125,2602.7692744966716,2523.2098564032235,2543.699379895506,1711167
2025-06-10,2611.7646484375,2661.8388979549095,2576.3825935287246,2598.6712457085496,2084054
2025-06-11,2579.880859375,2629.555411972903,2561.790255576076,2628.6559695136343,745432
2025-06-12,2542.39990234375,2600.470305867311,2528.7069530218605,2590.175521247491,955097
2025-06-13,2507.89990234375,2516.0,2460.0,2498.0,695869
2025-06-16,2544.0,2563.300048828125,2462.0,2500.0,956459
2025-06-17,2488.5,2539.60009765625,2479.0,2535.0,703343
2025-06-18,2459.10009765625,2495.89990234375,2445.39990234375,2491.89990234375,667044
2025-06-19,2420.60009765625,2468.89990234375,2405.10009765625,2466.300048828125,688209
2025-06-20,2448.39990234375,2461.300048828125,2415.0,2428.0,3002549
2025-06-23,2472.0,2492.60009765625,2421.0,2438.0,790533
2025-06-24,2505.60009765625,2544.60009765625,2500.199951171875,2504.0,996372
2025-06-25,2527.199951171875,2541.60009765625,2512.10009765625,2519.89990234375,921346
2025-06-26,2586.199951171875,2593.60009765625,2522.199951171875,2535.0,1339627
2025-06-27,2646.300048828125,2681.60009765625,2582.0,2587.699951171875,4049316
2025-06-30,2619.39990234375,2653.89990234375,2605.89990234375,2650.0,694814
2025-07-01,2621.800048828125,2645.0,2603.0,2624.89990234375,729197
2025-07-02,2630.199951171875,2646.0,2613.60009765625,2634.0,621409
2025-07-03,2611.199951171875,2644.0,2605.10009765625,2634.0,502724
2025-07-04,2599.10009765625,2617.0,2582.199951171875,2617.0,370305
2025-07-07,2576.10009765625,2605.39990234375,2572.0,2602.0,412159
2025-07-08,2591.300048828125,2600.0,2573.0,2586.0,357686
2025-07-09,2583.0,2609.89990234375,2570.0,2599.0,396880
2025-07-10,2581.0,2604.0,2575.0,2591.0,306565
2025-07-11,2558.699951171875,2591.89990234375,2551.89990234375,2575.0,390645
2025-07-14,2581.300048828125,2604.800048828125,2543.5,2555.0,536585
2025-07-15,2598.199951171875,2606.89990234375,2576.0,2588.0,379425
2025-07-16,2608.5,2619.5,2595.5,2602.5,686644
2025-07-17,2616.60009765625,2654.5,2605.300048828125,2612.0,785771
2025-07-18,2596.10009765625,2626.699951171875,2584.199951171875,2612.0,479942
2025-07-21,2619.5,2624.89990234375,2585.0,2596.300048828125,369782
2025-07-22,2587.800048828125,2630.0,2581.60009765625,2626.0,387055
2025-07-23,2614.5,2625.89990234375,2593.5,2600.699951171875,316424
2025-07-24,2608.39990234375,2624.199951171875,2595.0,2615.39990234375,253782
2025-07-25,2550.10009765625,2617.0,2544.10009765625,2605.0,424612
2025-07-28,2522.300048828125,2585.0,2512.60009765625,2549.0,428409
2025-07-29,2547.89990234375,2557.39990234375,2507.5,2529.0,424781
2025-07-30,2532.89990234375,2552.60009765625,2525.0,2547.89990234375,262063
2025-07-31,2430.699951171875,2520.0,2422.60009765625,2509.89990234375,1457616
2025-08-01,2350.89990234375,2444.89990234375,2333.0,2425.0,976341
2025-08-04,2363.60009765625,2374.699951171875,2338.199951171875,2360.0,576426
2025-08-05,2328.199951171875,2370.0,2316.0,2370.0,576742
2025-08-06,2300.300048828125,2347.89990234375,2296.0,2333.89990234375,631582
2025-08-07,2249.800048828125,2295.0,2202.800048828125,2290.0,1529410
2025-08-08,2178.10009765625,2260.89990234375,2164.800048828125,2247.0,2552736
2025-08-11,2283.39990234375,2302.0,2183.0,2196.0,2376286
2025-08-12,2288.199951171875,2314.699951171875,2267.0,2280.10009765625,1075526
2025-08-13,2280.10009765625,2314.89990234375,2245.39990234375,2299.0,833679
2025-08-14,2281.60009765625,2304.0,2267.699951171875,2288.0,998109
2025-08-18,2333.60009765625,2360.0,2300.0,2309.60009765625,988629
2025-08-19,2388.39990234375,2395.60009765625,2314.10009765625,2339.89990234375,1069432
2025-08-20,2387.10009765625,2406.0,2372.10009765625,2380.0,780025
2025-08-21,2377.199951171875,2397.0,2371.39990234375,2387.10009765625,441867
2025-08-22,2324.89990234375,2376.300048828125,2321.0,2369.89990234375,584211
2025-08-25,2302.89990234375,2348.39990234375,2300.0,2335.699951171875,542455
2025-08-26,2272.0,2309.300048828125,2249.39990234375,2304.0,1071550
2025-08-27,2272.0,2272.0,2272.0,2272.0,0
2025-08-28,2275.199951171875,2327.89990234375,2255.0,2271.89990234375,907868
2025-08-29,2244.699951171875,2289.699951171875,2240.0,2283.0,795699
