Date,Close,High,Low,Open,Volume
2020-09-01,1648.7860107421875,1672.6171284336635,1604.6269449620067,1613.40944247141,1106516
2020-09-02,1676.218994140625,1685.8402433432138,1647.9472993151946,1665.4135189150163,1098000
2020-09-03,1676.514892578125,1694.3265860016074,1666.202935622431,1680.6595028037466,588865
2020-09-04,1628.112548828125,1667.4362923046428,1621.3036415188803,1662.7490176258755,456702
2020-09-07,1627.4710693359375,1645.87481356895,1599.0020679006418,1632.1583439027684,443358
2020-09-08,1629.839599609375,1663.6373203501382,1609.3142202900406,1638.0299238934433,710352
2020-09-09,1585.2364501953125,1665.857657219325,1579.6611559704143,1614.396284569999,1000765
2020-09-10,1587.654052734375,1593.6734764484877,1564.1190227001628,1578.8715556146008,936677
2020-09-11,1590.5159912109375,1626.8793574285894,1573.9871774339724,1592.6868917027784,867578
2020-09-14,1602.2586669921875,1631.3691135634003,1569.1517737599368,1616.2712254133403,1094575
2020-09-15,1650.7593994140625,1676.1200940904105,1579.9076161086375,1579.9076161086375,2802668
2020-09-16,1666.59765625,1715.4439957560912,1655.8909574398283,1670.5941026618568,2077987
2020-09-17,1756.4930419921875,1766.2782674931443,1663.8796187017276,1675.5921840893973,2006191
2020-09-18,1807.2474365234375,1850.2430150671019,1753.4783497650842,1756.4929098907842,3235148
2020-09-21,1810.3118896484375,1877.9681136929755,1789.9506651550696,1802.898857620702,2220744
2020-09-22,1768.4031982421875,1821.5792657856955,1742.5564072090633,1821.5792657856955,1384803
2020-09-23,1796.72119140625,1813.573410514416,1739.7396655136697,1771.2203149491877,1421474
2020-09-24,1925.0654296875,1951.1098557587898,1774.3831397108122,1802.8492284214958,5742817
2020-09-25,2004.1378173828125,2023.2634146852454,1898.3290986069383,1944.3393627719392,3665739
2020-09-28,2036.0137939453125,2072.6836877100036,1975.9188886497088,2011.4026249355545,2422864
2020-09-29,2061.0205078125,2090.4255344493763,2031.2202159967965,2036.01383185602,2160713
2020-09-30,2123.141845703125,2142.8604626766214,2061.9102492866314,2079.602589239673,2025626
2020-10-01,2065.517822265625,2133.915349455681,2052.4214656942554,2126.057583774786,1224430
2020-10-05,2102.0888671875,2131.98809757773,2044.1190509051767,2070.7070303316386,1594662
2020-10-06,2101.149658203125,2130.8512521319653,2079.404766200723,2117.655959779389,903168
2020-10-07,2147.90087890625,2163.0232674104973,2072.6832362320806,2095.119959292277,1470503
2020-10-08,2222.574951171875,2230.7292856140916,2162.4801703908684,2164.6051428428736,1899346
2020-10-09,2250.6953125,2287.16733115314,2210.4178411324588,2218.868504040406,2181213
2020-10-12,2247.284912109375,2305.946792664345,2205.1295732679614,2205.1295732679614,2053057
2020-10-13,2228.307861328125,2265.9166904279045,2220.1535264552654,2255.785547101019,939023
2020-10-14,2201.8681640625,2247.5818619661695,2184.5710891800304,2238.735691931063,1405987
2020-10-15,2157.291259765625,2263.445782013953,2149.7792907774447,2217.97918551935,2782519
2020-10-16,2184.916748046875,2193.268714493143,2149.7789337641216,2184.3730775258427,1036072
2020-10-19,2186.448974609375,2215.01375877658,2160.700997558461,2198.5074572966155,760641
2020-10-20,2186.596923828125,2199.199075835723,2150.866212895124,2189.1174024915626,869774
2020-10-21,2124.5751953125,2205.574885248223,2110.9351667317437,2199.199725317661,1473524
2020-10-22,2077.3291015625,2145.5784612367943,2068.285299470518,2124.5748715552177,1391948
2020-10-23,2050.9384765625,2082.6168757515643,2028.7983215803124,2073.8694030746783,1124706
2020-10-26,2028.501953125,2086.521230407813,2000.678351241324,2054.892296550376,1236009
2020-10-27,2094.082275390625,2122.1036284900074,2011.0069821688862,2055.3368824616696,1429726
2020-10-28,2055.18896484375,2107.3272880052423,2042.0431403155146,2083.407953887867,958986
2020-10-29,2061.6630859375,2075.648909446346,2037.1011439851995,2053.805079161178,606805
2020-10-30,2094.87353515625,2119.880213279928,2053.8547549482455,2063.7387983718613,1071769
2020-11-02,2045.3046875,2123.833346331042,2041.0545015351258,2113.306939009192,637352
2020-11-03,2086.8671875,2134.755320050258,2055.7816841005497,2060.8226417625165,1528660
2020-11-04,2079.20703125,2123.092078242912,2063.7878302473,2088.497933578805,725363
2020-11-05,2097.98681640625,2114.7402190545345,2080.096604161179,2107.3271876783365,466474
2020-11-06,2061.712158203125,2143.304970560983,2038.6330656583034,2103.3240702138123,1290149
2020-11-09,2060.2294921875,2085.0385326168566,2005.6202841259803,2075.451060724057,1534921
2020-11-10,2009.821044921875,2065.764696298323,1962.9706635638613,2065.764696298323,2804380
2020-11-11,2169.893310546875,2183.1378306299025,2026.2286600073799,2039.0779149244997,3735087
2020-11-12,2085.977294921875,2179.628579371478,2069.7180964376603,2130.0107439461117,2435538
2020-11-13,2239.5263671875,2287.1674031219786,2087.0155452428944,2096.4548539628213,4605948
2020-11-14,2258.157470703125,2296.557068895394,2243.726914733189,2248.619467069947,325596
2020-11-17,2280.5947265625,2314.4475733689333,2239.773581275588,2257.51538995309,1832334
2020-11-18,2262.16064453125,2301.5981169014353,2255.8349541743896,2264.582186559597,1036844
2020-11-19,2272.390380859375,2386.9957822678334,2250.5960232811,2262.160302411537,2584654
2020-11-20,2322.354248046875,2370.835273560754,2297.742842462299,2307.9234524201156,2144949
2020-11-23,2347.8056640625,2374.986775522838,2301.498837650782,2346.471222066977,1693126
2020-11-24,2286.52490234375,2395.2985891155763,2270.2162334021596,2355.021118850739,2018323
2020-11-25,2215.507568359375,2327.691422478844,2210.4173842777823,2308.417544458318,1501778
2020-11-26,2277.62890625,2291.120524636128,2217.9786269557685,2230.2842087765625,1207176
2020-11-27,2320.67431640625,2347.4601689633296,2271.353039274834,2288.1064435871917,8998610
2020-12-01,2434.43994140625,2479.758377886864,2321.8113127200527,2356.3559968788063,2001392
2020-12-02,2383.586181640625,2456.2338898794483,2347.904693723288,2446.0038099505427,1611325
2020-12-03,2362.186767578125,2472.0480236844055,2344.3954944897805,2471.9985552194653,1745381
2020-12-04,2406.418212890625,2416.6482929860094,2372.170103544549,2372.170103544549,1219317
2020-12-07,2404.49072265625,2439.92510788705,2390.010698411419,2406.4180624829914,778998
2020-12-08,2422.03515625,2475.952656574252,2387.737576893912,2437.4048906635153,1412683
2020-12-09,2414.375,2490.778696368794,2404.7875270893956,2476.1007968127687,1650915
2020-12-10,2365.300537109375,2426.4826558587874,2342.517773790129,2426.4826558587874,1121002
2020-12-11,2332.534912109375,2385.0192702368577,2317.8077864506554,2375.7283675314334,1654915
2020-12-14,2329.47119140625,2362.6322023516846,2319.7847814662796,2348.2508722106213,800654
2020-12-15,2327.889404296875,2364.8558642684825,2307.9236887418433,2333.62219662505,1060707
2020-12-16,2361.98974609375,2383.289907369181,2332.6341861653777,2341.5298250109236,948217
2020-12-17,2376.617919921875,2394.903397783615,2352.649117859864,2367.228079938819,1184865
2020-12-18,2360.06201171875,2399.8452787993406,2339.7007896828536,2377.1119833247176,1065060
2020-12-21,2308.368408203125,2405.775684787053,2277.974980796715,2357.3438817654564,1241568
2020-12-22,2380.423095703125,2396.879927340201,2224.8976150279555,2312.865579371575,1249868
2020-12-23,2405.578125,2432.363733307996,2362.2859739518467,2362.2859739518467,1093766
2020-12-24,2385.06884765625,2424.4073838135328,2377.408714963058,2406.764271989881,543157
2020-12-28,2361.10009765625,2401.278633503413,2347.954272997412,2397.3744850158796,784636
2020-12-29,2348.942626953125,2387.589328448095,2343.506403747469,2375.135338762196,585199
2020-12-30,2368.56201171875,2376.1232057623442,2323.935426525284,2355.218557776241,569168
2020-12-31,2384.82177734375,2399.845473396332,2357.344091453975,2362.385049557036,855723
2021-01-01,2386.847900390625,2401.8221270042764,2367.227981142075,2377.6062249007355,423934
2021-01-04,2381.312744140625,2400.8337264781894,2370.4402982817282,2390.0602175600366,527018
2021-01-05,2480.3505859375,2486.6765168751513,2358.1345171985267,2377.1118273922975,1720467
2021-01-06,2473.13525390625,2509.4098778876387,2452.230603447855,2492.755172065897,1108589
2021-01-07,2479.461181640625,2534.2681413497844,2471.010278227169,2473.1352505426053,1014690
2021-01-08,2523.890380859375,2549.094690517458,2486.528650045465,2504.517560049305,862326
2021-01-11,2520.974609375,2561.7957548018417,2495.2266293661955,2535.0099020269163,422296
2021-01-12,2488.060546875,2555.024933428096,2479.1154403355026,2529.3264234593803,500012
2021-01-13,2450.451416015625,2508.3225247944247,2409.4821140055597,2498.6855847425104,662618
2021-01-14,2482.87158203125,2499.575518045741,2446.300623219484,2453.1205163118757,603193
2021-01-15,2562.289306640625,2583.3915880843574,2480.9930744450858,2490.778177905884,1941813
2021-01-18,2578.993408203125,2600.343033372048,2517.5147212000315,2569.3564681897187,1572820
2021-01-19,2614.823486328125,2628.166943922315,2550.0830068896475,2588.1365711397452,1202289
2021-01-20,2644.771728515625,2651.74002565481,2612.5991269267543,2614.5759351188867,1064146
2021-01-21,2555.07421875,2653.8651661517147,2544.547569673912,2643.9811245645574,994932
2021-01-22,2567.775146484375,2621.247909641558,2537.3324905060654,2560.016318385271,1194708
2021-01-25,2655.742919921875,2676.5983432710536,2580.5749800279864,2580.5749800279864,1764152
2021-01-27,2570.245849609375,2717.7651572006616,2557.2484326000413,2666.714183459237,1665899
2021-01-28,2591.990966796875,2668.197023884335,2550.626397580211,2563.9203852402165,1410605
2021-01-29,2531.550048828125,2645.463623499649,2521.4189066122194,2592.188738029605,921579
2021-02-01,2632.6142578125,2645.512979273011,2498.7844423754523,2559.966558188239,879244
2021-02-02,2673.78173828125,2713.1697453154225,2646.9466586355925,2648.4292650537973,607131
2021-02-03,2689.1513671875,2775.5872697033346,2672.6450646433814,2683.418574334253,1286454
2021-02-04,2699.973876953125,2716.0354430648163,2654.8533277539636,2698.3431067640804,455213
2021-02-05,2706.843505859375,2750.728550420217,2656.4841250129575,2708.2271750454165,941316
2021-02-08,2698.590576171875,2747.763685288092,2693.4014541043343,2709.215921357791,564043
2021-02-09,2756.9560546875,2803.7076245153858,2706.3498047638645,2714.6523040360794,1052950
2021-02-10,2724.5361328125,2795.2070319585523,2713.811850893763,2781.221209280767,745906
2021-02-11,2724.5361328125,2747.2694290413,2698.3434219401865,2727.995547456013,581642
2021-02-12,2716.233642578125,2757.647681485913,2694.4887504660496,2735.9027893738375,693562
2021-02-15,3054.811279296875,3090.7398677273045,2728.440267653599,2744.798405077942,4446974
2021-02-16,3165.611328125,3215.822306203094,3011.6673848401765,3053.180358310241,4381584
2021-02-17,3197.4873046875,3245.91910621136,3140.1598661490534,3140.1598661490534,2081001
2021-02-18,3070.724609375,3200.25502218463,3058.1224563953488,3188.0976028129276,1477343
2021-02-19,2886.090576171875,3073.1955252729595,2862.418345642998,3054.2676828054105,2037556
2021-02-22,2895.579345703125,2933.484499020101,2833.6556826347987,2884.607963418128,1246303
2021-02-23,2962.000732421875,3017.1042748703676,2903.4377747524013,2911.0484399766297,1465930
2021-02-24,3024.17041015625,3083.8206921843557,2965.2616724887366,2980.0382650435363,1088420
2021-02-25,3055.503662109375,3103.5399652468154,3022.4413459540137,3065.041666870686,819639
2021-02-26,3023.182861328125,3137.145930870796,2985.6234961185146,3034.401347197489,2103433
2021-03-01,3045.42138671875,3062.076093369539,2972.674985193348,3003.8097162911986,678218
2021-03-02,3051.500244140625,3115.449945716215,3031.8308563600126,3069.4891517835363,944553
2021-03-03,3021.551513671875,3083.3267736013786,3014.0395455406037,3078.977891826185,536623
2021-03-04,3006.824462890625,3045.56985861857,2982.0154213630626,3022.5399928830775,687383
2021-03-05,2846.10986328125,2982.7567424611884,2836.720023482267,2965.2125680999306,1486110
2021-03-08,2833.359375,2901.806360988444,2813.739456499688,2867.3603805411767,952087
2021-03-09,2852.63330078125,2893.009465338169,2793.9219497542304,2837.2140995879868,883183
2021-03-10,2870.424560546875,2891.032642087644,2847.3452273455987,2876.2560484511646,432551
2021-03-12,2941.836669921875,2995.8528580205448,2893.5530326146963,2897.11138393526,1512021
2021-03-15,2961.852294921875,2989.9228793145617,2881.19841097585,2963.235964358696,918701
2021-03-16,3037.61279296875,3044.284520407956,2956.1189260658502,2967.1890033326895,1081398
2021-03-17,2962.642578125,3046.558237382539,2935.5604002492396,3044.2848595177297,740599
2021-03-18,2924.391357421875,3029.4587685202414,2888.1169727948272,2990.911006049674,789785
2021-03-19,2900.57080078125,2948.2612991389205,2853.7697695996762,2919.745744011583,2288304
2021-03-22,2871.4130859375,2910.109013142801,2841.6620235324963,2879.2213824522305,488626
2021-03-23,2912.580322265625,2933.386280694242,2863.2590450451676,2884.0647621641456,630061
2021-03-24,2885.744384765625,2942.3305131742577,2870.3746544643363,2923.5508373705193,627981
2021-03-25,2776.773193359375,2958.2935123173543,2755.176466951094,2893.058840812862,1001626
2021-03-26,2818.63232421875,2871.314318496463,2786.3115538180823,2807.068042867454,918204
2021-03-30,2891.67529296875,2936.449808151496,2841.6619461919286,2868.8430604598516,1420415
2021-03-31,2868.991455078125,2893.9981304757816,2848.630472630856,2867.360684614863,665173
2021-04-01,2860.490966796875,2880.160112089468,2810.4281537697952,2852.88030340118,842489
2021-04-05,2885.64599609375,2980.0385950411564,2852.534456148848,2888.1170065373994,1241115
2021-04-06,2948.953369140625,2980.038632652138,2893.2566965139763,2904.9199142171256,1015604
2021-04-07,3061.878173828125,3078.878675556439,2963.9767025119972,2964.223803529297,1240450
2021-04-08,3078.483642578125,3107.7402604467015,3053.5756651085026,3098.4493580195035,800699
2021-04-09,3095.830078125,3127.459012112441,3069.8844682134277,3111.0021789209472,934037
2021-04-12,2969.907470703125,3082.8326486806045,2944.505531446263,3082.8326486806045,961549
2021-04-13,2946.185791015625,3026.3946945558287,2916.7807663464264,2997.1875437724357,544916
2021-04-15,2958.787841796875,3003.7107624374644,2868.6454310068925,3001.783422594658,692875
2021-04-16,3025.505126953125,3037.3659768464404,2959.2820483821156,2964.9653722893295,622872
2021-04-19,3120.787109375,3205.5427636810196,2970.7967823669715,3002.7717525561156,3552506
2021-04-20,3231.7353515625,3270.629149210983,3144.854728166227,3172.77714384021,2575420
2021-04-22,3191.507568359375,3295.4384107055644,3179.943287934117,3231.0932032812584,1307224
2021-04-23,3162.942626953125,3260.7451655762525,3134.229439236828,3220.2205969831557,1030125
2021-04-26,3137.83740234375,3215.278970537321,3115.4501429860547,3192.8917111796254,557667
2021-04-27,3154.046875,3167.835063598362,3121.1824394728096,3162.8930432183333,505348
2021-04-28,3162.15185546875,3211.3249600431254,3145.695023526994,3172.777199673263,575824
2021-04-29,3201.342529296875,3222.197956150416,3162.152396077981,3162.152396077981,589707
2021-04-30,3160.422119140625,3271.6175807210225,3145.892627089372,3218.2437591624316,906562
2021-05-03,3167.1435546875,3184.440627796275,3103.5891178030497,3171.591373486899,728281
2021-05-04,3144.36083984375,3205.6418998265594,3129.6829410498267,3195.658920950674,581864
2021-05-05,3294.251953125,3318.072588637868,3139.319609285564,3162.695511212009,1679977
2021-05-06,3308.3369140625,3346.637575568623,3262.425588725469,3318.9130317067184,1124908
2021-05-07,3272.457763671875,3357.608679131307,3263.7102909895716,3308.336638935202,774478
2021-05-10,3285.1591796875,3303.8401649246575,3223.779420133039,3276.560110916253,627199
2021-05-11,3220.418212890625,3276.5596144253527,3207.618427967987,3276.5596144253527,670759
2021-05-12,3159.68115234375,3236.924844685363,3148.6605419469342,3236.924844685363,703372
2021-05-14,3104.52783203125,3174.506891078045,3059.4567495318333,3162.893142819256,842794
2021-05-17,3115.79638671875,3152.9602435543984,3078.9783266017707,3110.508327198226,847722
2021-05-18,3126.81640625,3151.477040566218,3103.5889096333176,3137.194649419156,639445
2021-05-19,3192.24853515625,3198.5744659078414,3125.0370592691906,3143.3225343266995,711069
2021-05-20,3182.61181640625,3234.799602507105,3176.7308601200325,3208.2608552072156,752076
2021-05-21,3210.08984375,3221.6046565263377,3187.6036474770995,3208.755401513252,471439
2021-05-24,3223.284912109375,3246.9076750784916,3202.577651849238,3210.336721051732,611909
2021-05-25,3162.54736328125,3229.116481859969,3133.883641832233,3228.3751787190463,622276
2021-05-26,3146.683837890625,3182.6616557359625,3141.24761456561,3167.8355921222856,260821
2021-05-27,3161.905029296875,3186.219869090714,3117.0315752330143,3149.5499768222858,1084157
2021-05-28,3112.83056640625,3169.8119665686236,3103.5888914953157,3161.9047337240495,555829
2021-05-31,3132.005615234375,3149.352156134517,3088.7629341561883,3108.5310169347877,635444
2021-06-01,3202.231689453125,3211.3249590191454,3124.1972330937574,3153.0091164269234,706976
2021-06-02,3235.64013671875,3262.7223157023973,3182.6615742386307,3206.679844939685,843219
2021-06-03,3385.9267578125,3395.1684336243793,3229.165996172412,3233.070144508106,1098294
2021-06-04,3340.9541015625,3388.8917015527927,3335.8639168502577,3385.630160992886,380548
2021-06-07,3276.8564453125,3340.9543119732757,3269.641046494528,3340.9543119732757,526855
2021-06-08,3251.305908203125,3274.0886715987363,3217.8485732806244,3260.7452158805227,766456
2021-06-09,3267.5654296875,3292.9676113082455,3213.302134279046,3251.8498990396993,587528
2021-06-10,3287.135986328125,3306.212236733236,3258.8183009140384,3283.923672495723,749909
2021-06-11,3297.860107421875,3307.2004789225984,3263.414124260115,3303.592900088387,277612
2021-06-14,3311.3515625,3321.0379715121658,3246.907659648055,3306.2119091393433,317756
2021-06-15,3260.0537109375,3318.02352234074,3256.7919287257128,3316.096182359565,461588
2021-06-16,3256.0009765625,3286.4438733353177,3239.988877231029,3271.6178107488427,419575
2021-06-17,3203.022216796875,3244.8809829515594,3187.8006498509703,3219.2319464695743,356502
2021-06-18,3184.144287109375,3215.2790209426657,3125.8779049118575,3197.4877444665,520516
2021-06-21,3200.45263671875,3214.2902948145074,3144.113600186023,3157.9512582817806,200280
2021-06-22,3220.418212890625,3264.6492966751,3192.6442022720535,3200.4524981928485,567861
2021-06-23,3207.173828125,3236.9741166673775,3174.754123804305,3236.9741166673775,504942
2021-06-24,3166.105712890625,3243.596504649187,3105.3188553731743,3192.4465879576737,1754163
2021-06-25,3399.12158203125,3424.8200877401223,3184.885000785169,3215.5255268226706,3717669
2021-06-28,3414.095947265625,3449.5303310004565,3362.748402205059,3407.8691944435877,1213113
2021-06-29,3549.507568359375,3563.1475942817656,3380.342289768073,3380.342289768073,2268589
2021-06-30,3577.874755859375,3617.4109207207425,3541.0567023322265,3575.0577075891624,1291906
2021-07-01,3635.79541015625,3654.0808880017385,3553.3131272719042,3577.875068361179,876022
2021-07-02,3689.91064453125,3701.4749258272586,3624.4783323884535,3658.084076402963,573795
2021-07-05,3674.985595703125,3719.315377395451,3659.764026886978,3716.3996333918126,444545
2021-07-06,3663.273193359375,3707.257181785545,3653.1420499578417,3674.788006165072,344090
2021-07-07,3672.5146484375,3714.2252563524416,3654.7233732909704,3671.921509408771,466002
2021-07-08,3628.82666015625,3676.8631951979955,3614.593737859965,3657.095113503383,459811
2021-07-09,3682.695068359375,3700.585280689976,3630.4085833264644,3630.4085833264644,469932
2021-07-12,3703.94580078125,3744.865879427413,3686.846601177139,3701.573727226234,464757
2021-07-13,3706.812255859375,3726.234301531964,3677.851965034829,3724.306961636989,246112
2021-07-14,3711.260009765625,3731.22572565156,3665.8921137725983,3710.4692381711143,395272
2021-07-15,3718.722412109375,3753.9589231713835,3707.0591949971586,3731.0774638575695,399845
2021-07-16,3735.2783203125,3743.086616783794,3699.003693983593,3718.722550354452,226565
2021-07-19,3838.714599609375,3874.4947814101147,3721.3416073458116,3735.278202319475,1044561
2021-07-20,3837.923583984375,3862.683154513582,3773.0349524903463,3844.8918810281048,357815
2021-07-22,3939.087158203125,3957.570267785255,3844.8921932279327,3844.8921932279327,760359
2021-07-23,3873.457275390625,3953.369854631383,3867.625786904832,3939.0874616408746,335985
2021-07-26,4052.803466796875,4110.575405691779,3884.428706128252,3891.3475358847145,1982531
2021-07-27,4030.959228515625,4141.067354404984,4003.4815448579498,4073.1145690287935,859687
2021-07-28,3981.6875,4052.4573393277196,3939.285055095275,4052.4573393277196,455244
2021-07-29,3991.917236328125,4007.534070064261,3946.895379309845,3993.1527415080473,449417
2021-07-30,3988.2109375,4039.0642852069423,3961.029822064746,3984.2573207094174,627367
2021-08-02,4001.2080078125,4045.488560273688,3988.260058736419,4012.5746550957947,344295
2021-08-03,4045.24169921875,4176.007619201466,4016.924016265643,4043.166195247044,981680
2021-08-04,4019.24658203125,4080.725513866594,4005.6560248233677,4063.131630236859,305863
2021-08-05,4026.511474609375,4064.0216057881285,3989.199217311675,4037.4333889147297,270458
2021-08-06,4040.6455078125,4129.601637232112,4025.96761011834,4042.3752150211235,717143
2021-08-09,3957.27392578125,4063.329746807076,3943.7328362345497,4061.352938367861,431991
2021-08-10,4015.6884765625,4039.4101764441616,3953.6166469435643,3977.3383468252255,364246
2021-08-11,3979.661376953125,4035.8025428852443,3869.6024719362745,4017.8631030449437,831738
2021-08-12,4085.173583984375,4094.909462088996,3929.2528180588233,3980.303799570186,556973
2021-08-13,4016.9736328125,4097.676739762475,3991.3738190742224,4096.886209444844,553736
2021-08-16,4294.71484375,4323.773828390794,4077.315164234254,4097.923486686073,3709012
2021-08-17,4863.4423828125,4916.322002257773,4282.013669939935,4294.615822237641,8069431
2021-08-18,4735.26708984375,4908.442333013347,4709.701159227497,4796.684528534099,2941548
2021-08-20,4694.322265625,4880.453597606554,4645.5644080803895,4667.124569995654,2331020
2021-08-23,4691.10791015625,4786.448097669676,4668.311489748916,4727.453920950166,699991
2021-08-24,4787.5361328125,4835.206468332247,4698.426496268735,4767.014235429686,1576663
2021-08-25,4719.19580078125,4826.354820478496,4697.783892883782,4811.519713448336,469002
2021-08-26,4648.72900390625,4727.454067810678,4595.32261903977,4723.943285674725,800419
2021-08-27,4712.71826171875,4778.882746204115,4624.943873530502,4665.245916557782,937887
2021-08-30,4705.2509765625,4774.9267264551345,4669.696457732394,4737.542447735763,632354
2021-08-31,4914.92041015625,4990.530201801243,4713.707190281682,4713.707190281682,2883159
2021-09-01,4983.65576171875,5016.045742473546,4890.936351161126,4930.2001240507,841956
2021-09-02,4988.0576171875,5065.694679336646,4957.892898772864,4983.656342154985,900686
2021-09-03,4959.42626953125,5017.530447310599,4912.399166468513,4998.442799946017,567961
2021-09-06,4940.58544921875,4984.59626945501,4917.34378010522,4973.717190295485,439776
2021-09-07,4823.43701171875,4967.782794954605,4806.574633382318,4965.211279843731,479021
2021-09-08,4758.50927734375,4847.569667919595,4739.421631020347,4846.135414274387,642506
2021-09-09,4667.66748046875,4767.013420117741,4633.497484077099,4762.76088346853,838279
2021-09-13,4693.67919921875,4743.277806134286,4629.888244569946,4682.948376156348,1151299
2021-09-14,4680.42724609375,4720.531294282391,4645.070239227923,4720.531294282391,528943
2021-09-15,4739.37158203125,4766.223512836164,4635.031326340418,4697.784023994821,659281
2021-09-16,4827.09716796875,4836.245485092903,4739.372031137065,4766.025969869673,779552
2021-09-17,4854.294921875,4891.13544259824,4810.976596713558,4821.4104302227115,814867
2021-09-20,4824.4755859375,4898.106874095166,4729.135398972572,4810.530489375296,434640
2021-09-21,4837.8271484375,4864.876588766283,4737.492186605224,4804.596413834023,462221
2021-09-22,4850.9814453125,4954.926201328291,4816.366192409009,4870.860587134099,562041
2021-09-23,5028.310546875,5077.562911754994,4851.080265321046,4877.189958545545,696944
2021-09-24,4679.783203125,5140.858466950774,4659.755811059637,5099.419169580962,1949974
2021-09-27,4515.361328125,4718.55303700031,4415.02684411429,4696.596885456861,1885178
2021-09-28,4362.5595703125,4579.003870483293,4327.895064662496,4529.65251283232,1051440
2021-09-29,4374.873046875,4457.554139664069,4351.6313792811125,4371.411521914209,571896
2021-09-30,4432.33447265625,4451.174865411938,4335.461030620658,4396.136714933686,808446
2021-10-01,4410.37841796875,4470.312348247004,4386.2467399281995,4432.334570012768,534563
2021-10-04,4498.25146484375,4514.817333482486,4392.032200721978,4410.872592485961,535335
2021-10-05,4433.1259765625,4526.537903979398,4419.922633264499,4520.7521150158145,425555
2021-10-06,4330.615234375,4459.43342090708,4308.115320796461,4445.587320243363,480575
2021-10-07,4379.61962890625,4418.8834010831,4332.839789647506,4361.52099345937,276775
2021-10-08,4331.10986328125,4409.983188986948,4317.610011326271,4409.983188986948,269607
2021-10-11,4329.033203125,4374.330027176744,4312.071824526407,4352.7201211064075,331320
2021-10-12,4303.46630859375,4358.60345323399,4246.103898026326,4301.191785478073,612692
2021-10-13,4329.37890625,4360.5326322458595,4292.29113720731,4336.796460058538,302343
2021-10-14,4280.818359375,4381.054328453642,4264.944988124476,4355.538137698084,436160
2021-10-18,4282.7958984375,4400.092227472045,4274.142087021366,4400.092227472045,345049
2021-10-19,4253.76953125,4339.417657531159,4180.187486844724,4304.159644890476,285362
2021-10-20,4101.1650390625,4269.889740616358,4089.5442060706428,4253.768635739065,510321
2021-10-21,4089.396484375,4188.346460767949,4030.4515591497716,4140.973112854449,698306
2021-10-22,3984.116455078125,4143.396352274686,3958.353011025151,4109.819365114362,347114
2021-10-25,4118.2255859375,4204.170206794249,3911.5231009564873,4000.929246681339,1151030
2021-10-26,4221.03271484375,4261.1367564406855,4090.0877987338995,4118.225241689454,790450
2021-10-27,4229.5380859375,4277.554670000119,4168.813147074146,4231.7633518944,623848
2021-10-28,4242.3466796875,4266.57735777407,4178.555710847345,4230.7751014765945,537955
2021-10-29,4215.1982421875,4301.192617484572,4115.308507911588,4242.3466849160895,705546
2021-11-01,4288.9287109375,4302.181310806445,4211.192648600884,4234.13780875732,239375
2021-11-02,4242.74267578125,4346.687448318094,4223.6052863373025,4292.2920422526795,389193
2021-11-03,4389.8076171875,4401.032945906241,4252.780374801114,4269.544240627846,667752
2021-11-04,4389.75830078125,4428.774833198572,4371.264153418993,4399.104613235205,69818
2021-11-08,4356.92236328125,4425.806608663538,4329.872923514853,4389.806848138917,285968
2021-11-09,4483.0703125,4505.471227359335,4371.411504367106,4405.037746708392,547476
2021-11-10,4502.80126953125,4533.608745466251,4430.752002549913,4472.389299870891,359967
2021-11-11,4517.04296875,4676.124867625891,4477.284687600795,4495.136556655121,1110123
2021-11-12,4618.1689453125,4636.465577818824,4520.8999942975,4562.191043332042,423439
2021-11-15,5025.09619140625,5090.963682831026,4748.025445416763,4748.025445416763,3044498
2021-11-16,5040.82177734375,5147.78281651629,4984.596617721826,5024.156908338666,1118231
2021-11-17,5670.91796875,5780.153523108099,5019.359742403976,5024.156523856927,6482125
2021-11-18,5527.1650390625,5779.559354997481,5485.181495539494,5670.917314078002,2165157
2021-11-22,5359.92431640625,5578.000395706477,5254.595053614984,5535.473087725027,1204625
2021-11-23,5394.2919921875,5479.099351279965,5291.188001687331,5315.4186757137495,763056
2021-11-24,5337.86962890625,5421.193482008073,5246.781973027639,5405.913128244118,697909
2021-11-25,5638.37890625,5686.790998436932,5266.512225308733,5340.638502879901,1575738
2021-11-26,5625.07763671875,5870.15343596584,5565.588948218293,5646.242294928704,2613669
2021-11-29,5664.53857421875,5793.604010087025,5488.989801294468,5706.571379003437,1189390
2021-11-30,5625.2255859375,5765.862600046275,5567.714915024779,5691.736318767582,1352746
2021-12-01,5509.7587890625,5701.626174644644,5470.891001540441,5655.835337127352,835169
2021-12-02,5531.4677734375,5745.14257660095,5517.522675937215,5563.907015030606,1236317
2021-12-03,5372.6826171875,5592.489467407557,5360.419024489115,5531.468012910192,844674
2021-12-06,5241.53955078125,5407.890735480685,5218.050632535517,5406.901728396654,489242
2021-12-07,5256.22705078125,5375.501416407496,5178.392473417313,5241.540197189426,595254
2021-12-08,5274.86962890625,5308.001368395959,5219.979732139718,5254.594982352846,557196
2021-12-09,5175.27685546875,5326.792956723731,5153.716690955693,5310.968840996367,689987
2021-12-10,5187.63818359375,5269.824761237354,5173.0010732730025,5207.121814507668,416165
2021-12-13,5149.4638671875,5270.419251899173,5118.11214647743,5228.584441432561,480443
2021-12-14,5154.705078125,5192.287348456686,5009.37028955846,5069.650466321709,1007056
2021-12-15,5135.46923828125,5211.96904320043,5113.216575869226,5172.507751772512,377883
2021-12-16,5147.09033203125,5184.3760992028265,5086.464379664277,5172.458754788111,265216
2021-12-17,4734.08056640625,5142.837015240592,4678.003669632309,5142.837015240592,1133941
2021-12-20,4653.228515625,4770.96960170565,4592.107595407253,4727.453295222431,994682
2021-12-21,4794.31103515625,4816.464698170859,4643.43770850746,4707.67391443394,1004676
2021-12-22,4723.052734375,4846.382114767954,4697.783795754865,4846.33285757766,779992
2021-12-23,4823.931640625,4845.146037198893,4733.931989801342,4750.201350615694,582129
2021-12-24,4789.267578125,4852.020280909895,4770.723692303659,4826.355349767682,348742
2021-12-27,4786.84375,4806.574635341393,4702.72888704698,4800.986841658754,315490
2021-12-28,4790.9482421875,4840.200601113485,4757.322001803794,4801.431330799769,348173
2021-12-29,4921.8935546875,4936.431671448575,4779.872017646649,4811.52024950361,861183
2021-12-30,4916.107421875,4954.579704452543,4885.695451202032,4944.986624590079,617460
2021-12-31,4958.28857421875,5001.211389893722,4898.552636230851,4925.255830492558,504012
2022-01-03,4935.6396484375,5012.287694275373,4924.117812968461,4983.062729318112,310798
2022-01-04,4910.02490234375,4973.61786774302,4867.003092117226,4959.870765195892,369814
2022-01-05,4918.57958984375,5082.161268591072,4867.892975661979,4907.45325990141,966342
2022-01-06,4909.87646484375,4982.617743499338,4851.079799893659,4915.365261054329,585391
2022-01-07,4966.64599609375,5003.486514977585,4903.497788618857,4905.475803055573,549876
2022-01-10,5009.568359375,5029.1012501696605,4908.442380450742,4966.6455465659155,542304
2022-01-11,5003.43701171875,5084.9808538979205,4965.112980193214,4994.486689134396,742409
2022-01-12,4959.27734375,5042.94744500969,4950.623531209534,5019.211273470127,360219
2022-01-13,4928.56884765625,4995.475084365407,4898.700638741864,4969.661901324168,457570
2022-01-14,4919.37109375,4959.871131951042,4875.8055195450925,4942.95901216664,207639
2022-01-17,4857.75537109375,4929.90362845653,4846.134538272382,4919.321059870782,337077
2022-01-18,4565.05908203125,4855.926186030973,4455.4772812429455,4846.1351116737915,3507266
2022-01-19,4466.30712890625,4564.268096069206,4351.631554215494,4564.268096069206,2404880
2022-01-20,4593.74072265625,4673.059297980037,4440.642592154575,4475.257846213686,2747887
2022-01-21,4640.07568359375,4681.712984645156,4494.889615096504,4598.834371766108,1008450
2022-01-24,4448.7021484375,4659.014409691565,4413.196890464189,4638.443255370507,737762
2022-01-25,4436.6865234375,4485.147878686817,4203.379809748526,4366.46700868849,917284
2022-01-27,4245.06591796875,4378.334630752555,4104.37965159772,4378.334630752555,1244330
2022-01-28,4429.3681640625,4514.818297692379,4287.593871866568,4298.22570027844,932049
2022-01-31,4408.35107421875,4533.60873197831,4310.142375420511,4533.60873197831,934551
2022-02-01,4462.44921875,4482.427355005769,4395.147479871066,4429.564733217661,548762
2022-02-02,4615.00390625,4631.520518947046,4470.955110331206,4480.202423837309,676206
2022-02-03,4591.76220703125,4653.03139319494,4552.201920995266,4616.636123207294,777217
2022-02-04,4636.3671875,4741.300957762041,4551.164305878488,4588.993834796803,829635
2022-02-07,4425.955078125,4672.613355132457,4401.130903045428,4635.871837525627,597040
2022-02-08,4351.1376953125,4479.90664127483,4331.852052612513,4448.06041247141,628869
2022-02-09,4526.93359375,4536.57641477552,4381.351528281276,4465.071381259455,842211
2022-02-10,4540.185546875,4572.180024551007,4478.323343212496,4525.745945996696,487802
2022-02-11,4465.26708984375,4562.734008137859,4427.2400648522,4559.321741218178,572726
2022-02-14,4437.0322265625,4626.575346115523,4354.351134055177,4429.861924882436,1094132
2022-02-15,4612.13623046875,4623.608810946028,4452.411562454251,4480.202762264279,791080
2022-02-16,4534.3994140625,4672.069391150062,4504.976453777421,4643.388186166287,584166
2022-02-17,4514.52099609375,4616.19073491529,4499.982398257005,4533.60864035387,520450
2022-02-18,4422.39501953125,4542.312144362567,4413.493954595317,4454.488496826835,388145
2022-02-21,4377.98876953125,4475.208470242382,4342.384509158258,4421.851336879048,392246
2022-02-22,4525.74560546875,4554.92131400771,4252.730397204364,4279.433588070531,833525
2022-02-23,4560.11376953125,4682.948645217506,4540.037118452156,4544.487650427548,755051
2022-02-24,4333.7802734375,4485.147631541589,4303.219564765961,4376.356840037824,814710
2022-02-25,4582.51513671875,4695.410200503918,4416.658453025964,4519.762443112278,1187316
2022-02-28,4750.00341796875,4772.94857735773,4520.9497449304135,4564.26806558349,1617666
2022-03-02,4807.81103515625,4850.041833865793,4727.652198360401,4773.93754007698,1194676
2022-03-03,4863.7392578125,4914.376617981515,4821.45920137887,4826.354980026121,930907
2022-03-04,4695.06396484375,4835.651227806559,4680.179601124498,4826.3546576307335,738388
2022-03-07,4613.0751953125,4680.772439091635,4533.460126664619,4569.212635443648,643012
2022-03-08,4670.33837890625,4687.89325343123,4544.882742408397,4608.772692191885,670238
2022-03-09,4659.16357421875,4761.970580973485,4642.399709329142,4726.4653197452,447387
2022-03-10,4717.267578125,4766.025437264405,4692.838908449803,4752.772838088814,363906
2022-03-11,4800.73876953125,4809.540834871294,4683.195196036252,4695.805034745816,436703
2022-03-14,4869.376953125,4961.40387999371,4810.580281872138,4836.245211898294,626924
2022-03-15,4760.04296875,4944.0475872691295,4648.334398912764,4895.536971441713,686998
2022-03-16,4889.3056640625,4902.657262126422,4779.081094238561,4839.8060436650685,477521
2022-03-17,4786.6953125,4943.057429821991,4771.860206168001,4892.6180682931945,852493
2022-03-21,4714.99267578125,4860.871233050136,4702.778340674649,4821.409943632674,509842
2022-03-22,4626.1796875,4774.926258112838,4422.691477556604,4745.256045241383,1255679
2022-03-23,4557.54296875,4664.207004177422,4545.081382003569,4645.861114601878,896055
2022-03-24,4577.66943359375,4633.499087482474,4508.488664394398,4549.384211834643,719101
2022-03-25,4631.71826171875,4711.6298425409805,4571.586340059052,4618.663174783035,968364
2022-03-28,4607.388671875,4668.113612540147,4549.4820151746535,4660.992568101327,524802
2022-03-29,4563.03173828125,4645.8610870931825,4548.493140010891,4634.388507570532,778391
2022-03-30,4564.0703125,4642.103368263423,4529.306805400206,4625.586754571686,4839707
2022-03-31,4466.45556640625,4583.751918324578,4451.373206424229,4574.158355203329,1225845
2022-04-01,4457.35546875,4507.893822092015,4406.12510026901,4507.893822092015,827880
2022-04-04,4514.76806640625,4532.915960007005,4449.54285626576,4506.905266948892,619577
2022-04-05,4504.185546875,4554.377656773207,4492.218464484034,4554.377656773207,487075
2022-04-06,4462.15283203125,4558.33377355395,4448.702238742008,4516.7954749014725,653418
2022-04-07,4486.63134765625,4533.312682585063,4440.642510961438,4481.191807832132,413722
2022-04-08,4555.51513671875,4577.619542858112,4464.378225442696,4523.718653782652,685882
2022-04-11,4610.8994140625,4635.1300883245485,4525.202044326595,4556.355768377799,652187
2022-04-12,4575.4443359375,4630.532236400623,4544.043353770538,4617.675141340134,574409
2022-04-13,4692.29541015625,4711.630307779422,4578.114335581643,4578.114335581643,812061
2022-04-18,4504.43310546875,4692.2952084780545,4468.334344166827,4672.564322491406,579482
2022-04-19,4763.40478515625,4816.464923303546,4533.015371480816,4543.498944077308,1713344
2022-04-20,4728.39404296875,4796.684795186299,4679.388447735712,4753.168479518629,777140
2022-04-21,4831.54736328125,4849.744998950577,4717.663282210468,4786.79478804181,771623
2022-04-22,4760.7841796875,4806.575020150211,4735.36650133317,4796.6356908974685,381911
2022-04-25,4624.646484375,4713.212360456459,4557.690993053792,4713.212360456459,421185
2022-04-26,4573.21923828125,4688.883840894677,4550.422812055771,4680.971782103882,548203
2022-04-27,4473.22998046875,4607.734949808063,4450.532073727286,4569.21292902668,476441
2022-04-28,4487.96630859375,4552.400029504439,4455.526583484323,4529.652864464551,552600
2022-04-29,4405.3837890625,4545.47654554246,4382.290377131993,4495.037184397407,465103
2022-05-02,4257.4287109375,4391.191933692433,4242.840854851473,4391.191933692433,568610
2022-05-04,3969.182373046875,4277.802097026564,3952.1220000117087,4255.203187466819,1729814
2022-05-05,3905.688232421875,4009.583240357908,3886.7980992752377,3997.566900068832,1122769
2022-05-06,3785.276611328125,3855.7926279426306,3749.3756034994153,3855.7926279426306,891448
2022-05-09,3724.947265625,3766.0898191809893,3698.540580919072,3763.172296309645,521295
2022-05-10,3646.370361328125,3741.1172945005173,3621.5464267605303,3728.556951998677,836241
2022-05-11,3639.2001953125,3693.842842337954,3579.859764153636,3669.117662688427,524764
2022-05-12,3541.486572265625,3609.876324404135,3502.5195432322007,3609.876324404135,717916
2022-05-13,3508.799560546875,3672.084493600903,3491.1951852590205,3562.304701656498,957908
2022-05-16,3646.22216796875,3667.139572939566,3513.991958212398,3541.6346602010153,600622
2022-05-17,3771.23291015625,3790.815302056823,3637.6181751514046,3671.1949230990467,843357
2022-05-18,3693.94189453125,3799.765665003765,3684.0518225244728,3779.9855209902107,427461
2022-05-19,3591.8759765625,3676.980084446276,3569.920067585394,3569.920067585394,572640
2022-05-20,3627.67822265625,3654.381415680165,3546.5796364354724,3654.381415680165,692428
2022-05-23,3676.09033203125,3723.2659280561597,3625.700462546636,3627.678476983377,401917
2022-05-24,3591.72802734375,3698.887057807075,3573.7776426165415,3698.887057807075,471324
2022-05-25,3485.558349609375,3633.5631901183233,3447.827577604974,3610.123766247495,370431
2022-05-26,3622.535400390625,3668.227481963568,3324.5969994897014,3348.7781757693833,1730687
2022-05-27,3819.29833984375,3837.347720228847,3533.722526901461,3659.326434238849,1733752
2022-05-30,3849.166015625,3872.5066790465626,3778.452010159868,3847.2375001309483,666686
2022-05-31,3935.55615234375,3955.830798671766,3796.847901245982,3812.6225168049523,1361696
2022-06-01,3796.798583984375,3945.891417153337,3748.3867305601816,3896.243304747643,794887
2022-06-02,3605.17822265625,3802.732395888699,3583.914569467275,3802.732395888699,1891062
2022-06-03,3549.348876953125,3653.342881277046,3507.3655720967263,3648.4473442190247,1305662
2022-06-06,3593.755126953125,3609.7769940204757,3503.1622195520144,3540.74449014653,561188
2022-06-07,3569.62353515625,3593.755212900815,3486.2501845783727,3593.755212900815,490554
2022-06-08,3596.2275390625,3604.9308497620664,3517.8982256800196,3560.4255306292016,342056
2022-06-09,3629.7060546875,3640.189386514746,3521.8547673128764,3584.953477259556,483671
2022-06-10,3659.82080078125,3674.1614038379525,3555.9750545085753,3580.7002321925456,624657
2022-06-13,3611.755126953125,3637.617808888876,3552.513695046631,3608.8871027909677,523342
2022-06-14,3665.45849609375,3716.540863680468,3582.9258921998776,3588.3159332363653,655865
2022-06-15,3681.77685546875,3714.8098390313194,3605.821058336819,3696.859214450764,466405
2022-06-16,3623.376220703125,3733.5022717110337,3606.9093470013613,3703.832054982204,678602
2022-06-17,3660.562744140625,3683.0626569887704,3517.008451716395,3560.4257693768996,768620
2022-06-20,3769.798583984375,3782.9524276450684,3642.4144121163595,3659.3265313167985,673219
2022-06-21,3766.3369140625,3826.468596015729,3752.342559718988,3807.6279618484027,596024
2022-06-22,3746.11181640625,3765.8919593217342,3672.4307840460715,3747.397573987121,359601
2022-06-23,3808.17236328125,3814.600910317045,3682.2221951587467,3720.447469714926,646244
2022-06-24,3796.204833984375,3878.885925824347,3720.644786576031,3859.1057834183075,1024811
2022-06-27,3752.787841796875,3827.457885822613,3733.5022012869163,3806.688734504196,708737
2022-06-28,3795.16650390625,3804.3640768002188,3681.9744477837653,3717.7271994372045,463753
2022-06-29,3672.183349609375,3775.9795961043055,3654.381221870897,3725.7874859527633,567477
2022-06-30,3643.0078125,3724.106398254038,3616.2056223327045,3673.1725303719286,534241
2022-07-01,3695.0791015625,3703.8319117417386,3595.238874422537,3639.546444648758,316894
2022-07-04,3728.656005859375,3741.2163485517535,3659.3760057246022,3690.974736325412,300790
2022-07-05,3775.435791015625,3832.155447548521,3719.6558844389924,3719.6558844389924,468762
2022-07-06,3840.809326171875,3846.7928678128837,3741.908609648845,3767.227289661472,390568
2022-07-07,3872.210693359375,3886.7985505146144,3825.7273519155615,3851.2437876377912,398354
2022-07-08,3892.88037109375,3902.622188039426,3867.017930875356,3874.9299880229273,268377
2022-07-11,3890.01220703125,3924.5284585132017,3852.2321838019634,3891.742969470023,199806
2022-07-12,3886.50146484375,4053.6439196298006,3857.12799990507,3857.12799990507,1125104
2022-07-13,3825.7763671875,3915.429767827824,3818.754319912177,3907.7154638460042,385514
2022-07-14,3855.19970703125,3935.556545007319,3837.397576771936,3883.8314182402773,656393
2022-07-15,3888.4794921875,3900.644328826881,3832.402833216066,3855.1994970701758,318645
2022-07-18,3903.71044921875,3927.1498717686263,3847.3862955297,3896.787398759311,291155
2022-07-19,3976.006591796875,3988.6164332627536,3880.270649082211,3901.0397997318937,412946
2022-07-20,4065.066650390625,4096.171118516193,3985.748325015831,4045.0392555434964,753440
2022-07-21,4104.42919921875,4124.011831822877,4051.319801524389,4066.7976678555488,542974
2022-07-22,4079.950927734375,4123.764233422215,4044.989670498606,4104.5775916476205,378496
2022-07-25,4143.84130859375,4206.148764267184,4092.561186984544,4098.445973185843,1127478
2022-07-26,4065.01708984375,4142.901397325969,4043.0609395214124,4138.994626197923,363638
2022-07-27,4080.247802734375,4091.473129941693,3977.7865702302543,4066.7972095442083,440198
2022-07-28,4144.4345703125,4159.764181537854,4089.5446720539762,4103.390772515586,364711
2022-07-29,4165.9951171875,4206.049911496855,4140.973426500471,4159.7645645715265,333278
2022-08-01,4240.96142578125,4246.549219292034,4143.939733061688,4193.390087871493,311325
2022-08-02,4278.345703125,4300.450108319451,4224.000052908324,4263.609593966573,440869
2022-08-03,4262.67041015625,4338.527457714313,4233.049933423914,4278.3960114134325,367949
2022-08-04,4347.47705078125,4360.532137167515,4262.620438011339,4275.428272632058,358472
2022-08-05,4326.01611328125,4373.389457452018,4287.345838546924,4347.477277903653,207510
2022-08-08,4378.68115234375,4425.36200274302,4331.9008217274195,4340.703372196337,445755
2022-08-10,4467.49365234375,4575.097922451951,4348.763534459409,4390.103841101374,867000
2022-08-11,4380.95556640625,4502.45519527668,4369.4337293206745,4489.697099213818,446510
2022-08-12,4265.3408203125,4346.4886682592305,4229.093802857915,4302.23059586714,1412625
2022-08-16,4301.58740234375,4333.383884160457,4160.653889997904,4302.180903188984,596342
2022-08-17,4258.41748046875,4322.010446217337,4238.736335023648,4301.192039147325,502434
2022-08-18,4231.2939453125,4302.647919216615,4214.7820137995695,4279.243385775328,580509
2022-08-19,4101.08203125,4273.739427909495,4085.8591339887357,4255.442122316909,719126
2022-08-22,3991.54736328125,4098.751683944974,3962.490352925056,4098.751683944974,723542
2022-08-23,4037.2158203125,4059.529372934507,3954.804577899078,3991.448341448155,497236
2022-08-24,4175.85693359375,4185.030281960607,4044.1573540222926,4045.198701449601,956039
2022-08-25,4134.25439453125,4204.715918159345,4122.255050457577,4180.071744715381,414795
2022-08-26,4180.31982421875,4200.649948504732,4121.759342835344,4172.138188835367,342452
2022-08-29,4216.26953125,4236.599656003763,4052.140963115959,4066.0249507526755,914112
2022-08-30,4287.07861328125,4301.5577286500775,4198.12219413706,4216.270359275113,848217
2022-09-01,4241.70703125,4293.07807784015,4208.831827652463,4262.384353263498,390072
2022-09-02,4276.61572265625,4361.555885377809,4248.500548649053,4274.086562740996,735146
2022-09-05,4247.06201171875,4272.896436233936,4197.922806625087,4246.516763044796,522750
2022-09-06,4378.91064453125,4385.356781817956,4256.186107726643,4263.276761895006,1078704
2022-09-07,4340.23388671875,4373.4562870855,4299.077778801732,4342.911706710997,396347
2022-09-08,4378.21630859375,4408.066980035054,4324.8623191258985,4363.539143351056,562760
2022-09-09,4423.3896484375,4437.81888695743,4378.415341906339,4400.133771896854,476210
2022-09-12,4444.462890625,4464.495210855634,4410.198901957172,4435.9340584989595,331303
2022-09-13,4452.89306640625,4482.5452044292315,4429.289993594064,4482.5452044292315,309270
2022-09-14,4390.91015625,4442.875839309198,4368.844534057002,4368.844534057002,362669
2022-09-15,4305.87060546875,4422.19838502608,4292.184671015813,4412.876376599747,427750
2022-09-16,4244.28564453125,4327.143109719298,4221.724163507105,4306.019806894022,458526
2022-09-19,4272.5,4295.110872547969,4191.675355319174,4260.301634249457,266140
2022-09-20,4521.568359375,4556.9228434571,4280.730675469547,4280.730675469547,1173769
2022-09-21,4566.64208984375,4629.814432916995,4518.246665175074,4518.246665175074,1177984
2022-09-22,4570.70849609375,4592.823998859564,4484.727221617588,4531.684470948817,511789
2022-09-23,4381.83642578125,4679.895705330962,4346.531330606245,4571.798940787399,1205497
2022-09-26,4247.2109375,4383.819450811527,4156.369898225873,4381.836024120978,843901
2022-09-27,4207.79052734375,4318.019373940609,4170.154810449594,4299.077551319618,651304
2022-09-28,4233.5751953125,4259.409136193055,4148.436501412594,4193.956050514652,395837
2022-09-29,4355.30859375,4368.150993688854,4249.4431722262225,4261.839591608398,631907
2022-09-30,4347.0771484375,4447.736075388356,4316.135975718814,4316.135975718814,761064
2022-10-03,4329.0283203125,4452.793981608357,4314.896401773988,4348.6640555351105,454169
2022-10-04,4367.90283203125,4407.720032113314,4329.027953465959,4393.290794417116,307009
2022-10-06,4354.11767578125,4413.124622987487,4325.159450853242,4389.769966148621,272050
2022-10-07,4357.68798828125,4396.265543052724,4317.47371899652,4343.308143847624,501530
2022-10-10,4304.63134765625,4383.3732959906065,4259.4091190677955,4338.746192298394,207878
2022-10-11,4240.1201171875,4326.201132543949,4228.318824342079,4326.201132543949,258216
2022-10-12,4251.525390625,4313.95395243533,4209.824029445512,4244.534003775451,621343
2022-10-13,4230.69921875,4282.169537223249,4200.898421517088,4234.715949000024,277038
2022-10-14,4261.5419921875,4288.169599149509,4228.716175235971,4265.360186388075,254366
2022-10-17,4255.29345703125,4264.912786284384,4186.071572507476,4254.450403810525,254734
2022-10-18,4329.8212890625,4340.7301379355395,4222.716227399937,4289.1610341720825,387469
2022-10-19,4352.38232421875,4369.390112728694,4305.127276036082,4343.70483168969,249672
2022-10-20,4286.681640625,4356.894763334946,4259.60805553615,4347.672021399653,370651
2022-10-21,4352.6796875,4393.290546630719,4286.8798880327695,4308.151850815702,364601
2022-10-24,4373.60498046875,4398.249156580939,4284.202109679742,4373.654856682366,30919
2022-10-25,4367.5546875,4413.024838343377,4335.7704704942425,4401.025010779776,474364
2022-10-27,4395.12548828125,4461.718951693447,4366.365797327902,4408.166423711352,421237
2022-10-28,4529.15478515625,4546.013911792478,4378.414358761735,4417.339107024792,691801
2022-10-31,4480.06591796875,4586.675123542993,4454.281365922887,4544.130709514344,433481
2022-11-01,4473.96630859375,4608.4921333940165,4432.958862980688,4539.072195942417,866656
2022-11-02,4346.77880859375,4495.238004066854,4333.787267078843,4474.610560425569,643118
2022-11-03,4358.580078125,4388.331477975683,4313.30846153255,4333.787244916098,457168
2022-11-04,4326.44873046875,4373.455846117427,4304.085304025249,4373.455846117427,669679
2022-11-07,4327.63916015625,4383.373652325563,4300.5161834287,4348.11843123676,356178
2022-11-09,4325.06103515625,4398.249296497502,4308.003369556966,4310.978510005555,378028
2022-11-10,4249.9384765625,4341.176111355556,4214.782042070497,4338.25036306762,527721
2022-11-11,4384.76123046875,4502.378528523438,4294.168120718526,4349.654675353259,1685313
2022-11-14,4518.94091796875,4530.147086375425,4388.530597947216,4393.290628862332,886587
2022-11-15,4573.732421875,4590.6409402204745,4489.486181978416,4522.21272140967,492794
2022-11-16,4442.13232421875,4571.798853524237,4424.03355435393,4566.840286437985,499585
2022-11-17,4363.83642578125,4478.528471702209,4334.482095550859,4452.793314420382,430622
2022-11-18,4362.6962890625,4412.133303231637,4284.202263421144,4393.2907469804795,385705
2022-11-21,4382.2333984375,4403.208042604233,4305.0284038164355,4367.456963790199,336664
2022-11-22,4432.76025390625,4442.875924034454,4343.7045864444,4384.315442881546,310657
2022-11-23,4567.0390625,4577.898034447745,4411.141511432495,4445.15708973534,799422
2022-11-24,4775.1494140625,4792.9508632905745,4575.765628641157,4591.633043044767,1822610
2022-11-25,4749.76171875,4844.519736065413,4711.679538554415,4775.099801259971,1069669
2022-11-28,4682.72216796875,4729.332699294972,4644.441932628285,4721.547652003045,598162
2022-11-29,4680.09423828125,4801.876454460781,4668.639657560729,4685.845982512844,910558
2022-11-30,4687.23486328125,4720.655803877032,4604.129460822048,4680.0948162053455,1113421
2022-12-01,4736.1259765625,4754.27413846587,4662.09418232495,4725.514449267808,611403
2022-12-02,4831.08203125,4842.486734394216,4703.745653973515,4731.464234874553,996306
2022-12-05,4738.75341796875,4861.329280611613,4727.447983019048,4844.5195462198735,684834
2022-12-06,4748.3740234375,4760.225194438546,4675.929539953697,4730.820983574096,354855
2022-12-07,4688.22607421875,4775.100269425407,4671.8628022674475,4764.885814568021,354913
2022-12-08,4665.515625,4738.257898718888,4642.606948933625,4698.738023435009,336491
2022-12-09,4646.27685546875,4696.705582051722,4636.508380983597,4688.8212663045715,271785
2022-12-12,4703.00244140625,4716.5891091953135,4591.633216058516,4638.243747625416,445259
2022-12-13,4640.0791015625,4721.895470518339,4622.674237988993,4706.67257047771,363818
2022-12-14,4627.4833984375,4672.953554810844,4618.012729133127,4672.953554810844,356293
2022-12-15,4604.42626953125,4647.764340890261,4589.302639453655,4641.1695433099985,316614
2022-12-16,4527.31982421875,4599.566234166008,4513.981571023329,4599.566234166008,342890
2022-12-19,4572.2451171875,4581.715786211734,4483.5855541961455,4561.8815187389555,308464
2022-12-20,4558.55908203125,4578.195296939319,4502.626545832727,4572.1457486458985,282355
2022-12-21,4726.705078125,4748.770703503413,4564.064064099849,4572.592412813082,877375
2022-12-22,4742.076171875,4808.619753815004,4685.845828242071,4755.26576643825,902304
2022-12-23,4661.201171875,4765.182408265528,4647.515722023933,4726.208269255091,473498
2022-12-26,4645.2353515625,4700.721914692627,4613.946984832794,4684.557178595635,247357
2022-12-27,4605.318359375,4673.64779803709,4587.318858535157,4646.177143961486,226485
2022-12-28,4550.6259765625,4640.822511528285,4544.03117874809,4613.451122552621,313366
2022-12-29,4486.95849609375,4571.799395299455,4441.389065476921,4550.626214485045,530411
2022-12-30,4440.49658203125,4544.477842106693,4431.075303531775,4512.29654448549,348965
2023-01-02,4417.4384765625,4479.271901049962,4409.157573207108,4450.809534087607,246577
2023-01-03,4453.68603515625,4471.586754271242,4388.431480918738,4429.984179487099,430096
2023-01-04,4396.5625,4476.6932273827515,4388.331473077841,4457.7514059852865,414977
2023-01-05,4392.34765625,4418.578667078837,4319.903192412841,4418.578667078837,468816
2023-01-06,4351.09326171875,4437.223185321804,4332.7959553271285,4405.240427354465,299640
2023-01-09,4371.17529296875,4415.2566625141035,4344.745743796631,4387.687224028113,407803
2023-01-10,4429.63671875,4451.801610875041,4369.489395748592,4373.456249489625,557940
2023-01-11,4324.4658203125,4445.30620253407,4300.1189642733325,4436.926030084063,462687
2023-01-12,4323.623046875,4346.0852614017285,4289.408930212992,4334.73043206512,207917
2023-01-13,4299.623046875,4333.787768861315,4232.682389117989,4328.829201620055,366497
2023-01-16,4259.06201171875,4328.085363721872,4249.492073906908,4328.085363721872,210854
2023-01-17,4287.02880859375,4300.5162090667945,4239.575220680168,4280.434010653047,294500
2023-01-18,4303.83740234375,4315.936498906942,4269.325971460107,4301.060798657953,331806
2023-01-19,4282.36767578125,4303.838176823924,4250.136986108492,4303.838176823924,162244
2023-01-20,4249.73974609375,4286.631677388769,4228.8643732151595,4266.350945147964,242706
2023-01-23,4299.5244140625,4317.424648738675,4251.376433916234,4258.814285039593,161350
2023-01-24,4269.326171875,4313.903882741098,4255.243647950867,4313.903882741098,178860
2023-01-25,4189.34423828125,4282.218093366571,4159.2456423296435,4279.193561450396,423714
2023-01-27,4208.98046875,4249.839255873244,4157.361978269501,4192.964393658136,421866
2023-01-30,4202.58447265625,4224.699489907026,4088.8347410532087,4201.394222767868,623069
2023-01-31,4220.6328125,4268.086393853753,4092.850448595645,4204.368810163924,671038
2023-02-01,4227.3271484375,4315.936840106086,4176.6011034252715,4239.57490612443,321331
2023-02-02,4196.435546875,4226.682807699693,4135.4451684907835,4226.682807699693,479256
2023-02-03,4216.369140625,4224.500900643489,4123.544661781175,4209.823734791026,413966
2023-02-06,4284.896484375,4299.72230986739,4154.932146597684,4176.105325539277,257669
2023-02-07,4279.83935546875,4323.871342939728,4235.956028192355,4269.327094347598,319090
2023-02-08,4354.86181640625,4367.803483618354,4266.896637089613,4284.202230999146,250175
2023-02-09,4352.92724609375,4367.952090846915,4289.160270904719,4311.3251612903905,284239
2023-02-10,4379.654296875,4388.629109438937,4314.201212562801,4349.059841679028,359807
2023-02-13,4322.53173828125,4402.811135869524,4292.135817841566,4393.687178422223,272935
2023-02-14,4233.47607421875,4344.151392512922,4215.823284199569,4344.151392512922,339582
2023-02-15,4450.7109375,4476.594756799941,4135.445311443455,4135.445311443455,2724361
2023-02-16,4604.67431640625,4629.3184930631705,4462.8592897335775,4472.578372312342,1419679
2023-02-17,4576.46044921875,4630.260906206683,4538.0809433508275,4601.699267071105,408098
2023-02-20,4572.39453125,4611.418555784041,4537.436629065315,4554.940276149062,232327
2023-02-21,4464.7431640625,4601.550222674177,4453.784924575372,4572.790533782463,490637
2023-02-22,4412.232421875,4498.362832140165,4403.207732603053,4467.669107066837,333978
2023-02-23,4411.19091796875,4480.858789416758,4364.530992778392,4434.298132420676,443522
2023-02-24,4439.59228515625,4454.835745641795,4366.354626609419,4424.100561421394,358946
2023-02-27,4408.9072265625,4463.525143666152,4384.378622562098,4453.842876543232,215703
2023-02-28,4371.0712890625,4442.322836084274,4331.001506756054,4418.092441810095,312308
2023-03-01,4383.13671875,4415.113216251144,4307.118712817201,4371.071222930375,287008
2023-03-02,4371.6181640625,4419.28470864592,4350.9129117812445,4398.231790832576,313250
2023-03-03,4377.67529296875,4414.120531583379,4363.375426919629,4386.066784672866,168868
2023-03-06,4390.38720703125,4457.7160140168735,4381.399785441101,4385.322539186141,242661
2023-03-08,4345.64892578125,4410.34670978053,4329.71062077738,4384.229127717145,246734
2023-03-09,4387.45654296875,4506.72229241595,4354.685797494233,4368.43967704242,684685
2023-03-10,4287.2578125,4369.135221497781,4261.835560214976,4369.135221497781,328154
2023-03-13,4314.81494140625,4405.133298519758,4291.974724225043,4296.939988829653,496455
2023-03-14,4269.72998046875,4324.496746239686,4245.300784241267,4314.814481293171,279237
2023-03-15,4298.7275390625,4337.6059510792675,4279.3630059831585,4304.636398239805,279479
2023-03-16,4289.04541015625,4339.641654986414,4236.364141915799,4300.863128890085,300181
2023-03-17,4316.30517578125,4345.799045963939,4266.851326770425,4309.850330815742,368653
2023-03-20,4283.037109375,4323.652875548915,4165.856868497131,4291.97458537416,563835
2023-03-21,4244.30859375,4323.653432813492,4236.364169615699,4289.989032522228,239304
2023-03-22,4255.33154296875,4265.162670773375,4181.845620352398,4245.351069301544,302705
2023-03-23,4243.36474609375,4269.482329809508,4214.069683847472,4246.294446274033,233054
2023-03-24,4253.59375,4324.398236367089,4231.398918026182,4247.784292855432,354933
2023-03-27,4288.10205078125,4377.278011952051,4247.287477459355,4274.795238196778,495895
2023-03-28,4303.494140625,4313.325267348513,4215.559015474034,4304.685513170483,343628
2023-03-29,4332.68994140625,4349.571841246705,4281.150591224097,4303.494282189406,250790
2023-03-31,4280.9521484375,4370.3768634355,4270.078508848999,4354.388612904769,465663
2023-04-03,4204.93359375,4313.77228726477,4190.832048783183,4313.325219509478,493574
2023-04-05,4171.76611328125,4220.475168029554,4139.0448236111015,4220.475168029554,622533
2023-04-06,4172.7587890625,4195.648464243142,4154.089103779267,4187.704041115581,286725
2023-04-10,4207.5654296875,4214.169134953575,4158.210503172138,4185.71826436932,323560
2023-04-11,4241.626953125,4257.019274146644,4191.825443700541,4233.38480743681,284178
2023-04-12,4290.18798828125,4298.877202484377,4236.860845444671,4257.913764098207,304498
2023-04-13,4367.7451171875,4449.970202192056,4290.286977845216,4298.9267334967635,1257056
2023-04-17,4356.2255859375,4417.496662247112,4309.849819044203,4379.363525802981,334963
2023-04-18,4308.5087890625,4353.6432365003375,4264.06967259763,4349.571622706741,409038
2023-04-19,4290.28662109375,4324.745753660668,4192.2226387346245,4324.745753660668,517278
2023-04-20,4318.19189453125,4328.569493121109,4203.742527632753,4290.287006144753,484517
2023-04-21,4331.00146484375,4397.238287933352,4288.449535537802,4309.849631804595,485292
2023-04-24,4368.48876953125,4431.200442389071,4331.99407876662,4331.99407876662,571150
2023-04-25,4385.818359375,4415.361684675896,4352.650487779721,4379.314056499701,252655
2023-04-26,4379.76123046875,4457.517577981962,4370.426628444687,4389.245178366972,438486
2023-04-27,4386.81103515625,4407.665145340354,4334.725218383646,4389.144806368957,400508
2023-04-28,4482.34326171875,4497.536777787417,4400.168130704859,4412.0847660180525,713399
2023-05-02,4459.6025390625,4541.529417452542,4445.799198347956,4498.282150148992,384900
2023-05-03,4484.0810546875,4493.018531073372,4450.863240164357,4478.420459020797,287955
2023-05-04,4521.56884765625,4538.152540847519,4468.73823720739,4478.668766623407,391146
2023-05-05,4570.52587890625,4597.83483309852,4490.088595649019,4518.390602721008,332169
2023-05-08,4592.96923828125,4627.626688822718,4553.147718509048,4578.967094884454,274255
2023-05-09,4561.1416015625,4615.610652173352,4550.46628248219,4613.624546297946,207566
2023-05-10,4569.33447265625,4601.80749898498,4545.203479252105,4561.14178558965,293523
2023-05-11,4563.3759765625,4612.730901585711,4552.800059740135,4578.9176429689205,409446
2023-05-12,4573.2568359375,4607.76542397264,4503.494870197397,4563.07804378325,427837
2023-05-15,4593.7138671875,4656.425061018662,4559.20527881676,4577.924423011516,401847
2023-05-16,4523.45556640625,4610.000033578647,4509.453422904979,4592.869870278689,310725
2023-05-17,4451.0126953125,4567.64697167383,4427.030560786749,4548.232493332648,266803
2023-05-18,4411.14111328125,4498.430368815227,4402.2036369148545,4478.66871249402,167057
2023-05-19,4416.255859375,4433.981953636694,4379.612298102179,4424.051422945458,177405
2023-05-22,4573.306640625,4592.86997805475,4421.022355858544,4428.8174337478185,361967
2023-05-23,4518.7880859375,4584.974968651854,4501.5090614352985,4573.008874456111,433331
2023-05-24,4504.935546875,4574.99524317459,4491.926455391938,4509.404285445498,225979
2023-05-25,4536.41455078125,4566.007818412775,4499.473273487617,4537.258742732004,202680
2023-05-26,4577.87451171875,4587.904443085136,4519.632055539226,4558.112855792376,289579
2023-05-29,4608.21240234375,4632.591656440763,4548.8275495549515,4602.800070225709,332364
2023-05-30,4567.19921875,4761.688729203203,4503.942038974348,4639.54322061259,1298380
2023-05-31,4589.84130859375,4698.1335395996975,4493.564630456274,4568.043602231793,1655511
2023-06-01,4780.80517578125,4813.3276599702385,4653.44613464422,4656.425293501227,1692479
2023-06-02,4932.79150390625,4967.449438222104,4772.612264192674,4806.028397487445,1326161
2023-06-05,4915.8115234375,4974.401654834096,4899.773328372668,4933.438215510205,698352
2023-06-06,4905.78125,4934.927452692535,4859.504882960664,4934.480384884345,382992
2023-06-07,4991.53125,5004.986923666503,4915.661615864854,4929.961966415214,552840
2023-06-08,4892.42431640625,4993.616317045226,4885.820611135288,4985.125908109583,411502
2023-06-09,4892.47412109375,4931.352046777636,4872.960242880972,4892.424177513193,249400
2023-06-12,4890.53759765625,4960.299568565505,4880.9047899237985,4914.619132098234,343835
2023-06-13,4916.65478515625,4955.334392859784,4882.593261742153,4890.785948864617,308751
2023-06-14,4974.2021484375,4987.657821743044,4916.654536933046,4930.507819323655,360156
2023-06-15,5182.4951171875,5223.259747099733,4983.139736152694,5004.937442505431,1712253
2023-06-16,5163.9248046875,5257.222323403979,5127.181845494839,5182.495088829715,797312
2023-06-19,5109.2578125,5225.395557703847,5099.625004203952,5183.736789358601,327818
2023-06-20,5126.18798828125,5161.789027972362,5065.661711338099,5138.998757252514,334154
2023-06-21,5083.1904296875,5137.063559027778,5051.263870291332,5133.9355388181175,410174
2023-06-22,5030.80615234375,5119.187863271226,5019.882570094287,5094.262137705989,329800
2023-06-23,5010.3994140625,5049.078537179916,4966.258014598161,5049.078537179916,335552
2023-06-26,5001.95849609375,5019.882908765826,4965.31445252793,5014.8681850777175,430106
2023-06-27,5107.07275390625,5114.22292943316,5001.958482190295,5004.987099872452,556456
2023-06-28,5091.283203125,5139.992742506877,5080.607883638349,5109.257558959422,362944
2023-06-30,5062.78271484375,5113.180151769542,5028.869568882872,5092.3754986297445,411015
2023-07-03,5033.28955078125,5106.775478917348,5024.848599576428,5091.879682673544,150815
2023-07-04,5074.451171875,5089.098703049338,5016.953017523403,5084.331757903187,233404
2023-07-05,5042.375,5112.732895491088,5015.314308264129,5089.3961521592355,279982
2023-07-06,5246.3486328125,5273.111606011486,5034.977682618465,5054.639938719109,1251554
2023-07-07,5110.49951171875,5238.305639540492,5094.362398856873,5238.305639540492,559765
2023-07-10,5122.5146484375,5167.35089098654,5075.245232268562,5143.865286307436,271366
2023-07-11,5220.4794921875,5235.772411032323,5129.21802071716,5163.875472584174,503174
2023-07-12,5215.5634765625,5251.7109913303375,5169.684721870376,5225.096881722268,263391
2023-07-13,5146.00048828125,5253.150806719389,5132.097746707353,5253.150806719389,338327
2023-07-14,5135.87158203125,5162.336833786918,5060.846617884173,5144.014811015946,508041
2023-07-17,5183.041015625,5281.999129004224,5116.407551264379,5116.407551264379,469609
2023-07-18,5126.7353515625,5287.0140036820185,5070.975524365508,5170.330279896775,511024
2023-07-19,5139.64501953125,5187.659227337863,5126.735330994038,5126.735330994038,265631
2023-07-20,5159.357421875,5173.806149122739,5096.993402311002,5134.0840289759235,276787
2023-07-21,5168.7412109375,5216.507154888512,5089.445835772381,5094.411100530508,313184
2023-07-24,5144.80859375,5189.397059673973,5108.2644386885995,5108.2644386885995,249814
2023-07-25,5175.9912109375,5183.7368306368035,5117.996525917119,5117.996525917119,547945
2023-07-26,5119.9326171875,5218.493119976786,5107.320651086521,5159.90299741187,297720
2023-07-27,5179.267578125,5228.4236983660485,5108.463097874858,5110.995188901322,363050
2023-07-28,5309.8046875,5326.736046413725,5141.035143975364,5141.035143975364,453505
2023-07-31,5137.51025390625,5302.853578956608,5122.71337624567,5302.853578956608,689230
2023-08-01,4997.43994140625,5173.80625546083,4986.665219117139,5173.80625546083,1044095
2023-08-02,4962.03759765625,5008.661630148956,4941.431747823585,4998.0357690506635,1016605
2023-08-03,4961.59033203125,4995.056410886885,4921.868213455608,4925.542703379512,412037
2023-08-04,4945.701171875,5001.461480211041,4929.514603534591,4990.0908305320945,358846
2023-08-07,4979.56494140625,4989.991998063683,4921.9184078415365,4945.701736617134,608113
2023-08-08,4988.453125,5019.883156987276,4945.553039376305,4982.147141168183,519420
2023-08-09,4946.74462890625,4991.084348112907,4923.556744517269,4988.452854656497,268668
2023-08-10,4888.302734375,4946.843394799182,4869.534132179698,4946.793451222409,370166
2023-08-11,4872.06640625,4977.181153078859,4777.726380403533,4895.750814979804,1066479
2023-08-14,4787.359375,4893.3178330350565,4697.140418192826,4829.216459550044,832136
2023-08-16,4907.56884765625,4919.535428029624,4721.07367590192,4766.6547146327575,667417
2023-08-17,4858.759765625,4925.542575749834,4838.699902308431,4906.178043445979,375779
2023-08-18,4823.541015625,4869.952209700848,4800.409986232652,4850.005000172357,336848
2023-08-21,4907.40966796875,4920.144462189161,4815.233852636297,4856.024056759869,243126
2023-08-22,4894.4765625,4933.625309775461,4881.045640604059,4922.582010171135,175172
2023-08-23,4920.29345703125,4961.481516033477,4885.8704081091655,4932.629909062358,597123
2023-08-24,4894.77490234375,4957.999523871339,4875.026377265293,4929.64535783736,534065
2023-08-25,4840.603515625,4887.960046312275,4821.20329600632,4874.926981104203,249504
2023-08-28,4880.34912109375,4886.716275286499,4817.223598950545,4849.955153261467,204098
2023-08-29,4853.4375,4919.696810007204,4834.037280021205,4880.896370049613,591619
2023-08-30,4849.55712890625,4864.9282653962955,4820.2080807366465,4856.969201485895,396122
2023-08-31,4789.4658203125,4886.665587244752,4781.208000851753,4862.440577487206,488260
2023-09-01,4815.58203125,4825.133005216546,4776.63245891575,4815.233725043093,206097
2023-09-04,4800.16162109375,4845.080494020368,4792.948718920927,4835.131663437163,354446
2023-09-05,4958.994140625,4966.455762864881,4807.32403824927,4835.131211442973,800554
2023-09-06,5007.345703125,5017.841524417202,4928.650361003703,4954.517318893509,535407
2023-09-07,5003.31640625,5019.08539974262,4961.481768327648,5004.212189620826,334709
2023-09-08,4959.64111328125,5023.960204966524,4952.478246828833,5014.21054544126,292671
2023-09-11,5069.875,5080.66909358841,4978.146578941267,4978.395299729622,543287
2023-09-12,4953.7216796875,5098.775428290461,4940.589029637156,5084.847066144886,483061
2023-09-13,4985.35888671875,4995.506887985451,4919.696606430696,4949.543097470721,232238
2023-09-14,5058.5322265625,5073.903363417707,4969.938088618265,4975.409945186657,414391
2023-09-15,5065.7451171875,5124.045358743654,5035.799527205685,5058.532215363316,658355
2023-09-18,5049.1806640625,5135.586354967386,5041.420770508735,5073.903605256426,371912
2023-09-20,4980.68212890625,5033.908364707587,4903.777874108228,5025.601481017067,509910
2023-09-21,4994.3623046875,5021.125046521937,4949.990910670991,4964.466264282814,422586
2023-09-22,4964.0185546875,4991.129117946765,4929.645539437015,4987.348756649396,348459
2023-09-25,5070.96875,5087.2852215931725,4947.404559488184,4989.2391998556,386746
2023-09-26,5027.8408203125,5070.91906340284,5004.510617752037,5070.91906340284,267102
2023-09-27,5079.22607421875,5092.6569948589295,4994.312712125961,5028.1387344790055,460768
2023-09-28,4994.41259765625,5119.170837497501,4969.440935438736,5079.226379387212,407714
2023-09-29,5111.46044921875,5160.408890157621,5000.8792940896365,5028.138992818172,410567
2023-10-03,5092.75634765625,5128.572134393834,5040.077100349975,5112.654006954907,268482
2023-10-04,5021.57275390625,5070.769916457465,4956.80576833107,5058.980454819182,442482
2023-10-05,5021.224609375,5053.857066874514,5000.929091073963,5029.084574575479,363289
2023-10-06,5034.35693359375,5057.985405936589,5003.067667483506,5024.159382372103,407753
2023-10-09,5021.47265625,5040.077162235763,4961.530956876785,4974.414885743943,176296
2023-10-10,5040.77392578125,5058.532198829677,5007.246174132919,5043.012412546956,202645
2023-10-11,5066.79052734375,5113.699168670232,5039.0829356643435,5046.992450676074,336099
2023-10-12,4968.29638671875,5087.781927846659,4846.771529827806,5066.7397645327865,1029595
2023-10-13,4991.62646484375,5003.366376144384,4908.50418145518,4963.421919384453,410013
2023-10-16,4996.00439453125,5023.612399102622,4960.884731480728,5004.261729513376,259806
2023-10-17,5003.0673828125,5042.066990310304,4986.552713814525,5024.159096500994,217907
2023-10-18,4951.78125,5014.160606375463,4913.179985173997,4995.3073798282185,341459
2023-10-19,4971.47998046875,4994.263190159857,4909.896818938871,4951.781491066311,231958
2023-10-20,4952.07958984375,4974.365357253676,4915.219369695298,4964.565662730169,252447
2023-10-23,4944.12109375,4984.911300672275,4918.851160276656,4951.533167125811,363474
2023-10-25,4835.0322265625,4945.912141132911,4806.777643994444,4934.620120917405,894230
2023-10-26,4735.94140625,4835.031851371185,4701.817113262012,4835.031851371185,836962
2023-10-27,4805.484375,4835.6786873973315,4752.357230701433,4755.491500982461,333727
2023-10-30,4816.974609375,4843.488143310492,4758.574784851705,4815.23356418134,234759
2023-10-31,4795.236328125,4874.578244952362,4780.611839941175,4807.274509213968,276660
2023-11-01,4772.005859375,4831.151848038558,4765.489570038034,4810.259305038391,281746
2023-11-02,4861.99365234375,4869.952717049859,4785.586825478216,4813.045210088082,214035
2023-11-03,5126.8310546875,5139.067920760707,4911.786714638941,4925.416805479832,1262458
2023-11-06,5138.521484375,5201.2486673527565,5101.2629192523455,5114.743390479152,399720
2023-11-07,5110.56494140625,5155.434262790807,5094.845498211503,5123.647555970289,222204
2023-11-08,5084.79736328125,5127.278575077153,5061.417613240504,5108.724104648166,400498
2023-11-09,5270.49267578125,5285.813777981167,5095.840660478625,5121.1606290529,1032216
2023-11-10,5251.490234375,5310.685776469404,5191.946386052903,5272.880220173818,696409
2023-11-13,5193.93603515625,5251.987557579851,5173.590968498876,5223.135949477974,150128
2023-11-15,5198.21435546875,5267.905718393324,5180.356010514454,5256.8128696084,356675
2023-11-16,5311.431640625,5340.531968508546,5175.132668999502,5197.268815851088,449045
2023-11-17,5450.91455078125,5465.240769202168,5278.998472382056,5304.915466684534,735541
2023-11-20,5445.9404296875,5566.370832199739,5427.136750850649,5446.984862608324,526567
2023-11-21,5438.826171875,5492.052412196772,5394.653463979455,5471.856481677484,382979
2023-11-22,5503.69287109375,5511.60238542224,5411.317885455453,5439.025474741419,302473
2023-11-23,5465.837890625,5521.600890894725,5445.293167152509,5501.703230026636,234584
2023-11-24,5373.6611328125,5464.892094477404,5367.393564483086,5464.892094477404,270183
2023-11-28,5339.33740234375,5397.090646687678,5313.669617601563,5373.660862708336,362746
2023-11-29,5394.20654296875,5407.189572929194,5337.050315359459,5344.611523970337,277119
2023-11-30,5500.65869140625,5521.600784754254,5354.460436675206,5354.460436675206,775261
2023-12-01,5562.5400390625,5658.546249438744,5502.051346423508,5521.600700395392,546990
2023-12-04,5593.779296875,5629.296814793111,5541.100532745588,5597.211837586893,936113
2023-12-05,5551.646484375,5659.889563843983,5496.728746746002,5581.293804388248,787929
2023-12-06,5514.73583984375,5610.14501867424,5480.561512967143,5505.83144302719,574427
2023-12-07,5433.4541015625,5491.555173557672,5413.656026353991,5462.156574233208,510609
2023-12-08,5526.923828125,5544.035525670019,5411.218634189862,5466.88253695476,456382
2023-12-11,5518.96484375,5526.923908523765,5461.908200996517,5521.601186799758,238128
2023-12-12,5401.1708984375,5521.601305572969,5375.552658145877,5521.601305572969,615205
2023-12-13,5398.98193359375,5424.102732197563,5341.925289905367,5375.303909816927,476781
2023-12-14,5487.67529296875,5504.638340362473,5424.2019489852855,5466.683163554249,490550
2023-12-15,5522.79541015625,5559.406914924964,5471.857199729296,5501.703693546001,349758
2023-12-18,5470.5126953125,5579.05451555713,5465.886587039521,5522.097470215301,428321
2023-12-19,5527.072265625,5646.30908513509,5475.537522784019,5480.6110372367375,682732
2023-12-20,5374.55712890625,5577.114918778314,5347.595702489873,5527.072498265951,437044
2023-12-21,5447.830078125,5524.585203085886,5257.807428424045,5316.654659695836,487514
2023-12-22,5513.044921875,5520.606130329171,5434.747916091646,5481.805690775587,220537
2023-12-26,5604.32470703125,5616.114166965207,5497.872233007286,5513.044197763038,243281
2023-12-27,5658.34716796875,5685.7559986359765,5586.8647316167635,5606.165363484467,307177
2023-12-28,5731.02392578125,5740.475314947975,5645.712702513175,5645.961423280721,568149
2023-12-29,5674.912109375,5729.481538042241,5648.248954013184,5710.628311238224,325682
2024-01-01,5720.626953125,5735.500648686637,5678.643180869645,5711.623456046831,127030
2024-01-02,5716.9462890625,5753.060349322514,5650.935701797804,5708.738503932248,166449
2024-01-03,5738.783203125,5756.392825889209,5644.020600866799,5700.67937994213,198997
2024-01-04,5732.71533203125,5810.067489533174,5702.172227939259,5738.783730038648,220702
2024-01-05,5724.8056640625,5779.076338928643,5685.75650521218,5732.715178448459,144894
2024-01-08,5652.9248046875,5745.299781836157,5611.139721653907,5720.576843884745,157009
2024-01-09,5767.9833984375,5819.070738269741,5645.662823558993,5673.022106394079,329437
2024-01-10,5771.216796875,5789.522547233527,5692.024011555427,5770.321499316134,239740
2024-01-11,5839.86376953125,5861.850781533671,5772.560030066826,5774.301075360051,213210
2024-01-12,5766.0439453125,5891.697481480832,5713.464278433516,5839.96356235942,250919
2024-01-15,5866.22802734375,5893.836030609282,5774.300935248576,5805.142308265927,375458
2024-01-16,5874.33642578125,5936.9149572640345,5799.173206854023,5851.9020076711895,347797
2024-01-17,5895.5771484375,5949.748722797939,5801.411568431845,5842.798798921168,378205
2024-01-18,5960.1953125,5998.100454467317,5808.127338720727,5928.508189694555,591170
2024-01-19,6063.4638671875,6088.68424959359,5920.549014596642,5956.364804300134,326813
2024-01-23,6122.26171875,6395.805014354234,6102.264471799117,6395.108401889092,982889
2024-01-24,6181.556640625,6198.121346102901,6052.221845280958,6122.0623432971,435151
2024-01-25,6137.2841796875,6206.279413883123,6087.788749727959,6178.273068405467,337391
2024-01-29,6297.36083984375,6316.512338112559,6146.188169585438,6167.329433908149,554591
2024-01-30,6277.5126953125,6355.163606617198,6251.645736751172,6298.6044096832875,304312
2024-01-31,6320.44287109375,6339.046893849101,6223.540867199283,6247.865953640818,499281
2024-02-01,6255.7744140625,6344.368546082917,6235.727134076216,6257.465423600938,255111
2024-02-02,6288.20751953125,6326.510514837514,6259.1071919284395,6287.660528197102,239428
2024-02-05,6202.5986328125,6314.125124505627,6177.428284915297,6288.208128507178,147909
2024-02-06,6165.587890625,6265.673212209074,6123.554086131328,6227.917695855377,326654
2024-02-07,6146.337890625,6216.875001226449,6123.505130472046,6205.831702291146,323738
2024-02-08,6199.1162109375,6330.639942898794,6118.530684844427,6169.767161311011,794455
2024-02-09,6404.41064453125,6440.823462144806,6181.805557037935,6237.319838175682,933104
2024-02-12,6580.60400390625,6643.6294528535345,6342.379077044415,6431.818960911605,709946
2024-02-13,6684.51953125,6705.51166045932,6564.486990152182,6580.604289643234,521773
2024-02-14,6719.53955078125,6740.332508891987,6665.716281856283,6684.419888453475,452781
2024-02-15,6593.68701171875,6729.786818901234,6551.901923540282,6715.46060011088,446114
2024-02-16,6566.7744140625,6626.368290964883,6491.710787494685,6597.11834381918,391508
2024-02-19,6623.08544921875,6641.789541604974,6477.732941747666,6586.125641904488,334607
2024-02-20,6730.9287109375,6756.370708283556,6609.841704610439,6639.366499260223,559251
2024-02-21,6731.6259765625,6793.165508010371,6688.956681554552,6756.321626627437,537325
2024-02-22,6740.6376953125,6845.443595117756,6661.8212781211405,6736.455222637114,564432
2024-02-23,6745.466796875,6758.162998429444,6694.732071415499,6750.396104908048,352524
2024-02-26,6556.21923828125,6763.092650607029,6543.174415638895,6741.384828783979,453443
2024-02-27,6592.66455078125,6640.312745494212,6542.277959662037,6560.20200886659,313760
2024-02-28,6335.50390625,6602.024449096411,6318.525557676253,6602.024449096411,536602
2024-02-29,6075.8544921875,6365.576541514445,6036.471081056735,6365.576541514445,1543361
2024-03-01,6059.72265625,6081.2316126448595,5916.7785576329015,6076.252710063686,1749136
2024-03-04,6007.8427734375,6145.70878910325,5997.437158118424,6119.071658612139,551616
2024-03-05,6035.525390625,6077.746387314145,5950.983721950788,6009.585016416874,724456
2024-03-06,6028.75390625,6053.250204686431,5919.915288124094,5999.57773102568,588776
2024-03-07,6023.27685546875,6116.930302628586,6006.5479376639,6039.906584200992,738112
2024-03-11,6178.51953125,6198.733681135442,6010.630839846864,6023.276960604319,521556
2024-03-12,6118.87158203125,6247.775557191158,6081.729165325736,6213.670076403208,482112
2024-03-13,5983.04736328125,6153.923391592971,5930.918157695656,6153.923391592971,356191
2024-03-14,5997.7353515625,6069.282279285222,5954.767519298708,5983.047588868578,439181
2024-03-15,5957.9541015625,6005.402945298401,5916.529535382911,5989.619727077623,764270
2024-03-18,6110.65625,6119.021194652757,5953.422616143694,5972.442119746454,419258
2024-03-19,6087.4052734375,6099.852529127951,6008.588861428825,6051.357826469584,542392
2024-03-20,6147.99853515625,6174.53647503478,6047.823403655818,6122.0586470558555,413963
2024-03-21,6156.41259765625,6188.177896589217,6079.837178724168,6163.78127570081,350032
2024-03-22,6348.9970703125,6363.9337784656,6142.6716334235925,6143.119442935605,727548
2024-03-26,6295.77294921875,6436.178007134113,6282.877396574305,6371.003975478628,629120
2024-03-27,6205.15673828125,6372.3977854874465,6193.7548567976355,6328.185227483758,603420
2024-03-28,6329.9775390625,6398.4875319133,6086.708547748835,6205.156837411819,818070
2024-04-01,6430.00390625,6529.333015336443,6345.860450432411,6373.991250750126,440465
2024-04-02,6392.662109375,6442.202191144758,6377.177916496155,6442.202191144758,213898
2024-04-03,6348.150390625,6381.957333666664,6284.370842997397,6372.5470132923165,289202
2024-04-04,6413.423828125,6447.678579240019,6299.7055033278675,6397.889555462104,547885
2024-04-05,6370.7548828125,6452.657831366496,6354.623043745699,6413.424175747133,239001
2024-04-08,6281.134765625,6370.75501514444,6253.501855356506,6370.75501514444,491584
2024-04-09,6477.60205078125,6512.404775376582,6304.237046578658,6321.015559813671,592624
2024-04-10,6462.46630859375,6488.406196665927,6423.780138125842,6477.601880773672,174947
2024-04-12,6379.51708984375,6450.566122667475,6335.852505797887,6422.783945172078,450885
2024-04-15,6276.5537109375,6372.099043633762,6256.488831267787,6298.411287225388,251305
2024-04-16,6308.0205078125,6320.816384452149,6175.830646742669,6273.3675409808775,290190
2024-04-18,6048.5205078125,6307.672403545402,6027.659196411165,6279.49200764286,518459
2024-04-19,6143.517578125,6172.843509239794,6024.472210179183,6114.092457933914,560178
2024-04-22,6212.2265625,6231.594688707046,6124.0503891895705,6128.531401669465,197001
2024-04-23,6168.76025390625,6277.200648395633,6154.91900280244,6215.1637204322005,217146
2024-04-24,6256.83740234375,6283.872745244302,6160.047344795752,6203.6127409774235,207837
2024-04-25,6357.162109375,6375.185832881238,6142.820366120484,6253.501266612603,520353
2024-04-26,6232.1923828125,6353.080046963502,6224.673947764147,6353.080046963502,261065
2024-04-29,5943.1669921875,6173.839461266261,5708.809940554754,6173.839461266261,2785015
2024-04-30,5922.00634765625,5997.585990858038,5876.100769060814,5974.683039207742,1040838
2024-05-02,5933.4072265625,5974.682519456106,5914.388209518957,5922.005832487082,572406
2024-05-03,5984.24267578125,6002.266400333668,5934.901459566763,5974.683085600099,563849
2024-05-06,6031.14404296875,6060.469487418875,5960.941516623072,6024.47211902624,419144
2024-05-07,5875.35400390625,6054.34555209525,5831.688930928609,6054.34555209525,455928
2024-05-08,5821.83056640625,5885.062626778575,5788.123299971461,5867.138578169097,511587
2024-05-09,5781.89990234375,5867.138811926865,5765.569199093101,5835.174160055577,598157
2024-05-10,5817.7978515625,5856.184994523348,5728.974038384875,5795.392790794472,372227
2024-05-13,5805.54931640625,5817.747626967251,5765.768179003134,5795.442242042749,348407
2024-05-14,5838.0615234375,5869.777228533896,5715.779876662091,5830.294630288597,558136
2024-05-15,5824.12109375,5858.625278828108,5795.442808361959,5845.182241386032,509306
2024-05-16,5906.67138671875,5919.417182631191,5825.315925375132,5865.147145377697,378026
2024-05-17,5927.9306640625,5947.796678698205,5885.162185101923,5899.999216689581,267904
2024-05-21,5923.1513671875,6016.4061138952475,5895.418782980561,5974.683008132644,606639
2024-05-22,5843.3896484375,5933.458195387385,5820.287830970457,5933.458195387385,735701
2024-05-23,5944.85888671875,5966.168977345866,5835.871008094587,5853.645786388268,308200
2024-05-24,5889.39453125,5946.651910328907,5842.244227059962,5913.243182629427,608807
2024-05-27,5914.2392578125,5934.354219518656,5893.029326472255,5924.894304242974,189637
2024-05-28,5879.58642578125,5946.254130000537,5855.488341293041,5919.069028474766,314362
2024-05-29,5878.541015625,5919.915503926878,5856.085871980964,5884.963508585485,337183
2024-05-30,5742.1181640625,5876.847059617991,5725.737381760232,5875.104443893108,643549
2024-05-31,5814.5615234375,5934.20444983923,5718.7672475946765,5831.240846334455,1382132
2024-06-03,5826.51123046875,5992.7564981867,5788.023924015114,5961.040791068298,804820
2024-06-04,5821.0341796875,5938.58587153485,5669.1776556197465,5726.086413132753,642000
2024-06-05,5909.60888671875,5919.666367420776,5752.424831175659,5890.041896344487,487289
2024-06-06,5936.8427734375,5949.7879186999435,5875.104388339693,5944.809016675927,490549
2024-06-07,5989.171875,6005.552659980299,5940.2794376453285,5962.485150024379,436163
2024-06-10,6031.14404296875,6049.366631914778,5966.766443662226,6014.5143138708245,443756
2024-06-11,6082.177734375,6141.227323875565,6033.633434721356,6056.088090636867,521348
2024-06-12,6142.57177734375,6162.736332756975,6049.366623967322,6091.487945231009,321285
2024-06-13,6180.01318359375,6184.3444398270385,6134.007929633121,6181.75579948285,401804
2024-06-14,6181.4072265625,6193.705213175703,6148.944684506179,6183.797002556012,216573
2024-06-18,6210.03564453125,6223.4286001486635,6140.181741656426,6198.733438928534,267887
2024-06-19,6147.5,6242.547435308298,6102.1919910182605,6238.564313639574,401714
2024-06-20,6149.791015625,6167.565794555611,6089.9445111340865,6139.683940929849,252844
2024-06-21,6143.9658203125,6212.7743516221035,6119.071307264232,6126.241121510517,434583
2024-06-24,6233.1376953125,6268.438308871491,6130.174087848618,6143.965745152836,357273
2024-06-25,6268.787109375,6288.354099709475,6215.9110655441755,6231.594609023261,348730
2024-06-26,6110.90576171875,6259.127790846242,6099.155745953705,6253.302377501832,538411
2024-06-27,6166.37109375,6174.237662899123,6029.451267284013,6089.9449360680765,440975
2024-06-28,6159.599609375,6196.244137144059,6119.220418524524,6196.244137144059,334692
2024-07-01,6114.59033203125,6153.923662886267,6082.675760598032,6153.923662886267,374933
2024-07-02,6071.87109375,6137.741874624886,6051.357918814915,6108.86424098236,436037
2024-07-03,6166.56982421875,6191.513930152611,6053.398986420194,6106.374701166555,188203
2024-07-04,6198.78369140625,6217.653927844139,6135.004139885928,6174.785768457823,222050
2024-07-05,6301.8466796875,6316.086633001438,6133.012285286404,6174.835067553336,350300
2024-07-08,6290.7939453125,6360.996473141466,6266.247566109004,6353.07982338726,317731
2024-07-09,6293.630859375,6323.603947572347,6229.502696905435,6282.677274641285,176239
2024-07-10,6348.7978515625,6389.923391226791,6274.562124452663,6293.631223552871,295890
2024-07-11,6362.09130859375,6384.596045490105,6313.248468792813,6368.912502369681,354777
2024-07-12,6327.08935546875,6392.860946458722,6293.332495183392,6358.257575539794,211028
2024-07-15,6410.08837890625,6439.414310745029,6313.746610191476,6313.746610191476,359221
2024-07-16,6426.46875,6436.725094570112,6375.982484612071,6410.087966432774,298376
2024-07-18,6493.33544921875,6512.106009115006,6402.8686924551885,6404.86025347928,583444
2024-07-19,6355.021484375,6497.716633917954,6338.142810603084,6497.716633917954,228785
2024-07-22,6375.13623046875,6406.85193763112,6343.271253470895,6355.021755471432,222285
2024-07-23,6376.580078125,6447.081142716883,6298.1122833483005,6376.978293079004,284679
2024-07-24,6395.5,6416.76001113013,6323.255832275629,6372.995263232519,309594
2024-07-25,6358.85498046875,6407.001065327519,6345.113403931667,6377.77481014149,412373
2024-07-26,6636.4287109375,6651.764119554526,6366.572196488601,6405.855931548968,432671
2024-07-29,6653.45703125,6748.404804173394,6588.482350200522,6748.404804173394,367708
2024-07-30,6612.978515625,6684.823983792996,6556.318700576005,6653.456897022602,264929
2024-07-31,6587.38671875,6658.535431816662,6556.36825261122,6636.130369983054,352268
2024-08-01,6678.10205078125,6706.581469484569,6578.723354303838,6587.38635266549,361725
2024-08-02,6681.83642578125,6767.175009131768,6652.809521446311,6678.1022489057195,587569
2024-08-05,6659.3818359375,6727.991015832487,6572.200960554202,6660.775831407313,907845
2024-08-06,6629.6083984375,6706.582040884578,6603.070457658259,6660.925405173485,334936
2024-08-07,6691.99365234375,6739.442496434534,6633.8897623000685,6672.924552807988,358284
2024-08-08,6514.29638671875,6715.892344391877,6472.573280814307,6711.560601952066,509454
2024-08-09,6560.052734375,6570.159809313976,6502.44673458931,6554.476266271131,115598
2024-08-12,6474.96240234375,6564.084748510261,6393.856380162745,6522.3616468228565,230114
2024-08-13,6561.59619140625,6613.974345041468,6482.8298534675705,6482.8298534675705,400126
2024-08-14,6488.35595703125,6836.0325939728855,6432.990468348628,6572.150782260895,1723346
2024-08-16,6668.9189453125,6696.7438253062,6538.371030519605,6538.570687510406,611092
2024-08-19,6706.8173828125,6738.731338316165,6547.397104566935,6731.849989054351,398225
2024-08-20,6654.95703125,6770.346118390581,6632.118704833032,6756.782590262224,146064
2024-08-21,6734.29345703125,6770.246326998778,6609.280414643953,6657.05151840861,291296
2024-08-22,6812.1826171875,6839.55899957152,6732.846720050646,6742.37084553833,344641
2024-08-23,6842.251953125,6908.772306400202,6812.33262233512,6845.542884724577,468784
2024-08-26,6761.76904296875,6859.505527660628,6591.02919329113,6811.6345963829735,385016
2024-08-27,6763.21533203125,6832.328794206825,6715.892727101231,6761.769036196369,297297
2024-08-28,6758.22900390625,6830.085073932659,6728.409012417228,6767.653301627967,250361
2024-08-29,6838.76171875,6888.776771917316,6742.121885718558,6781.6155018004465,659960
2024-08-30,6908.87255859375,6971.204501561936,6832.57826040069,6846.540615625564,499581
2024-09-02,6861.5498046875,6980.180150772778,6846.590138697846,6970.207040113008,248292
2024-09-03,6826.44482421875,6907.176863737734,6816.07288640945,6872.420962271684,361990
2024-09-04,6912.26318359375,6919.34418956999,6771.791822276636,6819.613082773075,389768
2024-09-05,6915.654296875,7025.059521403665,6881.646377295785,6912.263536464466,387284
2024-09-06,6888.22802734375,6943.728778961828,6839.459612537519,6915.654082261889,185503
2024-09-09,6842.251953125,6909.370790409655,6802.110184315244,6888.227601864162,304409
2024-09-10,6902.93798828125,6957.092269574572,6842.2520014749,6881.446130299293,354522
2024-09-11,6881.69580078125,6935.251600728087,6854.968058542965,6881.446473010489,223028
2024-09-12,7042.81103515625,7077.368252893325,6896.405966617542,6924.330676243759,831152
2024-09-13,7000.2763671875,7080.859399207104,6989.206116177392,7077.119482444792,238034
2024-09-16,7012.443359375,7043.958486894967,6991.649325964457,7006.11033662368,226343
2024-09-17,6989.2060546875,7133.218171122579,6981.078066389251,7012.493366916282,266003
2024-09-18,7016.98095703125,7048.99474021451,6942.033126478233,7010.997090528521,251334
2024-09-19,7011.34619140625,7105.49225957836,6992.596937966488,7048.994684521799,407897
2024-09-20,7063.60498046875,7100.854645419488,6999.029090259352,7020.969933264862,493357
2024-09-23,7133.56640625,7162.688084197799,7071.334293054138,7071.334293054138,254282
2024-09-24,7102.84912109375,7180.639381055181,7057.172470929348,7057.172470929348,333949
2024-09-25,7114.2685546875,7125.7376315211295,7055.127718486168,7073.677801019432,236185
2024-09-26,7148.576171875,7174.606087909389,7075.323479801796,7088.887007598287,405696
2024-09-27,7214.54833984375,7260.324820940389,7090.8817661444655,7140.049007513393,772592
2024-09-30,7179.7919921875,7297.275530050632,7141.246016188841,7141.246016188841,442794
2024-10-01,7134.115234375,7224.471714639693,7115.814478861214,7182.135664964126,310719
2024-10-03,6887.380859375,7180.639996674064,6837.5153038425415,7074.276864116992,655420
2024-10-04,6755.38623046875,6939.589289353529,6709.260594373509,6883.540700484717,429272
2024-10-07,6754.9375,6839.060787687712,6725.018167352441,6782.712711201478,260810
2024-10-08,6905.68115234375,6921.339131621922,6730.553710288316,6800.664486819868,345891
2024-10-09,6990.05322265625,7050.9890243480195,6917.748172548014,6940.287499354719,391824
2024-10-10,6936.34814453125,7036.079251271224,6865.539058745868,7035.97990973912,237853
2024-10-11,6964.6220703125,7000.076771243079,6911.465584752319,6963.225932199846,75315
2024-10-14,7073.5283203125,7082.304462603508,6943.0300744304295,6958.089568401655,168515
2024-10-15,7120.95068359375,7131.123451501535,7021.070075299731,7095.868407067839,322659
2024-10-16,7052.28564453125,7116.014212111697,7037.026979796054,7066.048829614892,223419
2024-10-17,6970.50634765625,7083.501988621647,6941.933481743,7069.938460129414,183572
2024-10-18,6964.123046875,7022.715069491074,6931.311611603654,6964.521873890647,236651
2024-10-21,6967.61376953125,7013.091250460315,6938.791577798299,6953.501915674336,222611
2024-10-22,6873.41845703125,7018.327565634699,6853.072920937868,7001.074278325255,112233
2024-10-23,6888.17822265625,6940.238055221489,6836.318047092037,6866.486706915449,109466
2024-10-24,6935.45068359375,6959.236650019074,6852.1752092061615,6918.596223895789,147408
2024-10-25,6926.17578125,6962.228478513017,6857.560488449961,6935.450579278924,175261
2024-10-28,6907.67578125,6951.25847176417,6775.98104329752,6904.384849357726,238427
2024-10-29,6968.66162109375,6978.8840598403085,6837.365225569401,6939.190785989759,196146
2024-10-30,6963.724609375,7016.083441024436,6921.139231512805,6961.82981571849,191699
2024-10-31,7003.81640625,7031.042802741389,6937.345236135984,6981.077422451655,224153
2024-11-01,7013.0419921875,7027.054018370671,6981.925691045766,7003.816864502299,18769
2024-11-04,6939.689453125,7070.935691132633,6873.617592823514,7070.935691132633,273442
2024-11-05,6947.56787109375,6967.763420141895,6795.926918583762,6901.392563612963,246059
2024-11-06,6949.36328125,7122.546249093158,6872.470501277831,7001.12362777106,459745
2024-11-07,7404.884765625,7463.775786102522,7180.938285675755,7296.826020069719,2502817
2024-11-08,7401.44384765625,7524.711586142981,7360.155269149795,7370.178050033891,1032481
2024-11-11,7136.2099609375,7434.106496649803,6963.824638564408,7380.102197557288,625620
2024-11-12,7000.6748046875,7213.401550471344,6982.174878920047,7141.993979669503,194183
2024-11-13,6840.4072265625,6979.382623525283,6812.083689167764,6951.258256166385,299775
2024-11-14,6842.2021484375,6889.424925364456,6808.692398830139,6841.553993630597,192648
2024-11-18,6723.77099609375,6855.964862555217,6676.548222410531,6855.964862555217,268706
2024-11-19,6668.9189453125,6778.623157233969,6643.288344344536,6731.849367908379,290018
2024-11-21,6724.3701171875,6743.768012943204,6576.418917549156,6605.739766606411,258574
2024-11-22,6916.4521484375,6931.610984628983,6733.445565783098,6733.445565783098,498633
2024-11-25,7055.9755859375,7127.781980592978,6912.262968129202,6961.231037433746,639047
2024-11-26,7057.521484375,7092.926027494212,7023.563237100088,7075.922068473571,179222
2024-11-27,6963.92431640625,7096.267205364202,6951.25827082417,7057.521572271614,227250
2024-11-28,6822.705078125,7011.097047922309,6797.6724720680595,6963.924427579232,412343
2024-11-29,6810.53759765625,6873.917009537393,6793.683137647351,6848.584918304463,410883
2024-12-02,7046.80029296875,7060.962304808082,6802.758568767445,6839.559249487829,579743
2024-12-03,7107.38671875,7116.213018750079,7057.521167301282,7085.296376851873,351470
2024-12-04,7212.90283203125,7249.55401394279,7105.891061779297,7197.244853406892,604278
2024-12-05,7255.1884765625,7315.226795861178,7121.199641160504,7237.735533390591,510951
2024-12-06,7213.85009765625,7290.393723656146,7188.368994146538,7243.470431755583,189048
2024-12-09,7174.50634765625,7208.514752581197,7143.489875945199,7143.489875945199,203674
2024-12-10,7238.78271484375,7288.798254373333,7195.798997478041,7209.362038399663,333300
2024-12-11,7321.060546875,7344.198357345417,7196.645997027248,7236.189768577524,391192
2024-12-12,7207.6669921875,7298.97062662883,7170.167998245536,7280.3708724101,396742
2024-12-13,7239.9296875,7257.781457385486,7184.828253579747,7201.58288394828,314999
2024-12-16,7239.6806640625,7250.55125725666,7146.780748959848,7232.150673355099,219812
2024-12-17,7199.33935546875,7287.352058238636,7181.637083806818,7207.567171875,237831
2024-12-18,7217.93896484375,7247.95812512924,7158.349629036874,7213.8002213403615,253532
2024-12-19,7277.92724609375,7293.585224770434,7118.207974705133,7128.779569501803,292899
2024-12-20,7232.201171875,7370.029275109364,7190.662774564823,7305.104224448411,349055
2024-12-23,7245.56494140625,7310.190505643856,7165.680225217883,7231.602586061357,179062
2024-12-24,7220.5322265625,7260.175342032922,7191.011721170739,7240.478448182838,146814
2024-12-26,7241.625,7278.4256801820475,7205.322975340659,7252.645579232773,116439
2024-12-27,7226.81494140625,7275.384184829784,7135.760636388912,7241.625108045244,189089
2024-12-30,7294.58251953125,7358.559927504228,7200.635621617863,7220.532172322009,428884
2024-12-31,7276.73095703125,7346.1439071294535,7233.297766354822,7285.95608472546,212227
2025-01-01,7349.83349609375,7424.980983291441,7280.769703871731,7300.31709841415,341399
2025-01-02,7401.69384765625,7424.931488529194,7313.331986566991,7385.088715190638,265991
2025-01-03,7278.7255859375,7417.550999293422,7260.424829803878,7407.977202279319,180636
2025-01-06,7409.17333984375,7452.905527075795,7271.145586983522,7278.725248408462,527272
2025-01-07,7416.7529296875,7525.06100679865,7325.449298110759,7446.173605577611,398234
2025-01-08,7123.44384765625,7439.940614487945,7111.825271033987,7428.720864901754,450295
2025-01-09,7072.48095703125,7144.437338610969,6972.301354591133,7120.800872021568,305521
2025-01-10,7017.82861328125,7119.8036693380955,6997.982220547463,7070.935427315744,185381
2025-01-13,6821.208984375,6981.177584781182,6737.883351164238,6981.177584781182,431086
2025-01-14,6688.81591796875,6880.4491447024375,6665.1297798057285,6836.168630119755,362659
2025-01-15,6673.85595703125,6741.772936010912,6590.23132922663,6731.450669389427,547360
2025-01-16,6771.39306640625,6789.494165086462,6682.033896383445,6741.822890323859,579821
2025-01-17,6809.73974609375,6826.594205613879,6744.116386165603,6801.611758348511,166710
2025-01-20,6762.61669921875,6891.419323331351,6721.8764456227655,6882.44352392325,120356
2025-01-21,6900.54443359375,6996.087121310088,6819.612741867407,6819.612741867407,799900
2025-01-22,6874.365234375,6923.283633524483,6811.534638268655,6889.424728613194,247081
2025-01-23,6902.240234375,6944.376625972486,6804.852908348668,6873.717041130737,271085
2025-01-24,6726.91259765625,6896.655130495005,6710.357624060168,6896.655130495005,317194
2025-01-27,6677.44677734375,6711.70402394155,6656.403415809225,6681.984348046518,191705
2025-01-28,6690.91064453125,6729.356793484391,6617.208963065003,6680.9872040832815,202194
2025-01-29,6766.05712890625,6780.468468296157,6679.2413972121985,6722.873755438042,146288
2025-01-30,6806.298828125,6876.45975858852,6752.145032355194,6768.002180815279,204648
2025-01-31,6792.18701171875,6861.500130772337,6770.894323076255,6803.905416738601,187712
2025-02-01,6822.705078125,6921.339048731269,6791.937933230854,6791.987603998636,117096
2025-02-03,6780.369140625,6868.232347587394,6706.8676033483825,6763.365180836314,250589
2025-02-04,6773.9365234375,6798.270816435623,6688.267111950806,6766.75568886244,223642
2025-02-05,6925.9765625,6989.156319257961,6778.175346902163,6807.795194944054,389639
2025-02-06,6855.765625,6906.379161817653,6767.303938277198,6819.014614665838,334197
2025-02-07,6772.29052734375,6911.216252308945,6731.849758029131,6902.8389366703905,259335
2025-02-10,6743.06982421875,6815.973364637061,6668.022162281614,6798.869576286913,213808
2025-02-11,6300.36328125,6796.675045387852,6265.606892538398,6781.615550608226,1728723
2025-02-12,6357.4091796875,6476.587854299785,6198.28839092344,6332.526560307172,1133586
2025-02-13,6355.0654296875,6407.723256368874,6327.390049086062,6355.1151004508265,636246
2025-02-14,6262.484375,6371.744430666097,6222.635476986802,6369.097915711467,320088
2025-02-17,6292.146484375,6308.924813432112,6142.138293906521,6142.138293906521,482329
2025-02-18,6368.6982421875,6381.831334334728,6311.92081893513,6311.92081893513,220118
2025-02-19,6414.439453125,6426.773762928698,6276.216475475473,6340.134660530242,195067
2025-02-20,6382.7802734375,6461.17992233984,6369.746663414281,6376.088643372824,165304
2025-02-21,6309.4736328125,6387.424148557422,6284.9054708624535,6354.166425714404,220428
2025-02-24,6243.40869140625,6266.978620882339,6228.028474872074,6266.978620882339,458224
2025-02-25,6243.35888671875,6271.92242436642,6205.107553689101,6243.0092365985,421160
2025-02-27,6177.29345703125,6274.219199864375,6137.594270721471,6252.996364415751,397857
2025-02-28,6044.86279296875,6137.194317476782,5993.678308095941,6137.194317476782,845516
2025-03-03,6162.7119140625,6187.080624803114,5993.328624607504,6017.897274741039,373515
2025-03-04,6180.2392578125,6212.548000600631,6104.486123411776,6125.1598565523145,445246
2025-03-05,6206.45556640625,6227.079070422909,6122.812630345685,6192.074072543364,345922
2025-03-06,6266.07958984375,6283.956609813238,6209.102227225702,6247.003908833726,284475
2025-03-07,6208.15380859375,6306.677602826676,6189.377548790497,6284.206365475458,299433
2025-03-10,6141.73876953125,6204.058903093372,6126.05864452983,6198.465964309977,266043
2025-03-11,6126.95751953125,6147.83119260582,6032.278900069802,6122.163850567531,526709
2025-03-12,6135.89599609375,6150.078038260459,6055.998265930983,6126.258429924275,250139
2025-03-13,6097.8447265625,6192.074211489727,6074.325026838131,6147.231707070187,247628
2025-03-17,6148.77978515625,6196.269294032369,5994.327573581633,5994.327573581633,287639
2025-03-18,6148.77978515625,6148.77978515625,6148.77978515625,6148.77978515625,0
2025-03-19,6419.3330078125,6426.673709312939,6219.13954998606,6267.2278988640055,579880
2025-03-20,6466.07373046875,6476.360368589063,6355.6150164271285,6456.735585339051,457285
2025-03-21,6603.09814453125,6625.619611064712,6461.779026464751,6485.698605822227,496635
2025-03-24,6607.3427734375,6691.3855939267305,6592.0127855942865,6640.899919812836,389998
2025-03-25,6636.2060546875,6658.627063513728,6553.66131879786,6588.067475283183,223668
2025-03-26,6511.46533203125,6671.4607382110535,6482.75208409359,6645.29403546243,281646
2025-03-27,6483.7509765625,6551.564569690812,6422.030170954287,6491.74075011215,728926
2025-03-28,6607.74267578125,6641.2495935971265,6424.726925109921,6483.750987178941,413873
2025-04-01,6623.8212890625,6653.383546919907,6537.282157126084,6590.564053758572,319668
2025-04-02,6723.5439453125,6737.775729008723,6623.82148974124,6623.82148974124,292940
2025-04-03,6662.82177734375,6766.289437816478,6651.535930104373,6666.516754854563,312519
2025-04-04,6705.96630859375,6726.390361547241,6573.585947988707,6663.470897140785,279891
2025-04-07,6674.75634765625,6717.102536625482,6482.552654697502,6556.607769058809,744140
2025-04-08,6746.96435546875,6781.320284119028,6707.6645593835665,6716.403374182689,578124
2025-04-09,6825.36376953125,6842.691687801193,6656.479839902683,6656.479839902683,680834
2025-04-11,6772.28173828125,6862.166686391715,6756.851293792799,6813.978366988049,651996
2025-04-15,6896.1728515625,6956.096149331327,6826.262337498869,6956.096149331327,778401
2025-04-16,6996.54443359375,7025.507361089892,6856.224043483134,6861.217651672124,621996
2025-04-17,7064.45751953125,7082.9338698686115,6991.051479001731,7029.002901316313,533349
2025-04-21,7133.36962890625,7179.810187218345,7048.977646597174,7140.860041537233,244570
2025-04-22,7079.4384765625,7163.33109587988,7060.962125879505,7132.370724465132,305540
2025-04-23,7132.8701171875,7159.835602088657,7062.46023994559,7079.438508216689,287593
2025-04-24,7150.34765625,7175.315697510738,7084.432027321653,7132.370666542269,277769
2025-04-25,6944.11181640625,7233.741102578811,6889.182124201109,7160.335059359213,550158
2025-04-28,7035.994140625,7046.980078956707,6945.609829805048,6945.609829805048,379519
2025-04-29,6983.56103515625,7080.936394602476,6967.082128173042,7039.988807553294,174253
2025-04-30,6968.0810546875,7026.506272073084,6911.153919798982,6983.061879658162,499567
2025-05-02,6919.1435546875,7088.926234291553,6909.156338240203,6913.151224819122,207912
2025-05-05,6965.0849609375,7022.012096408312,6941.115640739264,6951.102857488529,259097
2025-05-06,7000.0400390625,7064.956946258828,6941.115461761218,6990.552183395344,292595
2025-05-07,6974.0732421875,7046.979922221824,6941.115427925408,6961.089860811524,338311
2025-05-08,6842.7412109375,6970.078218073825,6797.299377018262,6941.115290960464,383274
2025-05-09,6713.4072265625,6835.251273221325,6668.964111182846,6726.889969430485,428193
2025-05-12,6917.14599609375,6931.627459700934,6749.860123390068,6791.307070955458,237009
2025-05-13,6908.6572265625,7004.035147073771,6891.17959714944,6899.16937059541,323598
2025-05-14,6907.658203125,6984.0604083645085,6853.727234720641,6921.14094522609,324593
2025-05-15,7063.458984375,7087.428304364395,6861.217846964475,6933.125806932661,656146
2025-05-16,7006.0322265625,7095.917173161306,6984.060350727236,7070.949132439416,270772
2025-05-19,6965.583984375,7051.973405071601,6956.595489736048,6976.070561453778,307173
2025-05-20,6903.1640625,6998.0426194932725,6882.190907796224,6976.570103963216,365507
2025-05-21,6975.072265625,7033.996845188556,6919.6432119677565,6919.6432119677565,449740
2025-05-22,6945.60986328125,6992.050420998206,6906.1603572636195,6975.072152585556,229993
2025-05-23,7055.46923828125,7078.939197528134,6921.141173655469,6978.567669685079,321466
2025-05-26,7087.42822265625,7110.8981815419575,7070.9493153535195,7085.930140174184,228090
2025-05-27,7064.45751953125,7115.392323163977,7020.513767377525,7109.399993324832,218088
2025-05-28,6947.607421875,7091.922705776522,6923.6381013654045,7090.923984088622,278102
2025-05-29,6914.14990234375,6972.075757368441,6877.696562543729,6956.595571973912,308885
2025-05-30,6871.70458984375,6984.060779998161,6844.739104206691,6941.115747316919,911209
2025-06-02,6906.65966796875,7080.936598351303,6874.700574718081,6935.123235395126,1217905
2025-06-03,6803.79150390625,6941.615096939507,6790.808121953842,6941.115736095184,489548
2025-06-04,6846.23681640625,6859.220197677334,6763.342920598559,6803.791146866168,629518
2025-06-05,6867.2099609375,6910.654352051633,6833.253425354039,6859.719548676442,488647
2025-06-06,6933.625,6946.109020525747,6799.296939142961,6858.221516024487,269399
2025-06-09,6923.138671875,6967.581786545865,6877.197474687139,6967.581786545865,239444
2025-06-10,6909.65576171875,6983.561164098917,6902.165349315355,6942.61357629369,559472
2025-06-11,6918.64453125,6938.119604271924,6854.226982023638,6909.156675162396,526939
2025-06-12,6987.55615234375,7045.981369939993,6921.141161401013,6923.138604737637,552007
2025-06-13,6985.55859375,7028.503624778844,6914.149995643898,6970.078408146579,367775
2025-06-16,7104.90576171875,7128.875081128541,6973.074504964902,7001.538071764028,589027
2025-06-17,6997.54345703125,7125.3798321828945,6990.552405265144,7110.898367810248,264117
2025-06-18,6924.63671875,7021.013360180645,6908.157811147869,6997.543400868519,394355
2025-06-19,7000.53955078125,7026.006953384134,6903.164187887866,6928.132229655401,462080
2025-06-20,7054.47021484375,7067.952956813085,6965.583990008882,6996.044999643303,378436
2025-06-23,6998.5419921875,7040.488301666183,6986.557332336448,6991.051579780592,137379
2025-06-24,6997.0439453125,7066.9544614660645,6984.559924570792,7025.5075126035945,238243
2025-06-25,7032.998046875,7051.973758731096,6986.058128073079,6986.058128073079,378904
2025-06-26,7092.421875,7113.3950298792515,7011.525420465747,7045.481956936915,426516
2025-06-27,7299.1572265625,7314.637412238319,7108.401390170157,7120.885410876463,523582
2025-06-30,7232.7421875,7327.121383401512,7194.291403984569,7327.121383401512,353888
2025-07-01,7486.41748046875,7574.804346400111,7395.034449590563,7465.444325840969,1872535
2025-07-02,7431.48779296875,7522.3714630615,7407.019112559163,7460.450720800505,910865
2025-07-03,7555.32958984375,7590.784209862184,7430.489378511236,7464.4459159936805,894597
2025-07-04,7543.84423828125,7583.29374478977,7515.380670294089,7583.29374478977,349076
2025-07-07,7606.26416015625,7615.752015923252,7525.867066551657,7552.832551363135,449086
2025-07-08,7555.32958984375,7625.240108189958,7544.343651246489,7595.2784574701545,481581
2025-07-09,7459.4521484375,7558.824954538655,7438.978354215654,7535.354995308734,266815
2025-07-10,7349.5927734375,7445.470053808474,7338.60683506166,7445.470053808474,384661
2025-07-11,7180.3095703125,7374.560938477989,7149.8485588521025,7345.59800954843,578061
2025-07-14,7210.7705078125,7247.223849022355,7163.83058899433,7190.796074272853,670246
2025-07-15,7351.0908203125,7364.573562799317,7218.260838775707,7251.218653743483,517978
2025-07-16,7343.10107421875,7400.5275702089,7300.6554032695085,7365.072950945416,527782
2025-07-17,7341.103515625,7399.029371540414,7322.127804204433,7351.590092988998,378666
2025-07-18,7294.16357421875,7375.060027906943,7245.725574170881,7375.060027906943,192649
2025-07-21,7245.22607421875,7313.139145146708,7236.736940352755,7294.163434152131,217270
2025-07-22,7237.236328125,7282.178801700606,7207.274679074597,7260.7062865478165,300768
2025-07-23,7364.07421875,7380.553126271446,7234.739762748356,7241.730814424121,508883
2025-07-24,7354.0869140625,7475.930956096265,7340.104810878298,7363.574769794638,454916
2025-07-25,7458.95263671875,7473.933461456084,7334.112430574297,7355.584946031143,434232
2025-07-28,7347.095703125,7492.409700923503,7313.638528374142,7470.437824967716,240740
2025-07-29,7446.46875,7459.452131672479,7301.154747434952,7347.095944122183,336770
2025-07-30,7440.4765625,7464.945243812919,7390.54047818792,7450.463779362416,266922
2025-07-31,7488.4150390625,7515.380523999108,7345.5978410649095,7368.568439344242,342605
2025-08-01,7342.10205078125,7528.363634467668,7322.127618214342,7528.363634467668,215243
2025-08-04,7298.65771484375,7378.555445712318,7285.674333577607,7377.556724076461,260996
2025-08-05,7264.701171875,7332.614243044576,7226.250388933401,7302.652593999175,282791
2025-08-06,7180.3095703125,7269.695161319241,7155.341528131846,7260.706666134206,296623
2025-08-07,7160.83447265625,7188.299318960022,7044.483396496633,7154.842142553609,407857
2025-08-08,7075.443359375,7189.297624738646,7056.967009294058,7160.834058397734,327102
2025-08-11,7249.720703125,7310.642725840336,7011.525581524875,7091.922677075441,498598
2025-08-12,7227.24951171875,7275.68751369738,7195.789778474897,7249.720749750073,342006
2025-08-13,7798.51806640625,7829.9777986329,7379.554330879911,7393.536434091755,2291645
2025-08-14,7811.50146484375,7849.452887929356,7739.094144483056,7819.990598955003,673142
2025-08-18,7812.5,7907.378555449025,7796.021093000959,7839.9648449984015,633876
2025-08-19,7823.5,7864.5,7800.0,7830.5,384598
2025-08-20,7883.0,7918.0,7812.5,7830.0,452843
2025-08-21,7926.5,7947.0,7853.0,7893.0,482016
2025-08-22,7922.5,7980.0,7852.0,7895.0,843648
2025-08-25,7851.0,7950.0,7838.5,7926.0,402979
2025-08-26,7793.5,7834.0,7720.5,7827.5,671659
2025-08-27,7793.5,7793.5,7793.5,7793.5,0
2025-08-28,7728.0,7828.0,7714.5,7755.0,418353
2025-08-29,7610.0,7744.0,7586.0,7670.0,481590
