Date,Close,High,Low,Open,Volume
2020-09-01,1894.593505859375,1902.9211320832449,1826.1055280341097,1842.6172933904659,3068285
2020-09-02,1860.756103515625,1911.5358070204545,1842.6171399671382,1893.3010296241355,2569603
2020-09-03,1893.34912109375,1902.7775551778905,1861.7613956154416,1866.7388086493143,1931667
2020-09-04,1872.6256103515625,1908.3771485226835,1867.5045934466084,1874.2050199735822,1930422
2020-09-07,1897.273681640625,1917.90147084565,1864.728751530976,1880.905519572359,2855392
2020-09-08,1876.45458984375,1916.2742476078124,1868.4619608701237,1902.4426983757023,2401034
2020-09-09,1894.354248046875,1908.5687012646047,1874.2050610959107,1876.4544666815164,2776804
2020-09-10,1968.53759765625,1981.12473463545,1896.2208010348033,1900.0975233129948,5081252
2020-09-11,1948.819091796875,1981.3640220310172,1935.4661451010409,1974.7115021480945,2599475
2020-09-14,1944.2724609375,1966.096755989781,1919.1937661925565,1962.26794049613,2142458
2020-09-15,1931.2066650390625,1961.8371880920818,1923.0704323531043,1957.4818638570116,1997383
2020-09-16,1925.9898681640625,1940.2522290830445,1908.8081055724679,1940.2522290830445,1717740
2020-09-17,1922.017333984375,1957.4817817068213,1914.407610471219,1914.407610471219,2416918
2020-09-18,1941.5921630859375,1956.859516578433,1928.7656091151448,1939.5820585250751,3021436
2020-09-21,1888.132568359375,1968.9683896348379,1878.321228547145,1949.2500129912014,2518361
2020-09-22,1854.58251953125,1910.2917386697952,1843.909672888325,1905.0271173240292,1974860
2020-09-23,1863.2451171875,1904.8355758616915,1845.7761477103766,1856.9753855134077,2732912
2020-09-24,1836.251708984375,1861.7612111594672,1826.105373053714,1858.4589051069267,1906183
2020-09-25,1843.191650390625,1871.3334660368323,1826.3448865464327,1842.8566524232283,1939316
2020-09-28,1862.335693359375,1874.2050438705876,1847.403337420957,1855.0609678351373,1137313
2020-09-29,1876.071533203125,1904.787647082687,1870.3762173554785,1876.1194401313908,1965383
2020-09-30,1901.3895263671875,1918.236288767571,1874.348520799481,1881.9582437694517,2518982
2020-10-01,1953.12646484375,1961.6457189571065,1906.7978939767509,1921.10804417923,2014003
2020-10-05,1941.2093505859375,1955.2802000277522,1924.9368856155425,1953.1264914287294,1554873
2020-10-06,2000.5560302734375,2008.1178471501648,1957.5775543878024,1962.2678765839937,3152378
2020-10-07,2014.9139404296875,2028.1233992241764,1985.192716565169,1990.9838461252969,2429595
2020-10-08,1999.2637939453125,2017.7378755997577,1983.3743497252237,2014.4355689465128,1427493
2020-10-09,1962.84228515625,2018.6470819997535,1957.6254541275227,2004.3848382797623,1636939
2020-10-12,1988.926025390625,1997.1578379217922,1953.8922725503867,1979.4016605497377,2182836
2020-10-13,1976.2908935546875,2023.5289984185517,1966.1446726616618,1988.1124549268363,2619233
2020-10-14,1982.7041015625,1996.2484412882695,1967.0537266110734,1981.4117830096945,1530471
2020-10-15,2000.9864501953125,2033.1006814261705,1977.6307731323134,1981.411681050929,4001883
2020-10-16,1972.988525390625,2000.5560429603177,1967.5804171246323,2000.5081360294332,2017706
2020-10-19,1981.5076904296875,1990.9360076945939,1968.4896252032931,1990.9360076945939,1338404
2020-10-20,2027.8360595703125,2040.5669156513688,1978.8751832822993,1988.9734954686276,2377713
2020-10-21,2023.816162109375,2052.1015828294035,1992.1805278889926,2038.8442159296355,2895432
2020-10-22,2010.031982421875,2026.2567723027619,1987.9207168782918,2023.720042249224,2755686
2020-10-23,2029.51123046875,2038.2695512159887,2006.299039765358,2023.050105221414,3070714
2020-10-26,1991.4144287109375,2025.778182408329,1981.459603518982,2025.778182408329,1278139
2020-10-27,2103.742431640625,2112.8837741183806,1995.7698027668603,1995.7698027668603,4964874
2020-10-28,2070.28515625,2126.8463942194708,2061.273564347447,2108.871424525783,3166047
2020-10-29,2133.4609375,2140.938571169827,2071.770986334331,2072.633691198552,4795796
2020-10-30,2120.087890625,2150.142135441155,2104.7492488660127,2118.7458530907284,3006197
2020-11-02,2083.03515625,2133.8921428021117,2076.564168067311,2107.1454852666193,1772571
2020-11-03,2065.587890625,2103.215499926558,2058.0145291240806,2103.215499926558,1781465
2020-11-04,2079.775634765625,2122.340499093722,2066.8816379619916,2070.7162977726816,2189957
2020-11-05,2145.7802734375,2152.874301998548,2093.389082038457,2099.4766994212637,2671841
2020-11-06,2117.7392578125,2155.0792179144983,2111.4599543846452,2141.609925992712,2395965
2020-11-09,2133.221435546875,2156.03771068677,2122.628139869522,2156.03771068677,1691773
2020-11-10,2108.823486328125,2146.019737829172,2098.517836832488,2133.2214655335592,1879561
2020-11-11,2091.51953125,2131.1124453531534,2068.1281972193356,2113.856474135719,2387398
2020-11-12,2082.02880859375,2110.7407801168497,2072.6338442659835,2082.2204947945033,1626054
2020-11-13,2089.84228515625,2115.3428746727354,2082.220943154806,2090.3695978586807,1560060
2020-11-14,2094.2998046875,2102.735870060788,2090.225478141662,2101.393832582971,146991
2020-11-17,2097.2236328125,2130.057912807152,2091.807268564409,2115.198603612492,1699293
2020-11-18,2104.98876953125,2118.649746402852,2076.564444607515,2094.683120312322,1817170
2020-11-19,2072.345703125,2104.269288572373,2067.5523790052453,2085.0959920933537,2669522
2020-11-20,2076.995849609375,2099.524478704383,2071.243859202139,2073.928168202,2196113
2020-11-23,2095.881591796875,2106.139261639875,2050.392979244425,2071.2439453377733,4002609
2020-11-24,2116.636474609375,2138.781730929353,2100.435128850835,2102.2564988299305,2954306
2020-11-25,2065.252197265625,2117.403483205381,2061.1298906744582,2106.426815016025,1682365
2020-11-26,2066.21142578125,2087.4457691514363,2029.6382031322257,2070.71710600764,2247478
2020-11-27,2123.730712890625,2151.819645411708,2075.5098145014,2080.3031397081004,10036402
2020-12-01,2137.87109375,2180.963041989603,2115.0068381297256,2180.963041989603,2235498
2020-12-02,2220.124755859375,2229.807133334189,2143.575250887597,2148.368576582784,3305952
2020-12-03,2311.724853515625,2321.7430907248568,2220.5079658298278,2243.2762612161023,4334658
2020-12-04,2337.94482421875,2343.9364818922986,2276.829915948552,2300.796546642747,2789953
2020-12-07,2370.34716796875,2376.33882415659,2336.266580762503,2339.1425757326665,1762501
2020-12-08,2338.088134765625,2381.515709045143,2327.590799107601,2368.4300245199347,2090950
2020-12-09,2418.040771484375,2427.435735275441,2345.853250318618,2348.7292453128784,2022370
2020-12-10,2421.6357421875,2446.5130518413553,2397.6211374040868,2411.953132179315,2372909
2020-12-11,2416.74658203125,2432.0372425857267,2391.869271091636,2412.0012369004235,2171653
2020-12-14,2442.822021484375,2448.334344998237,2416.794361468981,2425.422346099374,1280339
2020-12-15,2422.977783203125,2433.6670382756433,2399.0591385021976,2430.215750690538,1283286
2020-12-16,2475.704833984375,2480.9295123774905,2432.7088413217725,2435.009544121769,1920875
2020-12-17,2468.610595703125,2495.7408646576328,2451.306643956499,2462.810625077922,1750663
2020-12-18,2493.967041015625,2527.040984092711,2469.0897306413713,2470.4797481058104,4402604
2020-12-21,2449.0537109375,2494.7342435095798,2434.14665583013,2488.1672939365944,1383048
2020-12-22,2493.29638671875,2505.5673475361214,2393.0199176936635,2435.9681635299085,1993090
2020-12-23,2533.320556640625,2540.4625649662757,2496.363969498937,2496.363969498937,1339307
2020-12-24,2538.784423828125,2548.13140698014,2504.99148474007,2548.13140698014,1143202
2020-12-28,2572.960693359375,2578.329310548087,2520.8573952209363,2544.5363720105074,1226254
2020-12-29,2585.328369140625,2600.3313859646414,2562.51209047398,2574.0160729227973,1562853
2020-12-30,2621.373779296875,2629.4746867037024,2569.5581174171016,2582.6438025296557,1614643
2020-12-31,2650.229736328125,2657.41972476092,2612.4104439814455,2621.3738224648678,1526325
2021-01-01,2660.822998046875,2676.5929923272356,2636.3290576289032,2644.9570436356885,1246698
2021-01-04,2639.875732421875,2675.7299434266392,2631.5353938304775,2666.1432935401895,1360486
2021-01-05,2678.366455078125,2688.672104409936,2619.072927861051,2639.8759127256794,1299589
2021-01-06,2689.390869140625,2705.7838997099593,2665.0886185140453,2685.5082291995236,1697884
2021-01-07,2676.83251953125,2714.795749608379,2666.526870114127,2685.220838824257,1142806
2021-01-08,2727.11474609375,2732.0040320513594,2673.765123319721,2701.5184330165807,1660967
2021-01-11,2731.524658203125,2754.676327951729,2707.845675812296,2727.4023512490603,1517995
2021-01-12,2608.096435546875,2732.195588355519,2600.043508120156,2731.8122159276704,6674890
2021-01-13,2591.9423828125,2648.791261251784,2567.304740366369,2645.9152663970044,2862676
2021-01-14,2553.78759765625,2623.53047634551,2538.5449177891537,2600.8581427348845,2124950
2021-01-15,2483.8056640625,2551.8231497338347,2473.8836193084467,2550.912230521163,2570436
2021-01-18,2481.217041015625,2511.558932789526,2449.772777962595,2484.8600153170373,2395168
2021-01-19,2535.717041015625,2565.962970197115,2482.942483126233,2506.909109411235,2558693
2021-01-20,2585.759521484375,2595.2502126502354,2535.717248516094,2544.297254618419,2065439
2021-01-21,2604.06982421875,2700.511384931745,2583.6022323944358,2614.2315330150477,5015712
2021-01-22,2489.3173828125,2654.399683329101,2482.9423541714186,2636.3287544291125,4945564
2021-01-25,2410.036376953125,2522.7275200907748,2397.621709195146,2504.848507402352,3520087
2021-01-27,2335.883056640625,2420.628942636474,2330.0830870177642,2420.628942636474,2700415
2021-01-28,2340.7724609375,2352.5161080767493,2301.802819356281,2319.969475672077,3035457
2021-01-29,2307.842529296875,2381.324115821237,2300.796247170277,2354.4814929375834,2768673
2021-02-01,2346.62060546875,2365.7459284380134,2278.6511057742637,2326.296951059694,1797359
2021-02-02,2361.815185546875,2415.836057678491,2324.8588330942853,2358.316151543289,2679428
2021-02-03,2352.228515625,2400.353690610728,2337.561126917649,2400.353690610728,2409356
2021-02-04,2302.521728515625,2354.4813266173146,2298.878754571792,2354.4813266173146,3478562
2021-02-05,2278.5068359375,2323.707793044482,2272.802826505035,2319.969093496897,3303319
2021-02-08,2316.94970703125,2334.2534238497774,2275.2955235974596,2295.0441171390075,3666313
2021-02-09,2403.2294921875,2427.771176200417,2323.4683755105593,2331.9526545331164,7178572
2021-02-10,2406.82421875,2449.388847171242,2372.6956543048236,2424.4635594896563,4473123
2021-02-11,2401.93505859375,2435.00899973184,2391.965036623922,2420.5810452661362,1446286
2021-02-12,2383.33740234375,2418.712050967754,2362.342496192455,2413.918725460485,1376085
2021-02-15,2355.200439453125,2413.43934316607,2347.339432593048,2391.869378827942,1634576
2021-02-16,2348.968994140625,2372.79191380021,2321.88670699259,2369.8199585820325,1615849
2021-02-17,2289.435791015625,2353.5706217627235,2283.540094718163,2335.3080061853257,3178784
2021-02-18,2368.621826171875,2377.106106035215,2296.24261019455,2323.8042321726703,4253843
2021-02-19,2316.56640625,2368.7656780145767,2300.79641099281,2368.7656780145767,2244567
2021-02-22,2288.381591796875,2346.812183292479,2281.622955978799,2328.357879972062,2002642
2021-02-23,2274.1455078125,2300.7964467977304,2219.309905973644,2276.8298171435877,3267268
2021-02-24,2263.74365234375,2309.759571550457,2250.178402398165,2274.912005781584,1708526
2021-02-25,2275.63134765625,2287.6146617565987,2239.633425288981,2276.829679066285,2839515
2021-02-26,2183.072021484375,2262.4495350317466,2166.5830293100626,2241.4068838356543,3933813
2021-03-01,2264.65478515625,2271.9405000421234,2204.9298980640824,2204.9298980640824,2545806
2021-03-02,2291.5927734375,2303.2406938764616,2261.490785386451,2287.3747409631505,2033586
2021-03-03,2302.80908203125,2317.764114250427,2277.596147999748,2306.5477815737813,1591567
2021-03-04,2317.189453125,2334.34946439765,2252.862932786233,2281.6228851196743,2149984
2021-03-05,2288.42919921875,2323.707882192751,2278.84254970428,2299.837218521345,1953642
2021-03-08,2284.211181640625,2313.7381121690278,2262.4975117464296,2284.4988279671816,1593838
2021-03-09,2322.55810546875,2342.9777207944994,2297.1054979031596,2300.79645249869,1800442
2021-03-10,2331.425537109375,2344.8948285393817,2315.7035231296486,2344.8948285393817,1056102
2021-03-12,2302.090087890625,2362.7733897876424,2297.9198018896027,2341.8267018185384,1279203
2021-03-15,2257.656005859375,2327.2071962891873,2246.200006270029,2303.240572023164,1524449
2021-03-16,2366.560791015625,2377.4894796816184,2277.165269249371,2280.855989504094,4230564
2021-03-17,2322.797119140625,2358.3157012064103,2311.43708027766,2358.3157012064103,1623187
2021-03-18,2305.158203125,2366.800415600356,2291.2095791700244,2366.800415600356,1851739
2021-03-19,2311.58154296875,2333.391177018533,2257.9922500660778,2294.085902467276,3738079
2021-03-22,2325.433837890625,2337.3214253128185,2291.2095413423176,2291.2095413423176,1489853
2021-03-23,2310.67041015625,2333.342744903684,2299.0704694650935,2329.5560647769294,1745466
2021-03-24,2342.5458984375,2367.9025407789422,2310.3826410029355,2310.6702873116296,4132092
2021-03-25,2302.9052734375,2366.9441494008124,2293.12693615502,2349.6401974080504,2272545
2021-03-26,2401.599853515625,2410.0361534579088,2309.520255144329,2324.7629370708423,3084607
2021-03-30,2471.486328125,2476.663025459427,2417.27377604633,2434.146373516212,2332884
2021-03-31,2432.516845703125,2476.184089874873,2426.3814823937596,2471.4867242832443,1616044
2021-04-01,2446.273681640625,2458.5446417942285,2427.3400458172086,2427.3400458172086,1219588
2021-04-05,2406.872802734375,2452.2656956858195,2381.803800207748,2452.2656956858195,1268939
2021-04-06,2503.649658203125,2511.702350746192,2400.9765410090986,2421.587838925527,3372846
2021-04-07,2519.947021484375,2557.7663105583993,2492.6250678040337,2497.3224328873366,1937977
2021-04-08,2541.085693359375,2548.5153482927262,2519.3720212705794,2521.2893515759606,897483
2021-04-09,2522.056396484375,2545.2560469765604,2502.259820133977,2526.0827434211815,1185017
2021-04-12,2494.63818359375,2502.1158179053537,2449.3892393671185,2471.630222049793,1427691
2021-04-13,2464.440185546875,2517.4544093704717,2458.3048228755824,2492.529118188586,1200230
2021-04-15,2480.7373046875,2486.3455884011323,2432.1330373492615,2482.942280935982,1209829
2021-04-16,2553.596435546875,2582.1647051949426,2474.9858894819095,2480.642154567275,2760777
2021-04-19,2465.590576171875,2540.4624110375603,2460.749504854262,2540.4624110375603,1552036
2021-04-20,2448.094970703125,2497.0348695027133,2424.2722840621423,2492.5291904682235,1489287
2021-04-22,2407.44775390625,2451.3066826235067,2385.1587901319067,2450.0123911072924,1690758
2021-04-23,2413.87060546875,2458.9758426873145,2393.019640720817,2422.64253106802,1614593
2021-04-26,2452.169677734375,2468.562946650227,2425.423011660223,2425.423011660223,1103980
2021-04-27,2467.939697265625,2473.2601015543896,2429.2574652393496,2439.8027817814304,866331
2021-04-28,2506.47802734375,2511.9423719164006,2468.5627736608076,2481.0254206734644,1065561
2021-04-29,2505.423583984375,2532.79352295176,2463.7696267925903,2521.289540258565,1295346
2021-04-30,2431.55810546875,2498.089604917582,2419.718731721132,2487.7359748597905,1384907
2021-05-03,2475.4169921875,2487.831892460955,2402.0313660857487,2406.249398902433,1034774
2021-05-04,2480.21044921875,2509.737382648761,2465.2554133081194,2497.322715766003,1058140
2021-05-05,2461.51611328125,2508.8263250285677,2440.8570696055817,2508.8263250285677,1220186
2021-05-06,2443.685302734375,2475.1295646024805,2423.505355711845,2473.212234416,1518119
2021-05-07,2446.177734375,2482.9426349640885,2436.4473771278886,2449.3893561132227,1416102
2021-05-10,2451.259033203125,2481.9843008872017,2437.0707408725843,2481.9843008872017,1526814
2021-05-11,2450.587646484375,2456.0999707747555,2417.0823482596206,2428.2986830493583,1168363
2021-05-12,2450.539794921875,2481.9360783960606,2425.4228149523483,2470.4800767320953,2085630
2021-05-14,2659.81640625,2718.0553129646105,2494.0153186352622,2511.702643494323,10543708
2021-05-17,2667.725341796875,2707.461963899994,2633.980376646853,2667.0063429625034,2134352
2021-05-18,2705.161376953125,2727.402361704478,2673.717113108538,2681.3864343365294,1328605
2021-05-19,2699.45703125,2731.236683526792,2682.967805415909,2689.199128140698,1219067
2021-05-20,2678.606201171875,2727.4021602613066,2663.6509322622287,2697.683542697827,1211975
2021-05-21,2715.419189453125,2736.030491332469,2679.469244314734,2690.9732267590193,1328308
2021-05-24,2702.668701171875,2731.236968998245,2692.1233846892565,2728.3609735938944,813091
2021-05-25,2793.933349609375,2801.842336332762,2706.071790720109,2719.6368076624053,2730112
2021-05-26,2820.00927734375,2826.048680075059,2790.09873977398,2818.331613463033,1250531
2021-05-27,2827.438720703125,2842.4417343830214,2782.285505434443,2828.061759335553,2415085
2021-05-28,2819.146240234375,2841.2914963087705,2809.9909422798405,2835.874898395797,711383
2021-05-31,2854.425048828125,2866.3603813156774,2814.7364112902446,2816.5577811778444,2093635
2021-06-01,2809.84765625,2859.314873398306,2794.6049734334906,2842.442272528574,1194073
2021-06-02,2783.67578125,2812.4837140787595,2758.2231762437464,2798.199697825445,2067842
2021-06-03,2814.017333984375,2820.392362462088,2784.011073393099,2798.9183605959392,1404434
2021-06-04,2803.999755859375,2866.4089541325447,2787.7984075643612,2830.938341656657,1509084
2021-06-07,2811.8603515625,2819.4337112986223,2783.915126915326,2808.8883964994775,802415
2021-06-08,2805.29345703125,2822.5494270360555,2787.318488276244,2806.971120781717,762931
2021-06-09,2821.87890625,2842.442227324192,2798.918922252263,2809.6559253399214,1340352
2021-06-10,2842.64013671875,2851.021764038667,2813.785793710524,2837.2449418972474,1344559
2021-06-11,2848.083251953125,2862.871702202803,2831.0791449716985,2851.6960425475686,878445
2021-06-14,2841.965576171875,2861.330228366131,2809.787747821488,2846.975500764826,746823
2021-06-15,2930.888427734375,2938.4030793723477,2852.611296521587,2861.33021171668,2262031
2021-06-16,2908.248291015625,2930.888446030812,2895.531314814598,2918.171469829784,859505
2021-06-17,2948.326171875,2961.476635450958,2890.7141579462095,2907.5256296702587,1533864
2021-06-18,2935.705322265625,2965.185786623323,2905.6951701377893,2949.5303612323933,2293860
2021-06-21,2956.2744140625,2966.4864279591025,2910.5123986371377,2913.5470487348866,720491
2021-06-22,2900.63720703125,2979.6851081239265,2894.2786018361926,2972.1222394606916,1199238
2021-06-23,2878.04541015625,2919.134787588224,2874.336184412365,2919.134787588224,1009007
2021-06-24,2931.900146484375,2938.1140995889955,2866.5808420924163,2878.0455726340165,985596
2021-06-25,2893.989990234375,2941.7752663082674,2875.7816177927552,2919.327744662172,786964
2021-06-28,2873.806640625,2927.6614537490336,2867.351834314209,2913.3547070864906,891695
2021-06-29,2891.677978515625,2913.210307421256,2864.2689839150735,2879.6353415902727,1242734
2021-06-30,2883.19970703125,2919.1349800650164,2876.407613253908,2889.2692426452095,924522
2021-07-01,2911.0419921875,2916.147880954075,2887.341993850591,2897.939512012872,848235
2021-07-02,2895.04931640625,2927.6126469401474,2889.9914099466387,2921.9765999449273,805542
2021-07-05,2904.490966796875,2938.4029803813723,2897.072750576472,2909.5006559841786,863343
2021-07-06,2892.640869140625,2918.652960220324,2886.3786990658823,2893.12257453099,762630
2021-07-07,2928.865234375,2956.7077121002226,2901.070739023068,2952.8540689433635,1234865
2021-07-08,2917.497314453125,2947.0739824363545,2908.3449107809624,2938.4032842206216,907391
2021-07-09,2900.445068359375,2927.950262514171,2896.976694894294,2911.4278589858845,547082
2021-07-12,2889.654296875,2931.514684843511,2881.6099577154073,2923.855380718106,765566
2021-07-13,2884.307373046875,2910.5603160305795,2876.1183816574626,2909.500470120633,703484
2021-07-14,2892.111572265625,2897.699403045075,2875.01102720568,2893.1232008459347,470744
2021-07-15,2874.4326171875,2900.829979577485,2862.389981935186,2899.8665687573002,635535
2021-07-16,2879.924072265625,2896.0129862588515,2856.513141802227,2884.452056173986,1062548
2021-07-19,2872.84326171875,2889.943806238442,2856.5134930076933,2879.924426349442,837836
2021-07-20,3043.462890625,3063.164594157612,2870.5306545340136,2886.378714922537,6755922
2021-07-22,2993.076416015625,3049.1950934865868,2976.939285584061,3015.475716465408,1982572
2021-07-23,2970.918212890625,3015.0906945087095,2965.4268180794015,2992.3541043334517,815329
2021-07-26,2949.19287109375,3004.878058168028,2939.55876382165,2967.256822228938,1136884
2021-07-27,2917.833740234375,2968.750090122407,2910.752812670884,2966.7268335570143,904289
2021-07-28,2894.182861328125,2922.025343049221,2874.818207602663,2919.4723981744955,996594
2021-07-29,2887.775634765625,2928.720593472794,2880.8873416779747,2894.1824576644335,762683
2021-07-30,2850.20263671875,2898.5658118796327,2843.892248931671,2897.939688942169,1067423
2021-08-02,2865.232177734375,2877.5156664673596,2852.3223308040874,2876.359620451685,832285
2021-08-03,2916.244873046875,2952.8544882354386,2884.6449476320395,2909.5009965647714,2433031
2021-08-04,2908.152099609375,2941.5824092205035,2901.793493886294,2929.3471384093414,659295
2021-08-05,2879.056884765625,2928.7689786173523,2871.012545307545,2922.988513527976,693694
2021-08-06,2857.91015625,2891.1960491759282,2853.093101852839,2885.415583899335,744159
2021-08-09,2883.05517578125,2904.683702243976,2864.268664274199,2885.0781974342967,825462
2021-08-10,2868.218505859375,2898.2288948345417,2852.2260269416734,2888.30571607998,724335
2021-08-11,2863.835205078125,2891.6294671534497,2844.518770370748,2878.0934975829796,987941
2021-08-12,2866.629150390625,2876.0224067227737,2849.7694595380503,2865.184034031833,438552
2021-08-13,2879.34619140625,2892.1596037810064,2864.31712206488,2871.8315391316924,572250
2021-08-16,2862.67919921875,2874.962688816111,2851.6964084853867,2870.964627461639,461742
2021-08-17,2904.972900390625,2932.6227458609733,2864.3170079199076,2865.1839836368376,2036757
2021-08-18,2891.725830078125,2936.4762161868025,2883.0551325893844,2936.4762161868025,1375320
2021-08-20,2999.050048828125,3009.7440043815836,2891.677946241613,2891.677946241613,3931334
2021-08-23,2964.848876953125,3048.0877212356254,2939.3667052617425,3043.4633017964184,1578949
2021-08-24,2934.5009765625,2979.636865046623,2923.5181879097904,2979.636865046623,763704
2021-08-25,2926.89013671875,2957.671063777433,2902.3713796648076,2915.2809898991895,797870
2021-08-26,2928.431640625,2971.6407105117696,2915.473811979599,2951.890788461035,1319516
2021-08-27,2925.68603515625,2946.0620799853805,2909.98239169536,2929.2023905781075,634375
2021-08-30,2995.003662109375,3000.3024221066735,2936.5246669989206,2944.8580772752116,1051747
2021-08-31,3084.215087890625,3092.5484967661196,2989.5117644527886,2995.0031586671885,2283290
2021-09-01,3181.905029296875,3211.048206084773,3097.3657313418976,3111.865110967172,2423168
2021-09-02,3180.79736328125,3197.560618024197,3147.1259658351805,3191.731935327621,847517
2021-09-03,3216.63623046875,3222.561113182135,3166.2497953856196,3180.7973934730694,832039
2021-09-06,3194.23681640625,3225.210380429682,3184.939760795523,3219.718985754052,664394
2021-09-07,3214.179443359375,3270.394560453337,3202.233242920875,3211.5300635259578,1285818
2021-09-08,3214.5166015625,3238.5536542217333,3176.3654394172586,3222.6091582804765,702598
2021-09-09,3223.91015625,3236.097210040382,3184.073021489569,3184.073021489569,591745
2021-09-13,3243.8525390625,3250.5481974068402,3208.4954080231823,3224.150834285145,610920
2021-09-14,3239.468994140625,3264.61411149422,3234.0258169027065,3261.0493031709166,569412
2021-09-15,3229.642333984375,3260.134194195867,3224.4879917029866,3238.8429549125976,587855
2021-09-16,3219.8154296875,3247.6579085971307,3212.975118710006,3227.4262811629746,516746
2021-09-17,3182.1943359375,3258.25557743483,3164.852940197161,3229.3532512009315,1545695
2021-09-20,3151.8466796875,3193.7068323031426,3145.5362918460814,3179.207452584024,689288
2021-09-21,3188.118896484375,3212.9749415746805,3151.3166518413136,3151.8465748102512,922057
2021-09-22,3196.115478515625,3208.109896495186,3167.935711297364,3206.7129978113817,825945
2021-09-23,3199.149658203125,3217.7917493972304,3193.706481811922,3217.7917493972304,694716
2021-09-24,3322.418701171875,3376.7549782074448,3199.3429669447705,3208.1580820059316,2775975
2021-09-27,3305.125244140625,3343.0355540892497,3292.6009034480717,3334.9429972633034,902449
2021-09-28,3256.0400390625,3304.2105880180884,3227.426780024432,3299.5861682768004,961271
2021-09-29,3201.46240234375,3257.966353381401,3188.8898439837803,3241.877439578677,973387
2021-09-30,3125.9306640625,3225.2101910562405,3102.182682640278,3208.061432290787,2077896
2021-10-01,3061.5751953125,3133.9272074053974,3054.0123262259813,3129.1583708460525,1512332
2021-10-04,3084.45654296875,3112.2990249016416,3061.71995082415,3085.6125890489716,921241
2021-10-05,3135.661376953125,3140.7192837751554,3074.8700599233457,3091.1518439608003,909337
2021-10-06,3094.716552734375,3159.9876388726752,3083.5408926113673,3142.646243293496,786378
2021-10-07,3170.44091796875,3196.5974303455323,3102.1831602509387,3102.1831602509387,1177283
2021-10-08,3185.9033203125,3207.194794678681,3144.6695231340636,3185.999755482847,882436
2021-10-11,3185.08447265625,3221.983155078701,3177.088115597433,3204.689742236613,460197
2021-10-12,3201.655029296875,3212.9751065087125,3159.9875110490484,3159.9875110490484,564524
2021-10-13,3201.896240234375,3236.000893226437,3170.9706551593927,3220.6827534537433,770144
2021-10-14,3177.136474609375,3230.2684910182343,3169.6218226387755,3219.7191888324583,648597
2021-10-18,3122.896240234375,3163.7929833819244,3113.7438372474166,3133.493759482433,1576121
2021-10-19,3067.25927734375,3149.486487036197,3059.8892784636114,3141.5863299421108,1042069
2021-10-20,3053.626953125,3102.1345455796118,3021.8823792302096,3073.280439280574,1205540
2021-10-21,2892.159423828125,3078.5312090782345,2813.5932205530066,3077.1343103621025,5103543
2021-10-22,2873.2763671875,2893.0745067984885,2805.59675633575,2866.1472211239275,2855592
2021-10-25,2811.281005859375,2842.061934686726,2752.7055806385247,2842.061934686726,2161537
2021-10-26,2861.1376953125,2913.354518274416,2791.9647466796487,2811.281181978935,1988263
2021-10-27,2981.41943359375,3029.9272662639323,2918.3642375265617,2918.3642375265617,4609951
2021-10-28,3005.822509765625,3036.0129246326787,2953.4474796043514,2992.9939677375255,1791065
2021-10-29,2990.196533203125,3033.2152497486372,2973.992073288595,3014.2136937205123,1118903
2021-11-01,3011.127685546875,3030.8526561339017,2982.0464057139543,3017.107839410246,750393
2021-11-02,2993.33154296875,3028.489287067569,2970.8092423431644,3009.3911805554135,881916
2021-11-03,3058.245849609375,3070.061569670433,2985.277843997936,2992.1262330846644,879227
2021-11-04,3047.249755859375,3076.9096213314574,3033.5049401528004,3066.299588154452,263595
2021-11-08,3026.753173828125,3068.2287590654128,2985.422176670732,3052.795983163166,787824
2021-11-09,3033.649658203125,3043.1505552401413,3009.391357321471,3028.682327560711,668840
2021-11-10,2998.10595703125,3025.4507639581757,2971.2914633568753,3020.9657079155113,872975
2021-11-11,2954.89404296875,2996.5142125101993,2943.8017362952914,2980.4545757380242,958143
2021-11-12,3012.188232421875,3017.1075236655133,2966.7581421387754,2979.4901344638015,682344
2021-11-15,3056.36474609375,3067.264191102624,3015.1785727631454,3015.1785727631454,696377
2021-11-16,3039.96728515625,3095.2359581181504,3009.487695604106,3052.795826564022,1400107
2021-11-17,3115.73291015625,3125.040709339662,3052.8443926709806,3057.618860829754,1616452
2021-11-18,3112.453369140625,3144.42805718437,3100.0588269296213,3134.6379842679994,1609821
2021-11-22,3145.6337890625,3191.0641175119117,3101.0716955525613,3126.1016819782485,2146970
2021-11-23,3072.61767578125,3171.7250391399466,3059.113996102206,3145.63395380584,1482618
2021-11-24,3045.079833984375,3095.139810548427,3038.3279939977133,3073.1000170261186,1056213
2021-11-25,3032.781494140625,3060.8499485095713,3002.6393547776943,3044.5972127708937,728825
2021-11-26,3031.67236328125,3055.062663470668,2981.4192942471177,2991.064778861311,1029110
2021-11-29,3032.829833984375,3066.203070114555,2962.996382712927,3020.001292098107,876651
2021-11-30,3032.202880859375,3075.9452507263295,3005.677796383058,3005.677796383058,2340489
2021-12-01,3026.89794921875,3086.3142343133914,3013.346230429359,3044.0186860447716,1741820
2021-12-02,3067.843017578125,3080.767873133463,3040.4979737272884,3047.973224515261,939320
2021-12-03,3000.1796875,3074.449918355335,2995.8874939827256,3072.086821743394,1216263
2021-12-06,2930.587890625,3004.568716910581,2920.894130653119,3004.568716910581,1107363
2021-12-07,2922.91943359375,2960.1991362770873,2909.5120691046095,2932.2272317635534,2056459
2021-12-08,2998.298828125,3012.284780516125,2923.5463239655382,2924.4143233680447,1171484
2021-12-09,3066.01025390625,3070.206134053616,3000.7103678929766,3040.642581391095,1287243
2021-12-10,3166.757080078125,3175.2934278678817,3066.010043778861,3071.1221975490084,2554394
2021-12-13,3163.57470703125,3222.5567576226344,3154.9900835062413,3168.638587000576,1265832
2021-12-14,3180.5986328125,3187.8327464580175,3133.818031238154,3157.9317433898786,863179
2021-12-15,3184.89111328125,3196.4656961563815,3150.697913468064,3161.9348101484743,811946
2021-12-16,3181.659912109375,3207.123899402164,3154.6525529565147,3207.123899402164,502930
2021-12-17,3128.7060546875,3176.5477565052456,3113.2732780347415,3158.896471111556,1019403
2021-12-20,3124.606689453125,3158.8964368031534,3068.2288749529253,3112.598107347718,948872
2021-12-21,3155.3759765625,3179.152004000164,3125.1372854855986,3131.889125299919,712026
2021-12-22,3163.8154296875,3169.1684851368173,3126.1014915197215,3159.5712752636464,619865
2021-12-23,3152.048095703125,3190.6300374993525,3134.782770943507,3173.364712739735,1051596
2021-12-24,3168.348876953125,3183.0099666722185,3145.3925761570017,3163.7189971772355,651404
2021-12-27,3156.388671875,3168.3009410053155,3111.8265746766588,3163.815884312634,640701
2021-12-28,3248.792236328125,3255.3512132771566,3156.9672654981136,3159.8126364985496,1211648
2021-12-29,3248.069091796875,3265.9615151806247,3227.572434325644,3252.650697584562,598421
2021-12-30,3246.380859375,3269.8194351666525,3231.5269065775774,3244.0177626325203,691223
2021-12-31,3263.019287109375,3284.287628541075,3242.2332199256252,3269.8194011025676,570671
2022-01-03,3301.0703125,3318.9144576974763,3263.0672001655,3263.0672001655,696276
2022-01-04,3336.66259765625,3349.346315950096,3293.981327496899,3312.2594740612676,790886
2022-01-05,3401.769775390625,3414.5017687873124,3329.6697733519663,3346.983372229371,1024506
2022-01-06,3390.05029296875,3412.1385949207065,3329.766011689623,3367.383403207798,1312743
2022-01-07,3449.514892578125,3455.012772002642,3372.592148701182,3390.0503354872963,964364
2022-01-10,3427.523193359375,3462.729214622247,3401.9626573740015,3453.083729344748,657511
2022-01-11,3413.296142578125,3437.650993189244,3371.145418518552,3424.7261369601106,734344
2022-01-12,3418.1669921875,3455.446697199741,3408.7143698711816,3430.802436138241,594543
2022-01-13,3333.72119140625,3433.793111437613,3327.692762488698,3433.793111437613,1153984
2022-01-14,3245.126953125,3339.26698306356,3227.379354514925,3339.26698306356,1558978
2022-01-17,3258.87158203125,3278.5002375180197,3203.2654571336698,3245.126766384109,1103159
2022-01-18,3254.09765625,3276.041137517198,3232.202449511259,3259.258085599345,558543
2022-01-19,3164.1044921875,3250.528123431978,3151.903049063753,3250.528123431978,1495218
2022-01-20,3189.183349609375,3245.6094418736225,3107.7755431693417,3165.64845831216,3075678
2022-01-21,3158.751708984375,3207.0754469245044,3126.825059848875,3183.058283776135,1441694
2022-01-24,3043.29541015625,3154.0739106622405,3023.859850130313,3152.144813469175,1575665
2022-01-25,3035.530517578125,3045.031178508046,2904.0142423828916,2990.100191442984,2699779
2022-01-27,3006.449462890625,3031.5759989385156,2962.3696426153087,3028.7789024241733,1834684
2022-01-28,3000.566162109375,3057.6191186624565,2992.9943612648585,3019.0371739474726,892060
2022-01-31,3040.498046875,3080.237398471298,3025.2098587659966,3028.682327603299,944530
2022-02-01,3082.93798828125,3098.4673125454633,3030.2255095979785,3080.7677542652523,1008915
2022-02-02,3084.336669921875,3129.139900338472,3078.9833786869767,3091.1850584184795,667265
2022-02-03,3089.44873046875,3126.680395376671,3077.102463031351,3098.949627034187,899753
2022-02-04,3121.906005859375,3133.625412167167,3063.454504352328,3074.9808125595237,705765
2022-02-07,3062.152099609375,3135.9400604318294,3031.672508064196,3119.349873200216,860393
2022-02-08,3102.325927734375,3109.2223559055333,3053.9536750273314,3066.2999439812907,799206
2022-02-09,3113.900146484375,3143.4634628877675,3108.4985808596357,3115.491557265262,472725
2022-02-10,3123.931640625,3132.8537147819375,3063.4062186414512,3105.846355171748,728666
2022-02-11,3102.277587890625,3115.4435815712645,3069.6757993891742,3115.4435815712645,587840
2022-02-14,3032.009765625,3069.8682921322907,3009.3911516623225,3028.682120583235,681236
2022-02-15,3148.864990234375,3154.073457713478,3021.7857308907205,3028.682158171352,676844
2022-02-16,3137.53173828125,3168.638427960088,3108.739870849437,3163.719136328313,624320
2022-02-17,3150.07080078125,3178.1390207318127,3121.6646591773265,3156.967228335487,636735
2022-02-18,3142.93310546875,3156.0027851265013,3115.540021454631,3121.423626186959,423801
2022-02-21,3136.3740234375,3162.223970232449,3090.557969868541,3120.314385170149,547472
2022-02-22,3112.742431640625,3122.0504654606984,3009.391159569467,3009.391159569467,1147209
2022-02-23,3122.4365234375,3180.0200248579226,3115.491820964645,3122.147111774988,935896
2022-02-24,2960.24755859375,3084.433175349813,2943.3196856786453,3019.036741331857,1823450
2022-02-25,3008.61962890625,3030.080832994181,2973.751294885666,2994.923087327002,1239456
2022-02-28,3062.103759765625,3077.3919474772915,2908.113688025085,2980.454824543122,1678348
2022-03-02,2921.569580078125,3000.9037063711185,2885.0615550449347,2996.852649146876,3014206
2022-03-03,2770.0869140625,2942.8376552774043,2760.537977516857,2921.6175869666527,4406840
2022-03-04,2641.078369140625,2762.2740289089897,2567.676369913756,2762.2740289089897,6979253
2022-03-07,2612.431640625,2631.240338555765,2507.1995283651986,2555.9572723050123,3233760
2022-03-08,2626.85107421875,2639.9207524137314,2544.4787333015033,2594.635251167947,2611102
2022-03-09,2773.0283203125,2787.544820540779,2570.5697093746676,2652.508047227385,4076068
2022-03-10,2809.536865234375,2932.227385037536,2788.70252383071,2893.6454457607265,3971987
2022-03-11,2828.056396484375,2835.7245104896137,2780.166654360205,2813.5881679894005,1265493
2022-03-14,2857.764404296875,2866.9758897668808,2813.877446603953,2845.4181361345177,1214217
2022-03-15,2881.2509765625,2924.511071266687,2860.8508698472933,2891.7164220506356,1857685
2022-03-16,2934.156494140625,2941.872882027911,2904.0143539559126,2935.1210426265357,1287234
2022-03-17,3025.40283203125,3051.1562291413393,2967.4333746590974,3003.1216681297255,2867519
2022-03-21,2937.7734375,3006.78692609857,2922.6783484726875,3006.78692609857,1259015
2022-03-22,2942.98193359375,2954.122515381353,2869.5316627072116,2916.794537151801,1515772
2022-03-23,2909.849853515625,2970.7127203074174,2898.4681345424588,2951.51830006653,948403
2022-03-24,2918.096923828125,2931.2146422499377,2845.94864830899,2864.2267954444837,1243917
2022-03-25,2938.93115234375,2955.907300989169,2884.964708159823,2918.0970449903566,1083275
2022-03-28,2920.1220703125,2950.167894920527,2889.44938342495,2938.9307645236304,680332
2022-03-29,2934.735595703125,2978.2365952512605,2905.8954519484373,2960.1995839515216,1120936
2022-03-30,2972.304443359375,2984.6507111156043,2947.563633325373,2968.880249126349,849545
2022-03-31,2970.760986328125,3018.3132725680166,2957.4021314301995,3004.568456994287,1464862
2022-04-01,3003.748291015625,3010.355541717579,2978.1877585402913,2999.7455093693275,637392
2022-04-04,3007.4619140625,3031.5756240854516,2983.830478240008,3014.1654783517906,873264
2022-04-05,3029.4541015625,3045.0797408135754,2970.8095032327565,2999.7459594330758,805874
2022-04-06,3042.185791015625,3052.7958238948804,3002.639304829309,3025.7884674749575,736379
2022-04-07,3043.150634765625,3095.1879812487523,3033.9874236625274,3042.186086228457,1025244
2022-04-08,3092.583984375,3105.8465277777777,3039.485536236233,3055.69,678898
2022-04-11,3045.513671875,3107.775325825616,3038.3278325110773,3071.122482131832,672652
2022-04-12,3017.734375,3049.998708624985,3003.7484226552774,3042.8609088957137,794265
2022-04-13,2971.436279296875,3011.2239054168517,2957.4022868356647,3006.6905745075496,1121350
2022-04-18,2914.431640625,2949.5893872377856,2906.184703645339,2947.660290189232,1032504
2022-04-19,2885.1572265625,2950.7465200262777,2864.708846873825,2922.5817528712764,749782
2022-04-20,2973.702880859375,2979.972445804424,2874.354390191676,2885.2538348086227,838182
2022-04-21,3046.28515625,3061.8625195950967,2976.6448049361843,2980.261861640352,1069035
2022-04-22,3052.217041015625,3060.8016635682375,3002.8804816685442,3010.8380064332646,681191
2022-04-25,3019.615478515625,3043.2469155934614,2985.374008464066,3022.8948490587727,1096774
2022-04-26,3014.8408203125,3037.073709563826,2995.6946745425416,3019.0367003362267,1703441
2022-04-27,3036.736572265625,3051.831663130847,2976.54860044988,2986.242360636252,963536
2022-04-28,3132.56396484375,3152.1443455438225,3057.618597115642,3076.9095661826177,2001838
2022-04-29,3122.4365234375,3161.790151430993,3107.1002956647167,3133.8182434409077,1088970
2022-05-02,3086.555419921875,3097.647728462219,3042.2344602860326,3081.732677078247,595522
2022-05-04,2990.920166015625,3081.4428970788445,2972.2077847277865,3065.3349850036398,1120002
2022-05-05,2967.481689453125,3016.0948389165223,2961.1638497775157,2994.6819096406325,724601
2022-05-06,2909.3193359375,2944.1876690932145,2897.407068084356,2912.9363927165355,923941
2022-05-09,2898.709228515625,2931.069876100763,2869.5316379116493,2894.4653095310496,998324
2022-05-10,2976.934326171875,3027.4765728514144,2928.3692155083695,2942.837442857719,2460016
2022-05-11,2945.393310546875,2999.311710749628,2873.3898622054326,2980.840466450215,1883969
2022-05-12,2932.17919921875,2968.880317163168,2882.070951164245,2934.1565707635987,1254245
2022-05-13,2955.37646484375,3005.7741215957362,2927.6939712942967,2965.407674577233,1121729
2022-05-16,2893.548828125,2980.3581894399526,2879.370012873984,2980.3581894399526,733044
2022-05-17,2941.873046875,2948.2391614329226,2846.3827414190573,2892.5845222889006,1179081
2022-05-18,2990.196533203125,3017.8790246691656,2918.7234039034465,2922.5815974314087,1379763
2022-05-19,2938.88330078125,2962.8041553204725,2894.0800613587403,2894.1283358902033,772390
2022-05-20,2999.69775390625,3014.2142568644067,2961.164085943593,2970.809571565559,778957
2022-05-23,3061.669921875,3074.980738794986,3019.085198121327,3032.4923286038115,813294
2022-05-24,2977.416748046875,3070.7848581157964,2961.1640109910536,3062.200470323729,691307
2022-05-25,2737.43701171875,2931.26299236631,2726.1035664537603,2931.26299236631,3381427
2022-05-26,2739.46240234375,2758.6087847819704,2622.173442855497,2748.963299520495,3212196
2022-05-27,2734.3505859375,2767.289825144731,2682.4095516652133,2766.3252765824636,1879534
2022-05-30,2743.17578125,2781.7577191016176,2717.132973200158,2777.8995253164558,2525482
2022-05-31,2758.271240234375,2775.970800792205,2711.3460462219905,2743.1761492192604,2408221
2022-06-01,2751.37451171875,2835.6759538345436,2731.6495425968606,2758.2709390876794,1770795
2022-06-02,2805.437744140625,2815.51722943393,2747.0342820924398,2768.4472128964844,1164197
2022-06-03,2784.5546875,2815.950785081743,2754.750236072804,2802.0131077701317,1228489
2022-06-06,2717.567138671875,2770.1833067236266,2708.1627907468906,2769.3153072632026,1193698
2022-06-07,2647.396240234375,2704.594013800212,2634.1819727847287,2700.7358197719664,1403598
2022-06-08,2609.296630859375,2676.6221652111517,2604.28102561085,2673.631970580147,1743575
2022-06-09,2606.4833984375,2616.9606008571964,2555.0191774147575,2599.886623814542,1857501
2022-06-10,2627.77734375,2654.21275957545,2572.7237713428704,2585.335162378865,1592920
2022-06-13,2581.2119140625,2602.796792419313,2563.5074632754513,2590.136850104457,1674206
2022-06-14,2556.61962890625,2586.644626928011,2507.7263358950468,2538.769756687558,2296040
2022-06-15,2581.600341796875,2603.379435053182,2548.5683854452436,2570.783742673212,928842
2022-06-16,2578.010498046875,2643.9777663259565,2561.082180246699,2614.3895062890156,1280628
2022-06-17,2503.069580078125,2577.573831534639,2483.4734696005553,2570.880189185601,2043251
2022-06-20,2581.16357421875,2593.4355695257063,2510.9764768677906,2522.278128359778,1595360
2022-06-21,2598.2861328125,2628.9899240893005,2561.0824352751856,2594.987626964585,1042074
2022-06-22,2586.644775390625,2627.00108263167,2547.8404971727823,2607.647496239025,1871760
2022-06-23,2675.7490234375,2685.207566487445,2594.987617395661,2594.987617395661,1612872
2022-06-24,2678.3681640625,2701.5538621045907,2644.5115264904393,2692.0467666951463,2215583
2022-06-27,2736.623291015625,2743.1229605393623,2682.345851798905,2696.8003513446433,1295734
2022-06-28,2644.99658203125,2701.5538642181727,2623.460255249343,2696.8973035198514,1838358
2022-06-29,2617.154541015625,2637.7207607037312,2597.9463763017993,2625.594423995825,1066354
2022-06-30,2614.632080078125,2645.432974277602,2599.886502507034,2633.694822845667,1291447
2022-07-01,2690.251953125,2696.8972803693905,2604.7371215078465,2624.042154784996,1477191
2022-07-04,2706.88916015625,2714.3589354478477,2662.7492989829557,2692.191899440307,653147
2022-07-05,2683.89794921875,2728.2317889137244,2677.4951486913956,2701.7478221396873,1073043
2022-07-06,2775.864013671875,2783.236921445827,2721.295496128714,2745.936355489274,2085735
2022-07-07,2804.96728515625,2844.3537240945716,2790.8038650612966,2814.6683551565725,1469087
2022-07-08,2793.714111328125,2801.668941147088,2755.5888598782212,2793.908085354437,1274148
2022-07-11,2845.3720703125,2852.6478720111004,2766.114384510913,2788.0872109036854,1081885
2022-07-12,2806.71337890625,2835.8651401070347,2799.146497331697,2832.7122925211806,1115524
2022-07-13,2853.279052734375,2880.1995256800624,2838.5820244037545,2860.845935741675,2153712
2022-07-14,2851.289794921875,2866.5206637649762,2825.3394335764606,2863.852869607971,882479
2022-07-15,2889.124267578125,2895.76959572577,2852.5512785115043,2861.76729565033,1668006
2022-07-18,2927.63720703125,2934.573376639031,2899.06736931195,2905.227642872641,823390
2022-07-19,2928.849853515625,2932.633175710568,2889.1237862561925,2894.2654002245167,638171
2022-07-20,2916.57763671875,2953.6842230302927,2910.3204950229483,2942.334020468201,867436
2022-07-21,2974.445068359375,2992.731442594745,2891.8888706722787,2891.8888706722787,1184060
2022-07-22,2975.7060546875,3000.298361359018,2956.886074019008,2974.4451050879547,1268141
2022-07-25,3012.133544921875,3024.017355129948,2960.4267968113054,2977.7433007086483,985844
2022-07-26,3015.5771484375,3055.642608780253,2961.736218169435,3003.4508127915396,2876310
2022-07-27,3090.80908203125,3097.5512774997756,3003.450909846322,3025.714815443252,1976407
2022-07-28,3174.577880859375,3181.950788398769,3086.8803075258793,3102.4020186888,1332572
2022-07-29,3234.093994140625,3254.078291736062,3177.1002117166995,3187.1892291023973,1836550
2022-08-01,3225.16943359375,3254.709145834981,3215.419810393456,3240.206092836803,1076122
2022-08-02,3294.628662109375,3302.9716767141385,3226.1878054589524,3231.426288313326,1650536
2022-08-03,3336.828369140625,3344.9288571366515,3270.473146642093,3302.2441501430285,1169005
2022-08-04,3357.05517578125,3373.013388098225,3308.937775244862,3351.7195874365607,981434
2022-08-05,3370.054443359375,3387.564921198715,3348.372695103489,3371.1216557428043,792478
2022-08-08,3355.06640625,3373.013385212235,3333.821158323606,3361.4206542781067,724644
2022-08-10,3309.665283203125,3346.723558189226,3294.4832041635827,3338.138016939602,1089295
2022-08-11,3303.407958984375,3373.983235755834,3288.6623815154026,3346.8687953475337,1410533
2022-08-12,3325.38134765625,3332.1235438829394,3281.8719543229095,3297.3936661967396,548472
2022-08-16,3396.344482421875,3404.5418389026895,3352.0106415165487,3366.2711665249662,911189
2022-08-17,3418.36572265625,3439.659522281545,3399.836822502917,3412.7876078401073,817912
2022-08-18,3429.667724609375,3436.7978686366546,3410.459559495394,3419.62702286905,599877
2022-08-19,3378.446044921875,3432.723482029721,3360.450513424036,3414.7765032484435,581829
2022-08-22,3249.615478515625,3381.356038454442,3233.56016249441,3358.6070797863144,2336567
2022-08-23,3256.260986328125,3282.7932685165524,3217.6992362117135,3233.366368251566,831446
2022-08-24,3277.84619140625,3283.8122548279343,3203.2933723609567,3239.769490962529,1182154
2022-08-25,3261.984619140625,3303.3595858181457,3251.0223632379093,3274.110956014754,615392
2022-08-26,3224.198974609375,3283.326945358647,3206.833918241222,3278.33098934411,1384783
2022-08-29,3243.309814453125,3248.2574542596562,3139.944879406474,3149.9370276016743,1031166
2022-08-30,3290.21484375,3307.82219024857,3231.42626753222,3231.42626753222,1426459
2022-09-01,3343.522216796875,3370.539553741015,3215.9045978311788,3215.9045978311788,1417762
2022-09-02,3328.485595703125,3384.7032477345097,3322.6164011151322,3384.7032477345097,740821
2022-09-05,3322.422119140625,3346.8687653625993,3303.7475615367903,3322.664645862753,518438
2022-09-06,3293.755615234375,3331.880865659711,3282.841912069251,3317.7657621976477,540937
2022-09-07,3298.703125,3332.3172346827223,3284.7334433953893,3290.6026375673346,682921
2022-09-08,3347.014404296875,3380.4830941267865,3324.944471148165,3346.868982991143,1143090
2022-09-09,3338.962890625,3379.5617266875925,3330.8138496757033,3379.5617266875925,702805
2022-09-12,3329.60107421875,3350.409821226461,3320.6761375191336,3338.9627485261494,641280
2022-09-13,3319.900146484375,3355.600131651311,3312.5757912251584,3329.407242505724,776044
2022-09-14,3336.1494140625,3345.4139832637356,3278.9616538876107,3278.9616538876107,816678
2022-09-15,3293.90087890625,3355.3572458586905,3287.7893949002655,3337.167741453963,590182
2022-09-16,3223.228759765625,3317.765630734876,3210.6173699411943,3310.392723485129,1598265
2022-09-19,3217.1171875,3242.1945470080213,3134.7066490929665,3221.3855633623143,1013563
2022-09-20,3291.766845703125,3308.0646897837596,3234.336561800309,3235.888827652757,708184
2022-09-21,3255.727294921875,3322.519012590229,3247.9178870424153,3303.213980101381,605378
2022-09-22,3333.28759765625,3337.168025592986,3216.535127372694,3255.7275916392437,829396
2022-09-23,3293.755615234375,3335.179134545942,3281.580725668334,3332.3173664178125,513370
2022-09-26,3335.2763671875,3364.3310240200913,3253.7388277287732,3269.2605394889583,1429914
2022-09-27,3366.901611328125,3395.374345217168,3328.4855179848932,3351.5741109008736,1455383
2022-09-28,3463.912353515625,3475.796163883792,3317.765833398403,3347.8391494321313,1843428
2022-09-29,3283.617919921875,3456.927424845608,3271.5884521192356,3456.927424845608,2624894
2022-09-30,3242.533935546875,3309.907816019767,3187.043865240392,3300.303851928411,2159720
2022-10-03,3204.165771484375,3252.2831652508844,3187.5285339964485,3247.917684492158,934543
2022-10-04,3237.974609375,3267.659978038121,3213.0429070735368,3230.4562801943675,994382
2022-10-06,3229.4375,3266.107590262068,3212.703155028731,3237.9744885712385,922770
2022-10-07,3243.74658203125,3259.1714247401214,3188.984091723043,3218.8148806257686,774544
2022-10-10,3179.9619140625,3200.382711987942,3162.742516324462,3181.9506806063805,734377
2022-10-11,3200.092041015625,3259.5596498531804,3176.1304445295573,3192.137210667229,1411316
2022-10-12,3151.1015625,3239.672380443285,3110.163093786846,3235.306898870596,1812549
2022-10-13,3113.073486328125,3160.8027052504694,3098.424775310787,3133.5428395760546,779890
2022-10-14,3090.27587890625,3148.9673529837346,3084.940290353751,3138.2961758787374,845765
2022-10-17,3102.01416015625,3121.804247723016,3075.33621832518,3090.2757710135697,1067773
2022-10-18,3129.419677734375,3152.8476664263494,3115.983601403518,3121.8042432492284,1015424
2022-10-19,3116.711181640625,3148.6761590748774,3100.8015219993267,3145.08681063852,943543
2022-10-20,3047.009033203125,3144.9415259868897,3009.0779909657945,3102.4022385789303,2284352
2022-10-21,2999.95849609375,3070.145825356236,2980.798884733995,3046.1356794750236,1738731
2022-10-24,3028.33447265625,3064.568064451594,3022.85346275124,3055.837101305008,178709
2022-10-25,2992.682861328125,3041.2853146825473,2987.8323265359677,3040.315207724116,1016316
2022-10-27,2952.47216796875,3029.644228917266,2942.334596959996,3029.644228917266,2005709
2022-10-28,2962.12451171875,2979.780647952934,2949.125173126844,2967.266126000929,715736
2022-10-31,3019.152099609375,3024.301133878733,2973.8313952876483,2994.1844184433844,814364
2022-11-01,3069.378662109375,3074.236196383261,3021.8720717844863,3021.8720717844863,939335
2022-11-02,3042.662353515625,3069.9131693925124,3033.141775679741,3068.01877838167,787012
2022-11-03,3051.794677734375,3059.0323567151495,3016.5289297659515,3016.5289297659515,563798
2022-11-04,3090.70361328125,3094.2495186408214,3036.8333651951457,3058.3037628512734,609757
2022-11-07,3015.1201171875,3106.878891289831,3009.193830557416,3095.2208091461544,1669943
2022-11-09,2998.55615234375,3056.3608149274055,2992.241357271586,3056.3608149274055,1391333
2022-11-10,2958.38427734375,2998.070430902625,2947.0663163133872,2998.070430902625,1375007
2022-11-11,2968.342041015625,3009.7283291828203,2961.1529849416515,3002.63628148675,810288
2022-11-14,2966.205078125,2990.2498759953182,2954.401363135118,2968.9253451189106,811702
2022-11-15,2991.561279296875,3006.8138903668832,2955.324024069809,2981.0689572183464,873840
2022-11-16,2995.204345703125,3004.8707917606134,2964.067502638743,2991.5611948886726,770953
2022-11-17,2984.08056640625,3008.3196151292877,2972.8109919551866,3003.899211478901,706271
2022-11-18,3007.299560546875,3026.0983136330256,2968.68216189343,3006.8138071046933,1258576
2022-11-21,3007.105224609375,3021.7264502572134,2978.8342801715708,3016.5287936938794,612194
2022-11-22,3015.41162109375,3030.6156083713445,2984.76053264259,3015.557252247044,764079
2022-11-23,3012.448486328125,3026.049582220952,3001.956164916801,3022.3578087560413,488341
2022-11-24,3026.535400390625,3031.344311961605,3003.8992428764627,3029.109798723124,571872
2022-11-25,3019.589111328125,3030.9073091547707,2987.6266288217203,3026.5355280541457,898769
2022-11-28,3061.412353515625,3068.990154420187,3008.4652299271793,3019.588935978169,914689
2022-11-29,3045.72265625,3078.7052670065373,3038.0476096764537,3067.047184581773,877720
2022-11-30,3084.679931640625,3108.7733493615824,3044.022511596785,3050.4343146037513,2547283
2022-12-01,3088.76025390625,3105.9072541327714,3071.1758858702606,3100.078213305497,761717
2022-12-02,3053.88330078125,3083.8543833571857,3044.7026080629744,3082.7370081176737,932259
2022-12-05,3066.9501953125,3078.414024758358,3023.8153816100057,3040.816753233516,926122
2022-12-06,3071.613525390625,3078.7055736756524,3035.959267193567,3035.959267193567,958365
2022-12-07,3134.567138671875,3142.533448134783,3085.8945461544313,3089.3920660085428,1832282
2022-12-08,3129.660888671875,3148.5566506398827,3111.3965113218246,3137.9673201915957,851312
2022-12-09,3135.00439453125,3149.9657442997545,3114.6513707834874,3142.8250731392955,847879
2022-12-12,3076.130859375,3137.9671765089593,3052.377326758945,3135.0526559115824,1323816
2022-12-13,3087.934814453125,3094.249609574706,3053.1061957165266,3094.249609574706,886601
2022-12-14,3056.311767578125,3103.964223516859,3035.9587475712624,3088.420114729294,1103870
2022-12-15,3041.3994140625,3071.1273811134483,3027.895326649799,3052.474497186214,799124
2022-12-16,2968.827880859375,3028.187048123323,2963.3875844566146,3026.244034297129,1192821
2022-12-19,2993.164306640625,3000.013478112687,2954.3526512113604,2974.7542972736555,655594
2022-12-20,2994.329833984375,3000.644628701562,2932.0077625338567,2987.4322774500256,739257
2022-12-21,2982.18603515625,3023.7665775567975,2963.144642390001,2997.0987608171804,616324
2022-12-22,3000.5478515625,3005.356763550099,2951.486750363444,2986.4123779385823,663202
2022-12-23,2970.77099609375,2998.896311935418,2949.495088844388,2991.221264749379,1230858
2022-12-26,2968.9736328125,2984.371874470838,2942.5000704684658,2970.7707782206917,536884
2022-12-27,3023.912353515625,3039.8449711786066,2969.2164697485155,2972.810997701034,729041
2022-12-28,3034.696044921875,3054.2234284137116,3016.5289133956117,3021.337825096049,972274
2022-12-29,3026.389404296875,3035.9588414388036,3004.43349226616,3012.642677536554,596265
2022-12-30,2999.915771484375,3041.5449329967228,2983.788900814747,3041.5449329967228,836220
2023-01-02,2960.42431640625,2999.9159758887267,2934.9222610101833,2999.9159758887267,1015990
2023-01-03,2941.965576171875,2972.762295436792,2938.808178954816,2960.1813293472146,860367
2023-01-04,2930.890625,2963.095983189472,2916.0265223032065,2948.523379993458,836382
2023-01-05,2918.7470703125,2959.7932399373067,2910.051893153399,2952.9440683381968,1113920
2023-01-06,2893.5361328125,2937.3511900380395,2867.888444846136,2924.235846540267,1045526
2023-01-09,2899.1220703125,2931.6675497735655,2866.916713122505,2908.0115002967677,808263
2023-01-10,2876.00048828125,2899.9480380095197,2868.0825648953696,2899.1221622874564,864325
2023-01-11,2856.618896484375,2890.1358857381683,2851.372853909679,2890.1358857381683,890426
2023-01-12,2832.865478515625,2856.0846355796352,2813.4839634281784,2855.2587598464834,1558620
2023-01-13,2826.259033203125,2841.6575115153078,2789.924772203106,2841.6575115153078,1507864
2023-01-16,2832.962646484375,2846.12661196691,2813.483886367383,2841.6575855057304,644073
2023-01-17,2857.1044921875,2860.942134115866,2828.2021624703825,2841.657627649381,716489
2023-01-18,2861.33056640625,2875.6602925261013,2845.8837022761945,2863.953587479466,893808
2023-01-19,2784.484619140625,2888.8732332625355,2762.577326620571,2870.70586309812,2379947
2023-01-20,2708.3671875,2766.85185985358,2701.760892644946,2766.85185985358,3171005
2023-01-23,2705.1123046875,2720.219284220657,2688.9854326701998,2720.219284220657,1402260
2023-01-24,2730.517578125,2746.5474430910735,2705.1125286106017,2715.361974556076,1061471
2023-01-25,2695.931640625,2730.9058889358107,2688.2568310082925,2730.808643372338,857953
2023-01-27,2645.072998046875,2693.8428310700147,2609.3217361499587,2687.770913331505,1801498
2023-01-30,2687.382080078125,2696.9028942164655,2619.4252264161187,2646.3845402902207,1171912
2023-01-31,2648.18212890625,2700.740508906569,2640.604327790555,2681.358994049484,1961805
2023-02-01,2665.572021484375,2698.846132367597,2627.731875668637,2671.449685588198,1176872
2023-02-02,2628.5576171875,2662.9004818656563,2617.2396563831003,2662.9004818656563,1308570
2023-02-03,2681.74755859375,2685.1478327522545,2623.0686365607053,2628.5575556857134,1278409
2023-02-06,2675.724365234375,2686.2166876174465,2640.555861462647,2681.747660822188,1120284
2023-02-07,2679.46484375,2695.446085955946,2669.846782444648,2683.302248841349,732250
2023-02-08,2686.799560546875,2704.6751925202716,2666.1064162706894,2689.131082218431,811956
2023-02-09,2734.403076171875,2739.989240153423,2687.333382962546,2702.6832375139143,946372
2023-02-10,2724.6884765625,2750.2875422878174,2713.4189011112985,2749.3646581256626,700072
2023-02-13,2711.23291015625,2748.3930494784668,2700.789210869614,2734.306199277888,467228
2023-02-14,2697.874755859375,2724.8340732792876,2686.216672650764,2724.8340732792876,524746
2023-02-15,2706.763671875,2718.5676222239026,2675.5298220217715,2697.8744792136745,817717
2023-02-16,2725.99951171875,2753.5904476927913,2710.6012709460083,2717.304573124336,788964
2023-02-17,2752.8623046875,2764.7632653277524,2706.1327235446984,2723.0854731014992,840526
2023-02-20,2745.04150390625,2770.737815239756,2731.9747828946643,2763.9372666048757,646218
2023-02-21,2736.83203125,2757.816436816935,2725.0767035374956,2756.164922615285,631934
2023-02-22,2716.28466796875,2733.771792158131,2700.7891803600196,2729.885764560491,580270
2023-02-23,2628.84912109375,2725.6113058751394,2623.1659478826496,2725.0769296285466,1790570
2023-02-24,2660.4716796875,2683.3020921295874,2632.7837326832664,2634.82399207309,1429040
2023-02-27,2671.546875,2680.0475608381744,2647.4050695301744,2662.3175589471252,561317
2023-02-28,2748.198486328125,2758.1078082622716,2649.7361771650935,2671.6437029662725,1815923
2023-03-01,2759.953857421875,2772.0006852928295,2735.812053266707,2747.421513285207,816598
2023-03-02,2753.1533203125,2767.823169436305,2730.905907085101,2750.3360451646818,604523
2023-03-03,2748.247314453125,2770.737603704851,2730.5656996049074,2756.213623380354,679295
2023-03-06,2782.930419921875,2801.826183605372,2749.6076824372763,2761.994396667848,1050267
2023-03-08,2778.072509765625,2788.224709091836,2746.4499137988223,2788.224709091836,580250
2023-03-09,2772.243896484375,2790.6052842364943,2756.0197767333198,2780.4530833431936,774224
2023-03-10,2749.55908203125,2762.9659261562156,2727.020166920006,2762.9659261562156,489978
2023-03-13,2704.86962890625,2768.2604580066695,2693.2115453935294,2743.049899847274,813217
2023-03-14,2667.369384765625,2707.5410519455154,2661.9774741444344,2703.6550244252767,1060450
2023-03-15,2746.838623046875,2784.6790080489773,2686.4109389089117,2693.2114874784256,2170346
2023-03-16,2810.8125,2817.370171951957,2748.10167856331,2768.7948241596823,1755487
2023-03-17,2781.08447265625,2840.6379003490288,2773.7011616235377,2840.6379003490288,1848073
2023-03-20,2773.7978515625,2831.9426348393554,2750.3846774066574,2831.9426348393554,1074367
2023-03-21,2758.20556640625,2804.7406559523756,2754.2222929078575,2776.7125846587555,691891
2023-03-22,2758.933837890625,2771.854689318651,2734.6461665081847,2744.506866215739,731807
2023-03-23,2718.08203125,2742.5639575039295,2688.888201693766,2736.8321617119486,1016581
2023-03-24,2718.76220703125,2735.4234563957184,2693.843148569135,2718.082199601248,784111
2023-03-27,2723.8623046875,2739.649290849309,2707.1038116849645,2718.7618937736847,791560
2023-03-28,2705.1123046875,2730.517352098926,2686.2165431678986,2711.4757222356616,558581
2023-03-29,2691.559814453125,2714.147349441768,2676.5014577940296,2705.1122880094513,1087648
2023-03-31,2682.9619140625,2695.931625947535,2669.215186411118,2677.5216177765733,1967803
2023-04-03,2697.874755859375,2702.392168228988,2631.4721620432715,2668.6809250542833,1035295
2023-04-05,2728.4775390625,2731.440682990071,2673.8302677175593,2681.3594473250846,668643
2023-04-06,2729.788818359375,2744.5070533469643,2707.3955363810455,2727.457059437098,627554
2023-04-10,2697.2431640625,2729.9342750087276,2676.5986432995337,2729.9342750087276,1215461
2023-04-11,2675.335693359375,2710.504194975604,2671.692542559677,2710.504194975604,1246379
2023-04-12,2707.346923828125,2726.242686086592,2672.6155512518785,2677.0359551984443,2235399
2023-04-13,2729.69140625,2733.1403030479005,2702.7320908221373,2707.2981256379258,602597
2023-04-17,2762.091552734375,2764.52032015186,2726.04854938517,2744.507181758056,754555
2023-04-18,2773.263671875,2777.0038311027984,2749.4617529944103,2766.851631506917,717724
2023-04-19,2729.64306640625,2771.4178658137503,2720.8508809545524,2755.533869279861,799624
2023-04-20,2762.8203125,2769.7664927659653,2732.994857467403,2739.6497753770686,761101
2023-04-21,2799.980224609375,2804.7405137041824,2765.977481977007,2765.977481977007,894930
2023-04-24,2808.723876953125,2815.4271801273203,2770.737859807839,2799.980314281922,782967
2023-04-25,2815.427001953125,2819.0701528355694,2782.5413984472048,2808.6750764211884,636120
2023-04-26,2827.085205078125,2833.351377425714,2805.7606751089857,2814.4069920308607,569221
2023-04-27,2817.3212890625,2836.8000491657194,2811.395239489545,2832.4282682680323,599461
2023-04-28,2819.653076171875,2836.751454877318,2765.4915678398775,2836.751454877318,1080665
2023-05-02,2816.932861328125,2850.1097268773624,2810.5694437369348,2828.0079450436206,663800
2023-05-03,2846.2236328125,2877.9918600604738,2814.4554055645262,2834.857049857538,1237193
2023-05-04,2897.859375,2901.065157937887,2838.888717980101,2864.0022655555185,1008540
2023-05-05,2927.1015625,2938.8082676642484,2866.9653824089514,2886.346896935697,1326561
2023-05-08,2933.416259765625,2949.203245803493,2907.7199514669987,2929.093101795189,941879
2023-05-09,2948.3291015625,2987.189376429056,2924.9643138621236,2930.1133477188014,1025850
2023-05-10,2954.7412109375,2969.896814580431,2932.8823040588413,2956.24709418156,751851
2023-05-11,3050.2890625,3066.2216822134196,2945.123431154949,2965.0879471751005,3229605
2023-05-12,3041.885498046875,3089.1492161667857,2998.0704398429752,3049.560308058036,1998170
2023-05-15,3042.759521484375,3077.7337688577586,3032.1215686784967,3044.8967891647785,810281
2023-05-16,3048.68603515625,3075.499484494048,3033.384800791682,3042.7597479254546,822404
2023-05-17,3004.33642578125,3058.255058018992,2987.918054261855,3046.6455981542117,835371
2023-05-18,3020.463623046875,3035.9591109121093,3005.1137663452423,3017.160357223619,498067
2023-05-19,2996.564453125,3038.8250038794104,2980.6318346108524,3034.987599006388,633262
2023-05-22,2997.001708984375,3017.1120926894473,2959.2101833290467,2982.5263502364323,659425
2023-05-23,3031.6845703125,3038.825003818899,2997.0988293048226,2999.041843132573,581204
2023-05-24,3013.12841796875,3043.8765141086465,3009.728144080989,3026.2437601072565,439465
2023-05-25,3034.55029296875,3039.844957906641,2998.0701630232966,3013.128519318456,500313
2023-05-26,3039.26220703125,3047.568638779993,3023.086711402891,3034.016164444839,568249
2023-05-29,3048.005859375,3065.1044768453926,3027.264327967477,3057.526675075916,535712
2023-05-30,3054.806396484375,3065.1044651554544,3038.4366464850223,3057.235163889411,506026
2023-05-31,3101.97314453125,3127.621070949942,3047.0830005120206,3062.1413586057915,2349066
2023-06-01,3148.3623046875,3157.3001205639816,3115.6225702048387,3143.164885179994,1104861
2023-06-02,3145.0107421875,3157.348832498969,3127.280741092459,3147.0993871688106,781973
2023-06-05,3108.5791015625,3147.633630227778,3103.964443938491,3147.633630227778,492565
2023-06-06,3121.208740234375,3146.6135503663763,3103.9644930507598,3116.351205816455,577698
2023-06-07,3132.91552734375,3137.238685651613,3114.8940267462986,3125.3377260172606,470038
2023-06-08,3120.722900390625,3154.4827636604746,3102.0213933994132,3128.252078529944,561161
2023-06-09,3110.503173828125,3167.5679587761347,3098.7674559450847,3139.108986168036,1239045
2023-06-12,3124.390380859375,3131.823097663751,3081.750510534086,3115.050657658708,1029156
2023-06-13,3190.99072265625,3199.9391121373023,3134.5612875222555,3139.304569058906,1598821
2023-06-14,3198.178466796875,3217.4445546739366,3181.357319989587,3193.093037124501,741615
2023-06-15,3221.796875,3231.23425241695,3201.2593691583666,3203.8509112947727,806994
2023-06-16,3243.801513671875,3248.837997240946,3214.1687773831727,3219.2542075309707,984671
2023-06-19,3236.808837890625,3271.282510192927,3230.500937094453,3245.7574662997145,516915
2023-06-20,3245.610595703125,3253.5812475172124,3204.9269161489265,3241.9921303691976,866290
2023-06-21,3243.06787109375,3259.5955779486712,3227.322354404625,3245.6104666601605,742456
2023-06-22,3176.5166015625,3253.5811971024564,3171.039837686319,3251.7718450816305,871640
2023-06-23,3225.072998046875,3231.3808986051845,3181.4064436160857,3193.0932148272436,1260659
2023-06-26,3235.29296875,3242.3345907912667,3199.352331199892,3222.43267286004,592801
2023-06-27,3252.749755859375,3270.842320646927,3201.2593899559915,3202.8729556342314,914141
2023-06-28,3274.510009765625,3281.3558456704586,3250.3050899592486,3257.6399141429993,713110
2023-06-30,3288.006103515625,3373.627998112436,3270.1090849205325,3279.155367996574,1436363
2023-07-03,3284.7294921875,3305.511491986151,3263.7029982735703,3290.8907916452686,474224
2023-07-04,3273.9716796875,3312.4062015234776,3257.6395208959857,3284.7294205250428,473663
2023-07-05,3300.083740234375,3325.1200336402408,3267.174927171657,3277.541573370286,632406
2023-07-06,3324.532958984375,3334.8996045803697,3293.629047255913,3334.8996045803697,693995
2023-07-07,3270.06005859375,3338.811856047787,3263.65426460282,3310.450536825354,620761
2023-07-10,3269.52197265625,3297.7856361783092,3221.405577606992,3271.33132464924,548838
2023-07-11,3317.834228515625,3325.071159122514,3271.331398108145,3276.172334038685,772158
2023-07-12,3331.721435546875,3339.20286025327,3288.201481373004,3332.9439061697367,1025127
2023-07-13,3323.701904296875,3349.5693335874435,3309.8146864914,3349.5693335874435,750126
2023-07-14,3354.215087890625,3363.261371020004,3312.406590184575,3323.702267142129,832843
2023-07-17,3384.189697265625,3396.512296351338,3349.569425569632,3354.214813824072,817694
2023-07-18,3436.071533203125,3445.4112566587205,3379.495735162026,3383.798736315405,962485
2023-07-19,3437.2451171875,3452.257152435196,3405.8032672395384,3442.477387130847,620289
2023-07-20,3448.34521484375,3457.1470035373386,3417.9789960981093,3432.7465370784275,589848
2023-07-21,3440.227783203125,3460.031806734653,3427.8075297780842,3458.0758537932675,857975
2023-07-24,3465.6552734375,3489.420150127506,3421.45078341398,3428.785607160044,680246
2023-07-25,3325.510986328125,3469.7625110224144,3276.221069327927,3469.7625110224144,2555630
2023-07-26,3298.714599609375,3337.8336580097234,3290.890787929305,3324.9733630661226,959076
2023-07-27,3295.19384765625,3338.811694056588,3277.1991759764574,3315.3402585974904,874078
2023-07-28,3316.02490234375,3324.1421551237313,3290.401965552749,3300.670718900439,553750
2023-07-31,3302.96923828125,3313.384593164511,3249.962717592069,3250.0116641729473,933890
2023-08-01,3269.32666015625,3310.4506218375996,3264.485723986383,3297.736926687263,698667
2023-08-02,3288.837158203125,3297.6878935011773,3257.297415293106,3267.6151153776705,857218
2023-08-03,3262.871826171875,3305.5114561559376,3244.8769162241815,3295.780638226098,711067
2023-08-04,3266.09912109375,3299.0081735606454,3249.815907882373,3264.6321563444803,519248
2023-08-07,3269.375244140625,3276.2210792315564,3242.96988021846,3243.018826793294,360358
2023-08-08,3274.314208984375,3285.9520336170463,3259.2532279002126,3269.3753799965043,500258
2023-08-09,3257.639404296875,3283.017844247965,3230.256064963248,3259.1553154770263,643222
2023-08-10,3166.590087890625,3246.8820559236547,3158.864168865483,3237.102290694969,1253219
2023-08-11,3115.197509765625,3177.3966713080604,3109.9652400355203,3166.589983334424,919023
2023-08-14,3132.0673828125,3139.2064196779997,3082.8261744874353,3115.1972895426425,815534
2023-08-16,3123.7060546875,3138.1801554145836,3106.933613556944,3124.537191498687,597686
2023-08-17,3113.1435546875,3152.996095283908,3092.3615549899864,3152.8982021327593,873392
2023-08-18,3093.87744140625,3115.3439766980778,3085.515695018815,3104.977330838461,592652
2023-08-21,3112.21484375,3117.3002740914426,3082.7287073108973,3090.3080256243747,353330
2023-08-22,3109.671875,3128.1557743799335,3101.163527077712,3128.1557743799335,377068
2023-08-23,3099.011962890625,3125.6128757828264,3095.5400985831016,3115.8331108398265,370811
2023-08-24,3154.56103515625,3161.7000724622603,3101.0655305914934,3114.8550944902,1167742
2023-08-25,3187.518798828125,3193.0932170285255,3145.3679169048664,3153.876264554298,1363431
2023-08-28,3187.90966796875,3199.938825609953,3159.890739221898,3193.0440441406486,707315
2023-08-29,3213.33740234375,3216.564772610835,3183.3625175268244,3189.181430065045,533163
2023-08-30,3222.13916015625,3230.1098119720473,3204.2421422682023,3228.593900628594,599080
2023-08-31,3184.38916015625,3229.278182941783,3149.0841154065843,3227.3711766494944,1601967
2023-09-01,3187.76318359375,3192.3106785782315,3146.248131066882,3169.7195658539486,650131
2023-09-04,3164.2919921875,3194.3158237424764,3145.2703965351957,3187.7634287798674,696213
2023-09-05,3152.3115234375,3177.298869364098,3149.0841534157153,3173.5335645447194,597022
2023-09-06,3154.267578125,3158.864019812837,3124.6348431275583,3138.32651380167,754106
2023-09-07,3174.85400390625,3182.0909342673754,3130.7471696729726,3154.2675514923085,923108
2023-09-08,3166.73681640625,3191.1862286192604,3160.8200108979436,3178.961522512755,395918
2023-09-11,3187.616455078125,3193.093218891694,3170.599759769333,3170.599759769333,359345
2023-09-12,3185.122802734375,3207.5673152563922,3171.577732945389,3188.203333148926,554905
2023-09-13,3205.56201171875,3212.309953092465,3154.2671994258462,3173.5332859514433,880907
2023-09-14,3168.888427734375,3221.6502133822078,3152.2628268481826,3209.7189475578175,1102554
2023-09-15,3126.24853515625,3168.6439126410874,3114.855204247489,3163.754030059851,1568607
2023-09-18,3135.68603515625,3158.7661368228814,3119.74497078163,3129.5247355803185,673602
2023-09-20,3143.558837890625,3156.9081215235205,3124.6348972328524,3135.6860793639307,901084
2023-09-21,3172.751220703125,3189.376820716611,3110.5031138052072,3139.304473134635,845739
2023-09-22,3202.726318359375,3211.283612418636,3150.208791236081,3163.7049141908733,896521
2023-09-25,3250.060546875,3261.356223700628,3199.107873473687,3200.2326897565413,1422084
2023-09-26,3220.281005859375,3251.67390765553,3188.545716789198,3249.815847846298,834560
2023-09-27,3229.082763671875,3236.1241465189773,3199.6455763530566,3215.5866406027194,516326
2023-09-28,3100.528076171875,3216.564899273465,3085.5160405009983,3209.5235158086016,2104381
2023-09-29,3091.4326171875,3124.634871116876,3064.978305502438,3124.634871116876,1550585
2023-10-03,3097.10498046875,3156.7126005052796,3092.3616989291377,3096.3714980923437,1219145
2023-10-04,3100.087646484375,3118.767093348614,3081.9463732177023,3095.246710508042,892584
2023-10-05,3135.636962890625,3160.9177493873954,3104.39066336405,3139.3043745431287,1002610
2023-10-06,3125.368408203125,3146.150408883502,3119.7450433131403,3143.949961752639,814257
2023-10-09,3083.3642578125,3093.339570039002,3063.706835289033,3070.8950578384256,700012
2023-10-10,3082.093017578125,3095.197807503526,3070.8952341231206,3080.6260527910817,847367
2023-10-11,3094.2197265625,3114.8551260427425,3082.630848394211,3099.207502175652,1025317
2023-10-12,3089.525634765625,3118.278048156391,3080.6748997505756,3115.833106923714,992531
2023-10-13,3079.45263671875,3102.1416451346913,3059.3551706786247,3080.6261608367836,854688
2023-10-16,3043.51171875,3059.1103956811025,3027.9130418188975,3055.1984898042724,853011
2023-10-17,3044.97900390625,3067.912506769922,3023.7080134624357,3067.912506769922,792640
2023-10-18,3028.255126953125,3046.5921853670297,3021.947226611498,3041.5067555863297,481985
2023-10-19,3033.487548828125,3042.386991700414,3008.3536005857723,3019.697984702722,568124
2023-10-20,3037.448486328125,3046.494769186315,2997.0580080842037,3024.3924042110552,711434
2023-10-23,3004.343994140625,3040.4312337209703,2996.520181655884,3027.86437817564,374476
2023-10-25,2993.390380859375,3039.550821777107,2984.784140303646,3025.272270030299,669290
2023-10-26,2895.103759765625,2987.7180826940894,2875.250789892184,2983.9040700089295,1834111
2023-10-27,2890.06689453125,2909.137434539614,2866.4488597187083,2868.209265010696,1708185
2023-10-30,2901.75390625,2926.056476819043,2874.370566726275,2908.5018479842665,878885
2023-10-31,2929.72412109375,2946.3986679882223,2900.6782671157803,2903.6121965835305,1152306
2023-11-01,2869.9208984375,2942.633305740101,2865.4710577452406,2931.9245111439473,1029990
2023-11-02,2890.3115234375,2896.76626355458,2869.382922778237,2895.8372336738535,900125
2023-11-03,2917.35107421875,2922.2982853430667,2882.229319436458,2896.9245742942235,715997
2023-11-06,2967.755859375,2972.4093569172737,2923.229283359257,2937.091711944531,620959
2023-11-07,2971.7236328125,2977.20971799783,2941.2063421955304,2967.7558660104146,757998
2023-11-08,3032.36572265625,3035.9905042115674,2984.3121932931867,2995.8725078371094,783400
2023-11-09,3017.621826171875,3048.187911206688,3011.596866807057,3037.019612176088,849702
2023-11-10,3013.947998046875,3022.324341871001,2978.336637559446,3007.629085751693,364232
2023-11-13,3022.912109375,3035.0600915384894,3002.730529556317,3035.0600915384894,405941
2023-11-15,3052.890380859375,3055.486686243108,3016.1522411135047,3023.0100271994006,700017
2023-11-16,3066.703857421875,3077.0883608743934,3034.668249067386,3055.633384052001,675454
2023-11-17,3104.51953125,3162.663853580644,3081.741885591903,3086.0036052904916,1430175
2023-11-20,3076.549560546875,3107.458387501905,3068.3691066242272,3104.5193366334906,406431
2023-11-21,3069.59375,3092.7631723003224,3063.470727279981,3092.7631723003224,409069
2023-11-22,3069.34912109375,3092.861530575477,3057.788805262448,3076.206907192587,489889
2023-11-23,3059.503173828125,3106.968801423772,3051.861593105159,3084.044298435466,792460
2023-11-24,3072.43505859375,3076.011047745039,3047.796108260605,3054.6538944251256,756329
2023-11-28,3084.38720703125,3095.8004262215095,3072.4348748007365,3077.3332931966565,647883
2023-11-29,3084.38720703125,3105.5972630133497,3078.1661199961973,3084.38720703125,620725
2023-11-30,3056.51513671875,3089.873415159348,3045.199981118095,3084.387329845823,1793116
2023-12-01,3108.92822265625,3125.778973991667,3076.451802997112,3083.0156360876963,960196
2023-12-04,3129.6484375,3139.347209918008,3102.168263408208,3125.1908290769566,1018189
2023-12-05,3160.704345703125,3181.6694799411766,3115.3939773222587,3132.048599213604,1005550
2023-12-06,3186.47021484375,3222.179637296307,3167.2683189614186,3198.667228875781,1229158
2023-12-07,3185.735595703125,3232.907271551212,3180.886209083884,3217.2813639200585,1071725
2023-12-08,3166.337890625,3203.3699843353857,3162.223266697313,3188.870616950611,895852
2023-12-11,3167.3173828125,3179.07358714091,3120.7824073458764,3164.3783317303973,910426
2023-12-12,3159.235107421875,3190.878939728024,3144.7847724084713,3162.4190795434724,1019030
2023-12-13,3177.7509765625,3188.821450343543,3125.484994038848,3174.175226686156,1052079
2023-12-14,3175.49755859375,3192.3971008324456,3152.621850673781,3188.8701441712733,923107
2023-12-15,3246.57373046875,3258.7709839259774,3176.134567835203,3183.972037465888,1631687
2023-12-18,3264.355224609375,3268.029038601632,3229.0375782610254,3245.69220169259,911936
2023-12-19,3268.273681640625,3285.7608912485116,3233.102895170218,3268.175617603597,780448
2023-12-20,3230.1640625,3291.6882475859306,3215.95864864455,3268.27390248953,979762
2023-12-21,3235.84619140625,3252.5498461328993,3205.378172199322,3213.3624985891297,1585879
2023-12-22,3273.417236328125,3282.7242315966355,3220.2203629046253,3242.6550242480603,930563
2023-12-26,3314.61279296875,3322.988896882502,3277.2377179866075,3281.8912153522833,600190
2023-12-27,3335.2841796875,3340.672440126449,3285.8591840427143,3312.3596764013005,837182
2023-12-28,3328.23046875,3350.469241030336,3304.522170911308,3335.823017468173,779250
2023-12-29,3333.27587890625,3353.408427705687,3315.1517296205393,3340.72157104181,615676
2024-01-01,3327.10400390625,3342.4849905977576,3320.295010653045,3333.863725956344,283951
2024-01-02,3322.450439453125,3329.846860105509,3277.0420039061346,3327.005873023986,552394
2024-01-03,3305.06103515625,3329.9449055330097,3296.6356596406526,3322.450420879466,379131
2024-01-04,3311.281982421875,3332.149293751388,3295.460185820955,3303.4935445879255,777127
2024-01-05,3287.377685546875,3311.722681970011,3279.9810257798613,3311.2818721413737,416956
2024-01-08,3231.388427734375,3307.9018158144568,3227.9107421512067,3286.838617520362,545884
2024-01-09,3201.116455078125,3247.651430324096,3195.9731157088336,3242.753011877152,670704
2024-01-10,3220.073486328125,3226.0984454507625,3192.005404629012,3225.118761744279,691087
2024-01-11,3221.395751953125,3241.9691087427286,3204.251287961789,3220.0733225249987,537469
2024-01-12,3211.20751953125,3228.009000568864,3178.0941601619975,3228.009000568864,673004
2024-01-15,3207.386474609375,3220.4163160814473,3192.397504853848,3215.517897421315,728116
2024-01-16,3229.9189453125,3252.5497334069305,3207.386221255765,3208.414936929254,748215
2024-01-17,3176.428466796875,3237.2178874228375,3128.179045203001,3227.176129629189,2239241
2024-01-18,3099.572265625,3191.7603551847656,2986.663722999068,3191.7603551847656,1979174
2024-01-19,3101.531982421875,3136.506645439698,3084.6324372613553,3113.239155725939,936201
2024-01-23,2992.6396484375,3045.836519368407,2960.163230562913,3024.822352556582,2365225
2024-01-24,2938.511962890625,2992.9334353865497,2915.6364940532135,2992.9334353865497,2665932
2024-01-25,2889.283203125,2954.7261239993004,2882.5234810732354,2948.897053653127,2001961
2024-01-29,2915.587646484375,2927.7356283724102,2880.319034212627,2880.319034212627,1862723
2024-01-30,2894.083740234375,2943.949545346882,2891.0956570860076,2929.254289712871,1273188
2024-01-31,2897.75732421875,2911.521687892658,2888.1563767968696,2905.7416501408047,1771244
2024-02-01,2869.83642578125,2912.452665001467,2860.6272558666938,2900.8433179554513,3006472
2024-02-02,2876.645263671875,2902.1660716048905,2864.6441384823547,2890.0668823742412,1881911
2024-02-05,2858.080322265625,2904.762154643563,2852.8389188270003,2890.066899223781,923435
2024-02-06,2871.403564453125,2887.12753387686,2843.67847107622,2871.452596468638,1471312
2024-02-07,2920.583984375,2941.9411370012263,2876.4003927441877,2896.924718548104,1134012
2024-02-08,2870.08154296875,2938.8062607617794,2860.4805946057645,2938.8062607617794,1633654
2024-02-09,2891.68310546875,2898.883875857964,2851.4182515800817,2870.473050444013,1144765
2024-02-12,2893.789794921875,2904.713172633078,2860.725469658098,2891.6833314337523,614469
2024-02-13,2911.22802734375,2920.681878885353,2885.854077323661,2904.7129875688747,717118
2024-02-14,2915.9306640625,2920.241416139213,2876.400567631576,2909.5627195865304,750339
2024-02-15,2955.264892578125,2963.0533301029986,2907.162327569451,2919.4574057553104,1068730
2024-02-16,2946.79052734375,2973.34005148227,2939.051121728768,2973.34005148227,1179473
2024-02-19,2937.18994140625,2957.3712831125645,2926.805198002185,2946.7906507949633,560700
2024-02-20,2950.46435546875,2955.803823043437,2911.7180560049883,2937.1898325160923,729371
2024-02-21,2940.814453125,2965.2575125618396,2922.8861943431893,2950.8562106219056,927130
2024-02-22,2956.097412109375,2965.6983599177393,2872.5305863484627,2922.396389511678,2615821
2024-02-23,2925.286376953125,2943.9493985135955,2905.937624666721,2938.071296553169,1650523
2024-02-26,2810.173583984375,2870.47316189372,2789.943211809132,2860.676325163707,3524491
2024-02-27,2801.45458984375,2811.6922367372144,2792.1966266564655,2796.9969811445117,1296180
2024-02-28,2737.5791015625,2801.3073316159157,2728.908805592479,2792.245257858339,2472196
2024-02-29,2764.569580078125,2780.342584705181,2720.3369528118783,2728.4193440464865,2284424
2024-03-01,2774.21923828125,2788.130698588011,2757.858568794405,2775.345778831855,978174
2024-03-04,2774.21923828125,2802.8259536685155,2770.545424511124,2801.8953020162003,971299
2024-03-05,2763.099853515625,2777.2564745387863,2748.012819980129,2776.4236477089785,736381
2024-03-06,2769.85986328125,2781.322115109371,2721.3164865252043,2770.4965620348016,1723066
2024-03-07,2812.23095703125,2835.204490850436,2767.606318815647,2767.606318815647,1564364
2024-03-11,2818.403076171875,2837.702796733778,2795.1355888899984,2836.7231130587516,866546
2024-03-12,2817.717041015625,2840.984527758784,2807.2344737716653,2821.4889187493795,663186
2024-03-13,2802.0419921875,2828.5915137922834,2777.40304497398,2820.1173462055963,955841
2024-03-14,2833.490234375,2839.1724477775033,2783.2814438099663,2801.8954344584668,1381741
2024-03-15,2809.2919921875,2838.0945967869015,2792.098495719845,2836.184261441737,1356226
2024-03-18,2788.669677734375,2807.7735100603263,2760.0139292454483,2807.7735100603263,940424
2024-03-19,2757.907470703125,2782.3014973136815,2744.0938359069087,2782.3014973136815,1199135
2024-03-20,2767.50830078125,2779.4116008675,2740.714095943463,2757.9075921698795,818910
2024-03-21,2763.834716796875,2787.5920477443174,2748.9926036504053,2787.2002699163945,1167680
2024-03-22,2783.771240234375,2797.1438270992485,2750.951836205569,2763.8345812192665,1652689
2024-03-26,2757.466552734375,2786.3672210689797,2752.911119330137,2762.707956053732,1372390
2024-03-27,2772.99462890625,2785.0938179072214,2760.4546300897414,2760.699551007327,1156231
2024-03-28,2788.91455078125,2809.7328292405814,2761.728328322594,2777.4522994185827,1864623
2024-04-01,2812.671875,2827.8079401798177,2794.4008698471744,2802.8260060758466,558086
2024-04-02,2815.806640625,2833.636834849282,2797.976446400718,2815.6597837527756,562473
2024-04-03,2811.055419921875,2825.9465637941926,2787.200027006197,2787.200027006197,816676
2024-04-04,2859.0107421875,2883.453800551594,2793.3229079496246,2811.691975735352,1831347
2024-04-05,2824.868896484375,2868.268931916393,2821.4890355799544,2864.5951180679813,1155672
2024-04-08,2833.2451171875,2849.8507072270163,2815.414922584884,2848.9200555951766,570695
2024-04-09,2799.103271484375,2857.1985644677175,2787.200209845674,2834.2250288518576,1017670
2024-04-10,2837.898681640625,2840.201033945932,2799.9359392867545,2824.7219840661724,740495
2024-04-12,2796.507080078125,2834.2249019674255,2787.2000850664795,2831.285850911116,1766311
2024-04-15,2786.612060546875,2795.527277377028,2755.2133911098636,2772.700600642057,884519
2024-04-16,2772.5048828125,2783.722213389174,2762.70804577076,2770.2025304354543,911249
2024-04-18,2750.65771484375,2801.1114224257612,2743.2122626700907,2796.9967989639263,1732434
2024-04-19,2751.49072265625,2764.7654847199283,2709.9519899782613,2733.317542058417,1337807
2024-04-22,2784.1142578125,2788.76775545318,2756.879002731981,2788.76775545318,676040
2024-04-23,2816.492431640625,2819.4805146112863,2786.220302507136,2794.0577717125,929062
2024-04-24,2809.48779296875,2824.5260326988914,2801.895244665897,2824.378936642747,718441
2024-04-25,2803.315673828125,2811.5939526613784,2771.5740199041984,2806.793598549004,1594152
2024-04-26,2786.3671875,2819.7254639780704,2779.411577018396,2811.6921057976224,625507
2024-04-29,2809.9287109375,2815.561892153227,2781.321995034621,2786.367270364298,566219
2024-04-30,2817.47216796875,2852.83884409143,2796.9968749591458,2796.9968749591458,1290649
2024-05-02,2914.950927734375,2927.295038629754,2816.688839167691,2816.688839167691,2493406
2024-05-03,2870.228271484375,2936.1119991940172,2850.144755974373,2922.445459646499,1594445
2024-05-06,2872.579345703125,2898.8839476253543,2852.055020878629,2890.0667946923945,768806
2024-05-07,2853.818603515625,2907.6521747193915,2845.0014502606846,2887.1278491453986,629534
2024-05-08,2785.534423828125,2845.9808540276417,2763.687431742505,2841.082436034479,1652877
2024-05-09,2655.040771484375,2795.968121874989,2648.8687166161876,2770.5453788409063,3547959
2024-05-10,2714.9482421875,2735.864583225792,2615.85333932215,2644.1661003749437,2478584
2024-05-13,2820.754150390625,2836.184167884296,2698.1468372163213,2714.9483161483095,2748823
2024-05-14,2807.92041015625,2829.326595200068,2784.2611438914796,2820.5094416831703,999330
2024-05-15,2756.535888671875,2815.855782602301,2749.1392291427437,2807.9202492196814,1230520
2024-05-16,2756.87890625,2779.9505047393204,2729.9376050626074,2763.7366920067907,1534319
2024-05-17,2752.81298828125,2780.538083370251,2729.49670879113,2757.4176927737185,1325150
2024-05-21,2793.862060546875,2808.704173126467,2744.0940800907597,2757.8096520726485,921822
2024-05-22,2827.1220703125,2836.184144002317,2778.9707149734304,2793.86185849788,933846
2024-05-23,2844.756591796875,2861.9010568356853,2818.8440053314775,2826.3875221124354,1181894
2024-05-24,2816.345703125,2851.075442288023,2808.7531544862595,2851.075442288023,755822
2024-05-27,2813.945556640625,2839.4173329971745,2797.535854564771,2829.2284789461996,817091
2024-05-28,2852.054931640625,2861.6558790366707,2805.813912208499,2817.4232588792165,1084544
2024-05-29,2841.2294921875,2862.3417230549694,2822.566709668984,2837.1639006402384,1758297
2024-05-30,2825.11376953125,2851.7123248513444,2816.5905693834934,2816.8354903025706,1344426
2024-05-31,2822.66455078125,2846.9607537075067,2797.584792261069,2825.1137599637236,2520363
2024-06-03,2808.21435546875,2890.066978230691,2801.94447532381,2890.066978230691,952701
2024-06-04,2799.593017578125,2838.143666679368,2719.357018565846,2821.48904385108,2683847
2024-06-05,2901.578125,2965.7964377449543,2806.303887587575,2806.303887587575,2410576
2024-06-06,2845.78515625,2901.5780931027334,2823.693241781161,2899.8636466899943,1689408
2024-06-07,2868.219970703125,2883.307243454746,2830.1594018023384,2845.7853092538858,1600180
2024-06-10,2877.869873046875,2891.9281904980885,2855.7779579885814,2868.5138459658892,876867
2024-06-11,2870.9951171875,2888.7012737166874,2863.6259036618358,2883.409156882298,855430
2024-06-12,2874.308837890625,2886.3765737588574,2834.593813132062,2877.4741100289634,1701770
2024-06-13,2878.46337890625,2897.2574696963597,2873.517565540432,2897.2574696963597,726380
2024-06-14,2889.9375,2899.5818351872845,2873.616317375365,2878.463117435681,982815
2024-06-18,2886.871337890625,2896.268383533921,2873.5176414501507,2889.9378388563573,741098
2024-06-19,2860.361572265625,2888.354923418259,2851.409602029361,2886.3765981282468,1018294
2024-06-20,2883.90380859375,2892.80627276022,2841.270800265291,2853.734346696268,1129752
2024-06-21,2859.52099609375,2896.268292621132,2848.8874974101172,2893.3008046163973,1722379
2024-06-24,2864.66455078125,2868.5221885317337,2840.2815464771884,2851.7559298549572,892125
2024-06-25,2827.471923828125,2863.576360492275,2825.048523638667,2844.831776605324,1217792
2024-06-26,2832.319091796875,2842.7053000667647,2813.2282035351654,2829.2030844190294,960622
2024-06-27,2849.629150390625,2871.5390052103558,2814.1675748616817,2829.7468856891232,1628022
2024-06-28,2885.43701171875,2900.224945320385,2831.181342729693,2833.9510465016724,1206712
2024-07-01,2896.0703125,2907.1488853360443,2856.7015926677427,2857.9875523484393,1104110
2024-07-02,2893.89453125,2904.181726872608,2880.441821748309,2896.0706409207664,1064295
2024-07-03,2893.844970703125,2916.991281168581,2884.398418666762,2897.949899289522,925189
2024-07-04,2903.09326171875,2936.2797157458476,2891.322323199973,2908.138087652385,968666
2024-07-05,2904.08251953125,2914.9633086512545,2881.5298043692524,2905.3189728403413,817429
2024-07-08,2866.74169921875,2904.0825900601762,2859.372485616553,2904.0825900601762,828260
2024-07-09,2873.517578125,2881.628663781506,2858.6801379625645,2877.424722402149,685431
2024-07-10,2963.9765625,2981.830997765178,2862.983194419,2868.621373583055,2299950
2024-07-11,2989.299072265625,2997.1628671329067,2940.7805953749607,2966.4988245978834,1968980
2024-07-12,2966.647216796875,3018.924562119572,2938.703370505958,2992.2171692043594,1879930
2024-07-15,2924.45947265625,2966.498886689022,2900.769074694388,2966.498886689022,2425341
2024-07-16,2942.21484375,2983.2650943913054,2909.6219822024277,2926.9323288583996,2085611
2024-07-18,2899.77978515625,2925.8440758194715,2811.2002224585717,2843.8425895736787,5384611
2024-07-19,2914.122802734375,2947.704827894142,2885.634868850398,2893.3008797283105,2164746
2024-07-22,2902.5,2941.1268496191788,2885.5357157268977,2905.1706908448223,1616347
2024-07-23,2865.703125,2915.359040259701,2854.723323312425,2902.499926190726,1906312
2024-07-24,2881.23291015625,2895.27897097511,2854.9210880277824,2869.560743012912,1476148
2024-07-25,2869.95654296875,2877.1774789318843,2853.9816620630495,2860.708016679323,1239922
2024-07-26,2918.177978515625,2932.323052143504,2869.263935729597,2870.7476796452183,1359780
2024-07-29,2922.6787109375,2932.9661469624198,2904.181418458129,2921.046689231441,854408
2024-07-30,2972.4833984375,2999.932663163992,2937.813197754269,2941.275267179232,2144591
2024-07-31,3051.022705078125,3064.425907361832,2972.4832868133776,2972.4832868133776,3549501
2024-08-01,3065.761474609375,3095.0405452864525,3029.6075300527104,3054.5343814991456,1675122
2024-08-02,3073.031494140625,3095.139375517733,3026.8376476213084,3036.7292739207246,1348780
2024-08-05,3059.87548828125,3110.916375006452,3022.188538142266,3036.6796736250694,2019141
2024-08-06,3068.13525390625,3101.0249120645103,3052.6054485786008,3068.0857474747236,885743
2024-08-07,3067.83837890625,3084.7036499828905,3026.887142777117,3068.1351759930835,1907105
2024-08-08,2972.829345703125,3056.2158057895244,2957.9919058832957,3046.620976338326,1280109
2024-08-09,3007.648193359375,3019.6664235310573,2933.8565595587966,3006.065436446117,1665414
2024-08-12,3020.111328125,3050.5775857760655,2971.1477773805395,2987.2711767327232,1736881
2024-08-13,2990.78271484375,3026.6398601405863,2980.347000810128,3021.7928183622134,502260
2024-08-14,2993.057861328125,3001.9108186290277,2961.6024411771527,3001.9108186290277,454671
2024-08-16,3015.115966796875,3020.9026647663936,2970.4553707575246,3020.9026647663936,514229
2024-08-19,3042.961181640625,3054.3860588217135,3005.422506469728,3020.853299283781,542858
2024-08-20,3069.5693359375,3072.6853430283413,3044.642486684651,3062.4474135073683,668282
2024-08-21,3117.3955078125,3136.23910404937,3050.627030867135,3067.393289001126,1186536
2024-08-22,3152.06591796875,3163.985135162519,3121.8469495534036,3132.6782326873226,1540888
2024-08-23,3120.4619140625,3163.935806517689,3114.6259509191154,3155.4289109748242,779284
2024-08-26,3136.981201171875,3143.0149486986966,3107.454598205522,3120.808294553055,472874
2024-08-27,3131.88671875,3168.930811511615,3115.862332197655,3119.8189827782235,1003501
2024-08-28,3091.627685546875,3131.1941892812774,3085.0003444703175,3118.780150435654,538366
2024-08-29,3082.08251953125,3109.8778449183865,3059.1832594359876,3091.62784244368,849866
2024-08-30,3092.913818359375,3132.430817877327,3076.988203116848,3096.128596967759,1567031
2024-09-02,3116.802001953125,3149.493875816065,3105.575150778857,3113.8840204362355,702358
2024-09-03,3120.65966796875,3140.146122532374,3113.3892263941943,3130.650065148641,577471
2024-09-04,3196.62744140625,3216.7569983103217,3121.3028007897356,3121.3028007897356,2379110
2024-09-05,3203.156005859375,3221.702805862421,3182.136299189256,3204.887040526326,1482119
2024-09-06,3238.2216796875,3250.289415572016,3190.395811037575,3202.9086218102293,2131256
2024-09-09,3245.1953125,3278.0849700906806,3222.6918625695344,3238.2216676291846,1272289
2024-09-10,3259.340576171875,3274.128510116493,3235.4521522661403,3254.345256278931,928920
2024-09-11,3330.955810546875,3346.2878320504196,3279.074276403195,3279.074276403195,2561892
2024-09-12,3346.58447265625,3356.22880831232,3304.0999859369294,3333.478067790309,1643536
2024-09-13,3321.65771484375,3333.181363221414,3284.91017717067,3319.1848081966295,1029400
2024-09-16,3299.64892578125,3358.1082954413614,3294.5053281293403,3323.586614407488,1019280
2024-09-17,3276.898193359375,3313.59598410055,3266.0174038170953,3299.6489351295963,586834
2024-09-18,3239.161376953125,3288.8175352054536,3216.311864622804,3276.8980769676355,410510
2024-09-19,3258.153564453125,3284.0200717334696,3239.5077514840705,3258.301842256039,963456
2024-09-20,3271.111328125,3288.76797776096,3230.6546729438605,3268.193346650162,1504277
2024-09-23,3241.93115234375,3288.8668728499592,3237.727210986069,3281.003077903373,522775
2024-09-24,3213.19580078125,3262.0110733229085,3205.9751067554084,3241.931023571915,1057933
2024-09-25,3209.58544921875,3216.7568782985977,3171.997269214031,3216.7568782985977,740636
2024-09-26,3241.53564453125,3250.240324510179,3192.1270164194734,3214.7787454432932,951080
2024-09-27,3274.870361328125,3301.775538077304,3241.5356271225887,3255.2848918544178,1315996
2024-09-30,3293.021484375,3321.6081884459613,3269.3308456421587,3274.8702530963274,1088162
2024-10-01,3241.832275390625,3292.872922727023,3208.8931111736865,3281.0524774758333,968660
2024-10-03,3115.169921875,3190.939634507081,3092.616965590925,3157.7039150048286,1741363
2024-10-04,3039.2021484375,3122.5390991310264,3021.446727716292,3101.0248121567333,1551818
2024-10-07,3029.0634765625,3064.970130853531,3005.0762810994775,3041.675300981203,909812
2024-10-08,3054.583740234375,3065.4150228486783,3012.643099381136,3024.859354588983,817718
2024-10-09,3045.4833984375,3112.5979366300385,3038.460247308494,3062.002365725767,1225598
2024-10-10,3025.947509765625,3061.458351722424,3010.021894762952,3056.5620449838925,1161933
2024-10-11,3004.284912109375,3030.794520838647,2993.206338138951,3026.0464915670937,976017
2024-10-14,3006.213623046875,3021.8919479179503,2984.5015508035094,3004.0870199105775,716011
2024-10-15,3033.86083984375,3063.2389220506134,3014.6214332358604,3041.6751281278553,1242322
2024-10-16,3048.698486328125,3069.915978167289,3032.871882961692,3054.534449721576,764001
2024-10-17,3022.732666015625,3051.56665957218,3004.0868541720292,3049.489321488012,674481
2024-10-18,2959.722900390625,3035.7401459678913,2948.2982650801227,3023.870194273002,899318
2024-10-21,3016.154541015625,3023.8700575674507,2968.0318772927444,2974.4614341701367,806970
2024-10-22,2974.263671875,3024.809736033012,2962.789289072851,3020.902592046903,541838
2024-10-23,2957.29931640625,2993.700547640332,2939.8406934714135,2967.438232848779,624689
2024-10-24,2939.791259765625,2969.762934972689,2919.018845076837,2957.2993895615054,571259
2024-10-25,2925.943115234375,2982.8694739734065,2920.008139341405,2943.2534615888717,1047769
2024-10-28,2969.318115234375,2988.952849718523,2930.9385545936616,2955.519102523912,504961
2024-10-29,2960.415771484375,2995.1847448272306,2909.226600234438,2987.2714429914918,613459
2024-10-30,2964.174072265625,2973.4228393718963,2931.4329344002813,2973.4228393718963,812725
2024-10-31,2903.835205078125,2964.0258482694635,2887.3657437338775,2961.7507259004183,1031171
2024-11-01,2907.989990234375,2933.609206950124,2898.246641275854,2925.943196209548,112249
2024-11-04,2883.705810546875,2930.047934013921,2854.2287164155905,2930.047934013921,1146008
2024-11-05,2856.009521484375,2887.1681466377504,2841.567649418541,2863.6260260006843,935417
2024-11-06,2865.90087890625,2876.336592743088,2829.0050652458713,2859.174524857759,1817087
2024-11-07,2812.041015625,2873.4678686603434,2794.3843664813576,2868.571562051659,1112489
2024-11-08,2739.4365234375,2816.1461372235276,2732.4628782760806,2812.0412087180107,2060410
2024-11-11,2515.53955078125,2570.586353882643,2478.8415210504677,2537.2516219503937,8854840
2024-11-12,2448.029296875,2507.5273340616236,2443.231761393377,2507.5273340616236,3445898
2024-11-13,2443.726318359375,2470.928291140141,2424.5366596137674,2443.2317370360884,1803766
2024-11-14,2456.239013671875,2474.637534630383,2439.4727559002854,2455.892951658729,1206967
2024-11-18,2456.783203125,2492.6898552918515,2444.0231016541584,2492.6898552918515,945471
2024-11-19,2460.994384765625,2480.31611905172,2449.7482896981887,2465.2551232719975,941508
2024-11-21,2405.9521484375,2443.4066353294693,2402.831041991807,2432.2594810109504,1377572
2024-11-22,2449.599365234375,2471.15052907474,2400.7996034349276,2407.785201475272,3805843
2024-11-25,2437.213623046875,2485.02252642795,2427.6519391341462,2482.099543411265,1857124
2024-11-26,2482.099609375,2494.980765032435,2435.1330308952256,2437.4118110614863,1152258
2024-11-27,2469.119384765625,2494.6339827227557,2457.328269269318,2494.4854507602854,864653
2024-11-28,2435.578857421875,2483.0904560340787,2430.8722813380114,2477.145307296567,1506133
2024-11-29,2456.931884765625,2468.722999599663,2432.60626960075,2435.578843953067,1030854
2024-12-02,2456.386962890625,2463.2733787011452,2438.848821890629,2456.9319832588094,914624
2024-12-03,2446.824951171875,2471.2001577511933,2440.9789850120546,2471.2001577511933,1341985
2024-12-04,2436.966064453125,2456.43657253203,2430.773200924605,2456.238207372132,1005012
2024-12-05,2429.7822265625,2444.347792503275,2401.7408934646146,2442.4652588441245,3190834
2024-12-06,2407.488037109375,2445.437953242,2404.8127684434094,2445.437953242,1735948
2024-12-09,2369.984130859375,2416.702995237939,2365.178372133235,2415.860669058314,2301281
2024-12-10,2367.060791015625,2382.6668059105646,2363.246132519868,2377.9602299898684,1657888
2024-12-11,2395.201416015625,2405.8035496690777,2370.7766178640713,2377.8118073798883,1337700
2024-12-12,2367.705078125,2392.9223689941464,2358.9358869658186,2390.940652746532,1089028
2024-12-13,2385.639404296875,2389.94973378921,2332.479964071227,2367.705017857699,1150861
2024-12-16,2380.2890625,2397.8272039012686,2364.33614904122,2397.8272039012686,987775
2024-12-17,2334.461669921875,2377.960243493521,2329.011950403806,2366.1691289360942,1258218
2024-12-18,2324.008056640625,2351.008939567935,2319.5987865259813,2335.2543927151182,855682
2024-12-19,2270.8984375,2303.7452897058597,2244.640695488299,2303.7452897058597,2784409
2024-12-20,2261.485107421875,2296.8091023314314,2255.1930616507066,2276.001081991069,1719502
2024-12-23,2258.36376953125,2281.500403302578,2245.3340820697663,2278.973666725117,855647
2024-12-24,2263.119873046875,2274.0193120151393,2256.3323983804253,2261.2373394431147,601558
2024-12-26,2241.71728515625,2266.5383291254625,2235.8713190867606,2263.1199170370755,1267334
2024-12-27,2250.635009765625,2269.857802206209,2239.3889153849664,2249.495619704903,821790
2024-12-30,2267.3310546875,2277.7846560581884,2236.1686157230524,2259.4041898617597,1076940
2024-12-31,2260.494384765625,2276.6451794230184,2252.2206222757777,2259.1566294715235,685486
2025-01-01,2283.5810546875,2301.961521076063,2259.15649895136,2259.15649895136,1067328
2025-01-02,2321.828369140625,2326.4853540822382,2273.028605060746,2292.8457681388695,1342922
2025-01-03,2314.594970703125,2327.476126227902,2300.9210803027713,2322.571426929058,1355319
2025-01-06,2246.423828125,2318.6079369424415,2236.0694094379187,2314.5949132852215,1190987
2025-01-07,2271.641357421875,2294.8273400003623,2251.2295839727212,2251.2295839727212,740798
2025-01-08,2313.009765625,2316.626301025216,2251.9232169476004,2266.142127834148,1439632
2025-01-09,2328.71484375,2339.812406972319,2300.0791391422886,2320.490672483097,1362304
2025-01-10,2299.533935546875,2327.4264942980476,2294.8273595719324,2314.2482750951813,1214334
2025-01-13,2232.056396484375,2280.8561577843807,2225.8635333752372,2270.799044858627,1181928
2025-01-14,2219.47265625,2265.448619379974,2216.549673100388,2248.2571337795175,1316807
2025-01-15,2209.31640625,2233.1465935445567,2199.705130413274,2228.440017252006,1308999
2025-01-16,2195.345458984375,2219.3737696152903,2187.6167168739216,2218.5314434070024,1936087
2025-01-17,2240.330322265625,2248.3067789154998,2192.273701022864,2205.3033891942637,878848
2025-01-20,2259.70166015625,2265.9934644244263,2230.421752693169,2251.477488919171,555716
2025-01-21,2239.686279296875,2293.836579540685,2234.3850915180324,2259.70156521609,1410294
2025-01-22,2241.42041015625,2249.248093100019,2224.377455747621,2249.248093100019,835523
2025-01-23,2255.5400390625,2280.757330514923,2225.6655207934846,2241.420310471659,1142465
2025-01-24,2241.71728515625,2275.5552346652357,2234.434623212942,2262.1290589297914,543202
2025-01-27,2230.9169921875,2256.927017079759,2225.6653959227488,2234.682301315551,1097939
2025-01-28,2221.305908203125,2246.325077156863,2213.6763486267023,2239.339478631597,897501
2025-01-29,2202.826171875,2226.2601119748265,2191.82779169271,2221.3058212867522,1281088
2025-01-30,2229.2822265625,2238.5961960790355,2194.750724494883,2202.8261213677984,1155718
2025-01-31,2279.766357421875,2283.9279130465507,2214.419314321874,2234.385008208231,1292909
2025-02-01,2329.656005859375,2367.1600830087505,2264.4081428563777,2290.8640066622984,1318619
2025-02-03,2271.294677734375,2342.8345904094153,2256.877642740768,2329.656128148786,1070382
2025-02-04,2332.826904296875,2396.4895383079693,2243.055062141867,2283.581062359761,5373733
2025-02-05,2254.400390625,2274.5644505274613,2216.7973726124474,2248.2571185418005,3474642
2025-02-06,2242.708251953125,2277.8837164664415,2239.587145527407,2266.2907244311223,1285954
2025-02-07,2250.23876953125,2255.4903659000106,2222.6928656704363,2245.2844789774604,1336756
2025-02-10,2249.396484375,2257.1748174497184,2233.394222358062,2250.288401836171,1181565
2025-02-11,2220.364501953125,2262.02989212797,2205.6501621938696,2258.1656422461047,1607942
2025-02-12,2207.879638671875,2227.3994955439553,2165.7185766581374,2221.355406067447,1181706
2025-02-13,2215.955078125,2229.3812544891007,2199.70510116815,2207.8796809360047,921923
2025-02-14,2210.90185546875,2229.9758750028445,2182.8605212264915,2215.9550869273503,1380052
2025-02-17,2230.273193359375,2239.339448788988,2205.6998625307406,2210.901867887441,923900
2025-02-18,2217.144287109375,2231.362956377556,2198.466514269722,2227.4491150775593,735853
2025-02-19,2218.630615234375,2229.232749223956,2205.7494590822953,2217.144327986058,645234
2025-02-20,2228.489501953125,2236.4659581965216,2210.654055802846,2218.630512046243,637442
2025-02-21,2236.96142578125,2245.0864141190063,2216.5496514053552,2228.4895403322207,755585
2025-02-24,2225.66552734375,2238.3485600409113,2220.5131133473583,2225.368221517112,765042
2025-02-25,2204.41162109375,2236.465978310046,2197.4260229069887,2225.665479565567,947702
2025-02-27,2193.4130859375,2208.028243909555,2177.906252378101,2193.759983059652,1027196
2025-02-28,2159.822998046875,2191.134211561496,2155.9091568347276,2189.7964563292094,1701193
2025-03-03,2146.594970703125,2173.2987910156594,2109.536973151968,2159.823023592298,959068
2025-03-04,2112.608642578125,2140.104954733444,2105.3257388113384,2134.3579293967155,2180989
2025-03-05,2144.365478515625,2162.8451273823885,2105.3257658084203,2112.509487094271,1535212
2025-03-06,2246.968994140625,2254.202307068128,2163.142539207637,2169.83083176707,1985096
2025-03-07,2249.248046875,2257.125320948168,2227.4491671255505,2246.9690247012654,921429
2025-03-10,2257.76953125,2272.0377921871145,2241.1726568413064,2249.2480541930877,1072395
2025-03-11,2266.48876953125,2269.9567729552386,2237.258454957632,2253.211367471468,601228
2025-03-12,2230.718994140625,2274.960713629137,2226.4582557278914,2266.4888280927526,749216
2025-03-13,2210.90185546875,2236.5649849874944,2202.1822552999897,2234.6328599618905,747470
2025-03-17,2199.25927734375,2218.7791347134184,2175.9741105844487,2184.8422427344367,838015
2025-03-18,2199.25927734375,2199.25927734375,2199.25927734375,2199.25927734375,0
2025-03-19,2259.85009765625,2267.0338191271912,2247.117715780575,2253.211396540711,663292
2025-03-20,2266.290771484375,2285.9098117484887,2248.0094865211895,2269.065222758578,1166849
2025-03-21,2279.369873046875,2293.3410689993398,2257.026216452467,2270.69986468492,1624115
2025-03-24,2301.26806640625,2308.9472171122343,2281.0546567952797,2281.35172071498,1100353
2025-03-25,2309.442626953125,2323.066926479288,2286.9006041007456,2303.74519260582,1828005
2025-03-26,2301.911865234375,2319.54918754314,2282.937029655024,2318.607920743384,1934287
2025-03-27,2316.7255859375,2328.615883987236,2269.560640243387,2293.8366654282645,1497861
2025-03-28,2319.251953125,2342.3885869038027,2303.7451203685873,2322.521833290493,1281871
2025-04-01,2294.827392578125,2340.109560017115,2284.671096907173,2320.589703548346,970583
2025-04-02,2285.562744140625,2307.113907858425,2271.1953016620914,2306.717661381125,792693
2025-04-03,2327.922119140625,2333.3718391489133,2268.8671165596875,2274.019530731231,608846
2025-04-04,2334.511474609375,2342.3391575055643,2281.748276270366,2327.9221225354117,1163188
2025-04-07,2319.94580078125,2332.4800594775693,2169.9793246626496,2169.9793246626496,1745817
2025-04-08,2372.3125,2397.8766882816067,2334.4617675997793,2334.4617675997793,1876867
2025-04-09,2389.107421875,2407.240173568891,2369.042545259099,2378.059450773435,1186937
2025-04-11,2371.718017578125,2425.620600833154,2358.489965332155,2417.1983070802617,968152
2025-04-15,2393.615966796875,2402.8309959051844,2363.196670199532,2392.8232319010167,1141122
2025-04-16,2437.411865234375,2445.933342083716,2381.7256856132426,2383.113032167804,1166695
2025-04-17,2445.338623046875,2453.7609169479197,2408.7760556987682,2437.411758198833,885840
2025-04-21,2422.648193359375,2448.3113228568272,2418.6847607322024,2443.357032072861,541913
2025-04-22,2409.76708984375,2427.6025370547645,2391.4362135435404,2422.648246162816,543647
2025-04-23,2430.674072265625,2434.1420755733816,2403.425474847538,2414.72116028646,744684
2025-04-24,2441.87060546875,2468.227527698629,2413.631149611901,2427.6023455887757,1203452
2025-04-25,2409.370849609375,2446.131542978109,2391.634343024776,2441.7718637453363,702217
2025-04-28,2429.7822265625,2437.312845016542,2383.0137718134356,2397.777460995902,554920
2025-04-29,2428.6923828125,2449.4012203146185,2419.2792308735884,2437.5109231286256,1235066
2025-04-30,2403.5244140625,2439.6907342501636,2379.545696730778,2427.6023139664403,1479669
2025-05-02,2387.968017578125,2422.5488684550855,2376.0777203951634,2402.830889056827,744673
2025-05-05,2414.6220703125,2452.373861673878,2400.9484217016598,2400.9484217016598,1229588
2025-05-06,2395.89501953125,2427.5032979220373,2369.2410319169953,2419.675615258607,702802
2025-05-07,2312.761962890625,2383.7072569359643,2297.3044799347813,2366.169117137916,1711738
2025-05-08,2281.550048828125,2327.624952315924,2272.5331429949797,2300.7725999713725,2292261
2025-05-09,2278.577392578125,2310.482975143169,2224.4764433396517,2226.0619130694386,1503010
2025-05-12,2334.85791015625,2356.755970742909,2299.7816304789962,2308.699353302913,940135
2025-05-13,2303.348876953125,2336.4434413177164,2293.935724835857,2332.480008847288,1220489
2025-05-14,2261.435546875,2297.799991677632,2256.283133007187,2297.799991677632,1549845
2025-05-15,2308.600341796875,2314.149244284192,2247.2663181488106,2264.1109069532768,1675015
2025-05-16,2332.083740234375,2333.4708448223746,2293.8365204941815,2312.5636419757657,785113
2025-05-19,2310.086669921875,2357.1524335907243,2305.3307441728534,2332.08391510041,552961
2025-05-20,2274.614013671875,2326.237576956214,2270.4522160104593,2326.039453712509,1095824
2025-05-21,2291.26025390625,2295.0255631998375,2269.0651284525616,2275.0102772607343,469330
2025-05-22,2278.180908203125,2288.882224126238,2262.2282378468694,2288.0894892599486,916504
2025-05-23,2294.33203125,2307.7086161871084,2274.0194393084644,2280.7573230659386,458035
2025-05-26,2305.925048828125,2316.6263652787375,2281.748206621214,2294.8274858791942,1258062
2025-05-27,2306.321533203125,2330.102128870143,2280.063792154126,2291.954089987635,2485428
2025-05-28,2282.14453125,2311.672153647476,2279.271139266998,2306.3216161933556,774808
2025-05-29,2273.325927734375,2287.8914943229834,2265.59718569489,2282.1444686059954,1414643
2025-05-30,2238.44775390625,2282.9371882860055,2234.3851387087425,2275.5057521262206,3610431
2025-06-02,2245.97802734375,2251.5269295177736,2237.2584276025923,2238.4476508603957,702789
2025-06-03,2235.07861328125,2266.389826642048,2226.160890199738,2251.824260657322,792587
2025-06-04,2228.43994140625,2240.3302390037934,2220.413893764419,2228.935370472814,768079
2025-06-05,2222.990234375,2240.330251803822,2212.586223917707,2230.520852993293,996614
2025-06-06,2224.674560546875,2232.0070556413616,2218.531288700862,2228.5390522869834,822087
2025-06-09,2227.349853515625,2235.177777746761,2215.5587387446485,2219.522171193208,1041851
2025-06-10,2218.89990234375,2240.0,2215.199951171875,2240.0,1809051
2025-06-11,2208.800048828125,2225.89990234375,2207.199951171875,2209.0,1430888
2025-06-12,2219.39990234375,2263.0,2208.10009765625,2224.0,3417373
2025-06-13,2214.199951171875,2217.10009765625,2174.800048828125,2175.0,1786807
2025-06-16,2244.800048828125,2250.0,2209.300048828125,2214.199951171875,1301826
2025-06-17,2264.800048828125,2281.0,2227.0,2231.0,1540986
2025-06-18,2281.39990234375,2284.0,2255.0,2257.0,1131156
2025-06-19,2268.0,2285.0,2264.0,2270.0,524926
2025-06-20,2285.699951171875,2289.89990234375,2263.0,2267.0,1945026
2025-06-23,2264.10009765625,2272.800048828125,2253.89990234375,2261.199951171875,596186
2025-06-24,2275.300048828125,2309.699951171875,2268.89990234375,2305.0,1044179
2025-06-25,2279.89990234375,2294.300048828125,2275.39990234375,2276.10009765625,807368
2025-06-26,2289.800048828125,2292.60009765625,2280.199951171875,2287.0,921519
2025-06-27,2358.699951171875,2364.5,2277.10009765625,2283.0,1555059
2025-06-30,2341.10009765625,2369.89990234375,2326.10009765625,2362.0,785414
2025-07-01,2369.5,2400.0,2350.199951171875,2380.5,1232160
2025-07-02,2419.39990234375,2430.0,2327.0,2340.0,1936030
2025-07-03,2430.89990234375,2464.39990234375,2425.0,2428.89990234375,1547480
2025-07-04,2424.199951171875,2443.0,2412.0,2430.89990234375,602309
2025-07-07,2442.800048828125,2465.10009765625,2421.0,2423.300048828125,869054
2025-07-08,2484.60009765625,2488.0,2437.300048828125,2440.5,1136367
2025-07-09,2498.89990234375,2535.0,2492.89990234375,2520.5,2328636
2025-07-10,2451.199951171875,2512.0,2445.10009765625,2507.300048828125,932859
2025-07-11,2439.199951171875,2484.800048828125,2435.5,2447.5,1050411
2025-07-14,2401.60009765625,2448.60009765625,2391.0,2431.10009765625,891618
2025-07-15,2393.5,2415.0,2386.300048828125,2409.89990234375,610228
2025-07-16,2410.5,2422.39990234375,2371.0,2381.0,1200909
2025-07-17,2398.89990234375,2414.0,2394.0,2404.10009765625,526163
2025-07-18,2382.39990234375,2405.0,2372.300048828125,2400.60009765625,599552
2025-07-21,2375.39990234375,2408.0,2360.800048828125,2382.39990234375,390931
2025-07-22,2365.199951171875,2380.800048828125,2361.300048828125,2375.39990234375,411317
2025-07-23,2375.39990234375,2384.699951171875,2352.60009765625,2363.0,368999
2025-07-24,2352.10009765625,2380.0,2341.0,2375.39990234375,506960
2025-07-25,2336.199951171875,2350.5,2325.800048828125,2340.0,383636
2025-07-28,2359.60009765625,2366.39990234375,2320.0,2336.199951171875,650364
2025-07-29,2401.5,2418.300048828125,2325.0,2359.0,1742815
2025-07-30,2415.800048828125,2443.800048828125,2366.5,2409.0,1685818
2025-07-31,2396.10009765625,2417.199951171875,2373.5,2401.39990234375,1274735
2025-08-01,2431.0,2472.0,2378.0,2378.0,2225293
2025-08-04,2449.800048828125,2467.0,2439.60009765625,2443.199951171875,1165898
2025-08-05,2436.800048828125,2463.699951171875,2409.10009765625,2461.89990234375,659094
2025-08-06,2491.199951171875,2505.60009765625,2440.0,2440.0,2019109
2025-08-07,2506.5,2510.0,2466.89990234375,2484.10009765625,1502806
2025-08-08,2475.60009765625,2511.699951171875,2468.5,2506.5,1178226
2025-08-11,2489.10009765625,2504.199951171875,2452.0,2463.89990234375,721135
2025-08-12,2478.300048828125,2502.800048828125,2474.0,2489.10009765625,608984
2025-08-13,2500.199951171875,2504.39990234375,2461.199951171875,2479.800048828125,350844
2025-08-14,2528.699951171875,2534.89990234375,2497.699951171875,2505.0,1088550
2025-08-18,2587.39990234375,2595.0,2536.60009765625,2550.0,1755615
2025-08-19,2579.39990234375,2595.0,2561.199951171875,2587.39990234375,698587
2025-08-20,2570.10009765625,2579.300048828125,2563.39990234375,2578.0,308028
2025-08-21,2566.60009765625,2576.0,2559.300048828125,2574.89990234375,781082
2025-08-22,2504.5,2569.300048828125,2501.10009765625,2562.800048828125,523774
2025-08-25,2492.89990234375,2522.5,2476.0,2516.0,766497
2025-08-26,2481.39990234375,2523.300048828125,2468.0,2481.10009765625,7106393
2025-08-27,2481.39990234375,2481.39990234375,2481.39990234375,2481.39990234375,0
2025-08-28,2489.0,2528.0,2465.0,2465.0,1485769
2025-08-29,2518.60009765625,2531.60009765625,2490.0,2491.0,1798653
