Date,Close,High,Low,Open,Volume
2020-09-01,83.40682220458984,84.62557868627495,81.6880603738827,84.4380850250994,10566870
2020-09-02,85.18809509277344,85.93809840788029,84.21933643972268,84.68808970376567,16748685
2020-09-03,84.8130874633789,86.28185148459671,83.656835150565,85.93809718848091,17375778
2020-09-04,82.78181457519531,85.2818316830113,82.09431559263098,83.81307735425446,9952446
2020-09-07,82.46930694580078,83.6255685959036,81.7193037707539,83.12556330026973,8781574
2020-09-08,81.21930694580078,82.90681664985524,80.84431008757133,82.56307191401379,7292289
2020-09-09,79.34430694580078,80.6255678775739,77.96929916842903,80.59431575010424,13115790
2020-09-10,79.15679931640625,80.18805741417322,78.43804338351386,80.00055420788664,12007280
2020-09-11,78.18804168701172,79.37555088223795,77.90679164242864,79.31305140215333,12588367
2020-09-14,78.09429931640625,79.28180865204136,77.56304652026574,78.75055585590086,12397073
2020-09-15,77.56302642822266,78.59428439383045,77.37552801436924,78.53178492254598,11537811
2020-09-16,77.40678405761719,77.87553729749183,76.93803081774256,77.87553729749183,8007948
2020-09-17,77.68804931640625,78.68805540902022,77.21929601345546,77.40679447359267,13049746
2020-09-18,77.28178405761719,78.28179000216757,76.81303082407128,78.28179000216757,14611915
2020-09-21,76.03177642822266,77.59428722712404,75.68802214510254,77.28178506734378,9573596
2020-09-22,74.71927642822266,76.250535270138,74.28177049595752,76.250535270138,10042777
2020-09-23,75.65676879882812,76.56302308306188,74.34425601696658,74.8442613403809,9281239
2020-09-24,72.31300354003906,75.68802808417783,72.00050135573741,75.65678072679061,15979042
2020-09-25,73.18798065185547,73.5004827082412,71.18796939834803,72.50047708148747,15988801
2020-09-28,75.00051879882812,75.8130263265106,73.68801067352955,73.68801067352955,9441818
2020-09-29,73.53175354003906,75.96927115404117,73.21925140410045,75.71926849160944,12065137
2020-09-30,72.50049591064453,73.18799965956462,71.65674109295148,73.12550018573629,14036702
2020-10-01,73.28175354003906,74.81301215440948,72.71924872123209,73.1880019421705,9963165
2020-10-05,74.00051879882812,74.68802265620846,73.46926603487081,73.7192639696237,8141288
2020-10-06,73.0005111694336,74.59426942669789,72.68800898937334,74.59426942669789,11221801
2020-10-07,71.53173828125,73.25050005948226,71.40673933201299,73.18800058486376,11939558
2020-10-08,70.81298828125,71.87549367164299,70.40673453725114,71.68799047644218,11663333
2020-10-09,71.81299591064453,72.43800021836397,70.18798566425487,70.84423732631761,15958362
2020-10-12,70.75048828125,72.18800014827445,70.50049036385846,72.06300118957869,7949842
2020-10-13,71.15675354003906,71.65675899237246,70.21924689321798,70.81300396391457,9702168
2020-10-14,69.09422302246094,71.21923369703062,68.50046611293956,70.75048050086306,19663164
2020-10-15,69.12548828125,70.43799661683978,68.46923649765777,69.28173938711558,15481671
2020-10-16,69.59423828125,70.4692453860662,68.50048059233102,69.56299092260966,12231039
2020-10-19,71.68798828125,72.09424201280876,69.5317254444904,70.31298078656333,18111350
2020-10-20,71.03173828125,72.59424900117013,70.68798401550586,71.93799259144195,16554127
2020-10-21,71.93799591064453,73.06300558825643,70.96924208063855,71.03174155863822,20421726
2020-10-22,72.37549591064453,72.93799593532498,71.31298579739496,71.87549059047954,13653932
2020-10-23,73.56301879882812,73.87552101083403,72.62551216281041,73.00051863194176,11876035
2020-10-26,71.59423828125,73.68800155151095,71.37548298044335,73.68800155151095,11243128
2020-10-27,71.21923065185547,71.96923859469737,70.53172694721998,71.37548171056372,10985477
2020-10-28,70.43798065185547,71.25048812556129,70.25048222835707,71.21923600410943,9366165
2020-10-29,69.28173065185547,70.28173664963016,69.09423220950036,70.00048660189515,11414157
2020-10-30,71.37549591064453,72.00050026982147,69.40673599396105,69.75048553046545,17773808
2020-11-02,72.31300354003906,72.68800997592497,70.96924796226591,71.62549968825643,12785804
2020-11-03,72.81299591064453,73.28174910320233,72.25049112589436,72.25049112589436,12319486
2020-11-04,71.75050354003906,72.81300906103554,71.06299491873024,72.81300906103554,7382741
2020-11-05,74.90676879882812,75.37552205134696,72.03174980372691,72.71925362040692,14904921
2020-11-06,76.12554168701172,76.50054339234369,73.93802617610224,75.15678291053251,18908916
2020-11-09,76.09426879882812,76.81302465286748,75.40676506520947,76.81302465286748,14950332
2020-11-10,78.00054931640625,78.37555099449949,75.62553074114065,76.40678622400367,15808417
2020-11-11,78.65679168701172,78.87554224246267,77.21928463090231,78.75054328746342,16757799
2020-11-12,76.31302642822266,79.06304638665684,75.62552263071524,78.7817963503507,35738360
2020-11-13,78.68804168701172,78.96929171237436,75.75051863973674,76.56302613052445,23377931
2020-11-14,79.43804168701172,79.68804434845241,79.09429219988442,79.59429275436163,3308333
2020-11-17,80.43805694580078,80.81306336590059,79.50055043236065,80.18805902360718,20369194
2020-11-18,80.15680694580078,80.53181336611895,78.65679556974229,80.46930911712944,18943803
2020-11-19,81.01978302001953,82.51338815919955,80.2231905737094,80.82063364229724,29186699
2020-11-20,80.62149047851562,81.98233284715442,79.7585215925564,81.84956996149283,17573909
2020-11-23,81.48445129394531,81.94912638343575,79.4929779425658,80.48871461825556,17269543
2020-11-24,81.81637573242188,82.71253786140271,81.51765671095472,82.14828800719843,18199200
2020-11-25,82.28103637695312,84.13974681365823,81.81636130006609,82.28103637695312,22813211
2020-11-26,83.01124572753906,83.21039001474574,81.88274117505429,82.71252169986145,13694237
2020-11-27,83.34317016601562,84.57124451000414,82.97806465569889,83.27678366262775,25297333
2020-12-01,83.90742492675781,84.30571864761016,82.77892014233348,83.64189409132976,8927107
2020-12-02,86.13121795654297,87.06056808707034,83.907407176361,84.30570081295535,21081119
2020-12-03,88.5873794555664,88.95248496446115,85.79931851982539,87.19335405227503,25834042
2020-12-04,88.48780822753906,89.58311460522931,87.02739634756605,89.08524622825045,19371235
2020-12-07,90.81120300292969,91.07672877868448,88.28866761662293,88.48781701301856,14127211
2020-12-08,89.1184310913086,91.40862338402476,88.28865054111019,91.24266727398509,21479953
2020-12-09,89.41714477539062,91.27585512374176,89.21799542928935,89.88181983018929,18755465
2020-12-10,89.51673126220703,89.91501985528238,88.15588911192904,89.749063742545,11912807
2020-12-11,91.77372741699219,93.40009524412015,89.2843858053197,89.41714866544417,30559578
2020-12-14,95.15923309326172,95.72347776348563,92.33797935467229,92.7030746763409,35605748
2020-12-15,94.9932861328125,95.82306672401751,93.46648781916376,95.35838148961662,18775793
2020-12-16,96.58646392822266,96.91837617539868,95.25881493951856,95.82306981138098,16119571
2020-12-17,95.22562408447266,96.42051023019657,94.59499282480559,96.42051023019657,12374964
2020-12-18,94.06391906738281,95.35837467127456,92.57031411000996,95.22561181200614,13628707
2020-12-21,88.25545501708984,93.93115585989733,85.86569317164663,93.86476936593078,20132655
2020-12-22,89.94823455810547,90.34653337534029,86.1644363110134,87.95676073025074,17257059
2020-12-23,89.64949035644531,90.74479660278712,89.01885918039528,89.94820932097882,10091831
2020-12-24,90.44609069824219,92.33799462873112,90.01460881262949,90.51247720179413,14518171
2020-12-28,91.37542724609375,92.86903218921,91.07670828330187,92.86903218921,15223089
2020-12-29,89.68269348144531,92.66990371411755,89.35078123337061,92.2052184634866,21146540
2020-12-30,90.01459503173828,90.77798905992135,89.08523477008416,90.77798905992135,14180071
2020-12-31,89.91502380371094,90.74480440383591,89.45034869347249,90.01460355322057,15237166
2021-01-01,89.84864044189453,90.44607837583361,89.6494910875292,89.88182355999132,6995084
2021-01-04,91.10990905761719,91.44182129462126,90.14736559613691,90.84438331967698,11669647
2021-01-05,89.71587371826172,90.77799692961312,89.21800536215781,90.77799692961312,12371842
2021-01-06,89.68269348144531,91.14310534714237,88.81971961061952,89.88183272696375,14133415
2021-01-07,90.612060546875,91.27588516626602,89.94823592748398,90.612060546875,17298525
2021-01-08,92.73628234863281,93.56606298906289,91.0103446940332,91.0103446940332,27964099
2021-01-11,94.06391906738281,94.92689284636293,93.1345689233469,93.26733178261533,24790683
2021-01-12,97.349853515625,97.94730161023887,94.06392444729983,94.59498604390411,28433070
2021-01-13,96.78560638427734,98.7770797249861,95.25880813056918,98.57793036508379,21154236
2021-01-14,97.349853515625,98.37878345982878,96.15497758471219,97.31667039577768,14755992
2021-01-15,95.09285736083984,97.98049791874836,94.49541937672805,97.44943630556132,10647008
2021-01-18,92.07246398925781,95.52434965829602,90.67843849767104,95.1260610017679,17085592
2021-01-19,93.0018081665039,94.19668405608837,92.66989594625107,93.49967649688314,8951075
2021-01-20,93.93115234375,94.22987129710377,92.03924875724863,93.26732794556095,11820498
2021-01-21,91.17628479003906,94.36263378568886,90.64522324771195,94.26306417800846,10828875
2021-01-22,88.4214096069336,91.47500595222027,87.95673454460476,91.17628699280579,14810848
2021-01-25,87.5252456665039,89.94820052188875,86.8614213084088,89.54990185536934,10157077
2021-01-27,85.73294067382812,87.9899503290757,85.43422163789869,87.62484478331336,11638766
2021-01-28,85.102294921875,86.26398774292403,84.83676918586966,84.96953205387233,11970139
2021-01-29,83.57551574707031,86.06485286083127,83.14402875657535,85.79932708013864,15268785
2021-02-01,85.63336181640625,86.13123019905977,83.54231359634562,83.90741910278985,12808349
2021-02-02,87.12696075439453,88.18908394668252,86.06483756210655,86.96100463867188,15485139
2021-02-03,91.10990905761719,91.6077774131233,87.12696221356835,87.12696221356835,25483402
2021-02-04,95.32520294189453,95.7566848183556,90.81119428337786,91.54139516117029,30751754
2021-02-05,93.49967956542969,95.78987193450409,92.50394287199235,95.65710906787727,19930467
2021-02-08,93.96434783935547,94.52859251383245,93.13456732175105,93.6324356323137,11810439
2021-02-09,92.43756866455078,95.225629751043,92.0724631359147,93.93117390329577,8579689
2021-02-10,91.80692291259766,93.30052791617845,90.8111862435438,92.8690359487608,8709612
2021-02-11,91.04351806640625,92.60350955501742,90.2801240106263,91.80692225134332,14150298
2021-02-12,88.85292053222656,90.94396382396067,88.1227094717575,90.61205154723089,16453706
2021-02-15,87.79077911376953,89.51672664895436,87.62482300958472,89.28438405143291,10557047
2021-02-16,88.78652954101562,89.88183594724146,87.82398601294469,87.82398601294469,11735144
2021-02-17,89.74906921386719,90.1141747099786,88.22227085777446,88.48780673183634,8950258
2021-02-18,92.90223693847656,93.73201756516742,88.98567643215894,89.61630768261239,22069738
2021-02-19,92.43756866455078,95.05967361340467,91.10991956344414,92.90224382410635,22944780
2021-02-22,90.44609069824219,92.53713388107033,89.6826965531864,92.17203849900959,20401387
2021-02-23,90.8775634765625,92.0060731489021,90.41288838574124,91.34224869654106,19178437
2021-02-24,95.85624694824219,96.25454567164986,92.60351118065626,92.90223015863336,38775957
2021-02-25,103.62300109863281,104.68511414525855,96.75241396281783,97.51580803161625,85580477
2021-02-26,101.03406524658203,108.20337033773555,99.90556586398283,103.65616943445671,94115857
2021-03-01,102.46131134033203,104.28682863896397,102.02981935588811,103.22470543173327,22306110
2021-03-02,101.83065795898438,103.65617504196533,101.2332200562168,102.46129923643018,17565134
2021-03-03,102.82640838623047,104.41959322325349,102.09620753227462,102.89279488620726,17610904
2021-03-04,100.93451690673828,102.82641064779386,100.70217428086714,102.22897265149378,17162557
2021-03-05,100.30388641357422,101.36599954044112,99.37452603226288,100.90132441436447,17323282
2021-03-08,101.66471099853516,103.55661474261116,101.13365953907838,102.16257933864385,18727656
2021-03-09,100.70218658447266,102.85961646570858,98.57794995801066,102.85961646570858,14621175
2021-03-10,100.20429229736328,101.73109046061327,99.1753624397933,101.59832760492993,10788943
2021-03-12,99.90559387207031,101.56515523207148,98.90985705606961,100.90133068807101,14835735
2021-03-15,100.86686706542969,101.34752085143701,99.39060322908813,100.55788282959521,15783310
2021-03-16,100.04290771484375,101.65650722526,99.2876140643899,100.93553700832426,11857531
2021-03-17,96.02610778808594,99.8712654641605,95.78578084953864,99.59661508631243,15554810
2021-03-18,94.1034927368164,97.33068076186838,93.51984777944837,97.15902171290564,14401450
2021-03-19,93.58853149414062,96.12908375507708,91.66594772359134,93.38253850493201,33294812
2021-03-22,93.1422119140625,94.48116110974705,92.90189549021967,94.48116110974705,11414253
2021-03-23,92.8675537109375,93.82884027934229,92.07792620669342,93.1078805916576,8887103
2021-03-24,90.84198760986328,92.79889484367179,90.67032852914821,91.94059944009643,10865477
2021-03-25,87.9581298828125,91.39131199412853,87.23715954398807,90.63600773874286,18629600
2021-03-26,88.98807525634766,89.53737595520721,88.37009625427181,88.64475708094082,9505615
2021-03-30,91.28829193115234,92.31824635792857,89.36570823905573,89.94935327179088,20582346
2021-03-31,89.50304412841797,91.32262609659006,89.26271723726848,91.32262609659006,14900610
2021-04-01,90.73897552490234,90.91063458603703,89.67469772765736,90.25833224917274,6226087
2021-04-05,89.12540435791016,90.70467012981159,87.92379069104337,90.56733447180648,9012457
2021-04-06,89.46871948242188,90.53300793205094,88.78208312488562,89.84637157451468,6689423
2021-04-07,90.12100982666016,90.42999405061826,89.09105542864118,89.46870747002906,5657926
2021-04-08,90.39566040039062,91.83760075263561,90.08667617554897,90.15534399317511,9330363
2021-04-09,88.91939544677734,90.60165218410665,88.54174340927783,90.39565921117621,10149401
2021-04-12,85.62354278564453,88.0954376066275,84.86824391861934,87.88944462533921,11334755
2021-04-13,87.85513305664062,88.19845128701222,85.692232396196,85.692232396196,7809483
2021-04-15,88.06111907958984,89.81204401053849,87.16848965623956,87.85512606231823,8924391
2021-04-16,87.78644561767578,89.22838072949315,87.27146841783964,88.47308712274292,10358366
2021-04-19,85.55490112304688,86.51619320639759,84.7309394736722,86.2415375770659,7131534
2021-04-20,85.4862289428711,86.68784260271065,85.177244668646,85.82954713139668,7738871
2021-04-22,85.86387634277344,86.1728606000749,85.14290609091066,85.58922075927241,8514980
2021-04-23,86.61917114257812,87.37447003226481,85.31456111205424,85.79520443132232,8992991
2021-04-26,87.1684799194336,87.88945016073113,86.85949566666007,87.71779107838596,4967884
2021-04-27,87.54613494873047,87.82079053747002,86.92816118372139,87.20281677246093,3982954
2021-04-28,88.2327651977539,88.88506759209504,87.54612889271303,87.88944704523347,6206074
2021-04-29,87.92377471923828,89.29704723190976,87.6491191689802,89.09105425956147,8345584
2021-04-30,91.35696411132812,92.42125249858056,87.2028122962556,87.47746787089682,27396950
2021-05-03,90.77332305908203,91.63161849359915,90.08668671146835,91.32263423262083,10262391
2021-05-04,91.185302734375,93.24521163435077,90.80765067393175,91.01364365937701,9926789
2021-05-05,91.42562103271484,92.35258424765743,90.97931161943947,91.32262977649397,4877341
2021-05-06,92.42124938964844,93.00488395337183,91.83760434868667,92.1465885856271,7632817
2021-05-07,93.96619415283203,94.75582181035573,92.6959126405654,92.9705630056415,12644960
2021-05-10,100.96987915039062,101.96549978006799,94.13784944239288,94.13784944239288,45098431
2021-05-11,106.90927124023438,107.63024146029653,99.66525608318457,100.55788538053586,66582000
2021-05-12,105.39867401123047,109.65581705499856,104.23139437495773,107.0465969709992,42959024
2021-05-14,100.7982177734375,107.08093615375167,100.31757442627911,107.08093615375167,23140309
2021-05-17,101.72516632080078,102.41180263880075,98.87562979199637,100.9355387459963,17076463
2021-05-18,100.55789184570312,102.85812782016221,100.31757540839082,102.37748446829832,10295029
2021-05-19,104.26571655273438,104.71202591491937,99.63092196305762,100.55787459465047,23999878
2021-05-20,100.69520568847656,104.6433642756323,100.28323020920317,104.6433642756323,22983457
2021-05-21,101.07286834716797,102.72080186898891,100.83255191167102,100.93554317299268,13009821
2021-05-24,102.24016571044922,102.8238108980961,100.00859719346217,101.69086491882983,14192862
2021-05-25,101.24453735351562,102.99546230820312,101.00422089447395,102.85813712057356,10434892
2021-05-26,100.04290771484375,101.62217331450333,99.69958956175421,101.48484814871523,9948786
2021-05-27,99.25328063964844,100.45489418134578,98.94429639580255,100.07724211565032,24064196
2021-05-28,100.86686706542969,102.17148230607505,99.39060322908813,99.97424826796085,16465504
2021-05-31,101.41617584228516,101.89681913990735,99.5965939022732,100.96986645390126,11767444
2021-06-01,101.3475341796875,102.58347128556392,100.86688033046921,101.99983664717554,9307143
2021-06-02,102.37747955322266,102.92678022770167,100.9355390896183,101.27885724978708,10714318
2021-06-03,102.3431396484375,103.27009234026661,102.0341554178278,102.99544201911091,9282774
2021-06-04,105.12403106689453,106.01664995446158,101.7595066114301,102.30881779571402,29422387
2021-06-07,107.28691864013672,109.07217715720385,106.73760752125159,107.1152595703125,31071589
2021-06-08,107.11526489257812,108.14521936269907,104.91803078510118,108.0765515404622,12874065
2021-06-09,107.38992309570312,110.82310491432841,106.56596155468094,107.80190910483392,30443113
2021-06-10,107.4585952758789,109.00352715684203,106.94361798222454,107.87058130169835,11459484
2021-06-11,111.68141174316406,113.29501155315059,107.56159314123131,107.80192008390692,61728565
2021-06-14,109.4155044555664,112.60835923066213,106.80628428038375,112.60835923066213,30836595
2021-06-15,107.90487670898438,111.13207529267947,107.63022641461069,110.61709813280096,30153988
2021-06-16,106.80626678466797,109.0378345136295,106.32562352310833,108.00788017718573,14098443
2021-06-17,104.47171783447266,106.70328600129781,103.95674056520532,106.4286356485843,15784276
2021-06-18,100.52355194091797,105.6046669388419,99.63093311662038,105.05535579349355,24823176
2021-06-21,101.27885437011719,101.62217252052436,98.53230916685976,100.24889991889565,15038290
2021-06-22,102.10282135009766,102.65213251586447,101.48485283688439,102.2401465222296,12494441
2021-06-23,101.93116760253906,103.40744209265965,101.72517459493623,102.89246481227238,7983220
2021-06-24,100.52355194091797,102.37747836612348,100.24890160686313,101.93115847673604,12929173
2021-06-25,102.13714599609375,102.48046413389574,100.76387344488576,100.76387344488576,7400514
2021-06-28,101.07286834716797,102.30881586922388,100.93554317299268,101.00421099869992,8217659
2021-06-29,99.21895599365234,101.55351547319539,98.84130389269225,101.00421475606026,21576435
2021-06-30,100.69520568847656,101.21018289549687,99.63092784242507,99.97424598043861,12919448
2021-07-01,100.00859069824219,101.14154708116777,99.90559942581274,100.66090368109647,5668038
2021-07-02,101.38185119628906,102.06848753484094,100.28323934094949,100.93554176712597,20805994
2021-07-05,102.92679595947266,103.3387820055404,101.34754056310719,101.62219094232543,10401054
2021-07-06,101.27885437011719,103.47608843727542,100.86686839873317,103.02977903264149,9579038
2021-07-07,101.31318664550781,102.1371480977394,100.62655035577512,101.27885273557352,6067804
2021-07-08,100.42056274414062,101.72516757351084,99.76826032945553,100.93553998898237,12349670
2021-07-09,100.72954559326172,101.27885674222662,100.0085753650727,100.42056134610606,4963821
2021-07-12,100.52355194091797,101.51918297565376,100.31756942899617,100.79821275221147,4010172
2021-07-13,101.69084930419922,101.96549965783635,100.69521819847596,100.935545115838,5717442
2021-07-14,101.72516632080078,102.58346171830074,101.10719782549629,101.58784115264852,7216739
2021-07-15,100.72954559326172,101.89682523653794,100.0085753650727,101.62217490067485,7257500
2021-07-16,99.93991088867188,101.65650155842839,99.76825182169621,100.7638723147074,10819800
2021-07-19,99.18460845947266,100.5235471087955,98.87562422920402,99.56226050857349,5158738
2021-07-20,98.1203384399414,99.59661300239675,97.2963768463971,99.21896088282723,6271740
2021-07-22,99.35627746582031,99.8369208139999,98.36065685661136,98.87563411764073,4772582
2021-07-23,98.94429016113281,99.5622586098852,98.42931296142652,99.35626563455509,3419739
2021-07-26,98.87564086914062,99.90559546152751,98.36066357294719,98.87564086914062,4423596
2021-07-27,97.81134033203125,99.73392409681517,97.57102390970739,99.21894686395726,4245486
2021-07-28,98.90995788574219,99.08161695514568,96.85004905290023,98.49797192827855,8834228
2021-07-29,97.60535430908203,99.3219452077802,97.43369521921221,98.90996967843625,8237916
2021-07-30,98.39498901367188,99.49360086458708,96.98738242986148,97.70835267788524,9526451
2021-08-02,98.80696105957031,99.49359737124831,98.2576603920188,99.0816218705847,6164197
2021-08-03,99.04729461669922,99.39061279561325,98.18899916941413,98.80696770056366,5648929
2021-08-04,99.35627746582031,101.17587007446764,98.97862537895092,98.97862537895092,8839351
2021-08-05,99.87126159667969,100.18024587910354,97.63969331204981,99.56227731425584,6237158
2021-08-06,100.31758117675781,101.9311704134582,99.73393605199477,99.97426298036541,10812438
2021-08-09,98.36065673828125,101.51918812635734,97.7426882166851,101.27886121393706,12986298
2021-08-10,97.63967895507812,99.04728545385616,96.64405842377992,98.66963339653937,14022502
2021-08-11,98.84130096435547,99.11596179202533,96.91871707962349,98.12033069792606,8356558
2021-08-12,99.15027618408203,100.7295417481062,98.66963287604989,98.90995976868511,7685737
2021-08-13,98.70397186279297,100.45489658954594,98.32631978804407,99.59660118204339,9455100
2021-08-16,97.50234985351562,98.97861363575467,97.33069078687211,98.73829722879653,5259207
2021-08-17,95.6141128540039,97.88001493091112,94.20650622461918,97.5710306652509,13714266
2021-08-18,94.99613952636719,96.30074434983665,94.75581262229916,95.61410802648665,7654460
2021-08-20,93.10787200927734,94.7901285875397,92.69588610237207,94.41247658574933,8877297
2021-08-23,91.97494506835938,93.65720217822175,91.15098347141047,93.58854482353276,7768805
2021-08-24,93.51986694335938,94.00051028350015,92.00926909838591,92.24959600707582,7452062
2021-08-25,95.3394546508789,95.545437159531,93.72585515151421,93.72585515151421,7817617
2021-08-26,94.27517700195312,95.71710711257698,93.62287453686807,95.3394654856391,6845692
2021-08-27,95.13345336914062,95.64843055034069,94.10349900674048,94.68713352575801,4418540
2021-08-30,98.60098266601562,98.84129909879678,95.16780096423568,95.16780096423568,11333690
2021-08-31,100.14591217041016,100.35189468607436,98.36065353490208,98.60098043949546,14301855
2021-09-01,99.01295471191406,100.69521159134868,98.80696172158277,100.66088815732573,8415876
2021-09-02,99.64630126953125,101.19447605235104,99.36480811219474,101.19447605235104,7787657
2021-09-03,102.98896026611328,103.55192512834334,99.75185861895818,99.8574118461597,12734022
2021-09-06,102.98896026611328,104.04453548959432,101.54633864644924,104.00934750123834,9712271
2021-09-07,103.58711242675781,104.22046399934787,102.42598398380895,103.4463712121377,9475870
2021-09-08,104.9593734741211,105.45198390443213,102.95378671105966,103.69269161865827,7873034
2021-09-09,104.6075210571289,106.22607220107152,104.1501093315634,104.95937953460042,9519564
2021-09-13,108.79462432861328,109.70944760147344,105.06492304664559,105.27604023956196,35672746
2021-09-14,108.86499786376953,109.4279735084928,107.91498653004962,109.32242027292413,8804432
2021-09-15,113.33361053466797,114.17806867932981,108.54833339776039,109.42797953550561,24591822
2021-09-16,114.21326446533203,114.7058641885065,110.87060891382649,114.10770047887911,18440504
2021-09-17,110.27242279052734,114.91695806583643,109.35758878322508,114.49472368158418,17317065
2021-09-20,108.51314544677734,110.87060139199633,107.52794606726762,109.70946204700141,12541523
2021-09-21,110.06131744384766,111.18726876445756,107.98535476322402,109.56871776778118,13645046
2021-09-22,114.07249450683594,114.35397692411816,109.07610106608193,110.6594638234928,18861877
2021-09-23,117.76702880859375,119.63187431900761,114.77623195061857,115.23364364551469,31399318
2021-09-24,116.88738250732422,119.24482770223624,114.63547981541065,118.29481632083629,17259638
2021-09-27,117.5558853149414,119.03368404822616,116.3595689867017,117.52069732984441,9099672
2021-09-28,122.83379364013672,124.06529828128244,118.32999879551139,118.57630401888785,41551332
2021-09-29,130.68020629882812,138.63220820646777,121.60226396522617,122.79858036562754,100988643
2021-09-30,130.25799560546875,134.7617792324508,129.55427874263611,132.01728776255035,48957916
2021-10-01,132.7913818359375,133.63583999986474,128.35796305298433,130.46911383173648,25492957
2021-10-04,133.6710205078125,136.0636643657913,132.5098919396724,135.46550071682972,23341448
2021-10-05,139.30076599121094,139.96929493599313,133.98770095175635,134.40993541049687,42359592
2021-10-06,135.71180725097656,143.41750508974647,134.90252638046647,140.74337874599897,41926821
2021-10-07,134.19879150390625,137.18958790148773,133.17840429230463,137.04884668917478,16517664
2021-10-08,132.6154327392578,134.90251240697975,129.55427101133452,134.48028875719717,28978175
2021-10-11,138.52667236328125,140.53225903203744,134.86733599064388,135.11364119421782,34952223
2021-10-12,136.02845764160156,141.4470747765116,134.5858360746659,140.1803824070592,25216411
2021-10-13,133.7413787841797,136.90810435568577,133.24877917618528,136.52105797159513,17378156
2021-10-14,129.34315490722656,134.97288952135727,128.28757966707707,133.70619708560454,29542941
2021-10-18,130.39874267578125,132.12284691943336,129.06167413374283,130.04688422859235,15468914
2021-10-19,129.8357696533203,132.9673077494176,129.20242873064637,131.8061791452261,17403803
2021-10-20,127.0208969116211,129.06167156962482,124.83937028724407,128.56907190092056,15921230
2021-10-21,128.35797119140625,128.78020566907534,125.89496179336382,128.07648869820608,15586097
2021-10-22,123.78379821777344,129.69502661108265,123.36157452116632,129.06167495937038,13603152
2021-10-25,122.5171127319336,124.73381660207025,121.74301987113203,124.03009972420243,11744666
2021-10-26,123.18561553955078,123.85414428442208,120.86334818664484,121.7429940977558,11602891
2021-10-27,122.16525268554688,124.31158054450836,121.60227704308679,123.64305166690393,9535881
2021-10-28,117.20404815673828,121.74301987142306,116.78181373486962,121.74301987142306,24509136
2021-10-29,115.72623443603516,119.28000669456765,114.9169643494784,116.11328085311895,14826816
2021-11-01,120.15966033935547,121.00411846942308,115.26883004559068,116.11328817565828,13585170
2021-11-02,119.06888580322266,122.27079953576124,118.47073293886125,120.65224867490876,14278962
2021-11-03,119.4559326171875,120.40595463859754,117.76701651008824,118.36516937649698,8974463
2021-11-04,120.12444305419922,120.6170426151279,119.45591431166278,120.47630141741472,973260
2021-11-08,120.82818603515625,122.58747823350701,118.57629416884078,120.33558636719154,8761953
2021-11-09,119.98370361328125,121.32076111793126,119.35036284536604,121.07446670279322,5723308
2021-11-10,117.30958557128906,120.23001666327846,117.13365637554992,119.56147712917694,9212143
2021-11-11,117.52069091796875,117.97810248567717,116.25399868864521,116.74659823953078,6453205
2021-11-12,117.48554229736328,118.82261094101506,116.60589611254045,118.82261094101506,7027513
2021-11-15,112.41876983642578,117.9429515538947,112.24284061915438,115.58549574731101,19400018
2021-11-16,111.92617797851562,113.75583552297148,111.60950751292403,113.29842382132452,8505431
2021-11-17,109.8501968383789,112.06690046450841,109.56870367549715,111.92615925200063,7477627
2021-11-18,107.95014953613281,111.01132181802014,107.66866711985472,109.81500544203936,12981172
2021-11-22,105.944580078125,107.59830832910619,104.92419273384002,107.10570865302387,11522286
2021-11-23,109.92057800292969,110.30762444680784,105.55753535579697,105.55753535579697,13305061
2021-11-24,111.96136474609375,113.7558342774205,109.49835555955501,111.39838907016845,18809310
2021-11-25,111.57428741455078,114.56508345608125,109.77980764205951,113.65024957815777,22402592
2021-11-26,109.70947265625,112.17248208107291,109.3224369083587,111.01135336166111,11829847
2021-11-29,108.54834747314453,110.23726398146877,106.89460822459722,109.70947623038379,18176163
2021-11-30,106.96495056152344,111.53910963158857,106.50753894966329,111.53910963158857,56643275
2021-12-01,109.463134765625,109.95573430775079,107.35198466691618,108.0908893490372,16283427
2021-12-02,112.10208129882812,112.2780104877033,109.18165032078107,110.41315464290723,15647910
2021-12-03,112.41876983642578,113.08729871448365,111.36319453279737,111.89098218461157,20414051
2021-12-06,110.77814483642578,113.68648600000957,110.44256876046332,113.35090992404709,24185368
2021-12-07,112.34417724609375,112.56789843684408,111.22558267127464,111.93403500513936,7866368
2021-12-08,112.53063201904297,113.1645069555408,111.89676846147984,112.7916420232326,7313306
2021-12-09,113.83563232421875,114.46950711060599,112.3441729481848,113.16448015657627,9423435
2021-12-10,112.82891845703125,114.65595414981065,112.53061971643591,113.83564683684025,7419042
2021-12-13,111.11373138427734,113.9475066752334,110.33071288061501,113.9475066752334,9888293
2021-12-14,111.03916931152344,111.6730442310195,109.43585469717604,111.11374684755864,8474759
2021-12-15,110.44258117675781,112.30690556273323,110.33071488623948,111.22558831572107,5410912
2021-12-16,111.67302703857422,111.93403699557966,110.0324239087857,110.44257753596598,7539061
2021-12-17,109.21212005615234,111.41202055181824,108.8765439430733,111.18831072905422,8758284
2021-12-20,104.92416381835938,108.6155234627295,103.76828053727145,108.39181366162312,8858645
2021-12-21,107.86980438232422,108.87654410196353,105.44618268142435,105.74448141043338,8097050
2021-12-22,108.39183807373047,111.41203485819717,107.72067438245551,108.46640423124916,6798820
2021-12-23,110.14427947998047,110.33071191355488,108.87654120746095,109.06297364103537,4857807
2021-12-24,108.80197143554688,110.47986345728107,108.42910654182816,110.36800854073887,4568316
2021-12-27,108.9138412475586,109.2494173869536,107.45967039089105,108.13082266968102,3534825
2021-12-28,111.00188446044922,111.30017182666919,109.06298244321854,109.06298244321854,4907497
2021-12-29,109.43584442138672,111.3001688578669,109.10026829860695,111.3001688578669,4216568
2021-12-30,109.02568817138672,111.11373376627104,107.31050745491271,109.43584181342467,24782255
2021-12-31,108.9138412475586,110.03243596483117,108.39183265528484,108.83926371483354,5320232
2022-01-03,115.81185150146484,116.29657136712653,109.62229128251545,109.80872375068299,29486720
2022-01-04,114.0966567993164,116.81856595570058,113.61193699193845,116.33384614832262,13744440
2022-01-05,114.61865234375,115.06609471426705,113.4254916539248,114.09664383076822,8454060
2022-01-06,115.32711029052734,115.7745527270363,114.13394942472657,115.21525537086703,12446900
2022-01-07,117.04228973388672,117.41515463356711,115.55083013516517,115.58811890091995,11679683
2022-01-10,119.8387451171875,120.06246627422998,117.11683661347445,117.67613381661528,14655298
2022-01-11,118.23543548583984,119.80146088642888,117.89985942706585,119.80146088642888,7670386
2022-01-12,118.83204650878906,119.87606366251907,118.19817163613857,119.6150536846198,6334581
2022-01-13,122.8589859008789,124.12672429903141,118.57103950373138,118.83204948817477,20271714
2022-01-14,122.8589859008789,123.90300308078477,121.74039118857955,122.8589859008789,10211720
2022-01-17,122.07595825195312,123.86571648595053,120.84550871146297,123.4928516095677,8384625
2022-01-18,119.9133529663086,123.41828071692395,119.54048806988284,122.29968602764669,6574122
2022-01-19,122.22509765625,122.93354999977089,119.91334233080752,120.06248600036308,11503199
2022-01-20,123.08269500732422,125.46902788295192,122.18782160133043,122.67254137738836,17462235
2022-01-21,118.38459014892578,121.77766256756334,117.4524280217689,121.77766256756334,14466758
2022-01-24,116.55755615234375,119.61504114132396,115.43896158539022,117.97443805224526,10854431
2022-01-25,120.1743392944336,120.50992677009398,115.06609756240648,115.58810608830913,7267866
2022-01-27,119.72693634033203,120.28623375888333,117.82532284147065,118.49647519215814,9269062
2022-01-28,120.54722595214844,123.04542550642851,119.76421871116422,119.76421871116422,10310726
2022-01-31,119.16763305664062,121.85225370619526,118.68290182372573,121.85225370619526,5811200
2022-02-01,121.59121704101562,121.88950433799332,118.2727225016821,120.80819866278544,7248713
2022-02-02,122.18782806396484,122.74712539465935,120.99465587357659,121.5539532042711,5369074
2022-02-03,120.28620147705078,122.41152426980068,119.76419296895074,121.62851719711665,4654885
2022-02-04,119.61506652832031,121.40482504266215,119.31677913206407,120.28623023829904,6402287
2022-02-07,120.02521514892578,121.55396359259497,119.05576408375012,119.8014939217415,5871041
2022-02-08,119.27950286865234,121.18111651123117,118.08634177959564,120.69639659676062,14158927
2022-02-09,125.73003387451172,126.28933115797675,119.31675380587309,119.68961866151645,35079516
2022-02-10,125.31989288330078,126.99778490274088,123.04541475893974,126.028333904611,17724098
2022-02-11,124.16402435302734,126.25207028159795,123.19457323844796,125.24533039743189,10097767
2022-02-14,120.54722595214844,123.97758782087115,120.17436102637139,123.86573289471184,9478670
2022-02-15,122.03865814208984,122.93354286535391,119.20489444819343,121.36750597857373,16850616
2022-02-16,122.18782806396484,123.79114252704909,121.40480952520589,123.23184519635458,10653203
2022-02-17,121.59121704101562,123.41825233759872,121.3302071219619,122.82166636471234,6906440
2022-02-18,124.76058197021484,125.46902291445055,121.25565463115484,121.55394196169652,23740696
2022-02-21,123.91502380371094,125.68304451278506,122.87728093258175,125.41399354833307,14870901
2022-02-22,122.91571044921875,123.4922381937826,119.53341903957227,122.60823367724615,11654816
2022-02-23,121.83952331542969,124.76059940642874,121.6089098843928,123.26162969891851,7627472
2022-02-24,115.30553436279297,120.53272093313669,114.53683080037435,118.38034861246746,12115340
2022-02-25,125.64458465576172,126.75920238421418,117.03510780668417,117.03510780668417,17079977
2022-02-28,130.3336944580078,130.64117119850394,123.41536223147288,124.87589434305816,20872239
2022-03-02,142.05641174316406,142.7098026924195,131.44830090331533,131.44830090331533,72648396
2022-03-03,145.2465362548828,152.0111299725019,143.6322658061405,145.74620060980362,74050073
2022-03-04,139.13536071777344,146.82239722151783,138.7510088925862,145.24655239235287,36095156
2022-03-07,145.0543670654297,147.59109129292403,139.67344186204184,142.94043216409875,41642776
2022-03-08,145.4002685546875,147.36046490945856,143.44008392940148,145.28496771654775,22940456
2022-03-09,143.478515625,146.51490408842415,142.67138626584727,146.0536772579207,13870658
2022-03-10,137.5594940185547,141.4414491816659,136.09896200684236,141.4414491816659,30890343
2022-03-11,139.7118682861328,140.28839594068359,137.7901094376303,139.13534063158207,14663558
2022-03-14,138.6356964111328,140.01935348218683,136.7139374463513,139.13534905018167,8306420
2022-03-15,132.90884399414062,138.36664409177723,131.8326636763322,138.28976904215418,14074860
2022-03-16,135.98367309570312,136.67551342909204,132.9088584481622,132.98573350614552,11846738
2022-03-17,135.71461486816406,138.36663978480917,134.90747379018893,137.5979362304491,20052773
2022-03-21,140.13467407226562,143.24792611916016,136.4448943029642,136.7139452652154,20271556
2022-03-22,140.94180297851562,142.82512436211113,138.75099313200553,141.17240466384467,12372751
2022-03-23,140.711181640625,141.63362351845745,137.8285434414705,140.36526740262343,13731315
2022-03-24,144.0550537109375,144.90063238481855,140.90337590630702,141.2108526625439,16323203
2022-03-25,143.0557403564453,145.20810098823029,141.9026849910666,144.0550456228516,10044811
2022-03-28,147.0145721435547,148.8978937283852,142.59452618368312,143.05575306259485,19132062
2022-03-29,142.97886657714844,147.74482645048954,142.59451478527438,147.5910880796371,10622472
2022-03-30,140.59588623046875,144.47784182490307,139.90405767004873,144.47784182490307,10298319
2022-03-31,140.711181640625,142.13327611451697,139.63498967524973,141.55674847468606,9435203
2022-04-01,143.0941619873047,143.93974058910158,140.9033638945343,141.2877156718083,13505929
2022-04-04,144.3240966796875,145.28497615158955,141.90268510228864,142.59451363026383,9490374
2022-04-05,144.4394073486328,145.24654850582576,143.6322779209264,144.51628240340798,7637664
2022-04-06,149.01319885253906,151.43461052188127,144.746891489401,145.05436824029056,46157039
2022-04-07,146.63021850585938,151.47305375653738,145.9768157237372,149.89720895749716,21712301
2022-04-08,149.55130004882812,152.81829061802605,147.86015433537602,149.6666009065344,20151959
2022-04-11,150.97335815429688,152.2032884089915,148.6288219336043,149.5128262401457,12393619
2022-04-12,142.97886657714844,150.4737265186925,141.6720728306738,150.4737265186925,18907630
2022-04-13,143.44007873535156,147.05298286322056,142.74823854310986,144.5162589506369,14216953
2022-04-18,145.63088989257812,146.74550773008446,141.9026845926786,143.44009174220065,13052104
2022-04-19,152.01112365722656,156.2389930889067,146.55332388090002,147.16828905322322,59341710
2022-04-20,153.0488739013672,158.00700920691048,151.51146687766482,153.70226484874988,38356653
2022-04-21,159.0447540283203,159.81345755040883,154.509407939792,154.66314629831274,43683145
2022-04-22,155.3934326171875,160.65905712380535,154.70160404864032,158.39138378302692,24007670
2022-04-25,144.86219787597656,155.43187287226613,143.55540404051445,153.47167625432962,26465084
2022-04-26,147.12986755371094,147.82170784647565,144.86219423020256,147.74483279300634,20819291
2022-04-27,144.1319122314453,147.4373397645168,143.4400837445284,146.66863623261577,12214126
2022-04-28,146.24583435058594,147.97541714842467,143.8628489151034,145.2849550184533,12706800
2022-04-29,140.5574493408203,148.35978571103118,139.82717158197048,147.97543393457772,21654415
2022-05-02,144.24720764160156,145.20808702032122,137.48262619900282,140.44212764776861,21289439
2022-05-04,144.01663208007812,146.59178224415152,143.36322929231312,145.09281248752868,18239949
2022-05-05,142.8635711669922,147.55265616857244,141.9795549743557,145.66933466263094,12651103
2022-05-06,144.0550537109375,145.24654666795664,140.71120000128738,141.82581790450408,14257553
2022-05-09,140.711181640625,142.9404171561772,139.5581263609632,142.9404171561772,10549451
2022-05-10,130.71804809570312,141.32616000553634,129.75716860621617,139.90405366930125,19965511
2022-05-11,130.5642852783203,133.52378651415452,127.02824472725085,131.98637961881712,20641617
2022-05-12,128.4119415283203,130.83335322937003,126.56704581036622,129.02690676763834,10406343
2022-05-13,129.68028259277344,133.48536270358312,129.14219247004525,130.67959952326007,11590435
2022-05-16,131.98641967773438,132.83199841860323,129.026917543668,130.29527392548397,7437937
2022-05-17,141.86427307128906,142.2101873974393,133.10104367505144,133.2932196039669,28092052
2022-05-18,142.63291931152344,144.13188860714106,139.7502815393806,143.24788438214387,15425248
2022-05-19,139.2891082763672,141.05712913457825,138.90475642586426,139.21224494395918,9396007
2022-05-20,142.9404296875,143.63226995364033,141.09554577009752,141.82581183200742,6365038
2022-05-23,141.6720733642578,143.55539480563672,140.211529511944,142.9404295904249,7794071
2022-05-24,140.17311096191406,143.55540222618487,139.2890947538869,141.01867791323852,8572565
2022-05-25,138.9047088623047,142.6329252273675,138.40505631953624,141.59517089456094,7926434
2022-05-26,140.8649444580078,142.9788795044445,136.63707436513445,141.40303466938522,23140556
2022-05-27,139.7887725830078,145.01594836114577,138.7510178958697,141.82583269688618,16408080
2022-05-30,143.90130615234375,144.43939630617297,140.3268392388131,141.44145707092053,10577525
2022-05-31,148.2829132080078,150.08937128012622,142.36389809497038,142.9788632937438,21380248
2022-06-01,150.704345703125,151.66522521955721,148.51353571386505,149.5128527568518,30867456
2022-06-02,152.3570556640625,153.12575928671617,149.3591162275077,151.05026185144854,17646759
2022-06-03,151.4346160888672,154.50943062874265,150.81965083499477,153.7407269937738,25335178
2022-06-06,149.78189086914062,151.28086044033788,148.51352297852353,151.05024703027246,22020642
2022-06-07,151.85740661621094,153.70229066270406,148.82102958034298,148.85945537880127,12961285
2022-06-08,151.93426513671875,155.23969303415967,151.0502606693795,152.2033160943366,13059792
2022-06-09,152.7798309326172,154.0481871013957,151.0502479409272,151.3961621933681,10562238
2022-06-10,152.587646484375,153.20261163726187,150.85806358971584,151.70364214112087,6741014
2022-06-13,146.86083984375,151.7421011552404,145.70778432819503,151.1655733974629,8516696
2022-06-14,147.74481201171875,149.51283242745188,145.36183817267383,145.36183817267383,6727598
2022-06-15,146.09210205078125,149.0131776872783,145.40026186531682,147.70637235789587,5805589
2022-06-16,138.28977966308594,148.20606362227852,137.67482613681474,147.2451840756215,14490962
2022-06-17,140.4036865234375,142.09484357017035,137.9054002028818,138.36662698462425,15215695
2022-06-20,135.94522094726562,139.82716430379733,134.33093887839235,139.82716430379733,23276003
2022-06-21,142.05641174316406,142.7098026924195,136.82922550169667,136.82922550169667,7564329
2022-06-22,137.8669891357422,142.01798369679057,137.59793819607853,142.01798369679057,6560404
2022-06-23,136.1758270263672,139.90404387640612,134.40781827305565,138.59725020807298,9304799
2022-06-24,135.71461486816406,138.67411651475902,134.36938364803396,137.32888529462895,8171322
2022-06-27,139.94248962402344,140.5190173112445,136.40644845060658,138.36664493305537,7063839
2022-06-28,143.28634643554688,143.7091357617018,138.9431757846939,139.25065253308688,9844211
2022-06-29,145.09280395507812,146.24585935074762,141.17241091800744,142.97886906301738,16856241
2022-06-30,142.67138671875,145.28497415460473,140.32683849363835,144.59314563613896,8693744
2022-07-01,140.8649444580078,143.09418036063718,135.75306985569205,142.2101758511948,17248729
2022-07-04,139.94248962402344,142.7482530100383,137.67481640018443,140.86493157767998,8780396
2022-07-05,140.2499542236328,142.36388889376823,139.71186410804077,140.67274350355686,5313753
2022-07-06,139.67344665527344,140.55746286385883,136.8292455817743,140.28841190266186,9367397
2022-07-07,142.97886657714844,143.44009341919164,139.48126292519737,141.40302188456764,6322630
2022-07-08,145.89991760253906,147.51418781479055,143.7859831085677,143.7859831085677,14647592
2022-07-11,148.6288299560547,149.35909595254742,144.3625230835653,145.24652743782204,9048841
2022-07-12,149.05162048339844,150.12781254040542,147.6679634135815,148.2060535773421,6942704
2022-07-13,148.70570373535156,150.78120103494098,148.3597894736676,149.05161799703552,7842930
2022-07-14,147.5911102294922,150.24313564553086,146.2843162868994,149.12851762771606,6795141
2022-07-15,148.66726684570312,149.05161863354567,145.59245254296275,148.35979010722338,5610793
2022-07-18,150.3584442138672,151.357749612377,149.01321277642532,149.51286547568023,7600779
2022-07-19,152.39549255371094,153.43324713174766,149.1285021710967,149.85876826366615,9913955
2022-07-20,152.08802795410156,154.04821295675825,151.74210191411524,153.43325939564332,5519522
2022-07-21,152.66453552246094,153.3179265270961,150.89651494438587,152.0880078380551,6167419
2022-07-22,151.51150512695312,153.62544031820977,151.28089166928214,152.6645606858204,4844223
2022-07-25,154.43255615234375,155.0475214085214,149.5897326174758,151.81896847544718,10207034
2022-07-26,155.50875854492188,156.27746223349837,153.39482340133654,154.8553557178369,12853314
2022-07-27,156.3927459716797,157.3536254771944,155.1243897161947,155.5856048411501,7343180
2022-07-28,155.93154907226562,157.58425732312782,154.7784935308769,156.81555362886866,5096403
2022-07-29,162.3885955810547,163.31103732839955,156.23896829277805,156.50801917843344,12477455
2022-08-01,163.54168701171875,164.2719530684591,161.274013791531,163.34951111628783,7849924
2022-08-02,165.4634246826172,167.00083164830934,162.69608745257761,163.73384184621352,12615631
2022-08-03,163.04202270507812,165.23282071848502,160.5052987210678,165.23282071848502,9949919
2022-08-04,159.23695373535156,164.0797889950361,158.46825009824246,163.08047192089697,8058280
2022-08-05,160.23623657226562,161.61990516931473,158.16073954143403,159.5059706189432,31999040
2022-08-08,165.57875061035156,166.15527830987156,159.16008259338713,161.04340406592192,16358151
2022-08-10,168.99949645996094,169.46071159675574,165.6171934760333,165.92468196338297,14267910
2022-08-11,170.36334228515625,176.75391340970185,169.8957345892168,176.1304404457018,28800337
2022-08-12,172.74029541015625,173.20790305474563,169.70088139559442,170.67505407869197,8861089
2022-08-16,173.7144775390625,174.8834848223449,171.8051013547193,174.8834848223449,7844356
2022-08-17,172.5844268798828,174.18207242815674,171.5712849303611,174.18207242815674,6119157
2022-08-18,172.8182373046875,173.51963689330265,171.92200317570632,172.5844334778969,4233196
2022-08-19,169.2332763671875,172.74029808055386,168.10323841567632,172.74029808055386,8783707
2022-08-22,170.1295166015625,172.19475789475243,166.81732954041433,168.0253060234196,10390480
2022-08-23,173.67552185058594,174.33795218257134,168.80465812235272,169.1163886442568,9344364
2022-08-24,174.2989501953125,176.13039937024487,173.0130471690016,173.59755070673472,10825973
2022-08-25,175.27313232421875,177.0266430331208,174.33792899115542,174.33792899115542,13077805
2022-08-26,179.20880126953125,180.8064468202163,176.5200870895646,177.4552904706283,12673156
2022-08-29,179.7153778076172,180.49471593880068,172.5454574873241,172.5454574873241,8757016
2022-08-30,182.98858642578125,183.53412071196678,179.91020333996138,180.65057214919568,12991363
2022-09-01,179.4815673828125,184.54726504902612,178.89706380594168,182.637889076266,9682321
2022-09-02,178.70223999023438,181.15715040351623,177.84496326941024,180.02711246552548,4599518
2022-09-05,180.4947052001953,181.07920876380766,178.0787523805621,179.24775950778678,4909470
2022-09-06,181.3519744873047,182.87168141229702,180.02710208838204,181.3519744873047,5307321
2022-09-07,186.14491271972656,186.49561249160928,181.07921499412615,181.54681072605115,12751679
2022-09-08,184.27450561523438,187.43082754264054,183.18343694757237,187.43082754264054,7677716
2022-09-09,185.17076110839844,185.48249163174893,181.8585737578315,185.09282253168223,8436280
2022-09-12,180.41676330566406,186.3007681157981,177.68908005914213,185.8721297987079,19053188
2022-09-13,180.26092529296875,183.37827804549133,179.75434833562963,181.35199399964884,9884429
2022-09-14,180.76748657226562,182.20926694681114,178.8970797166317,179.3646754846618,7705022
2022-09-15,182.55996704101562,183.10550138381137,181.00129069488102,181.66373289869094,5386854
2022-09-16,180.06610107421875,182.36514648272203,178.89709372497052,182.24825050450028,8750965
2022-09-19,179.1698455810547,181.31302560901827,178.23464212902198,179.9881530609922,4011597
2022-09-20,179.13088989257812,182.20927340192173,178.23464382819486,180.0271240652042,6890375
2022-09-21,180.4557342529297,181.35196828549883,177.0266395763168,179.1308618993145,5673523
2022-09-22,176.94871520996094,180.26090208304765,175.7407387955429,179.20879090783558,7677219
2022-09-23,173.67552185058594,176.87080132125263,172.23374143032603,175.3510942163953,5495315
2022-09-26,167.94737243652344,173.09100901726808,165.6093579710498,172.2337322898918,7832594
2022-09-27,166.70042419433594,171.22058780651622,165.8041900857103,168.3370390529421,5795048
2022-09-28,164.28448486328125,166.31075692396178,162.80373523903683,164.98588444356363,6134706
2022-09-29,166.70042419433594,167.67459687404047,164.16757522710418,165.06382122748616,8962595
2022-09-30,165.41455078125,168.33706934628975,161.98546708830673,165.99905449425793,12875386
2022-10-03,167.51873779296875,169.8957215973379,165.4534963926396,165.99903073501366,11397506
2022-10-04,173.98724365234375,174.57174727043673,169.97365689814123,170.1295221512814,10862095
2022-10-06,181.9754638671875,182.44307152890227,175.07831626155712,175.35108937951688,12795784
2022-10-07,179.01397705078125,182.01443379182078,177.53323926975935,181.58579541570703,14641624
2022-10-10,179.13088989257812,180.80646226462065,176.5980407444746,176.9097712675383,10850668
2022-10-11,175.70176696777344,179.98812638850393,174.57172913520466,179.98812638850393,19154740
2022-10-12,180.88436889648438,181.58576839538682,175.77970221345618,175.77970221345618,9256951
2022-10-13,182.79376220703125,183.61206962831625,180.105048015743,180.9623128304294,7231841
2022-10-14,184.19656372070312,186.22283563496816,183.41722562481144,186.22283563496816,6241886
2022-10-17,185.4824981689453,185.91113657247718,181.50786845147914,184.19659485010735,5623812
2022-10-18,188.36602783203125,188.71672761997982,184.5862449525201,185.87214813891697,6674374
2022-10-19,185.6383514404297,189.37917706953735,184.703148006092,188.59983889229648,13886387
2022-10-20,187.8204803466797,188.98948748576692,182.0533832172183,184.70312797578046,10755972
2022-10-21,186.02798461914062,188.09323752521706,185.52141965842156,187.82046445913474,3285505
2022-10-24,187.43084716796875,188.36605067985235,187.04117804703742,187.74257770801066,730136
2022-10-25,187.00218200683594,187.78152013721802,185.4435057460717,187.43082035689733,6976548
2022-10-27,187.74256896972656,188.2881152270448,186.26183113581007,187.78153825835747,6422639
2022-10-28,190.47024536132812,193.12000229344156,187.4698005203003,188.59983849657718,14076967
2022-10-31,191.67820739746094,192.88618385652978,189.80780067434242,191.71717668164172,8365329
2022-11-01,191.44439697265625,192.49650815042352,189.57399031413166,192.49650815042352,8813106
2022-11-02,191.56130981445312,194.52279701077495,188.71671857792782,191.4444019629008,14974441
2022-11-03,191.873046875,192.96412740142128,187.82049094255748,190.1585053526308,6754654
2022-11-04,191.7561492919922,193.82139058008207,191.3275109420803,192.26271431986143,5511411
2022-11-07,194.48385620117188,195.88666738289376,192.30170679535533,192.7303451969589,10513106
2022-11-09,199.35467529296875,205.27763732973403,198.38050273181446,199.12087149994076,40391668
2022-11-10,197.64015197753906,203.01758024853294,196.4711447976051,201.03027755604998,20832572
2022-11-11,197.3673858642578,201.77064164115075,196.7049436821471,201.6927030696943,20165337
2022-11-14,192.65237426757812,199.70538638964146,191.91200545736277,198.3805140095052,18762693
2022-11-15,192.61090087890625,198.1697870345156,191.3249023736117,194.47768760460733,20225373
2022-11-16,194.8925323486328,195.3903472144362,191.15895883498115,193.6065338218969,9764275
2022-11-17,192.81832885742188,194.76808901914742,191.65677769296295,194.76808901914742,5737884
2022-11-18,190.45372009277344,193.77245182983782,189.33364306753145,192.85979553816236,6413585
2022-11-21,190.3707733154297,191.15896968104116,188.089144927631,189.99741847487255,6430876
2022-11-22,190.08038330078125,191.40786852531656,188.87733280422745,189.62405511173927,5885877
2022-11-23,191.32492065429688,191.73976218853434,189.99742268075346,190.82710574922837,5693274
2022-11-24,189.5825653076172,192.32052173683036,188.62843492256857,191.44935205572284,8198891
2022-11-25,191.98863220214844,193.85541886528065,189.00178113711127,190.53668701971228,10046363
2022-11-28,190.70262145996094,193.10869682907966,189.4995711154451,191.28339696354584,8146840
2022-11-29,188.5039825439453,191.90568804283774,187.7987595619514,190.99303164265928,6628470
2022-11-30,188.54544067382812,189.8729383894196,187.96466517074052,188.50395399647405,12154948
2022-12-01,187.59132385253906,191.1589504817195,186.5956941644393,189.49958454816306,22435771
2022-12-02,188.00616455078125,189.16771563543696,186.92757416648246,187.5913230691246,6325649
2022-12-05,191.86419677734375,192.32052496653552,187.92320246516047,188.00617583045283,8732711
2022-12-06,192.19607543945312,192.90131110316867,190.4122619276439,192.48646957391455,7394839
2022-12-07,190.6196746826172,192.61090887538376,189.74850497579746,192.61090887538376,4519547
2022-12-08,191.158935546875,191.86417107752087,189.99738454811796,190.53667337040736,3135706
2022-12-09,189.8729705810547,192.77686124878355,189.00180084874432,191.28342923053128,4197165
2022-12-12,192.81832885742188,193.89691931582414,189.25070199803025,189.45812275310922,7881379
2022-12-13,192.11306762695312,194.51914284271774,191.73971287415597,193.64797331288722,4878457
2022-12-14,192.61090087890625,193.4820705495583,191.94716461551207,192.27903274720916,4730078
2022-12-15,189.3336639404297,192.98427684963278,188.91882242756287,192.4034886036526,5221433
2022-12-16,186.38829040527344,190.74412637773548,185.26822589404404,189.1677336612088,7757065
2022-12-19,188.5869598388672,189.04328804846025,186.26384476635963,186.38829215990378,4073907
2022-12-20,187.59132385253906,188.25506009799574,185.30969569389896,188.25506009799574,3784271
2022-12-21,185.7245330810547,188.9188048367254,184.23110124180067,187.92318783054176,3675466
2022-12-22,184.7703857421875,187.30092120743547,181.78353479398987,185.9319494386728,4755089
2022-12-23,178.42330932617188,184.9363124641405,177.71807380055228,182.53023712959654,6561011
2022-12-26,183.15252685546875,183.85776248718545,177.7595872198604,178.4233361685423,3116608
2022-12-27,183.56735229492188,184.93632409551134,182.23985451377803,184.1896145060911,2961726
2022-12-28,185.1852569580078,186.05642670534232,182.98660190707872,183.56737751864878,3015714
2022-12-29,183.89923095703125,186.13938517368118,182.90361389405228,183.19400800656848,4784105
2022-12-30,186.7201690673828,187.88172024934278,184.39705404350445,184.39705404350445,4102247
2023-01-02,186.4712371826172,188.50395781457428,185.97342236419814,188.13060303073837,4210225
2023-01-03,185.93194580078125,187.30091754275898,185.01928953282504,186.67865535823154,3643132
2023-01-04,180.16566467285156,186.26383999962897,179.41895501077846,186.13939260926958,9550461
2023-01-05,180.995361328125,181.61762364668598,178.5477987404436,179.87529675069078,8815728
2023-01-06,177.75958251953125,182.44728639947039,175.89279577195157,181.70057676442167,12237065
2023-01-09,178.34036254882812,180.62199085295586,177.5521662121211,178.67224335267616,6967190
2023-01-10,179.8337860107422,180.29011418197666,177.7180918786243,178.3818407949692,5400260
2023-01-11,177.0543670654297,181.28575590570213,176.05874988535362,180.29013872562606,7637956
2023-01-12,177.4691925048828,180.04121492493658,176.55654878096172,178.7966903978057,7161675
2023-01-13,178.46482849121094,178.96263072348466,177.1788172362429,177.71810615286245,3671193
2023-01-16,177.34475708007812,179.12857062532103,176.26616655180982,178.7967024596811,3987352
2023-01-17,176.80548095703125,178.50632125412545,175.14611468867793,177.34476993026212,5871758
2023-01-18,179.91676330566406,180.33160480495317,176.88841276487895,177.42771430992948,6441530
2023-01-19,185.8074951171875,186.51273069245326,178.50628258603206,179.83378037713567,12938871
2023-01-20,188.33802795410156,190.204814574792,184.81187544835296,186.55421469164685,13444947
2023-01-23,190.91006469726562,191.15895947103755,188.50397638448717,189.58256682401145,8736715
2023-01-24,188.83583068847656,192.48643033779712,188.50394993674803,190.9929986049092,4252051
2023-01-25,187.6328125,189.16773117217866,185.64157828848673,189.00179709787895,3855827
2023-01-27,184.521484375,188.8773198945803,181.94947480703166,188.33803103709135,6171667
2023-01-30,187.3839111328125,188.17210745300326,183.15252275711345,184.5214946469207,6172517
2023-01-31,186.55422973632812,189.4581202693644,185.76602074939473,186.67867712376076,7424552
2023-02-01,183.0695343017578,189.16770892992906,177.67659523138704,189.16770892992906,24008324
2023-02-02,180.58047485351562,183.94069306970565,180.0411860422563,183.35991758220572,6806578
2023-02-03,181.61758422851562,183.11101600092036,178.04995783771548,180.87087467229154,8776614
2023-02-06,182.19839477539062,182.82065703533397,178.92113674505595,181.86651397411268,5742881
2023-02-07,182.28135681152344,183.48439465753862,180.04121519136447,182.19839610556684,4907167
2023-02-08,183.1738739013672,184.5763600913099,182.026375767857,182.53637782050396,6316867
2023-02-09,182.36634826660156,184.27883616109426,181.2188503419505,183.59883787129692,4383159
2023-02-10,179.77386474609375,182.238843992009,179.3063651043129,181.89885132701684,4954439
2023-02-13,181.0913543701172,181.64384567901462,177.77636760706727,179.77386012979818,6142208
2023-02-14,179.98635864257812,182.1538474917557,179.43386733411,181.0913542294028,6758731
2023-02-15,180.96383666992188,181.7288395559977,178.7538585954408,179.34885219357463,9612884
2023-02-16,183.13133239746094,184.0238293137454,181.13385288661186,181.47384553572584,13093683
2023-02-17,184.87380981445312,185.51130571036504,182.0688252784633,182.6213295035193,7243093
2023-02-20,185.55384826660156,186.10633964157367,183.5563555049824,185.17135324009087,8479587
2023-02-21,181.9413299560547,186.318796554667,181.34633638486764,185.9788039339564,4655766
2023-02-22,180.0713653564453,183.47134383496294,179.85886670153798,182.366348235467,6003852
2023-02-23,182.6638641357422,183.55636120524323,180.5813796201667,181.00637698946335,6219715
2023-02-24,184.4913330078125,184.7038316606734,182.49384048296463,183.59883607181902,5154174
2023-02-27,184.40635681152344,185.29885388522396,182.8338743196611,184.4488591426312,4841279
2023-02-28,183.08883666992188,184.40633093000784,180.19886013867222,184.10884059378756,6054079
2023-03-01,185.93634033203125,186.14883900669642,182.32386286272322,183.08885290356193,4510175
2023-03-02,189.4213104248047,190.78129406480969,184.74633991189165,185.93632721813213,11354939
2023-03-03,189.5063018798828,192.48128311181154,189.03880223517336,190.31379419171427,7089438
2023-03-06,191.16378784179688,191.67378980973396,188.48630993484926,189.5063009008346,4771341
2023-03-08,191.12130737304688,191.37629539898336,189.25130871691653,191.12130737304688,4271464
2023-03-09,191.07879638671875,192.9062796625283,190.1012947753297,191.12129871241197,4263468
2023-03-10,190.69630432128906,191.5037966422953,188.23131206203598,189.5063040330634,3670173
2023-03-13,187.67881774902344,191.88628859262482,186.44632812391237,190.56879431617278,3877606
2023-03-14,187.8913116455078,189.3788022170535,186.02132609239948,187.67881299242984,5723922
2023-03-15,186.91380310058594,189.71878781076265,186.65881510229642,188.65629458492964,2992144
2023-03-16,187.72132873535156,189.0813124303291,183.8963527065389,185.76633839331387,4988245
2023-03-17,188.40130615234375,192.05628568637698,187.08382484056045,188.69880946332708,15720256
2023-03-20,184.4913330078125,188.3588110838586,183.34383509440823,186.99881451759344,4244575
2023-03-21,184.4913330078125,186.10631758159997,183.55633374726915,185.42631929846738,3998751
2023-03-22,181.85635375976562,184.36383539688637,181.13386608528086,184.36383539688637,9675449
2023-03-23,181.3463592529297,182.53634654536305,180.53885397961196,181.17634995124885,4730918
2023-03-24,177.18138122558594,181.81384944867037,176.79888622916408,181.26135811715983,6611089
2023-03-27,177.13888549804688,178.66887851061787,176.45890013236152,177.22389015370229,4002212
2023-03-28,177.56387329101562,179.56136586253064,177.1813783009075,177.98887060666658,6157526
2023-03-29,181.00636291503906,182.66384993243747,177.13888456118315,178.45637889753706,16734166
2023-03-31,181.60133361816406,182.15383786732806,179.4763472057358,180.36884409293322,5139018
2023-04-03,187.12632751464844,187.72133417896282,181.72886896607338,181.98386996936674,7754066
2023-04-05,189.1238250732422,190.6113158322452,187.25383928447354,187.25383928447354,6491910
2023-04-06,188.44381713867188,189.67630682530896,187.253829779827,189.08131314588653,4589598
2023-04-10,188.74131774902344,190.78129975481738,187.97631476943374,188.23131576263032,3498235
2023-04-11,190.101318359375,190.65382272215328,188.69883222672712,189.33632828154714,3995959
2023-04-12,193.5437774658203,193.79877845249877,190.10129657038368,190.3987998831567,5136012
2023-04-13,191.6737823486328,195.2012547515725,190.7812854244287,193.7137642011951,3478451
2023-04-17,195.15879821777344,195.45628859594558,191.5888099205839,191.6738145828562,6265943
2023-04-18,197.36874389648438,197.5387402228258,194.86126241575548,195.1587657142692,8004952
2023-04-19,195.8387451171875,199.408732712202,194.64875789877462,198.55873813622483,7424582
2023-04-20,195.1162567138672,196.773743536286,194.73376175021485,195.4137470323133,2589165
2023-04-21,195.541259765625,195.88125241669886,193.33126862398012,195.4987574417687,2459508
2023-04-24,196.8162384033203,197.19873335248343,195.11624932269547,195.11624932269547,2587030
2023-04-25,195.7112579345703,197.45374946998498,195.4137546346623,196.4762478916361,2570946
2023-04-26,195.28628540039062,196.05127545448184,193.79879465196544,195.49878407873706,3439487
2023-04-27,196.98626708984375,197.62376309984325,194.7762757338897,195.2862777298451,3349374
2023-04-28,198.13377380371094,199.5362598993928,196.85878172767647,197.6237717853411,4771074
2023-05-02,200.68373107910156,201.83121601192096,198.13374726854062,198.21873894695963,3773537
2023-05-03,201.36373901367188,203.10623074067362,199.40876158180092,200.64125130142517,4523385
2023-05-04,201.8312225341797,202.29872217520096,199.02623765794073,201.32123353752002,7248108
2023-05-05,201.78872680664062,202.29872878986487,200.59873947230298,202.1712347790034,3043479
2023-05-08,197.9212646484375,198.3887513423274,195.49877464423793,197.62376132515354,9711437
2023-05-09,200.89622497558594,202.9787091109491,198.47373522492816,199.5787307773315,7318928
2023-05-10,201.0662384033203,201.66123206834285,199.36624909189067,201.4062310776506,3650159
2023-05-11,200.7262420654297,202.42623145567643,200.34374704660212,201.0662477254129,2675726
2023-05-12,199.79124450683594,201.66123013752645,199.11124619479693,200.72623083723667,2348435
2023-05-15,202.043701171875,203.65869859265948,198.7712299487653,199.40872585883844,4217892
2023-05-16,204.8061981201172,205.44369407585728,201.83121699333017,202.93621257725732,6016484
2023-05-17,205.3587188720703,207.1436999094108,204.63621820964642,204.8062145508375,4968232
2023-05-18,203.65870666503906,206.46367840463105,203.10620240581034,205.6986884701765,3512113
2023-05-19,203.9136962890625,205.35869746326782,200.85372355695927,203.99870093574097,3810543
2023-05-22,202.89370727539062,205.0186937633396,201.83121403141612,203.48870089803867,2891415
2023-05-23,203.40371704101562,204.16870701813465,201.27873047136416,203.10621373330892,3213453
2023-05-24,204.8487091064453,205.27370642824292,202.2987251756597,202.55372616271606,2422138
2023-05-25,204.0412139892578,205.86869725995612,202.21371774867072,205.06120495359846,3810138
2023-05-26,205.27369689941406,206.0811891793678,203.23371503743735,203.8287086663565,2646742
2023-05-29,209.18368530273438,210.50116661385258,204.67871113375324,205.31620711134806,8069985
2023-05-30,207.65371704101562,210.07619426184053,206.8037223032054,209.31120418576748,4657906
2023-05-31,205.0612030029297,210.7136620635524,203.40371608040707,210.7136620635524,15727646
2023-06-01,195.79627990722656,197.1137612865347,194.77627591437061,195.83876926535427,35509867
2023-06-02,196.26377868652344,198.38876551929172,193.8838038097352,194.223796515022,36400588
2023-06-05,195.24375915527344,196.518751069178,195.031260502956,195.92375743666688,19807347
2023-06-06,193.6287841796875,196.0512611542039,192.7362872017545,195.32877348245933,13495524
2023-06-07,196.09376525878906,196.77376358004133,193.88378692708065,194.43627826753544,21853324
2023-06-08,193.8837890625,196.68876109248941,193.50128108578386,196.68876109248941,8538256
2023-06-09,193.5012664794922,195.0312593611984,193.2462784741148,194.6062620590516,5137982
2023-06-12,194.6487579345703,194.8612565786037,192.6512654927014,194.0112620024702,4261576
2023-06-13,194.60626220703125,195.7537601116556,193.79876992631594,195.49875913619593,5574798
2023-06-14,194.60626220703125,195.41375448774656,193.41627494807062,195.41375448774656,7034468
2023-06-15,194.3087921142578,195.2012761664852,193.7137854529199,194.8187811484035,6363240
2023-06-16,194.2662811279297,195.24376979389677,193.7987814733801,194.22377880117259,8518319
2023-06-19,193.07627868652344,194.47877763461528,192.6087920070485,194.2237766467905,8210198
2023-06-20,193.16127014160156,193.58626743564247,191.6737796124583,193.58626743564247,5024593
2023-06-21,194.18130493164062,194.4788082926501,192.48131537133756,193.62881351249857,4705567
2023-06-22,192.90628051757812,195.15877409041528,192.60879017618456,194.1387701488119,6566989
2023-06-23,192.0137939453125,193.4162929559753,191.07880757476022,193.03379794211804,3881707
2023-06-26,190.65380859375,192.48129196085222,189.7613115891624,192.0987969502831,6145625
2023-06-27,191.3762969970703,192.77879600087962,190.31380364716455,192.39630098889145,6282912
2023-06-28,193.16127014160156,193.50126278887905,190.52628173059256,191.3762763186744,19512531
2023-06-30,196.3487548828125,196.6462581842267,192.73627779081272,193.71376640422199,7850296
2023-07-03,196.90127563476562,198.68626977039162,195.3712954841038,196.77378161217393,7860203
2023-07-04,197.02877807617188,197.87877279352386,195.75378600014386,197.41127310500224,3662791
2023-07-05,196.68875122070312,197.92125380401492,195.5837685830823,197.02875685295382,4859892
2023-07-06,199.40875244140625,200.5987397775547,196.34876647718278,196.68875915325683,7254947
2023-07-07,198.8987274169922,200.47122254392775,196.94373733130917,197.19873829377002,6393850
2023-07-10,198.68626403808594,200.2587594440974,197.9212739848258,199.74875742866394,6223180
2023-07-11,198.8987274169922,200.42872022186967,198.47373013618665,198.7287310986475,10775084
2023-07-12,199.23875427246094,201.70374670642227,198.6012582417642,199.7487562849743,11313272
2023-07-13,195.4137725830078,200.00375165664755,194.64878255567933,199.74875065757485,20205328
2023-07-14,196.39126586914062,197.28376284285838,195.28627023357998,195.49876889542284,7390502
2023-07-17,195.6687774658203,197.75126188811737,195.24378011556013,196.34877582021463,4963515
2023-07-18,194.0112762451172,197.5812511329773,193.416282592122,195.243765877012,6168942
2023-07-19,194.3087921142578,195.41377483985167,193.9687864549376,194.8187811484035,5247533
2023-07-20,195.28628540039062,196.09377778412912,193.58629597361897,194.35128602771022,3195629
2023-07-21,194.6487579345703,195.92374979877056,194.26626296928782,195.15875986820558,3903407
2023-07-24,196.3062744140625,197.1987714477826,194.26629231117934,194.6487873342337,3456895
2023-07-25,195.45626831054688,197.49626326434756,194.52128197204124,197.4537609376225,11024983
2023-07-26,195.9237823486328,196.51877605679815,194.56378561292053,195.96628467847822,7574284
2023-07-27,194.69126892089844,197.11374578874364,193.92626598640376,196.3487558241375,7837850
2023-07-28,193.03378295898438,195.45625983864272,192.8212843044588,195.15876950424007,8817344
2023-07-31,194.86126708984375,195.45626073125487,192.82128518503748,194.22377112335573,19422170
2023-08-01,204.2962188720703,205.10371119383998,194.60627210116704,195.49876907570786,22409256
2023-08-02,199.3662567138672,206.67620325054799,197.45376866539246,204.976213874126,25003960
2023-08-03,195.541259765625,199.83373507734584,195.03125781912595,199.3662354547031,13949266
2023-08-04,198.68626403808594,201.02374949735756,195.92378122258316,197.87877165522468,6725977
2023-08-07,198.00625610351562,200.59874244519625,197.45376475507572,199.53624910597384,6744074
2023-08-08,195.7112579345703,200.08872496534693,194.90376565324792,198.04874309991263,13828141
2023-08-09,199.5362548828125,200.34374725002166,196.00878208242477,198.26126283883286,35271302
2023-08-10,199.6637420654297,201.27873971446175,199.28124705930526,199.53624805335133,10749822
2023-08-11,199.6637420654297,200.2587487081669,198.6862533864574,198.89875205318086,6132454
2023-08-14,198.81375122070312,200.76874158612148,196.09377082832916,200.59874524345238,6092872
2023-08-16,198.0912628173828,199.57875350775382,197.28377046515934,198.89875516960632,4576249
2023-08-17,197.45376586914062,198.81374956908493,196.43377485171,198.64375322782809,5602132
2023-08-18,196.71861267089844,198.01594361381112,196.3294160274512,197.62674697036388,6904019
2023-08-21,199.01055908203125,199.61597751023731,196.32940336080623,196.71859997914356,4955953
2023-08-22,199.57275390625,200.6971100888105,198.66461955890753,199.27003805809136,4280368
2023-08-23,199.7024688720703,200.2214065220388,199.18354441923447,200.0051847007407,2524601
2023-08-24,198.27542114257812,201.21603279670086,197.62675564265695,200.52413348782497,6378317
2023-08-25,196.934814453125,199.01055166882207,196.76183965109976,198.05917046198613,3890957
2023-08-28,198.44837951660156,198.96731715236717,196.76185199606178,197.62673925758293,3360861
2023-08-29,198.88082885742188,199.27002549685415,197.84296675322494,198.44838521424543,3112560
2023-08-30,197.84295654296875,199.57273102640454,197.6267347325393,199.0105595981407,4086281
2023-08-31,198.96730041503906,199.313250011693,197.5402286352965,198.05916622740855,10403460
2023-09-01,204.8917999267578,205.19451576627785,199.48625420056504,199.52950120580118,14869577
2023-09-04,214.31907653808594,215.31369165868176,205.97290613747342,206.49184379864778,24785966
2023-09-05,220.84898376464844,221.32466123579314,214.05961298309887,215.65965981354302,19654487
2023-09-06,221.23817443847656,222.96793584493278,218.4272907076442,221.36790225489258,13346191
2023-09-07,236.97909545898438,237.6277608662626,220.3732636720877,221.41112568430657,72255521
2023-09-08,243.9846649169922,246.01715495355302,234.29791849276128,237.49801143494307,41855413
2023-09-11,241.2602996826172,245.80095757078993,239.78998085636073,245.62796956972568,14505153
2023-09-12,234.168212890625,242.21165341281935,232.65466026806325,242.16841960987995,17547706
2023-09-13,241.86569213867188,243.46573868418764,232.65464904457008,234.81686697249359,17607568
2023-09-14,240.04946899414062,244.0712162126565,239.3143358756536,243.2927964966426,12033796
2023-09-15,241.56301879882812,245.75772759497175,240.04946598331097,240.87111949801258,13288180
2023-09-18,243.2495574951172,244.54688846842447,237.36833430716393,241.56301667211122,8754852
2023-09-20,245.88743591308594,249.08752931265565,241.39003802594382,241.73598764891406,18615797
2023-09-21,242.5576171875,248.04962959713677,240.95757064544523,246.40634925432175,11071899
2023-09-22,245.0657958984375,247.44423572269676,241.47651926068067,242.16841847003272,8691024
2023-09-25,249.13079833984375,249.952451905545,243.16308071853038,245.88747067670954,9118957
2023-09-26,248.0064239501953,252.02814446512932,247.4874863108537,249.476742862619,11256196
2023-09-27,252.1578826904297,253.75792948020398,246.06043776057177,249.0875433217739,12805340
2023-09-28,250.9902801513672,254.40656881134606,249.95240493648623,252.15785677527938,12432497
2023-09-29,255.3147735595703,257.30400404151135,252.02818557054587,253.2390226636521,8640829
2023-10-03,252.46055603027344,256.9579798075993,250.90376970426294,256.9147196131615,9348540
2023-10-04,249.04429626464844,252.11463546995583,247.2712615508568,251.5092038322193,6338888
2023-10-05,250.25514221191406,251.29299112157798,245.5414959317777,249.7794383666692,8687014
2023-10-06,248.91453552246094,251.6821852304671,248.22263629259126,251.63895142644915,3741467
2023-10-09,248.91453552246094,249.90917695751122,244.80632115873337,247.40098286214024,4647845
2023-10-10,262.27703857421875,262.8392099650225,248.91452102237807,249.30373081292186,23283411
2023-10-11,261.0662536621094,263.7906435543914,258.9905292867644,263.4014336865222,12321154
2023-10-12,265.6933898925781,267.3366704885175,261.1094713526501,261.67164282043643,15375295
2023-10-13,266.342041015625,268.8502087789152,263.31493561993506,263.7906130529806,9516879
2023-10-16,269.8448486328125,271.27190745730576,265.1312020973852,266.2555714699153,10535107
2023-10-17,274.51519775390625,275.3368511688299,269.931306055551,270.70969927301053,7760527
2023-10-18,274.12603759765625,276.5477114561414,272.6557186444053,274.4719872354019,9662837
2023-10-19,272.2665100097656,273.0449296909682,267.1204464391571,272.6989536574268,8977527
2023-10-20,270.1907653808594,273.9097963065237,267.76909169449567,270.27725938271453,6009115
2023-10-23,264.7420349121094,270.58002478478,263.7906535058575,270.3205427316558,8086150
2023-10-25,268.37451171875,270.4502623006896,263.7906197045411,264.7420009888859,7253336
2023-10-26,264.0068359375,267.3798909703793,261.9743455990136,267.3798909703793,8329092
2023-10-27,271.5313720703125,274.2989955293111,264.6555076377053,264.6555076377053,10503070
2023-10-30,272.05029296875,273.1314021069095,269.8016070767911,272.43950281619385,6229982
2023-10-31,271.79083251953125,273.9962845646088,268.7637269862986,273.95305075755454,7446586
2023-11-01,265.21771240234375,273.1314267281956,264.52581304925724,270.8827406335301,9593653
2023-11-02,267.1203918457031,270.5366801274538,265.779800975381,267.206885836411,7071960
2023-11-03,269.8448486328125,272.18005499599553,268.3745296049911,268.6340116421597,4658440
2023-11-06,273.7800598144531,276.3747216723475,270.7097205069842,270.8827085218833,10340818
2023-11-07,271.79083251953125,275.72605915502743,271.2718948635525,273.73682893375224,6826885
2023-11-08,274.51519775390625,275.1638631674997,272.0502639033984,273.30436092738444,6424833
2023-11-09,279.83428955078125,280.6559430851627,273.0449450168312,275.42338521246813,15503280
2023-11-10,279.70452880859375,282.0829687243033,278.10448213189994,280.61267624933214,8445203
2023-11-13,302.14837646484375,302.71054791783814,285.6722579487566,288.00746416182886,42178783
2023-11-15,303.2294616699219,310.4945089686077,301.49968724669844,310.4945089686077,35092206
2023-11-16,299.0780029296875,306.6025326237158,298.25637587205,305.3052017381429,17617280
2023-11-17,298.6023254394531,301.45644282946694,296.05089747393737,300.9807653958861,13542916
2023-11-20,300.7645263671875,304.7862466026625,297.47796553684003,300.98074816903306,19032608
2023-11-21,302.30230712890625,306.1918827810918,297.4629321164224,303.0259401230894,15148068
2023-11-22,300.4479064941406,305.64909720341916,298.50311896728846,303.74952637993505,7599447
2023-11-23,302.5284423828125,303.9757083543998,298.5031614366593,300.7645490233007,6186567
2023-11-24,301.035888671875,305.24209144584876,300.4027167437869,303.34252045192954,7054445
2023-11-28,309.3126525878906,309.8101468913303,301.48822825406785,302.8450610141759,10791886
2023-11-29,309.6744384765625,312.0715039277954,305.83007937020557,310.26239376009806,14149513
2023-11-30,309.4934997558594,312.07148712700473,305.78481859077556,312.07148712700473,11959336
2023-12-01,313.5639953613281,317.58927628332947,309.7648808014629,310.98600800705924,15105221
2023-12-04,320.845703125,325.63983408487275,317.1822384286467,317.5892992631851,22705896
2023-12-05,321.61456298828125,322.428684682967,316.59429309682145,321.7502683406166,15782945
2023-12-06,318.5390319824219,327.90118158448934,316.0967500893787,321.8406521518933,14817158
2023-12-07,318.358154296875,320.03155902085865,315.1469673729746,320.03155902085865,8507659
2023-12-08,317.49884033203125,324.1925425559569,313.7901588983547,318.4033954326923,13444251
2023-12-11,319.8958740234375,324.37343236847863,317.4988087659706,317.4988087659706,11420609
2023-12-12,314.3328857421875,320.7552322380298,312.20717581404415,320.34817141600007,8789103
2023-12-13,312.2524108886719,316.4133419893248,310.8955783285035,316.05152549424577,8091533
2023-12-14,314.4233093261719,317.67971270012555,312.79509383678175,315.8706027817987,13142466
2023-12-15,316.59423828125,320.5290579065681,315.1921891250781,316.59423828125,14331890
2023-12-18,314.4685363769531,317.7249398580294,309.6291616652675,317.4988011107995,7959685
2023-12-19,331.9264831542969,334.459226225772,313.42832153409057,313.42832153409057,28937243
2023-12-20,318.5390319824219,336.31353189079493,316.59424428847245,333.7807889784181,23224408
2023-12-21,321.5693054199219,322.74521588866827,313.06649386367997,317.5892689047478,10028664
2023-12-22,328.57958984375,332.3334874139108,322.3833828350223,324.7352312564522,13916380
2023-12-26,331.1123962402344,336.3135882682974,327.90123655179787,329.07714718577495,11910267
2023-12-27,330.7052917480469,333.9616950546179,327.810704896689,331.9716631437061,7890042
2023-12-28,344.59027099609375,345.99232033722745,330.8862393616176,331.79079444746657,28310022
2023-12-29,340.11273193359375,345.26870726281777,338.52976044188154,345.0877851932607,8859317
2024-01-01,345.3591003417969,349.8818755039724,341.42430803456716,341.74088021205637,11124690
2024-01-02,355.1734924316406,358.06807928777795,347.5752364403127,350.42457898645745,28363847
2024-01-03,347.84661865234375,357.11830752080385,347.21344670715075,357.11830752080385,12903439
2024-01-04,348.0275573730469,352.59554935836366,347.25868005541537,350.7864392485622,11039940
2024-01-05,347.5752868652344,351.41964592620315,345.9923154871884,349.8818912598836,8369460
2024-01-08,344.0927429199219,351.55532224336383,343.05251011095356,349.565317653344,9424716
2024-01-09,348.5702819824219,350.9221305520441,345.6304781716013,347.03252740867663,9473743
2024-01-10,345.58526611328125,349.0225920681176,339.97704103670253,349.0225920681176,9670366
2024-01-11,347.6657409667969,351.7814554257849,346.7159415959946,348.7059737592503,9163771
2024-01-12,344.7259216308594,348.97731363714763,343.323844795146,348.97731363714763,7471050
2024-01-15,347.93707275390625,350.87687648299334,344.9972690248192,345.99228503870654,7490747
2024-01-16,345.4495544433594,350.0175738285131,341.0624571029987,348.6154969934383,10165133
2024-01-17,343.414306640625,348.5702812788189,341.1981634121461,345.3590944059689,10996538
2024-01-18,339.79608154296875,346.0375055461377,332.87624128717647,344.4545342900166,12493835
2024-01-19,346.6707458496094,348.1632562598939,342.9168476647025,344.31889704303586,15893456
2024-01-23,339.4794921875,366.16386560947774,337.98698190689754,364.98795511077975,16406737
2024-01-24,346.082763671875,350.78643331489684,338.52972357025027,343.54999299809793,22938994
2024-01-25,352.2337341308594,354.3142273275507,348.5702971871983,349.8818854586486,13440949
2024-01-29,373.4002990722656,375.1189756842702,354.13328829871153,355.399659798482,27149058
2024-01-30,364.12860107421875,376.11395472106756,363.2692903945111,376.0687380133879,14159072
2024-01-31,367.385009765625,370.09867478066815,362.18381848679235,366.3899937391436,23750822
2024-02-01,367.8825378417969,372.58620738502054,364.0833957141526,369.78208130079054,8862155
2024-02-02,379.7322082519531,382.5363344966234,370.55097979046815,371.5912126024892,25177075
2024-02-05,398.2303466796875,407.0497581053024,377.2899035336804,382.8529113734872,31418925
2024-02-06,405.8285827636719,407.9542924693445,395.51666160137665,402.34604059967546,13386526
2024-02-07,409.44683837890625,416.59281776196997,405.05974085989686,410.66799321891517,14430152
2024-02-08,415.3716735839844,423.87448519693703,407.04975641098406,411.39160943743656,18790158
2024-02-09,412.6579895019531,419.5325852091835,394.06936825393313,418.08531933702574,17472069
2024-02-12,391.49139404296875,413.7886969386213,389.0038677860753,413.3816361455621,19472346
2024-02-13,409.1755065917969,414.15055966107855,392.57691492149996,401.441543893924,35665854
2024-02-14,421.8392333984375,423.3317436403063,400.71786844584545,408.5422637421633,18592696
2024-02-15,431.3370361328125,435.31707241680084,422.92465848217375,424.2362742098277,18501875
2024-02-16,434.1864013671875,441.0610249098002,431.9250138600667,436.3573278530578,14513583
2024-02-19,416.9998779296875,440.9253700372163,411.9796084455677,436.7191669720664,19798448
2024-02-20,408.5363464355469,419.0128215838178,403.50398382547854,419.0128215838178,27899165
2024-02-21,396.1384582519531,412.6080091180828,394.3542457389934,412.6080091180828,19032050
2024-02-22,407.3011474609375,409.9088319990676,391.5635929860958,400.75908128480273,22083710
2024-02-23,406.15740966796875,411.3727785008494,404.0987158533299,409.90881287031954,9625544
2024-02-26,404.6934509277344,409.22258856618157,403.0922446001976,406.1574165831896,7570244
2024-02-27,403.8699645996094,407.43836156084996,398.0598676904653,404.6934365256154,8343526
2024-02-28,397.2821960449219,405.1967250047505,393.75953635678314,402.86352176687086,8893614
2024-02-29,399.5696105957031,406.2489172095236,393.1190198187504,406.2489172095236,11711699
2024-03-01,408.3990783691406,410.6407502640927,400.75903188001473,400.75903188001473,8411615
2024-03-04,416.6795959472656,419.05853645493625,409.95452433007324,413.4314459713827,11977226
2024-03-05,421.4832458496094,422.4897239764024,414.9869174924787,417.2286175056621,9605493
2024-03-06,422.35247802734375,425.4176499522099,406.75213706405486,423.1302123848205,14061966
2024-03-07,419.6075744628906,425.82939379610025,417.2743712708196,422.35249968451075,9680802
2024-03-11,415.3071594238281,423.4961970895974,413.9346968824917,421.8034877040514,7824738
2024-03-12,411.0982666015625,417.0456042501481,408.7193538803857,415.30715729127974,8409613
2024-03-13,381.59033203125,411.64726789787284,375.139769121581,411.09827728532554,17803423
2024-03-14,391.3348388671875,392.3870545869316,377.15272563520267,383.3745447872025,20478918
2024-03-15,379.9433898925781,391.6550593751649,367.0880015963472,391.33484044560265,25435001
2024-03-18,385.98223876953125,387.49194205009684,378.38792893669734,380.62962902677754,9803914
2024-03-19,383.4203186035156,388.49844734918827,378.799705347513,381.54463074858194,8373676
2024-03-20,383.83203125,386.85143772836807,377.6102121151957,384.1065125942798,6950340
2024-03-21,395.31494140625,396.68740391953105,387.1716694120135,387.9494037541037,9911230
2024-03-22,395.2234802246094,399.1121241497993,391.8837989858943,394.26273967763376,9172888
2024-03-26,398.88336181640625,403.45823680949354,394.2627213196955,396.91614323112196,9389403
2024-03-27,392.93603515625,402.4060043147133,389.82509773694426,402.4060043147133,17985246
2024-03-28,397.1906433105469,401.1707900471681,393.4392403182967,393.4392403182967,10332853
2024-04-01,404.4647216796875,406.0659280646789,397.8311523704376,399.5696273552584,7256592
2024-04-02,405.5169677734375,410.1833183563925,398.9748735946534,404.46472409019907,11530800
2024-04-03,407.6213684082031,408.99383092809603,403.4124777626338,405.5169370468292,6972648
2024-04-04,410.6865234375,414.94115149004443,404.9221643367576,411.7387390750165,14743020
2024-04-05,408.9481201171875,410.68656717162344,406.2489324822415,410.59506407974294,4820138
2024-04-08,409.3598327636719,412.1505234265343,406.7521482803759,410.8237984317348,3980972
2024-04-09,402.4517822265625,412.0132547667393,400.07284150668096,410.54931702172536,8005012
2024-04-10,417.5488586425781,419.6075524507967,404.5104645238607,404.9221865318113,15825331
2024-04-12,416.86260986328125,424.0451690992675,414.0719193978898,416.31361928625176,11259294
2024-04-15,412.6537170410156,417.04558578717985,403.59547030028915,410.77802949632104,7680715
2024-04-16,414.66668701171875,417.5945902992798,408.3991025888452,410.82378078844437,4996845
2024-04-18,401.3080749511719,417.96060462354313,398.1513997617169,416.2679230668447,10945138
2024-04-19,398.28863525390625,401.308069726865,391.6550660221879,398.92912896954624,7628287
2024-04-22,405.2882080078125,406.7064081607288,400.7590703586034,403.4124924088333,6396926
2024-04-23,403.4582824707031,407.8501517919863,401.90281362788556,407.8501517919863,5390120
2024-04-24,406.1116638183594,410.5492982019186,403.6412201219553,404.00720454143186,6538090
2024-04-25,413.9804382324219,415.3986382732576,404.190194839673,405.3339135573857,10858594
2024-04-26,417.04559326171875,421.3002493441692,413.7517056044709,415.3986494330948,7209435
2024-04-29,414.7124328613281,419.69905795013534,412.24198910813845,419.69905795013534,5305655
2024-04-30,415.6731262207031,419.42452925914864,413.6144324960121,417.5945792816455,6021793
2024-05-02,415.3071594238281,420.47676274496416,411.18977179981897,418.64681268984896,14980896
2024-05-03,434.2471618652344,435.3451151653479,411.18977956615834,418.96706744729124,51071947
2024-05-06,421.4375,440.51473476077325,406.29464665799725,438.2730347915625,36408390
2024-05-07,417.2286376953125,429.5808013112922,414.346471769482,423.63346327396863,13728379
2024-05-08,424.9601745605469,431.3192344255859,416.40515222991763,417.8691178993702,16978094
2024-05-09,405.79144287109375,427.9338506974507,403.8242520584253,425.7836537019569,15601338
2024-05-10,411.18975830078125,412.7909645464407,402.81774265804034,409.1768300599305,9190621
2024-05-13,406.2489013671875,413.38569522207723,397.7396450076789,412.88247013951207,11107909
2024-05-14,410.54931640625,412.3335010013694,407.2554006392615,408.71936630490336,6592194
2024-05-15,428.0710754394531,430.03826617889854,411.28127797322315,411.7387654904348,23543942
2024-05-16,428.4827880859375,434.6131318517113,418.92131593889275,428.80303492555043,17232651
2024-05-17,430.2669982910156,433.4236732434594,427.1103233385718,429.16901711029914,10625019
2024-05-21,448.9324951171875,451.9061639794736,429.763784897067,429.763784897067,27356982
2024-05-22,459.0429992675781,464.2126027776044,449.8017455670193,452.45516765932433,28346931
2024-05-23,455.0170593261719,460.9643968653222,450.2592060485444,460.5984124474772,14378840
2024-05-24,458.4024963378906,462.42838094072476,447.56003649862754,453.781883541937,12190536
2024-05-27,452.4094543457031,460.23248036771446,449.02403526929595,460.18674278134046,8811105
2024-05-28,446.18756103515625,454.0106141768295,442.9394108969948,453.8276080044733,8165238
2024-05-29,445.089599609375,450.076196602212,441.1094527775807,441.1094527775807,8014727
2024-05-30,441.15521240234375,446.4620844175203,438.7305341174375,444.6778719104789,7725080
2024-05-31,449.4357604980469,451.17420752692885,438.2730536004715,443.21391333833395,11223848
2024-06-03,468.7874450683594,482.55786426321185,462.5656258903332,471.2121512919059,24416215
2024-06-04,404.32745361328125,468.83322010466605,375.87172505733656,468.7874266773938,48046493
2024-06-05,421.3917236328125,423.4961828792734,388.9558767479668,413.5686985788237,18966089
2024-06-06,432.7374572753906,443.2139047524123,425.1431476732312,430.03826973240933,21757857
2024-06-07,438.4102478027344,440.37743838801845,427.8422981524461,432.78315736657026,8317343
2024-06-10,437.0835876464844,446.50781938653853,435.0706313899571,443.762894267359,10958537
2024-06-11,435.8483581542969,442.39042398964136,434.79614246153324,441.0179614539962,11169021
2024-06-12,447.1483154296875,452.27215334078323,438.5932931787915,440.1029964176973,15412796
2024-06-13,446.41632080078125,451.9061710945137,442.39043616994195,451.9061710945137,7438571
2024-06-14,445.5471496582031,450.533747351095,443.9916807717892,446.41635927593154,5974636
2024-06-18,447.4685363769531,450.99119589885004,443.94590477787875,450.1677239396226,6946544
2024-06-19,437.3123474121094,449.43576713220455,435.9856223868187,447.7887952467241,8962510
2024-06-20,442.0701599121094,445.95880361150057,431.45644446567746,440.1487068525519,7864157
2024-06-21,439.37103271484375,449.61873658029214,438.273051479378,442.0701923742277,10340882
2024-06-24,433.4236755371094,439.23374454091817,431.86820684333316,439.18800695932185,11124175
2024-06-25,429.3520202636719,437.3123139608642,425.7378578318018,435.43659845055873,7951999
2024-06-26,428.89453125,431.7309593345642,425.5091125808716,430.26699375,6655899
2024-06-27,427.3390808105469,429.12329330578723,422.2609805130508,428.8945495460294,14857335
2024-06-28,432.9204406738281,435.5281251590297,428.20832473618884,430.03827484189907,8302706
2024-07-01,434.43011474609375,435.802577233189,431.18196469576327,433.1034177622608,8579861
2024-07-02,438.36456298828125,443.7629103335474,433.1034563193784,437.3580848235786,14629287
2024-07-03,443.7171630859375,446.18757897514604,438.6390347885007,440.92647242081745,7244652
2024-07-04,447.9259948730469,450.89966358847346,444.03735116825834,447.1940260506856,7796954
2024-07-05,449.7102355957031,451.3571795111566,445.50134479498354,447.88028550172265,5754517
2024-07-08,451.3571472167969,453.82759083604066,445.7758221677552,450.8081845661387,7477292
2024-07-09,451.8146667480469,454.6968604824958,449.34425087643376,454.6968604824958,6444684
2024-07-10,449.02398681640625,452.82112752891396,439.6912305315827,451.8146494318728,5981477
2024-07-11,457.53326416015625,462.9773768955472,447.0110510488938,450.1677261514016,20146927
2024-07-12,454.0106201171875,465.35630488118403,453.3701264283819,461.1474141673148,8198389
2024-07-15,455.4288024902344,460.7814117806105,450.6709213603844,457.48749622323896,7106020
2024-07-16,468.8789978027344,474.32311077783515,455.657596533389,455.657596533389,23169665
2024-07-18,462.2911071777344,471.94408201696865,458.63120726935057,471.53233210814733,12540956
2024-07-19,446.5078430175781,463.3433790549877,445.36412415738965,462.33690087345707,9971704
2024-07-22,449.4357604980469,453.8276296155195,442.43617895301696,446.50782913784985,7281653
2024-07-23,445.59283447265625,453.64460347469674,425.05163411685174,451.99765960881354,11311831
2024-07-24,451.8146667480469,456.9385325925064,443.8544005979748,445.318366256795,6823248
2024-07-25,451.99761962890625,460.7356191226451,442.84787024370576,449.2526948133461,10281157
2024-07-26,466.5000305175781,468.19273992900554,455.88631445106216,455.88631445106216,20437968
2024-07-29,468.6044921875,471.8526424319507,464.3498358849758,470.7546612075272,7259754
2024-07-30,475.1922607421875,480.91085469472966,466.5915289449505,468.60448518537413,13197520
2024-07-31,477.79998779296875,480.7279191558863,467.09476841530085,478.94370661866736,11972565
2024-08-01,494.4524841308594,496.1451654460389,483.1067724398498,489.511597074469,34763894
2024-08-02,479.9044189453125,491.5246133758439,477.8914626442869,488.59668201486534,10985150
2024-08-05,463.7093505859375,471.21215726886214,455.24583125635115,471.21215726886214,11835031
2024-08-06,457.12152099609375,473.22508677129633,455.6575553941987,464.8988085881634,7142269
2024-08-07,486.3092041015625,487.4986604118925,464.5328106467638,464.5328106467638,18293730
2024-08-08,478.9436950683594,489.51164559382613,476.9307388145456,488.59667055533305,13624148
2024-08-09,484.7537536621094,486.17195377174335,477.47969109545653,484.9367598349493,6468264
2024-08-12,479.40118408203125,485.3942594337144,478.8064279668989,484.0217968716964,5238736
2024-08-13,477.38818359375,484.84525182810364,475.7869774197412,480.36185220262337,5201294
2024-08-14,461.78790283203125,483.0153344223593,456.6182716411974,478.44045933158355,14766889
2024-08-16,473.43194580078125,476.6202066462438,464.37548005765876,469.1809689431231,7313429
2024-08-19,482.3960266113281,483.73602685502505,474.2174958483712,474.8181467131744,10737456
2024-08-20,484.7987060546875,488.3566413559324,481.51805495168486,484.56767349244177,8191127
2024-08-21,491.8221435546875,494.640729612085,484.61393869176476,486.55458970717007,9067794
2024-08-22,488.72625732421875,494.82555078160453,486.831801603562,493.48555064596746,8531700
2024-08-23,497.96759033203125,500.09313514873463,488.7262873183205,488.81873419112,12566904
2024-08-26,497.2744445800781,502.31096551701927,494.1324357015287,500.8785749691194,7193307
2024-08-27,491.0828857421875,500.6014169730764,489.7890807030827,498.1986442439446,7865530
2024-08-28,486.41595458984375,494.91796452142904,485.58427117319826,493.39318338869407,6066259
2024-08-29,487.52490234375,489.7890327382381,476.94359969521634,486.41593476232373,9147836
2024-08-30,485.1222229003906,496.2579819786133,482.39602717474145,489.7890697368064,30921282
2024-09-02,481.333251953125,488.8649365813233,478.37608006900024,487.0166759515263,6370038
2024-09-03,480.1781005859375,483.8746219342648,478.93054719265285,481.4719056196279,5526155
2024-09-04,465.438232421875,477.6367357872953,462.57342277469394,477.6367357872953,16783593
2024-09-05,459.292724609375,468.99609203069986,457.5830780423173,468.99609203069986,10830621
2024-09-06,451.48382568359375,461.1409981481442,444.5528487575194,461.1409981481442,13110103
2024-09-09,447.6949462890625,451.4376628165825,441.7804896596798,450.97559765505065,10189742
2024-09-10,453.8403625488281,454.67207411713565,445.245934470406,450.32865074610567,9809547
2024-09-11,447.23284912109375,456.1044770258268,445.3845886072382,455.45760276730766,8134497
2024-09-12,458.045166015625,459.52378009881994,445.661825948026,450.0514447624441,12058489
2024-09-13,453.05487060546875,460.078266386864,452.3617728941906,459.29275000697186,8093877
2024-09-16,455.8273010253906,457.35211048214245,450.37493753040684,455.1342032539379,5244657
2024-09-17,451.4376220703125,457.2596312992374,450.6521057261644,455.82724070866254,5063902
2024-09-18,450.14385986328125,456.15070661435584,449.2659248264679,452.6389946693201,6527832
2024-09-19,441.6880798339844,454.302452550586,440.11704707273253,451.8997081754671,10014450
2024-09-20,453.7017822265625,460.2168895629823,443.8597719663021,444.4604792232898,12982128
2024-09-23,462.61962890625,464.37547081715473,453.28590733495406,456.05829820550423,6123879
2024-09-24,466.0389099121094,468.21062180836043,463.49755152765425,466.68581241813115,7306001
2024-09-25,466.9630432128906,468.5340760505554,463.913424412976,468.0720108867975,5059851
2024-09-26,468.1181640625,468.9499038443092,462.1113174733538,467.60990370892057,6877039
2024-09-27,476.943603515625,478.5608314668659,466.59336154901337,468.11817083402565,15443031
2024-09-30,471.445068359375,474.494715280117,464.3754771830029,474.0788453629462,8881502
2024-10-01,469.9202575683594,476.8512348186302,467.7485457228308,473.15471361848574,4743517
2024-10-03,464.23687744140625,471.21405015991576,461.6031003574812,461.6031003574812,11285134
2024-10-04,459.47760009765625,466.36235396611767,456.5665670677138,461.6955071948638,7170285
2024-10-07,443.9984130859375,462.57340951944104,439.28534292430373,460.3093072100044,8940891
2024-10-08,454.5334777832031,455.365189383643,440.30187730186464,444.3218214043601,6049075
2024-10-09,450.0052490234375,458.36861673745756,448.8038627437223,454.67209563473614,6874313
2024-10-10,451.0679931640625,456.4741609168051,449.1735091777381,451.62247696987004,4700891
2024-10-11,455.5500793457031,456.4279862800589,450.4673622864548,450.51355752428685,4364566
2024-10-14,460.4941101074219,464.32927335505127,455.55003564044375,457.3982962119401,5369297
2024-10-15,456.9362487792969,461.46448171452744,452.8700528026302,460.49412795555133,4279311
2024-10-16,458.1375732421875,461.5106430275312,455.5037963788692,457.4444755519573,8000451
2024-10-17,452.7314147949219,459.5237779373045,450.23627998084635,458.1375825287455,4334990
2024-10-18,454.85693359375,456.2893242421293,446.6783750023336,450.9755751496893,4573163
2024-10-21,448.5728454589844,457.21346947145054,445.754259303009,454.67211112673806,4737527
2024-10-22,432.81640625,450.513494816182,431.7536621078001,448.20316920174,8671135
2024-10-23,438.13018798828125,439.9322251812259,424.12961935627254,432.81643867695436,10686743
2024-10-24,441.0411682128906,447.0942101573456,437.15980982567754,438.13016352358954,5045880
2024-10-25,426.1164855957031,442.7046075058552,424.17580633152045,441.8267006450187,10330954
2024-10-28,408.1421203613281,423.25165562959666,402.2276923859868,417.70687411479844,21378247
2024-10-29,411.7462463378906,412.7166000800046,405.50836677571635,410.4986929872308,7680865
2024-10-30,415.0731201171875,421.2185809941394,411.23798499865507,414.0103759087583,7818123
2024-10-31,417.7530822753906,420.01721274489165,409.57455184972326,417.7068870422245,8475238
2024-11-01,419.6937561035156,424.68405391659485,418.0303328998951,420.15582123810105,3095957
2024-11-04,409.66693115234375,423.3902710926597,402.45872643733804,423.2516571947206,15720990
2024-11-05,416.70953369140625,418.00307340575824,409.1399709897049,411.1521406296829,10186343
2024-11-06,417.5718994140625,420.5422423996047,413.1643257644947,419.4882459542668,9130749
2024-11-07,417.1407165527344,421.9315826455851,416.46998360328485,419.4882233935556,5861077
2024-11-08,406.3133544921875,417.7635365127846,403.6304810917672,417.1407297492363,9934413
2024-11-11,403.91790771484375,407.9422469205515,399.893597750262,405.3072705752044,7201246
2024-11-12,396.7315979003906,407.03195970009125,395.53388141205335,404.82817305800074,6564348
2024-11-13,389.88067626953125,398.12097178650237,388.7308859534516,396.6837119605583,7170870
2024-11-14,392.6114807128906,396.0609101866593,385.760547971495,390.1681506745813,8776485
2024-11-18,396.0609130859375,400.99549940482046,393.80920013233265,396.6358228759618,7352509
2024-11-19,395.00689697265625,404.3490855608513,393.52174022688047,398.55214946667775,6291292
2024-11-21,389.0183410644531,396.58790392166907,387.24571469659907,395.77345080766827,14141967
2024-11-22,396.7315979003906,398.3605040209794,389.40157883999154,390.35975203066135,8155453
2024-11-25,399.9894104003906,409.57114231328893,398.3126073156334,403.39091353301944,10903727
2024-11-26,394.28826904296875,402.43274118601914,392.5635689914788,400.94758443285417,5798977
2024-11-27,399.70196533203125,403.39093819222836,395.43811191481814,402.43276494236557,9219932
2024-11-28,397.8335266113281,407.12778915979897,396.20462046556355,402.432746301177,7788912
2024-11-29,398.98333740234375,400.51642045806415,393.80920767527357,397.9293409739655,7057742
2024-12-02,404.0616760253906,405.69055302508036,399.3666036516687,400.89968671812113,6404844
2024-12-03,404.4449157714844,407.70269882100644,401.80993945713004,407.22361221839657,7928558
2024-12-04,399.2228698730469,408.0859722381537,397.64188989398286,404.4449256656955,6836472
2024-12-05,400.8996887207031,403.63048837753627,394.7673856653886,400.6601454041586,9500273
2024-12-06,399.70196533203125,403.87002481715973,398.9833353946342,402.43276494236557,4252732
2024-12-09,396.6837158203125,403.34303144176585,395.2464559803838,400.51640872678894,6662023
2024-12-10,396.7315979003906,399.74986684390075,394.28826796063265,398.12096072331195,6035289
2024-12-11,399.51031494140625,402.09736495581865,398.1688491104614,398.6000387334257,5353413
2024-12-12,391.9886779785156,400.3726938209503,390.07233150024484,399.0791540998922,9409378
2024-12-13,393.13848876953125,394.04876509050774,385.18566216749934,391.98869836743955,9439175
2024-12-16,393.2821960449219,395.58180584400185,389.4974002622824,393.3300930077907,5434635
2024-12-17,386.0479736328125,393.761285381564,385.18562360728987,393.2821987850375,5070262
2024-12-18,379.2449645996094,387.8685239393379,378.0472480246471,386.62291039782804,7176597
2024-12-19,375.5560302734375,377.99936045062145,370.8130608222827,374.597856989659,5745829
2024-12-20,366.02215576171875,377.23279369484965,364.58489598778533,376.5620607705641,7923854
2024-12-23,366.9324645996094,372.3461377144413,366.4054517576441,369.8548813699416,5163415
2024-12-24,368.4176025390625,370.57349228083854,365.4472597132792,368.75296901378624,4242999
2024-12-26,370.42974853515625,373.97497167320716,368.94456259636706,370.23810220720793,4190081
2024-12-27,364.58489990234375,372.20238848243025,363.6746236726289,371.2921122527154,5909271
2024-12-30,362.0936584472656,366.3096148189402,359.98569488199155,364.584914698159,22328728
2024-12-31,368.082275390625,368.6092882618192,360.3689918535149,362.09369213475406,7686615
2025-01-01,370.2381286621094,371.9149318075366,366.50125892909676,367.5073291199026,3584876
2025-01-02,376.5141906738281,377.4723639248203,367.9864253470961,372.1544848371375,7538972
2025-01-03,377.18487548828125,382.5985482366553,373.2084625443141,376.56206875459674,7122319
2025-01-06,362.9081115722656,377.56815032348675,361.375028553042,377.56815032348675,8774141
2025-01-07,363.9141845703125,368.1780671814211,360.7522245772415,364.6328144997492,6542121
2025-01-08,364.4411926269531,366.0700695676824,360.27313324254413,364.15372311426466,7407778
2025-01-09,356.632080078125,365.59097618917025,355.2906141926549,365.59097618917025,6247612
2025-01-10,353.08685302734375,357.59027913147065,349.44580626652515,355.86554968598193,4893721
2025-01-13,347.7210693359375,354.9073687679607,346.14008930911785,350.7872354567183,8661589
2025-01-14,353.80548095703125,358.3568040025178,347.81689800244374,349.73324454791174,5698113
2025-01-15,358.93170166015625,365.49519420435524,353.8533659419532,356.34462221492765,11117714
2025-01-16,363.00396728515625,365.5431207290193,359.1233478035128,362.6207038062743,6923722
2025-01-17,371.43585205078125,373.0168320545703,362.7164696853859,364.10583258512196,8380692
2025-01-20,370.8609619140625,374.64575812352643,366.64500526678046,373.3043213595451,14597375
2025-01-21,365.5909729003906,373.3521816715207,365.06398933664354,371.7712017391541,20854879
2025-01-22,363.33929443359375,367.84269099457373,358.9795887653581,365.5430811292727,10653690
2025-01-23,369.6632080078125,371.96284707538945,360.4647687020065,361.7103821626728,5844752
2025-01-24,367.02825927734375,375.8434650554001,365.73474875609725,369.9027790865629,5351964
2025-01-27,360.0335998535156,366.98035593851364,357.15908009420616,364.96818625877154,6645109
2025-01-28,355.1468811035156,361.80619635942753,352.368184747073,360.2731134327653,10866038
2025-01-29,363.578857421875,368.8967073508716,355.29063527940144,356.9195415277914,6680927
2025-01-30,368.944580078125,371.148395989458,364.4890805328901,365.7347232413285,6300164
2025-01-31,384.9391784667969,385.96012616083163,364.27750211284814,368.99323182699004,10339434
2025-02-01,374.63262939453125,388.3908983283092,368.55566596889537,384.93916529894426,7015540
2025-02-03,363.6455078125,373.5144909268873,356.35315137240974,373.3686497326203,7689700
2025-02-04,366.1249084472656,370.16003620695085,364.52059591540325,367.0486188272918,4649921
2025-02-05,372.25048828125,374.4381951776327,367.4375212401386,367.53475859229036,5914200
2025-02-06,369.0904846191406,374.0006595713489,366.7569364207909,372.2018723260485,4652107
2025-02-07,367.77783203125,372.3963243039491,365.5901251652346,368.9932247345919,3006598
2025-02-10,360.242431640625,369.3335758635269,358.78396025746457,366.5624743009868,3380494
2025-02-11,349.060791015625,360.2424040982982,347.602319743972,359.7562470077472,6803431
2025-02-12,350.3734130859375,351.7832508127055,341.81703068421405,349.93585984537344,4565992
2025-02-13,351.6374206542969,357.37406843709675,348.67187424576133,351.9777365551143,3712240
2025-02-14,344.3937072753906,354.8946889421429,340.79613280608515,353.8251373697001,4464446
2025-02-17,350.1303405761719,351.9777315753197,339.58072583613375,344.3936928745343,6017586
2025-02-18,351.1026611328125,352.3180538744294,344.00474971816544,350.27618813397817,3843725
2025-02-19,352.2694396972656,355.1863824372574,348.0885003056812,350.03312879900903,3097726
2025-02-20,357.76300048828125,359.2214717015679,350.033091188793,350.033091188793,4624287
2025-02-21,359.7076416015625,360.92303432264805,355.186356940985,357.37406383893904,5235241
2025-02-24,354.7001953125,358.29776958993506,351.15125454689013,357.86021634687523,4533486
2025-02-25,351.1512451171875,355.28358020501753,348.76909328192437,353.922346345914,4525493
2025-02-27,353.7765197753906,357.61714297679214,346.28968873200586,349.0607900752158,6196610
2025-02-28,359.1242370605469,365.3470416829541,355.18634695137825,356.6448181756615,21899478
2025-03-03,350.3734130859375,360.72855294344515,342.64350365379437,359.7562387845679,12675744
2025-03-04,353.7765197753906,356.35314641383445,342.83798526746256,346.2410848921513,5535218
2025-03-05,358.0547180175781,358.6867163375207,352.0263578750279,352.0263578750279,5730797
2025-03-06,372.0074157714844,373.5144908999245,357.9088599883276,359.80485485900965,11247215
2025-03-07,370.11138916015625,378.8136129984824,368.8959964270199,372.0074136929187,8321771
2025-03-10,364.763671875,375.8966815074158,363.69412030381164,370.1600335726285,5541001
2025-03-11,368.5556945800781,369.4794049615521,357.81163427855574,360.72857694930485,5340552
2025-03-12,370.1600036621094,372.2504731212051,363.45101238162306,369.04181866691323,3951912
2025-03-13,367.8264465332031,372.396335099314,366.9027658554908,370.9378638130243,3918004
2025-03-17,375.0701904296875,376.3341869794349,368.5556736328698,369.6738586645774,5456361
2025-03-18,375.0701904296875,375.0701904296875,375.0701904296875,375.0701904296875,0
2025-03-19,384.89056396484375,387.02963730098134,378.0357313725227,379.25112406555763,5827114
2025-03-20,385.4253234863281,387.078269411945,381.19575099533347,386.6893496861154,7025398
2025-03-21,394.1761779785156,399.7183808892837,384.16135340381555,385.42535001793976,16564019
2025-03-24,394.7595520019531,400.39896230434016,393.8358416737658,396.6555764976329,5260300
2025-03-25,387.2727355957031,396.9472737948621,386.10597635447306,396.7041952438548,5636291
2025-03-26,383.86962890625,391.3078561700509,382.26531643328923,387.46720326485536,5025274
2025-03-27,385.8629150390625,388.5853830628803,381.19578884764854,382.36257781367107,7697174
2025-03-28,387.1755065917969,390.77305114498387,382.60561821545286,386.00871774214687,6923988
2025-04-01,386.6407470703125,391.40508085594274,384.11272414140393,386.7865882700682,4332950
2025-04-02,386.494873046875,390.48136698013207,380.66098817069576,390.48136698013207,4197123
2025-04-03,386.0573425292969,388.92568129793904,382.3139565849439,384.0641102817148,4970602
2025-04-04,374.3895568847656,385.0364088469515,372.0074049871701,385.0364088469515,6718760
2025-04-07,367.0486145019531,368.89600556756045,346.14385897402735,348.91496040877576,10202400
2025-04-08,372.25048828125,374.82711491356594,366.222128519926,374.3409578254809,3577328
2025-04-09,364.2289123535156,372.1046634615524,362.7704410250894,371.7157140358319,5781453
2025-04-11,381.244384765625,381.92498686812104,371.56984708842174,379.1539152742814,6185984
2025-04-15,384.3071594238281,387.9533374069764,382.60560969835893,387.9533374069764,4371156
2025-04-16,388.1964416503906,389.02291464917806,381.6333208460321,384.3071848774374,4992290
2025-04-17,387.8074951171875,388.4880972018325,377.5495632835553,385.91147070228385,8364450
2025-04-21,389.41180419921875,394.75953184739774,384.69607479310827,388.1964115519053,8987570
2025-04-22,387.564453125,394.5650976891103,383.3834841851205,392.3287868573824,7558174
2025-04-23,387.9047546386719,390.4813812855118,383.09178757043065,388.92567266033564,7429142
2025-04-24,388.77984619140625,390.1896840045886,385.86290353598395,387.8561358147858,5762303
2025-04-25,382.26531982421875,392.81493477435197,378.8622201417677,389.2173603838339,7337588
2025-04-28,386.1545715332031,387.75888399932745,380.7096061782495,382.26531480433255,3458518
2025-04-29,378.32745361328125,389.2659881452419,377.6954553304139,386.1545708981924,6274213
2025-04-30,374.63262939453125,379.5428336460488,372.4935560723112,378.32744096092165,4559122
2025-05-02,372.88250732421875,380.12626020910494,370.8406415060308,374.8271357848405,5045851
2025-05-05,374.92437744140625,377.16068832769326,371.1809616772511,375.2646933604523,6395704
2025-05-06,367.77783203125,376.91757922584617,366.95135905844285,375.79942387330635,5982166
2025-05-07,372.6880187988281,376.57727557595206,360.04793427317543,360.04793427317543,9162368
2025-05-08,374.77850341796875,384.0154879028943,371.66708624871404,379.2025209601006,14258083
2025-05-09,371.81292724609375,372.6394002130644,366.6110405779912,368.60430240099964,3809943
2025-05-12,384.5502624511719,385.1336569001712,376.77174892497874,381.0985589429934,6743279
2025-05-13,384.2099304199219,388.5367402562879,383.14037892043746,384.5502463069405,6307140
2025-05-14,391.9398498535156,392.8635305161059,385.4739665246884,385.76564890810135,6822756
2025-05-15,393.4469299316406,395.1484797593085,388.5367551551544,392.57185309766055,10511989
2025-05-16,393.5927734375,397.676504916964,392.4260142095634,394.7595623381109,4702603
2025-05-19,391.5509338378906,396.1694262127401,389.9465916958563,394.71095493647186,5446656
2025-05-20,396.8014221191406,405.6980909165077,392.8149280533711,394.27339932089603,18755291
2025-05-21,394.1275634765625,402.100522043612,393.05801193133016,400.25313101421483,7393102
2025-05-22,387.8074951171875,395.3915334314574,382.3139262394316,393.7872210579779,7936875
2025-05-23,390.3841552734375,391.84262658828226,387.95336974869633,389.120158669642,4178408
2025-05-26,391.5509338378906,394.5650840707058,390.6272234938511,391.40506297212454,6067873
2025-05-27,388.8770751953125,392.37738256849804,387.2727330311489,391.356464530098,6553758
2025-05-28,387.1755065917969,390.7244473065289,385.5225606669049,389.89797434408285,6002200
2025-05-29,387.1755065917969,390.0924490432489,386.00871774214687,388.92566019359884,7724668
2025-05-30,386.3004150390625,393.54416760902717,385.3767343640294,387.90475718746717,6565658
2025-06-02,388.63397216796875,390.2868883961593,384.55024092623177,387.9047365657066,6119571
2025-06-03,381.9736328125,389.411830379598,379.68868854739827,388.6339909020916,7360608
2025-06-04,383.6752014160156,384.0641211738084,378.8136302619168,381.97365151208106,3861957
2025-06-05,383.96685791015625,386.7865630547545,381.68191368735864,383.6751755296602,6097293
2025-06-06,387.9047546386719,389.50906710386096,385.0850197737453,386.8352031043212,7633919
2025-06-09,389.8979797363281,394.9540252578387,388.9256655723971,389.8007423854003,9626374
2025-06-10,388.48809814453125,393.3010649493212,387.80749605823473,391.84259375667847,6362912
2025-06-11,390.9675598144531,398.1626792186681,387.36998527600787,389.0229313445207,11946342
2025-06-12,381.8277893066406,391.2106151833423,380.66100042477484,390.87029928674195,11262656
2025-06-13,380.36932373046875,381.48747911658984,375.3132780636504,379.2025348311493,5253032
2025-06-16,383.4320983886719,383.67517693086415,375.5077438477376,380.1748399887603,3706240
2025-06-17,380.4665222167969,384.89056948651574,379.2997630183488,383.09178234048386,3248476
2025-06-18,379.5428466796875,382.50839306416657,377.35513977133195,380.4665273484999,4118145
2025-06-19,373.6117248535156,380.66100268094044,372.88248921619584,379.5428473049182,4416367
2025-06-20,378.27880859375,380.952672509115,373.5144751881797,373.56310869933566,6531957
2025-06-23,381.6333312988281,382.21672576528493,374.0492922529151,376.2856030895452,3359491
2025-06-24,381.7791442871094,384.45300819417554,379.88314950206626,383.5293275571565,4606984
2025-06-25,380.9040832519531,384.45302410457754,380.17484761075605,382.9459489818399,4672204
2025-06-26,383.2376403808594,383.7724310005837,379.83454064191767,381.147170761473,5569101
2025-06-27,383.2376403808594,386.68937363396236,381.2444081171206,384.06411339485163,16253653
2025-06-30,381.0985412597656,386.39763554999854,379.98035625412047,384.55024460778276,4870935
2025-07-01,378.9594421386719,382.9945399498088,378.23020652198426,381.63330606652653,5997283
2025-07-02,376.1883544921875,380.855480411709,374.77851671910884,379.202534418252,7752338
2025-07-03,375.7508239746094,378.2302132463579,374.8271136413136,377.1606617216664,3851213
2025-07-04,375.4104919433594,377.16064551022896,372.7852319203825,376.966200487617,3990767
2025-07-07,373.6117248535156,375.79943176547505,373.3686463077423,375.79943176547505,2810768
2025-07-08,372.25048828125,374.82711491356594,371.71569768075216,374.29235398574195,5231160
2025-07-09,376.72314453125,377.4037466601878,372.2504933257227,372.4449383599874,4497121
2025-07-10,373.4172668457031,378.08439293685143,371.95879550584596,377.306523751989,4668066
2025-07-11,370.403076171875,373.660304738277,370.06276029507524,373.41722620808747,4677164
2025-07-14,373.2228088378906,375.21604106404527,370.9378645502937,371.4240216466899,5109504
2025-07-15,375.7508239746094,376.52866344383574,372.8338814559999,373.2714050301871,4586811
2025-07-16,375.7508239746094,377.2578990734881,374.2923527153047,375.9452690055791,5205724
2025-07-17,375.2160339355469,377.4523743400871,374.2437197612269,376.3341893014801,3749218
2025-07-18,377.7440490722656,378.47328468823525,373.4658727264451,376.28557784032637,5172481
2025-07-21,376.0910949707031,378.6191176523509,374.72986111833046,378.23019793348334,4396850
2025-07-22,378.32745361328125,380.90408025738606,374.82711662851904,376.0911131942538,5043629
2025-07-23,379.9317626953125,381.5847086567224,378.0843717031138,378.61913262862504,3670943
2025-07-24,374.875732421875,379.9317781913805,373.2714199072333,379.299779888361,4022204
2025-07-25,370.2572326660156,375.21604098271683,369.47939318102004,374.8757250807784,4616856
2025-07-28,367.8750915527344,373.2228197697295,366.56246141948236,370.6461930178942,4521716
2025-07-29,373.0283203125,373.6117147411001,366.5138332657061,366.5138332657061,4872086
2025-07-30,369.38214111328125,373.4172389172263,368.5556681479737,373.36863507860306,5107774
2025-07-31,365.9304504394531,368.50707710206996,364.3261379644407,367.53476291446555,6461803
2025-08-01,362.1870422363281,370.59755419533474,360.4368885321755,364.6178277546927,13769152
2025-08-04,364.3261413574219,368.2640019848235,359.9507274724537,362.13843441493776,19756930
2025-08-05,368.9932556152344,370.1600445771592,364.1316843950073,365.59015576107544,6846687
2025-08-06,371.8050842285156,372.98900166487954,368.54924353318205,368.9932313899665,5808208
2025-08-07,374.46893310546875,375.1595742140407,368.5986041187585,369.97985622686457,3468573
2025-08-08,374.616943359375,376.98480838091183,373.0876752451261,373.9263022614513,4172600
2025-08-11,377.37945556640625,379.5500161126256,371.5090964362025,372.939697265625,5740719
2025-08-12,380.1912841796875,381.27656438333895,376.09684669726425,376.44213712244044,4860757
2025-08-13,380.9312438964844,382.80580237082296,379.94463100377607,380.78325798438533,4216888
2025-08-14,379.3033447265625,381.6712096852184,377.42875611313326,380.93125000382366,4034887
2025-08-18,382.6084899902344,383.3484497027805,378.90869142750375,381.4738911194712,3520271
2025-08-19,380.1912841796875,383.2991087695251,379.1060039760361,383.2991087695251,5219052
2025-08-20,379.54998779296875,381.67119946770725,378.41535889130876,380.832572496103,4904231
2025-08-21,378.1499938964844,381.54998779296875,377.25,380.95001220703125,6212604
2025-08-22,374.45001220703125,379.0,374.04998779296875,378.1499938964844,4699261
2025-08-25,380.0,380.75,374.79998779296875,375.0,4349832
2025-08-26,372.45001220703125,379.8500061035156,371.3999938964844,379.0,6381642
2025-08-27,372.45001220703125,372.45001220703125,372.45001220703125,372.45001220703125,0
2025-08-28,374.29998779296875,375.8999938964844,368.6499938964844,372.5,4372269
2025-08-29,374.79998779296875,379.0,372.6499938964844,372.6499938964844,4578400
