Date,Close,High,Low,Open,Volume
2020-09-01,668.7470703125,688.529595447526,636.0204370957689,661.3225323024667,4746522
2020-09-02,662.7877807617188,670.1146809045739,647.352525874763,665.2789292048187,3946609
2020-09-03,708.0189819335938,712.5127951274172,665.865148837182,669.1866603342153,7528192
2020-09-04,690.1903076171875,707.2863499096446,682.5703761524237,688.7249753230027,3620215
2020-09-07,683.9869384765625,704.1602509703127,677.0019761679013,703.3786765380792,4194868
2020-09-08,661.468994140625,686.6733893674159,658.6359069277388,686.6733893674159,2836862
2020-09-09,671.2382202148438,680.4211809739021,648.7203042748157,660.3944736596684,2847119
2020-09-10,696.833251953125,701.1805196687487,665.5720150894019,680.4699375255959,4943692
2020-09-11,704.3067626953125,710.2170598786913,688.3830224808577,698.4941024480837,7359626
2020-09-14,690.6788330078125,718.960502256921,686.7712001715361,704.3556676612598,3056973
2020-09-15,703.7694702148438,706.7978915778368,693.4142075250642,695.1726302872567,2938207
2020-09-16,703.7694702148438,720.1816354938478,697.6149306839317,706.2606190139818,3050802
2020-09-17,707.9700927734375,721.6957735563146,700.0082832092173,703.7693702114791,3942939
2020-09-18,727.801513671875,731.3672671995349,707.9212928708224,711.1451076064066,3228972
2020-09-21,700.3013916015625,732.3442065937895,693.6583682511833,732.3442065937895,2436306
2020-09-22,712.2685546875,728.7784154119662,690.4833662476019,703.76941226468,3326343
2020-09-23,701.8155517578125,715.8342630034649,688.7249001607253,712.5127517088355,2586941
2020-09-24,664.0089721679688,698.4940857670114,659.9059461447276,691.6556691527873,2836522
2020-09-25,691.80224609375,695.7587271029682,667.2328174989217,667.2328174989217,2267006
2020-09-28,717.2508544921875,718.6673981889031,698.4940870974863,698.4940870974863,2555901
2020-09-29,704.7952270507812,722.8193297541552,698.5429907127478,719.009333950416,1829165
2020-09-30,727.0200805664062,729.1692906308019,698.5430172815433,704.7952538573778,2387252
2020-10-01,737.1310424804688,738.5475262510919,719.0580936052164,731.9045633763441,2413277
2020-10-05,732.8326416015625,745.9721422208686,724.8219234233433,734.8353061803092,1907600
2020-10-06,740.2083740234375,742.4064323218538,723.4054221817205,732.9303813836816,1861945
2020-10-07,742.11328125,744.1159457824841,730.7322633471401,737.5706198228755,1633121
2020-10-08,752.5662841796875,756.8158551418206,741.1852066429371,747.339745306048,2229138
2020-10-09,727.8992919921875,755.0575082235702,725.1151125345951,751.7848447225894,2916735
2020-10-12,727.5084838867188,734.9818698785317,720.9630977478795,728.9249677288722,2824839
2020-10-13,732.1488037109375,745.3860018429772,719.9373621227035,725.6523256457558,2751314
2020-10-14,745.9722290039062,750.2706490475869,716.5182580787239,725.847764353409,2415604
2020-10-15,732.7838134765625,750.2217341219158,727.9969098236286,742.7971965105517,1506667
2020-10-16,754.862060546875,758.7208444543198,732.6860855886143,735.5679614199562,1772044
2020-10-19,755.3016967773438,764.3381720344119,743.9695262685844,754.1782434203204,2143086
2020-10-20,759.2581787109375,761.8958125640115,746.8513443460535,757.1089689655149,1746130
2020-10-21,773.4723510742188,776.109985155882,753.7386744784999,761.9935753959787,2418947
2020-10-22,773.3746337890625,776.1099646009252,762.9704633522141,773.4723305891185,1706604
2020-10-23,767.0735473632812,785.4395280508892,764.0450662959176,775.7680836396974,2363692
2020-10-26,761.9935913085938,771.616187800792,750.270633242173,766.8781920898247,1344142
2020-10-27,761.1143188476562,771.7626710712282,755.0086282243583,756.1320815248214,1536888
2020-10-28,759.3070678710938,771.4696609034796,755.2039818850977,771.4696609034796,1985259
2020-10-29,752.4198608398438,759.4048233588799,748.3168343999923,754.9110096911419,1066172
2020-10-30,760.381591796875,775.4260592197786,747.5839709315999,752.2243289568345,1716739
2020-11-02,769.662353515625,773.5700460222852,757.5974569136857,766.2919934222158,1795870
2020-11-03,772.8861694335938,782.4599771765432,768.8808399824328,770.9812015105525,2056424
2020-11-04,765.0219116210938,776.6472312106139,760.7234922356938,772.1534182416539,1505112
2020-11-05,785.830322265625,791.6917711266079,769.3204609003751,769.3204609003751,2985097
2020-11-06,776.0122680664062,790.3240710574514,773.2280888535629,790.3240710574514,1506722
2020-11-09,773.8630981445312,789.6402940882406,770.9812219828107,778.6011537405484,2196951
2020-11-10,771.2742919921875,797.6509919626259,763.0193312194884,780.5549494651731,2914387
2020-11-11,784.5602416992188,789.9332658583547,771.7626206445225,773.7164965904869,2520351
2020-11-12,807.8596801757812,811.816220947158,784.5603105961352,785.4395219242518,3845786
2020-11-13,821.9273071289062,828.423785134996,800.5816937780147,807.9085347190161,5942145
2020-11-14,819.2406616210938,825.1021695531717,815.8214536493172,823.5390808168751,326158
2020-11-17,823.4414672851562,833.7967890349523,816.2611717227062,827.3491595893794,1893365
2020-11-18,829.351806640625,832.0382889210898,818.8987883149041,822.1226029694014,1727008
2020-11-19,817.4334716796875,842.0028393058234,812.79311326851,825.2976448067578,1931331
2020-11-20,836.2391357421875,842.0028879268234,819.2407900069105,820.6084853826026,2058126
2020-11-23,834.8713989257812,848.8412628079067,831.4521905878897,843.4682382378585,2233883
2020-11-24,833.5525512695312,843.8101762740081,830.3775849293148,837.2160015989659,1399638
2020-11-25,823.6369018554688,853.6282038260834,820.6573289778199,836.2391308447599,2401936
2020-11-26,857.1450805664062,860.6619258758273,827.4957183910713,830.572987968432,4266333
2020-11-27,855.5331420898438,865.3999800017855,849.915875473734,857.1450794071771,4020685
2020-12-01,886.8433227539062,889.6763504348678,842.2471269709038,846.9851824361493,4126748
2020-12-02,894.365478515625,897.7358383123465,879.3209504910243,880.7374941380256,2854485
2020-12-03,889.0413818359375,903.5485189248097,885.0848409235966,899.7385830794856,1996094
2020-12-04,909.9962158203125,925.0406854428276,892.0209618253427,894.2678685747139,3042427
2020-12-07,916.052978515625,931.9767179784014,908.774986347649,918.251036671557,3205743
2020-12-08,904.427734375,920.2537174587267,897.1985306137534,915.8576010693748,1763695
2020-12-09,899.0059204101562,912.1942704426293,895.0005310810227,905.5512470249435,1618537
2020-12-10,888.5040893554688,903.4509225906952,881.7145204546108,900.7155317236741,1734033
2020-12-11,881.42138671875,894.5120389535327,880.2002366385523,888.8947725299159,1945748
2020-12-14,890.4090576171875,902.6693483923378,885.377971376051,885.7199102003359,2052814
2020-12-15,890.9463500976562,896.5147685272188,882.1541167734243,890.9463500976562,1467901
2020-12-16,893.681640625,903.9392656611625,889.9694017484104,899.1523620049732,1395643
2020-12-17,891.630126953125,905.0138699306727,890.9463092298299,894.7562449018419,1482672
2020-12-18,888.6505737304688,895.5866873668593,881.1771875560894,890.9463288092285,2224860
2020-12-21,857.0962524414062,888.9436736200925,848.2551708327728,888.6017348156633,1912602
2020-12-22,864.7649536132812,868.8679794401518,843.4193418805022,857.0961744543779,1715164
2020-12-23,881.17724609375,888.0156633842023,861.0039330458877,865.6442919117832,2387101
2020-12-24,876.4391479492188,890.7997996179607,870.5287907457115,885.7198652312694,1425968
2020-12-28,885.7198486328125,891.288266925043,876.3902831246095,880.3956723409508,1495820
2020-12-29,888.5040893554688,901.3505011053543,885.2802743171336,889.9694815958901,1631226
2020-12-30,912.8292236328125,917.2741886330364,876.585685886078,890.0671260885023,2289284
2020-12-31,906.430419921875,919.1302854009144,900.2758209166262,918.1045288772455,2086260
2021-01-01,911.8523559570312,916.3461695572978,899.0059443920129,903.1578191730126,1156184
2021-01-04,942.1854248046875,944.6765733195692,915.5156966840198,915.5156966840198,2678141
2021-01-05,939.108154296875,949.5123240530578,925.0894426280327,932.9536154754021,1517829
2021-01-06,961.870361328125,966.6572653183387,933.0025717691145,937.8382642985711,2171483
2021-01-07,970.9067993164062,981.4575150750088,954.6411798680346,967.1457119238181,1896450
2021-01-08,981.1155395507812,1000.2142457921731,969.1971887481603,976.5728779187496,2390870
2021-01-11,981.1155395507812,988.9308643102383,971.4929437635577,976.279787526171,1254601
2021-01-12,986.97705078125,997.0392223215836,974.6679127549125,982.5809343335034,1557324
2021-01-13,1009.494873046875,1016.9683186580457,984.1927800874105,985.7070205412206,2214186
2021-01-14,996.6973266601562,1016.9194859255981,989.9077585069325,1011.1067660074368,1528096
2021-01-15,1009.2017822265625,1015.3074727100228,978.4778164935855,991.6661654065625,2034259
2021-01-18,976.1332397460938,1005.7826612727267,967.9760360801207,999.3838203678691,1854738
2021-01-19,1008.0784912109375,1028.2029554056712,978.8687031008909,978.8687031008909,4075179
2021-01-20,1010.8137817382812,1014.5261406553611,991.37325466435,1004.2685147515241,1534841
2021-01-21,993.6200561523438,1022.7809334667759,989.1262429868528,1012.0837329313381,1273254
2021-01-22,980.8224487304688,1006.9549053397119,976.9148162840613,998.7000048582208,1033889
2021-01-25,1045.0546875,1088.918157831585,993.5224371206652,1001.3377623739644,15405089
2021-01-27,1037.0439453125,1088.6249800926973,1026.7862606528056,1039.3884289602677,6647316
2021-01-28,1042.7587890625,1051.1602341203843,1014.5748215118938,1016.4797891958133,2845529
2021-01-29,1031.2802734375,1068.7449665529837,1024.246461953245,1038.06984288482,3837388
2021-02-01,1099.6641845703125,1104.695330402495,1023.1717793025811,1035.5297063528458,2107472
2021-02-02,1162.5286865234375,1181.9693936144924,1110.2149189765466,1117.5906688431799,4139299
2021-02-03,1163.35888671875,1177.6707480740888,1145.188241616966,1150.903264370699,2436735
2021-02-04,1161.063232421875,1189.3448990905486,1144.0160989273108,1152.7594834708061,2669863
2021-02-05,1158.7186279296875,1180.8946038626873,1145.9210657206715,1161.0632313606834,1642638
2021-02-08,1182.8482666015625,1191.835891966304,1157.643932647229,1158.620780776271,1963580
2021-02-09,1189.8333740234375,1198.185971310073,1176.205389120786,1182.066957522241,1733956
2021-02-10,1202.972900390625,1220.1665793155444,1187.9284313313206,1187.9284313313206,3276987
2021-02-11,1206.929443359375,1216.0636156893531,1193.3991542725662,1194.7669095378321,1221329
2021-02-12,1213.42578125,1225.83267537372,1192.8618035134848,1215.2820203237372,3434991
2021-02-15,1199.6025390625,1229.5449304542435,1188.661096693284,1228.0307498635307,1921858
2021-02-16,1215.037841796875,1227.981949233601,1197.3068306886987,1205.9036700470303,1567856
2021-02-17,1209.8602294921875,1220.1666437662789,1199.651512022897,1199.7492088276977,1052775
2021-02-18,1201.263427734375,1218.8478953452684,1184.9977473037065,1209.8602679240137,1542595
2021-02-19,1189.8822021484375,1211.0812095959402,1182.0669373816147,1203.3147932270717,1319734
2021-02-22,1202.09375,1206.4898665348185,1186.951464400985,1193.301516930363,1133104
2021-02-23,1203.0704345703125,1221.0456854626252,1193.3989316191146,1210.3973343735365,1440367
2021-02-24,1221.3388671875,1227.981889982632,1202.8262825849133,1210.3974249206037,443684
2021-02-25,1241.1214599609375,1259.2432584044805,1225.0511745745437,1228.9588070904024,1949746
2021-02-26,1173.079345703125,1240.6818189476162,1163.358993129058,1226.0281372138897,2809674
2021-03-01,1236.7254638671875,1240.681945167893,1174.4471006416652,1179.0874596034985,1607731
2021-03-02,1264.8604736328125,1268.5238641751023,1231.8895995727928,1245.5664331961648,1961842
2021-03-03,1287.6715087890625,1311.9966955263449,1260.2201441103352,1269.012377395462,2252759
2021-03-04,1319.2257080078125,1328.6041215940393,1270.4776403905516,1275.8507247612135,1958602
2021-03-05,1308.430908203125,1340.0341481526034,1293.4352868620524,1317.6627772828576,2724965
2021-03-08,1313.2177734375,1336.1264760543595,1300.8109980438348,1309.017050438811,1406248
2021-03-09,1334.807373046875,1375.4959296900545,1329.6298025236547,1350.0960821023416,5099085
2021-03-10,1353.075927734375,1357.2766507780289,1328.6041957628277,1346.188662355415,1090258
2021-03-12,1347.6539306640625,1372.5164486639028,1343.257814224682,1362.7960962078757,1210907
2021-03-15,1352.147705078125,1359.7676958932834,1315.9042295564977,1356.9346085704915,974779
2021-03-16,1352.53857421875,1365.4826819556113,1344.1371282625278,1348.2401544399168,1181261
2021-03-17,1335.540283203125,1362.6984372478867,1329.8741082375227,1350.682449167386,1009550
2021-03-18,1355.762451171875,1367.5830457200984,1340.3271947173878,1359.8654773560907,1797660
2021-03-19,1378.671142578125,1382.3346531733846,1331.535066420978,1348.7287469191658,2441007
2021-03-22,1381.259765625,1395.034295055455,1368.9018396906001,1386.2420626064772,1593946
2021-03-23,1378.671142578125,1389.6614349109418,1361.6728556970966,1381.2599882790073,1007993
2021-03-24,1355.6158447265625,1376.4729135084576,1347.8004601882817,1376.4729135084576,1496233
2021-03-25,1341.059814453125,1368.1203918520512,1322.3519544342362,1351.5617417477192,2174481
2021-03-26,1373.1514892578125,1378.8663927859047,1347.165577596043,1349.11939383795,1772011
2021-03-30,1389.759033203125,1408.3693161064848,1363.5288786766216,1383.8975842832858,2584538
2021-03-31,1417.0638427734375,1422.3879592474543,1377.4499450523754,1384.2883619415884,1247057
2021-04-01,1420.922607421875,1433.1339890176914,1403.7777768973256,1426.2956919489752,1275251
2021-04-05,1413.1072998046875,1438.7024238212339,1392.2012628501116,1421.411048617914,1402086
2021-04-06,1399.4793701171875,1415.7937779957972,1393.0805888611528,1413.5957197100915,739833
2021-04-07,1404.21728515625,1411.1532783956227,1394.8388721474373,1394.8388721474373,609297
2021-04-08,1414.3773193359375,1429.519485604543,1400.4562433694007,1413.400351313104,1573056
2021-04-09,1406.75732421875,1435.4297791689685,1399.7724817798473,1421.4111261636774,1129821
2021-04-12,1344.8209228515625,1392.0546891026202,1335.9798418378516,1385.216272653618,1328953
2021-04-13,1360.0609130859375,1374.2261115676922,1338.959480979459,1341.1086909390235,1428913
2021-04-15,1318.1024169921875,1367.6319431059349,1294.4122589203,1360.8423743806738,2016916
2021-04-16,1321.961181640625,1348.1424881082312,1310.0427703155103,1311.9967063741144,1443699
2021-04-19,1294.1190185546875,1308.0888218775572,1275.117950115501,1299.5896797868666,1241897
2021-04-20,1262.0762939453125,1341.6460310326515,1252.0141217173257,1319.9096893029293,3702862
2021-04-22,1270.1846923828125,1283.3241934269909,1240.9749060648674,1242.5379351149627,1876238
2021-04-23,1248.5948486328125,1292.6048643527774,1232.86662098365,1269.012403152558,2851038
2021-04-26,1282.0540771484375,1290.5043709342458,1255.3354406732867,1255.3354406732867,1238450
2021-04-27,1300.468994140625,1308.284258939581,1277.8045346613073,1289.5275515862072,1241249
2021-04-28,1310.1893310546875,1317.858170996215,1290.6510477752495,1306.5747887563607,1288850
2021-04-29,1319.5189208984375,1337.8849625887697,1301.5436664315555,1323.1334632623953,1800136
2021-04-30,1369.3902587890625,1374.9098883522408,1302.2274225471083,1311.0196553483222,3274647
2021-05-03,1381.89501953125,1392.152585814538,1342.5253606933902,1364.3594001776987,1793989
2021-05-04,1383.2625732421875,1415.4519936394765,1371.5884039235195,1382.3345733407548,2079242
2021-05-05,1388.09814453125,1421.3621056968677,1372.565192974942,1387.3165702096642,2165853
2021-05-06,1414.474853515625,1416.5263664012389,1385.3627662263666,1387.2188855298782,1643323
2021-05-07,1416.1357421875,1428.151850237147,1400.212001499088,1416.5265293966713,1272527
2021-05-10,1411.2022705078125,1440.9493898850678,1397.2324660891456,1426.2957078613117,2080852
2021-05-11,1416.6729736328125,1435.0390133431101,1392.1035465984623,1392.1035465984623,1527199
2021-05-12,1379.74560546875,1423.022890803882,1375.544882767796,1418.4313809258229,1354561
2021-05-14,1335.4425048828125,1389.1239002198324,1323.5729430008791,1387.2189324563544,1245183
2021-05-17,1361.6727294921875,1368.0715106816551,1330.9976106119645,1341.401721129011,755051
2021-05-18,1360.256103515625,1394.8876997056004,1354.1014452414945,1372.662877400289,1049467
2021-05-19,1357.618408203125,1389.0750981531505,1348.5330857139238,1358.888346736188,912471
2021-05-20,1343.501953125,1356.9345434064076,1333.5863275611025,1356.9345434064076,886461
2021-05-21,1340.1806640625,1354.9320430709067,1333.488792308676,1348.1424745151378,743088
2021-05-24,1339.10595703125,1344.625586714221,1319.4211295980429,1340.9620764832282,1450921
2021-05-25,1343.1600341796875,1366.9480056579696,1322.9379955930492,1348.1423310959133,3103636
2021-05-26,1376.8636474609375,1398.893076948765,1349.1681631762563,1353.0269470347368,4319669
2021-05-27,1384.4349365234375,1403.093948368429,1360.8423558507075,1382.28572658273,4469025
2021-05-28,1431.6197509765625,1445.8339163952962,1388.1959198075176,1395.2297299200932,2700533
2021-05-31,1437.2371826171875,1460.3900079090836,1421.4111386355694,1431.4244622986373,2951302
2021-06-01,1411.2022705078125,1445.0035676622972,1403.8266409588066,1441.5355706894302,1122065
2021-06-02,1408.955322265625,1420.8737329704772,1392.6409148371138,1410.665016227927,1804692
2021-06-03,1425.0743408203125,1430.2031828403815,1402.8983667636053,1411.8371441392615,1010766
2021-06-04,1468.5472412109375,1472.2107516653123,1418.8223212651426,1425.1234059967774,2566329
2021-06-07,1466.34912109375,1495.6077564621287,1461.0738530348492,1483.542919933329,2501045
2021-06-08,1468.449462890625,1481.0517513808018,1455.7984457272182,1474.115637802852,1031475
2021-06-09,1457.6055908203125,1492.6279747547817,1450.7183262372744,1475.2389037762425,1734171
2021-06-10,1458.04541015625,1481.9798099662476,1452.867838762349,1456.5800778336704,879471
2021-06-11,1456.189208984375,1475.1413102180536,1441.4378306028702,1471.1359809614664,899012
2021-06-14,1458.5338134765625,1463.1253235232828,1423.560275464371,1447.2992803544246,685484
2021-06-15,1460.73193359375,1480.0259744513755,1453.649274627845,1460.487691588739,817869
2021-06-16,1435.283447265625,1466.8865688840142,1430.1057558736813,1460.976271155593,921327
2021-06-17,1424.537109375,1456.2380437924994,1417.0637833194353,1431.180132383539,798597
2021-06-18,1446.5665283203125,1454.8215484118448,1387.2678056987434,1430.203272784338,1491403
2021-06-21,1462.0994873046875,1466.2025133064035,1421.411046348947,1427.5655853515211,1150374
2021-06-22,1461.7576904296875,1485.6922106407947,1458.5827836868625,1465.3723525260987,1410254
2021-06-23,1464.1510009765625,1477.3393501566084,1449.7415615656826,1465.372210933863,977659
2021-06-24,1464.297607421875,1472.2106890967805,1453.160770777782,1463.4184559423109,1150441
2021-06-25,1472.0640869140625,1480.0258969546405,1455.6030147235508,1467.032941327218,1198951
2021-06-28,1485.496826171875,1511.2873464032216,1477.8279860312214,1480.026044453813,2457270
2021-06-29,1468.595947265625,1488.085380400398,1464.3952245183687,1481.9796898702195,737277
2021-06-30,1464.1510009765625,1474.8483212966485,1456.5799781471655,1468.595965768203,902718
2021-07-01,1465.665283203125,1473.5293963250474,1454.6261439579416,1468.5470992137923,637573
2021-07-02,1455.35888671875,1478.0233481074445,1452.6724640468312,1470.2569310523588,745289
2021-07-05,1455.3099365234375,1473.1874926921246,1451.6953944612042,1462.9299275652006,787645
2021-07-06,1462.685791015625,1489.7952176160898,1457.2639775314178,1457.3127062073165,1828294
2021-07-07,1459.3641357421875,1465.3721292176717,1441.9260966096313,1460.4875291137917,1123558
2021-07-08,1441.388916015625,1464.1509518650753,1438.213889959609,1462.2459841220507,1079337
2021-07-09,1465.5186767578125,1473.1873959684638,1427.2724183164692,1440.9492507387126,801755
2021-07-12,1500.687744140625,1505.1327091006974,1472.2106833013702,1472.2106833013702,1866434
2021-07-13,1540.2528076171875,1545.6257725038683,1502.4950293027302,1504.4488456002935,2184726
2021-07-14,1531.6070556640625,1543.5253465541941,1527.0643940508046,1539.12923013662,705279
2021-07-15,1521.3006591796875,1543.2812432427647,1517.2953295906784,1531.802586908196,911522
2021-07-16,1536.0032958984375,1542.841713068848,1512.313017951257,1528.6763947030386,853187
2021-07-19,1522.8148193359375,1539.2269234031203,1509.1868345274231,1522.8148193359375,562032
2021-07-20,1537.761474609375,1550.9009744373861,1503.3741203312966,1522.2285231652527,1735941
2021-07-22,1545.528076171875,1562.5753299014539,1536.8823881687822,1558.179213298984,986602
2021-07-23,1513.7296142578125,1552.2688485652984,1509.4800427140437,1543.525463466455,1414915
2021-07-26,1514.46240234375,1530.0929338959418,1505.474774865351,1513.7296762798105,1014895
2021-07-27,1483.640625,1528.0901553145868,1478.0721467814749,1515.3902895104193,772365
2021-07-28,1498.147705078125,1501.7622471344785,1451.6953920997091,1492.7257722671275,1298575
2021-07-29,1508.942626953125,1521.6424924807807,1487.84131560645,1507.379597893567,1223764
2021-07-30,1515.5367431640625,1529.8486053243894,1486.522351388464,1502.2018489572588,1130851
2021-08-02,1554.9063720703125,1576.935801809877,1522.6682260098996,1528.8716132374568,2029644
2021-08-03,1555.63916015625,1562.9659410787933,1508.8449083079327,1538.6408751660706,1650483
2021-08-04,1518.9559326171875,1568.192484823766,1501.5668603860354,1553.2945612149879,1252484
2021-08-05,1501.908935546875,1517.1487993323558,1489.7952498545735,1503.4719647302252,718574
2021-08-06,1495.656494140625,1517.6370754083582,1485.1058390774058,1508.9425396947422,688396
2021-08-09,1477.2418212890625,1511.287362871811,1471.771159237865,1509.333546444492,611589
2021-08-10,1456.189208984375,1484.9105110915066,1443.8312824223367,1484.9105110915066,933609
2021-08-11,1467.716796875,1481.8819941260028,1445.8339119650173,1449.741544328986,1273342
2021-08-12,1462.7178955078125,1484.9679199640705,1459.1402955015699,1470.0692616881238,508925
2021-08-13,1467.2266845703125,1502.07194573631,1456.0526610575296,1463.6980961457489,2451296
2021-08-16,1461.345703125,1494.769751543515,1457.9150175007235,1469.1870643354866,932948
2021-08-17,1451.6419677734375,1468.844047776499,1431.1563566614118,1466.8346958755828,1095272
2021-08-18,1471.4415283203125,1478.8909178477873,1450.6618482654594,1452.8182346910103,891871
2021-08-20,1455.2196044921875,1473.4998166017772,1445.7608635589916,1460.4144641779387,777228
2021-08-23,1412.0916748046875,1469.5300379057187,1403.6131645721855,1465.3643000501972,1168369
2021-08-24,1431.205322265625,1433.0186280569446,1412.0917938742089,1415.3754450041008,916666
2021-08-25,1419.0020751953125,1443.4574982588201,1417.433826939856,1437.4294426703818,842972
2021-08-26,1410.5235595703125,1430.8132443067238,1401.7019679567645,1417.4338223510924,940660
2021-08-27,1429.391845703125,1438.8995980506772,1414.3461531552582,1415.3753948557917,899807
2021-08-30,1441.9871826171875,1453.6021894584678,1433.0185570016122,1435.9590072804504,767630
2021-08-31,1470.6573486328125,1474.5780290753687,1438.5564922095475,1452.622074445558,1662849
2021-09-01,1456.542724609375,1484.4777223396813,1450.857750098473,1480.0669269019359,666666
2021-09-02,1469.5301513671875,1477.126575183693,1455.5625915076062,1460.4635023488192,1022291
2021-09-03,1480.5081787109375,1489.8198855954815,1462.91400670596,1480.0670750977474,1140167
2021-09-06,1500.6507568359375,1535.9371221684482,1482.0273439654457,1482.0273439654457,2520316
2021-09-07,1523.6361083984375,1527.0176626935288,1484.7230074897184,1507.5121607871179,1162828
2021-09-08,1545.44482421875,1576.7614964547822,1521.6265524217138,1531.03616144411,4094362
2021-09-09,1566.224609375,1571.2235433417663,1538.8777473461555,1548.5324145697575,845937
2021-09-13,1574.507080078125,1581.5152452731156,1548.2382329690236,1578.0846799382075,971858
2021-09-14,1579.84912109375,1587.788625813068,1562.4019834931912,1578.0848267537651,1087072
2021-09-15,1574.9481201171875,1590.4839279517698,1558.4812137159588,1582.9856474034425,1003371
2021-09-16,1547.16015625,1585.9260985268438,1542.7983720968216,1582.9856481687743,855454
2021-09-17,1537.701416015625,1577.8886921065155,1531.379291578671,1555.7857022691508,1964523
2021-09-20,1505.1595458984375,1536.4762185399175,1498.2492834733284,1533.976751694559,777241
2021-09-21,1526.282470703125,1533.976918110936,1496.4361401011254,1504.5715710137538,771658
2021-09-22,1543.435546875,1551.2769081259385,1516.284611310059,1520.548372512351,920391
2021-09-23,1574.9971923828125,1592.7874102444152,1542.2593042318513,1547.4052727438661,1218521
2021-09-24,1597.4432373046875,1625.1332996375484,1582.9856823740697,1582.9856823740697,2009800
2021-09-27,1616.1156005859375,1624.3980651645488,1590.0429191158419,1602.6871677759261,912417
2021-09-28,1616.066650390625,1651.205981922456,1608.5682495512006,1620.2323885926653,1569131
2021-09-29,1636.79736328125,1645.2269830652965,1602.6382610369187,1609.4505009060065,821908
2021-09-30,1636.3564453125,1660.7138466484587,1627.0937495700737,1627.0937495700737,1081824
2021-10-01,1643.903564453125,1654.195380787769,1603.0792595538296,1627.0445662428035,705296
2021-10-04,1608.6171875,1622.0456202054047,1588.866630513802,1619.2520843192992,1154208
2021-10-05,1594.7476806640625,1620.673448009109,1590.8270001250619,1608.6172172064953,543442
2021-10-06,1567.3028564453125,1607.4901338159625,1560.441605177671,1588.8667203571842,1041144
2021-10-07,1560.4415283203125,1594.7476628425666,1558.4811880727193,1577.0554689786331,3216011
2021-10-08,1567.106689453125,1584.7498713150485,1560.098404191084,1564.3621651326325,696357
2021-10-11,1619.0072021484375,1632.4846478227348,1575.095287862932,1575.1442993772298,1703912
2021-10-12,1605.1866455078125,1631.9944998001731,1596.2670312469265,1619.0070503602162,771610
2021-10-13,1643.8056640625,1679.2880774671441,1590.631055468551,1605.186754077242,1353155
2021-10-14,1717.7598876953125,1739.8138649110726,1646.6970455275866,1646.6970455275866,2318372
2021-10-18,1719.18115234375,1762.7499814840098,1711.388802888371,1727.0715248174986,1339088
2021-10-19,1683.845947265625,1735.3542857466416,1677.6218453457423,1722.1709091944356,551969
2021-10-20,1658.9493408203125,1689.7758999997322,1648.4614779179533,1676.2005521039998,837973
2021-10-21,1711.1927490234375,1719.2301559879716,1656.5477995624062,1675.5142925201446,1374606
2021-10-22,1679.8271484375,1729.7671156434321,1676.2005368469036,1713.9372383471741,719097
2021-10-25,1676.739501953125,1685.6101047913123,1636.0622308996906,1666.3006509153206,576094
2021-10-26,1704.919677734375,1731.9725917298908,1670.4665056893584,1682.963720901386,1340095
2021-10-27,1694.1376953125,1719.867417806624,1688.5507433052578,1709.4284462219982,527976
2021-10-28,1668.653076171875,1701.537997471115,1658.9982892118692,1701.537997471115,652099
2021-10-29,1686.9825439453125,1707.9582704944207,1642.2374345731082,1671.201677456773,1156691
2021-11-01,1753.536376953125,1760.2505936339921,1685.1200309747192,1687.8645554859777,1416529
2021-11-02,1709.4774169921875,1769.2192054800291,1703.0572694312712,1756.4769333801764,1121991
2021-11-03,1750.15478515625,1757.653185857467,1700.8028370348836,1710.4086125538936,1007472
2021-11-04,1756.0848388671875,1764.318412323359,1750.154806424359,1761.37784179428,95576
2021-11-08,1812.298095703125,1820.286491729526,1744.2248288063286,1756.0848940647734,1498465
2021-11-09,1826.902587890625,1842.634441666548,1811.9059067623502,1814.307350618418,1049506
2021-11-10,1837.292724609375,1842.1445041728734,1805.4859334220719,1810.288821597263,507309
2021-11-11,1807.7891845703125,1855.474740985859,1795.4878962010953,1840.5760828411544,949302
2021-11-12,1821.6097412109375,1837.8315902796724,1805.9759101456941,1821.0706145920062,1157525
2021-11-15,1819.061279296875,1852.4853280804143,1803.574482623406,1822.1977757648226,653718
2021-11-16,1787.0093994140625,1837.831572737134,1780.9813440204896,1823.1289605176573,518987
2021-11-17,1757.114013671875,1789.1167271913682,1751.232992963964,1789.1167271913682,669416
2021-11-18,1739.3238525390625,1776.03143184973,1728.394886301297,1747.851374882532,477111
2021-11-22,1743.0484619140625,1762.6519847439774,1715.3095089431888,1734.3739051640346,748099
2021-11-23,1747.99853515625,1768.7293245049584,1730.4533741009702,1743.7347736778027,1470853
2021-11-24,1712.3199462890625,1758.388243478206,1699.7247088561573,1754.5165744036947,698612
2021-11-25,1731.7274169921875,1737.8536155259426,1681.9834969515507,1681.9834969515507,708577
2021-11-26,1656.596923828125,1723.003919202206,1645.7169687295814,1722.4649126932002,751240
2021-11-29,1650.5687255859375,1686.0021238947813,1610.1363937072686,1646.6970567015364,1454309
2021-11-30,1629.4951171875,1675.7594620877503,1617.5859203452155,1646.6971969726012,1649983
2021-12-01,1646.3050537109375,1660.8116199984315,1620.5754521012639,1633.9548737685946,867171
2021-12-02,1689.6778564453125,1715.3585669483207,1640.2770160153048,1643.364500971163,984813
2021-12-03,1670.123291015625,1707.5660422584347,1664.4383162724757,1700.8518258121833,921208
2021-12-06,1627.8287353515625,1684.5320521869573,1624.3001467022516,1667.280960788093,851251
2021-12-07,1652.1370849609375,1663.3601204315707,1633.9548953819121,1633.9548953819121,824437
2021-12-08,1682.228515625,1707.4680013260584,1660.4195953124602,1666.3006160325979,1008502
2021-12-09,1688.5997314453125,1695.7060402310924,1668.2610353175646,1695.509994185174,653385
2021-12-10,1714.525390625,1722.366872133841,1681.0033184493077,1681.0033184493077,973292
2021-12-13,1698.107421875,1734.6189544416175,1693.0104651206034,1727.0715423293857,716279
2021-12-14,1687.864501953125,1710.310572192621,1676.5434438137177,1681.003250955719,615369
2021-12-15,1670.6134033203125,1697.6663150987922,1664.3402904715888,1681.003242722066,573823
2021-12-16,1683.257568359375,1705.3605568230248,1668.1628650398995,1677.9646859655618,886870
2021-12-17,1632.7786865234375,1680.6114009363569,1623.368956458436,1671.7407975185968,617780
2021-12-20,1584.4068603515625,1622.9768766777759,1569.2631446050825,1622.9768766777759,948588
2021-12-21,1604.010498046875,1635.7192656026211,1586.073245065673,1586.073245065673,949077
2021-12-22,1606.1177978515625,1629.0539838979985,1596.904114223913,1615.2334584565242,899027
2021-12-23,1626.7015380859375,1636.7973087083992,1603.7163407174112,1614.3513580864696,1111226
2021-12-24,1578.967041015625,1634.935065772314,1563.6272782774247,1627.2897502229273,1124342
2021-12-27,1570.782470703125,1584.210904485656,1560.6376881599754,1568.773118799663,1202016
2021-12-28,1589.7978515625,1606.9019072151416,1580.0450417641612,1584.9459524178615,1432912
2021-12-29,1572.8406982421875,1606.4117797983179,1566.3225279657051,1591.8071910936512,755567
2021-12-30,1562.058837890625,1588.1805316913435,1556.079793938198,1573.1838502362384,1165542
2021-12-31,1590.092041015625,1611.4108478093192,1568.8221256084469,1571.321592633614,1663106
2022-01-03,1628.661865234375,1633.8078335890227,1584.9460003538945,1597.4432147851805,628963
2022-01-04,1658.4593505859375,1662.870146411628,1625.1333243333575,1637.8755966906294,895183
2022-01-05,1712.4180908203125,1718.3481236290363,1650.6179352692936,1651.5981655482196,1771249
2022-01-06,1686.4432373046875,1711.4867966817144,1676.6904276484565,1711.4867966817144,1158707
2022-01-07,1762.0150146484375,1771.1795666803569,1687.8645618126534,1687.8645618126534,2905803
2022-01-10,1802.398193359375,1808.4263689480326,1758.04517851652,1774.1201132091867,1468479
2022-01-11,1810.28857421875,1833.9107996238856,1784.901934530258,1797.7912403428656,1416519
2022-01-12,1836.8515625,1840.2331166450488,1808.4264465966085,1821.1197077081797,701250
2022-01-13,1820.041259765625,1845.672956938714,1813.3270435803745,1842.73238659898,844542
2022-01-14,1820.4825439453125,1830.7253494534352,1796.027120532396,1823.0310224757502,1239491
2022-01-17,1880.665283203125,1890.7610533421437,1809.4063937481333,1820.4823940590209,1256235
2022-01-18,1815.532470703125,1891.5452361872535,1806.1718731994035,1889.7319304967812,945496
2022-01-19,1770.689453125,1826.9515413549675,1760.6915859396338,1808.4262723590616,809295
2022-01-20,1794.7039794921875,1800.3399432217168,1777.648933635384,1780.9814763338645,716176
2022-01-21,1756.574951171875,1792.74352415467,1743.734656088275,1792.74352415467,527053
2022-01-24,1657.18505859375,1756.2809305735263,1650.6178763381888,1756.2809305735263,1022826
2022-01-25,1687.1785888671875,1691.981356815903,1625.1823877669528,1635.52321649383,837999
2022-01-27,1653.6075439453125,1666.3008055028922,1627.1917790208167,1663.458257774796,817874
2022-01-28,1663.360107421875,1701.9301244158003,1657.52809799417,1666.300677954343,1141606
2022-01-31,1693.255615234375,1702.567322077942,1668.2610653190786,1672.083723030725,513199
2022-02-01,1736.2362060546875,1741.7252548609924,1683.0616013275087,1702.1751290044201,1145245
2022-02-02,1742.8524169921875,1754.5165557282864,1728.0517818719904,1744.7147342439177,691679
2022-02-03,1698.3524169921875,1750.5959251839035,1687.8645541952683,1743.7836854854772,482344
2022-02-04,1700.90087890625,1730.0121547216227,1692.9614946503539,1698.3524004672734,571680
2022-02-07,1678.406005859375,1714.966552761791,1666.3007626635144,1690.8542095232688,483211
2022-02-08,1683.7479248046875,1693.7457931922072,1651.990145384197,1687.2276221851519,423296
2022-02-09,1705.213623046875,1711.3888330605246,1679.0429181958132,1684.0418519682912,455811
2022-02-10,1733.4918212890625,1736.1872140868506,1692.373326667167,1692.373326667167,624867
2022-02-11,1676.24951171875,1725.1113482338792,1668.2611154687904,1715.3096460983083,987534
2022-02-14,1610.3814697265625,1662.9680555767877,1603.2262699723979,1662.9680555767877,828020
2022-02-15,1678.160888671875,1681.787500287314,1585.9751602860126,1626.4074951898776,1199604
2022-02-16,1687.1785888671875,1715.2606244875865,1678.6019343754429,1680.8073323587466,1208851
2022-02-17,1677.32763671875,1717.073809125413,1666.3006475808118,1703.49834158929,1071634
2022-02-18,1688.5997314453125,1705.4097188727835,1664.3403546517045,1668.2610353175646,1205180
2022-02-21,1658.9002685546875,1702.3221840553229,1653.9014549089034,1670.2213267437062,1035748
2022-02-22,1650.7647705078125,1656.2048076465358,1604.6964756117459,1604.6964756117459,884474
2022-02-23,1636.69921875,1670.2212889684909,1630.1810484402586,1656.5968102417762,675772
2022-02-24,1513.736083984375,1620.183316323881,1504.5714122330642,1592.7873240887325,1260593
2022-02-25,1536.7703857421875,1567.1068301361793,1529.2229732148448,1548.6794624923461,1125821
2022-02-28,1566.812744140625,1572.5957421599282,1507.95316182002,1521.7246758917877,1217106
2022-03-02,1517.8038330078125,1551.3749157995471,1508.0021315411116,1540.8380416754994,1150949
2022-03-03,1473.7939453125,1546.3270189448094,1466.5407220376474,1527.1155873668476,1150368
2022-03-04,1448.3094482421875,1484.8699952706897,1418.3159635363133,1455.5626717557655,1633853
2022-03-07,1417.8748779296875,1446.4470266823614,1381.7553169988778,1416.3555211162882,927442
2022-03-08,1429.293701171875,1436.6450666005303,1379.3047285852388,1411.454474222563,819693
2022-03-09,1463.7471923828125,1478.7928857568904,1414.8853574565483,1436.6452676288227,1697970
2022-03-10,1524.076904296875,1543.7785699650299,1500.7487473303936,1519.274136778958,1492221
2022-03-11,1535.201904296875,1544.6606449841552,1510.452533883883,1522.9497478622995,1206952
2022-03-14,1546.2288818359375,1552.551126168331,1515.2552902882837,1525.3511805157525,550221
2022-03-15,1533.2415771484375,1567.008705084021,1526.7234068054147,1541.8181107510334,916893
2022-03-16,1572.2528076171875,1583.8188038464252,1544.9548365829658,1548.2383676783936,1406631
2022-03-17,1587.739501953125,1623.907953805469,1580.0450553430148,1587.8865364815745,2739045
2022-03-21,1538.338623046875,1582.446581346967,1525.5963506771272,1575.1442264335612,1291439
2022-03-22,1551.1298828125,1559.412347711439,1494.8677911617297,1538.3385991295966,1017766
2022-03-23,1550.73779296875,1563.382162262425,1533.2906559428104,1562.8920471490553,844629
2022-03-24,1567.6949462890625,1572.1057420886254,1537.99553184642,1545.738990314627,1080721
2022-03-25,1559.5103759765625,1580.0451181297638,1542.994457634429,1569.7533013605746,662852
2022-03-28,1579.015869140625,1584.8968896591466,1543.9744431881497,1563.1859931092256,1283149
2022-03-29,1591.51318359375,1606.117772863253,1575.0951684327342,1586.9063418515993,1743946
2022-03-30,1634.640869140625,1644.6877480513413,1600.1877000911159,1605.5297143572159,1510711
2022-03-31,1631.0142822265625,1645.3249224129745,1617.5858492216244,1636.8953030576392,781390
2022-04-01,1636.8463134765625,1647.530222186298,1625.1332831675702,1628.269779602331,844681
2022-04-04,1646.403076171875,1654.5385064425734,1626.1133918795747,1633.9548732123426,808254
2022-04-05,1668.5550537109375,1678.0628061442048,1636.454316560537,1654.5384826109917,1206116
2022-04-06,1666.0555419921875,1683.2576205261253,1659.8804522782416,1666.3005995355481,448766
2022-04-07,1648.608642578125,1666.300838738557,1634.9351504532108,1656.0090210712226,867367
2022-04-08,1736.13818359375,1750.3998120918368,1642.7764234833458,1642.7764234833458,2508015
2022-04-11,1784.0689697265625,1794.6058439414335,1729.718087154939,1749.321610383566,3289420
2022-04-12,1720.7005615234375,1779.0211400181604,1715.3096553513578,1766.2788671100518,1507804
2022-04-13,1730.943359375,1742.7544126412133,1703.9394586200146,1722.1707795055402,839407
2022-04-18,1706.7821044921875,1732.2666498916553,1690.9032150676883,1726.0915595949773,466583
2022-04-19,1686.2962646484375,1741.7742909774552,1666.398672665413,1719.230197572797,747891
2022-04-20,1702.17529296875,1724.1312500564095,1683.0127519365274,1684.2380397908946,678130
2022-04-21,1729.2769775390625,1734.8640495111115,1700.1168104152832,1710.4086270397788,711001
2022-04-22,1682.816650390625,1719.230159475954,1676.1024340281554,1713.3491387675035,900053
2022-04-25,1660.12548828125,1672.034563976571,1645.0797961978583,1654.5384166176154,453315
2022-04-26,1683.94384765625,1695.706009567387,1661.3997540458422,1671.2015756594983,753432
2022-04-27,1666.4967041015625,1675.612364529752,1643.7565645414818,1662.3799774810093,426076
2022-04-28,1677.9647216796875,1686.8843356664393,1656.4987622259002,1682.9635351369775,814436
2022-04-29,1658.7532958984375,1704.0865418555518,1651.6961186937933,1682.3756433585113,1115565
2022-05-02,1646.2559814453125,1655.4696646144516,1624.3490382272778,1642.7764045655565,438839
2022-05-04,1590.092041015625,1669.7313046002753,1583.328812631719,1646.7952380113281,607695
2022-05-05,1575.0460205078125,1612.2927231774897,1569.7531382021887,1599.5994637937706,524858
2022-05-06,1534.56494140625,1572.595711588411,1520.3033124932504,1558.8733294215112,527671
2022-05-09,1520.9896240234375,1542.4554666553188,1506.139975637788,1519.2253295830285,965410
2022-05-10,1511.53076171875,1544.6117303176723,1503.983469400239,1520.254330321447,856641
2022-05-11,1504.91455078125,1532.702636162174,1478.1557071372133,1511.4327214027778,840087
2022-05-12,1456.3958740234375,1499.6706382359466,1434.243871021661,1496.730187656912,693593
2022-05-13,1445.85888671875,1487.8594684304505,1436.8902608851124,1473.793885804404,489395
2022-05-16,1423.4617919921875,1467.2266668356551,1409.102260794233,1445.7608272388165,814351
2022-05-17,1452.033935546875,1460.4634345316329,1419.3450611634837,1427.1374105356447,772250
2022-05-18,1457.8660888671875,1479.4300736744044,1446.888110472676,1460.4635789568558,776063
2022-05-19,1428.90185546875,1441.7911617654106,1417.8748664148816,1440.85994308089,525816
2022-05-20,1458.8463134765625,1491.8292600456205,1439.1447662591,1442.8203895054244,645075
2022-05-23,1428.509765625,1480.508094480364,1423.216762820366,1456.5427875826456,959790
2022-05-24,1374.9429931640625,1437.919296132147,1352.6439586939985,1429.0977053583301,1863231
2022-05-25,1348.2823486328125,1416.0615477826373,1329.903992109302,1372.2476573077556,3390982
2022-05-26,1364.9453125,1373.0807425686507,1313.6820364878572,1364.4061858957223,1562780
2022-05-27,1369.012939453125,1394.7425387596097,1350.732608603294,1382.04927937851,1274718
2022-05-30,1412.4349365234375,1420.2762981687374,1375.2862514826256,1382.0494799585128,784377
2022-05-31,1400.2806396484375,1426.402331769,1391.7039861693625,1419.541081061487,2034013
2022-06-01,1408.0731201171875,1421.2564961756284,1384.5979271013457,1396.7520614009188,871147
2022-06-02,1404.1524658203125,1420.2762926694372,1387.5384037124318,1420.2762926694372,888795
2022-06-03,1312.8978271484375,1412.9739219050375,1303.6841440479943,1406.5537746651003,4829454
2022-06-06,1300.400634765625,1313.4369754955658,1284.0316315260482,1307.5559547521616,2364329
2022-06-07,1300.3515625,1310.4963438304715,1271.7794155244287,1288.9324819859353,2011482
2022-06-08,1302.4100341796875,1328.1396360155904,1281.5322115683455,1310.4964530135421,2671127
2022-06-09,1283.149658203125,1300.6948190958235,1276.1903836372276,1300.6948190958235,1360831
2022-06-10,1300.20458984375,1305.3995695869423,1260.5564410170473,1264.4281100066207,1149961
2022-06-13,1266.9276123046875,1289.373682972313,1260.1643841979412,1274.2299670298435,1204017
2022-06-14,1283.3946533203125,1295.3528625679653,1260.6056198169126,1273.249870160865,1069818
2022-06-15,1305.3016357421875,1314.4171764808425,1282.0223684524922,1293.1963927262946,1062150
2022-06-16,1259.576171875,1321.1802737422195,1252.7149211508781,1318.3378465378114,954602
2022-06-17,1264.47705078125,1280.8460531191902,1251.2936762494217,1261.3894459884414,1027138
2022-06-20,1289.912841796875,1295.3037477368136,1259.5272660054973,1264.5261999757852,670772
2022-06-21,1307.654052734375,1313.4371714481124,1290.4519713956856,1304.6155789537827,582021
2022-06-22,1298.636474609375,1304.6155189886797,1284.7669367887545,1301.7729712791286,506446
2022-06-23,1289.9617919921875,1315.2012779513313,1273.3477311016961,1307.5559629496001,829824
2022-06-24,1297.01904296875,1313.4370587584679,1285.2570007363088,1294.2746385236007,761751
2022-06-27,1322.5526123046875,1328.4336329439263,1305.5954712532425,1313.4369522318073,1127432
2022-06-28,1316.4266357421875,1327.012521760474,1300.4007121148304,1317.3577343489953,661031
2022-06-29,1297.01904296875,1332.9425595805426,1292.6572586124787,1304.02732887151,1556138
2022-06-30,1294.5684814453125,1310.839461365042,1284.1296307779428,1305.0074522389284,1138089
2022-07-01,1320.5433349609375,1323.2387278268322,1279.4248393000664,1293.8335028481824,518559
2022-07-04,1324.02294921875,1330.6881545564552,1305.2036095085416,1313.437063123867,787143
2022-07-05,1322.99365234375,1350.487545641189,1318.729771436737,1328.1395001086103,704841
2022-07-06,1342.499267578125,1347.9391848535756,1318.925932339086,1332.2073308995004,709046
2022-07-07,1347.595947265625,1364.308029480456,1340.930743006815,1354.6042320572485,546507
2022-07-08,1363.76904296875,1379.1088046275042,1354.8004171949058,1354.8004171949058,1079820
2022-07-11,1378.128662109375,1383.0294525872755,1346.7629783943294,1360.5344915440091,761236
2022-07-12,1352.693115234375,1373.472915338418,1349.0174920599386,1363.6710933715804,318839
2022-07-13,1371.41455078125,1378.324693513022,1360.7795331133332,1364.210218849316,470489
2022-07-14,1364.210205078125,1380.0890940249765,1353.2322270610584,1375.1881830951913,380844
2022-07-15,1370.4833984375,1379.1089445182386,1361.367737209842,1371.0715366138036,288785
2022-07-18,1399.9866943359375,1402.731098760504,1378.2267842302374,1381.0692116789853,606107
2022-07-19,1413.6109619140625,1417.2867049556453,1389.890712993052,1389.890712993052,764754
2022-07-20,1413.072021484375,1435.910064312476,1409.494301293391,1435.812041290086,810415
2022-07-21,1435.5670166015625,1438.7035128748912,1413.5620506750631,1416.3554663908803,780126
2022-07-22,1491.192138671875,1499.6706501317374,1428.2158265247463,1435.9591652708887,1650074
2022-07-25,1468.794921875,1491.1919802442173,1452.5240618834007,1491.1919802442173,1205285
2022-07-26,1484.8209228515625,1487.3694013300108,1455.6606350736745,1468.7949994326932,882250
2022-07-27,1516.1865234375,1530.8401237083945,1482.9585223116908,1483.7917179626227,1287079
2022-07-28,1519.8624267578125,1535.9863752698443,1507.5612565173278,1525.1554304407118,966093
2022-07-29,1541.8179931640625,1556.2266550084437,1524.2728352234649,1525.5961458705704,804695
2022-08-01,1537.309326171875,1557.844067839006,1529.1248844616853,1545.1508074364212,556560
2022-08-02,1558.334228515625,1562.8920588515855,1521.2345563020422,1529.1249291813642,907650
2022-08-03,1555.3935546875,1572.7426676689802,1536.525205070303,1560.539522822302,539764
2022-08-04,1548.0423583984375,1569.9493021134333,1530.2521412723502,1568.1358762428129,720561
2022-08-05,1566.6165771484375,1583.8676669770998,1550.7376894193296,1555.7856344974593,951109
2022-08-08,1566.959716796875,1575.1931699571855,1553.5802953482453,1565.832572195136,461663
2022-08-10,1578.967041015625,1584.1619010328022,1555.0506238515627,1563.4802437379167,567647
2022-08-11,1573.215087890625,1592.8797688818463,1566.2834300315446,1592.830604769363,451982
2022-08-12,1595.3868408203125,1625.2770536426108,1563.3336481262932,1581.1300922095647,1803740
2022-08-16,1564.8575439453125,1607.431372400439,1516.7776968390901,1604.1374976312684,1431538
2022-08-17,1589.438232421875,1611.4625474687825,1569.2820329503347,1573.16575642283,1052538
2022-08-18,1586.6851806640625,1594.4035840883978,1559.4006673366314,1581.0316697674687,1010974
2022-08-19,1578.9178466796875,1594.7970111352415,1567.3648830200484,1592.7814030712543,815549
2022-08-22,1537.8677978515625,1572.182535925998,1527.6914305323523,1572.182535925998,962565
2022-08-23,1568.692138671875,1580.5400865851586,1521.0056033616527,1531.870269082851,1878454
2022-08-24,1585.21044921875,1590.0282909996142,1548.6342793724086,1568.249795265966,907999
2022-08-25,1597.59912109375,1619.7709302508863,1588.94671952026,1589.880837633425,872154
2022-08-26,1647.15380859375,1659.1492486064678,1602.6135361493689,1602.6135361493689,1352886
2022-08-29,1636.1417236328125,1653.7906754272424,1587.029427895595,1606.5956595130613,1007459
2022-08-30,1650.4967041015625,1663.6229184315866,1642.1884518535658,1642.1884518535658,830049
2022-09-01,1656.740478515625,1677.8306780487032,1632.5530603551815,1632.6513885814559,1368943
2022-09-02,1659.591552734375,1669.0305792990814,1642.040930497022,1657.133467878972,601416
2022-09-05,1682.058349609375,1685.4997166171245,1651.8241106498042,1664.5568914278724,790436
2022-09-06,1694.152099609375,1701.7228900460311,1675.4215389441651,1675.4215389441651,833826
2022-09-07,1720.7977294921875,1725.566407205632,1681.3211178029303,1681.3211178029303,800842
2022-09-08,1740.167236328125,1742.7728135798004,1720.6993338537488,1727.8277680893943,608734
2022-09-09,1718.9295654296875,1767.6485465123062,1713.0301133418066,1742.7728328257606,695716
2022-09-12,1738.7908935546875,1742.281304524089,1717.7005739006956,1717.7005739006956,420084
2022-09-13,1759.63525390625,1778.3166523664709,1741.2980042282313,1741.2980042282313,812176
2022-09-14,1752.9000244140625,1768.6808598122605,1734.4154040366357,1734.4154040366357,710550
2022-09-15,1777.972412109375,1785.78902347329,1747.0990385268904,1756.0464244027214,1078073
2022-09-16,1715.3406982421875,1775.7109704011916,1696.9542855349068,1769.7133106224503,1031783
2022-09-19,1720.010986328125,1733.3829004571621,1697.6425226012332,1710.817780301879,517380
2022-09-20,1712.440185546875,1738.2991820417112,1702.1654890034695,1730.4824500108648,1023132
2022-09-21,1691.0057373046875,1719.9618300130837,1681.3210106638503,1709.8346264063614,1131988
2022-09-22,1703.6402587890625,1706.8849695031909,1668.3423563094607,1691.0058056982475,477972
2022-09-23,1668.932373046875,1705.4102151864768,1661.6564461631826,1703.935291865293,638948
2022-09-26,1637.5181884765625,1664.606167392434,1624.7854068428835,1648.9236596253647,784059
2022-09-27,1654.2822265625,1668.4898103246946,1616.3787476601458,1637.0757527015842,571532
2022-09-28,1641.1561279296875,1659.4440916173662,1626.5551108440493,1637.0757479630795,550298
2022-09-29,1628.030029296875,1661.508979268178,1623.6055005870157,1649.3660471198798,543934
2022-09-30,1646.7606201171875,1668.5391168978374,1626.2111056457093,1654.7740089339568,815263
2022-10-03,1609.004638671875,1653.2499300362495,1600.7455497505987,1642.9752329972873,474878
2022-10-04,1655.65869140625,1660.2798765476173,1623.703828780083,1639.8286921667118,515663
2022-10-06,1654.8721923828125,1676.40498878598,1646.9080882955234,1663.9670710382056,616095
2022-10-07,1669.4239501953125,1674.3401200770347,1627.2434343306256,1646.9079933572482,691354
2022-10-10,1645.875732421875,1659.6408399326872,1629.40659881928,1653.7906722530988,771385
2022-10-11,1616.9195556640625,1653.7905883588014,1609.7419573580712,1653.0039626265507,409456
2022-10-12,1643.6141357421875,1648.8743335547229,1603.9408714212123,1624.2936061916255,412162
2022-10-13,1651.578369140625,1656.4945391010672,1612.4950710056742,1642.1885062062288,751063
2022-10-14,1667.1134033203125,1686.482978225429,1659.4933277445496,1670.5054859216018,568187
2022-10-17,1662.787109375,1680.3377317197867,1647.1537667191062,1661.6563349044718,711250
2022-10-18,1659.9359130859375,1672.1771748163055,1652.1193010595412,1671.144728435314,471745
2022-10-19,1656.1011962890625,1683.9265153217525,1649.3660748950686,1662.6396612481722,1082577
2022-10-20,1660.6241455078125,1666.3268209353412,1640.1729596465398,1655.2163342487183,430634
2022-10-21,1648.923583984375,1686.1879295755975,1641.2053009814388,1661.607200925658,471477
2022-10-24,1670.5545654296875,1679.3544587036408,1661.656343940371,1666.5725137080046,56288
2022-10-25,1685.9420166015625,1700.0022278045485,1664.5076715580708,1668.0473666617518,708672
2022-10-27,1695.5286865234375,1711.3095223309913,1691.989111604102,1700.7890052927119,568780
2022-10-28,1655.9537353515625,1708.8514253317703,1643.8599668782615,1700.8873215690548,443761
2022-10-31,1692.82470703125,1700.985587433685,1660.1815469223027,1664.2619268733881,594266
2022-11-01,1731.7606201171875,1740.3146928237427,1699.2156679459492,1699.2156679459492,862642
2022-11-02,1730.5316162109375,1753.047573735419,1722.6166764502793,1731.7607189689716,682110
2022-11-03,1716.3731689453125,1742.2320445644,1706.442500817667,1720.7485336945579,370943
2022-11-04,1735.4969482421875,1742.281233957474,1713.816780619536,1721.6333921500452,445790
2022-11-07,1745.427490234375,1764.9937202004558,1732.7929173125979,1741.2978257714492,772139
2022-11-09,1716.2257080078125,1763.8630800253563,1704.2794316704556,1763.8630800253563,616980
2022-11-10,1675.96240234375,1710.9161554448613,1667.3100012582534,1710.8178272279686,613431
2022-11-11,1679.7969970703125,1709.7363732392862,1667.113379826446,1684.3690182512848,1083107
2022-11-14,1719.17529296875,1727.4345019238158,1678.617191842344,1682.3042590810348,1571362
2022-11-15,1704.4267578125,1726.991877304934,1682.4024434822563,1719.175146006781,1013411
2022-11-16,1698.527587890625,1720.6010684221471,1676.4049432487816,1706.88500464415,903821
2022-11-17,1681.9600830078125,1694.987848906653,1668.5390042365057,1694.987848906653,638353
2022-11-18,1680.190185546875,1694.545381450172,1653.1022092329526,1685.2538474477258,753543
2022-11-21,1654.18408203125,1679.3546622112924,1647.8914369862393,1670.948080780065,417544
2022-11-22,1671.1937255859375,1688.0561712888575,1653.7905951901273,1659.4932702717047,792650
2022-11-23,1673.9959716796875,1684.9098013393377,1665.196078199601,1676.3065642945842,515987
2022-11-24,1694.54541015625,1704.6234495225783,1669.5222053633868,1681.222660249871,861243
2022-11-25,1706.049072265625,1709.8345879438912,1677.3388007396647,1700.985530826299,584168
2022-11-28,1688.1544189453125,1714.7015921433222,1684.8115004908796,1694.3488557583964,410415
2022-11-29,1690.3175048828125,1702.9520784493402,1685.892976054134,1691.1532947394417,494662
2022-11-30,1730.236572265625,1738.9382579935482,1696.2661012018236,1696.2661012018236,1137756
2022-12-01,1769.762451171875,1777.0874212917533,1730.4823772292007,1740.314716866984,898588
2022-12-02,1789.1319580078125,1794.0972917481497,1756.046321941448,1766.6651664106932,1357654
2022-12-05,1785.690673828125,1806.1910226218615,1782.3969195508616,1797.1453086361437,837283
2022-12-06,1795.4246826171875,1799.3084061920588,1769.8116280661384,1783.5767349581104,631065
2022-12-07,1777.8740234375,1808.6490677551067,1769.8115918016651,1806.1909828782698,657577
2022-12-08,1782.052734375,1794.6871870315442,1775.7600901005374,1777.874026227898,334379
2022-12-09,1769.7132568359375,1804.7653373754638,1758.3077864310162,1788.9353383091668,523232
2022-12-12,1784.85498046875,1788.6895398892862,1746.263204222783,1772.7612124113284,457733
2022-12-13,1780.430419921875,1794.3921828317273,1772.4661960751496,1786.5264076994308,452455
2022-12-14,1791.295166015625,1803.192277966003,1780.8729773443856,1784.5600445416962,535865
2022-12-15,1756.9312744140625,1794.6872621412324,1748.180544892677,1792.229177157664,319014
2022-12-16,1726.8935546875,1760.0775186073183,1722.6165184822962,1749.1636896181508,711870
2022-12-19,1736.1851806640625,1740.216396553766,1714.7507138964245,1722.616609742427,313190
2022-12-20,1729.4500732421875,1734.3662431230052,1700.6414719809377,1732.4488428792783,443027
2022-12-21,1703.8369140625,1742.6745118855565,1698.8717005264825,1731.0232204886129,411544
2022-12-22,1715.5865478515625,1726.303721260814,1697.1018066134195,1716.71732237424,421636
2022-12-23,1680.4361572265625,1716.619014374123,1676.355777075464,1696.0695007875775,358698
2022-12-26,1700.051513671875,1711.8011332529722,1675.4216204999227,1682.8942035871123,385645
2022-12-27,1710.2279052734375,1719.470275916161,1699.0683753487617,1708.5564460402534,236578
2022-12-28,1723.157470703125,1738.4466654139253,1701.9688237918272,1701.9688237918272,362774
2022-12-29,1723.3541259765625,1730.4824399219117,1692.1366031459822,1716.6190044107468,384501
2022-12-30,1694.5946044921875,1741.7403326253175,1689.3342859850343,1725.9103334965732,296853
2023-01-02,1702.2637939453125,1718.6837630463817,1691.1533076793903,1696.4627905145373,312125
2023-01-03,1688.252685546875,1713.079234501919,1683.6806645185134,1695.5777761138736,548701
2023-01-04,1661.951416015625,1699.0192271533413,1657.2319024304416,1693.5130878038703,435968
2023-01-05,1669.8172607421875,1679.2071235131623,1648.431957936535,1670.308901829729,487184
2023-01-06,1652.4141845703125,1671.1446261190256,1637.0758256366207,1670.4071644634687,587219
2023-01-09,1645.531494140625,1671.3903689904128,1634.6176646469712,1671.3903689904128,656429
2023-01-10,1623.310546875,1656.445348722499,1605.8090881336116,1645.8756678253571,594512
2023-01-11,1607.6280517578125,1631.028842234111,1600.794602079803,1623.8022001827685,646333
2023-01-12,1614.8548583984375,1637.0758313608817,1604.727533627792,1612.1017887083353,908677
2023-01-13,1627.341796875,1643.4176172972086,1613.6257332257835,1620.8033317644793,637882
2023-01-16,1620.8525390625,1640.4187708055515,1612.4951221647568,1631.6680410184513,360571
2023-01-17,1632.8477783203125,1638.0589328456663,1614.4614861559032,1614.4614861559032,514997
2023-01-18,1648.3828125,1658.5101370170053,1636.0433440645334,1640.0253959181928,716978
2023-01-19,1648.776123046875,1664.606122720811,1640.6645270230742,1645.924845711395,624177
2023-01-20,1627.587646484375,1659.1493185740007,1624.539592118926,1648.7761732094903,317042
2023-01-23,1603.9410400390625,1639.8287924917204,1588.2585321637434,1635.1092788458272,675068
2023-01-24,1576.3121337890625,1610.4793807179249,1566.479794370602,1606.5955367574807,450813
2023-01-25,1567.0206298828125,1583.9322395499057,1555.7134875328059,1576.3121643030643,503547
2023-01-27,1551.977294921875,1575.6239059787893,1523.5128421568347,1567.2173252943385,915505
2023-01-30,1571.7894287109375,1579.4095045460767,1539.736235292166,1553.353850771288,467299
2023-01-31,1563.5301513671875,1593.8135536077705,1556.5492098279033,1575.5746343150345,1534280
2023-02-01,1561.1705322265625,1595.7801378342056,1539.7852287727367,1566.2833586914262,741968
2023-02-02,1571.9368896484375,1576.5580750690071,1536.4914937206313,1548.5852624915472,721339
2023-02-03,1589.2415771484375,1591.89631844179,1549.4208192489368,1573.165757566717,754417
2023-02-06,1590.9622802734375,1593.961170468366,1570.3145591780471,1590.6674161151625,499057
2023-02-07,1589.1923828125,1605.2682020884358,1580.3924897761751,1592.4370933316038,595073
2023-02-08,1609.1029052734375,1613.4782701296785,1588.6517197037213,1589.8316583617304,513921
2023-02-09,1615.88720703125,1634.126128297785,1600.352191382446,1609.1029211814403,1022882
2023-02-10,1607.8739013671875,1614.8056793888936,1595.2884916858134,1612.4950867149917,333259
2023-02-13,1595.0919189453125,1615.6413114856214,1590.4707337041239,1607.5788796181523,242604
2023-02-14,1577.787109375,1600.4505602275117,1551.9282322115591,1595.7802105420533,1051049
2023-02-15,1598.8773193359375,1612.4950545573301,1571.3468642385026,1577.7870010308866,644537
2023-02-16,1602.318603515625,1615.1497132919205,1589.8316425111511,1604.825852638626,312420
2023-02-17,1615.3953857421875,1640.8119029135364,1594.7476663286018,1597.84476399051,877096
2023-02-20,1604.629150390625,1622.6222502300582,1594.944423447181,1616.4279340149092,447737
2023-02-21,1605.7598876953125,1631.0779571668147,1597.9431560689732,1607.5788391806072,539466
2023-02-22,1547.74951171875,1606.8415209618886,1544.2589802595494,1606.8415209618886,1056328
2023-02-23,1553.845458984375,1561.858847544576,1541.8501389498824,1555.4677541406281,485537
2023-02-24,1548.78173828125,1567.7581203351294,1544.7505223476046,1554.091221047684,390716
2023-02-27,1545.2421875,1558.3682817933602,1527.9865489907813,1554.4845581260968,397502
2023-02-28,1552.07568359375,1557.8766872129984,1531.9686466207195,1551.534878370693,742087
2023-03-01,1566.92236328125,1571.199399849188,1541.7026208634643,1541.7026208634643,288099
2023-03-02,1571.6910400390625,1575.1324072355753,1561.3671794500633,1567.2665111437386,286119
2023-03-03,1569.478759765625,1584.9154466336493,1563.874412788185,1575.1323913527915,611252
2023-03-06,1571.7401123046875,1583.9813724665783,1569.232863343812,1573.116586802697,330663
2023-03-08,1574.2474365234375,1582.0148838125351,1568.003956126447,1572.1826644275845,435573
2023-03-09,1574.3948974609375,1581.7691522278212,1558.9090468006677,1574.247405135584,302901
2023-03-10,1569.1346435546875,1579.8026530271266,1556.5985183843434,1558.41746997177,458587
2023-03-13,1535.852294921875,1591.0114124559877,1523.1195137518514,1575.1323693251695,804792
2023-03-14,1535.0167236328125,1543.5216329923949,1515.4503710942524,1543.5216329923949,507817
2023-03-15,1524.594482421875,1552.9607302662266,1520.5141019504072,1535.8032979400214,551661
2023-03-16,1534.2791748046875,1540.4243269437409,1501.439357417311,1532.116074503726,583369
2023-03-17,1558.6632080078125,1565.644149825346,1529.9037714040596,1543.6689986076242,698627
2023-03-20,1566.086669921875,1572.182657965515,1524.9876436109316,1524.9876436109316,530519
2023-03-21,1579.2618408203125,1582.0147897843142,1561.1212495204497,1573.165732613675,570821
2023-03-22,1585.849609375,1588.897543246715,1571.4944120105101,1582.9982114463849,296273
2023-03-23,1579.01611328125,1592.8305050223871,1573.1658252626164,1582.8998369236922,313930
2023-03-24,1567.5614013671875,1581.4741206444028,1560.6787878890682,1578.0819177622043,374535
2023-03-27,1603.5968017578125,1620.3116345288274,1558.614052800117,1558.614052800117,630210
2023-03-28,1584.0797119140625,1614.1665814463593,1574.7391332931873,1595.780167871082,582767
2023-03-29,1604.334228515625,1610.3811731410897,1584.079699376482,1592.0439238221165,577758
2023-03-31,1605.3173828125,1623.9494948111965,1601.286167050263,1608.2671087240144,783128
2023-04-03,1600.6470947265625,1614.0681734105945,1592.9778552641444,1602.4660462496233,766128
2023-04-05,1631.422119140625,1636.6332736004117,1587.1768318413497,1602.662682396096,1443735
2023-04-06,1641.0577392578125,1645.9247447737268,1622.6221634249137,1636.2398978481247,641403
2023-04-10,1681.5667724609375,1685.3522883633932,1642.0409977282272,1646.8588394220671,828993
2023-04-11,1682.402587890625,1692.6772843528668,1667.1625573316855,1681.12444153418,437571
2023-04-12,1688.6461181640625,1712.09619426294,1682.7959504173105,1686.7288383226946,661394
2023-04-13,1672.5704345703125,1690.2193867108372,1662.9347506550505,1688.203658126293,258855
2023-04-17,1694.7420654296875,1699.5107431121094,1660.7224292215378,1660.7224292215378,723262
2023-04-18,1676.3558349609375,1706.5409126995387,1670.0631901310885,1700.936565437107,332721
2023-04-19,1661.7547607421875,1683.2875565522509,1652.7582105579106,1680.8786356476985,313266
2023-04-20,1659.149169921875,1669.8171784947342,1651.8240795791075,1669.8171784947342,199463
2023-04-21,1634.076904296875,1663.6229675635493,1628.8657496973499,1657.4776948847677,326151
2023-04-24,1660.9681396484375,1664.8518630909593,1627.93166733304,1634.1259832983778,374750
2023-04-25,1658.559326171875,1674.880846707469,1655.9537488393107,1657.9201927411798,361117
2023-04-26,1670.65283203125,1676.4047914173384,1645.0397788769071,1658.559184989171,683412
2023-04-27,1672.865234375,1677.043942718213,1653.9381365557251,1666.5725898052171,531392
2023-04-28,1691.4483642578125,1696.0203856435182,1666.572649250672,1676.4049895856053,601644
2023-05-02,1710.3753662109375,1714.554194967604,1686.7779194394266,1691.448268784877,396437
2023-05-03,1706.78662109375,1709.4905265734926,1694.1521681523973,1696.0694478925009,348145
2023-05-04,1730.3349609375,1733.432179389566,1691.2516622105031,1700.297376514658,591510
2023-05-05,1723.1082763671875,1737.5616809543062,1716.7173036789804,1722.3708147299942,336879
2023-05-08,1748.524658203125,1755.0631231567359,1722.8132753667992,1724.3372422356058,758983
2023-05-09,1735.30029296875,1758.25872747365,1728.0735302562468,1751.1302929817361,735967
2023-05-10,1744.6409912109375,1749.5079971275793,1721.9283772667893,1735.3002922598505,285798
2023-05-11,1744.3951416015625,1754.079989163242,1735.3985915722612,1744.6409621488403,272209
2023-05-12,1724.435546875,1743.264436239778,1721.7316414348488,1743.264436239778,305342
2023-05-15,1704.2794189453125,1732.2031874676736,1701.1823210107943,1724.5831119060397,448927
2023-05-16,1698.183349609375,1715.7831361745457,1693.9554773451366,1706.5407659223918,209886
2023-05-17,1695.921875,1709.5887735753704,1675.0773783922014,1700.2972394683534,377699
2023-05-18,1677.093017578125,1703.9351741662954,1668.2931243706653,1700.2972712258722,232671
2023-05-19,1687.3187255859375,1695.037008687309,1656.740336833513,1681.3210657969446,242657
2023-05-22,1689.531005859375,1697.9375865647778,1676.3065834338383,1684.369015373479,263864
2023-05-23,1669.4732666015625,1691.5959125871811,1659.6900900544717,1688.2037092692383,948278
2023-05-24,1671.8328857421875,1680.829435734833,1652.8073394625358,1666.572567052408,442899
2023-05-25,1672.8160400390625,1683.238349154081,1662.639671969502,1666.5233955829813,691665
2023-05-26,1659.9849853515625,1689.0394082482615,1639.0422792129957,1673.356900449531,1946520
2023-05-29,1684.565673828125,1686.5812818154486,1647.989624899311,1659.9849446043456,670545
2023-05-30,1696.2169189453125,1703.3945172287001,1684.2706431757033,1685.2539253379202,455969
2023-05-31,1689.531005859375,1704.4268875040596,1667.703346290857,1694.5946681264818,1217298
2023-06-01,1673.897705078125,1691.153343911645,1671.4887841568898,1686.2371738478882,380199
2023-06-02,1681.86181640625,1690.1701896406823,1671.488791516264,1679.403731363549,581154
2023-06-05,1705.41015625,1715.2423755500806,1683.2875121994841,1690.1701259596744,770437
2023-06-06,1736.775146484375,1745.2308911141756,1708.3105737708781,1710.7194945782421,1032105
2023-06-07,1739.380615234375,1742.674490014223,1720.2076973599865,1739.1347946910828,757211
2023-06-08,1683.2384033203125,1746.361626848837,1680.2886771833694,1742.2812466678993,746173
2023-06-09,1686.974609375,1708.654776830004,1681.615962398466,1694.103043806995,488829
2023-06-12,1702.362060546875,1706.0982917399185,1682.3533531705198,1695.479446954246,248563
2023-06-13,1708.8023681640625,1717.7005905670628,1699.8549816483323,1705.9018060132767,356101
2023-06-14,1749.5079345703125,1754.8664608978245,1707.8682241618014,1715.7339995233942,814345
2023-06-15,1742.7728271484375,1769.713312827899,1730.9740435113788,1758.996019086593,966649
2023-06-16,1750.884521484375,1759.7335795842534,1741.3471658210879,1748.5739287360614,969546
2023-06-19,1731.7606201171875,1764.4529441107072,1724.6813501358185,1759.2417897146445,541464
2023-06-20,1739.4296875,1743.0185467423046,1715.488093350409,1737.364915545634,463433
2023-06-21,1748.0821533203125,1750.1469253516366,1727.532761222861,1740.3147062739656,332971
2023-06-22,1720.945068359375,1759.9791995737073,1717.3562091165772,1756.144640300823,412543
2023-06-23,1687.3187255859375,1720.6010198293952,1682.5008839110633,1720.6010198293952,343509
2023-06-26,1697.8392333984375,1702.0179416350409,1667.5558294600978,1687.2203884265764,387107
2023-06-27,1704.082763671875,1707.3766385492395,1684.6640246792956,1697.1018215365043,338798
2023-06-28,1713.8658447265625,1725.2713151403925,1704.9184591821127,1706.8357388701716,1030697
2023-06-30,1705.5576171875,1728.466766060236,1701.7229372557892,1715.733985063342,453149
2023-07-03,1763.6173095703125,1767.8451821883414,1706.983385733244,1720.6502858242088,1087245
2023-07-04,1739.8721923828125,1774.7276161364805,1729.2041836973021,1769.8115669520957,671213
2023-07-05,1748.0821533203125,1754.3749181303394,1734.0712260720982,1740.3147062739656,400602
2023-07-06,1738.3974609375,1753.8833117287459,1735.3985707968782,1748.0821878829704,360764
2023-07-07,1714.0625,1741.002984829964,1707.8681839734659,1738.3974076401623,554892
2023-07-10,1713.767578125,1729.7450701002622,1704.1810588397893,1725.4188694946808,453912
2023-07-11,1738.0533447265625,1744.19849694923,1714.5542257509553,1714.5542257509553,578931
2023-07-12,1748.0330810546875,1754.4733385267727,1727.5820160985197,1738.004205018516,791286
2023-07-13,1730.2857666015625,1753.9816623758168,1724.0914503059066,1749.1638206457728,335559
2023-07-14,1723.7965087890625,1739.2823601658888,1714.4067661417316,1732.9897154937603,409283
2023-07-17,1762.9781494140625,1764.8954291156151,1719.2735471392084,1723.7964040506579,923312
2023-07-18,1745.280029296875,1768.8283113289378,1738.2007593049004,1760.0284180716242,747998
2023-07-19,1754.276611328125,1758.5536477666658,1741.0030250360467,1742.3794995736432,435757
2023-07-20,1788.935302734375,1792.5240414993593,1747.2464300318102,1755.0630409446771,856488
2023-07-21,1774.3343505859375,1794.343056746812,1759.9791549790011,1789.4760513697938,782735
2023-07-24,1782.6427001953125,1811.8937776683333,1760.0284157371655,1765.8785830316642,782832
2023-07-25,1798.3743896484375,1811.8937963552341,1781.6594364199234,1783.5767161328479,472389
2023-07-26,1808.255859375,1817.9898712296902,1798.4236397998152,1802.2581994091238,463896
2023-07-27,1791.9342041015625,1817.743914110136,1784.559949599001,1811.254613527976,540277
2023-07-28,1793.2125244140625,1804.1263546569407,1779.6439526525874,1788.0013695997898,493242
2023-07-31,1818.432373046875,1823.5942432067113,1790.2627834162931,1799.3084978491104,599614
2023-08-01,1806.87939453125,1823.8892128132504,1794.048284653778,1820.9394866746482,512567
2023-08-02,1790.4593505859375,1809.0424196355348,1775.760125615668,1801.9631494975802,650377
2023-08-03,1799.8492431640625,1803.8312950263391,1764.1088636218706,1777.6774348194765,664460
2023-08-04,1794.8348388671875,1814.9910402800208,1789.6238044972251,1799.8493372894702,325948
2023-08-07,1824.4791259765625,1833.672332383631,1795.4247039815916,1796.260493836877,970459
2023-08-08,1813.51611328125,1837.064395808809,1801.0781963009247,1826.5438790647866,481950
2023-08-09,1814.6959228515625,1818.9237951727328,1796.801151399044,1814.007745834342,529863
2023-08-10,1799.6033935546875,1823.8891377117584,1793.458241477551,1804.322906982009,703299
2023-08-11,1806.77099609375,1819.0795056440593,1787.9376570248676,1808.0068510497301,749144
2023-08-14,1791.150634765625,1814.1363252881574,1773.4047269236967,1804.2006572689743,530231
2023-08-16,1796.2421875,1799.3069867477088,1765.2486402708064,1791.3978782087606,399331
2023-08-17,1780.37451171875,1791.8426394064677,1773.3057851608778,1789.4204849590224,497072
2023-08-18,1770.587158203125,1780.374523286486,1765.34737570526,1774.5910857900567,441358
2023-08-21,1787.8387451171875,1792.3864489200143,1769.64792990588,1770.587179649566,267446
2023-08-22,1785.268310546875,1804.2499519878827,1777.606373396399,1789.420540825775,366115
2023-08-23,1777.2110595703125,1794.3637572326463,1772.6139214126479,1789.4205796838507,418171
2023-08-24,1757.8338623046875,1792.8314583571023,1750.8640036141082,1784.4774420710223,924665
2023-08-25,1756.0543212890625,1762.381535270094,1738.0612421630574,1739.9890547605219,659271
2023-08-28,1764.358642578125,1769.6478591249397,1748.194630091813,1757.7348239269634,773224
2023-08-29,1781.3138427734375,1786.4052017191175,1758.871928334545,1764.7048002558217,643399
2023-08-30,1786.1087646484375,1804.151278230966,1779.386076979703,1784.477436059236,475187
2023-08-31,1770.587158203125,1798.3181672952685,1761.5906191005151,1786.1086477487243,1249751
2023-09-01,1790.9034423828125,1804.249948753458,1767.5718339140924,1769.6479490498207,421915
2023-09-04,1820.117431640625,1829.6577468796145,1794.36366930968,1794.4131035059909,947843
2023-09-05,1832.7225341796875,1850.715612223875,1823.528258373614,1831.3878108878248,884678
2023-09-06,1817.596435546875,1837.8633658724038,1796.340942442825,1833.9088724338246,598389
2023-09-07,1826.3953857421875,1830.053274051829,1804.793731781901,1811.170379806019,409810
2023-09-08,1828.718505859375,1835.1447090858856,1819.1783117371945,1826.3953409461974,365560
2023-09-11,1841.17529296875,1847.848545926551,1824.8134222663812,1828.7184814168418,433848
2023-09-12,1849.677490234375,1898.1697708344398,1815.1249259022122,1843.7951844100344,1858204
2023-09-13,1911.0220947265625,1924.3686009145474,1834.5515116474442,1857.6360699746226,2896732
2023-09-14,1909.637939453125,1931.783248065283,1896.7363410220582,1920.9083305470133,1225975
2023-09-15,1950.4189453125,1965.3472244596146,1910.7749007997002,1919.919742466361,1672773
2023-09-18,1935.194091796875,1965.4955583402261,1930.7946905805566,1957.4877030609941,682473
2023-09-20,1922.5889892578125,1937.715126686872,1908.056183359729,1935.1941037820288,582031
2023-09-21,1889.7664794921875,1917.9423965973824,1874.541594992764,1910.1322781413246,1002208
2023-09-22,1890.21142578125,1907.0180837606556,1867.818945766501,1885.0210773289043,678725
2023-09-25,1917.7940673828125,1923.8247969924169,1880.2755722395254,1890.211361022946,762935
2023-09-26,1935.73779296875,1937.6162925028873,1914.2351283452103,1922.8361941946262,659819
2023-09-27,1909.1435546875,1944.4870661201649,1901.1851338055678,1944.4870661201649,510599
2023-09-28,1884.8233642578125,1915.9157788408093,1875.0359987666939,1908.056225928816,726738
2023-09-29,1920.315185546875,1928.8175042253292,1887.9376028747658,1887.9870370734006,804258
2023-10-03,1899.603515625,1916.9539504833785,1884.9717194352827,1906.1779007217212,596037
2023-10-04,1874.2945556640625,1888.2837073866856,1855.7082656343516,1884.3292136840146,693152
2023-10-05,1868.6593017578125,1887.2949036432997,1859.613328318564,1875.5301705201068,549055
2023-10-06,1881.6597900390625,1884.2302471606167,1868.5110204069479,1868.6098888024787,402950
2023-10-09,1867.5223388671875,1875.3325786374833,1853.780358844113,1868.5604570216049,347299
2023-10-10,1897.0823974609375,1900.6414173490143,1865.0507338192517,1871.4273817967012,358738
2023-10-11,1957.5865478515625,1959.8603997279365,1901.728934872049,1913.938454432032,914364
2023-10-12,1979.039794921875,1999.01012002006,1944.4871087037798,1968.2637458030779,2108772
2023-10-13,1960.05810546875,1977.9523161235086,1951.9019473216038,1973.2564307276302,307670
2023-10-16,1951.25927734375,1977.2603327707614,1935.7377872694371,1960.058079960327,668313
2023-10-17,1952.000732421875,1997.181164919679,1935.7871640547376,1977.2602741279045,1316588
2023-10-18,1933.4639892578125,1968.3132824717463,1928.8175379915417,1947.700311740388,585260
2023-10-19,1953.236572265625,1956.3506843063703,1905.8811566426741,1929.8554090506682,712810
2023-10-20,1924.2203369140625,1954.6701065401764,1917.2999126968095,1949.9741000655315,491975
2023-10-23,1881.1160888671875,1917.1516818790187,1863.5679172587684,1917.1516818790187,878203
2023-10-25,1856.1036376953125,1898.2192719979273,1847.7003087462936,1879.4848015543585,738333
2023-10-26,1828.5208740234375,1852.6928631354958,1818.6345194508415,1845.8713075593432,1141085
2023-10-27,1834.8975830078125,1848.7383102437361,1829.0645899971078,1835.9355799984382,289530
2023-10-30,1857.4383544921875,1860.8985059899844,1807.2653096383908,1834.8975720723,514528
2023-10-31,1865.2484130859375,1870.4387613280442,1843.7951836997875,1858.7234627175224,291175
2023-11-01,1847.3048095703125,1875.4314136881558,1840.236082893139,1872.4654830333754,349005
2023-11-02,1876.1728515625,1879.3365190827876,1857.2900783238542,1857.2900783238542,322032
2023-11-03,1874.6405029296875,1893.2267920459003,1868.8569440987012,1881.857532337818,234555
2023-11-06,1896.8846435546875,1914.531682568139,1874.6404665493076,1880.4733383027583,292296
2023-11-07,1899.702392578125,1908.0068535456362,1890.3103792084487,1898.1699323750745,223028
2023-11-08,1911.8624267578125,1920.908400480426,1898.169880677012,1907.0675518033695,427257
2023-11-09,1912.9993896484375,1922.440715681943,1908.0562121589292,1915.3721099969116,289965
2023-11-10,1920.9083251953125,1925.6537657650179,1899.3562270066268,1908.105595193819,193655
2023-11-13,1906.919189453125,1923.775402563608,1900.1470679230597,1923.775402563608,214186
2023-11-15,1921.84765625,1941.9662847445484,1912.9994192948013,1924.862900058773,972167
2023-11-16,1920.512939453125,1932.623712415333,1892.0898500940586,1927.5322322350728,954513
2023-11-17,1948.1451416015625,1961.0467401815085,1918.2884614070533,1918.980540172372,849407
2023-11-20,1949.875244140625,1955.6586818434955,1930.8936024913507,1949.1831653657985,287305
2023-11-21,1954.9666748046875,1965.3966845503398,1946.6127801687753,1950.2212342217824,317975
2023-11-22,1951.6546630859375,1962.3318435882973,1936.479213081511,1957.289919093617,315125
2023-11-23,1934.6502685546875,1961.541017169166,1929.212749331832,1961.541017169166,437448
2023-11-24,1927.235595703125,1947.0576187497709,1923.3305363641716,1941.570786228378,168686
2023-11-28,1953.4342041015625,1964.4081111164005,1931.0418457884718,1940.6809083305977,699089
2023-11-29,1980.4732666015625,1986.1579569268918,1958.5256947760201,1965.4955530599318,824220
2023-11-30,1982.648193359375,2007.9077344956936,1967.6210460508858,1983.1919695103163,1707069
2023-12-01,1993.1279296875,2015.8168946082765,1985.169387007384,1996.983554946945,932202
2023-12-04,2029.608154296875,2052.396107038288,2005.3867310332125,2051.407423117947,1055783
2023-12-05,2048.787841796875,2054.373664136903,2015.3227054440474,2034.5020848053489,561391
2023-12-06,2034.3536376953125,2061.293821145847,2022.292420586245,2056.202341173199,360631
2023-12-07,2058.080810546875,2065.2482843666558,2022.3418251916605,2034.3536079279074,424799
2023-12-08,2046.5137939453125,2075.431346277896,2019.4254281294175,2056.350714851248,594786
2023-12-11,2060.354736328125,2064.506966889016,2044.5861955018463,2048.4418208566367,254812
2023-12-12,2057.09228515625,2104.7936227276246,2052.000804865712,2066.237127534258,774496
2023-12-13,2060.255615234375,2069.1532856770523,2014.1360557497624,2057.240371666691,805574
2023-12-14,2079.97900390625,2087.9374250816973,2058.2786027527727,2071.13076717279,607109
2023-12-15,2103.50830078125,2108.500669694154,2078.1003368511997,2091.9411841086667,727207
2023-12-18,2085.7626953125,2103.5086041052946,2078.100636511438,2103.5086041052946,314105
2023-12-19,2094.165771484375,2113.493330040659,2065.4459582347895,2083.092996491323,317963
2023-12-20,2040.0877685546875,2111.3185695465495,2030.2014137610981,2109.736675235736,678958
2023-12-21,2061.88720703125,2067.0775558398523,2026.6919943247096,2026.6919943247096,445236
2023-12-22,2022.9349365234375,2072.7618202440585,2011.7634138404064,2065.248306967699,1006017
2023-12-26,2046.0194091796875,2059.3164813969047,2025.703165533099,2027.6804122802494,643808
2023-12-27,2100.641357421875,2106.6226532159035,2048.0462772323067,2055.312619884324,1137913
2023-12-28,2115.619140625,2123.8247328616885,2082.3516215707873,2104.793535888664,1063989
2023-12-29,2110.527587890625,2120.6116793082224,2090.9526154122873,2115.965107170662,651373
2024-01-01,2103.113037109375,2150.2705970185743,2087.9868993066866,2120.6117741210815,807664
2024-01-02,2077.556884765625,2106.1778334246383,2064.2598115646597,2105.6834914107158,799936
2024-01-03,2048.639404296875,2095.8958313615317,2042.6086745488167,2066.2370092433935,975031
2024-01-04,2046.662109375,2071.180260495424,2035.9850493475535,2066.2370829120764,962508
2024-01-05,2055.856201171875,2075.134567783594,2030.2013081005455,2074.145883890791,1089092
2024-01-08,2044.190673828125,2060.0086484834883,2034.5020553056859,2055.85641802023,559523
2024-01-09,2040.582275390625,2068.955810611731,2035.4413607896313,2058.4764869294318,1216816
2024-01-10,2053.162353515625,2059.0183671946115,2025.6683377905983,2043.48488259433,325322
2024-01-11,2068.199462890625,2080.7058293616565,2035.742764212782,2054.5517481134793,887806
2024-01-12,2095.842529296875,2105.122830586261,2059.5643710669174,2067.5048602083803,485644
2024-01-15,2085.37109375,2107.1577637562123,2078.125348481492,2096.0411267142135,202260
2024-01-16,2099.46533203125,2104.031210329377,2074.5521921335667,2076.983918527883,457403
2024-01-17,2052.4677734375,2099.465400841903,2040.7058262929233,2096.884887117757,733818
2024-01-18,2038.373046875,2053.60895699468,2021.0529037983047,2051.6238347549556,877519
2024-01-19,2065.71826171875,2078.4230931792067,2037.0830173148759,2041.1523727234369,456698
2024-01-23,2034.3533935546875,2070.879449361268,2017.380501263704,2062.64138582333,938057
2024-01-24,2055.89208984375,2065.2717448457665,2001.5493634084235,2053.6091505879567,604130
2024-01-25,2061.05322265625,2071.822608035758,2036.8842617863206,2064.477510150013,467209
2024-01-29,2088.844970703125,2109.1924745755005,2062.2939595525863,2064.527222172725,795647
2024-01-30,2110.333740234375,2123.0882476279494,2090.333730483619,2099.266780613891,852171
2024-01-31,2158.820556640625,2165.818161392568,2099.7134901766667,2110.681339630478,910709
2024-02-01,2112.765869140625,2162.6915036856967,2095.7432991506835,2158.820611932037,638710
2024-02-02,2123.534912109375,2153.758350778779,2114.6515382474436,2131.9716819169803,330557
2024-02-05,2074.204833984375,2131.326781334696,2065.5199232068353,2114.2547766140365,949717
2024-02-06,2050.63134765625,2082.3436281156564,2045.6685418777984,2066.5123261472954,581483
2024-02-07,2095.79296875,2104.229738929671,2047.6537506659956,2063.534729827729,1133609
2024-02-08,2041.9959716796875,2109.19230876947,2032.765105110529,2107.2071865965104,1387156
2024-02-09,2152.368896484375,2165.7684722752624,2031.6734824818705,2041.946466355767,2010089
2024-02-12,2131.37646484375,2182.642155700169,2122.1952734202728,2158.8206860608766,1229133
2024-02-13,2048.795166015625,2157.7287610103012,2038.6710899343263,2157.7287610103012,985312
2024-02-14,2064.32861328125,2069.489882508941,2012.4176195620516,2038.7204885723572,605147
2024-02-15,2069.29150390625,2088.001135917092,2057.380770279381,2070.184711998467,506068
2024-02-16,2089.986328125,2103.2371166580983,2071.3263720114214,2075.8423314697957,403756
2024-02-19,2152.46826171875,2173.708973940697,2086.5620542831048,2091.7730004535106,1167037
2024-02-20,2175.942138671875,2205.4708323087725,2145.0239563818627,2152.8650923842156,1710394
2024-02-21,2177.67919921875,2205.4709118797005,2163.8330194114988,2183.634566217525,765529
2024-02-22,2184.825439453125,2227.3071028929867,2097.4800628690864,2217.3814919175275,3428899
2024-02-23,2178.076171875,2220.061558551004,2166.364143727727,2217.381691810942,1646510
2024-02-26,2170.6318359375,2194.850472878203,2158.6219916720866,2187.7040812147725,905237
2024-02-27,2188.39892578125,2197.530440120826,2173.907435705213,2173.907435705213,674507
2024-02-28,2169.73876953125,2202.393935875727,2157.083614310974,2185.6197486312044,1197381
2024-02-29,2175.0986328125,2189.5901240355643,2141.74872010767,2169.7388989763117,1499473
2024-03-01,2238.1259765625,2242.592501610491,2180.4086442610333,2192.567518002787,826009
2024-03-04,2217.530517578125,2243.188321638172,2209.739057519355,2228.299903574202,423656
2024-03-05,2214.900146484375,2235.1482964684387,2203.9322976078015,2213.510657841652,401260
2024-03-06,2219.863037109375,2236.190619746844,2180.2599437057693,2221.2525258053074,678808
2024-03-07,2211.525634765625,2233.610120747783,2191.5750583643007,2222.3444545641614,519779
2024-03-11,2220.16064453125,2253.6595805636352,2208.944656002178,2213.411180806496,599546
2024-03-12,2167.75341796875,2230.235090044665,2156.686458758273,2219.3665945870534,891725
2024-03-13,2133.11328125,2186.6619072507247,2121.4010111225534,2177.679180307346,881145
2024-03-14,2180.16064453125,2188.4980615618665,2112.7658369476585,2133.907196344831,1097271
2024-03-15,2180.756103515625,2192.46813071002,2148.9444715947734,2168.845370240385,2630480
2024-03-18,2186.711669921875,2197.5304900387837,2153.857797373153,2164.7759705395606,508214
2024-03-19,2157.629638671875,2189.6894146939067,2147.7537029512237,2182.6421330688795,660181
2024-03-20,2151.376220703125,2179.8129997701653,2115.147739939266,2159.316709637669,655682
2024-03-21,2189.14306640625,2194.8502924284044,2159.1180947244807,2171.723571560692,880687
2024-03-22,2207.00927734375,2217.3814923502314,2178.1256524697337,2183.6344150270857,551648
2024-03-26,2223.386474609375,2225.4212732689525,2185.2719841045564,2198.522771326542,731877
2024-03-27,2190.929931640625,2235.1980131370415,2182.344132375789,2223.336955966317,1033992
2024-03-28,2270.28515625,2292.022148403615,2193.560131248665,2193.560131248665,1786120
2024-04-01,2275.49609375,2301.94775124512,2272.022129754232,2282.890625790378,288891
2024-04-02,2289.143798828125,2298.771593392547,2258.076586773767,2279.912931788722,446163
2024-04-03,2288.300048828125,2298.9204046404966,2271.029581793016,2286.4639561001186,303529
2024-04-04,2260.905517578125,2306.4639775365126,2232.7663119820913,2292.3199811169775,814966
2024-04-05,2220.9052734375,2260.1611158054043,2216.885352272039,2258.126316961208,454995
2024-04-08,2263.83349609375,2271.426491883331,2218.3741474265526,2230.2848811040108,278448
2024-04-09,2284.18115234375,2295.1490021374066,2264.9749960735476,2279.8634141668786,388155
2024-04-10,2289.193603515625,2297.6798078528686,2274.5036494000324,2292.7666784143303,513499
2024-04-12,2237.282470703125,2289.8385342399624,2232.567805320533,2279.9129229081896,635489
2024-04-15,2220.75634765625,2236.6373269685664,2208.250221842509,2222.3445425172868,415064
2024-04-16,2226.264892578125,2232.518076034249,2204.5775777254703,2212.41871356245,558075
2024-04-18,2209.49072265625,2283.7343426624493,2202.9397223551623,2228.349383876634,987066
2024-04-19,2256.240234375,2273.709407182309,2184.9745391433853,2203.485707276973,1061064
2024-04-22,2263.58544921875,2269.838633122361,2249.19331209791,2258.0766862006994,445671
2024-04-23,2352.518798828125,2358.3253786979044,2261.451309983204,2261.5009865074217,1823447
2024-04-24,2320.35986328125,2366.563633972968,2315.6451977479014,2360.3104501690996,1021874
2024-04-25,2349.8388671875,2358.374990083894,2316.83620865387,2331.5261622705816,1621547
2024-04-26,2325.02490234375,2361.6008789880825,2312.717240563644,2349.342651407684,405679
2024-04-29,2368.846435546875,2375.000265947068,2292.419230286875,2337.4814076272614,616995
2024-04-30,2393.710205078125,2420.3108946368084,2356.439724569405,2387.1097697962305,1041175
2024-05-02,2419.218994140625,2433.759917927645,2383.1889762545293,2392.0723500022937,1466226
2024-05-03,2462.891845703125,2468.4997195878236,2420.6583179183745,2423.834465313014,1192695
2024-05-06,2435.05029296875,2471.229098053015,2423.0402062462244,2470.4846771980942,606833
2024-05-07,2402.990478515625,2450.3355956125583,2385.223731345699,2441.700362308318,438590
2024-05-08,2359.665283203125,2406.116949909956,2353.263070098799,2386.116940206987,462790
2024-05-09,2336.191162109375,2375.595791836172,2327.605604974738,2357.7793674159097,557056
2024-05-10,2359.466796875,2364.975560086813,2304.7271427611886,2342.3947924305608,890719
2024-05-13,2367.456787109375,2375.1988124808145,2329.5906764770584,2360.2110423088675,511264
2024-05-14,2354.40478515625,2379.020350777175,2344.5288499234725,2365.7198856288132,421260
2024-05-15,2352.072021484375,2386.0672396114637,2348.598057588176,2369.1937006870694,404095
2024-05-16,2354.95068359375,2368.250906086228,2293.0147223818744,2364.280661482563,1181205
2024-05-17,2405.62060546875,2415.5462164373243,2356.3400439395728,2356.3400439395728,1184234
2024-05-21,2428.44970703125,2431.725207380594,2388.4991196528213,2412.023013409787,555489
2024-05-22,2418.52392578125,2444.727684415256,2400.310574852406,2437.6804036218577,722345
2024-05-23,2435.546630859375,2443.586230887037,2377.8290538214105,2423.8343606680687,1091448
2024-05-24,2422.841796875,2456.390412621496,2413.5118188803335,2431.5267070440523,483000
2024-05-27,2372.8662109375,2437.4323620635037,2368.2012220079773,2422.8914381787736,888793
2024-05-28,2422.196533203125,2451.576195833387,2374.9008522547547,2381.0546824977873,874384
2024-05-29,2382.742431640625,2441.700467961604,2375.447010141914,2421.8492446448427,1084966
2024-05-30,2327.75439453125,2388.6977954265335,2310.682390966672,2386.1170394690203,826458
2024-05-31,2299.019775390625,2344.429448234282,2278.870735478157,2325.5211097656297,1644820
2024-06-03,2351.178955078125,2387.3080848456893,2344.727307453595,2382.1468152109665,807692
2024-06-04,2239.614990234375,2347.6056970415316,2155.4459945036974,2318.672635049675,1543389
2024-06-05,2287.70458984375,2296.5382868645074,2165.9171468006775,2241.5999320512096,1996915
2024-06-06,2317.382080078125,2335.4963205584445,2276.0420062679054,2288.895624335617,834320
2024-06-07,2362.146728515625,2365.7198032287943,2294.007260786171,2294.007260786171,471524
2024-06-10,2428.5986328125,2453.6111249416663,2357.6305116825124,2363.387414728585,980297
2024-06-11,2438.62353515625,2463.5369184083966,2408.300984109585,2431.67560669982,531924
2024-06-12,2431.923583984375,2458.4251603227635,2411.92357391239,2411.92357391239,463980
2024-06-13,2439.76513671875,2457.134957936562,2411.923746244726,2422.8915961071616,512510
2024-06-14,2452.81689453125,2504.926351275867,2431.7746480821297,2439.7648132478676,1542911
2024-06-18,2439.2685546875,2468.946034342539,2426.8118645456916,2452.6184528803287,467553
2024-06-19,2428.946044921875,2442.544327228604,2394.057615653414,2439.715430877318,668976
2024-06-20,2480.2119140625,2485.373183710736,2414.4050596550983,2428.896549748709,1008266
2024-06-21,2447.804443359375,2496.8867832835986,2432.37031221785,2480.4101722047053,2867672
2024-06-24,2496.390625,2502.9910596640407,2424.926222780981,2445.571300673544,724085
2024-06-25,2498.2265625,2511.0307458300663,2476.43989525315,2501.2539222596947,792404
2024-06-26,2533.26416015625,2544.9267535079343,2490.385567532404,2500.0630386114613,1387150
2024-06-27,2617.9794921875,2634.9024666207133,2533.2642976745738,2535.894487898786,4849907
2024-06-28,2650.584716796875,2659.021486069741,2567.9540059773344,2616.3413591599483,1495266
2024-07-01,2706.11865234375,2723.488472660757,2642.247487029915,2646.3665189181474,1098168
2024-07-02,2722.545654296875,2742.1487377032604,2696.788740007564,2696.788740007564,942834
2024-07-03,2721.9501953125,2740.858291559628,2710.3370358755365,2730.2876121305485,537119
2024-07-04,2714.505859375,2732.2726063846408,2696.8382230820584,2727.5579410934492,446631
2024-07-05,2727.55810546875,2735.2007780417343,2700.16332014341,2709.6920043412256,372709
2024-07-08,2721.75146484375,2734.456296048727,2693.6621781139615,2731.2304723061293,333988
2024-07-09,2741.25537109375,2765.2256253991927,2698.6743533184404,2714.7540374476375,451862
2024-07-10,2781.30517578125,2791.3301404927124,2720.610157379509,2760.312604039553,1128000
2024-07-11,2780.75927734375,2815.8958433874895,2770.4861730191506,2803.985110176122,1679101
2024-07-12,2822.595703125,2828.799210164835,2780.759348578149,2786.1190817307693,1457604
2024-07-15,2782.893310546875,2831.7272704204174,2765.275350221523,2828.7992635073006,1333353
2024-07-16,2806.31787109375,2823.5883382152533,2789.3946549808775,2797.037327389255,756629
2024-07-18,2771.0322265625,2824.630527879668,2756.3422732921545,2789.0967907637573,1181529
2024-07-19,2722.59521484375,2769.195912035764,2714.1584451295057,2765.2753439863973,424329
2024-07-22,2790.635498046875,2801.0077141506736,2681.9003698210913,2681.9003698210913,1248824
2024-07-23,2802.0498046875,2829.7421638596506,2753.414308307731,2790.0893943577794,1046046
2024-07-24,2786.02001953125,2808.9482808738444,2754.3574132243525,2808.9482808738444,2880833
2024-07-25,2776.739501953125,2803.985257137222,2750.9329119759327,2784.1340340778434,550900
2024-07-26,2822.149169921875,2856.3428531188442,2787.607993392155,2803.9355758659417,701236
2024-07-29,2807.161376953125,2843.6876754906443,2799.0224240431476,2838.6255167301288,501949
2024-07-30,2770.138671875,2808.947907742151,2762.1487488945454,2807.161249300598,721728
2024-07-31,2756.09423828125,2777.9305840963893,2741.007356910237,2770.1388819552762,662086
2024-08-01,2746.416748046875,2767.9056003744695,2733.116525343923,2761.2554890229935,383675
2024-08-02,2686.66455078125,2736.5904247472995,2680.907647685999,2729.046863129454,401105
2024-08-05,2592.81787109375,2659.021651512744,2568.500122853039,2635.3986476140108,1049292
2024-08-06,2611.001708984375,2669.688122141614,2600.5397673914213,2617.4781490181085,813893
2024-08-07,2627.49169921875,2649.76054262472,2622.7090488259946,2640.39471151634,551368
2024-08-08,2535.426513671875,2624.253524761309,2521.925821876072,2613.7417158501016,1199236
2024-08-09,2563.4248046875,2629.3848073706545,2530.8433778306135,2546.835251616431,2677777
2024-08-12,2561.78076171875,2611.4997944208967,2545.7888886874284,2560.6846515306006,1827230
2024-08-13,2510.11865234375,2570.0505335820953,2503.0442899103214,2562.677453142056,784848
2024-08-14,2503.29345703125,2525.3134506680244,2495.97024379651,2514.8515089706425,286936
2024-08-16,2590.9248046875,2598.5469790069205,2503.2933958177277,2503.2933958177277,725887
2024-08-19,2588.981689453125,2625.5984846591214,2547.7817134536804,2610.304268533307,682028
2024-08-20,2627.142822265625,2639.2985528177255,2579.6656344011494,2598.5468985288135,685479
2024-08-21,2675.11865234375,2682.292506739815,2615.6348449727357,2630.4809847321962,857604
2024-08-22,2745.16357421875,2762.8991049137285,2681.296057306454,2684.683636349621,2065301
2024-08-23,2738.587646484375,2770.82024462871,2697.1383326607015,2761.3546783557968,1101735
2024-08-26,2726.680908203125,2753.184346832749,2702.9671259776806,2742.0249914489227,597542
2024-08-27,2690.11376953125,2737.9896548064703,2687.2742456745045,2731.5132148885405,1450595
2024-08-28,2705.707275390625,2712.6819032145195,2673.2752073583733,2688.7190261112823,981745
2024-08-29,2666.499755859375,2709.144670975299,2630.4808830050724,2705.0594345957816,941802
2024-08-30,2689.06787109375,2699.0812493541407,2666.499822116301,2666.499822116301,994826
2024-09-02,2681.046875,2719.755911893186,2665.8521507165824,2696.93901338627,720118
2024-09-03,2697.038818359375,2700.1773035316755,2670.385776710123,2670.385776710123,522391
2024-09-04,2747.654541015625,2753.9317547244814,2677.5098097364807,2685.231719132874,1119041
2024-09-05,2731.662841796875,2763.945306838342,2725.38562824556,2763.945306838342,472385
2024-09-06,2683.089599609375,2734.6520266826956,2664.3576933934314,2730.0686025294485,555331
2024-09-09,2700.526123046875,2705.557624138439,2664.208045645477,2680.1999192318485,267477
2024-09-10,2692.75439453125,2705.3085786579645,2667.2969543287068,2690.2135886019832,431289
2024-09-11,2671.431640625,2719.6064855276686,2664.4073890954787,2700.177166433406,347845
2024-09-12,2747.106689453125,2754.977957744396,2669.0405802198197,2680.847725912437,939815
2024-09-13,2774.2578125,2788.8546141248107,2738.2386975217087,2750.095710180412,634726
2024-09-16,2755.27685546875,2808.832031531545,2747.305852519869,2792.64093179163,431468
2024-09-17,2744.86474609375,2767.233324179226,2720.1047212010494,2758.96336007535,253234
2024-09-18,2712.831298828125,2766.9345326146577,2705.159256769462,2744.86491443354,332947
2024-09-19,2729.022216796875,2764.941596822958,2712.4326645182177,2733.0575856163514,452713
2024-09-20,2668.54248046875,2745.7117084393944,2654.543357104422,2735.0505400491807,2755774
2024-09-23,2657.2333984375,2695.1953976437485,2655.340382521475,2695.1953976437485,678018
2024-09-24,2609.80615234375,2685.231722006481,2600.539812407019,2666.6494179672377,1457923
2024-09-25,2652.351318359375,2656.3368199647234,2574.584169633871,2609.806137373423,883336
2024-09-26,2735.8974609375,2740.03232150221,2646.5722613031016,2664.307791889785,1117471
2024-09-27,2773.06201171875,2796.8256615784408,2735.897405049044,2735.897405049044,1416974
2024-09-30,2785.417236328125,2813.764067178123,2754.9779198822625,2773.9090520622854,890000
2024-10-01,2790.996826171875,2803.451518545874,2745.014199229355,2783.92270685687,442630
2024-10-03,2756.123779296875,2822.7315736331825,2742.12489920694,2778.891055016924,972732
2024-10-04,2735.150146484375,2778.69170183646,2721.1011563572524,2756.1236535793037,708378
2024-10-07,2710.63916015625,2759.909872934893,2690.213465326916,2749.995986778625,689611
2024-10-08,2728.27490234375,2735.1996622929373,2695.3945161839256,2705.408136983739,553985
2024-10-09,2705.906494140625,2744.017853213028,2700.177335587257,2744.017853213028,600020
2024-10-10,2712.58203125,2729.5204122517885,2701.2733169463445,2708.0983421612914,387246
2024-10-11,2715.6708984375,2721.798509570649,2675.766016804413,2712.58203753362,209760
2024-10-14,2717.015869140625,2727.6274126673416,2692.505181262775,2727.6274126673416,232099
2024-10-15,2725.8837890625,2737.9896525197755,2690.9109162326067,2715.122886402863,491010
2024-10-16,2754.081298828125,2773.9090716862424,2715.1229239745007,2715.222658815279,756373
2024-10-17,2696.04248046875,2779.6881468671572,2676.3141988458256,2773.9091208808463,529505
2024-10-18,2750.942626953125,2755.974371401657,2664.9553808139262,2690.2135946437,345996
2024-10-21,2708.3974609375,2755.376464263634,2702.17011461878,2749.9961343465466,322456
2024-10-22,2645.7255859375,2736.1962800549677,2636.758207099412,2708.2481439475023,377094
2024-10-23,2623.655517578125,2666.9978452140713,2616.4317963054673,2640.394672074872,944905
2024-10-24,2657.0341796875,2686.1781595798407,2606.6177313656276,2635.313147731981,844303
2024-10-25,2605.720947265625,2665.3541133984486,2590.5760895471085,2655.440226629979,656546
2024-10-28,2637.355712890625,2656.286844747779,2584.896647441372,2590.5759383473774,763794
2024-10-29,2676.26416015625,2680.2496615116575,2640.3946479575807,2650.3584013461,611947
2024-10-30,2662.863037109375,2698.782417759513,2656.386597220513,2681.8936606755315,469403
2024-10-31,2686.07861328125,2694.1989751681776,2634.8647737909773,2665.304089709643,321800
2024-11-01,2689.117431640625,2709.1446741990326,2663.3114064486995,2709.1446741990326,62294
2024-11-04,2581.210205078125,2690.21357638955,2568.7056451737644,2686.8756215017443,477329
2024-11-05,2641.34130859375,2651.753382835612,2578.2210731814544,2581.2101993708334,896947
2024-11-06,2636.359375,2657.8811804036695,2610.0551624005875,2641.3412518753207,455842
2024-11-07,2553.4111328125,2653.2977644672897,2542.5008710734173,2621.6129787924842,481689
2024-11-08,2535.6259765625,2572.3422632674797,2530.7934586796673,2555.702843115491,558297
2024-11-11,2510.36767578125,2544.59326610321,2496.966476073883,2518.886733611961,354984
2024-11-12,2512.0615234375,2537.0207750002783,2500.9021679924194,2514.1041415883956,520250
2024-11-13,2493.827880859375,2525.4627996762006,2463.0898458522015,2512.0615992537587,1449201
2024-11-14,2514.801513671875,2529.797011326744,2481.024486640175,2493.827763922496,581846
2024-11-18,2508.026123046875,2543.5470503424676,2470.064368042744,2487.9492569818412,1436348
2024-11-19,2499.058837890625,2542.7499960577734,2490.9384757619255,2508.026216403368,424096
2024-11-21,2525.662353515625,2546.386767834353,2471.160422944475,2482.070928496656,686930
2024-11-22,2589.230712890625,2600.439935608063,2525.662159995404,2531.1918485981128,828921
2024-11-25,2620.26806640625,2644.3803023507703,2590.924859630026,2605.5216618866857,967944
2024-11-26,2607.713623046875,2630.132069330386,2593.0170860387952,2620.2680502679254,256368
2024-11-27,2612.396484375,2639.846674459914,2585.59408423378,2610.3042420521647,348482
2024-11-28,2561.133056640625,2626.395644279603,2544.792597648569,2612.496256326718,1057792
2024-11-29,2596.80322265625,2620.915457166082,2549.7244879721225,2555.7027399955036,650252
2024-12-02,2683.786865234375,2699.180815698236,2582.355806233261,2596.4047959317554,1103892
2024-12-03,2704.162841796875,2719.0586054098676,2673.2752043260925,2683.2888257701825,522667
2024-12-04,2707.450927734375,2714.57491455436,2685.3314424674195,2698.4835491189297,572817
2024-12-05,2696.989013671875,2723.841282372331,2659.7244273121446,2723.094000813381,714805
2024-12-06,2692.1064453125,2710.140936345609,2683.5876307237672,2705.0593247876814,342192
2024-12-09,2671.680908203125,2704.2127110633005,2659.3259505086676,2692.10660396387,387874
2024-12-10,2645.675537109375,2698.184469831996,2631.527055674986,2693.102858203222,637387
2024-12-11,2661.069580078125,2690.113825473314,2651.4546548407657,2656.3367969627566,319450
2024-12-12,2650.408447265625,2673.275214181183,2629.4346963190987,2673.275214181183,376376
2024-12-13,2682.93994140625,2690.213530343134,2611.001687505253,2631.4273828282285,412267
2024-12-16,2675.417236328125,2708.148264643483,2662.564091314771,2670.385735297499,329525
2024-12-17,2590.277099609375,2675.2679705656387,2585.943012537865,2675.2679705656387,887083
2024-12-18,2584.7470703125,2608.4109853640007,2566.91204848123,2597.5505911268574,369646
2024-12-19,2529.846923828125,2584.597701584883,2518.0896458482634,2560.684692780705,510040
2024-12-20,2479.679443359375,2553.909411678089,2470.7619320581357,2520.829796595255,734974
2024-12-23,2517.04345703125,2544.4437802068755,2485.956593570409,2486.6540076910105,347378
2024-12-24,2492.78173828125,2533.184563658584,2485.9564699092803,2505.8839766821,364336
2024-12-26,2473.053466796875,2509.1222055339326,2463.5380336275784,2491.1874493740556,559646
2024-12-27,2471.309814453125,2511.4637894687453,2465.929241641934,2473.0534713051807,428996
2024-12-30,2434.643310546875,2480.9747670397865,2427.170494983502,2479.9783916313368,763318
2024-12-31,2433.84619140625,2438.1306543662513,2404.353624908009,2421.1922722149534,530535
2025-01-01,2433.298095703125,2464.883390616142,2417.1568628086266,2431.155985886699,487637
2025-01-02,2534.72900390625,2550.2226891332925,2436.1377124168393,2436.1377124168393,970593
2025-01-03,2500.902099609375,2544.642879666798,2492.0344563990952,2531.988961519117,595091
2025-01-06,2451.631591796875,2518.7871978974945,2436.8851869088912,2507.876935684219,393162
2025-01-07,2458.30712890625,2487.949296130877,2447.6958285298,2451.6813300053805,495162
2025-01-08,2426.92138671875,2467.3743253638586,2424.33071336988,2459.901509844864,543301
2025-01-09,2401.6630859375,2429.9602922974987,2387.713830807498,2426.223884673391,766796
2025-01-10,2355.53125,2416.1106815043117,2343.6742364364404,2391.3010306139795,413994
2025-01-13,2279.856201171875,2339.68859067627,2268.696845700511,2321.504740208795,422845
2025-01-14,2302.22509765625,2322.003003402392,2285.8345277137487,2299.6344243127114,865382
2025-01-15,2309.14990234375,2341.2331422037073,2288.425244964939,2318.465866563574,583299
2025-01-16,2342.179443359375,2351.196688761565,2304.765501006362,2321.5545226462323,1395232
2025-01-17,2367.238525390625,2378.5971073316477,2340.1369206616823,2354.5347393948227,443089
2025-01-20,2393.293701171875,2401.912251044918,2364.398814688118,2371.4233098810014,681711
2025-01-21,2358.918701171875,2417.704848318291,2353.0898079237186,2396.183042908168,316019
2025-01-22,2379.49365234375,2387.763616252332,2361.708498617005,2372.319798602891,336546
2025-01-23,2452.229248046875,2466.7764263649865,2356.8263023437758,2379.34448395823,596720
2025-01-24,2481.721923828125,2504.9375183289876,2444.5570743102617,2457.410462386491,1510105
2025-01-27,2449.140625,2475.394971097909,2421.590698962339,2466.5273272519253,458264
2025-01-28,2402.56005859375,2451.0336246613097,2391.1017414559656,2449.0907412760457,740041
2025-01-29,2444.75634765625,2455.068930115471,2388.311779824182,2394.2900320890735,200039
2025-01-30,2482.66845703125,2499.4574792926956,2437.632339026355,2449.78806987087,397046
2025-01-31,2499.756591796875,2509.1722909477016,2466.8263352245535,2482.668607239867,431982
2025-02-01,2431.9033203125,2504.937687668512,2420.5943619283535,2490.9385642860802,432668
2025-02-03,2464.683837890625,2470.7618249528477,2409.2356458255813,2409.2356458255813,427217
2025-02-04,2475.69384765625,2482.768210126876,2437.632356950953,2456.0653014036784,337002
2025-02-05,2480.974609375,2490.838627989512,2465.3315651075904,2489.9419874811747,464164
2025-02-06,2489.942138671875,2499.208478595386,2466.925769499513,2489.942138671875,595946
2025-02-07,2478.58349609375,2513.605993447971,2457.510010823538,2494.923955046564,738201
2025-02-10,2464.285400390625,2481.9710633268155,2429.262903202367,2475.992811066695,717668
2025-02-11,2482.41943359375,2532.7862585508506,2447.1478418509128,2451.083476016952,1710410
2025-02-12,2475.94287109375,2489.8422585400936,2424.92850195341,2470.0144864273257,454023
2025-02-13,2481.074462890625,2523.7690025182833,2465.182080771043,2472.007349513944,708830
2025-02-14,2422.487548828125,2498.660399197478,2396.781014961433,2489.942114482902,677910
2025-02-17,2454.919677734375,2462.1930237013266,2396.8309420530995,2422.487609137592,646841
2025-02-18,2454.271728515625,2473.9501417987703,2404.054507870031,2471.0108831493903,596040
2025-02-19,2454.271728515625,2472.5054461835534,2437.4330822996703,2439.126871753914,289053
2025-02-20,2444.80615234375,2468.968254627699,2434.394078567374,2442.1159875447183,427274
2025-02-21,2422.238525390625,2444.457746017372,2392.3472626431767,2431.15603679247,504415
2025-02-24,2385.023681640625,2411.228402601025,2372.369763054976,2403.25739961722,543080
2025-02-25,2370.676025390625,2394.7882612925428,2358.520294225762,2383.3299442528655,497013
2025-02-27,2331.468505859375,2370.675974096929,2308.701474535265,2364.3987605946513,1045684
2025-02-28,2298.2890625,2353.1894406013184,2293.30718583947,2338.642263450293,1153007
2025-03-03,2368.83251953125,2374.2627165200156,2309.498318979855,2320.059994957915,790068
2025-03-04,2385.97021484375,2395.485648407507,2343.0764491877835,2347.4604035729876,521061
2025-03-05,2382.981201171875,2400.2185447715287,2367.736851689041,2395.2865350414518,755361
2025-03-06,2384.973876953125,2406.2465890279764,2344.9695019781952,2392.9448801465924,754593
2025-03-07,2398.524658203125,2406.246567477639,2371.373428818543,2371.373428818543,317388
2025-03-10,2375.30908203125,2416.2103407809736,2364.697781342064,2398.524677461855,650796
2025-03-11,2404.8017578125,2416.2102068390122,2355.381443496111,2363.4023136586134,445250
2025-03-12,2390.204833984375,2430.0598497213655,2359.018478774749,2404.8018794514746,561893
2025-03-13,2361.60888671875,2403.0581999991737,2354.7339938708133,2393.293672583951,479648
2025-03-17,2390.6533203125,2395.7845561206454,2362.256622516934,2373.1170166522547,646714
2025-03-18,2390.6533203125,2390.6533203125,2390.6533203125,2390.6533203125,0
2025-03-19,2449.289794921875,2455.666743006473,2417.206557850514,2417.206557850514,415476
2025-03-20,2459.203857421875,2468.2211034841366,2439.226725165348,2455.8661457700823,317002
2025-03-21,2460.44921875,2505.6349386662646,2450.5353325608066,2470.911160038794,1372022
2025-03-24,2504.090576171875,2534.778986769758,2466.0290850059555,2469.6657578694376,594207
2025-03-25,2560.13671875,2586.490799386355,2510.866003950604,2520.5806640849364,993289
2025-03-26,2572.24267578125,2593.465275924755,2550.7208711288213,2573.587636537215,555486
2025-03-27,2609.208251953125,2619.4210999621346,2565.666694946344,2574.634073685962,1246219
2025-03-28,2601.685546875,2628.0894951624205,2589.9285116761166,2605.4718220730183,435022
2025-04-01,2609.507080078125,2622.4599598188715,2586.789673112444,2601.93453000433,317974
2025-04-02,2607.01611328125,2623.8547594586,2591.622162715805,2609.5070516658106,413523
2025-04-03,2642.287841796875,2654.344081511431,2585.693913342194,2585.693913342194,298330
2025-04-04,2607.41455078125,2642.2876879599435,2600.639393019664,2625.548776718731,290533
2025-04-07,2500.005615234375,2550.7210258284445,2456.563550460949,2540.7572718213023,974267
2025-04-08,2580.662109375,2590.5759957846494,2524.964579512205,2540.757226634945,1296141
2025-04-09,2548.479248046875,2577.3741354257663,2520.2817748156403,2553.212031324452,494024
2025-04-11,2641.64013671875,2650.3584209983496,2603.3295533069627,2640.3946675359502,669041
2025-04-15,2708.74609375,2716.3184003725405,2660.3221549751397,2665.3040316698493,815058
2025-04-16,2693.00341796875,2712.13377655858,2672.477987897508,2680.249764490294,462016
2025-04-17,2750.693359375,2761.952449396334,2677.160810447724,2691.209800079184,1061496
2025-04-21,2746.9072265625,2777.197184495139,2725.086702735023,2745.014210616084,322964
2025-04-22,2739.434326171875,2762.052241520187,2727.7767830740354,2740.331209952142,211167
2025-04-23,2675.86572265625,2753.8817175308445,2665.403781538356,2740.1319323804573,603774
2025-04-24,2719.3076171875,2726.3819796324815,2663.311369920375,2680.2497512479645,562050
2025-04-25,2724.887451171875,2729.968819681246,2665.5033809318134,2716.119299133947,649356
2025-04-28,2743.419921875,2763.6463910931866,2713.4291683669485,2725.0867118652845,416635
2025-04-29,2735.747802734375,2745.612064843502,2709.144629026193,2743.1211264203444,890929
2025-04-30,2727.57763671875,2740.928969674742,2709.044957117664,2725.0866982377283,662477
2025-05-02,2714.12646484375,2761.753255425702,2686.0287285064196,2715.7207627127523,798849
2025-05-05,2745.114013671875,2762.949036366327,2708.4473496084415,2720.104893357401,661587
2025-05-06,2718.8095703125,2754.479859136216,2708.1484019288246,2744.01791718616,288396
2025-05-07,2690.11376953125,2717.4146006771766,2672.6772005214398,2689.217128998742,417883
2025-05-08,2688.918212890625,2699.778850581112,2666.7987279121576,2675.267918716287,966461
2025-05-09,2625.25,2674.2716219145022,2617.079770223536,2667.1972591444087,444671
2025-05-12,2732.8583984375,2751.8890219462764,2661.4183334530558,2661.4183334530558,498304
2025-05-13,2698.8818359375,2738.039435467044,2692.903583894996,2731.064808084122,313964
2025-05-14,2727.278564453125,2737.0430915524685,2695.4942880311523,2710.0412222148507,330652
2025-05-15,2814.561279296875,2819.24419502694,2710.141088698808,2724.3893055736244,1353535
2025-05-16,2794.035888671875,2834.688054234358,2765.0415100635405,2834.688054234358,700214
2025-05-19,2717.11572265625,2809.878369932608,2711.137470241165,2809.7786350900715,575525
2025-05-20,2710.938232421875,2744.017846995221,2700.3765558973137,2744.017846995221,520661
2025-05-21,2697.08837890625,2739.9325196122113,2682.441709688144,2707.1518673976066,304264
2025-05-22,2664.90576171875,2692.5053118503547,2638.701039855107,2690.213599762377,541069
2025-05-23,2649.760498046875,2736.9433408283485,2641.3910424421333,2665.304050747909,990691
2025-05-26,2646.771484375,2686.8259695922115,2630.530760149068,2662.813225430109,435977
2025-05-27,2604.724365234375,2648.764106612208,2585.5940073570923,2646.3729030984346,874537
2025-05-28,2568.25732421875,2611.300692778498,2560.7845087307483,2611.300692778498,849149
2025-05-29,2564.271728515625,2584.4979537562717,2542.9491498189773,2568.257229962957,616258
2025-05-30,2536.572509765625,2595.4581492045572,2526.8079823184576,2565.66662242509,1203864
2025-06-02,2514.951171875,2540.358743841881,2501.8985572093397,2536.771695203098,1209305
2025-06-03,2543.1484375,2553.7101138921225,2502.994704055464,2533.782606175446,1493898
2025-06-04,2540.458251953125,2563.7735817454873,2532.586983771322,2547.0344267484415,529006
2025-06-05,2545.14111328125,2589.579551482382,2529.6972952558644,2545.8387706353456,950620
2025-06-06,2565.068603515625,2568.7553869148664,2526.90762221849,2550.521669360305,414844
2025-06-09,2599.045166015625,2605.421871114147,2565.367629685232,2576.5269852354995,552351
2025-06-10,2698.1845703125,2732.0613337506925,2656.9347262518095,2700.1773211029818,2885229
2025-06-11,2712.3330078125,2723.990551094583,2668.4924911405437,2698.2842609233203,812149
2025-06-12,2679.35302734375,2719.1083061556556,2666.3004130716504,2708.2479122387717,545570
2025-06-13,2654.144775390625,2677.9580495760943,2626.246264861041,2642.4872321419043,538879
2025-06-16,2695.095703125,2704.1628165032535,2642.48727698109,2655.3404222480362,494993
2025-06-17,2661.717041015625,2696.4906870541317,2655.34033601004,2695.095615595864,241142
2025-06-18,2665.70263671875,2686.527028445161,2657.6321419659016,2661.717135135404,342289
2025-06-19,2683.438232421875,2702.170138968523,2660.32237132963,2670.2861255293665,609547
2025-06-20,2702.76806640625,2722.9942928636865,2673.2752566194545,2673.2752566194545,1232377
2025-06-23,2713.82763671875,2727.5776659324015,2668.3930642917153,2690.213588316889,728851
2025-06-24,2770.8203125,2791.6447047639303,2727.378490073633,2736.046907590018,1562447
2025-06-25,2821.535888671875,2832.695244430731,2776.400034683866,2781.78036450783,948185
2025-06-26,2872.84912109375,2884.406929304076,2821.735016528793,2829.7060194003434,1392932
2025-06-27,2850.729736328125,2885.5031402673217,2834.0900726481195,2885.5031402673217,678859
2025-06-30,2834.189697265625,2879.524775917615,2826.417920845572,2852.921602590555,447868
2025-07-01,2837.77685546875,2859.5973792836476,2832.1970559629854,2832.1970559629854,535639
2025-07-02,2839.470703125,2868.4650817154643,2824.72429834844,2859.597437834223,917118
2025-07-03,2807.387451171875,2839.570182294868,2800.612049735981,2838.075619180585,393434
2025-07-04,2795.7294921875,2809.7784818992764,2775.602758805177,2807.3872783658976,286779
2025-07-07,2769.02685546875,2809.678775481579,2764.9416191975647,2799.8147567369933,278677
2025-07-08,2810.57568359375,2831.0013786151353,2768.1299956616626,2769.923519973218,846061
2025-07-09,2787.758544921875,2819.7422915380694,2783.4743254438904,2802.8039102814805,659109
2025-07-10,2765.04150390625,2799.6156820610445,2758.9635165890872,2787.758668701544,780215
2025-07-11,2751.98876953125,2797.3238488265692,2746.408970161852,2765.0413841691075,476850
2025-07-14,2774.3076171875,2798.8185497779814,2745.114012038249,2763.9454101403066,2913912
2025-07-15,2768.52880859375,2801.90738479337,2752.7860284812937,2778.8910155444805,450965
2025-07-16,2752.38720703125,2773.9090121867043,2748.003252733811,2773.9090121867043,372782
2025-07-17,2756.273193359375,2767.631775104802,2732.360184837885,2751.9887306814676,720281
2025-07-18,2718.6103515625,2763.945433474207,2706.6538464429286,2760.9563071943144,797380
2025-07-21,2731.961669921875,2741.526971267108,2703.3657439862964,2718.1121488703143,616378
2025-07-22,2712.831298828125,2748.9997751112137,2707.6501953116067,2742.921787766093,664321
2025-07-23,2699.28076171875,2726.0831633544135,2691.708211184922,2725.6847104866197,373864
2025-07-24,2725.9833984375,2733.356722456091,2657.6321909760577,2699.280731941219,997645
2025-07-25,2698.782470703125,2725.9833241653973,2684.4345191759817,2725.086683619324,360857
2025-07-28,2717.31494140625,2744.516038469158,2687.2244529865015,2694.298815626645,547126
2025-07-29,2733.0576171875,2740.0322447195135,2695.195353442285,2717.3148378212436,743512
2025-07-30,2748.601318359375,2783.872910763976,2723.19374526543,2730.06863832974,772901
2025-07-31,2736.4453125,2761.7533937174026,2717.8131410945953,2725.08673019562,581498
2025-08-01,2712.3330078125,2756.4724857492706,2706.1555291144114,2738.039541239471,329586
2025-08-04,2777.6953125,2782.179001676885,2710.9381625330466,2720.1047673102034,570201
2025-08-05,2787.061279296875,2814.6608298106676,2774.6065865329147,2788.8548037060286,782631
2025-08-06,2755.775146484375,2789.8511367174237,2748.0033696666624,2789.8511367174237,393906
2025-08-07,2733.755126953125,2762.6500134540265,2708.945476880498,2753.981596154899,591589
2025-08-08,2681.843994140625,2738.936107192788,2662.912862456895,2733.7550040146966,1162918
2025-08-11,2748.89990234375,2784.869150389887,2710.1409978749525,2716.1192500761476,1236332
2025-08-12,2740.39990234375,2761.89990234375,2705.10009765625,2757.0,553341
2025-08-13,2745.89990234375,2766.0,2725.5,2760.0,479944
2025-08-14,2764.89990234375,2770.0,2731.10009765625,2745.89990234375,618912
2025-08-18,2845.89990234375,2865.39990234375,2776.5,2795.0,1279195
2025-08-19,2828.300048828125,2854.0,2803.199951171875,2845.89990234375,372899
2025-08-20,2864.89990234375,2883.60009765625,2807.39990234375,2828.300048828125,930944
2025-08-21,2881.199951171875,2898.39990234375,2855.0,2880.0,1138327
2025-08-22,2813.800048828125,2881.10009765625,2801.39990234375,2881.10009765625,671902
2025-08-25,2811.39990234375,2832.699951171875,2791.60009765625,2825.699951171875,591824
2025-08-26,2796.199951171875,2818.5,2780.39990234375,2803.60009765625,425619
2025-08-27,2796.199951171875,2796.199951171875,2796.199951171875,2796.199951171875,0
2025-08-28,2784.300048828125,2806.0,2772.199951171875,2775.0,528080
2025-08-29,2775.60009765625,2797.800048828125,2762.699951171875,2784.300048828125,542362
