Date,Close,High,Low,Open,Volume
2020-09-01,574.0637817382812,586.0512132419387,568.0701167957244,578.5590812544708,6377322
2020-09-02,584.3448486328125,586.7173374474158,573.6477155411409,574.3137236659925,4090511
2020-09-03,588.3404541015625,596.3737045378705,580.7234332047674,586.717148735608,5467610
2020-09-04,583.3875732421875,586.4676833735023,576.103553044149,578.6842078284582,3354824
2020-09-07,590.0469970703125,593.0438803014109,573.6059299246646,579.6828711634802,4238823
2020-09-08,604.2822875976562,615.1042595973273,585.3854494056037,590.0472016355927,11522742
2020-09-09,600.9938354492188,608.4443542838643,591.2124413815873,592.7940831282384,5514179
2020-09-10,601.3685302734375,606.8211277253291,594.209350859899,606.571400133883,3366359
2020-09-11,600.7440795898438,611.0249282912,591.1708007405947,592.7108296230714,7221661
2020-09-14,663.6027221679688,688.7710943476978,621.1962693497327,621.9058059293202,32312474
2020-09-15,661.7244262695312,676.040749598269,653.6688481560611,660.3470307328688,14024028
2020-09-16,658.8443603515625,664.7294977578911,650.4966332644346,659.5121683284361,7471292
2020-09-17,674.74658203125,682.4264989990702,659.0528696755547,663.6023898589755,19972637
2020-09-18,676.6666870117188,687.8526608573083,671.1572079238784,674.7467201144701,8847382
2020-09-21,669.9886474609375,709.4734427552012,662.3505066996261,687.018033432909,24911507
2020-09-22,685.3483276367188,694.1134402313418,659.9294909222162,679.4631907989959,21882919
2020-09-23,679.5884399414062,705.2159722195424,676.2911285113116,694.5308917670686,18070370
2020-09-24,658.0512084960938,677.3762139233281,654.4616966256145,677.0005560757313,10553627
2020-09-25,690.9414672851562,697.8700714407018,661.6409109881062,663.8530793220312,19813100
2020-09-28,697.2438354492188,705.1741753914727,685.1813608206422,699.8733895997361,11145837
2020-09-29,678.461669921875,702.1274610978572,676.3330092312592,699.0388421489803,10554255
2020-09-30,677.5015258789062,684.9310235406499,673.745048601718,682.8440917199897,9470272
2020-10-01,678.62841796875,685.3065989912351,677.1675658700814,684.4300979221294,4321350
2020-10-05,688.0198364257812,700.5414299631935,680.4233724427877,691.8597713970565,11889998
2020-10-06,692.15185546875,696.6178693618762,686.7675609678271,692.8613919357186,7848500
2020-10-07,691.2333984375,693.3620582455944,687.0178072586322,692.8612150967979,6980002
2020-10-08,709.1812133789062,733.7652822284201,704.965620980547,715.8176672478616,25860257
2020-10-09,714.356689453125,719.9914047949989,708.9723957141275,711.9776078000808,7286954
2020-10-12,722.74609375,727.8799655268539,715.5253414615627,718.572230825883,8717550
2020-10-13,751.62939453125,756.8049447523556,720.6592953458946,723.1636135627463,18948618
2020-10-14,743.323486328125,760.227636355409,736.2696456328146,754.6346481315923,15441198
2020-10-15,717.9044189453125,754.3839908887913,695.7412171319214,751.2535937131578,15648823
2020-10-16,690.4822387695312,732.0956362539447,685.0144369858134,717.0697280982195,28982990
2020-10-19,705.17431640625,719.3237254280563,695.3657360951835,701.042180893618,15671485
2020-10-20,734.307861328125,739.608647848425,704.2142632822569,707.0107825323356,21563969
2020-10-21,727.1287231445312,744.3250706962709,717.9044953421497,735.4347213912022,11161929
2020-10-22,726.4578247070312,736.3116537867514,714.1300453233814,720.2939606079722,9607794
2020-10-23,714.885009765625,734.1733609758494,713.3335247178235,730.4414740915449,5447267
2020-10-26,710.9852905273438,721.971293685015,706.1632033848625,715.346144788956,6612856
2020-10-27,710.524169921875,719.0781447894984,703.3539451010532,711.9498409307365,5807904
2020-10-28,695.7223510742188,714.507546479347,689.0133600274643,714.507546479347,6853002
2020-10-29,704.4859008789062,706.5405393907994,686.7909594763888,691.8646231423257,6690978
2020-10-30,706.0792236328125,720.96479407972,698.5735313957169,706.7920332926786,8727274
2020-11-02,689.6842651367188,707.6727055209869,687.0006586168778,706.0793509394362,5953172
2020-11-03,682.6817626953125,697.7350716537975,681.2560918550657,694.3805761170004,7011687
2020-11-04,683.604248046875,705.911621860132,679.7884686019038,681.1302974658562,10077502
2020-11-05,706.8759765625,713.7526503369648,696.0996307061646,699.4122047427118,8903859
2020-11-06,712.9140014648438,717.6941668896366,701.4248974884762,709.4756646987896,5871913
2020-11-09,717.0233154296875,731.9508081336903,710.3981672456564,726.9190655692714,7505062
2020-11-10,679.03369140625,711.5722841447672,675.7211172064185,711.5722841447672,10397497
2020-11-11,692.7451782226562,695.2191286642984,675.3856553638956,681.8011478939379,9779484
2020-11-12,691.613037109375,701.9280992992466,689.3487426809805,693.6676755941318,4699639
2020-11-13,694.46435546875,697.2737759390483,686.1200895211119,690.1035526121989,3918289
2020-11-14,696.4772338867188,699.41241789467,695.219297883311,699.41241789467,475390
2020-11-17,683.4784545898438,702.7248826586533,682.6398307191814,702.7248826586533,5977903
2020-11-18,682.891357421875,687.5876814635293,671.1087031426997,686.832899561226,5816221
2020-11-19,674.7147216796875,688.0488596574448,673.4148651161337,683.4783500244695,7170339
2020-11-20,687.0425415039062,690.6066926194285,674.2535286776206,682.5978456440089,7455575
2020-11-23,703.7731323242188,706.1212688242944,684.5267050805585,691.8646636342551,7116516
2020-11-24,704.8633422851562,719.0361057511846,700.5444090057437,707.7146838346473,8465615
2020-11-25,691.613037109375,709.4757132702063,689.768054568256,704.8632825101753,5610232
2020-11-26,706.1632690429688,708.6372198701565,687.3361516033928,691.1099592831747,8414555
2020-11-27,689.4326171875,710.985259449794,682.9332826273755,706.1212515644853,11723771
2020-12-01,699.4962768554688,700.8381060031093,683.5624204242686,691.026194700471,8078785
2020-12-02,707.085693359375,710.6917655434339,697.1479703943749,701.2153266272442,7062229
2020-12-03,723.0614013671875,724.5709138673049,707.2113921521277,711.5722458523243,9633229
2020-12-04,719.9585571289062,727.7996694551056,716.5621408588825,726.2482358458158,5577388
2020-12-07,717.2749633789062,721.1745847268667,713.1657372555292,719.5392579943175,5314265
2020-12-08,724.4033203125,734.3829652756494,717.8620640778706,720.3779357977697,8722526
2020-12-09,730.06396484375,737.9889702729934,724.6548309040736,726.3320785637849,5952003
2020-12-10,726.8772583007812,736.144042069123,725.4096664899635,730.0640188528777,4641898
2020-12-11,723.1033325195312,739.4984166874777,717.1910452857618,730.4412903734551,5637035
2020-12-14,732.11865234375,734.3410261154585,719.6231359704253,726.3321270571952,5143894
2020-12-15,743.0206909179688,745.5365623319123,729.6027100436037,733.5442521625554,7527270
2020-12-16,742.2239990234375,748.0524447888886,736.6891023052676,743.2303578409782,4378179
2020-12-17,737.4437866210938,743.8592788918372,735.4730412493137,743.8592788918372,4863371
2020-12-18,746.9202880859375,758.954518821771,743.565792975123,750.358625100309,11568187
2020-12-21,729.9801025390625,763.5669757492452,712.8302354605804,743.5658184402417,8875855
2020-12-22,766.33447265625,770.9049829281233,731.2800055624949,737.276186632779,10251896
2020-12-23,773.71435546875,784.1133118433478,767.173099574972,771.5339538993368,10723068
2020-12-24,770.9888916015625,778.4526650724342,763.7348252992856,778.2010881298803,4390561
2020-12-28,773.0435180664062,777.8236846403881,766.0829497778917,775.7271248435138,3884750
2020-12-29,784.8681030273438,792.4995597956043,775.9367383078126,779.081577830811,6760167
2020-12-30,788.8934326171875,796.6926238557206,780.7587713786062,786.629138080701,6382809
2020-12-31,793.4639892578125,796.5668566056341,784.1133127016469,787.5097291131399,3468390
2021-01-01,797.112060546875,801.3051802762116,789.983757007003,789.983757007003,3142822
2021-01-04,822.1868286132812,825.7929008680119,798.9150171833965,804.2402580634076,5259092
2021-01-05,831.3697509765625,835.1016374258617,811.1170152779031,811.1170152779031,7150252
2021-01-06,820.341796875,836.9465375839476,810.1944183633133,836.8626956796456,5995748
2021-01-07,807.21728515625,828.7280049466953,804.5756510392598,828.5602699585851,5261000
2021-01-08,834.13720703125,841.5590073995729,813.465109295053,817.5743865069436,8034775
2021-01-11,884.8319702148438,888.1445957197743,845.3328088470955,851.2031755752004,13384331
2021-01-12,890.7023315429688,893.1763332145998,871.0785138394898,882.2322515036968,6700542
2021-01-13,885.5447387695312,894.8115724788685,873.0073542179026,892.2957011410647,6691409
2021-01-14,861.8536376953125,879.7163655709677,844.1586960021789,879.7163655709677,15021108
2021-01-15,830.0700073242188,882.9452391635309,825.2059984646866,878.5844354046338,23769415
2021-01-18,823.1092529296875,842.774991115038,819.2516039556317,838.6237931020759,12947569
2021-01-19,825.080078125,836.1080025445118,821.3062706912484,828.5603876770087,6387923
2021-01-20,837.9948120117188,846.7165197963368,828.1829035504069,831.7051336628692,7444118
2021-01-21,836.3531494140625,858.8344134563196,827.6385266575568,849.5724737033593,8857975
2021-01-22,830.0380859375,845.3623946039919,826.333341337737,835.0058735539282,5379466
2021-01-25,797.7896118164062,839.4683303229098,792.3166487801988,839.4683303229098,7731883
2021-01-27,804.5255737304688,811.0510297183401,793.579647557265,801.6627724825134,7531736
2021-01-28,786.3806762695312,801.9154831509622,783.1389670108059,798.884272491196,6960905
2021-01-29,769.582763671875,799.4735602915157,765.793789452484,792.3166089882214,7692663
2021-02-01,781.6653442382812,786.2121337611109,754.7215281415149,773.7927185290076,8651478
2021-02-02,803.8098754882812,810.8405073056136,787.7277535948198,797.3685985653334,7690178
2021-02-03,808.2302856445312,819.5129775435867,802.0415971908659,813.3664299146144,6354619
2021-02-04,806.3358764648438,817.113393420579,800.0209191011801,812.2719261084368,4623148
2021-02-05,796.6530151367188,811.5984156057763,791.5168185069631,808.9882021538896,4631703
2021-02-08,806.420166015625,812.0194495363729,792.611436795423,804.1046813311635,6509526
2021-02-09,801.24169921875,826.7541658353125,797.0317280135416,812.5244426052083,7557977
2021-02-10,807.8515625,812.6088001732976,796.6530469097346,804.1467664681963,4896963
2021-02-11,817.0713500976562,818.8395177027737,802.4627170704667,807.8515015480984,3745595
2021-02-12,808.6513671875,830.627398429279,806.293741973531,820.944463728887,8045740
2021-02-15,803.8098754882812,817.7869602498206,799.9787603272614,816.7344673794862,4643228
2021-02-16,801.8309936523438,810.2088454606873,794.9266315603486,805.7883763116422,3277086
2021-02-17,794.1690063476562,806.967329539663,792.3166086739938,801.5785456510542,3643176
2021-02-18,798.2947998046875,805.5780712800002,790.0853551274155,794.842643625106,5133094
2021-02-19,800.0208740234375,806.6305084684791,795.2214964192265,799.8945543267799,5494816
2021-02-22,774.7610473632812,801.1154577110726,771.3088400247996,799.4735586078772,5043203
2021-02-23,766.1727294921875,783.054705059576,763.3099282935326,778.0027392204819,5916942
2021-02-24,771.2669067382812,774.1717978333972,762.4259651217399,772.9508956176225,3435827
2021-02-25,782.4232788085938,786.4648415605075,776.4451392579775,779.6026181877943,6234947
2021-02-26,765.7517700195312,778.8447718518709,762.0890637712037,764.5308679367554,9198218
2021-03-01,783.3493041992188,786.8015113455696,770.972030243793,771.2667076651131,5397960
2021-03-02,803.0520629882812,806.5463598870122,781.8758858035699,786.2963558750649,6715548
2021-03-03,812.7350463867188,815.050530849359,797.3686494982882,812.524547799206,5742015
2021-03-04,806.630615234375,816.6503689028712,801.0313320564638,801.5786489594207,6268541
2021-03-05,792.7376098632812,818.4184352491868,788.3592293553027,805.0307057210172,5992152
2021-03-08,809.9144287109375,819.2605459343632,794.842708491304,801.9996608453042,5621823
2021-03-09,819.38671875,822.5441971636317,799.1367160775757,811.7666297321022,5440319
2021-03-10,832.3115234375,837.8686663151752,824.9019824701786,829.9539492285246,7694950
2021-03-12,824.52294921875,844.3519054496657,819.7656606887109,832.3113967860448,6447010
2021-03-15,835.5530395507812,837.2370281840402,814.5031816350438,823.049444505335,5321071
2021-03-16,848.0988159179688,857.8238404611147,833.9533210014603,836.1003963331277,8094575
2021-03-17,831.42724609375,862.117947288477,827.4277733405739,852.0981949924408,6758901
2021-03-18,798.0001831054688,841.7838913845343,785.0755897757482,837.7844180321197,8269566
2021-03-19,808.693359375,815.8923996821812,789.5379908582099,799.8945094923346,9004154
2021-03-22,824.1019897460938,827.2173791937558,795.3478614503016,808.6935030513149,4745254
2021-03-23,825.8701171875,836.0161899667278,818.2500787869692,828.2277424221164,5158305
2021-03-24,821.4918212890625,829.1539494402582,813.1981459739967,817.6186163822844,3874331
2021-03-25,805.8306274414062,820.5234381252867,799.894577956924,816.7344638086487,4879437
2021-03-26,807.0936279296875,820.9444444762817,803.0941549950595,812.5245014560121,4271178
2021-03-30,838.4580078125,842.6679797852393,812.0615040999286,812.5245907386781,5475000
2021-03-31,827.3856811523438,841.9942610246204,824.0177041082452,841.9942610246204,4445140
2021-04-01,844.1834106445312,853.3611684841865,834.0794796905991,835.2582921917248,5269079
2021-04-05,870.201171875,875.6741352201258,844.1835255701299,847.8883213141025,9452833
2021-04-06,865.9069213867188,876.1792102913456,859.0446475807371,874.8320400258622,4260257
2021-04-07,873.31640625,879.8840025977016,862.791477989262,868.096082945675,3551106
2021-04-08,873.569091796875,887.7988161137305,868.6434456671002,879.0420547816265,4852068
2021-04-09,880.2208862304688,888.1356534268554,870.7484500923091,877.4422638502712,3708082
2021-04-12,849.9089965820312,878.1578413377911,843.0046336156405,878.1578413377911,5976427
2021-04-13,828.0172729492188,859.507831131637,818.5869258529905,852.5192882322806,7773994
2021-04-15,835.174072265625,837.531645760725,807.2619438210751,815.0503902151768,7430279
2021-04-16,852.7298583984375,856.1399255593494,837.3634600614624,841.9944294232905,4677808
2021-04-19,837.447509765625,865.9489962485404,831.7640482437324,838.626322341482,6239343
2021-04-20,809.4092407226562,847.0464022749547,805.7886749275664,847.0464022749547,9742418
2021-04-22,809.9144287109375,818.3343726568199,804.3572348718994,813.3665851722455,4970596
2021-04-23,804.65185546875,820.818104556465,800.0629763574835,811.6824871609983,6023490
2021-04-26,782.0443725585938,803.6836384773568,777.2029048569229,791.4747199253173,19619972
2021-04-27,782.08642578125,790.2537811953964,777.4975977199634,783.896734177152,6406825
2021-04-28,777.8342895507812,787.9803101373717,776.1082115906147,784.0650676508354,6845677
2021-04-29,770.8424682617188,787.9195885556342,768.7660860042445,787.9195885556342,8588734
2021-04-30,761.8589477539062,775.4612912050103,758.8503377892094,766.9863044158845,10921664
2021-05-03,769.2747802734375,771.6054023041767,755.1215379595027,761.689654591586,6871176
2021-05-04,763.5540771484375,775.4614253007808,762.1133187997018,771.223931173454,6217026
2021-05-05,770.71533203125,771.9017991650072,763.2573021517924,766.0964538093995,2696835
2021-05-06,776.308837890625,783.0040985589529,763.8082316036307,772.9188429653384,6319104
2021-05-07,776.6480102539062,780.885504740828,774.359752885523,778.0039877988302,3651558
2021-05-10,774.5715942382812,781.0549294876074,771.3934735100158,778.0463188769612,4029147
2021-05-11,768.935546875,773.300185795452,767.0710394217813,769.9525556428662,3818154
2021-05-12,767.9186401367188,770.3340427472253,758.5114241702997,767.9610564583938,4076940
2021-05-14,771.5205078125,772.9189015159998,759.7826701854099,770.3764051294339,5184569
2021-05-17,781.52099609375,785.80085445273,771.3085947340923,775.122339124173,7956551
2021-05-18,789.5298461914062,796.2251072734174,783.5126255181207,786.4788712610233,5913426
2021-05-19,789.3604736328125,797.4964421498267,784.0636056589162,786.4789567641224,4178834
2021-05-20,783.4277954101562,792.241750588757,781.4361424887237,789.868764645565,4753782
2021-05-21,788.724853515625,792.1148490362815,782.2414663914789,784.3602135918892,4161547
2021-05-24,790.546875,795.8013779367199,786.2246517851622,789.4451368988866,4191877
2021-05-25,797.1572875976562,799.8692938887975,792.5384608844138,794.9538115826638,5032874
2021-05-26,801.564453125,804.2340953637151,790.3350926460579,796.6489698268332,5017674
2021-05-27,798.6829223632812,810.9716554641404,795.0386359929715,804.276393980369,9078274
2021-05-28,798.8099975585938,804.9119993707075,794.4454096986292,796.6912505215558,4098094
2021-05-31,801.0557861328125,803.3016266642322,790.3772714158642,797.962395169366,4171524
2021-06-01,805.7171630859375,806.8189012400851,798.386277378528,803.4289058567234,2944472
2021-06-02,799.8270263671875,805.7171536220383,794.6148878356005,802.5813975838162,3657189
2021-06-03,796.1828002929688,804.9543926479641,794.1064177772419,800.8864085373464,4164240
2021-06-04,793.7249755859375,800.2083619725976,792.1994881206118,796.733585922845,3550303
2021-06-07,804.7847900390625,806.7764431322759,794.1910556939442,795.8013240052896,3282517
2021-06-08,819.7007446289062,823.7687280019916,806.352640239985,806.8187541747901,6385642
2021-06-09,823.1756591796875,834.7864042852424,817.9211557311269,825.3791873237817,5521459
2021-06-10,820.844970703125,831.9472362670889,819.1499730653188,830.1250931155581,3878256
2021-06-11,833.3878784179688,839.0237658186483,822.4975401282809,827.1587832717179,4777035
2021-06-14,834.1083984375,837.710268636028,827.1588973560714,833.0913894477645,2236373
2021-06-15,835.1676025390625,841.5662073654312,833.2607304679929,834.8709469583447,2559001
2021-06-16,830.040283203125,835.633754173031,825.4637693352254,833.981121291444,3138753
2021-06-17,835.9727783203125,838.1338897631445,829.3198821710548,830.5487656902237,3609989
2021-06-18,826.523193359375,844.7020527153894,822.158553908373,839.0238004878557,5622783
2021-06-21,832.2437744140625,833.4726579498325,814.6581753111177,820.3787918867745,1639495
2021-06-22,830.633544921875,837.4983161698834,827.3706952652385,832.3285425050047,2529648
2021-06-23,824.5315551757812,834.786269367479,822.9212868587027,834.786269367479,2395543
2021-06-24,838.7695922851562,842.9223054657616,821.3110855612828,823.768852829544,4686567
2021-06-25,843.8120727539062,855.9736579959332,838.3880605668088,843.2611779266866,5196000
2021-06-28,835.0404663085938,847.4987076565889,834.108238421058,847.4987076565889,1844159
2021-06-29,833.5996704101562,842.3289480854822,830.9724452262825,836.4388219885631,1895170
2021-06-30,833.5149536132812,840.2525784795432,831.3962069086211,831.3962069086211,2682591
2021-07-01,835.2100219726562,837.3287688574169,826.4384305606346,836.4812701035127,2861509
2021-07-02,834.48974609375,836.9898262677914,828.2182340424979,833.5574663416862,1646631
2021-07-05,830.3368530273438,844.0239777512911,828.853730299303,840.4644728585504,2598033
2021-07-06,823.8111572265625,832.4132903096686,822.2433052154203,830.5487826969459,2486069
2021-07-07,826.60791015625,828.5147824015015,813.8530639279006,822.0738123973179,3014899
2021-07-08,827.8367919921875,832.2437959618695,822.0738106751664,826.3113045446261,2555624
2021-07-09,827.8792114257812,830.1251040162552,819.1923484179542,823.768862791016,3218471
2021-07-12,830.0827026367188,833.1336775987462,826.3113226647533,830.5488166271366,2037878
2021-07-13,820.3364868164062,833.0913336132604,816.9888561578667,833.0913336132604,2997764
2021-07-14,838.5576782226562,841.5239239526783,820.46354823319,820.5906937410791,4371180
2021-07-15,881.1868896484375,891.992499499861,839.7018124616455,841.566320193218,12701032
2021-07-16,851.7362670898438,888.8143384183817,845.8461402704949,885.5514888323584,8665827
2021-07-19,847.668212890625,863.0079187205023,841.1424625335862,851.736196318644,4644600
2021-07-20,828.1757202148438,857.8381740067277,821.5228245423355,846.6511810883458,10216774
2021-07-22,829.3623657226562,831.8201331135253,822.0738961998162,822.0738961998162,6156400
2021-07-23,842.4137573242188,850.8040156383554,832.7522508853473,834.5320292963071,5265839
2021-07-26,847.7529907226562,850.8887464484378,836.6931423617732,842.4137589340112,2477027
2021-07-27,845.7919921875,854.4886541279453,838.8431762746504,852.6128953503023,2883514
2021-07-28,838.203857421875,849.1599661913758,833.2587122059282,848.3499733968415,2952249
2021-07-29,859.0926513671875,860.2863301236368,840.2925492089278,840.2925492089278,4732101
2021-07-30,873.885498046875,895.200819274212,861.0537371152483,863.6968161316947,9330054
2021-08-02,882.79541015625,885.8647957550562,872.2656097049385,881.6017312904024,2536478
2021-08-03,886.24853515625,889.2326806358374,873.075706027851,878.1913839928579,3359006
2021-08-04,886.6748046875,893.325227396244,882.1133461746182,887.6553304056614,3122161
2021-08-05,904.750244140625,914.8536866867036,881.3459564375166,886.7174596031423,7896314
2021-08-06,895.2008666992188,912.295796860667,889.2752487155847,904.75019356219,11584782
2021-08-09,895.7124633789062,909.5247497968303,889.7015012073986,901.8939064874388,6321578
2021-08-10,906.9242553710938,914.2568092124476,893.5382751327487,897.3750329935286,5871606
2021-08-11,909.6953125,919.9693398077491,901.3397683391574,913.1057641767665,5011239
2021-08-12,934.89013671875,938.8548079090905,910.5906666809166,913.1485056322674,6540144
2021-08-13,954.4573974609375,958.294155222263,929.5184720123212,937.0215065992885,7270809
2021-08-16,958.0383911132812,962.8982424295084,950.1090504618467,955.7362741118758,3159376
2021-08-17,974.4938354492188,982.1673512580699,948.5744875356304,954.2869521173985,5295838
2021-08-18,967.076171875,987.2404875682791,964.8167268975022,987.2404875682791,4871006
2021-08-20,952.6670532226562,972.618216950201,944.0130110156815,944.2688365306576,3467046
2021-08-23,991.6740112304688,1004.548444790013,960.0847667502549,962.599933092747,9383780
2021-08-24,982.9774780273438,1000.1149772826825,980.5048796889043,995.8092403099487,3947317
2021-08-25,984.213623046875,997.4717945021273,972.2344749459442,988.9456659980981,3447912
2021-08-26,995.3829345703125,999.2623650764606,984.767945105215,988.9457693244372,4654833
2021-08-27,991.5462646484375,997.3440747847724,988.6047913767417,995.3830232178169,3050466
2021-08-30,991.9297485351562,997.8553658409679,984.3841460998095,992.4412953974542,2956868
2021-08-31,1008.0443115234375,1017.5082942565381,990.7788996437861,994.1466790949927,7199002
2021-09-01,992.9955444335938,1015.0355650771061,990.5229464328669,1014.6092586659018,3200410
2021-09-02,999.9019165039062,1007.7885869176016,983.9154224220915,999.2624567406338,5224479
2021-09-03,1001.60693359375,1006.5946978910296,987.5388217365065,1000.5411675439589,4533364
2021-09-06,1023.2634887695312,1031.7469462890945,1000.9676385266368,1001.8202515066425,4331916
2021-09-07,1007.9590454101562,1035.882121116986,1006.1685789286714,1035.0721803997321,3721585
2021-09-08,1013.58642578125,1015.5900456138464,995.0420921210405,1010.3464545907287,3118518
2021-09-09,1021.8993530273438,1027.3559929656683,1008.64117924266,1016.3146962445061,3388292
2021-09-13,1030.2972412109375,1035.9244643993418,1003.0562021072891,1016.3143716576258,3723138
2021-09-14,1056.0889892578125,1057.7515427810984,1029.1037701607202,1036.7772862596817,5593286
2021-09-15,1085.5894775390625,1098.9754597028675,1048.9271193735965,1056.0890892263178,6063895
2021-09-16,1076.935302734375,1104.3894997856082,1070.199640199016,1097.4832522278368,3616292
2021-09-17,1077.10595703125,1092.1971642738,1073.0133733322227,1078.5553573820116,4817180
2021-09-20,1088.06201171875,1107.3737154040273,1065.7661627776954,1072.5870662194725,5453683
2021-09-21,1107.9705810546875,1121.186082406244,1088.78678877017,1099.018144655246,4645597
2021-09-22,1121.6124267578125,1132.8243087760422,1108.0558589367824,1108.39692496021,5367303
2021-09-23,1132.5257568359375,1139.474468708784,1120.2481102587353,1131.2894056835569,3037295
2021-09-24,1158.0186767578125,1174.6872988225994,1139.9433268196808,1142.5011652493436,7951730
2021-09-27,1104.303955078125,1166.3315305572971,1099.9130828260656,1164.6689773821195,7653504
2021-09-28,1081.9656982421875,1112.6170883300126,1069.1765055915705,1112.6170883300126,8572321
2021-09-29,1092.36767578125,1109.6330881115716,1073.2692288615572,1082.8184523214036,4639821
2021-09-30,1090.9610595703125,1101.107071507564,1081.8380375732693,1101.107071507564,3589722
2021-10-01,1086.0157470703125,1094.7550298239696,1074.846538220409,1086.2289003082067,3372796
2021-10-04,1090.193603515625,1102.9401258862931,1086.0157791138859,1092.623529683568,2706626
2021-10-05,1112.78759765625,1119.992134061239,1076.1678160768943,1082.8182374343528,3710314
2021-10-06,1087.4649658203125,1125.320995363061,1084.3530123298233,1118.628005626844,2861608
2021-10-07,1113.768310546875,1123.6159274274908,1094.797672880667,1094.797672880667,2421641
2021-10-08,1127.2823486328125,1140.7962444648733,1103.3239430887227,1113.7684528007517,5197831
2021-10-11,1110.8692626953125,1129.626744713388,1053.5310506173319,1108.39666470446,5264998
2021-10-12,1066.0645751953125,1116.0703452461114,1054.0854257627118,1114.3224470769924,12811641
2021-10-13,1078.853759765625,1083.5005627227351,1060.1815156166263,1076.8501401780306,5705730
2021-10-14,1066.7467041015625,1102.6416881743855,1060.6931730239864,1099.3591491606542,10360519
2021-10-18,1041.3814697265625,1084.949970311949,1035.9247260738846,1057.2400496556515,23861603
2021-10-19,1050.504638671875,1068.3242742780578,1044.451106137766,1048.7141718771038,10189780
2021-10-20,1051.186279296875,1077.1909681472882,1040.5286199319514,1056.3871962512167,8222562
2021-10-21,1040.69921875,1064.9395717486357,1022.0462715770655,1064.9395717486357,5998795
2021-10-22,1026.34423828125,1051.5730308577342,1019.4675599678078,1034.2953975811674,3812305
2021-10-25,1001.7603149414062,1022.9060835824441,994.6687391518642,1017.7915951364531,6690819
2021-10-26,1002.963623046875,1016.0292705096007,991.3162066118417,1005.7142525348839,5126660
2021-10-27,1011.8603515625,1015.4705660476368,998.4078273496604,1005.7142987508417,3536653
2021-10-28,990.24169921875,1018.6079978942871,985.7719001872465,1017.1467456920072,4096585
2021-10-29,983.1505126953125,1008.2933782658812,978.20789809597,990.2420901639344,3558520
2021-11-01,1022.2182006835938,1024.1522664807471,982.9352173533241,982.9352173533241,4511112
2021-11-02,1006.2732543945312,1027.2900667828662,1004.7259593408683,1023.7657890826505,3016082
2021-11-03,1011.1727905273438,1020.9290592601527,1007.1756993041763,1010.0123717670201,2063067
2021-11-04,1016.9749145507812,1020.4562755058173,1012.5910523728186,1018.6081469115364,256369
2021-11-08,1016.7601318359375,1025.3130658430523,1004.468128863781,1020.714201988311,3808317
2021-11-09,1008.1212768554688,1023.7656810592638,1006.1011682680577,1021.1869261951347,3565461
2021-11-10,1004.9839477539062,1010.0124996384823,998.9238307841463,1000.5570634716539,2401325
2021-11-11,997.72021484375,1003.8233519653234,990.4567639492183,1002.276057075104,2861259
2021-11-12,1007.734375,1012.720009582249,999.6972768641376,1004.7688489537079,3812518
2021-11-15,1006.445068359375,1015.6856070367995,1000.1271396449582,1006.5740270943242,3619915
2021-11-16,1000.0410766601562,1010.4420327875355,997.5052382903493,1006.4879633006552,3141207
2021-11-17,990.6286010742188,1001.2015375834008,988.5226599879037,997.5483016660542,3172985
2021-11-18,962.906982421875,992.8205795169014,957.1478054476794,986.8034850955869,5384530
2021-11-22,954.2252197265625,967.7636825147998,947.2626027071437,962.9070066238527,3961223
2021-11-23,956.3740844726562,962.7350333575843,936.9474878212204,949.8412605894023,4545069
2021-11-24,962.2622680664062,973.6088516303907,956.6749662527932,962.735081730246,2675632
2021-11-25,966.8613891601562,972.1907749554446,954.9990724805472,959.7267906611439,3106454
2021-11-26,954.182373046875,967.8927118511733,948.3801742857779,962.7352018413092,2207274
2021-11-29,974.0388793945312,984.2249418680748,945.6295497992488,946.489134901317,3661152
2021-11-30,978.7664184570312,995.3134286456916,973.9097425325808,973.9097425325808,7421904
2021-12-01,994.281982421875,999.6974101927818,984.3967543761166,985.0844643860086,2918586
2021-12-02,1018.3502197265625,1019.811577058451,991.1014195478607,998.7517463742163,4011279
2021-12-03,1006.9176635742188,1022.6480025792678,1005.413390162464,1021.1867503797633,2571036
2021-12-06,976.96142578125,1007.9924249488364,975.5000682454929,1005.6285660728735,2493755
2021-12-07,988.2217407226562,992.8204986699311,972.534317258824,988.5225744332647,2299958
2021-12-08,1007.0899047851562,1015.6857559781497,994.5830042572452,994.8838380630351,2525711
2021-12-09,1004.46826171875,1014.1385945861084,992.8208410488007,1014.1385945861084,1734844
2021-12-10,999.0093994140625,1003.135448371566,992.9923058934105,992.9923058934105,957733
2021-12-13,996.344970703125,1008.6799946923489,991.3164193472867,1002.2761282973651,2225682
2021-12-14,999.1385498046875,1002.1901183618087,984.6545643228696,993.680206335432,1972685
2021-12-15,987.5771484375,998.7946688317322,981.903908877564,995.6142465582261,1604301
2021-12-16,996.9035034179688,1003.9091407461178,988.1357801518042,993.6800603157335,2121810
2021-12-17,1006.9176635742188,1016.8028888514639,1001.416299825273,1007.4333934722918,6373455
2021-12-20,997.0325927734375,1007.7343833032445,984.6545486529485,997.1185302814669,3091768
2021-12-21,1035.799560546875,1044.3523863155813,1001.4591938516907,1004.7685739513008,6217986
2021-12-22,1051.1004638671875,1053.8510935914285,1040.1836726151723,1046.9744143510277,3809814
2021-12-23,1055.09765625,1057.8913077382247,1044.9115941173602,1057.2037026374758,2814281
2021-12-24,1087.546875,1103.535239575902,1071.1718440847299,1084.9252037682193,15952929
2021-12-27,1089.2662353515625,1097.6902116020362,1077.9627748298265,1089.9539454278636,3372907
2021-12-28,1103.621337890625,1108.0052009425247,1091.6730839387171,1091.6730839387171,3446067
2021-12-29,1110.4979248046875,1116.6009575512992,1097.776024347959,1102.8475970271877,2254162
2021-12-30,1132.1165771484375,1140.196592996282,1102.5897455615057,1110.4979912942533,4518139
2021-12-31,1133.8785400390625,1142.7752237052189,1125.1537313990914,1134.6521875165126,2231508
2022-01-03,1139.938720703125,1151.7580149919393,1129.580679009002,1131.5147453471716,2661272
2022-01-04,1146.2135009765625,1149.007152043031,1123.6924174280289,1142.8181824215449,3367100
2022-01-05,1126.701171875,1143.2481850801069,1119.179802236315,1142.3885999785427,3510253
2022-01-06,1104.4808349609375,1115.5695029235344,1097.6900921830825,1108.8646976634113,4409632
2022-01-07,1109.3375244140625,1116.1711835660099,1102.1599053275254,1115.3546197432593,3898684
2022-01-10,1107.2313232421875,1121.6293707663094,1100.2687063209603,1121.6293707663094,2529949
2022-01-11,1154.9814453125,1158.7206192030458,1100.268837225444,1107.7042687129692,6772189
2022-01-12,1162.2877197265625,1166.542622922537,1144.4513334167095,1163.877930773048,3162044
2022-01-13,1146.9013671875,1168.5199524490981,1135.6408238787988,1151.8439812863032,4598005
2022-01-14,1149.4368896484375,1154.379502837801,1111.443278929944,1134.6520712973904,5636243
2022-01-17,1082.00244140625,1094.251525648585,1068.8078348048512,1094.251525648585,11973283
2022-01-18,1048.478759765625,1091.629882983483,1046.1149011147904,1091.629882983483,7799487
2022-01-19,1030.814208984375,1049.12341001681,1023.7656545104636,1048.693617550601,8464215
2022-01-20,1018.8088989257812,1041.3894256751132,1014.1714693522863,1040.175866002345,6172404
2022-01-21,1012.3944091796875,1022.709507162962,1001.169220846573,1018.8088478609625,5514748
2022-01-24,975.0782470703125,1009.40403064248,963.0295217207345,1007.6704041407324,5878438
2022-01-25,974.0379638671875,987.8636980840048,943.439520975041,966.496731248676,4725254
2022-01-27,934.2079467773438,967.320169418283,927.6634646490289,966.496739185097,8304735
2022-01-28,936.5482177734375,955.4014036285331,933.7744580414563,935.2913810412916,7654724
2022-01-31,952.9744873046875,965.5865563281869,947.2968183168867,954.0580038434157,7572995
2022-02-01,981.9260864257812,985.1332531079545,954.5780862165726,967.9703085292065,6783774
2022-02-02,1014.994873046875,1017.5086524864133,982.3594407541651,990.6808263021555,6982539
2022-02-03,1002.686279296875,1014.9083255976664,997.7021028491057,1007.237049097012,4169794
2022-02-04,1008.7972412109375,1011.6576612743595,985.8699686580502,1005.5033087367643,3625482
2022-02-07,1003.2061157226562,1015.3414990694322,993.3678082432348,1002.902752301416,3824483
2022-02-08,1007.1934814453125,1014.041326384828,995.5782700680779,1004.5930420362928,3267641
2022-02-09,1023.6196899414062,1030.6408554307748,1010.7041525923324,1015.9050315936652,3772972
2022-02-10,1031.81103515625,1033.1546378938426,1017.7253211518156,1027.1302228784994,2053245
2022-02-11,1008.710693359375,1021.972980468959,1003.8132823860071,1021.972980468959,3912397
2022-02-14,993.758056640625,1009.2740357353563,982.6195269969124,984.1364502584499,3243813
2022-02-15,1012.9146728515625,1017.6387627729594,995.1882782750753,999.8690910209614,3000492
2022-02-16,1012.2644653320312,1025.136619783281,1005.5032802605895,1021.1059173680814,1885868
2022-02-17,1008.1471557617188,1017.6387181762326,1005.5033331213201,1017.6387181762326,1644055
2022-02-18,1009.8372802734375,1014.258006003192,996.9217436809013,999.3054797502163,2166690
2022-02-21,1009.6209106445312,1013.7382743067434,997.0087333122506,999.5225133421429,1706058
2022-02-22,996.445068359375,1000.4323875647054,981.2324557183867,981.2324557183867,3254855
2022-02-23,999.4356079101562,1004.6364870493245,995.1449249452053,1002.0360474797404,1937649
2022-02-24,952.2377319335938,983.7896493791318,946.5600628580687,958.695448279326,5469084
2022-02-25,979.2389526367188,989.0339853511297,966.4968393220943,967.0169061449454,3213276
2022-02-28,976.8549194335938,982.3592669229753,959.5620414983838,970.4838647107342,4571884
2022-03-02,966.9736328125,974.8616127915989,961.2959632923518,974.8616127915989,3867328
2022-03-03,987.9068603515625,998.5687039424738,971.2640909440468,975.1647499438221,3969380
2022-03-04,986.8232421875,1001.0389969052021,973.1276599325049,977.7650884359753,3522375
2022-03-07,1000.4757080078125,1006.7168262537211,962.5960152005149,963.0294217809744,5249845
2022-03-08,1018.7655639648438,1022.4927971193034,1001.1692142382191,1002.0360274107197,3805165
2022-03-09,1025.1800537109375,1035.8418996895139,1006.4569074814942,1022.8397001118212,3781326
2022-03-10,1033.3714599609375,1038.6156167519002,1018.5055912328503,1038.6156167519002,3834327
2022-03-11,1034.4979248046875,1046.3733263033416,1019.6321666153377,1022.8393323665491,2770879
2022-03-14,1042.646240234375,1053.0047214991919,1020.8025898401135,1034.4981749624285,5740660
2022-03-15,1020.1090698242188,1052.5712869058107,1012.5244544984481,1046.2435083663054,3003066
2022-03-16,1039.7423095703125,1042.7327724292954,1027.1735196672116,1031.6376282779834,1894018
2022-03-17,1037.48876953125,1053.178067731735,1032.2012300244119,1053.178067731735,6987787
2022-03-21,1012.4811401367188,1048.7572492284953,1009.923977862094,1040.0891177460085,4046440
2022-03-22,1019.7189331054688,1024.3563619421009,1007.4968897843912,1014.1713082058455,4516870
2022-03-23,1023.4463500976562,1032.2445256456979,1014.1714907549336,1031.5077555541632,2338886
2022-03-24,1033.327880859375,1034.9748469205892,1013.304519304999,1013.304519304999,2351703
2022-03-25,1022.2761840820312,1039.309085587919,1018.8523140732253,1039.309085587919,2489854
2022-03-28,1008.9270629882812,1029.4272139162981,1003.9428876752949,1027.0868608767976,3406258
2022-03-29,1012.177734375,1018.5055130789925,1008.6672043916825,1011.5710074580292,2443230
2022-03-30,1010.0106811523438,1024.5298020056248,1007.3235814404363,1020.5424825158118,3073672
2022-03-31,1008.753662109375,1018.3319884009827,1006.3699262805451,1018.3319884009827,3006639
2022-04-01,1013.8680419921875,1017.638658106386,998.6121514146929,1006.3700869348502,2479745
2022-04-04,1028.9505615234375,1030.5974218098856,1012.4377291806908,1016.9451151021835,2282137
2022-04-05,1036.2318115234375,1042.7762935961407,1026.3935027338193,1031.5077218448941,2634464
2022-04-06,1014.6048583984375,1035.755121803434,1012.00441877845,1031.507715928356,2838968
2022-04-07,1017.0318603515625,1023.4895756712099,1008.1036430282592,1010.3573359431072,3391918
2022-04-08,1010.1407470703125,1022.8395816833039,1007.713733584122,1021.9727684784875,2656091
2022-04-11,982.5327758789062,1008.9705788469756,981.0158527577875,1008.9705788469756,5679058
2022-04-12,980.4956665039062,989.6404812894843,970.440655631715,979.3254899726513,2906617
2022-04-13,975.2515258789062,990.8541637304253,973.4312392919943,983.8329978596737,1971580
2022-04-18,955.0114135742188,964.54635847943,940.1455464913904,962.1626222531272,4391701
2022-04-19,927.7067260742188,967.3200426669885,917.7383753619052,967.2767654990056,3422431
2022-04-20,944.306396484375,948.987209299772,922.8960452511121,931.8242642473723,2573318
2022-04-21,952.8009643554688,957.8719058911794,937.1116676313324,949.1603914801315,2547848
2022-04-22,955.271484375,983.7895526615775,937.1116852033467,941.879157578716,9567571
2022-04-25,944.6963500976562,951.7608988792739,933.8179078646101,950.8074255164167,3565801
2022-04-26,948.5536499023438,959.562134321735,940.5356284547593,956.9616949333292,3213714
2022-04-27,949.6806030273438,953.4079424351023,931.4775242504313,942.226030023994,3288792
2022-04-28,962.8118286132812,971.4485361031727,945.8910596457035,962.3711824674629,5202061
2022-04-29,951.1346435546875,969.8621035273882,946.8162900921176,964.1337040063268,2988180
2022-05-02,940.2506713867188,953.558162114726,935.9323180830305,945.626532300463,2584604
2022-05-04,920.9061889648438,948.2703532498542,912.8424518573071,948.1822455507898,3385725
2022-05-05,944.7894287109375,947.5654133201448,922.8011218491916,933.2885214627622,2982126
2022-05-06,925.5330810546875,931.2174806342235,906.8056206787221,925.2687579265639,4075606
2022-05-09,948.3587036132812,954.3515347976107,911.344423847993,920.0692398800237,4207192
2022-05-10,945.22998046875,956.2020251914053,939.986227395739,945.6265189220072,2473518
2022-05-11,934.9630126953125,951.1788123596972,928.9261820200991,942.1014587338724,2895668
2022-05-12,933.6410522460938,943.8199134156445,919.848806706262,925.4449911041912,3195189
2022-05-13,927.2515258789062,950.0329056724785,921.0383733990209,942.9825687101595,2496626
2022-05-16,920.5538940429688,940.294755049921,916.7201865615314,928.8820630565502,1415370
2022-05-17,954.3515625,957.0835474270039,921.2589898126344,932.5835756488585,2620776
2022-05-18,946.2435302734375,967.0861153626802,943.6878685839652,954.9243457746538,2865869
2022-05-19,889.5762939453125,932.6715004441909,885.3460487065543,929.851301091817,4729354
2022-05-20,906.717529296875,911.6968521318377,896.097968215119,906.849744653128,2005622
2022-05-23,897.4199829101562,913.9001604967493,894.2914058477111,901.5620676838713,2285466
2022-05-24,874.0215454101562,901.0331730433682,869.8354074311311,900.724688497345,3418456
2022-05-25,858.7752685546875,874.9469602929779,848.6844612430051,874.241937230593,3904551
2022-05-26,864.283203125,868.954040658612,854.0161282889238,861.0224114842434,4278059
2022-05-27,884.729248046875,890.5017011137745,871.5979729446279,871.5979729446279,2795530
2022-05-30,916.455810546875,928.3091479962917,895.0844739914364,898.0367814429652,3562969
2022-05-31,917.204833984375,921.6554025138138,899.3146135341855,920.950325739776,5185485
2022-06-01,897.0675048828125,921.3470445857037,891.4712661845394,917.2050135711628,2554081
2022-06-02,916.2796020507812,924.387556119345,887.7257625340798,891.3390933987538,3560227
2022-06-03,919.1878051757812,942.6742648584689,916.7201438750054,928.8379121599211,3556955
2022-06-06,914.16455078125,923.0214738965235,899.9316585431104,914.781412362746,1997494
2022-06-07,901.4739379882812,911.0359381692223,892.8813378459356,907.7310919606277,1839248
2022-06-08,907.9072875976562,911.0800259524335,895.3929799258194,901.6501337617378,1665512
2022-06-09,906.5413208007812,909.2291976935544,891.6034059715815,903.280474833327,1654005
2022-06-10,894.8201293945312,902.2230063471515,888.5189216240904,891.8678216589179,2260855
2022-06-13,874.0657958984375,883.0549891809984,865.8697872957395,877.7672347547649,1738804
2022-06-14,878.5602416992188,882.1294644568978,862.0360124601408,870.7167193711463,2461791
2022-06-15,872.3912963867188,887.4613736689447,870.7168194487759,871.5981117761532,2408630
2022-06-16,850.4028930664062,887.4612181818791,847.4946396535628,887.4612181818791,3198618
2022-06-17,844.9390869140625,848.8167949827119,831.9840779004151,839.3429017004943,4302066
2022-06-20,846.0846557617188,851.3283556669049,839.0783712692304,850.447063373254,1305407
2022-06-21,869.48291015625,881.2041400837395,849.2572961012579,856.3516879380263,2128325
2022-06-22,847.1862182617188,862.7851016438857,845.2914722224947,861.8597555512591,2575065
2022-06-23,855.9551391601562,861.4632159887287,844.8067701432005,847.8912931672011,2169033
2022-06-24,851.9451904296875,867.6762348671525,846.0405218628912,867.1915349094635,1922313
2022-06-27,874.5503540039062,887.2850379379269,867.3678543480436,869.0863850155777,3626024
2022-06-28,883.0108032226562,887.4613184409868,866.530626968322,872.3912420965928,2702471
2022-06-29,870.3201293945312,881.5125514531225,868.0728449700831,868.1609526769992,3150015
2022-06-30,857.7176513671875,878.2517492933825,854.8093978050755,872.479296022107,3741119
2022-07-01,859.5682983398438,864.9442128622738,849.7419228971208,850.0062997907277,2827579
2022-07-04,867.7203369140625,872.0386905001747,857.8939604976237,859.568383516259,2738846
2022-07-05,865.5612182617188,883.6277096665843,862.3004261282442,870.1880026458916,2476050
2022-07-06,869.48291015625,880.4109555448022,863.7104566911705,865.428987332328,2998254
2022-07-07,872.3470458984375,882.085367553234,868.0287464752657,878.6483065233286,2985141
2022-07-08,866.7949829101562,880.4109589491638,862.9173292787608,880.4109589491638,3141642
2022-07-11,831.5433959960938,862.9174363039455,828.414818874266,859.2600514919249,5787815
2022-07-12,817.6630249023438,835.9498410156779,814.6666632106749,824.0083405285482,5305354
2022-07-13,808.8060302734375,824.8896151848952,797.5695531435151,819.6018612414023,12874342
2022-07-14,795.8069458007812,817.442660977934,786.3771074458438,816.2088840335261,4916497
2022-07-15,778.3133544921875,797.5695706771402,773.2018158692548,789.6379395875333,5591590
2022-07-18,793.4273681640625,799.7726828520903,783.3365615728707,788.7565301957253,5156225
2022-07-19,792.8926391601562,799.8439180426217,788.7040306047022,793.15998557987,4636293
2022-07-20,817.5787353515625,818.8263702528104,797.7051303439529,806.1714457779431,4827089
2022-07-21,823.861572265625,826.0895498776831,814.147568119458,820.7869522821879,3498709
2022-07-22,820.1185913085938,830.500989147411,810.0926916593444,828.2730114475779,3514659
2022-07-25,829.386962890625,830.5900490366788,814.5486103213782,820.1185543197464,2120224
2022-07-26,814.1030883789062,828.4958467290793,811.9642079326303,827.4709551831576,2780103
2022-07-27,827.4263916015625,828.2284309589769,811.9641933067711,812.8553844110015,1742497
2022-07-28,843.1558837890625,845.7403597545485,831.2139556027886,834.0657780213277,2843497
2022-07-29,845.2056274414062,860.6232219805023,844.0916386106336,852.8698488395275,3617725
2022-08-01,848.547607421875,852.4242668569912,842.3538185455282,850.1962891600308,2489519
2022-08-02,847.5671997070312,850.0625236577813,838.6552896015075,848.5475424550284,2545241
2022-08-03,853.0481567382812,857.1476141605367,846.6761184293949,847.5227608779447,4119614
2022-08-04,853.8502197265625,864.4108674987335,842.8885794517702,859.9994604239781,3513266
2022-08-05,853.5382690429688,859.954855789278,851.0874935380164,858.1279249280201,2565683
2022-08-08,860.9351806640625,862.6730142471807,846.6761225773322,853.5383051603692,1746911
2022-08-10,848.45849609375,861.7818142350231,844.9382802860707,860.9351717910513,3271939
2022-08-11,857.6376342773438,863.1184806669464,854.4293684454672,859.9993121771847,3594584
2022-08-12,852.3351440429688,859.1081742817871,850.1962637601919,859.1081742817871,3022304
2022-08-16,853.9393310546875,863.5641841478159,848.9932312812454,863.5641841478159,2784861
2022-08-17,873.9019775390625,875.9517605998195,851.0875069633981,858.2170358175418,4649125
2022-08-18,867.5745239257812,876.441886127703,862.7620702943299,876.441886127703,2829269
2022-08-19,864.4998779296875,879.6501259681847,861.6035069811513,868.4656890303266,2880969
2022-08-22,855.0532836914062,864.4553386088184,851.2657216408006,859.9993832551646,3616799
2022-08-23,843.8688354492188,847.5226970331977,836.8284043261542,846.5869573001286,3753715
2022-08-24,845.8740844726562,850.0180905989711,841.4181288138296,846.5424778214802,1494361
2022-08-25,841.1060791015625,850.1071410967169,840.0812420584894,850.1071410967169,3316314
2022-08-26,842.7548828125,851.9786889107905,841.0615979702495,845.3393043579497,2195046
2022-08-29,817.6677856445312,821.6781453561393,802.1610396687196,813.3009277565197,4974880
2022-08-30,836.7838745117188,842.3983674306608,823.1932105568734,826.0450328884907,2998417
2022-09-01,825.28759765625,829.6990049631557,816.5539347985945,817.489674677273,2953921
2022-09-02,823.861572265625,835.0460089993595,819.0045701925416,829.8771118181818,1750283
2022-09-05,834.15478515625,839.7692776390821,822.1237065241887,825.2428750584268,2279812
2022-09-06,835.7589111328125,840.304017881229,826.1786078574609,834.154778207364,2108615
2022-09-07,830.32275390625,831.080244579237,822.6584778545562,826.1341448818808,2709547
2022-09-08,829.743408203125,838.5216725971624,827.0252864056963,834.5113129109278,3214686
2022-09-09,845.2947998046875,849.3051599513624,832.6398746852709,836.8284839394851,2206526
2022-09-12,851.5776977539062,858.6626783188852,849.750766763941,851.2212539281034,2517615
2022-09-13,851.4439086914062,855.3651164805024,847.0325023339387,851.0874105314965,2442828
2022-09-14,830.5899658203125,836.3381583295171,825.7329642615589,831.748503177103,6761712
2022-09-15,819.806640625,834.7786388743394,816.5983203182952,834.6003897916364,2995215
2022-09-16,799.309326171875,818.113436784824,796.1901572952444,815.5289608151633,5095937
2022-09-19,800.1113891601562,808.4440588987604,790.9321313595143,800.2450895878412,2686561
2022-09-20,814.5486450195312,820.6532821441945,803.8543520871085,804.1216985316217,1836721
2022-09-21,802.918701171875,814.3259373497958,801.0471670652363,810.0927792623414,1819649
2022-09-22,799.9777221679688,806.4388577196595,792.9372906368068,799.9331190972489,2315711
2022-09-23,798.3734741210938,813.3009240914772,794.9424103631069,798.9527700566427,2569608
2022-09-26,808.04296875,817.5787242512987,786.0305380416904,794.2740555891797,4182702
2022-09-27,818.7818603515625,821.1880873097612,808.8450573771827,812.0979267976722,3545337
2022-09-28,820.6088256835938,826.0896731849558,812.632653763056,813.6575453751783,4154139
2022-09-29,822.6139526367188,829.698932921235,816.8657590325267,826.1341684403704,2928360
2022-09-30,830.9019775390625,833.7537998596459,811.0284274329127,821.5890743146689,3229901
2022-10-03,829.0304565429688,831.34753146585,816.3309843519047,830.9019359503741,1598950
2022-10-04,843.0668334960938,847.5227892756715,835.0906617718515,839.9476644503894,2331351
2022-10-06,859.5983276367188,862.6283990039266,851.5330594075739,851.5330594075739,3713623
2022-10-07,853.4937133789062,867.0843774314558,851.0874865694935,859.9993974236244,2174327
2022-10-10,858.43994140625,861.9156089167517,839.6803771315566,839.6803771315566,2758812
2022-10-11,836.471923828125,866.2377275829102,834.1548487835431,862.7620606220507,3134969
2022-10-12,848.4138793945312,859.0190746445569,840.660506382612,840.660506382612,3502390
2022-10-13,875.2388916015625,881.4326815739837,863.8316546532593,866.2824305536134,9698562
2022-10-14,893.4635620117188,911.68842957159,885.8438895348586,895.6469909281016,7424383
2022-10-17,886.3785400390625,897.2510810344074,883.2593715630035,896.2707926995243,2136170
2022-10-18,899.3900756835938,903.3558869868676,890.3890128702998,891.1911066238566,2487826
2022-10-19,896.1946411132812,905.960813701937,894.7094374761306,905.960813701937,2517099
2022-10-20,915.77197265625,917.4821487617378,889.3087156209322,891.1089356930394,3931399
2022-10-21,924.5931396484375,927.0235030780958,910.551442713984,920.3626657224597,2071897
2022-10-24,928.5535888671875,935.0793873148498,927.1134346333932,931.6139852869534,398105
2022-10-25,923.963134765625,933.639319567116,918.9225395420558,932.5141817995008,3068136
2022-10-27,928.9588012695312,933.8193085810889,917.7523630469732,928.0136415829859,3313674
2022-10-28,927.113525390625,935.8896000241771,923.0630294059087,928.8686963666411,2423629
2022-10-31,937.149658203125,947.3658859239678,932.874135202518,935.2143995011901,2418565
2022-11-01,954.1618041992188,955.7819365359508,940.6151025514946,944.2155431354237,2275488
2022-11-02,940.795166015625,959.8325193063068,938.3649123515961,958.572343012214,2799322
2022-11-03,940.7500610351562,944.3954408902981,929.9036907478949,930.7138117857211,2396164
2022-11-04,940.9299926757812,944.2154162424343,930.2186614027411,940.7500146214628,1709158
2022-11-07,942.55029296875,950.246168232609,934.8993572828941,943.405353594717,2213508
2022-11-09,948.2208862304688,955.4217666153462,944.3954185260026,954.9267720149148,2307691
2022-11-10,947.3208618164062,956.277023530728,942.4603550186152,945.1156359498798,2321667
2022-11-11,981.7050170898438,988.9508368381134,962.3076021725634,964.0178331890442,3923101
2022-11-14,989.220947265625,992.7763380207616,981.1650062499532,985.6205070571968,2170007
2022-11-15,993.6314086914062,995.6116066564554,980.1297592659682,984.2702431144284,2172420
2022-11-16,994.8018798828125,1001.3276796908046,989.5362564958511,996.8721775657023,2213697
2022-11-17,983.4153442382812,990.6611646948528,980.3098984339885,985.7105590918308,2460883
2022-11-18,992.9566040039062,995.5218961370499,975.7194714399295,988.3660638903754,2623894
2022-11-21,986.0707397460938,995.836913595708,983.4603981493285,989.1311364500001,1733741
2022-11-22,993.1813354492188,995.4316103120833,979.3196203186329,982.1099391732445,2529146
2022-11-23,993.1813354492188,1000.4722040295593,989.8959121740961,998.1768797187566,2217599
2022-11-24,1016.7642211914062,1021.624837105399,993.2713724632667,995.5216474348646,3295202
2022-11-25,1015.504150390625,1023.9202675572823,1008.7083851987013,1021.8049209635634,1977441
2022-11-28,1007.0433349609375,1019.5998282908956,1005.4230926514505,1012.6239742460892,2368293
2022-11-29,1016.179443359375,1025.0005679386547,1006.3683293371405,1007.0434120383075,1785948
2022-11-30,1008.8434448242188,1017.0344247653173,1005.4229824908399,1014.4240834979199,6053488
2022-12-01,1022.8853149414062,1035.7118860649246,1015.6844329071503,1017.1245873386534,3919684
2022-12-02,1022.1201782226562,1026.4856907030526,1011.5888229910095,1022.885249914811,2944923
2022-12-05,1017.8895874023438,1027.8807885459719,1014.6041632302174,1020.0498738358469,2646466
2022-12-06,1008.9785766601562,1012.6240672529642,996.4220821769168,1009.5636703188065,2807894
2022-12-07,995.4319458007812,1005.0630815091253,991.9214938562507,1002.7228168383514,2399879
2022-12-08,991.3363037109375,1002.4976916812076,989.0410887267282,1002.4976916812076,1752350
2022-12-09,924.8631591796875,967.6183903826415,918.7424212793582,967.6183903826415,12415478
2022-12-12,925.6732788085938,935.3494626971171,911.3165112607401,922.6128823940879,4275785
2022-12-13,940.3449096679688,942.3252176711107,928.1034351666065,929.0035452016583,2284909
2022-12-14,950.6962890625,951.6864981211568,940.6150994118389,940.6150994118389,2425507
2022-12-15,938.229736328125,946.7358426589809,933.5041583254452,946.5108151350437,1906369
2022-12-16,926.7984008789062,941.9201848684553,920.2275530958508,927.1134174434696,5159215
2022-12-19,930.038818359375,933.8642865210273,921.1277058427685,926.7984437742621,3328172
2022-12-20,926.8433227539062,930.1287465826755,910.4613629423109,924.4130694431569,2629849
2022-12-21,936.4296264648438,948.0410700433803,931.614058860573,931.614058860573,2878658
2022-12-22,935.304443359375,949.3012002693146,930.3538374895444,941.5152254259626,2623451
2022-12-23,927.6535034179688,939.8049905058882,924.5031178766563,926.6634042231875,2177675
2022-12-26,928.6435546875,937.6897052256792,926.2133013460273,928.0135215624433,1680715
2022-12-27,932.8291625976562,936.789669363007,927.4285015203774,935.2144765488007,554319
2022-12-28,932.01904296875,934.5844448859931,923.9631007994666,927.1134864329766,1397806
2022-12-29,940.1199951171875,941.515209789842,925.4032162511714,927.1134474986015,1277244
2022-12-30,935.4844970703125,949.8412096165515,930.9839464443161,945.1156314592552,1860560
2023-01-02,935.6194458007812,938.3648256923464,928.4636141023072,935.3044292255344,701880
2023-01-03,937.3296508789062,941.3352068363433,930.2638084168324,935.2144140736225,2484372
2023-01-04,933.0540161132812,937.9146321515971,928.4634770291481,932.6939501332744,1219170
2023-01-05,939.8048706054688,944.935563758497,929.9036601673988,937.7346834399007,2294943
2023-01-06,929.6337890625,943.2254300917913,922.8379136094918,939.7149785986925,1887689
2023-01-09,960.822509765625,964.0179446626756,936.1595802218529,940.5700319365773,4562242
2023-01-10,957.5820922851562,965.4580555316472,950.7863270670729,955.0168005173574,2297082
2023-01-11,949.436279296875,971.7589462458687,945.6108109614358,962.2178001375316,3594167
2023-01-12,964.6031494140625,967.1684415927768,955.0169534945893,955.0169534945893,4748542
2023-01-13,970.1387329101562,975.7193717128056,937.0146364880356,939.6249778157486,8253765
2023-01-16,984.4503784179688,990.5261216299907,970.8137982212525,978.4196846619097,4508538
2023-01-17,1000.0674438476562,1002.6776754275754,985.6206317332039,988.2309731898523,4390338
2023-01-18,1003.7579956054688,1013.3891316017225,1002.8128358655849,1007.1783487260038,6905092
2023-01-19,1009.4342651367188,1011.2053173996263,997.9448213560216,1001.2145160026605,2298287
2023-01-20,1006.1646728515625,1018.5169154793628,1005.4834817779233,1009.1165008373318,4747128
2023-01-23,1018.3352661132812,1019.8793658393698,1006.4826071617838,1009.071111240551,1696834
2023-01-24,1033.457763671875,1038.7710323947265,1018.3352981753334,1022.6041625126234,4861107
2023-01-25,1019.7430419921875,1030.732902523949,1014.2935133776668,1030.732902523949,2692236
2023-01-27,1013.2489013671875,1030.2333304482124,1003.621423909303,1019.7429445196108,3864525
2023-01-30,1030.6419677734375,1035.3648476219566,1004.3480399102727,1013.2488689895479,3508427
2023-01-31,1019.2435302734375,1033.3214801991533,1010.8876301497803,1031.7774913298747,4582858
2023-02-01,1028.2353515625,1032.6858227529535,1012.2046303807534,1032.6858227529535,2393911
2023-02-02,1044.129638671875,1049.488363872326,1030.869141492938,1033.412299141914,3048359
2023-02-03,1040.996337890625,1050.5330139932491,1034.1389692970226,1048.126116421729,1814055
2023-02-06,1040.5875244140625,1044.3568041690892,1024.5114581164669,1031.0508486071274,2070175
2023-02-07,1024.738525390625,1047.217832728022,1022.6041486863152,1042.5402981179689,1931191
2023-02-08,1039.9517822265625,1043.584801553118,1028.7802034490232,1029.8701757695608,2848255
2023-02-09,1041.1778564453125,1046.3095181835095,1033.5939511222514,1039.0434798627905,1501083
2023-02-10,1013.2943115234375,1026.3277434362521,999.08010422998,1022.5131182957451,3185163
2023-02-13,1010.8876342773438,1018.3807366877553,1003.6215955763386,1018.3807366877553,2009185
2023-02-14,1022.195556640625,1037.5905455824754,1015.4291011646167,1018.1538661945754,3938046
2023-02-15,1028.9619140625,1030.5059029175889,1016.8820805340381,1021.7866787663065,1648954
2023-02-16,1024.6475830078125,1046.4456962551706,1020.8783037512693,1034.1388004692246,2369355
2023-02-17,1007.7542724609375,1018.7894808409733,1005.9377626540563,1018.7894808409733,1958807
2023-02-20,1013.33984375,1030.596685081782,1005.9830019880089,1007.7541653841027,1706036
2023-02-21,1003.8033447265625,1019.1075296103731,1001.8960314709176,1018.153817547067,1313278
2023-02-22,992.3592529296875,1004.1212200678527,990.0432695240946,994.5390868009767,2212194
2023-02-23,993.948486328125,1009.9337465130016,992.2682373452509,1003.4398142513783,2139983
2023-02-24,994.4028930664062,1003.1675753603156,982.7318393298882,996.3556633501731,1684570
2023-02-27,984.5028076171875,989.9977938488587,977.2822258544696,989.9977938488587,1834553
2023-02-28,978.7351684570312,996.2645271884592,970.1067494601897,984.0938929555709,20793703
2023-03-01,1000.0794677734375,1002.7134292091393,978.5084134765924,978.5084134765924,1655100
2023-03-02,1004.4843139648438,1014.5205734760774,990.2702155757427,990.2702155757427,4074162
2023-03-03,1016.3370971679688,1026.055378949794,1009.1165160270835,1012.7040780538741,3253621
2023-03-06,1023.3307495117188,1042.676623192862,1020.2427715544306,1025.4197801260812,4091674
2023-03-08,1017.8357543945312,1020.8783857722432,1005.710575100696,1009.9793282728955,3209393
2023-03-09,1014.2027587890625,1023.3306531342489,1011.841318450201,1019.0164427738669,1834324
2023-03-10,1013.8848876953125,1015.5651369178727,1003.6215640046235,1003.6215640046235,1193681
2023-03-13,997.8086547851562,1029.597571309439,994.5389598311327,1018.108126448617,3028387
2023-03-14,984.5938720703125,1002.1685840563684,968.199825055644,997.7635695030581,3683544
2023-03-15,980.5973510742188,997.1730017502948,976.8280713490304,994.5844976545225,1528510
2023-03-16,974.0125122070312,987.7725952018087,971.5148113980138,984.5027890823333,1812907
2023-03-17,1006.7549438476562,1014.6113696917402,984.593616411988,988.3627849672649,5350523
2023-03-20,990.7696533203125,1006.6187649337492,986.5917037226942,1003.6214799664691,2066169
2023-03-21,984.45751953125,1001.2602353732148,978.2813417923057,998.1721465037426,2421127
2023-03-22,982.232177734375,1004.3028152646989,980.0524547588485,991.7688538006462,1382329
2023-03-23,968.1088256835938,981.2785204494127,963.6583549333687,978.1904319163413,2178855
2023-03-24,955.2571411132812,989.9978928580714,950.9883872080592,974.5575587492758,2688253
2023-03-27,955.02978515625,967.7453505316066,948.9445232178447,956.6646879100255,1459887
2023-03-28,945.5841064453125,966.2015581563036,943.9946604506106,959.843774177496,2965015
2023-03-29,969.5618286132812,971.8324652142492,946.4921385732622,950.0343538449576,2478745
2023-03-31,985.6836547851562,996.2648468079984,971.2878364356494,984.0034053524816,3131614
2023-04-03,997.3999633789062,998.3990214171895,988.1811556078255,989.9522079997394,1540702
2023-04-05,1009.2527465820312,1010.8876496630213,968.3359320468144,985.7743808462587,3342291
2023-04-06,991.6779174804688,1007.2999655591625,985.8650649598139,1007.2999655591625,2378264
2023-04-10,1001.8958740234375,1003.6215803629576,991.3601402408761,991.6780072550364,711625
2023-04-11,987.2730712890625,1008.0721305676881,985.4565614982823,1002.7134045106947,2318905
2023-04-12,994.0848999023438,996.7642072713801,981.0060083278855,991.814262853686,2715967
2023-04-13,973.5127563476562,989.0893462800641,965.4747246057926,989.0893462800641,3071057
2023-04-17,946.5831298828125,958.2088359373518,923.013961631596,958.2088359373518,9509446
2023-04-18,966.2467651367188,968.5628590293368,949.3077923742449,953.2587891170566,3686404
2023-04-19,943.4041748046875,975.4201550926874,941.3606015948152,975.4201550926874,4322881
2023-04-20,942.3142700195312,951.1242964366402,937.182608688129,944.584906814759,3057560
2023-04-21,952.7138061523438,975.4656327163116,942.5413969751884,957.3005371350023,7708194
2023-04-24,957.3460083007812,961.7510218698386,950.0345128734057,960.0253155900476,2033625
2023-04-25,956.801025390625,961.6602775247634,948.5813855378226,954.076260846302,1237595
2023-04-26,967.7909545898438,969.107879712489,951.8510383680303,958.208822021252,1647101
2023-04-27,972.9678344726562,976.3737895524905,963.6582239211092,967.7908270996816,1654910
2023-04-28,982.9908447265625,987.286429287836,973.4297776487084,979.15714855326,2629188
2023-05-02,986.177978515625,992.875360387404,982.8985257341885,982.9908808620338,1905168
2023-05-03,978.2333984375,982.8985163894345,974.5845251793735,981.0509627871986,1649820
2023-05-04,985.4853515625,986.5476049029811,968.395477012969,975.5547487837185,1403672
2023-05-05,975.0927734375,988.3950708787108,971.9056754026678,985.4852637920319,1641673
2023-05-08,993.7528686523438,995.3694780133864,974.5845005142669,977.3558308474828,1389075
2023-05-09,996.755126953125,1000.0807007457007,984.7922629824493,989.3649128515262,2981949
2023-05-10,996.1085205078125,1005.8081764400355,990.3810369645935,1001.5125919740505,2091411
2023-05-11,1005.1614990234375,1009.3184945634564,997.7251635501696,999.6650722490341,2653108
2023-05-12,1011.9976196289062,1019.2954798772325,995.3234010545128,1003.2217388562228,1585037
2023-05-15,1015.923583984375,1021.6509553097302,1009.5033800261593,1015.1845174030326,1523466
2023-05-16,1007.5634765625,1021.0507102759315,1005.1616790401565,1016.3393576075662,1166324
2023-05-17,992.6444702148438,1010.5656510897902,981.6976242091032,1007.3786660284544,3602382
2023-05-18,997.586669921875,1002.2979094314942,991.2125869308694,999.4803448562927,1515743
2023-05-19,1011.85888671875,1019.849578523916,999.9421435469837,1005.6233933717967,1984436
2023-05-22,1034.491455078125,1036.385242675949,1005.9467286282024,1011.8589228622335,1864932
2023-05-23,1022.9443359375,1045.1149817168612,1019.8497058506114,1034.6301363701855,2138096
2023-05-24,1027.1934814453125,1030.0110455551342,1014.3068412731277,1015.2768519380076,1302744
2023-05-25,1030.93505859375,1033.0135566957536,1018.9721924018476,1024.6533303347326,1124803
2023-05-26,1052.366455078125,1053.4288209206054,1029.0873254963446,1030.0111022696806,1635167
2023-05-29,1040.3575439453125,1060.4496923753181,1038.6948131139973,1058.6483724499585,1288914
2023-05-30,1049.2718505859375,1056.8006540221945,1042.066459240674,1042.9440020900854,1983735
2023-05-31,1057.817138671875,1065.4382997758016,1045.8080363262934,1048.3023021652164,5967930
2023-06-01,1054.8609619140625,1067.1010069675103,1050.9349097271077,1060.4959789704253,1445692
2023-06-02,1050.3804931640625,1063.3594900094517,1045.3458417643205,1060.495804380038,1336554
2023-06-05,1051.5350341796875,1060.9575111576958,1049.4103027210645,1056.8005161205085,1435758
2023-06-06,1042.5743408203125,1045.992382203361,1028.856279644856,1043.8676507283387,1943605
2023-06-07,1042.9903564453125,1047.3782967303844,1031.1197330404775,1047.3782967303844,2459039
2023-06-08,1040.8656005859375,1045.0225965501147,1033.0597310483865,1042.9903325183657,1385218
2023-06-09,1025.1614990234375,1044.7917597616652,1021.6511014086568,1043.0365609542748,1824218
2023-06-12,1052.782470703125,1053.9833131323844,1026.778125844512,1028.1175573756175,1670970
2023-06-13,1045.0687255859375,1057.6781885321577,1043.221172009557,1057.6781885321577,2014656
2023-06-14,1049.2718505859375,1051.6275265206848,1040.2189056497261,1051.2579932493509,836964
2023-06-15,1056.43115234375,1059.5720160954343,1049.918593400332,1053.105578333736,2109652
2023-06-16,1060.6806640625,1066.2695597962759,1046.1311768917906,1062.3435077025924,2909817
2023-06-19,1050.842529296875,1065.9462600877694,1048.9025074621104,1060.680663739575,1278608
2023-06-20,1079.5716552734375,1081.5115637763968,1046.1771052545541,1046.638993601245,3504867
2023-06-21,1081.2344970703125,1086.0843252102818,1073.105328990368,1085.4377265645744,2019683
2023-06-22,1074.721923828125,1081.2344824399572,1070.5186943907377,1080.9574170665694,972005
2023-06-23,1076.3387451171875,1081.3271632433057,1063.2672786089422,1073.336470003826,1699790
2023-06-26,1078.509521484375,1086.3153911160198,1074.398759420985,1078.278577261359,1190307
2023-06-27,1080.8189697265625,1084.9297318128183,1071.7659110276873,1078.0476390349559,1504039
2023-06-28,1081.0498046875,1084.467733755399,1077.58564167312,1084.0058453534816,1424076
2023-06-30,1097.4005126953125,1102.98940697429,1076.1998820142778,1081.142064927896,3036648
2023-07-03,1091.53466796875,1103.9132999100073,1084.9758750998355,1099.2944158099654,1749952
2023-07-04,1099.8487548828125,1102.065841996556,1088.717310894258,1091.9042960938216,1094468
2023-07-05,1103.728515625,1110.9339066783632,1097.077255307606,1102.9894491122725,1653610
2023-07-06,1090.6572265625,1106.6847333275778,1085.391630539146,1103.7286923348333,2334220
2023-07-07,1069.3641357421875,1092.7818580169485,1065.8538511197341,1088.3477964782069,2159585
2023-07-10,1038.787109375,1073.3363875000675,1034.6301133837262,1071.5811888617163,3960400
2023-07-11,1029.9189453125,1045.4845643850538,1027.2399696012192,1045.4845643850538,4982603
2023-07-12,1025.9005126953125,1038.787155737112,1018.4178293644733,1034.3529813755583,3824027
2023-07-13,1024.2838134765625,1038.694709742479,1004.1916670461392,1016.1545321133642,12294227
2023-07-14,1063.2208251953125,1068.902074867232,1026.824110777032,1029.2720289977506,6605038
2023-07-17,1065.8074951171875,1082.6664219088568,1056.4773718842575,1064.1446517519935,3159479
2023-07-18,1078.232421875,1080.819042467544,1059.0179287794667,1070.6112619601647,2431478
2023-07-19,1079.9412841796875,1085.3453557615928,1068.8097289319733,1076.1999431337501,2242397
2023-07-20,1076.913330078125,1083.435559695774,1069.6456572944244,1080.8266223532512,1990001
2023-07-21,1039.3172607421875,1062.0985456580363,1020.2630779777027,1034.2392845253426,5259150
2023-07-24,1036.941162109375,1050.7309481770496,1035.1708202271457,1043.5565424432073,2672505
2023-07-25,1035.6834716796875,1042.6249416581793,1029.6736350060264,1042.1590681364376,2506726
2023-07-26,1038.8978271484375,1044.3485239422507,1034.3322444428377,1034.4253963881276,1969964
2023-07-27,1041.0875244140625,1046.0723482921126,1033.2608265903407,1038.897941634581,1769815
2023-07-28,1028.2293701171875,1042.158941225506,1022.5456228531646,1038.0127128823801,2031899
2023-07-31,1040.4818115234375,1043.0907485740609,1021.1946944503534,1032.375658258204,2526624
2023-08-01,1060.7938232421875,1064.054937323301,1036.009378973452,1043.556505956302,2710536
2023-08-02,1053.7127685546875,1059.3964028495088,1044.954323479089,1059.3964028495088,2701150
2023-08-03,1048.6810302734375,1058.0451311702625,1038.9443216450688,1049.146903676491,1608187
2023-08-04,1066.2447509765625,1073.6987276356217,1049.147214762577,1053.2934437837157,3315303
2023-08-07,1072.2542724609375,1076.8663736664605,1065.1263866298916,1075.7483229919774,1655404
2023-08-08,1063.4493408203125,1077.9380511455602,1059.3962644034361,1076.0745572767767,1667697
2023-08-09,1066.058349609375,1067.7820588064903,1048.2153718650102,1063.0766909751042,1559337
2023-08-10,1056.8807373046875,1066.6640814499726,1051.6163436597317,1062.1916500595232,1676669
2023-08-11,1091.4951171875,1105.9371975337256,1075.5157450856702,1080.82665816914,7391806
2023-08-14,1091.075927734375,1096.6664107116646,1075.2362259653876,1090.7498389751,1720940
2023-08-16,1096.80615234375,1105.2850284443577,1090.2372896086365,1095.5016836193497,2567226
2023-08-17,1096.3865966796875,1100.3465212392562,1084.5068230009817,1096.5263814706948,2331256
2023-08-18,1093.5914306640625,1097.4582035404983,1079.5687062718252,1092.9392532462468,3406088
2023-08-21,1098.7626953125,1107.754076983076,1089.1656553190796,1092.892643473627,1661946
2023-08-22,1098.99560546875,1105.983708089365,1095.8742757126051,1101.324973008955,1805887
2023-08-23,1101.790771484375,1113.4376083922436,1098.2035684644798,1111.5274816438964,2347850
2023-08-24,1091.3084716796875,1107.8469778673625,1089.2120413178695,1107.8003450305382,2464221
2023-08-25,1075.1893310546875,1090.8893579135918,1071.508976153789,1085.4851801905777,2105159
2023-08-28,1068.201416015625,1080.5470650757863,1061.53951524956,1076.1678992065138,2571967
2023-08-29,1078.5438232421875,1083.901368680435,1069.9251631893542,1075.1429238249607,1794652
2023-08-30,1090.6097412109375,1094.9423870228516,1082.3638039332764,1086.4168801810793,1497356
2023-08-31,1092.147216796875,1107.008535243818,1086.323798324148,1098.9955341730738,4483967
2023-09-01,1104.8656005859375,1106.915398420889,1091.1688519077454,1092.9391938953727,1669640
2023-09-04,1148.378173828125,1150.7075413206771,1104.1201914696376,1105.0519384666582,4517935
2023-09-05,1151.219970703125,1156.950123360813,1141.576298937741,1152.338021529347,2842400
2023-09-06,1151.4996337890625,1157.602622805436,1139.2471366443901,1155.2266221987782,1767709
2023-09-07,1168.41064453125,1171.2058853076405,1146.32828789322,1153.5026937238338,2582004
2023-09-08,1175.911376953125,1182.8994796320462,1168.6903375182396,1173.0695030349036,2280777
2023-09-11,1194.080322265625,1196.6426263201824,1183.6913212603283,1189.4215876209753,2691836
2023-09-12,1194.872314453125,1203.5841257099548,1179.1257682105268,1197.2948337815305,2140769
2023-09-13,1188.2103271484375,1194.8723407521643,1179.6848195989771,1194.4996192152887,2275523
2023-09-14,1195.9903564453125,1202.6057370103536,1188.5363808816287,1193.4280523452962,2655172
2023-09-15,1215.55712890625,1220.588585517947,1202.9320251389292,1205.6806333284148,4286280
2023-09-18,1215.9298095703125,1221.7998610430066,1201.6740352729958,1213.1345686287716,2761885
2023-09-20,1205.1217041015625,1214.998200468065,1194.0338910274736,1194.0338910274736,2220756
2023-09-21,1190.7725830078125,1197.2948115532388,1173.3489608176296,1196.3630646181778,3112700
2023-09-22,1186.76611328125,1195.9904313668844,1178.753111796052,1185.601429526464,1321467
2023-09-25,1177.2156982421875,1192.636156542948,1170.8332540584177,1183.318686569956,1246703
2023-09-26,1175.352294921875,1182.3403979407265,1171.2992179186724,1177.728295443747,903152
2023-09-27,1175.026123046875,1181.129111413601,1167.7585646647383,1172.6036035861628,1670373
2023-09-28,1157.1365966796875,1179.5916761396727,1154.0152670458463,1175.026093192035,1807072
2023-09-29,1150.521240234375,1164.4041795330668,1143.486504894181,1150.8006960909775,2338327
2023-10-03,1154.1549072265625,1170.9263524102198,1139.2469559522006,1148.378121603204,2162636
2023-10-04,1154.947021484375,1159.838693158726,1141.3900573485723,1149.7757802188885,2253785
2023-10-05,1151.126708984375,1168.3640273362928,1143.9989359000344,1163.7519254889382,2995200
2023-10-06,1153.2232666015625,1170.274282939211,1146.1420118410622,1166.5472947769842,2497711
2023-10-09,1164.31103515625,1180.197367093181,1147.120348402727,1151.639298631017,3430211
2023-10-10,1175.678466796875,1178.4270750839778,1163.0066159948105,1169.8550477660192,1532394
2023-10-11,1160.5841064453125,1187.4649861760815,1156.298092749331,1179.5917690738543,2186131
2023-10-12,1140.225341796875,1163.332711890136,1132.2123406921394,1160.0249646881384,3921609
2023-10-13,1170.1810302734375,1180.0575253056059,1126.0628344477586,1128.3455690052024,5740821
2023-10-16,1183.92431640625,1191.9839504868762,1174.2807579637488,1176.796429300525,2527113
2023-10-17,1189.98095703125,1191.704666600334,1184.2506890140926,1191.6115146282402,1687345
2023-10-18,1182.80615234375,1194.0337488919963,1180.8961392874996,1190.7726344783234,1743126
2023-10-19,1180.849609375,1187.7445603412248,1178.5668745819062,1180.3372167370883,2279726
2023-10-20,1183.90673828125,1186.4935359877713,1171.5371190103424,1177.6984467507773,1625449
2023-10-23,1163.25927734375,1185.6938423516706,1159.167457219493,1173.9356725544505,1646367
2023-10-25,1156.0634765625,1178.5451244990743,1152.5831035642339,1158.1328689140262,1420065
2023-10-26,1158.697021484375,1164.717111993828,1140.1191149515028,1142.8939968323955,4617424
2023-10-27,1193.4071044921875,1194.630000028865,1160.2490670898114,1163.588433098981,2675348
2023-10-30,1189.6917724609375,1199.145388119092,1181.4610525486755,1194.6302044082947,1158770
2023-10-31,1200.2740478515625,1203.8955414100758,1182.1193866206327,1196.5114332814949,2525870
2023-11-01,1184.23583984375,1209.6334878169823,1180.8025459599264,1204.0366446569378,1572719
2023-11-02,1197.8284912109375,1199.333514224393,1189.926976857927,1190.8676305945737,1368604
2023-11-03,1191.1025390625,1210.9033419107284,1188.0454150728035,1206.482201399337,2052536
2023-11-06,1194.347900390625,1203.5663521443594,1190.067995153873,1200.5092277641568,1175823
2023-11-07,1198.345703125,1201.873154405629,1191.9022484175616,1193.6895133649246,1385282
2023-11-08,1192.4197998046875,1204.789420107808,1190.773655672262,1204.036851145481,937671
2023-11-09,1192.278564453125,1200.0860360915374,1186.9168842948166,1192.4196854732681,1483749
2023-11-10,1180.943603515625,1195.5708140075992,1176.4285347972814,1187.387173012804,1469902
2023-11-13,1186.164306640625,1188.6099832767677,1178.9213191363,1185.2236529478093,730991
2023-11-15,1200.885498046875,1206.8586257234315,1193.1251054808436,1199.333396568492,2410620
2023-11-16,1233.244140625,1239.7345596169525,1202.1554883640986,1207.6113260256873,3936945
2023-11-17,1231.4566650390625,1247.071491601005,1228.8698676776423,1235.454442779439,2882039
2023-11-20,1246.7423095703125,1252.6683583793363,1236.0188355207104,1236.9124105140609,2831858
2023-11-21,1247.87109375,1256.713260916234,1243.3560251811605,1256.3369764956933,1514256
2023-11-22,1250.787109375,1256.4781098737508,1242.03909934721,1247.8711060324033,1535630
2023-11-23,1250.1287841796875,1256.0078698840691,1247.024580997417,1254.7849741272007,1307344
2023-11-24,1231.4566650390625,1253.5620243093801,1228.164377488164,1250.034573361989,1795933
2023-11-28,1238.51171875,1241.5688432791464,1218.4287851929394,1231.4568159904313,2152951
2023-11-29,1254.784912109375,1259.347174251199,1243.0738198954255,1245.4254540609484,1835524
2023-11-30,1261.322509765625,1266.8723892988703,1250.78711992732,1257.653937543589,4104385
2023-12-01,1257.37158203125,1268.9416668812737,1249.1879418964652,1266.1197061691582,1854324
2023-12-04,1258.54736328125,1269.8822844169501,1252.0098670807115,1269.8822844169501,1547057
2023-12-05,1239.3580322265625,1267.0602311418954,1230.6569875806365,1267.0602311418954,3932040
2023-12-06,1250.646240234375,1260.4289473814129,1241.2397027269174,1246.366219738123,2077245
2023-12-07,1249.1878662109375,1257.653747834355,1246.6951114344242,1252.0098267520768,1985003
2023-12-08,1283.1456298828125,1288.6484308082304,1250.1287095044192,1253.8913241304672,4509751
2023-12-11,1293.6807861328125,1300.9237720497426,1284.9797413812144,1288.7893191066653,2824656
2023-12-12,1293.6807861328125,1304.6863859963796,1288.6952767231724,1295.2798511297872,2730422
2023-12-13,1287.9427490234375,1300.7357287101415,1276.5139006572201,1297.490405182287,1896931
2023-12-14,1330.648681640625,1335.0227442469857,1299.9833944332106,1308.4492776096931,5145574
2023-12-15,1402.796630859375,1408.1583099569198,1337.609296432024,1337.609296432024,7374290
2023-12-18,1415.0252685546875,1420.2929057947208,1393.1079935562327,1401.4327550225034,3075527
2023-12-19,1399.9749755859375,1415.3546409227602,1390.0039543061882,1412.3915587434344,2590417
2023-12-20,1354.494140625,1413.8494761897527,1349.837951114227,1396.8706323377191,4368383
2023-12-21,1337.6563720703125,1361.1727098597707,1335.822028827214,1336.8097609447184,2841508
2023-12-22,1375.89404296875,1380.268105390672,1338.5501391286148,1346.0753683015093,2303438
2023-12-26,1371.6141357421875,1380.2681033478543,1356.5636774186733,1375.8940409324061,1363265
2023-12-27,1384.6893310546875,1388.4048672555364,1371.0498523451988,1378.4809247468966,1402329
2023-12-28,1385.0653076171875,1394.707006740324,1381.3026933252318,1383.3251214723332,1928616
2023-12-29,1379.0921630859375,1393.9074566745776,1371.0496440333432,1386.4762705760531,1481617
2024-01-01,1395.69482421875,1406.982667784462,1368.6981109544422,1373.3543004949454,1222315
2024-01-02,1382.33740234375,1400.444982290644,1374.6239747176048,1395.9768781479038,1440888
2024-01-03,1352.4248046875,1378.0576170176926,1350.30833394464,1373.354348700226,1651716
2024-01-04,1335.68115234375,1359.0564882462315,1333.0473909247178,1351.719343582443,3392241
2024-01-05,1347.7684326171875,1353.459317615757,1337.515286107285,1340.431289104373,1776925
2024-01-08,1361.972412109375,1366.393438234397,1345.6520946148155,1349.8379573326367,2025264
2024-01-09,1373.730712890625,1393.0610779022156,1366.1584045294953,1373.9187977038894,3119270
2024-01-10,1403.5491943359375,1418.505609335888,1379.0452372876975,1387.3699985682929,4368914
2024-01-11,1396.6827392578125,1410.980630381991,1386.523632788703,1410.980630381991,2271368
2024-01-12,1449.3590087890625,1462.716243020055,1409.5693184344386,1415.6835663956158,5862043
2024-01-15,1493.9461669921875,1523.482716267508,1481.999910879907,1514.4524636728977,9712071
2024-01-16,1463.1396484375,1492.8173165076234,1446.7252884617044,1492.8173165076234,4459799
2024-01-17,1482.3760986328125,1490.936023816995,1426.5483278985957,1429.7935370358564,3846289
2024-01-18,1474.521728515625,1490.183520495968,1445.831791149129,1483.4108599004624,3205598
2024-01-19,1486.275634765625,1507.1770993143757,1476.891417093959,1488.2188968072767,2374099
2024-01-23,1444.2833251953125,1486.2283493910559,1438.027141338963,1477.6971580292097,3196630
2024-01-24,1494.2855224609375,1498.835421567757,1444.3305901729211,1450.3972380270309,2136023
2024-01-25,1469.497802734375,1488.2190293778222,1456.7010149021453,1488.2190293778222,2641656
2024-01-29,1492.5318603515625,1505.849927527165,1469.4975991598853,1483.4792728174298,2521598
2024-01-30,1478.0762939453125,1509.499421801765,1474.0002341514098,1497.6979871120434,1939386
2024-01-31,1493.90625,1498.9302195873358,1465.800693664454,1478.0761983309906,7025931
2024-02-01,1495.2335205078125,1513.812536637925,1484.759066878209,1493.906423131728,2845408
2024-02-02,1501.2525634765625,1529.8320750411986,1492.958350418681,1502.2479153281793,2337374
2024-02-05,1474.33203125,1505.7552759200364,1470.6351585161683,1502.3901485969498,1452864
2024-02-06,1539.169189453125,1542.2498976075346,1476.8915355086601,1484.427375324769,4988311
2024-02-07,1531.20654296875,1544.998681083005,1515.6607943277777,1543.1976287670464,3320199
2024-02-08,1548.695556640625,1561.8714143674897,1533.0550401019584,1541.3018116285828,3496692
2024-02-09,1545.6622314453125,1560.9710031535703,1530.54311118965,1554.5726097901052,3341297
2024-02-12,1580.1187744140625,1597.2285988646167,1553.6247320706866,1553.6247320706866,4885445
2024-02-13,1578.839111328125,1587.7494898162972,1562.7246388941685,1587.7494898162972,3129897
2024-02-14,1584.4317626953125,1589.55050047633,1540.7804554641123,1563.8147176228488,1386643
2024-02-15,1575.9482421875,1608.1297490897318,1564.146690074852,1590.5934093560684,2555162
2024-02-16,1580.5926513671875,1589.645239114918,1564.0991081818527,1587.7494189132306,1776881
2024-02-19,1587.986328125,1595.2851893028346,1573.1989543303112,1583.0098003096552,762624
2024-02-20,1576.4219970703125,1585.6166790996517,1559.3121728404885,1574.478735007934,2240414
2024-02-21,1551.065185546875,1578.080620655946,1547.0365680306102,1569.3124531205458,2890991
2024-02-22,1598.5555419921875,1603.2950922734074,1553.6245821838872,1558.3641324651073,3820901
2024-02-23,1578.9814453125,1608.9353850528712,1576.8012055268646,1608.603639618978,2191549
2024-02-26,1563.8621826171875,1581.9198012112297,1554.0986619694238,1578.9813029433167,1844253
2024-02-27,1572.3934326171875,1586.2328979246051,1562.1559565203634,1563.1038666881548,2049420
2024-02-28,1565.852783203125,1584.9057538722907,1558.5538056990692,1577.9859635665227,936575
2024-02-29,1577.1802978515625,1590.3562722285762,1551.3971877633478,1556.610693647572,3532888
2024-03-01,1558.4591064453125,1591.7307306775417,1553.7195555372543,1588.176067496498,2371138
2024-03-04,1552.62939453125,1567.8433988275228,1549.8331058542924,1563.1038480450939,1788071
2024-03-05,1534.9981689453125,1545.0459926774192,1523.3389443576366,1539.4059739712484,3339546
2024-03-06,1558.5538330078125,1564.0517582001005,1520.3056813359842,1528.9790824101588,2366177
2024-03-07,1552.344970703125,1568.364674249563,1545.1882032911767,1564.0516370868634,3181239
2024-03-11,1553.29296875,1573.3412912848873,1547.0367849896975,1568.7912763437473,2970902
2024-03-12,1550.40185546875,1578.270437691038,1547.9847539551567,1550.6862748052627,2414182
2024-03-13,1546.515380859375,1565.2366059724443,1526.4670584187381,1553.387729318603,2564135
2024-03-14,1591.778076171875,1595.3327391378684,1526.135300066529,1548.8851430488871,3513306
2024-03-15,1561.492431640625,1589.6453167255072,1557.2741620589143,1589.6453167255072,3931561
2024-03-18,1557.7955322265625,1576.6589669733635,1549.1221313866954,1563.9569480772668,1183544
2024-03-19,1515.850341796875,1556.0417500568988,1511.0633498790849,1556.0417500568988,1915379
2024-03-20,1504.4281005859375,1534.7612238669562,1495.896909663151,1521.158737037961,1815178
2024-03-21,1512.6749267578125,1535.566862239245,1500.8733770313381,1524.2393832565556,2684744
2024-03-22,1476.7017822265625,1489.5933369338366,1429.638020831784,1478.7398121613016,7468824
2024-03-26,1480.87255859375,1509.5942810028528,1474.5216071875425,1480.87255859375,4496344
2024-03-27,1465.6585693359375,1494.7120374199194,1459.7815729244219,1487.2709661807908,2589697
2024-03-28,1463.1466064453125,1479.735032348465,1451.2502890129526,1468.3126699419095,5301493
2024-04-01,1475.611572265625,1487.2709125107058,1467.3648008709831,1468.3127109490651,1014857
2024-04-02,1448.6910400390625,1483.479294134411,1445.657658317338,1477.791833581819,2031775
2024-04-03,1455.8477783203125,1477.2705245324403,1438.927605313216,1445.8947217618218,3343884
2024-04-04,1459.4498291015625,1471.6304509152715,1439.5910428006875,1460.5399488742069,3388449
2024-04-05,1464.758056640625,1467.080390060706,1444.425431632664,1462.1038621219495,2773570
2024-04-08,1459.8289794921875,1473.0522789548902,1457.5539721352493,1473.0522789548902,1820136
2024-04-09,1460.2554931640625,1480.4460243590852,1454.6154744150924,1459.7815381192186,2432095
2024-04-10,1458.975830078125,1471.2986611798144,1456.179425901118,1460.7768823814772,1829986
2024-04-12,1442.245361328125,1462.5779887210606,1437.2213910112168,1456.937969346913,4319991
2024-04-15,1426.6522216796875,1450.7764887824762,1416.1777682071347,1428.59536806581,3295684
2024-04-16,1400.34765625,1423.3818025693902,1390.868555119794,1408.926173345826,2446933
2024-04-18,1390.4420166015625,1403.7602008406323,1376.4603415248862,1400.1107698104142,5180223
2024-04-19,1372.099853515625,1379.6831342259013,1360.2509774058183,1366.88634802731,5219506
2024-04-22,1389.54150390625,1396.5560621175916,1374.9436645392286,1376.5550655001355,1939632
2024-04-23,1409.210693359375,1423.23969460751,1394.470643763983,1398.0727487355225,2783858
2024-04-24,1402.1959228515625,1418.9738842292031,1399.3996345258472,1412.385955753813,1321471
2024-04-25,1425.799072265625,1436.1313160212285,1402.859577256866,1402.859577256866,4558032
2024-04-26,1397.077392578125,1451.676995683708,1388.6409688523406,1437.8375302284828,4328477
2024-04-29,1315.1304931640625,1361.198900786506,1309.0638453942654,1341.2927887276505,11493223
2024-04-30,1295.4139404296875,1325.083573323321,1291.4800903088465,1304.703505844323,7606726
2024-05-02,1289.8212890625,1306.1254129967306,1287.2619779536,1287.2619779536,6555505
2024-05-03,1277.8302001953125,1298.636779687385,1264.085504351906,1298.636779687385,5964228
2024-05-06,1288.020263671875,1293.8972598863204,1278.2567435580243,1287.261889322801,2504082
2024-05-07,1278.557861328125,1295.8013401193502,1273.9468809643654,1294.8886659714103,5096525
2024-05-08,1261.93896484375,1281.4878756253472,1255.8389523070964,1278.5578901730928,6832455
2024-05-09,1268.0870361328125,1286.2910333507493,1262.7554617920537,1263.2357795789658,5653762
2024-05-10,1264.388427734375,1270.8247560937948,1252.2844436046,1268.1349297249212,3357203
2024-05-13,1261.2186279296875,1269.8643491881915,1250.4114763565574,1264.3886553654127,2316566
2024-05-14,1269.047607421875,1274.7152632082705,1257.183664874056,1269.9601642647478,3200462
2024-05-15,1280.4312744140625,1287.5400016386407,1266.3579387646455,1267.3185744094508,2975965
2024-05-16,1295.0810546875,1304.3512127334163,1276.2045395505,1292.0550287507883,5055915
2024-05-17,1280.7193603515625,1297.8187212758894,1277.8374534945472,1297.8187212758894,2487831
2024-05-21,1289.0770263671875,1296.714033021897,1262.2752677764493,1262.2752677764493,4966721
2024-05-22,1290.1817626953125,1299.6440004392143,1287.25177704302,1295.8494192448443,2390777
2024-05-23,1300.2685546875,1304.9755760083103,1285.330622002579,1293.6401446187706,3326149
2024-05-24,1292.2470703125,1306.4645252878481,1288.0683285559592,1306.4645252878481,1769966
2024-05-27,1300.0281982421875,1306.0801321345339,1285.330426725613,1297.8186894665944,1942325
2024-05-28,1304.927490234375,1309.6346283717494,1292.6313070100207,1304.3990937209098,2147233
2024-05-29,1299.8360595703125,1312.8046406957394,1293.928126937933,1312.2282827654055,3845920
2024-05-30,1279.4224853515625,1298.3470768079228,1272.9381951278654,1293.0155023846262,4150461
2024-05-31,1271.9775390625,1288.1162635988192,1263.956255479036,1279.4224647550423,10319045
2024-06-03,1262.70751953125,1301.4211842450586,1258.2886188672535,1297.3865613051264,5384064
2024-06-04,1252.236572265625,1272.8421587982486,1186.3849555591223,1272.8421587982486,5447244
2024-06-05,1290.80615234375,1303.4866140327929,1264.2926302886253,1268.0391329982313,3005139
2024-06-06,1342.4884033203125,1344.697912357041,1297.7228027341723,1300.7007499790361,5936709
2024-06-07,1375.14990234375,1382.0184705412726,1342.9686087855832,1351.6143294430012,5884025
2024-06-10,1362.90185546875,1385.236634774229,1342.4883475013767,1383.3153634361233,3293739
2024-06-11,1372.55615234375,1381.3458740165333,1359.683612224394,1368.9056902636796,2269082
2024-06-12,1382.114501953125,1414.0556364031277,1378.0318005572599,1414.0556364031277,5990861
2024-06-13,1387.302001953125,1400.318544694284,1380.5294736923624,1390.7602668514548,4232861
2024-06-14,1374.7176513671875,1389.0791069849583,1368.3294010390312,1387.3019545403818,3065114
2024-06-18,1380.6253662109375,1383.0750337706359,1370.875009185863,1374.7175513876916,2223029
2024-06-19,1388.93505859375,1394.7469512973353,1373.997244299609,1383.363442072515,3117522
2024-06-20,1386.62939453125,1391.912890272637,1373.2766536514503,1391.912890272637,3163919
2024-06-21,1390.856201171875,1423.6138509997288,1382.5466799511298,1404.4492180830835,6489262
2024-06-24,1384.1318359375,1387.109782963095,1370.4427780922595,1381.2499290227124,1988692
2024-06-25,1390.952392578125,1393.0177827529865,1370.2987253597062,1384.2279427860817,2079037
2024-06-26,1386.86962890625,1396.091824877913,1381.5861328773192,1390.9523303831513,1917424
2024-06-27,1397.6287841796875,1403.0563988747879,1367.4648023193442,1378.5121119271225,6613193
2024-06-28,1402.1436767578125,1410.885437130445,1385.2365139106716,1410.2130391268142,4943575
2024-07-01,1411.029541015625,1420.3957378727373,1397.7247617536673,1407.3311175045517,3723295
2024-07-02,1422.5091552734375,1433.7004655081587,1415.0161511515316,1416.9374222325248,3811366
2024-07-03,1422.7012939453125,1430.3863785851252,1413.2870183555078,1430.3863785851252,2070876
2024-07-04,1462.423583984375,1474.1434086776717,1426.5438677337854,1426.5438677337854,6822557
2024-07-05,1459.58984375,1469.0520815382113,1446.2850633257563,1463.0481086694103,3061687
2024-07-08,1473.0386962890625,1479.3788679845495,1446.9093368331378,1467.8512404418127,2939620
2024-07-09,1470.8292236328125,1485.430955905333,1464.9693696074016,1473.0387325389138,2658608
2024-07-10,1450.5115966796875,1472.2700152631494,1429.281574552887,1470.8290619432523,3507096
2024-07-11,1452.3848876953125,1473.6149095493636,1448.6864643414413,1455.3628343984915,3304053
2024-07-12,1498.78369140625,1504.3554250718128,1451.0401465970454,1469.7725417368285,6430647
2024-07-15,1507.813720703125,1571.9842302172358,1505.7003691400353,1517.8043551011135,10337489
2024-07-16,1507.7657470703125,1520.686249791371,1493.7884513111699,1503.3948079112417,3540650
2024-07-18,1531.7816162109375,1536.2965568410282,1495.7097007981747,1496.7184151324961,4399468
2024-07-19,1531.7816162109375,1552.8194430459275,1526.0657637582724,1547.103707858356,5633838
2024-07-22,1515.0184326171875,1531.7335160763066,1509.0625386015101,1526.0657423913347,2704495
2024-07-23,1547.2044677734375,1549.576141264592,1501.4664177725324,1523.6336656386136,2907674
2024-07-24,1533.023193359375,1546.8656554390548,1526.3924098959942,1542.9936512952775,2484299
2024-07-25,1536.7984619140625,1542.9936923417486,1512.8404356371125,1519.76166686107,2934731
2024-07-26,1583.0205078125,1587.5217363685786,1542.9936876655574,1551.5121442483337,2814159
2024-07-29,1580.1163330078125,1592.3615687039337,1568.1615448634484,1587.715116860889,1639491
2024-07-30,1578.0836181640625,1580.7456208936753,1566.2256060048785,1576.8736169233293,1783877
2024-07-31,1590.03857421875,1592.361800478427,1567.387324974242,1569.1297742100487,1984986
2024-08-01,1588.0540771484375,1602.5256447355557,1583.7464018288622,1587.5700766516886,1785188
2024-08-02,1557.8040771484375,1586.5536599626228,1549.9148452613626,1568.2100880359287,1692851
2024-08-05,1512.40478515625,1544.6391475390562,1487.8175361376639,1524.6015741163437,3279717
2024-08-06,1532.1036376953125,1553.6416607177232,1512.9856172596894,1512.9856172596894,2138704
2024-08-07,1543.574462890625,1563.3217080994566,1539.1216816582885,1553.6416975229893,1897787
2024-08-08,1508.0003662109375,1550.7376349004894,1504.806033741677,1545.8976297978038,2373805
2024-08-09,1539.0732421875,1550.737702257297,1525.424450837924,1534.1849077199734,2021762
2024-08-12,1534.5235595703125,1549.2855745732757,1523.4883247221462,1539.1215642433667,1273739
2024-08-13,1541.6868896484375,1556.932906123963,1527.166873957461,1527.5056506907456,1973825
2024-08-14,1574.1148681640625,1577.599648171918,1547.107616315857,1548.8983945539314,3932148
2024-08-16,1614.86767578125,1620.433681557208,1580.4551928050869,1582.6816423811442,3101056
2024-08-19,1624.789794921875,1631.0818018727193,1605.9622213884873,1611.721780485506,1631947
2024-08-20,1632.7757568359375,1640.8102127464856,1615.7872912910436,1626.241749805469,2786109
2024-08-21,1623.5797119140625,1634.8085001209645,1620.1917083417272,1632.0497208449003,1410370
2024-08-22,1622.514892578125,1633.0176797486508,1619.4656658088281,1633.0176797486508,1749127
2024-08-23,1608.2852783203125,1632.0013037660717,1604.1229447528356,1622.4181880152591,2158185
2024-08-26,1664.4293212890625,1678.5137835202625,1613.7544910768681,1617.5297187210833,2672708
2024-08-27,1656.83056640625,1700.6326137299639,1650.5385596083684,1670.624581309298,3556487
2024-08-28,1664.4293212890625,1682.1437873773564,1638.8741886664714,1657.7502087233602,2516461
2024-08-29,1695.7926025390625,1699.8098304979635,1642.939769255506,1659.1537867161214,5112407
2024-08-30,1697.1478271484375,1709.780288014163,1686.4513683670107,1695.7926020565903,4792561
2024-09-02,1748.839111328125,1754.0178932852848,1703.6818389525945,1707.7473960753282,4445349
2024-09-03,1733.157470703125,1759.003170203259,1729.866361592326,1748.209934626299,2553290
2024-09-04,1728.1240234375,1738.1912588579048,1708.5220004857513,1708.618776966253,2644961
2024-09-05,1733.254150390625,1740.1752626601776,1710.748128275825,1734.657704504156,2878565
2024-09-06,1699.906494140625,1738.287756558108,1684.3701493394221,1730.78574897725,3351716
2024-09-09,1690.8558349609375,1709.7803027638895,1685.4350527109755,1702.0846235139,1418238
2024-09-10,1722.1705322265625,1732.0442131918282,1691.2429479596024,1693.4692793310473,2307528
2024-09-11,1721.831787109375,1739.3525816616004,1716.943334769968,1721.2993392911162,2303930
2024-09-12,1749.758544921875,1756.1473277464745,1720.2345150806939,1742.401761118876,3349489
2024-09-13,1754.792236328125,1761.761796168172,1738.1909957698574,1747.2417813645882,1599349
2024-09-16,1753.8726806640625,1765.8759173295919,1750.3394531949887,1760.7939118117185,836199
2024-09-17,1755.7119140625,1769.5059291006203,1749.3714598845647,1753.9694648972713,830317
2024-09-18,1700.293701171875,1750.2425275136866,1684.4184616556236,1750.2425275136866,2629136
2024-09-19,1680.9337158203125,1719.1697548499135,1666.413700998945,1719.1697548499135,4167373
2024-09-20,1703.730224609375,1709.5865598203088,1666.316961946775,1692.065765175301,4644317
2024-09-23,1696.7122802734375,1707.553844720271,1677.0618117788376,1707.553844720271,1541597
2024-09-24,1718.7825927734375,1726.4298244878303,1682.7245546673698,1694.0017902179438,1907389
2024-09-25,1725.3651123046875,1726.9623376859038,1698.8418596381819,1721.8803321228834,2240579
2024-09-26,1726.7684326171875,1750.5329026767802,1721.9768752869347,1725.219654764472,4303250
2024-09-27,1750.5330810546875,1770.0383253837483,1739.062292516297,1752.0818590652225,4099016
2024-09-30,1738.6265869140625,1762.4393880790951,1731.8990271738346,1750.145822542617,2117894
2024-10-01,1758.3739013671875,1764.1334603294963,1732.7218736291031,1732.7218736291031,1642542
2024-10-03,1721.638427734375,1751.404461975421,1713.3619709480147,1721.1059798562542,3552386
2024-10-04,1719.750732421875,1750.049214149173,1710.699945760269,1721.1059575961287,2982759
2024-10-07,1720.0894775390625,1746.4675070564542,1711.3291386345556,1727.8334862047186,3419048
2024-10-08,1732.1893310546875,1736.593782842062,1687.2257321592608,1717.2337629664537,2353030
2024-10-09,1751.7913818359375,1766.6018445656416,1732.8670329748554,1735.6742595387832,2499596
2024-10-10,1750.775146484375,1781.0735088622,1739.4979104659337,1761.7619349181966,3753869
2024-10-11,1780.7830810546875,1793.5123179645595,1743.0310416779298,1746.2738214274552,2977110
2024-10-14,1796.5130615234375,1805.8058473974436,1773.7650382514782,1786.9782754018572,1751092
2024-10-15,1810.2587890625,1822.5040263099027,1771.3935222182192,1771.4419695377092,5696544
2024-10-16,1805.56396484375,1824.6819856482878,1794.72240031141,1809.1939687939787,2144442
2024-10-17,1808.0323486328125,1816.9863580490487,1792.2054374576294,1810.0651271377153,2399099
2024-10-18,1798.2554931640625,1813.937180984018,1784.0259250750973,1807.2579501438995,2366406
2024-10-21,1784.606689453125,1828.0699596782604,1781.1219093502775,1815.292393246423,1284980
2024-10-22,1775.9837646484375,1804.4832983837093,1772.8171497889628,1782.8529306112566,2089660
2024-10-23,1798.3936767578125,1817.1497803891752,1747.4842526155421,1747.4842526155421,2522186
2024-10-24,1797.5654296875,1815.1522495253607,1790.550088704194,1797.6628402001108,1621637
2024-10-25,1804.82421875,1823.5316755729539,1792.9859276009597,1812.2779664318662,4078295
2024-10-28,1823.7265625,1828.6470423663143,1797.7602970183923,1797.7602970183923,2418907
2024-10-29,1823.7265625,1827.770109853519,1803.7037657010026,1823.7265625,1719955
2024-10-30,1791.6220703125,1821.485590017637,1788.2118695948689,1813.252438717558,1732047
2024-10-31,1720.738525390625,1796.5911051520718,1711.482266768703,1792.7911436143484,3616088
2024-11-01,1712.310546875,1735.5973701970913,1706.0747273961022,1731.407647391704,242223
2024-11-04,1717.718017578125,1736.376710612054,1700.2286075571076,1717.7667823055478,2843690
2024-11-05,1728.046142578125,1737.5946329872768,1716.3052613951675,1723.6128341799895,1818350
2024-11-06,1791.232421875,1805.4578076891944,1737.2537890500992,1745.145944562092,3477029
2024-11-07,1784.9476318359375,1814.7626231300678,1767.6530433867167,1802.5833354897713,2173869
2024-11-08,1790.3553466796875,1806.5781821801306,1781.1478524721074,1791.768096520771,1521324
2024-11-11,1819.3907470703125,1825.918797650926,1786.9450773168614,1799.3191859475849,1679869
2024-11-12,1824.7984619140625,1844.3827345530142,1816.6139560376503,1842.4828130720468,2711052
2024-11-13,1816.90625,1831.3752208831947,1811.4011878358692,1818.1241788443492,1254074
2024-11-14,1811.2550048828125,1848.3288063224536,1798.9783059716644,1823.9702295390791,2462563
2024-11-18,1787.91943359375,1817.1984887873446,1768.4325732821014,1811.2549012416066,2483933
2024-11-19,1773.8402099609375,1817.1497090709595,1770.673595186417,1789.8681048597066,2354204
2024-11-21,1789.23486328125,1792.3528324516683,1773.4991989968514,1787.9195239314251,1841245
2024-11-22,1849.69287109375,1853.200482288327,1789.381012472404,1798.978267733386,2765950
2024-11-25,1843.1646728515625,1870.6898636069993,1830.3033923571088,1869.7642852985318,6531524
2024-11-26,1850.8133544921875,1865.8181420382023,1840.680163169081,1841.6057414743784,2079873
2024-11-27,1842.531494140625,1867.8156490127928,1838.6827676844412,1848.085202016179,1631975
2024-11-28,1793.6680908203125,1851.7389110736783,1787.9194432097866,1836.734004765336,3631255
2024-11-29,1800.6346435546875,1824.2624614992772,1786.89631199086,1794.7398207807983,2482280
2024-12-02,1823.4830322265625,1830.3521983577164,1788.3579174261217,1800.6347351020872,2014744
2024-12-03,1842.239013671875,1847.64666485736,1824.0188472815078,1835.662198470349,2954648
2024-12-04,1848.962158203125,1861.9696144536292,1829.4265319936637,1833.7136653070277,3730643
2024-12-05,1874.635986328125,1888.374199238596,1835.6622651986422,1836.6366082268792,3881814
2024-12-06,1873.3692626953125,1889.5920976422942,1866.1592195529704,1876.58464221214,2250408
2024-12-09,1860.8978271484375,1876.6334912964828,1852.2261501590735,1865.8669529482513,1379520
2024-12-10,1886.6690673828125,1892.9536511728406,1863.1386598567844,1867.2796176575305,2695207
2024-12-11,1881.3590087890625,1885.1589704510445,1866.8412736354364,1876.828289843559,1387117
2024-12-12,1886.52294921875,1898.994587724248,1872.200154085245,1875.5615900027942,2306173
2024-12-13,1918.28662109375,1924.3275003549638,1863.284885226918,1889.2511509814049,2569918
2024-12-16,1904.256103515625,1929.1992621067059,1900.2125560220218,1920.2839993047526,1371189
2024-12-17,1900.553466796875,1912.8301650338963,1888.2767685598537,1895.3895201653754,1987909
2024-12-18,1910.0533447265625,1921.355700144015,1896.8023032392612,1898.9945750678412,3460812
2024-12-19,1884.623046875,1896.2663987620606,1860.9952278822543,1860.9952278822543,1916115
2024-12-20,1862.310546875,1907.4226772304112,1847.744165993281,1904.4508833812183,3786921
2024-12-23,1854.1748046875,1889.6409151228993,1850.4236077720468,1869.2771218039773,2058339
2024-12-24,1848.280029296875,1874.295060491458,1840.7776352728545,1859.6311497900806,1310301
2024-12-26,1851.9825439453125,1859.923463554715,1837.9033345115758,1856.7080839288542,1065107
2024-12-27,1843.45703125,1854.0773941711946,1834.39559340477,1851.2517755681818,1328546
2024-12-30,1879.458984375,1918.432706492221,1817.7831404875142,1839.5596839328393,6262203
2024-12-31,1868.205322265625,1878.3385134175244,1830.3521198898102,1866.0616962678707,1968650
2025-01-01,1862.8951416015625,1887.2537177826462,1858.9491236232432,1868.205382572055,880695
2025-01-02,1921.5992431640625,1925.5941446690886,1861.0439200410156,1862.895076615513,3487645
2025-01-03,1896.704833984375,1940.9886759749231,1891.1997722198662,1929.1991494051185,2853344
2025-01-06,1902.940673828125,1922.7685304041127,1880.4820197475078,1901.1868088250385,1789037
2025-01-07,1866.743896484375,1930.1736060400688,1859.9234950496043,1909.712401735757,2494547
2025-01-08,1882.6744384765625,1888.7640827981973,1845.9417515038087,1857.3902828284818,2372138
2025-01-09,1885.158935546875,1894.5612506034067,1870.7386111770422,1877.3641913336373,2742139
2025-01-10,1943.911865234375,1950.9758526011285,1885.5974553806418,1886.328212694444,4802079
2025-01-13,1938.3580322265625,1960.5729817705587,1914.9737996928673,1943.7169188488679,5694121
2025-01-14,1767.019775390625,1889.2510557932426,1751.6251085880876,1886.4254373372892,15819311
2025-01-15,1778.8580322265625,1796.2501505598448,1766.0455164612201,1788.893813066933,3350594
2025-01-16,1746.266357421875,1790.7937878960097,1739.4947206986667,1785.9708373018814,5362008
2025-01-17,1754.7513427734375,1758.871120210885,1716.6429823867422,1739.1548372058078,2424374
2025-01-20,1761.9117431640625,1764.6583410071853,1728.9531677469627,1755.9282118701965,3401004
2025-01-21,1767.9935302734375,1785.9932182878447,1757.20351220332,1757.20351220332,4005357
2025-01-22,1792.8104248046875,1796.4888399016004,1769.6119827188834,1773.6826663007405,3009261
2025-01-23,1772.505615234375,1794.036556964463,1769.7590174088177,1782.3638155560304,3750930
2025-01-24,1758.625732421875,1794.4780665634473,1756.9091386891885,1765.6392679062958,3171259
2025-01-27,1679.27001953125,1745.7758126719248,1674.7088805830801,1741.1164868620124,4174844
2025-01-28,1660.927001953125,1697.4659246300798,1658.7199529323693,1679.2699836962652,5079829
2025-01-29,1686.185546875,1691.1881676559326,1663.6246000581734,1663.6246000581734,3733620
2025-01-30,1680.398193359375,1699.869247931907,1665.439304319659,1689.1283230420456,2543744
2025-01-31,1692.512451171875,1705.0190635704469,1676.4256102316624,1676.4256102316624,2033832
2025-02-01,1661.6627197265625,1698.8882327594715,1655.777255548074,1693.0518620118341,569018
2025-02-03,1659.700927734375,1668.1367359249623,1629.7831509637494,1633.216338462018,2659929
2025-02-04,1699.4769287109375,1702.762955699824,1659.7500442498808,1662.7417501245056,3647768
2025-02-05,1680.1529541015625,1713.454945906369,1677.3573824122252,1696.9755974111986,2681942
2025-02-06,1690.599609375,1695.455069495451,1680.152886361221,1690.9429041756248,2057798
2025-02-07,1692.7086181640625,1697.9564665998187,1668.185850015596,1690.256341349216,2428098
2025-02-10,1700.7520751953125,1706.7847002390013,1679.4172664423252,1691.0410348493847,1823071
2025-02-11,1690.3052978515625,1715.6128422194413,1682.2618778766962,1709.5312436765012,1702553
2025-02-12,1684.51806640625,1709.138902101049,1666.7145124774731,1690.9920533603286,2214307
2025-02-13,1670.5889892578125,1696.9264176053623,1667.7934177107677,1679.3191184360148,1838463
2025-02-14,1678.58349609375,1690.5015854778735,1667.4991568867702,1678.3382684098794,1460459
2025-02-17,1677.25927734375,1687.3136123032834,1661.7608399491203,1678.5834828782092,1127023
2025-02-18,1692.5614013671875,1695.5041334472232,1668.774317053566,1673.4336428469558,1511900
2025-02-19,1679.6134033203125,1698.5449075784054,1670.9322480202795,1690.3052339279063,1294110
2025-02-20,1655.3359375,1681.8205270050855,1651.4122946103578,1672.648915958484,1681532
2025-02-21,1668.2347412109375,1671.6189548921184,1652.9816520209285,1657.7390448584547,1222563
2025-02-24,1612.666259765625,1657.7390578508052,1606.3393140025642,1652.834504425211,4455420
2025-02-25,1604.8680419921875,1620.4154533141134,1600.1106488386756,1604.7699748659454,1951519
2025-02-27,1598.0997314453125,1628.3118301661136,1584.3669810704175,1589.0754005235567,2266866
2025-02-28,1544.9835205078125,1584.1217635349658,1532.623949299152,1581.2281247263193,4910121
2025-03-03,1542.384033203125,1572.7922653876253,1538.5093640323437,1544.9834705475575,1784684
2025-03-04,1506.1883544921875,1530.2206662375854,1493.926970948617,1530.2206662375854,3246644
2025-03-05,1542.9234619140625,1551.2122293033553,1501.8233987302874,1502.7552160138994,3112003
2025-03-06,1555.184814453125,1564.2582383874842,1545.0815061324242,1549.8388990581002,2011489
2025-03-07,1528.2098388671875,1556.705343748663,1525.9047225771385,1552.4384059794097,2091986
2025-03-10,1519.72509765625,1542.4330860970294,1517.4689549984219,1527.2780626583988,1855766
2025-03-11,1537.9208984375,1543.9044300761477,1493.5346869134737,1500.7443569920117,1846190
2025-03-12,1511.1910400390625,1535.125285693741,1478.3305307286853,1526.2970891625948,3113860
2025-03-13,1505.4527587890625,1518.4007326659676,1499.959682590984,1511.1910626722345,1983351
2025-03-17,1515.654296875,1518.0085066658312,1490.0525497824096,1498.8316532585382,2029100
2025-03-18,1515.654296875,1515.654296875,1515.654296875,1515.654296875,0
2025-03-19,1514.967529296875,1531.5449445845652,1495.9869306163287,1528.74937295163,4522829
2025-03-20,1532.1824951171875,1551.8987760039074,1517.5179282232032,1518.3025849297949,4608677
2025-03-21,1536.792724609375,1561.6589063036567,1492.4556094765899,1505.7959708646786,8109210
2025-03-24,1573.5279541015625,1580.1491014559472,1530.2207219022741,1560.628954196486,2487843
2025-03-25,1593.8819580078125,1627.281898382812,1588.045466994793,1591.037292784164,4906013
2025-03-26,1602.2196044921875,1613.5490515383601,1591.0371982629158,1593.8818633175667,3096513
2025-03-27,1599.0316162109375,1613.5981162914497,1582.7485223896897,1594.6175180204746,3383080
2025-03-28,1562.100341796875,1594.5194894080635,1551.4083908626199,1585.249811140166,2211077
2025-04-01,1501.13671875,1554.7435143440098,1496.967848127942,1546.8962284671945,4126827
2025-04-02,1498.3902587890625,1509.1802770011166,1477.6439725515056,1486.0797810238228,3167863
2025-04-03,1442.036865234375,1471.366120518051,1437.03424437263,1471.366120518051,3966161
2025-04-04,1394.953125,1428.4021569405486,1392.0103928103904,1421.3396475815168,4421312
2025-04-07,1347.8695068359375,1357.3353200074941,1277.8815451777873,1319.3250264932826,6484139
2025-04-08,1376.5611572265625,1397.062217043429,1345.8096273713072,1353.656913828283,3938359
2025-04-09,1353.65673828125,1362.190613300472,1331.1448860732542,1354.2943541712089,3306801
2025-04-11,1364.0054931640625,1397.7978206514993,1334.0386218147642,1334.0386218147642,4859622
2025-04-15,1399.2691650390625,1401.5253076281124,1379.1604949491216,1392.893245254447,3265147
2025-04-16,1404.369873046875,1408.6859042954075,1378.670059289835,1387.9887114159492,2553111
2025-04-17,1410.549560546875,1414.571270394578,1357.580383725226,1392.893168272992,3549969
2025-04-21,1453.709716796875,1470.3851993782157,1402.702358312774,1407.6069120131685,2840104
2025-04-22,1451.6497802734375,1471.26799442744,1436.5437314268402,1461.5569544731936,2608145
2025-04-23,1563.57177734375,1569.4572420012546,1514.2319174023014,1525.3162570699694,13293318
2025-04-24,1556.4110107421875,1572.6942246872698,1546.0133809298422,1564.5526177147285,3193118
2025-04-25,1548.0732421875,1587.1135365322223,1538.166067916124,1559.6480365180676,3800415
2025-04-28,1537.258056640625,1557.2018044195875,1525.1528089209569,1552.8359793587483,2618810
2025-04-29,1556.804931640625,1568.513264469959,1536.0673528775774,1542.9137467821363,2231069
2025-04-30,1555.316650390625,1575.5581161893915,1541.9215787604664,1558.7894467391845,3682256
2025-05-02,1560.1785888671875,1568.7117213815807,1544.9974592439173,1554.8205359930025,1370848
2025-05-05,1556.4080810546875,1585.2818779853096,1551.1493478127875,1567.7194991335,1012225
2025-05-06,1566.826416015625,1571.4899579236255,1552.9352310600434,1564.5443654458347,2055057
2025-05-07,1551.1492919921875,1566.1319029482763,1532.9914803779377,1539.9370728456695,5469936
2025-05-08,1568.4139404296875,1585.5795244053368,1543.7075728978086,1549.7601363448894,2789018
2025-05-09,1557.201904296875,1565.437320093823,1545.1959754506574,1553.828306482506,2035161
2025-05-12,1657.317626953125,1661.9810477130254,1581.610620928097,1586.3733613343302,4028207
2025-05-13,1607.0115966796875,1674.9791788184398,1602.6457715588801,1671.9032978656612,3118470
2025-05-14,1624.970947265625,1629.53529071611,1604.4318862245323,1617.3308438750696,1569126
2025-05-15,1682.81787109375,1689.366548490447,1612.3697172920658,1637.1754052504054,4961582
2025-05-16,1646.9984130859375,1680.3372320845695,1645.1131566555748,1678.7496923458762,2586263
2025-05-19,1636.7784423828125,1651.0665424552872,1625.367826254065,1648.089859986918,1642018
2025-05-20,1625.56640625,1653.051060304655,1623.6811497240271,1647.8915256118576,2421580
2025-05-21,1639.1597900390625,1644.6170411560206,1615.7432458342366,1632.2141977083884,1420835
2025-05-22,1620.3074951171875,1627.9475983601915,1601.4551727612618,1625.6655478005441,2202093
2025-05-23,1635.3892822265625,1657.8137201462616,1609.8890844681853,1620.3074729963307,1459454
2025-05-26,1660.5919189453125,1662.7748921171335,1632.8095489592051,1639.5567444044395,1078813
2025-05-27,1639.259033203125,1662.4771809936794,1628.7414458974185,1660.790442687475,2740015
2025-05-28,1644.418701171875,1653.8448625191695,1634.1987093677785,1651.0665770418843,1775441
2025-05-29,1651.7611083984375,1662.4772140909636,1642.7318621672198,1657.019962716747,2374051
2025-05-30,1623.8795166015625,1651.7610853732294,1614.6518734430688,1651.7610853732294,4408910
2025-06-02,1618.8192138671875,1622.4904072765664,1593.2196951655753,1612.4689334560915,1883100
2025-06-03,1617.727783203125,1638.8621568416977,1604.431910125584,1634.0995373880799,2380133
2025-06-04,1613.4610595703125,1631.8172677064667,1609.5913482254145,1618.3229983820297,1659720
2025-06-05,1619.712158203125,1641.0450489655268,1611.9727354314136,1622.1927268964275,1409322
2025-06-06,1624.970947265625,1627.0547219371606,1609.393023782431,1618.5214684403563,1261281
2025-06-09,1635.4886474609375,1645.1132058256635,1626.2608832016058,1635.19093076037,1299786
2025-06-10,1655.1346435546875,1671.8041137518037,1636.1831228149133,1640.449749449151,3055223
2025-06-11,1708.5166015625,1711.989397904148,1653.051058624446,1662.9733338862973,5085821
2025-06-12,1687.9774169921875,1712.5847080594967,1681.8256547861222,1711.5924805345492,3607962
2025-06-13,1682.123291015625,1697.701213963409,1651.6618347841654,1653.050977476937,1988422
2025-06-16,1709.6080322265625,1715.9583126355744,1670.3158463079935,1678.8489788318884,2116100
2025-06-17,1716.1566162109375,1725.2851816521209,1706.6312566770437,1714.5690764755416,1777245
2025-06-18,1702.563232421875,1731.4370291420012,1696.7090658067748,1714.4699627082382,1794428
2025-06-19,1700.5787353515625,1706.3335821748506,1684.0084634395898,1706.3335821748506,2514527
2025-06-20,1726.3765869140625,1729.0555526152705,1695.815932608312,1700.5786728788112,2719770
2025-06-23,1689.9617919921875,1716.3551398028153,1685.9928820803962,1715.759706418832,2221446
2025-06-24,1678.6505126953125,1719.1333215339657,1676.0706243292225,1706.5320808846109,3601071
2025-06-25,1703.7537841796875,1707.3257788886167,1687.7789459525882,1688.7711734340417,1307518
2025-06-26,1710.6993408203125,1713.4776261589632,1689.465648936387,1696.7089578483226,2971055
2025-06-27,1709.9056396484375,1738.8786331907986,1697.5027963303862,1721.5146525455268,6478283
2025-06-30,1715.1644287109375,1721.3163118710643,1699.983420665402,1711.5924339426656,1855229
2025-07-01,1704.944580078125,1731.4370061651082,1700.6779533335218,1715.164450765384,1639826
2025-07-02,1705.2421875,1724.9875393242776,1697.7012825906465,1708.615785284099,2069447
2025-07-03,1698.59423828125,1717.0496450876485,1693.236185693194,1702.662346703499,1839063
2025-07-04,1712.4854736328125,1715.561354671366,1692.93851912819,1701.6701696132982,768500
2025-07-07,1697.10595703125,1712.088568205323,1690.0611659357876,1712.088568205323,1366412
2025-07-08,1694.82373046875,1705.5398356767303,1674.3838686520276,1686.786712123524,2139193
2025-07-09,1660.98876953125,1700.9755846537569,1658.0120871485776,1696.70895812332,2894808
2025-07-10,1650.768798828125,1666.8429565679846,1636.1831034196857,1661.9810177246657,2740853
2025-07-11,1625.56640625,1642.6326712691214,1617.330869325683,1630.4282242360296,2548153
2025-07-14,1607.210205078125,1629.6345230811487,1594.5096442175766,1627.2531527796052,3334703
2025-07-15,1554.2252197265625,1608.79773361358,1537.9526640886743,1577.6417650974142,14685607
2025-07-16,1550.6531982421875,1561.7660978852655,1547.874912770657,1554.2251930473537,5218099
2025-07-17,1531.9000244140625,1554.6220578386676,1530.4116832000689,1551.4468572425706,4966082
2025-07-18,1548.800048828125,1550.0,1530.0,1544.0,3902458
2025-07-21,1530.4000244140625,1550.699951171875,1526.0,1548.800048828125,3368842
2025-07-22,1520.0999755859375,1539.800048828125,1518.300048828125,1533.0999755859375,3218227
2025-07-23,1529.800048828125,1536.0,1518.0,1524.0999755859375,3471536
2025-07-24,1507.199951171875,1537.9000244140625,1501.5999755859375,1530.0,4654421
2025-07-25,1490.0999755859375,1512.199951171875,1486.5999755859375,1501.0999755859375,2733655
2025-07-28,1466.0999755859375,1494.199951171875,1463.5,1490.0999755859375,4404841
2025-07-29,1472.4000244140625,1477.5,1461.0,1466.0999755859375,6223556
2025-07-30,1476.5,1484.300048828125,1468.800048828125,1480.5,1642426
2025-07-31,1467.9000244140625,1482.699951171875,1459.5,1465.0,2306285
2025-08-01,1452.0999755859375,1466.9000244140625,1450.0,1465.0,2152783
2025-08-04,1474.4000244140625,1475.4000244140625,1440.5999755859375,1452.0999755859375,2384774
2025-08-05,1482.699951171875,1485.4000244140625,1471.199951171875,1479.9000244140625,2614394
2025-08-06,1463.199951171875,1483.699951171875,1456.4000244140625,1480.9000244140625,1735697
2025-08-07,1475.5,1479.199951171875,1451.0,1458.0,1495363
2025-08-08,1475.699951171875,1482.199951171875,1459.0,1474.800048828125,2815614
2025-08-11,1488.0,1531.0,1465.5999755859375,1475.0,2374556
2025-08-12,1499.0999755859375,1509.9000244140625,1489.0,1490.0,3422656
2025-08-13,1501.0999755859375,1507.5,1489.0,1500.0,2916128
2025-08-14,1489.800048828125,1516.199951171875,1485.800048828125,1501.0,4227538
2025-08-18,1485.0,1501.9000244140625,1475.9000244140625,1498.0999755859375,2795155
2025-08-19,1476.0999755859375,1482.5999755859375,1469.199951171875,1476.300048828125,2515817
2025-08-20,1496.0,1500.300048828125,1458.0,1468.0,10219330
2025-08-21,1493.5,1505.0,1486.0999755859375,1500.0,2157601
2025-08-22,1466.300048828125,1491.5,1464.0,1489.5999755859375,2802805
2025-08-25,1504.199951171875,1509.699951171875,1476.199951171875,1480.0,2764914
2025-08-26,1492.800048828125,1506.5,1485.0,1501.9000244140625,4092265
2025-08-27,1492.800048828125,1492.800048828125,1492.800048828125,1492.800048828125,0
2025-08-28,1449.800048828125,1488.0,1446.0,1488.0,4367902
2025-08-29,1454.800048828125,1462.5999755859375,1439.199951171875,1449.800048828125,3404604
