Date,Close,High,Low,Open,Volume
2020-09-01,527.8956909179688,535.5286730212453,518.8578020067913,528.2234663029427,28877884
2020-09-02,531.1033935546875,533.3745556028297,524.8049503252079,526.3971246104487,19761682
2020-09-03,529.5814208984375,536.6290479430555,528.2233883432299,532.5550074409026,19833362
2020-09-04,524.1494140625,527.005930179436,517.1719828774263,519.7943573919334,23661370
2020-09-07,520.0284423828125,524.242990767725,514.6431861132021,522.7445075407,17615466
2020-09-08,520.9415893554688,523.9152332143449,516.5163362664446,521.6674511340157,14624918
2020-09-09,513.4724731445312,519.7942956593066,511.0139866110075,515.5797473161231,15728872
2020-09-10,510.6863098144531,517.3827258426873,507.61903172966083,516.516413282118,15188088
2020-09-11,505.1136779785156,517.3826747798388,501.53130011641747,513.4490845227011,20794730
2020-09-14,495.420166015625,512.3017974723097,492.79779164773026,509.4920984002494,21650590
2020-09-15,501.297119140625,503.942930408111,495.490396566087,500.12641124912426,16505110
2020-09-16,512.1378784179688,513.2383323877484,500.2902918578634,501.1566042526486,18710112
2020-09-17,507.43157958984375,512.3017354915612,504.8092055392166,507.6189042713458,18318686
2020-09-18,495.1158142089844,511.4588509693551,490.38610850225797,511.36521720155696,23481778
2020-09-21,491.3695068359375,501.69511546318876,487.71687558880046,494.03869778798315,19842878
2020-09-22,484.86041259765625,495.51385486779617,482.09753042237577,493.5939052759822,18620678
2020-09-23,490.40960693359375,494.03880192403096,484.36874190391205,489.8242529028781,16079828
2020-09-24,482.51898193359375,490.29247099615844,479.9902414241284,486.0779225348734,19809510
2020-09-25,488.88763427734375,492.61046264998583,480.2946494562173,491.69733332491467,20321544
2020-09-28,493.6640625,495.91184443364216,488.25542654009416,491.20557601909667,16152422
2020-09-29,497.5743103027344,501.01618020519044,492.16561676782226,495.4435989917754,12644446
2020-09-30,505.09027099609375,508.9770445977722,492.6339487438222,496.3802145137372,18813842
2020-10-01,518.3660278320312,519.7943143539784,510.4754679161991,510.4754679161991,21203080
2020-10-05,521.8313598632812,530.0965695760265,520.2626226139271,520.7309058025985,16940126
2020-10-06,535.7628173828125,537.5891333626462,527.3805363619709,531.5248885651054,19371990
2020-10-07,544.2621459960938,545.4796708762312,532.7189537513497,536.1374439566167,21248778
2020-10-08,558.0999755859375,563.3447248890889,544.7772834132903,552.5742106144014,35060674
2020-10-09,577.6506958007812,579.266249784023,558.0296206122663,562.408056580931,44972388
2020-10-12,568.3318481445312,581.9588761781698,564.5621459766012,576.7141278400208,19220546
2020-10-13,561.2139282226562,572.452724022325,559.5983741918425,568.2147957376162,18353952
2020-10-14,567.3250122070312,568.6362278369086,550.4668195207307,559.855919146127,22582918
2020-10-15,547.5401000976562,569.9006216111591,545.0816134391036,568.5894058612083,28246896
2020-10-16,561.6353759765625,563.578762452195,549.2961265944534,552.5741085945908,25822848
2020-10-19,563.6022338867188,578.3297167640247,558.474498861051,578.3297167640247,42359556
2020-10-20,573.1552734375,574.7708849832271,564.702794889259,565.4520366728575,27411978
2020-10-21,583.80859375,585.8222342069874,572.101514729077,576.2692462932199,35640752
2020-10-22,577.5336303710938,585.3539360918933,572.7102910723085,580.6476675803264,21913060
2020-10-23,578.7044067382812,584.6281435418838,576.5502582677235,582.3101645459939,15866230
2020-10-26,567.0441284179688,581.6077242511437,564.0939214440583,575.8946921762248,19571976
2020-10-27,577.43994140625,578.7979739752939,560.932960352343,574.1151424706394,24317780
2020-10-28,566.4353637695312,576.9249191874533,562.6422811718548,575.0517863329486,16571186
2020-10-29,555.94580078125,564.0236861063045,551.8717597435701,562.2208071910892,23060024
2020-10-30,554.2366333007812,561.6120940876998,550.8649597858165,553.768350076215,11522716
2020-11-02,569.0811157226562,573.646876577045,551.4034262607922,559.2939861508106,21926080
2020-11-03,584.39404296875,585.705258898236,573.8811071595348,574.32595336946,28164230
2020-11-04,588.8193359375,592.2846432198345,575.9883641966829,586.2905951010138,23404822
2020-11-05,594.344970703125,597.5293190934634,586.4544107982608,592.8464874391259,21433928
2020-11-06,612.3505249023438,613.4509789662676,592.6123770090165,592.9635894015545,35705724
2020-11-09,627.7570190429688,630.2857024005195,615.8859950919816,615.8859950919816,26288440
2020-11-10,652.6228637695312,653.2550346284123,632.9081533686374,635.4602738284987,41517356
2020-11-11,650.8901977539062,662.5270807683223,641.7821125642978,655.5496497973506,36116194
2020-11-12,642.3440551757812,650.2346729813565,636.8651644936898,645.0133037662312,27053948
2020-11-13,636.30322265625,640.9860545652201,630.777458138275,640.9860545652201,22472480
2020-11-14,641.407470703125,643.865957482153,639.300196321101,640.5177783614957,1835066
2020-11-17,659.5534057617188,661.4967923435506,646.5117309526121,648.9468377267233,31059900
2020-11-18,659.6705322265625,664.4938721342245,655.1516450002654,657.0013408064249,18862776
2020-11-19,643.5849609375,655.3388570294476,640.6113742514107,650.7730961384013,20266882
2020-11-20,657.3056640625,659.5300090559041,639.2299456540583,642.7888862108105,20405362
2020-11-23,653.0677490234375,666.6713990516355,644.0532972890474,662.6207378785516,25246636
2020-11-24,673.4848022460938,676.6691505257206,656.5564121349983,659.3426740070689,40154400
2020-11-25,656.9076538085938,685.7538856508503,654.1915885569267,679.6193875559173,24152602
2020-11-26,668.076171875,670.5814753116615,649.5087334198845,662.6206617081014,27943126
2020-11-27,674.725830078125,677.1374999650526,662.8782995427972,670.4879014614916,17994580
2020-12-01,671.1902465820312,678.5422690053838,667.537615229244,674.7257499864968,17147574
2020-12-02,658.85107421875,670.4879583322355,653.1614786477312,670.1133088790701,17892150
2020-12-03,644.9196166992188,670.5815595821387,643.4445703122052,669.1767099461426,37933222
2020-12-04,648.8531494140625,656.2754262315275,643.0933007167542,646.6990582631146,26912322
2020-12-07,642.6015625,646.2073199452327,635.9753443925927,643.8893411823647,24316318
2020-12-08,644.4981079101562,650.351647155277,639.2767394708147,643.889316963276,19457896
2020-12-09,658.9680786132812,660.3027314284943,643.9128198652812,644.825949215556,22069074
2020-12-10,648.97021484375,656.5329994152146,644.2405662949226,654.6598667492653,19727966
2020-12-11,647.5420532226562,653.2550855860461,642.952854845621,650.9371065348417,21356384
2020-12-14,642.5547485351562,649.9770251781636,640.6113619911583,647.6356093814122,17222050
2020-12-15,651.5223999023438,653.2315877489281,639.6748127883849,646.6054265976014,21561436
2020-12-16,660.6070556640625,663.4636287777222,653.0208910536052,657.4695812400586,16832092
2020-12-17,675.170654296875,676.6691374798856,657.7036703048439,664.3064511479054,21924478
2020-12-18,660.911376953125,674.1871921125156,658.5465814702521,671.9862842906788,22995918
2020-12-21,642.7889404296875,666.7650171997802,640.0026211153689,663.7914303378403,23761824
2020-12-22,642.9996337890625,648.4785813848641,629.8408876434811,648.4785813848641,22851558
2020-12-23,644.1937866210938,646.6756532487515,637.356863428157,640.3772671610767,15467394
2020-12-24,654.2384033203125,657.4695686158627,644.8259230655577,650.6326457880219,14952188
2020-12-28,661.6138916015625,665.4304110214672,657.4695968150176,657.9378800036322,11699194
2020-12-29,668.333740234375,671.8693011542795,664.9621241603603,665.4538443710801,14495346
2020-12-30,670.8157348632812,674.2810422387266,661.6842117709015,674.2810422387266,16216726
2020-12-31,672.5951538085938,676.2009114265729,667.326968037438,671.9863628096483,22145750
2021-01-01,667.3269653320312,675.7326255074306,665.2430708929157,674.3277759741511,8810938
2021-01-04,663.0889282226562,673.3911573334602,655.1281148188532,673.3911573334602,15740192
2021-01-05,668.099609375,669.9961791742752,659.811019714523,664.5874854233613,14386824
2021-01-06,665.2196655273438,674.3277501201754,661.7309216887085,671.9863343211471,22134050
2021-01-07,663.2059936523438,670.8624115197141,661.4733689085425,670.8155946386461,19894842
2021-01-08,670.4176635742188,675.264383325587,666.4138192959057,670.5815512636897,13768764
2021-01-11,679.6896362304688,685.9880796469122,672.5951913929897,679.0106484474123,17331392
2021-01-12,693.5274047851562,696.6648792945538,678.5891595829497,680.1578968376485,20388156
2021-01-13,688.6806030273438,700.9730353051525,684.6767593628986,699.0999027675817,16934650
2021-01-14,687.791015625,696.8054680851064,681.8204042553192,688.9149068449304,12297166
2021-01-15,686.8075561523438,689.1489721163422,676.6692135955356,687.9548271093128,14165236
2021-01-18,694.5108032226562,703.7593964324487,686.9714551273688,688.3294878415021,42825632
2021-01-19,704.2277221679688,707.8803542178441,686.9714966201251,698.5849435592589,17360254
2021-01-20,698.678466796875,702.8930151890814,695.8687678687375,702.8930151890814,13346052
2021-01-21,690.6240844726562,699.7789867113361,687.5099897678642,698.6785326268242,26333054
2021-01-22,675.9901733398438,687.3928567663875,674.3979991752641,687.3928567663875,15392364
2021-01-25,685.028076171875,693.5274277898409,681.4223183526057,686.081713384925,20344718
2021-01-27,660.0919799804688,689.2660458829195,658.4764258237427,687.4397299904404,23556276
2021-01-28,642.2269897460938,656.2052893880308,628.4360719855721,650.8668493259495,42704446
2021-01-29,651.1477661132812,659.6939342050234,638.9724033524433,651.5457953862292,28704502
2021-02-01,691.5371704101562,694.2297986342012,656.0647203281726,660.3963396451145,26370544
2021-02-02,730.7793579101562,739.1850183385109,701.2072629120022,702.8930709699746,42420206
2021-02-03,737.4523315429688,740.6834395649704,722.092621273069,739.419097918402,20237254
2021-02-04,739.4658813476562,743.6336126497343,722.7715762808549,733.331383759121,24484684
2021-02-05,748.1292114257812,757.799270712775,724.9023766805967,724.9023766805967,27054716
2021-02-08,751.7116088867188,764.0742968337324,747.2394814489137,758.6187861058928,17447580
2021-02-09,754.80224609375,762.36503102215,743.0249124680531,753.9359336275562,18421366
2021-02-10,740.7069091796875,756.2070707792974,733.7997323752618,753.1632301536182,19788006
2021-02-11,736.3050537109375,748.2228950544674,732.4885343245932,740.8239978740271,13648618
2021-02-12,740.8005981445312,745.7410088550847,736.6094862976755,737.0309526176361,9910106
2021-02-15,757.0265502929688,760.9601402970447,747.7077039114058,749.2998780991833,10355244
2021-02-16,761.7328491210938,768.4527013473473,753.2100609140989,759.1806714821541,13897358
2021-02-17,742.9312744140625,759.46169374136,741.2922832634484,758.6187611413685,12794426
2021-02-18,727.8526000976562,752.0393816293382,724.9023930744047,752.0393816293382,14720560
2021-02-19,720.734619140625,732.4885153340692,717.8781032219473,723.4975012902208,17139508
2021-02-22,724.90234375,737.030889228641,720.8984997999453,723.5209312703875,29451838
2021-02-23,716.0753173828125,729.4447693907607,713.0314763674277,727.5950734852652,18239906
2021-02-24,752.2734985351562,755.7856224173214,710.0343781777074,714.8342808166664,14314332
2021-02-25,752.2501220703125,766.228363751744,750.1896646174447,753.8188593120672,20109570
2021-02-26,718.53369140625,744.0551236003055,712.2586856359347,743.1888111878806,27912846
2021-03-01,730.0066528320312,736.3987296025289,721.4838647502099,732.3948855914828,13536018
2021-03-02,734.3616943359375,743.3995829977736,726.3072461288484,737.8738183501002,16110038
2021-03-03,743.09521484375,747.3800177314853,732.8632379384552,741.7606191019253,11222410
2021-03-04,726.7989501953125,735.6728938083875,720.7346485676163,725.1599590251474,16291438
2021-03-05,716.4732666015625,723.778472789119,712.3055348598782,716.9415497823478,17445822
2021-03-08,711.5562744140625,728.1803268929694,708.2782922351231,722.0926457035106,15117050
2021-03-09,731.6925048828125,733.1909882674217,720.3366372070312,723.497548828125,15066696
2021-03-10,728.531494140625,737.545944574311,726.8456862714347,736.1410951560742,11055016
2021-03-12,726.7520751953125,749.2531053816967,718.8381350004987,749.2531053816967,15631204
2021-03-15,715.841064453125,725.0896568694096,709.5894956955713,725.0896568694096,12230386
2021-03-16,708.1144409179688,721.3434411050923,707.1076206214748,716.8947507766791,13722366
2021-03-17,700.2471923828125,720.6877631805695,697.8355227432439,713.7805867628219,21064428
2021-03-18,698.210205078125,712.7504203430284,693.5976272955147,707.9270808362545,18065540
2021-03-19,701.2540283203125,707.6694847123453,690.2728111428888,695.4004888518625,21235020
2021-03-22,687.9783325195312,700.0366259327199,683.8808541752439,700.0366259327199,14015632
2021-03-23,702.4949951171875,705.913427892995,687.9547801087441,688.3762463861647,19761428
2021-03-24,692.4971923828125,705.4451766338809,688.8445606979503,698.1634074521198,16368900
2021-03-25,685.2621459960938,700.3408979414974,679.1276480753749,697.8355373221127,23964356
2021-03-26,698.3507080078125,701.9564655190055,690.2493863742588,699.6150496900561,12021258
2021-03-30,727.5715942382812,731.7159463418297,703.1506707781276,705.53890369584,25607644
2021-03-31,699.4512329101562,724.9024141178382,696.8054213225732,724.9024141178382,30774506
2021-04-01,696.219970703125,702.1437639615426,686.0348122280666,702.1437639615426,35763762
2021-04-05,678.8232421875,695.400477115058,670.1131870381469,693.0590613671959,16006586
2021-04-06,674.4448852539062,684.9344404669783,670.8859443325454,683.693478542408,15075734
2021-04-07,677.6994018554688,682.148092108957,665.6879839018303,674.0000104280846,25088180
2021-04-08,670.9561767578125,684.114922949613,669.8791025566096,680.4154743199956,17613592
2021-04-09,665.7816162109375,670.9561682545449,662.667521607641,667.7718197410212,28157816
2021-04-12,640.1665649414062,655.1281901644754,633.5871631826557,652.3184909929338,22549128
2021-04-13,655.7603759765625,658.6168920999755,637.3334432563288,640.6114256977647,18600682
2021-04-15,669.6917724609375,672.7824300539736,651.3819113321046,657.9378759321401,34444984
2021-04-16,669.0127563476562,676.6691746768767,666.60108661075,671.9629059945308,15606526
2021-04-19,661.4031372070312,663.8850036216392,642.6249941908789,650.9135831395698,24069242
2021-04-20,651.5692138671875,667.9591248095529,648.0804699542289,667.3035169391637,23186270
2021-04-22,666.1328125,668.1464530059868,642.0396661540536,646.2307776801406,38485312
2021-04-23,662.2227172851562,671.7990861283411,655.6901321638597,659.8110473048241,22713528
2021-04-26,657.84423828125,669.1766684433829,656.8842348908015,661.6841375160952,30170952
2021-04-27,673.7190551757812,675.2644126887966,657.8442995264332,658.9915705660951,20592906
2021-04-28,691.5606689453125,692.5908691442332,670.1132750137915,672.5717618718086,24103940
2021-04-29,689.5469970703125,704.1340298671776,684.1617403869111,695.962453906018,24078552
2021-04-30,661.3563842773438,680.790137020101,659.1086020585741,676.6692220068487,35232902
2021-05-03,662.3630981445312,665.8518420127824,644.9664243408479,652.3184471468194,22473700
2021-05-04,650.1409301757812,666.3669535123429,647.7761344561299,660.2558352545882,21486328
2021-05-05,656.81396484375,660.0919470439034,647.0268351277404,656.0647232021239,14421612
2021-05-06,656.0179443359375,660.6539594346632,653.2550620315675,659.1554189010927,11477044
2021-05-07,662.5036010742188,667.280066444177,660.3963268527422,661.6606685202395,12048334
2021-05-10,664.8919067382812,669.6449927700087,661.5905443936907,668.2401431348269,11060050
2021-05-11,657.2588500976562,666.9288515916636,653.278443249682,653.7232893849493,14519034
2021-05-12,655.3623046875,659.6236701555957,650.3750774313528,655.4793754814777,13774926
2021-05-14,649.4385375976562,655.0813729631842,647.3312632200116,652.9506615603975,10604142
2021-05-17,674.4448852539062,675.5453393517414,646.8396132151362,653.3253241645041,15120692
2021-05-18,691.5137329101562,694.3468689484594,681.3520110065813,683.201706659045,22165280
2021-05-19,682.8505249023438,692.5205842100928,680.2047706091988,688.4699231832468,10130916
2021-05-20,670.9561767578125,686.4563388970321,668.942536177642,682.9207779510391,10684184
2021-05-21,701.160400390625,703.3144915002508,675.73260186263,675.73260186263,19341646
2021-05-24,707.0841674804688,712.001140889278,701.7223479143474,703.9466930278563,22146102
2021-05-25,692.5674438476562,708.8637227336125,688.6104735126521,707.3418022719218,19236974
2021-05-26,691.6776733398438,696.3370679770585,688.3762541535144,693.0590858144227,12283990
2021-05-27,694.3001098632812,697.2736968017686,684.840754762377,689.8279823609145,20439496
2021-05-28,704.0403442382812,708.5124716005555,692.4737722269143,698.1634244593099,17750020
2021-05-31,709.8470458984375,711.5562909355514,696.5712291981788,702.42476893934,15661054
2021-06-01,707.9036254882812,715.0683806549274,705.8197883052648,711.9309063687848,11030162
2021-06-02,704.2978515625,707.2011842022234,699.1467369566573,707.1075504384143,10624016
2021-06-03,712.0479736328125,714.1083737823926,696.6882632956728,706.1709971768607,10287260
2021-06-04,702.86962890625,712.0948420176875,702.0501333263837,709.9173137584905,9424476
2021-06-07,702.3545532226562,708.9807720026686,700.5516743170358,707.107639183639,8091668
2021-06-08,694.4873657226562,703.033533422427,693.761503956739,700.8091884046785,9872540
2021-06-09,693.1996459960938,703.3613686025238,689.336309583996,694.8854540886774,10223442
2021-06-10,693.55078125,697.273609422158,690.085474511917,694.0424442587635,11483540
2021-06-11,696.0326538085938,700.8091762726273,693.550787392996,698.2101819051774,7205974
2021-06-14,692.801513671875,695.8687913037782,684.8875738218769,692.239596732712,8881964
2021-06-15,697.8590087890625,700.5516370732679,690.6240565255872,695.8688052746498,7569602
2021-06-16,695.2131958007812,699.6150691141137,692.1693551386381,696.8053700413662,7702098
2021-06-17,686.5499267578125,692.4737201413354,683.6934109256804,686.50310987469,9283802
2021-06-18,692.9654541015625,697.7419195444644,681.3520086826817,688.1421146111345,11938060
2021-06-21,697.1331176757812,698.5848412030774,683.2251306841989,684.3255846778978,7260472
2021-06-22,694.8385620117188,706.1709913955158,693.0590631733179,701.0198767367953,14366824
2021-06-23,695.6347045898438,701.3946109062312,692.4035390261016,697.7419790231352,7844868
2021-06-24,705.3515625,708.723178638759,696.8053941908714,697.7419605809129,14785024
2021-06-25,709.495849609375,712.727015052492,705.7027672037487,707.6227168497102,10383176
2021-06-28,706.3349609375,713.1953213244988,704.7662236332046,711.7904717092831,9356786
2021-06-29,706.4290161132812,709.3213761017367,701.7729365693406,708.757027179813,10971692
2021-06-30,704.4772338867188,709.6976624664234,702.6900332435255,704.5242533960916,9679022
2021-07-01,699.2332153320312,706.4054410147711,697.4695532788985,706.4054410147711,16911442
2021-07-02,696.246826171875,700.4090575362296,694.6477609407494,698.4102403500426,14827036
2021-07-05,703.3250122070312,707.581340342605,698.1986795317277,700.7383074068422,7373882
2021-07-06,721.7846069335938,724.2772724590054,703.5836361030338,704.053946020215,17669032
2021-07-07,724.0421142578125,726.793415778825,718.4924342955773,721.4554097249005,9629190
2021-07-08,715.082763671875,723.1956105721183,711.7905939152545,717.2226969780321,8420922
2021-07-09,706.405517578125,712.9898566234604,704.2891228849815,711.3673103230692,10695842
2021-07-12,699.350830078125,706.4054786666736,697.9399003604152,706.4054786666736,14458978
2021-07-13,706.3348999023438,708.3337169435823,697.9868993183472,703.6306180230209,18178142
2021-07-14,705.0651245117188,708.9216428720127,701.2791067103677,704.2891016654376,9788494
2021-07-15,715.2003173828125,718.0457155422075,705.3003273903943,707.8164741385441,10438802
2021-07-16,715.9762573242188,719.5506010448081,714.3066916431371,718.609981254607,5170628
2021-07-19,691.825927734375,700.220948753938,689.4743780139999,699.3508868395755,25111600
2021-07-20,678.7277221679688,683.8305729391568,675.4355529722507,678.1868543179258,24174250
2021-07-22,681.3379516601562,690.6501109519496,679.5978279370563,684.8182565172345,13207114
2021-07-23,678.5396118164062,685.453144418648,675.0358260072119,682.6548234631874,13126684
2021-07-26,674.68310546875,679.1275111612366,671.649572097715,672.5431724103659,13167166
2021-07-27,677.1287231445312,681.9023804262677,675.4120804142375,675.4120804142375,22401430
2021-07-28,666.5701904296875,676.6347755485864,660.3150463002439,674.918190480848,20670342
2021-07-29,667.0169677734375,672.5195702439197,664.6889568999733,671.7200664356864,13702230
2021-07-30,670.8735961914062,673.3662618572386,662.1728622334116,667.3698100753774,11655488
2021-08-02,669.08642578125,674.8947418684647,666.0764307813332,674.8947418684647,13258786
2021-08-03,674.7536010742188,677.1992470388329,663.1369693276527,663.1369693276527,12033120
2021-08-04,689.1451416015625,693.4719698563897,677.2462777844702,677.7165876995982,22053948
2021-08-05,698.339599609375,708.7805131791989,685.4296166307245,689.991599409439,18822408
2021-08-06,702.0081787109375,705.4649454615221,693.2368864068558,697.7283695239811,13339270
2021-08-09,707.2991333007812,708.9216796364313,694.1774744359737,701.7024335084504,10998048
2021-08-10,709.0628051757812,714.7535440691512,700.291513156089,700.291513156089,14838346
2021-08-11,703.0897216796875,714.3301391266051,701.255559103679,712.4724380925973,12585786
2021-08-12,706.123291015625,709.0391894134082,700.4325527426686,704.0539159861291,8597674
2021-08-13,717.7869873046875,720.0444979176382,705.935200113896,706.0292391349025,16658428
2021-08-16,719.8563232421875,721.9256982894923,715.5529761643452,717.7634671463503,6252778
2021-08-17,712.3548583984375,716.752244215089,707.9574725817859,713.5541141243208,8282666
2021-08-18,711.5789184570312,736.1996316154539,709.3919658176675,732.1314392709822,22985932
2021-08-20,712.4019775390625,714.7770656868263,698.9041053026418,698.9041053026418,13150406
2021-08-23,717.0344848632812,721.0556576005263,709.5330646840473,719.5036119168125,10843054
2021-08-24,733.1425170898438,735.7997792930188,718.3747759369753,719.5740890497403,18381314
2021-08-25,732.4606323242188,735.9409369836322,728.0397078871733,729.9679669491439,7727974
2021-08-26,731.23779296875,738.8567897330297,725.899730131415,728.9802826774004,11119002
2021-08-27,728.2513427734375,733.048538207096,726.7463740555504,729.9209658852706,6382138
2021-08-30,737.5634765625,738.386518860593,729.7328055013259,731.6140450398242,9049166
2021-08-31,743.7481079101562,744.6651892761671,734.7181231339107,735.3295489851699,12062576
2021-09-01,742.6663818359375,751.5552507899088,740.5029676900572,740.7381226496285,12422558
2021-09-02,747.3224487304688,748.7333784637548,738.9744478085267,740.3148195729729,9618524
2021-09-03,741.2319946289062,751.5552747184146,737.5870926395022,745.9585750202502,10735334
2021-09-06,736.3642578125,743.536484472682,734.6005955190126,743.0661745277521,7876896
2021-09-07,738.0338745117188,744.0303262561982,731.4259968799201,734.8592824117002,7245496
2021-09-08,741.3965454101562,743.3248045376641,736.3171754739568,739.3036318872664,6724080
2021-09-09,737.7281494140625,742.8310007048841,734.1538054054753,740.2678345344126,8250948
2021-09-13,731.5906372070312,744.9709317993016,730.6970368546414,734.6241133020892,8959164
2021-09-14,728.2984008789062,735.7998206369334,727.3812621497082,733.6834261384571,9758506
2021-09-15,727.475341796875,731.2378208185069,721.9256622756185,721.9256622756185,14822998
2021-09-16,733.659912109375,735.7058061213938,722.5371288034898,723.2190552002447,10260550
2021-09-17,744.100830078125,747.3224414555913,733.3071832770323,737.9162433252503,20498102
2021-09-20,733.6128540039062,743.8891133880782,732.7427922090677,735.5646514858678,8781610
2021-09-21,729.8974609375,737.7516710863124,719.0803327247725,734.6240986208913,14774996
2021-09-22,721.3143310546875,729.0509640039307,719.5742072433534,728.5100960914735,10582202
2021-09-23,738.3866577148438,739.3272776609773,725.2179784689739,725.2179784689739,13664304
2021-09-24,753.224853515625,756.2347909877088,740.7381025370777,742.6193421625686,20806702
2021-09-27,764.3006591796875,769.1918939557429,756.2583708228888,759.8797343357359,16415462
2021-09-28,759.573974609375,767.5457039006114,744.0302105213035,767.5457039006114,12773790
2021-09-29,749.6034545898438,755.5999060704838,745.5117812497585,751.0849423201777,16263036
2021-09-30,750.1207275390625,755.4822717061109,744.5475668882768,745.9114770359021,15975348
2021-10-01,744.3594970703125,747.3224725690792,736.1526118242613,744.5006130124937,11128596
2021-10-04,745.7939453125,753.1307684807264,744.7827675163267,747.3224525313337,7051028
2021-10-05,750.35595703125,751.3201153548995,741.3260293134024,748.7334107323944,10257178
2021-10-06,759.5034790039062,765.1236594186406,746.381821138762,750.6146102945584,18600830
2021-10-07,757.43408203125,765.5233892196086,755.7879974071523,765.0060598199244,11265724
2021-10-08,753.7421264648438,762.8426109892299,752.5663517869934,758.139512277829,7245562
2021-10-11,768.3923950195312,773.6598433289076,752.0255863118075,752.4488767356225,13080848
2021-10-12,766.4170532226562,772.0372913530472,764.2536390189939,764.2536390189939,8176946
2021-10-13,771.026123046875,775.0707770273415,766.6051981520429,769.897367714659,6225644
2021-10-14,793.6008911132812,794.8236853008002,770.3675719069294,770.3675719069294,14757288
2021-10-18,785.5586547851562,811.2845835424112,784.0301475987719,801.8783854723542,28856456
2021-10-19,794.2123413085938,795.9760035138543,785.8878786641154,787.9807348500063,8987540
2021-10-20,787.2282104492188,798.9389383791591,782.8072859305378,794.400436386103,10908568
2021-10-21,788.3805541992188,791.0377593601032,781.1142313749668,786.2641595260952,9738190
2021-10-22,790.4733276367188,803.2892718152704,785.7702288555989,790.1676147337712,12175554
2021-10-25,779.3035278320312,794.8237550006836,758.986162502874,794.8237550006836,16426766
2021-10-26,777.3047485351562,787.2282767257024,774.2947534555667,776.0113962081427,12090656
2021-10-27,772.6251220703125,783.0895172828202,770.03841763576,777.3046825830161,13249642
2021-10-28,749.4859008789062,776.0113926931388,746.4524247627307,776.0113926931388,17797750
2021-10-29,744.4299926757812,753.436438488199,733.6834232469354,747.7927198478379,12406874
2021-11-01,754.988525390625,757.6692689271333,744.7592847952401,745.4412112039146,8122320
2021-11-02,755.6704711914062,762.842697540041,752.5194176616037,755.3177387480307,13237722
2021-11-03,743.7716064453125,757.1519582314367,740.9968238220434,754.8944476315818,10207338
2021-11-04,749.6504516601562,751.4846717756236,747.8397700043384,750.144300025778,1096808
2021-11-08,752.6134033203125,754.7062593716008,738.5981455995523,748.7803662252267,18943580
2021-11-09,739.4447631835938,749.9561782920706,737.9397944213192,749.9561782920706,12695476
2021-11-10,731.4495239257812,737.9162855100792,728.9803967754129,737.4459755766758,13714126
2021-11-11,728.1808471679688,731.2848810515131,722.2078769419516,729.0038894997884,7999404
2021-11-12,730.391357421875,733.2367556034866,726.6524162577646,728.9804275620775,14914092
2021-11-15,732.39013671875,739.2566501979443,731.0497649036722,734.6711283915498,9533594
2021-11-16,728.039794921875,732.36662345189,725.0297997914428,731.3319645371548,8245406
2021-11-17,719.950439453125,726.15850735476,718.8687036863671,722.8193184468976,7598878
2021-11-18,723.9950561523438,725.9233152191798,717.3401597266304,717.7164306029827,9152874
2021-11-22,712.68408203125,730.2501449825236,705.0180652524683,727.0990916763488,15261272
2021-11-23,712.7781982421875,718.5394945683751,703.7482136354328,706.405476076217,11235214
2021-11-24,713.9540405273438,722.5606781412885,712.0728007327046,716.7523617575165,30802286
2021-11-25,717.6693725585938,721.1261962697216,708.757022873015,712.425463075859,10251652
2021-11-26,700.7147216796875,708.6158934425172,698.4101917197838,705.4648401209937,18624936
2021-11-29,706.0527954101562,709.062790499743,687.5931303178342,703.0193192701654,12990996
2021-11-30,702.431396484375,719.1038600061037,699.1392270795074,703.1133228967462,25221542
2021-12-01,707.6517944335938,708.7805496628752,700.3384526077842,703.1132924682622,8677634
2021-12-02,717.5753784179688,719.0098466742592,705.4648976745556,707.5812923675792,11203110
2021-12-03,711.837646484375,722.3725434163929,708.7806318149686,717.5989433613333,8124694
2021-12-06,707.2520751953125,714.3067239408001,704.2185417882257,711.5789034615269,7029532
2021-12-07,717.5517578125,720.5147330078871,710.1208961875329,712.0256167466757,12427534
2021-12-08,730.7675170898438,731.3554044419205,721.4553584685982,722.395978231921,15295534
2021-12-09,718.0926513671875,731.1907704547178,715.8116598596654,726.7228264542797,11747744
2021-12-10,716.0703735351562,718.6335395699258,709.4389579023077,717.1755903370052,7779384
2021-12-13,710.7088623046875,723.1720754514939,708.8511036343901,717.6929532840238,10322142
2021-12-14,706.6171264648438,712.9898489365107,704.0774987891563,706.6406649255326,9191100
2021-12-15,705.46484375,716.4465683355331,703.4190071853002,706.8757734375,10115148
2021-12-16,705.5119018554688,713.4601510120704,702.6430228161063,711.4848723058547,13210432
2021-12-17,692.7900390625,708.2867277036164,690.2738351037749,704.0539384942323,14994768
2021-12-20,670.497314453125,685.7118281006171,665.0652121920928,682.8899687257175,21156668
2021-12-21,678.0928344726562,682.3020850989559,672.5431547072251,677.0110987419935,9118750
2021-12-22,679.69189453125,684.7712647893696,675.2239501524732,683.031140995672,8577484
2021-12-23,679.1744995117188,685.6177794402855,675.7647528150179,683.4778464800748,9779166
2021-12-24,676.7288818359375,682.8899296362943,671.6024927828017,679.8329154884734,5561024
2021-12-27,682.32568359375,683.8306524366859,668.8512923369444,672.0258844304435,4705098
2021-12-28,687.0286865234375,689.8975652710756,683.5483819755884,686.9816096073649,5450678
2021-12-29,683.7601318359375,687.1228595713211,680.726655522923,684.7948482065318,7668702
2021-12-30,687.35791015625,689.8740566072503,679.5977969044004,685.9469804740955,7215918
2021-12-31,695.7764892578125,698.3161742427516,687.3579304238837,687.3579304238837,6325736
2022-01-03,714.7064819335938,716.2820086845718,696.2938370699334,698.4102317114833,9069184
2022-01-04,718.8922119140625,720.938048472142,709.1332816071007,714.8710393533496,8857352
2022-01-05,735.9644775390625,739.3272049981704,718.6805877275596,722.7723185376268,14332638
2022-01-06,724.1597290039062,731.2143780930821,719.5977455572583,725.6882363065611,9628930
2022-01-07,729.2390747070312,736.8580725019142,722.3490228469054,726.1585217443469,11179384
2022-01-10,733.2837524414062,739.3272236718145,726.8640102956675,732.742884529699,8856496
2022-01-11,736.4583129882812,737.7751463137811,727.9457149441396,734.4124763246293,8389198
2022-01-12,732.1079711914062,741.5141698835879,729.9210185132978,737.4459774670431,21085530
2022-01-13,718.633544921875,731.3319125350233,715.0592010759051,731.3319125350233,41963896
2022-01-14,726.6994018554688,728.3689676651132,714.4007856693729,719.5741949138516,11208968
2022-01-17,715.5765380859375,731.8022302081621,714.4713212641356,719.5741723769204,22989372
2022-01-18,719.2213745117188,729.4035947617069,716.2819378004563,720.9850365384763,12341152
2022-01-19,714.14208984375,724.1597143114855,711.7435206842708,721.4554322155017,14317626
2022-01-20,709.6976928710938,718.8687366159488,705.5119229617785,718.8451981548149,15197846
2022-01-21,715.62353515625,719.4801107978569,698.6923786900412,705.4648527587,11537694
2022-01-24,699.1862182617188,715.4589291786101,690.2033107316925,710.144404390287,11868508
2022-01-25,699.8447265625,703.1133576689161,679.1275508186721,686.0176028960655,13594248
2022-01-27,693.6835327148438,698.4101699607457,674.8946760226736,681.9493242040952,28617838
2022-01-28,688.1810913085938,699.2098375847559,686.6525838445563,694.8830086509122,24925208
2022-01-31,698.7393798828125,701.4907386651546,689.8505688997462,692.6488897779892,12842546
2022-02-01,704.053955078125,713.4601535427626,692.9781334216625,709.4625191952916,14739484
2022-02-02,720.1384887695312,721.925689336147,708.0985669311817,711.0850232843711,13969290
2022-02-03,712.68408203125,724.2536938707037,709.6976257047933,718.9862460544749,10564762
2022-02-04,716.7523193359375,720.9145506530551,712.096239637603,718.8216944697394,11579958
2022-02-07,690.4855346679688,714.4007831074613,686.652497259311,711.1556331108405,12268042
2022-02-08,687.5225830078125,695.3297166284399,679.3862553893714,694.3656156857675,13981130
2022-02-09,704.3361206054688,705.3237599495377,689.9446486195075,693.2368180403231,11308342
2022-02-10,717.2696533203125,722.1608880101114,706.2409085713219,712.0492246481984,14314530
2022-02-11,714.3302001953125,717.2226176437235,705.229714856894,705.5824472918008,10711104
2022-02-14,693.095703125,705.206183512325,691.0263854147037,700.7617777520077,14656620
2022-02-15,713.83642578125,717.1756147602679,692.7900566772466,694.1774479890247,13135066
2022-02-16,712.8722534179688,721.8081417999192,708.7570416631232,721.6200063518078,10032264
2022-02-17,708.5219116210938,715.8117155574541,706.4055169298924,711.6259456860131,7351208
2022-02-18,711.273193359375,713.46014596134,700.9733946678695,704.6653734547112,7796128
2022-02-21,715.8587036132812,719.903357363233,703.3720099303918,707.346105711561,7468066
2022-02-22,710.4971313476562,715.85867560216,699.7975812976144,700.6677005270875,9536196
2022-02-23,705.8881225585938,717.551773337397,703.4189956459738,717.2695988867011,9029562
2022-02-24,667.557861328125,693.6835409572255,661.7965652448413,681.9023128007906,23630766
2022-02-25,684.8182983398438,689.4273587578438,673.8835921360377,677.2227812580344,18318654
2022-02-28,670.7794799804688,676.5643145863683,665.0417222922252,670.6619025080796,24880832
2022-03-02,646.3233642578125,657.6813595470286,636.9877244534548,652.0846603918188,38505560
2022-03-03,644.7948608398438,654.6713685551149,640.9853622032714,649.4979597518776,17527922
2022-03-04,642.6785278320312,651.8495715881414,628.7573652023683,639.6215132466612,21219364
2022-03-07,623.066650390625,626.617456098887,610.0155491594361,620.1036747143262,27054458
2022-03-08,624.4775390625,627.39343762233,607.6404208456149,612.4375590984655,39212492
2022-03-09,644.865478515625,646.5350443374616,620.26824596381,625.5122132184567,23134694
2022-03-10,655.0005493164062,671.1322012239813,649.1452142532587,671.1322012239813,22273206
2022-03-11,656.9288940429688,662.6431134232631,645.594379476671,652.7901439412384,15150780
2022-03-14,678.445556640625,681.9493423663641,665.488496171314,665.488496171314,25018126
2022-03-15,669.7213134765625,681.7142162108689,663.9600170649838,678.8923567439732,18867928
2022-03-16,681.0792846679688,684.3008959605909,675.459046986578,680.538416807543,13364108
2022-03-17,696.0821533203125,700.6676746006548,691.614209508697,692.2961358629625,14823954
2022-03-21,699.11572265625,702.4784501942568,692.6724994716683,699.3508776251891,12257876
2022-03-22,702.7135620117188,704.5242436791859,685.3355764277115,696.6700911632684,10461814
2022-03-23,695.7058715820312,714.3066498082152,693.048609348166,708.7569704067068,31188256
2022-03-24,678.4926147460938,691.1909825332395,674.6831158921258,689.4743398502089,20160044
2022-03-25,672.9664916992188,682.8900197603928,667.3697920385657,682.4197098294284,16366462
2022-03-28,673.860107421875,676.3056961543252,659.186402794529,672.9665070504823,15754886
2022-03-29,682.7959594726562,686.7700553011794,672.543180332605,677.7165894120866,12377448
2022-03-30,694.6242065429688,697.3520270164723,683.8541554096736,692.2961954262332,20109742
2022-03-31,691.5201416015625,698.2690771025898,689.4272855362786,691.8258545150326,14295714
2022-04-01,708.2866821289062,710.1679216564731,691.4966423097221,694.3655211070867,14568556
2022-04-04,779.2095336914062,809.920738411027,734.88282172495,743.0897072360845,97450970
2022-04-05,756.3759765625,783.8655701565665,753.4365393770403,783.8655701565665,30922582
2022-04-06,729.3800659179688,747.698670190547,727.7339813379639,746.7109735138449,27027860
2022-04-07,713.342529296875,724.9121411677265,711.9080611607064,724.8886601196319,40781732
2022-04-08,712.3548583984375,717.5752864902704,704.1949936095282,711.1555452616811,41256322
2022-04-11,703.6541748046875,710.1679554971047,702.2902646000342,708.2867158798938,20799066
2022-04-12,702.4078369140625,708.6864626081863,696.1292112199387,697.939892856022,27435402
2022-04-13,688.9805297851562,706.5466521295716,687.8988513600352,700.7618168516116,28892520
2022-04-18,656.2940063476562,673.3192612328224,653.7543785092736,667.2992708205535,45620376
2022-04-19,631.25,653.5192223460529,624.1013116329137,649.45102974434,74096022
2022-04-20,636.9407348632812,639.5744588803556,628.0283276112575,637.0112354211661,49325736
2022-04-21,646.3704223632812,648.9336458551445,636.4704330658952,641.9730361254766,52446270
2022-04-22,637.5521240234375,646.8407450593153,634.5186479659458,639.6214991794292,20659148
2022-04-25,642.3257446289062,644.6302746164314,621.8672640201876,634.9183637188529,20935488
2022-04-26,645.2886962890625,649.9447181901904,638.2810675680565,645.2651578306228,17016842
2022-04-27,645.52392578125,648.55740190485,637.7872928856027,639.6215131186339,18054334
2022-04-28,644.95947265625,648.5573548888967,640.6091060625428,645.2651855747399,20773722
2022-04-29,651.1911010742188,660.6678574054565,645.0535910899638,649.1922839224314,28401476
2022-05-02,660.174072265625,661.4674246642019,640.5857082304308,640.5857082304308,19494316
2022-05-04,637.740234375,660.1269744829794,634.9183749308629,658.4338702986726,29055916
2022-05-05,636.3057861328125,646.6761428793383,633.2723100996575,646.6761428793383,17862912
2022-05-06,619.6803588867188,627.8637632380652,617.5169446678499,625.5122135630162,26731268
2022-05-09,620.7384643554688,623.8660364425001,609.2864306153477,611.4028250096118,32762434
2022-05-10,630.7091064453125,636.3292867154407,618.4810491987482,618.4810491987482,20113812
2022-05-11,634.2599487304688,637.2699437106135,624.8772887597453,636.3293238674981,17102924
2022-05-12,619.9628295898438,631.262562256291,615.1812352722625,628.5505915693062,22382290
2022-05-13,614.396240234375,627.0757423923588,612.3266164332063,623.2933284825815,16768238
2022-05-16,620.9381103515625,624.2209915110109,611.5177369425631,618.0358749792707,9804356
2022-05-17,625.172607421875,626.5999421420163,617.6552879977716,624.5065062701293,16641444
2022-05-18,625.125,634.355108864066,623.26945337047,629.9541604337784,15732384
2022-05-19,612.3504028320312,616.798917729903,608.187343260526,611.9459448680809,20537506
2022-05-20,628.4791870117188,630.0254661542223,614.8719421733666,619.9389915944798,13919350
2022-05-23,620.414794921875,632.7612164207488,618.0834700430692,625.1725770915212,19486320
2022-05-24,627.5276489257812,630.4061303371693,617.0367742075846,618.5116750477888,12870796
2022-05-25,632.214111328125,635.6158790811614,629.5497068782462,632.785021951159,12887112
2022-05-26,650.2460327148438,652.2919021747578,637.5427782014408,638.5657129313978,26992428
2022-05-27,662.3070678710938,663.5678336409102,652.1729689593898,652.6725593017502,24031718
2022-05-30,666.8269653320312,675.84293907032,665.3520064362868,670.9662124772394,12624674
2022-05-31,660.8321533203125,668.3732847740987,656.5739613674407,664.138846885832,13485388
2022-06-01,663.6392211914062,666.3035675380313,656.1695265641619,656.5739264249041,12091896
2022-06-02,659.0004272460938,660.3801957549213,655.9078686924864,660.023362075659,11475020
2022-06-03,656.7167358398438,666.446377734068,654.8136228568444,665.2807442633406,6957244
2022-06-06,655.8364868164062,659.9044139694952,647.3676690544638,654.8136100707364,6173266
2022-06-07,648.29541015625,653.8620503421494,644.2512951664794,648.0099548314752,10253966
2022-06-08,650.5791625976562,657.0497349028155,645.6310573954531,653.386265767229,5986588
2022-06-09,655.4796142578125,657.5492959263624,645.7024069255631,648.1288641718968,7311816
2022-06-10,642.8239135742188,650.8407646181876,639.2555770788267,647.1059173686892,9155430
2022-06-13,631.1673583984375,632.7850159194744,622.4606520489882,629.7400237760627,10892572
2022-06-14,624.2210083007812,630.8819032064298,620.890560847957,623.8641746451215,11870356
2022-06-15,622.0562133789062,626.0290079969606,617.7504553150694,619.2967345372067,11810470
2022-06-16,609.6146850585938,628.288981067896,608.044593627726,623.2694973805329,12169192
2022-06-17,613.6349487304688,618.0358971900592,604.9995625697554,606.6172201057163,14723922
2022-06-20,629.0502319335938,630.406188345676,615.7284407836473,620.7478665306048,15936840
2022-06-21,635.9014282226562,644.2037352573536,629.9542002383749,636.0679389905365,13220684
2022-06-22,632.9039916992188,636.091682615114,629.549731939779,633.8555481610857,8159698
2022-06-23,635.2352905273438,641.349028927779,627.3135716923417,633.0229102287908,15372244
2022-06-24,644.1085205078125,647.8433675888548,636.8529032944383,636.8529032944383,8013432
2022-06-27,645.2742309570312,654.67085109447,643.2521734591014,651.8161816856278,9804164
2022-06-28,640.3499145507812,642.7763718443591,636.7815779195209,639.4459243218495,9770574
2022-06-29,639.4220581054688,642.6573729422348,633.3796984855452,633.3796984855452,9994046
2022-06-30,641.3489990234375,644.2036681585566,635.6396607531991,635.6396607531991,12475822
2022-07-01,644.0847778320312,647.0583917647738,632.8088570304304,639.4221279541322,11472452
2022-07-04,644.9887084960938,647.1534643921015,638.6132691976082,644.0609061877547,8487480
2022-07-05,643.53759765625,656.2646648217269,641.4917861925749,648.9614808863753,14325718
2022-07-06,652.4108276367188,653.4337623367499,640.920773003774,641.3489849803442,15049078
2022-07-07,664.0912475585938,665.1379363873591,653.9333363305918,656.5739286227149,17743142
2022-07-08,664.709716796875,670.8472672404988,663.5916496338197,670.8472672404988,12474030
2022-07-11,669.0155639648438,670.7997323119685,662.8780132350555,663.2348469044805,7462880
2022-07-12,662.1881103515625,668.5873037977215,661.0462310759555,668.5873037977215,9876974
2022-07-13,646.035400390625,663.329925893501,644.3226105310133,661.3316807370194,15945610
2022-07-14,642.8002319335938,653.0770305824992,641.9438078468517,648.009980572475,10372410
2022-07-15,648.0337524414062,649.3897087624757,640.7781345342419,643.7279362880911,13595646
2022-07-18,641.1349487304688,649.9605996598474,638.5181685811273,641.349025693148,20332220
2022-07-19,641.372802734375,646.3684736551729,636.1154305816073,636.1154305816073,15792538
2022-07-20,649.4610595703125,652.3394828529056,644.7984099471585,647.0107902079244,20347862
2022-07-21,647.4152221679688,651.5782816527894,646.1543982511723,647.3200897539601,12640278
2022-07-22,662.5211791992188,664.6621812145843,648.200266223231,649.913056219844,12729592
2022-07-25,664.4718017578125,668.2780272389724,658.1439867424192,663.7105682772589,10143126
2022-07-26,663.1159057617188,667.0410761455997,659.5713811918758,664.1864067755045,8527964
2022-07-27,668.1829223632812,668.9441558751987,658.5959799219372,660.8083601896926,9212778
2022-07-28,674.1063842773438,677.5082102916083,671.323093203272,673.2500182967668,17420406
2022-07-29,682.3611450195312,684.4545809416566,673.3689825295654,684.1691256064577,20019736
2022-08-01,688.0466918945312,689.1409469653036,680.3866740855385,684.6448659691373,13193036
2022-08-02,680.4818115234375,687.3092174888533,677.0562315085326,686.0722057100485,15036510
2022-08-03,682.0756225585938,683.0985573142522,674.1777159772212,677.9601294727647,10975498
2022-08-04,681.2667846679688,688.3082668550664,672.2507533481771,685.120576293944,12012206
2022-08-05,678.9593505859375,683.669508629586,676.1522473957567,681.790207840728,9268982
2022-08-08,695.611572265625,696.7772056774278,678.9830885702253,679.4113005854332,15357736
2022-08-10,697.6336059570312,700.1076293942772,689.4264319121442,695.2784689927662,17353102
2022-08-11,706.8636474609375,709.3852951485574,701.5587670015152,707.2442932517307,18301766
2022-08-12,706.60205078125,708.5765420538914,702.2248562127537,706.5306724309816,8850370
2022-08-16,714.690185546875,717.7113652932203,707.9817250043598,711.193227633282,12563756
2022-08-17,718.3775634765625,719.7335198208827,706.8875075682541,713.6673473682525,12384350
2022-08-18,719.23388671875,720.2806336130777,713.5007942158501,713.6673049713312,8342138
2022-08-19,710.3607177734375,719.3766921051689,708.9095709237445,718.4251356341304,8063702
2022-08-22,699.5604858398438,708.1244936979724,698.2996619561625,706.4355158841008,8234066
2022-08-23,697.395751953125,702.224854519283,690.0687556039791,691.4485240850515,14966884
2022-08-24,700.75,702.0108240071536,694.2556151225797,695.5402512741402,13455520
2022-08-25,696.9437255859375,707.3870925363142,693.2088781122679,704.1042111478314,11823040
2022-08-26,697.0626831054688,705.0082145069019,695.2071363663079,700.3693766981986,7706176
2022-08-29,684.8351440429688,687.9752685076154,679.696716316534,683.6932647617174,8653178
2022-08-30,707.0540161132812,708.8857506834281,686.5955522196366,688.1893976747411,10135400
2022-09-01,700.4169311523438,708.6478596636483,694.1604358278662,696.8961606435004,22403136
2022-09-02,706.7685546875,709.1474458173805,697.1102334688264,700.4169269863984,12038086
2022-09-05,711.312255859375,713.1915566097433,706.1024494680565,707.0540059145005,12131932
2022-09-06,708.6002197265625,716.8312054598297,707.2204513909109,713.1439245702453,12238696
2022-09-07,705.24609375,708.9095628906263,700.0125332185927,700.0125332185927,9776206
2022-09-08,712.5254516601562,713.6673310054442,705.1747013821587,708.957115005129,11164690
2022-09-09,713.001220703125,717.9493257500836,710.8364646739774,711.8593413725353,15128888
2022-09-12,710.5985717773438,715.5704308614794,708.9095358933539,713.6673180134435,11080492
2022-09-13,719.8999633789062,721.2321655343162,712.9774256027366,713.1439363525649,13001966
2022-09-14,727.2984008789062,732.1751277228196,710.0276279466642,710.8364857824491,20219760
2022-09-15,723.5159912109375,733.1505011684942,719.3767434975703,727.9407523487317,13539372
2022-09-16,710.2179565429688,720.66126551467,705.5791187762336,715.1422496335158,20560046
2022-09-19,714.9043579101562,720.3282413563924,704.1517815108724,708.4337855876277,12076038
2022-09-20,723.5159912109375,725.086082731678,718.3776207472818,720.3283000365882,10781668
2022-09-21,722.3978881835938,723.8966012741428,716.046260215304,717.4735949532746,9072304
2022-09-22,707.0064086914062,718.4964638938263,705.4601295337703,714.6188599289989,12048144
2022-09-23,688.0466918945312,701.7728820739941,683.6933095188674,700.5120581617073,15806252
2022-09-26,678.7689819335938,683.4315734554045,674.6534888801062,678.1504470410628,8923486
2022-09-27,672.6790161132812,685.1206280225646,669.4199469637141,681.5047252125689,12639700
2022-09-28,661.11767578125,671.1327728734541,659.3810735917823,668.9442045879215,11816132
2022-09-29,657.6919555664062,667.1361408245764,656.0029778742892,664.3290960250372,14410388
2022-09-30,676.247314453125,681.0526625259786,649.4372252322909,656.0029874440181,15781756
2022-10-03,672.3696899414062,674.5820700585373,666.612785671583,670.823410881251,11541112
2022-10-04,691.3057861328125,693.6846773445566,678.5311519414269,680.1249974376157,11538526
2022-10-06,683.6932983398438,695.8732090884652,682.3610960998901,694.612385196794,12549198
2022-10-07,680.7434692382812,682.7179022981614,675.7715522198919,680.4817679979053,13297994
2022-10-10,673.2261962890625,678.4597568255853,665.2330987837415,669.8957486749116,13109302
2022-10-11,666.3987426757812,674.1777045744228,665.8277739928319,666.6128196328915,14521620
2022-10-12,670.7521362304688,673.154781317214,664.804908671603,667.6119536166724,9225050
2022-10-13,663.0445556640625,669.0631621248118,658.4770960929703,667.0649167119589,14714234
2022-10-14,684.6448974609375,688.4511234370927,673.3451640942263,674.1777760265104,12849920
2022-10-17,688.2369995117188,693.4943139356352,678.9355121855964,682.741737902124,18410500
2022-10-18,686.9523315429688,696.0159293403625,685.1205971177421,693.7084167226932,10561108
2022-10-19,693.993896484375,702.9147379071208,691.4960608860063,696.5392982879862,12967040
2022-10-20,689.3074951171875,691.2581741660115,686.310069157447,687.0237364737285,7898078
2022-10-21,684.4545288085938,693.5181270400092,682.2659606342328,690.8299685083026,10492606
2022-10-24,695.1357421875,696.0634864192448,691.9242394306101,691.9242394306101,2167794
2022-10-25,690.306640625,698.3473042706314,687.4995374722367,695.15955530521,13773394
2022-10-27,691.9718017578125,698.1331060033127,690.4730888639798,696.777149795899,15937276
2022-10-28,694.0177001953125,697.9666828456351,688.6414408936431,689.8784527104095,10474278
2022-10-31,712.0972900390625,712.7158250010643,698.0856436801146,700.3455903882287,12830528
2022-11-01,719.971435546875,727.4649429712023,713.1440292870567,715.3325976175296,19073756
2022-11-02,720.42333984375,727.1080469023468,719.1863281177335,721.7555420584722,12720406
2022-11-03,717.2594604492188,723.3018204573335,712.2399771252283,712.5729986393532,10332352
2022-11-04,712.3114013671875,721.3273757551657,708.7192524352479,715.1898248629977,10818060
2022-11-07,717.8541870117188,719.3766540534899,709.9086560517895,718.4250976327843,9835834
2022-11-09,717.6400756835938,722.2075350382283,715.5704520158496,720.8278246453301,9269790
2022-11-10,725.4428100585938,726.5133110080162,711.3122207575752,712.2875312200129,12774182
2022-11-11,766.5501098632812,778.848965540964,731.746920587662,735.0773682106227,56722338
2022-11-14,768.4055786132812,774.5668828592138,760.2935373519801,766.9544319220225,19195390
2022-11-15,770.284912109375,772.2594032712267,763.7429618057902,772.2594032712267,11030202
2022-11-16,776.898193359375,781.2277631350055,766.9544178889334,770.1183543674908,13578150
2022-11-17,769.8804931640625,776.2559325538957,767.8584358476329,769.8566810231005,12100930
2022-11-18,767.8584594726562,772.1880295383074,763.7429663686802,771.2364731248283,10459232
2022-11-21,759.9842529296875,766.9544147789334,756.5824273774899,764.8847913423234,8344816
2022-11-22,758.8662719726562,763.3147867788856,756.9631590648879,761.2451631073668,8546314
2022-11-23,760.8407592773438,763.6240502748157,758.3904898056425,763.6240502748157,10185738
2022-11-24,773.2109375,776.4700064875321,760.8407045535075,764.0759614001702,17197960
2022-11-25,769.6426391601562,776.3272882169301,767.9536032698281,775.3757317893413,8410496
2022-11-28,761.3640747070312,764.789654561373,758.4142730590366,762.62489856953,16105980
2022-11-29,760.2222290039062,767.1210133009204,757.8433378670048,759.9367736831574,12638236
2022-11-30,765.2654418945312,767.3826897850637,759.8653708037668,759.8653708037668,15184806
2022-12-01,770.5228271484375,778.8489459969078,768.3818251588309,771.712272698219,20446366
2022-12-02,764.6231689453125,770.0946184982037,763.6954246437895,766.0029374047642,7811078
2022-12-05,767.4064331054688,768.1914787599931,759.4371481656741,765.9790984893862,11592622
2022-12-06,766.5501098632812,767.7633095074642,761.2451709624571,761.7209491943087,12353092
2022-12-07,766.217041015625,770.0946452753562,763.3623715844213,767.9774553452396,11674720
2022-12-08,770.5228271484375,773.6153855778693,763.624042959705,766.0029340592679,14803634
2022-12-09,776.01806640625,777.8259887426625,770.7606939967048,773.6153632337297,11963384
2022-12-12,782.0604248046875,786.7468285102717,771.4267935340487,773.1395834571056,14434808
2022-12-13,784.2252197265625,788.3644667794426,782.6551284563568,785.0340194243092,17031702
2022-12-14,790.8623046875,792.4085838213454,785.0340217983908,786.4613563834787,14227640
2022-12-15,776.3749389648438,794.2641887976132,774.114992372287,788.3883392726452,18182648
2022-12-16,780.1097412109375,782.7027091827599,765.527127691136,770.7845000592164,14647958
2022-12-19,782.5362548828125,783.4402451483036,773.7105453598733,782.1794212052554,9604542
2022-12-20,777.1361083984375,778.563442970709,770.8558014334075,770.8558014334075,7174698
2022-12-21,769.618896484375,782.5600999147001,764.3615815944559,780.7521193077339,9269198
2022-12-22,766.9783325195312,774.3290830721751,765.5271856609091,771.8074351770476,9747096
2022-12-23,760.1270751953125,763.2196335862415,754.3225461376087,755.0600256006499,10693152
2022-12-26,775.2567749023438,779.8004800031524,756.4873478981161,761.0072408572559,9907322
2022-12-27,776.0418701171875,778.3493829490614,767.6681847685495,776.9458603824241,7926772
2022-12-28,775.42333984375,776.9458068646685,772.2355910310105,772.2355910310105,8691870
2022-12-29,780.894775390625,781.9414641892139,766.4786728377387,770.8082428004731,11012896
2022-12-30,774.6383666992188,782.6552185685725,770.7607623593237,782.6552185685725,7122640
2023-01-02,774.9000244140625,780.1573973884582,770.0709215653069,774.0912246080327,4381378
2023-01-03,779.9669799804688,781.7035820248698,771.8073722407934,771.8073722407934,8378030
2023-01-04,766.0267333984375,783.011992334071,764.5755866205998,777.8973765554952,10351600
2023-01-05,761.1023559570312,769.8329323054161,756.2018753914019,768.3817855780754,10941436
2023-01-06,758.5807495117188,765.5746655973915,750.8731080704063,762.1966521007631,9092462
2023-01-09,760.0556640625,766.7403709120593,756.4873276115023,759.3419967723005,10729340
2023-01-10,746.1630249023438,761.245171633983,744.5929335044897,761.245171633983,16371766
2023-01-11,756.9155883789062,760.2936021545268,742.2140296377107,745.9964432881596,15195798
2023-01-12,760.959716796875,763.1007188434646,753.7040987500992,755.4407009146792,9250070
2023-01-13,761.554443359375,765.9553920324947,754.5842806019435,760.6504530973249,9244546
2023-01-16,754.251220703125,771.379236289439,751.8723296494702,768.3818103304761,14748094
2023-01-17,765.4795532226562,766.4786758212698,750.5401062123235,756.3922012702491,10786354
2023-01-18,778.9917602539062,781.0375719036577,761.1024514006359,763.6240993838555,19090642
2023-01-19,782.2269287109375,785.0340317127406,776.9458022950942,778.8489150992463,11172162
2023-01-20,790.2437744140625,794.0738121377559,781.893901889608,782.2269233967146,18843404
2023-01-23,796.0245971679688,800.544490649198,790.4580147434995,792.7655276945521,15444400
2023-01-24,806.6819458007812,809.9648270277991,796.9284926076724,796.9523047492571,24983940
2023-01-25,784.3917846679688,805.4687252530821,782.7979392250091,804.7313038491081,14704142
2023-01-27,768.762451171875,778.848925942955,756.4635380410926,776.4700349046442,35179948
2023-01-30,767.9774169921875,773.2823557025902,752.6811357715432,758.8662525635975,18512822
2023-01-31,762.9103393554688,772.0452575120909,758.8662246784987,770.617922920219,18596244
2023-02-01,774.3528442382812,792.1707148637693,764.0998006433714,772.6638083716284,17302790
2023-02-02,762.8389892578125,772.9017101188057,755.8926389358279,765.0989357786277,17497106
2023-02-03,789.220947265625,790.0297470212798,764.5756118417324,766.4787247523528,14411100
2023-02-06,785.86669921875,794.2641966774511,783.2261067846276,789.7918696552898,11167672
2023-02-07,787.0322875976562,792.1231492648297,776.7554899315635,789.5063691236379,10264588
2023-02-08,786.9371948242188,793.6932224795006,785.0340818984045,787.0561393820822,8444826
2023-02-09,785.2957763671875,790.5769030749808,778.1591029570894,789.7918573841906,11777336
2023-02-10,788.412109375,789.078210526246,781.323001987936,784.4631848326102,8172116
2023-02-13,789.0067749023438,790.624432415548,782.4410705182477,787.4129295307549,5736944
2023-02-14,796.3099975585938,798.1179780576838,788.816490462076,792.1707502033047,10908592
2023-02-15,794.6923828125,798.3558518692184,788.2455647105648,798.3558518692184,11438712
2023-02-16,791.81396484375,800.2114627021774,790.2676855072667,796.0721570159358,8062500
2023-02-17,787.8411254882812,793.6694083827431,781.6797630099571,790.2675826694806,8956270
2023-02-20,780.4427490234375,794.2878828551319,777.8022148933969,789.7918021525484,8086706
2023-02-21,783.3688354492188,790.909908584144,777.4216077279219,780.2762770341444,12389296
2023-02-22,768.0011596679688,781.2040049321593,765.5509483609336,779.8004824507473,10359102
2023-02-23,762.7913818359375,770.2135099717891,757.4864434106719,767.4302191806438,27882010
2023-02-24,755.98779296875,769.7616075313193,754.2036246118159,769.7616075313193,17061740
2023-02-27,757.8671875,760.7694232149084,750.4450584013881,754.536739743587,14312972
2023-02-28,761.0548095703125,763.7667802017704,755.8688154896878,757.4389068067632,18993992
2023-03-01,760.3173828125,767.430243737294,759.2230697109651,766.9544655328691,14137256
2023-03-02,753.8467407226562,764.0759719543211,752.6811073718005,758.3904457336599,17391814
2023-03-03,768.81005859375,770.7607377340642,755.5358342726505,759.342060138004,14986234
2023-03-06,774.2339477539062,780.0146068666496,769.8329990647687,770.7607433949033,27004710
2023-03-08,775.7802124023438,780.0384043088711,770.7607288687839,770.7607288687839,20099774
2023-03-09,775.8515014648438,783.1071191453595,774.0911453245354,775.4946678084249,20700166
2023-03-10,755.8450317382812,767.7870526691532,754.1084297323673,766.2169614137479,27387000
2023-03-13,746.281982421875,763.053165400719,744.5691342932316,755.4882797605394,26443550
2023-03-14,744.2836303710938,753.4423609034204,741.8809852602993,747.0907334226546,33185612
2023-03-15,733.6024780273438,753.1093858183018,731.080830130324,750.7780608324833,37264754
2023-03-16,738.3602294921875,741.7858094367496,728.9160434631417,732.2226788529844,21753342
2023-03-17,748.2326049804688,751.3489173731483,732.6984349866635,741.0245535660575,22950876
2023-03-20,743.046630859375,746.0678109235147,735.2676686222923,745.9964325752413,26503114
2023-03-21,751.4678955078125,752.91904232786,740.4060517579719,747.8995588143156,33050494
2023-03-22,749.7313842773438,754.6081113053431,744.7357126876859,753.6327426683836,14177324
2023-03-23,743.7127075195312,756.6538513729607,741.5241394076357,745.9012756314268,28364178
2023-03-24,742.5233154296875,748.8273770549946,739.8113446381769,742.2140479606909,31477748
2023-03-27,745.7584838867188,751.4678220381219,741.6906153008786,743.2606484454799,31872006
2023-03-28,751.82470703125,753.1093430501064,744.164689437191,744.925922960368,39276302
2023-03-29,755.440673828125,762.1967012570981,752.6335707408998,753.6326933778049,39763612
2023-03-31,765.788818359375,767.4064177625456,757.6292106848939,759.1516776802521,34711228
2023-04-03,766.2645874023438,768.7147986189821,762.5534942876963,764.8372528318474,40025398
2023-04-05,786.8182373046875,787.8887383078231,768.8576093631897,770.0946211289116,43365392
2023-04-06,792.81298828125,794.1689445292892,783.654257973682,784.3441712075219,44637344
2023-04-10,789.0543823242188,795.025422342169,786.9371924320452,791.3381410596126,31813286
2023-04-11,791.3619384765625,794.2641740099218,785.5574093314478,789.3160688942424,42361542
2023-04-12,801.6387939453125,803.2088273407127,793.5029973956197,793.5981298153166,26955504
2023-04-13,805.2307739257812,807.4194000611134,798.427180660112,803.2563409012416,35330086
2023-04-17,792.955810546875,818.3385678826725,786.6041826967211,818.3385678826725,32405148
2023-04-18,789.6015014648438,797.998998441978,788.0790344323683,794.5496064379807,29637226
2023-04-19,792.5037841796875,794.6924105271935,788.4359151104361,792.1707626459703,24741168
2023-04-20,795.45361328125,798.0941475407644,792.8368330855681,795.3584227907332,32922716
2023-04-21,796.7381591796875,797.8562263299046,791.3380882451886,794.0738128851464,20128618
2023-04-24,803.1849975585938,804.7550308059866,796.5002904706485,802.6378410009165,35675852
2023-04-25,791.7662963867188,802.9708380540344,790.6957954458571,802.9708380540344,50353068
2023-04-26,795.406005859375,796.928472844796,787.4129089899328,789.7917999536486,27392750
2023-04-27,799.7831420898438,801.8051994092262,792.575090853308,794.7874710654872,47790392
2023-04-28,802.92333984375,804.5409974626069,794.5496545018058,801.5435713430073,27916272
2023-05-02,802.7567749023438,808.3471688007598,800.2589393307111,803.4466300669609,32221184
2023-05-03,805.5639038085938,806.9198601182311,799.1408978465677,801.6624875623996,29407270
2023-05-04,822.0496215820312,825.2135002431904,802.6854134204482,802.6854134204482,56854638
2023-05-05,773.4488525390625,790.2437883711976,771.7598166756635,779.8004799762715,62770416
2023-05-08,782.3934326171875,785.2005355944195,775.5184609037234,777.8973518880907,37244524
2023-05-09,782.4172973632812,787.8887469951923,780.2524831906011,784.9865114148145,43688938
2023-05-10,786.0331420898438,787.2463997149719,776.9933564107656,782.417239433891,46340550
2023-05-11,786.5565185546875,803.1136235995916,784.6772178445655,792.2421030474682,35734618
2023-05-12,793.5029296875,795.8818207609385,782.2983295002466,783.6067195906378,22478760
2023-05-15,797.3092041015625,799.6642831767476,792.2183420464368,795.5012235439667,18512260
2023-05-16,792.7374267578125,804.5276692029475,791.1493297878379,804.5276692029475,32722086
2023-05-17,788.4784545898438,794.0367352342563,782.1742958953552,794.0367352342563,30466868
2023-05-18,791.6305541992188,795.9375783975454,789.2243823019567,793.074257337576,49646942
2023-05-19,792.544921875,794.0367367223799,785.1579858004387,793.0742679505952,30460332
2023-05-22,789.729736328125,795.4323522243677,785.7113820889637,791.6305887120614,28334032
2023-05-23,787.876953125,793.84427156221,786.0723240861927,793.5555426648878,22470074
2023-05-24,777.5785522460938,786.6979204550794,776.5198013395467,783.2330563386749,33588112
2023-05-25,774.5948486328125,779.6237831656224,768.6997274600517,777.5303666107704,29776930
2023-05-26,777.5785522460938,779.1184787990662,771.0578027521951,779.1184787990662,26635066
2023-05-29,787.058837890625,789.7056270122382,781.9336799335239,783.69019719039,21816292
2023-05-30,787.660400390625,790.49969508578,783.714301827483,786.1445002890696,37125928
2023-05-31,775.1964111328125,786.7941482689549,772.2127813904538,784.3639498280878,43334270
2023-06-01,771.8999633789062,779.5516019468231,769.9750258143704,779.5516019468231,50366938
2023-06-02,773.10302734375,777.0972961742041,770.4562382678766,775.9663483916953,17859710
2023-06-05,772.0924682617188,777.9153926408585,771.1540259531047,776.9529238593666,18697242
2023-06-06,769.686279296875,774.7151550712524,766.245441730202,773.6564629327828,32182852
2023-06-07,773.6804809570312,776.0145146706237,768.050062268997,771.6352348638964,24949026
2023-06-08,774.1617431640625,782.4871216461395,771.5390392245838,771.5390392245838,37395522
2023-06-09,775.0761108398438,778.877874338669,773.3436787533154,777.626676650867,18212578
2023-06-12,770.3599853515625,777.5785007362495,769.7102719713978,776.0144890695673,13408292
2023-06-13,771.6593627929688,774.3061520011767,765.2108100640846,765.2108100640846,27926108
2023-06-14,770.8171997070312,775.7498523038767,770.0712628897348,775.0039154865802,20113968
2023-06-15,761.3369140625,772.8383693484842,759.869125629217,771.8999857563421,35377476
2023-06-16,771.2984619140625,774.4024004062092,762.2753165945251,763.7912167570945,15779272
2023-06-19,771.97216796875,776.8326236186855,769.1809849746234,775.2686118319358,24829146
2023-06-20,773.5842895507812,775.2686099323848,765.4755017482336,771.9721660772758,20005626
2023-06-21,787.10693359375,787.9009820629927,775.2685796936823,777.6747515735509,24308946
2023-06-22,790.9568481445312,797.6701032716447,788.7672668710435,789.224416053301,56596140
2023-06-23,790.90869140625,798.8009468661568,786.3610500827327,788.045370386914,21339218
2023-06-26,787.0829467773438,794.3976861629119,783.7864441402909,791.6305883616478,16130314
2023-06-27,798.1753540039062,805.0570293347103,788.5266396525052,790.6440239901992,33831864
2023-06-28,806.6210327148438,808.4256616732439,799.0897027795676,803.6614294741811,59562950
2023-06-30,818.772216796875,822.3333630922264,810.0378007211863,820.0234144832326,40699016
2023-07-03,827.626953125,845.7694666937145,822.9108324587493,824.1139184711159,44104116
2023-07-04,831.6692504882812,840.7164805309784,824.7395222579279,829.3833871325158,38795188
2023-07-05,805.2495727539062,827.7231965102176,802.9637092751716,825.9185674480586,37165754
2023-07-06,806.0675659179688,812.2514157941849,799.0415558982563,805.1050971825443,52156544
2023-07-07,799.0416259765625,806.0676366124768,797.068576644786,801.2552925132978,19926336
2023-07-10,797.1406860351562,806.9097677016144,793.8923538854704,799.3303260190139,38398442
2023-07-11,793.2667846679688,806.548842157475,791.8711931802655,800.2927950524349,50670426
2023-07-12,785.8317260742188,801.8809410468804,783.0406016726871,796.6113888781981,70958358
2023-07-13,789.7537231445312,797.6218934476269,788.2859935435723,797.2609676654259,41913546
2023-07-14,791.3899536132812,795.7691748092905,786.818226912566,795.7691748092905,24727214
2023-07-17,807.9444580078125,809.4362729212656,785.8557869681491,794.0367718906589,49252928
2023-07-18,807.2706909179688,820.0234022797132,803.6614329853996,817.1359959336578,81076818
2023-07-19,810.9280395507812,812.6845567813858,806.0675840762821,809.0031020365692,32935134
2023-07-20,812.6846313476562,814.2486432214563,808.4738301489637,809.0272614839648,56210948
2023-07-21,806.4285278320312,813.1898944991552,805.2254418588371,808.4737739864613,42154248
2023-07-24,807.7037963867188,810.7115112663579,803.7095275287853,807.7519080759067,32179444
2023-07-25,816.4622802734375,817.6172545950307,807.7038375948548,810.7115526279442,55992596
2023-07-26,813.6229858398438,817.9059837974636,812.3236764428333,817.9059837974636,24794358
2023-07-27,805.1773071289062,819.5421414889126,802.4342359418563,818.0503266737262,59741302
2023-07-28,790.90869140625,803.1320562197657,789.7537171630682,799.5709101134679,41015684
2023-07-31,794.6141967773438,797.3091563416519,788.598766936356,794.0608242275185,34565006
2023-08-01,799.931884765625,802.4342801583801,794.036763340822,796.1782329320584,35394188
2023-08-02,789.4650268554688,794.7586052129269,785.927965792781,790.1868784496676,28116322
2023-08-03,783.7623901367188,794.6863871402226,781.0434041220963,789.2243886384707,57673946
2023-08-04,795.095458984375,797.1647904198518,784.0511529076629,786.8904476408402,37388304
2023-08-07,794.6382446289062,800.3408601011272,792.8577009774716,800.3408601011272,28300918
2023-08-08,793.9886474609375,796.7316600402346,790.2109691738586,794.8548341333523,43773828
2023-08-09,794.27734375,796.2022812689336,784.9413850342855,795.4804296993335,33361236
2023-08-10,787.2272338867188,796.0819580601517,784.8932589367431,792.6170940874488,50781118
2023-08-11,779.0222778320312,788.4544604153358,777.7710213842545,788.4544604153358,28225822
2023-08-14,775.220458984375,777.1935081540224,770.0953011910058,775.2685706725264,31304410
2023-08-16,772.9586791992188,774.6189731461063,760.97598948878,761.8421761726726,34137542
2023-08-17,768.6757202148438,774.7392618238957,767.087623218563,768.8200552862303,52884040
2023-08-18,765.5236206054688,768.1944950190746,762.997140009411,763.983694025645,25633366
2023-08-21,764.9220581054688,770.2156363622539,763.7189721380175,770.2156363622539,21837270
2023-08-22,761.649658203125,769.012567990166,760.3503488263217,768.2185194845936,32273570
2023-08-23,763.5264892578125,765.427400389369,757.102021750151,760.3503539585181,36498588
2023-08-24,760.0134887695312,768.1463028916282,758.4975887058181,766.7507701687617,43145792
2023-08-25,751.447509765625,759.1472601058427,749.9556948860944,757.7276421346384,30069756
2023-08-28,759.267578125,761.6256384448344,751.4475190886943,751.4475190886943,28867238
2023-08-29,765.3070678710938,766.4379569297766,761.0480965576812,765.0182802438285,35538932
2023-08-30,759.7246704101562,771.8758381565142,757.3184985791943,771.8758381565142,28084204
2023-08-31,756.2357788085938,761.86625656821,752.2174832939608,759.8691220476337,100075772
2023-09-01,757.7997436523438,759.8690749539804,750.4128077758064,756.0191999700463,43226776
2023-09-04,762.5399780273438,765.8604483308758,757.8960544036598,765.1626819614512,25073638
2023-09-05,757.8960571289062,764.3927214330718,755.8267257416583,764.3927214330718,38712082
2023-09-06,767.8094482421875,769.9750029379505,757.8960318282476,758.8103888931225,56320910
2023-09-07,775.1964111328125,776.7123112214435,763.7911795029845,767.8094749404047,34208342
2023-09-08,781.2359008789062,785.8076274692322,773.6323742098549,773.9692735210638,34502210
2023-09-11,785.2783203125,787.540098503064,781.5246684808897,783.8827287984687,31573022
2023-09-12,787.7326049804688,790.6200113946599,782.029989061328,789.2244198789141,39033340
2023-09-13,791.1012573242188,794.80673877865,783.7383473629723,785.0377155149517,46420094
2023-09-14,790.6199951171875,794.0367475547487,786.8663433582466,791.2696497981185,23538848
2023-09-15,799.6912231445312,803.6614067407054,794.0367192348286,794.0367192348286,173411202
2023-09-18,783.9548950195312,796.4429037589457,782.5352183432113,795.8413607802759,37056288
2023-09-20,752.5062255859375,769.4938238056243,750.9181872750258,769.4938238056243,115474648
2023-09-21,747.5254516601562,755.0326966333096,739.6813661010954,747.3570313672025,72841442
2023-09-22,736.1202392578125,752.8431352836584,733.2809444426666,750.2444576775175,61704250
2023-09-25,736.7698364257812,741.4377864181002,733.8824301432504,733.8824301432504,40208754
2023-09-26,739.9700927734375,741.1009818735135,733.8824658163039,733.8824658163039,27575308
2023-09-27,734.772705078125,737.4916910877917,729.0700893951089,732.9199644546211,39338538
2023-09-28,733.2568359375,739.9460058842934,730.6822436317968,738.2135737833627,55354188
2023-09-29,734.508056640625,738.9113042157786,732.5831191233798,733.2568002588707,32053782
2023-10-03,725.7255249023438,734.8448928382883,724.7389709328502,734.8448928382883,38971694
2023-10-04,736.0720825195312,738.6947864394098,716.6783131627953,719.4454108970147,54649430
2023-10-05,739.0557250976562,746.6592520670513,737.5398249984147,738.718884517573,48512674
2023-10-06,738.2376708984375,743.5071641954468,736.2164511277501,743.0259297849643,17759356
2023-10-09,729.671630859375,736.2886036041838,727.6263847382522,735.3261348413025,16454972
2023-10-10,733.8102416992188,735.8073761498854,729.1663181257107,731.7409690862019,33266292
2023-10-11,740.908447265625,742.13561844493,735.5667573419594,736.3367206089364,31333360
2023-10-12,745.8411254882812,746.8757912004935,737.0585976600538,739.224152467014,22025336
2023-10-13,739.0557250976562,745.3358574754715,736.2645420976421,741.1009712846432,39745300
2023-10-16,736.0961303710938,738.4301054745094,731.7169090568975,737.0104874848001,17856084
2023-10-17,741.6784057617188,748.6803895149582,738.6947760922133,748.6803895149582,32902558
2023-10-18,731.35595703125,741.6784110977611,730.5619085466495,741.6784110977611,31216200
2023-10-19,729.0460205078125,734.4839926489489,723.3915163875012,724.4502672992404,30252364
2023-10-20,732.82373046875,734.8448913479663,724.2577350875503,724.2577350875503,21094010
2023-10-23,724.7630615234375,735.6870584520669,721.8996817156735,733.1605779569741,22376136
2023-10-25,720.1672973632812,732.8237858932332,717.7370400855643,731.9575404540934,28311996
2023-10-26,704.2384033203125,718.0016948370699,702.7225032746859,717.6407690521316,55561798
2023-10-27,707.0055541992188,711.2644670330396,705.922776762937,707.1739744959755,31940532
2023-10-30,714.6812133789062,717.0151885277836,703.5165985203644,704.166253227556,23310982
2023-10-31,710.5426025390625,723.7765487428039,709.3395165205405,723.7765487428039,32634824
2023-11-01,709.5801391601562,710.9997571751137,703.6850176242377,703.6850176242377,33877466
2023-11-02,710.662841796875,717.2798142530843,706.0430036854256,714.6330252706006,45225154
2023-11-03,714.031494140625,717.7129488079108,713.0209137158325,716.0767402064027,18095340
2023-11-06,719.2047729492188,720.8890932605752,713.6705776404759,720.8890932605752,25593730
2023-11-07,715.7158203125,718.9641523260211,710.8793913723741,718.9641523260211,41952848
2023-11-08,717.78515625,718.6994545678739,712.7081100908781,714.1277280007819,31399546
2023-11-09,714.9458618164062,718.2904172288546,713.9111961600419,715.1142820989701,22116740
2023-11-10,717.7610473632812,719.9266019815412,712.2509374434801,712.2749639148036,14015186
2023-11-13,716.4617919921875,719.9025709267424,715.0662004954276,718.0498302517283,20605914
2023-11-15,723.9690551757812,727.1211053016585,722.116314453787,723.824661355601,41245460
2023-11-16,725.869873046875,730.9950309972894,723.6562066242093,726.5195277179007,29713838
2023-11-17,724.3058471679688,725.4608214186159,716.5579854675416,717.0392198432753,23701874
2023-11-20,724.3539428710938,728.1075944167509,722.5974844339729,728.1075944167509,19331452
2023-11-21,730.48974609375,732.4387689438382,727.6745365559605,730.9950657199016,24959972
2023-11-22,727.89111328125,731.4762860539383,723.5600036927727,731.4762860539383,29123650
2023-11-23,732.1019287109375,733.3290412052178,725.942104788048,725.942104788048,13046220
2023-11-24,737.2991943359375,737.8045139412679,731.4040730810983,732.0537277562146,16469192
2023-11-28,735.6389770507812,739.7775811404424,734.2674707601492,738.7910271230152,28489338
2023-11-29,750.3165893554688,752.1693299548399,737.7322986697183,738.165421357158,34042488
2023-11-30,750.148193359375,756.7169958112313,742.1356289878328,755.1289575651123,69491440
2023-12-01,748.511962890625,753.4927269513807,746.9238659463001,749.7150488349829,22153536
2023-12-04,774.4986572265625,775.7498549210968,757.294527379522,764.2002292895172,50662456
2023-12-05,781.3802490234375,788.743158626756,777.91538494213,787.5400726617975,52230820
2023-12-06,783.3533935546875,788.4784930090145,777.9876181517063,788.4784930090145,38613060
2023-12-07,784.6285400390625,786.3369455176097,777.7709503979206,782.0058362705728,20450386
2023-12-08,795.5767211914062,796.442966646863,784.6286381151427,784.6286381151427,33728038
2023-12-11,794.5180053710938,800.629658837713,792.5930677445133,794.0608561825546,23187620
2023-12-12,786.625732421875,797.0444688503757,785.3023378320858,796.057914840214,36581476
2023-12-13,784.8451538085938,787.299437371808,777.2416271870596,785.591031843064,29346914
2023-12-14,794.1089477539062,798.3437751784244,791.6305788735917,792.1118132680438,35172366
2023-12-15,797.1888427734375,802.6989529756476,792.4005254032128,794.0367340586441,138837130
2023-12-18,796.77978515625,801.1108948245994,794.4939217201767,799.1859571942219,18014754
2023-12-19,795.4323120117188,798.1994096743185,791.1733995320816,794.0367205721301,24008446
2023-12-20,797.4053955078125,803.1561230518729,791.3658803301219,797.8866299046186,34232520
2023-12-21,811.697998046875,813.1657863906253,794.1570285492702,797.4053605854511,36589240
2023-12-22,804.0704345703125,811.3130353294209,802.2658056845975,810.2061727817437,48578850
2023-12-26,809.6527709960938,811.3370913507721,802.9636600116312,805.2254381329979,18045856
2023-12-27,819.6865844726562,821.2265110688882,807.8000594378906,809.1956509594698,27009078
2023-12-28,820.6249389648438,828.396886068829,819.0609272060777,822.5739617312327,44076470
2023-12-29,822.5498657226562,825.2688517241872,816.1735101744187,816.6547445554177,25011426
2024-01-01,817.18408203125,822.501745383136,814.248564086915,820.9858453500456,14239686
2024-01-02,817.6653442382812,819.4459467365167,812.6604948092896,817.5210091672456,29242092
2024-01-03,805.0570068359375,820.3602248882017,803.1560957864252,819.0609155587073,28389762
2024-01-04,813.6951293945312,815.6681785787191,803.9982450111478,807.5112794385394,26734056
2024-01-05,809.532470703125,820.4565266478944,802.7470775249917,811.9146161901213,31889470
2024-01-08,800.5093383789062,809.6046802786657,798.8491031983458,807.7519395894117,17998470
2024-01-09,794.27734375,807.4150658144946,792.4727148259997,802.2899079214475,25326888
2024-01-10,796.9000244140625,798.8249618769372,789.8980996395135,790.6680628757774,16115824
2024-01-11,793.5555419921875,800.24471203925,790.6681355325434,798.849120501535,18314010
2024-01-12,789.8018188476562,796.9241109700396,786.1444494109309,794.9991735039283,19773552
2024-01-15,805.0089111328125,808.9068979431344,790.9568316974018,792.9298809476207,28320356
2024-01-16,808.064697265625,810.2302519122172,797.9346903654607,805.1050941663964,25322500
2024-01-17,739.8978881835938,768.43511153131,735.5186669032313,755.5380061451982,170145236
2024-01-18,715.1864624023438,729.0700620664056,712.250944528388,718.964140414,161070930
2024-01-19,707.7273559570312,726.7842257439573,706.6445785970419,724.7148944026496,109600538
2024-01-23,686.889892578125,709.6763291214472,685.7590035141985,705.0083790514392,115469402
2024-01-24,700.629150390625,701.8562628213728,664.2237575453395,664.2237575453395,86004404
2024-01-25,690.5232543945312,701.3269432093891,683.0641211720018,698.9929681112263,98941852
2024-01-29,700.027587890625,703.9496597540094,695.7686754660986,696.851452798322,65645498
2024-01-30,695.046875,704.1421582636731,693.4106662732639,699.97952765381,41728768
2024-01-31,703.8294067382812,709.7966664004084,691.4376207354485,692.7369301389425,65761040
2024-02-01,705.6580200195312,709.1469692678833,700.7013411616346,705.0324505733819,32690740
2024-02-02,695.9371337890625,712.6359438388424,693.9640845135984,709.820734370058,44867754
2024-02-05,695.3115234375,698.7042495155168,690.1142270718738,695.8649547562138,38605046
2024-02-06,694.9505615234375,697.6454623223838,689.41636611271,695.6483866262317,41075740
2024-02-07,688.14111328125,699.6186008251939,686.5530749929122,699.2335898037843,54837086
2024-02-08,675.1959228515625,692.4721901618519,673.9687516802558,688.0929690365573,69106124
2024-02-09,675.4605712890625,680.5616440230789,667.4720922439691,669.9504610765299,56642124
2024-02-12,668.915771484375,680.2969760358549,665.7155511884596,673.5596948842136,34447812
2024-02-13,671.0573120117188,675.8215445082441,666.1968561291771,669.8542259643353,57580994
2024-02-14,666.052490234375,669.6376629919304,656.1871851022624,662.17852984326,91320810
2024-02-15,680.489501953125,681.1872683098557,666.1968055487108,666.5096196461675,41584944
2024-02-16,683.3047485351562,687.0583416756585,677.7945793099035,685.2296861695988,32175742
2024-02-19,681.957275390625,687.6839766582194,681.0429182563981,687.6839766582194,34451756
2024-02-20,699.8591918945312,701.2788098371561,679.4067304650722,680.9466570043411,56133508
2024-02-21,692.5684814453125,704.5271442417869,690.5713469856314,704.5271442417869,45893136
2024-02-22,683.1362915039062,687.5877095441703,679.5991717952865,682.2700461172175,50560882
2024-02-23,683.6416015625,690.0420428112537,682.3904038262332,684.5800439230268,29833452
2024-02-26,684.459716796875,690.4991733247373,680.2489157588611,680.2489157588611,23506870
2024-02-27,683.425048828125,686.577098919541,680.0082963174177,680.2489135187975,32087150
2024-02-28,678.2517700195312,685.3740038394285,675.6530925301441,683.425039780713,25321986
2024-02-29,675.3643798828125,678.7330207385468,672.4288617431309,674.738751654688,53295700
2024-03-01,688.526123046875,689.4885918542094,673.7281651341079,673.7281651341079,34738898
2024-03-04,689.4644775390625,691.533808885274,685.4221557144016,688.6223173681863,35616474
2024-03-05,693.3865356445312,694.4212012969435,684.1468591666268,684.3152794485474,37991672
2024-03-06,694.2286987304688,699.1613510820655,689.8735628764491,689.8735628764491,42409530
2024-03-07,695.9130249023438,698.2951703290893,693.6512468149832,695.6242960233407,49348046
2024-03-11,687.1065063476562,695.840863795116,684.7965577079303,688.1651985399441,50531094
2024-03-12,702.3856811523438,704.5271507014432,687.8042555601351,690.0901189247743,65418454
2024-03-13,702.7947387695312,708.1845406227786,697.8380008864435,705.2490224929844,63067454
2024-03-14,700.41259765625,705.4896441731416,695.046880987043,703.612818227614,52432158
2024-03-15,699.065185546875,702.2654061593952,694.0603358759151,697.7899025966905,143613804
2024-03-18,695.8890380859375,700.6772969401932,690.9563854117363,696.346187275041,21437856
2024-03-19,697.47705078125,698.9448391672258,690.8119662345265,690.8119662345265,36183594
2024-03-20,688.6704711914062,698.5838875005817,685.5905594633167,697.3326898829163,43606094
2024-03-21,695.74462890625,698.3914180876329,692.1594561492409,694.2287288080258,28922860
2024-03-22,694.3489990234375,698.150762295421,691.8947154852605,693.4587271878006,45980326
2024-03-26,685.9515380859375,691.9909946700119,684.3875262572611,686.817724775159,56844290
2024-03-27,693.3143920898438,696.8033415678824,683.954406298259,685.06126894079,62168668
2024-03-28,696.779296875,702.8428385431926,693.3143739614376,693.3143739614376,55592142
2024-04-01,707.6551513671875,709.2432483090345,700.484747401116,701.6397216547837,25199570
2024-04-02,712.299072265625,719.373194083933,704.166199575123,705.0805566369718,41225446
2024-04-03,713.3338012695312,719.7582690006772,708.088334364662,708.4251749594738,45584386
2024-04-04,735.1336669921875,736.2886413156872,723.7765467573814,723.7765467573814,88935066
2024-04-05,745.69677734375,748.0788640918789,736.3608183684997,740.6197309986502,59055902
2024-04-08,744.277099609375,749.4022576378203,741.8469011741781,748.2953950374196,20482940
2024-04-09,745.2155151367188,748.247256453507,741.245331541729,748.247256453507,21884494
2024-04-10,739.344482421875,745.8652322489452,737.7082736604708,745.8652322489452,27807400
2024-04-12,730.9710083007812,736.2164752961245,728.3242189562393,731.9575623724307,41084208
2024-04-15,719.301025390625,726.6639351184058,718.0258012417582,720.672590409408,23415248
2024-04-16,726.302978515625,728.0594957285375,713.3096504255658,715.5955137006688,20744886
2024-04-18,719.301025390625,730.9228477574649,717.54456684764,726.5677117373554,34234884
2024-04-19,736.9142456054688,738.670704135093,712.3472064748362,715.379006632492,34576434
2024-04-22,727.7225952148438,749.4744241169775,725.8458281560438,749.4744241169775,42298438
2024-04-23,725.5089111328125,734.6042523075832,723.4155534106612,734.5080289331231,26827060
2024-04-24,727.4819946289062,732.3184236847745,726.2067705071428,729.0700915935163,22441580
2024-04-25,727.02490234375,731.3319269187715,724.8593474468134,724.8593474468134,35445204
2024-04-26,726.5676879882812,735.3261301771742,724.5224418801314,731.3800317721633,24854694
2024-04-29,736.0479736328125,738.4300602818089,725.0036682682943,729.0700752230865,36093350
2024-04-30,731.5243530273438,740.8603115406918,729.0219578047444,735.9035740391075,52307382
2024-05-02,737.3713989257812,739.6572622933111,731.6446978982412,732.4387463958486,33475006
2024-05-03,731.2838134765625,741.3897363047637,725.3164949148327,737.8526750637805,31865242
2024-05-06,732.7515869140625,738.4542029297355,730.1047976562498,732.438772798343,28793396
2024-05-07,724.8112182617188,733.4253259483143,723.848749441863,732.4146866919178,28480602
2024-05-08,713.5021362304688,720.3837523378645,712.3952737037237,719.9025179774412,41687862
2024-05-09,696.5867919921875,715.4752421377442,695.5280998130124,709.7966527363385,46281278
2024-05-10,711.1268310546875,718.0753530118417,705.6372348872289,711.6708342116414,27276608
2024-05-13,719.7074584960938,721.9577275757179,707.3682274722066,708.2089541772247,27047202
2024-05-14,722.5264282226562,724.776697320093,717.2594196607425,718.22378620478,25665142
2024-05-15,711.423583984375,721.9082174518683,710.0882979647168,721.9082174518683,38931996
2024-05-16,722.1802368164062,723.317747384723,709.939893819518,715.157518720131,34945236
2024-05-17,724.0842895507812,726.0130829762145,715.2316656337492,715.2316656337492,20920190
2024-05-21,721.463134765625,726.8537828670411,717.1604326104932,717.1604326104932,43769978
2024-05-22,721.6609497070312,724.8261414911259,716.1961053367776,720.9933066861782,39996278
2024-05-23,738.17919921875,739.6876292323841,720.5976523236648,721.3889351295842,40861920
2024-05-24,750.3453979492188,751.6807443746101,734.9151708654554,735.657009867002,31060206
2024-05-27,755.5382690429688,764.0941696541679,751.2603791083815,753.386948018145,29385440
2024-05-28,756.9230346679688,759.667863025721,754.1040707094749,756.7251988669668,27908904
2024-05-29,745.94384765625,753.6342088715186,742.4571802964618,750.7410489192533,35147706
2024-05-30,749.1831665039062,753.5105605116023,740.6767704314677,741.4433011473677,33755350
2024-05-31,757.4423217773438,759.6430865189203,748.7627818943004,751.2355783998958,74079588
2024-06-03,777.546142578125,790.8003565676889,766.566949768554,790.8003565676889,72637256
2024-06-04,733.5056762695312,771.017989064166,719.0892598456045,770.0288704123839,89531240
2024-06-05,767.4571533203125,771.3146796750631,733.109973380096,738.8963534687351,81631650
2024-06-06,771.3641357421875,774.2078517897421,764.8854208210912,773.935880390408,46422870
2024-06-07,778.1148681640625,783.5550205030976,767.5807912210815,772.0318249530194,36712216
2024-06-10,772.155517578125,781.7252286819569,770.3256118072627,778.4363970142696,22454058
2024-06-11,773.886474609375,776.9527183500663,767.6549786669818,769.5343282958008,29545326
2024-06-12,778.5105590820312,785.5085854751742,774.6777243843782,778.9309224262815,39280436
2024-06-13,781.774658203125,784.2227027297831,778.4363827371303,782.2692175314205,24120192
2024-06-14,789.7617797851562,790.8003422692817,780.2662047435571,783.3819525669433,25540554
2024-06-18,795.1524658203125,796.4877517804514,786.0772543784135,789.7617573819961,32415714
2024-06-19,819.9051513671875,825.8646152836459,793.2731442289646,797.9220138815658,90131196
2024-06-20,825.5925903320312,831.5767460411671,817.0119981879759,825.8151782490594,41408742
2024-06-21,823.8121948242188,827.3235539541299,812.6351661642008,827.3235539541299,51630776
2024-06-24,827.1010131835938,828.4362991900541,813.9209953215626,814.5391944673332,28544994
2024-06-25,846.3640747070312,849.1335948068291,826.4580622064062,826.4580622064062,74521548
2024-06-26,841.49267578125,846.1415454236824,836.3492468230486,844.6825592195571,47596666
2024-06-27,838.8468017578125,847.1801142163279,834.1237361086692,838.8220496434358,55074650
2024-06-28,832.739013671875,844.0149300333846,830.3651047689197,839.5638961186019,26476046
2024-07-01,843.322509765625,844.3611326115878,830.8596393241663,830.8596393241663,21187024
2024-07-02,855.8843383789062,858.0109675815969,842.1108735317405,848.1692251398825,45921690
2024-07-03,874.7023315429688,887.2393979176026,872.7240943123832,885.7557199946634,123217802
2024-07-04,854.1781616210938,870.3007837565597,853.0406510100436,870.3007837565597,45848658
2024-07-05,815.0831909179688,833.3324416247847,812.1652788997987,833.3324416247847,82242548
2024-07-08,808.777587890625,818.4709386802197,804.7222255347881,813.6984894445985,39087800
2024-07-09,809.3463134765625,814.3907943067477,801.3591685195946,803.6588813928593,48550878
2024-07-10,804.202880859375,811.077267333538,801.5570006285559,806.1069221261695,45507182
2024-07-11,802.1257934570312,804.079278672004,791.7894913335649,803.1396038660503,44177074
2024-07-12,802.5213623046875,810.2859796373648,796.8092385386732,802.1751949386293,56049960
2024-07-15,802.2246704101562,806.0328134419176,798.8121989874908,802.9170655405684,33375694
2024-07-16,801.0624389648438,804.6479939470911,799.6035131549537,801.5569982727399,28950324
2024-07-18,798.6144409179688,803.1396105512065,790.8745752257059,795.2514132805662,33717064
2024-07-19,794.9052124023438,802.669769511693,793.0258628539739,799.2078543012296,26002152
2024-07-22,812.3384399414062,816.5174420713196,797.5511041131565,799.7024250934729,53744822
2024-07-23,800.3948364257812,814.9348928869933,793.7677292908329,814.8112530537705,52002152
2024-07-24,793.2979125976562,801.6806690416364,785.3849633659066,795.3255937640898,61728206
2024-07-25,799.5045776367188,803.6588879625425,787.8329898611263,787.8329898611263,25535732
2024-07-26,800.2711791992188,802.0515806847299,789.5392056861182,793.7677120388416,43810540
2024-07-29,793.79248046875,807.0466343519869,790.4542049756736,798.7133216768059,51001148
2024-07-30,798.9853515625,808.4808665718746,790.8003704838217,792.2840484772247,54595834
2024-07-31,799.084228515625,805.0931363821619,795.8448407919288,798.218749697799,37820484
2024-08-01,810.4838256835938,816.0476179506617,800.1722157184867,802.6203205386024,26215174
2024-08-02,820.548095703125,826.161331827813,806.6262389770505,806.6262389770505,44119238
2024-08-05,799.084228515625,814.0446480809028,791.7894784796631,811.1267359923157,41333634
2024-08-06,791.8883666992188,807.5906252611799,787.9813963302171,806.1316994014651,45116050
2024-08-07,802.9170532226562,806.1316887914566,792.3829155949526,799.702417653856,42346264
2024-08-08,812.41259765625,817.6549749182574,800.8152053674972,803.1643622151092,33976950
2024-08-09,816.1217651367188,822.229621031195,813.9457524270708,817.0119960604917,26644618
2024-08-12,821.0178833007812,828.8566361453758,814.7122522146834,817.0119650379326,39316196
2024-08-13,792.8775024414062,807.3186712590878,791.863692026346,805.1425981089152,54055042
2024-08-14,795.1524658203125,798.0703173903204,792.8774447459896,794.5095145826111,32334428
2024-08-16,807.1702270507812,808.1840977712124,796.7350378226504,805.3898256326419,27849246
2024-08-19,806.8982543945312,809.9150540665227,803.0159155718857,809.9150540665227,19502164
2024-08-20,809.9397583007812,814.0446247245275,804.8705253703886,804.8705253703886,31134494
2024-08-21,804.0545654296875,808.3819594733652,800.098090875468,805.1920156414193,47630904
2024-08-22,806.774658203125,810.2365735089444,805.1425882676912,807.1208255853022,21300638
2024-08-23,803.6836547851562,808.1099365929986,802.6697840210751,808.1099365929986,20333422
2024-08-26,811.0525512695312,815.0090259201874,807.2197164517081,807.2197164517081,22364266
2024-08-27,809.9645385742188,814.7370481585668,807.2197101583209,812.7588108486618,35773244
2024-08-28,809.64306640625,810.9536607038799,806.2305949578401,809.9645420446893,26921188
2024-08-29,810.3601684570312,813.2533282995886,806.7004175479549,812.0663739005627,49052604
2024-08-30,809.544189453125,821.957616716824,801.7548799084259,818.9902606997957,445342100
2024-09-02,804.6232299804688,814.4402803944014,802.7686326031779,814.4402803944014,34049680
2024-09-03,809.7666625976562,811.0525047111033,803.4610314851475,808.1099010070027,37282860
2024-09-04,811.967529296875,813.4512072816755,807.1208237314554,810.5827390293232,24682744
2024-09-05,813.7725830078125,815.9734081342709,812.0663775565996,814.0446147735462,22876318
2024-09-06,809.56884765625,814.9101124140132,808.1593656807601,810.236551029228,26029602
2024-09-09,814.2919311523438,815.2810498054289,806.1811461228432,810.0881768767318,23792914
2024-09-10,816.1959838867188,818.0011375280176,810.0881881928009,818.0011375280176,26606646
2024-09-11,813.006103515625,817.2593017257441,810.6816384167022,816.2207391956355,22226684
2024-09-12,824.2325439453125,825.9140576938613,814.5639455404247,818.0011086381118,32424046
2024-09-13,823.9110717773438,827.8922984361488,819.5095421433984,827.8922984361488,23860532
2024-09-16,826.3838500976562,829.7716296482926,822.9714391752782,824.4303649829031,15172820
2024-09-17,825.3206176757812,829.8705392730935,823.0209047627114,829.8705392730935,20127122
2024-09-18,838.1791381835938,840.206819269378,826.4580463776546,826.8289658581398,40917342
2024-09-19,844.95458984375,850.1474626522718,840.3304723217923,840.355164064941,30651776
2024-09-20,861.1266479492188,862.9812453650045,844.4847754350426,848.9110571189807,60623386
2024-09-23,870.3255004882812,873.5648277558596,860.6568418004725,864.9842357759095,26965350
2024-09-24,874.4056396484375,881.131634401418,867.5806968077446,872.8972095571721,33039036
2024-09-25,879.8704833984375,884.2720734669664,870.4986083342028,870.4986083342028,31965312
2024-09-26,882.0217895507812,884.2720585910137,874.405624367555,876.8784209519819,31899644
2024-09-27,866.7894287109375,879.4253834705961,865.4788344017837,878.8319364182684,35613502
2024-09-30,856.6015014648438,866.1959040556759,852.8181105612366,864.8853701436061,26383534
2024-10-01,853.708251953125,861.5223131554067,850.6914522533613,852.6202456256723,24572284
2024-10-03,831.8487548828125,853.6835603744199,827.570804800444,848.4906876477436,48473398
2024-10-04,819.8062744140625,836.1267320843882,817.5065614863144,828.1395869381932,48683232
2024-10-07,800.0980834960938,820.4739031139926,797.7241746370524,817.1108756255192,94458296
2024-10-08,816.5421752929688,819.3858913337193,802.1752031473815,806.1316776388605,29734406
2024-10-09,807.6895751953125,819.361163212748,805.4887499723757,815.7756080998508,41125642
2024-10-10,822.1553955078125,823.6637651559199,807.3680603076093,810.5826957697835,21754766
2024-10-11,816.5174560546875,823.1692549129062,812.6846212367445,823.1692549129062,23672594
2024-10-14,834.8656005859375,836.8191461800322,818.0011393518581,819.0150101360982,18527508
2024-10-15,832.8873291015625,839.7617156442302,828.6341310729728,837.7834783871178,19651130
2024-10-16,840.6519775390625,844.6825878021621,830.9091224661222,830.9091224661222,20470682
2024-10-17,827.471923828125,839.5886269557412,823.5401410804355,838.2532805925409,14695732
2024-10-18,831.7745971679688,836.2998271121154,818.0505757591212,822.5016097295583,24809724
2024-10-21,854.9446411132812,864.5638557585969,846.2157177308674,848.1692028251224,46548354
2024-10-22,847.9467163085938,860.533227003429,846.0426146072081,855.6123858594864,38875280
2024-10-23,858.4561157226562,863.7478764456906,843.2484162089403,843.2484162089403,38036090
2024-10-24,865.3057250976562,874.7023521644671,859.5935408112696,859.5935408112696,30832258
2024-10-25,862.2147216796875,869.3610796316616,854.944663527977,867.9515976583842,26130478
2024-10-28,857.6647338867188,865.9733544686309,855.0436057582773,861.5223206649657,22012142
2024-10-29,866.3937377929688,872.4026456407167,853.1642759047096,853.6835873421859,35794926
2024-10-30,857.8626098632812,867.8279925313038,852.7191807083974,861.5223610141225,32715724
2024-10-31,858.4065551757812,859.9891811626528,850.3452747866538,854.5984727039183,22895912
2024-11-01,859.1979370117188,862.5609041894865,853.6588363649659,857.0713077719009,1759692
2024-11-04,847.72412109375,863.0060162056336,846.1415554130094,863.0060162056336,28089248
2024-11-05,869.361083984375,871.7596845994718,839.7122770557751,842.2345175002172,44232406
2024-11-06,868.0752563476562,876.1118453894734,863.1791069495163,876.1118453894734,27787910
2024-11-07,863.7725830078125,870.894188741852,859.5440767785935,862.6598245654927,18895456
2024-11-08,867.6795654296875,871.3146246891328,863.4263673979466,866.4679192572124,19902986
2024-11-11,873.5401611328125,881.7003900068671,866.0722670179291,867.7290890558342,24565362
2024-11-12,849.7517700195312,877.8427625701805,845.0287648998575,876.3590846616112,31395406
2024-11-13,831.5272827148438,855.2908816778986,827.3977245559065,849.0346943403182,35728500
2024-11-14,837.165283203125,843.1494388599865,826.9526212407856,827.4471805574024,27146470
2024-11-18,843.2730712890625,850.098013946887,838.2780343092683,840.7508308706525,27081968
2024-11-19,861.64599609375,867.3334284112005,842.0861503666349,847.6746949660999,50981272
2024-11-21,861.1266479492188,869.9298278312187,857.6647327730853,865.1820705210092,35716512
2024-11-22,863.302734375,867.6054366689331,855.3650935349862,862.2889239945926,24773612
2024-11-25,883.0850830078125,891.9624587559118,872.847729541858,882.813111612645,427737274
2024-11-26,883.0604248046875,895.1523761238119,875.2711154544389,895.1523761238119,30935566
2024-11-27,896.2898559570312,898.7873442340305,882.8625587017864,885.2117154093354,32714976
2024-11-28,886.8190307617188,908.0603287852633,884.2720382641053,899.6033767351272,35722392
2024-11-29,888.2532958984375,892.4817418859379,881.7498287291584,890.84973234324,27669536
2024-12-02,892.5311889648438,894.2374548573351,877.8428011725027,891.9377419237233,15110876
2024-12-03,903.2136840820312,908.7032803006966,898.1691429416561,901.4332222848348,43410242
2024-12-04,919.9297485351562,922.3531011969533,905.6122808446044,909.0,44669084
2024-12-05,922.7240600585938,929.746778320926,907.6152485406113,919.8803439415701,39682714
2024-12-06,917.827880859375,921.9574390122904,911.967365126231,918.3966361385092,17783156
2024-12-09,924.825927734375,929.7715209308155,914.44018202185,916.739894932397,26947912
2024-12-10,923.88623046875,928.6339877475872,919.1632253036969,928.6339877475872,13325480
2024-12-11,921.4134521484375,925.7655982898422,918.2730125572359,920.7210570298945,14045426
2024-12-12,919.5093994140625,924.1582690138754,914.2917745321272,915.429285096372,17293790
2024-12-13,925.69140625,927.2987240383331,904.6726351717979,921.1167325447443,19009002
2024-12-16,922.4520263671875,924.8011831546361,917.5311852450419,922.4025825090224,13107082
2024-12-17,906.65087890625,921.0425431316097,903.3126034759392,918.0751871935557,21079532
2024-12-18,895.49853515625,908.0109100808224,893.742885795639,904.969358193441,23422312
2024-12-19,886.9921264648438,890.7507651635065,879.8210164376677,890.0089261951779,25380770
2024-12-20,876.11181640625,888.9951105616437,873.9110516283157,881.4035768672433,25692348
2024-12-23,890.7013549804688,893.1741516350509,880.9585603098202,881.3047276930569,11044592
2024-12-24,889.26708984375,894.5094064944967,885.0386439344397,891.2206353553698,14485834
2024-12-26,885.632080078125,896.141465364547,880.6864870021618,889.4896668257801,10481678
2024-12-27,889.34130859375,893.1493912581756,884.8160786835223,887.6351030662762,7259330
2024-12-30,879.2770385742188,897.6251775114066,875.8645671474937,886.3492007198835,22222218
2024-12-31,876.7794799804688,881.2058221251157,873.1939249039556,875.5183899347844,14117236
2025-01-01,881.6755981445312,887.2393903078329,870.9683771516202,877.0761724744651,7313806
2025-01-02,887.1157836914062,891.9129849656118,876.8536777615963,878.8813589072602,18558576
2025-01-03,865.0831298828125,887.8576104931063,863.648956165734,885.7557334037897,24426194
2025-01-06,845.9437255859375,869.0396219197681,843.6193209063655,860.5826695347365,18816348
2025-01-07,847.3779296875,851.1365683509316,840.7508228916814,848.1692125054315,13527906
2025-01-08,837.931884765625,846.5124769419739,832.5164239583765,844.8309631702573,19738190
2025-01-09,824.8260498046875,835.3106831355454,820.028788226004,832.9120825317088,40420222
2025-01-10,819.3611450195312,828.3374086598142,818.0011069034583,826.4086152573633,17453280
2025-01-13,806.5520629882812,814.4155683288744,803.312735632595,811.0772928855953,21669066
2025-01-14,814.3413696289062,819.0891270581352,809.5936121996773,811.0278463113743,26661432
2025-01-15,812.585693359375,822.3037354432594,809.2474180377633,819.2374918888494,14022892
2025-01-16,817.0367431640625,821.2404973552996,812.4867612285881,817.4323543947493,21212454
2025-01-17,809.469970703125,816.2701613841501,805.3898562945099,812.8082461283554,23112076
2025-01-20,816.6410522460938,821.4382533553962,804.1534297969105,804.1534297969105,17557618
2025-01-21,812.2642211914062,821.4877643786353,807.6401037263693,820.102974165005,31158144
2025-01-22,823.9605712890625,826.853731208962,803.8814147938745,812.2642314096465,30619306
2025-01-23,823.391845703125,834.3215948897786,816.6410987325115,834.3215948897786,34909158
2025-01-24,815.9240112304688,826.0624775507392,813.3028226187744,820.9684922755642,24236200
2025-01-27,806.0327758789062,812.8576580351702,804.1534263797997,811.6212597781287,22804166
2025-01-28,826.1118774414062,832.9862638742073,814.5391775980519,814.5391775980519,30179312
2025-01-29,829.5243530273438,831.4283942925468,825.345290644226,828.3868424683864,12619890
2025-01-30,836.5470581054688,839.7122497078259,827.1751834947243,831.3541854420887,25744846
2025-01-31,840.1326293945312,843.0752331459935,832.81312744478,834.4451973191599,15821686
2025-02-01,836.2750244140625,847.180081130432,828.9061391388648,839.514411978347,5587528
2025-02-03,829.8705444335938,834.2226906267036,822.6746821317275,825.914069847498,20276540
2025-02-04,851.087158203125,853.5105109804662,830.8844217623837,835.1623116456053,28616502
2025-02-05,859.4451904296875,862.6103217071694,850.0980074251621,857.0712816005666,23675506
2025-02-06,862.437255859375,864.9842484249369,852.6202654571706,858.3076976223431,26760716
2025-02-07,856.9476318359375,873.8862879550435,853.1147972396434,865.4787798083339,23509600
2025-02-10,848.5401611328125,852.3482437836052,844.9546060296723,849.3067522343022,17195950
2025-02-11,841.4432373046875,846.1909946922302,835.1622977316479,842.2345201407762,22724704
2025-02-12,844.1138916015625,846.6855759783255,831.4531244116189,837.2889486748277,22809570
2025-02-13,839.6133422851562,847.7983232660256,837.5609693822839,840.2562935563526,12602434
2025-02-14,838.203857421875,841.6905248012127,830.8596635415581,841.6905248012127,19959892
2025-02-17,849.3314208984375,850.6420151471393,831.4778418407722,833.4313269713399,12938946
2025-02-18,852.1504516601562,856.3542058366745,843.792387164406,847.2048585113112,16350910
2025-02-19,854.2028198242188,859.4946406869979,846.9080699697745,849.1583389885324,11884112
2025-02-20,834.3710327148438,848.0208581346712,833.480862144362,846.1910127639487,26390510
2025-02-21,837.0416259765625,838.2532721286863,829.4995965549126,831.3047500972469,15680940
2025-02-24,829.4254150390625,832.9367741010504,821.5124659997613,831.4036522988879,20693646
2025-02-25,832.0218505859375,834.8161227867658,826.4580582984072,826.4580582984072,24138708
2025-02-27,841.0969848632812,846.0673300210148,832.1207817850297,832.1207817850297,35786800
2025-02-28,856.7745971679688,859.1731978493104,833.3324728024684,833.3324728024684,54516728
2025-03-03,841.5174560546875,862.0416683458989,837.8329528063085,860.4343505158643,21205364
2025-03-04,845.6964111328125,847.823040291667,837.412542778149,839.7616994757401,19920958
2025-03-05,835.8052368164062,846.0920946487043,834.9397580208863,841.7151964431243,21583872
2025-03-06,836.398681640625,840.7013838639193,827.0268068564945,834.3215566852482,32966088
2025-03-07,835.434326171875,841.3195941178813,829.6726980551083,831.848771123927,13372914
2025-03-10,834.56884765625,840.7013952628595,832.3680828434274,835.3106866319445,15604050
2025-03-11,833.5797119140625,837.7834660233889,825.9387947696318,832.0465901366277,19898430
2025-03-12,846.2651977539062,849.9001967043049,836.5718470958394,836.5718470958394,18784106
2025-03-13,844.014892578125,851.037670887958,840.7755653731708,848.6885142038501,15736264
2025-03-17,845.894287109375,852.6202818993438,843.2236546626341,843.2236546626341,18950652
2025-03-18,845.894287109375,845.894287109375,845.894287109375,845.894287109375,0
2025-03-19,862.5609130859375,865.9733845280689,856.6756450003794,858.0604352691031,15221406
2025-03-20,874.7517700195312,877.3482063687059,865.1326156933737,867.4570202766122,17833978
2025-03-21,875.5430908203125,877.3976882930464,868.2236490171963,868.2236490171963,33508264
2025-03-24,890.206787109375,892.3828602187335,877.1751609389484,879.8210412597656,17393736
2025-03-25,900.8150634765625,911.8190085201571,890.9486290353171,892.6301428240463,39101416
2025-03-26,893.4461669921875,903.8071606360264,891.1958979294773,902.5707623314628,24478442
2025-03-27,902.7438354492188,910.4837008193595,889.267094087281,890.2067688619484,41658100
2025-03-28,904.1533203125,908.010907138289,893.0999316380415,904.5489919149949,28773648
2025-04-01,874.3067016601562,895.1029456872441,873.0703033320538,891.1959148962379,28511006
2025-04-02,888.6736450195312,889.8110952211971,875.7161547465231,875.7161547465231,11573564
2025-04-03,887.6597900390625,892.1850199249685,878.831918185515,880.8595993384149,11250038
2025-04-04,898.7626953125,910.9535345104325,895.6963912413166,896.6360660433086,33540454
2025-04-07,869.286865234375,880.2413659015269,859.6429587981435,871.8091659837349,37995450
2025-04-08,874.9496459960938,881.3047212779077,865.627214750381,872.8972127135281,35563872
2025-04-09,872.897216796875,877.8428100931746,867.2097845061305,872.897216796875,22454608
2025-04-11,893.5450439453125,899.8012313652504,877.7191458375222,877.7191458375222,32775766
2025-04-15,922.3037109375,928.1889790664363,917.4075614732249,922.3531547965306,49298344
2025-04-16,928.7824096679688,931.6508778930901,920.127621505461,931.6508778930901,19136820
2025-04-17,942.9762573242188,949.4055286616835,928.1394773146847,930.7606659314406,35703084
2025-04-21,953.0652465820312,964.736834375136,944.6082943455999,951.5321247753582,34247298
2025-04-22,970.177001953125,974.5785920118833,956.9722921478614,956.9722921478614,45961750
2025-04-23,951.482666015625,978.6834279922238,949.8011522919606,978.6834279922238,30570642
2025-04-24,947.9713134765625,951.4826725178812,942.1849333030283,944.6082860062515,25931754
2025-04-25,945.2017211914062,955.9831382073318,935.6073189547307,951.9277760477684,18500878
2025-04-28,949.6527709960938,954.3510844810811,943.8170073110313,945.201737168211,13920492
2025-04-29,944.0148315429688,953.9060177059462,939.761573196081,948.9604246244575,18918308
2025-04-30,952.0266723632812,957.9119402302744,944.7566746500019,946.0919606394582,31936870
2025-05-02,950.4935913085938,960.3847779388492,949.5539165045171,954.4006221017471,17840404
2025-05-05,957.8624877929688,965.3797650940681,955.6369709164711,958.9504941175195,15068024
2025-05-06,955.3402099609375,959.4945203042904,951.6805193063512,954.4994832691565,17490156
2025-05-07,962.214599609375,963.7477214250881,950.7408475493813,956.4777235793782,21420778
2025-05-08,953.7576293945312,966.764563396747,949.1087598060392,966.764563396747,34803430
2025-05-09,934.5687255859375,949.0593378526761,933.1345518505561,944.6577478176147,17188796
2025-05-12,967.9514770507812,969.2868234375189,945.7458118774061,948.3669400510574,18618972
2025-05-13,950.8397216796875,970.1769787149088,949.5538795420097,964.3906589098536,24242102
2025-05-14,944.905029296875,954.5983799416475,941.1463905208625,950.5924615044366,15445308
2025-05-15,956.3788452148438,961.818997780637,938.1790379372403,946.33926678593,32241458
2025-05-16,956.8239135742188,961.324451783302,953.7082260114057,956.3788584731112,15868010
2025-05-19,958.8021240234375,961.9178718699294,954.9940414297346,957.9613973326752,10202964
2025-05-20,947.0316772460938,956.7744719414333,946.0920024407687,953.5598362823298,23879090
2025-05-21,952.9169311523438,962.8575615064055,950.0979067784382,953.0158188688971,15132040
2025-05-22,949.5044555664062,951.6310244310523,942.234397301331,947.1799905275001,21306670
2025-05-23,956.2799072265625,957.9614210206772,946.8338361094924,949.6033562798515,9566072
2025-05-26,959.5439453125,964.3412068231021,952.966342738162,956.9722610590912,10802860
2025-05-27,952.6696166992188,963.4015295068202,947.7240236319352,955.2907448022735,26162148
2025-05-28,951.2848510742188,956.7250035888101,948.4163828726663,949.652781171437,18157594
2025-05-29,953.2630615234375,959.8407244361792,943.2729876989366,953.5103411762321,28917794
2025-05-30,961.868408203125,963.7972015745158,952.2245017171803,955.4391372124952,28748078
2025-06-02,955.5380249023438,957.4668182736877,943.6191576788204,954.5489062884246,14668822
2025-06-03,951.828857421875,965.3797948957408,949.5538966187614,958.4559643995623,24377584
2025-06-04,960.0385131835938,961.077136036551,949.9989953634222,950.0484392204654,12961542
2025-06-05,964.1928100585938,968.7922357487674,959.5439405120651,963.4015272438888,22255418
2025-06-06,978.58447265625,987.2887647210674,960.780337676229,961.4232889211333,30127008
2025-06-09,978.6834716796875,986.6458648304325,977.1997936874614,986.6458648304325,13202588
2025-06-10,971.9574584960938,980.6122466205961,969.8802731236067,980.6122466205961,15533126
2025-06-11,964.5885009765625,973.0948970543277,962.9069872297456,973.0948970543277,11096394
2025-06-12,961.1265869140625,969.8308188025967,957.1206685281417,964.3906663258866,16349130
2025-06-13,948.366943359375,955.9831689888948,946.0919825534174,949.5538978058345,12117762
2025-06-16,957.1701049804688,958.9010625733033,949.6033233548168,951.5321167467487,16513746
2025-06-17,954.3016357421875,960.2363474823392,949.1087629695547,957.9613867228163,16978736
2025-06-18,956.4282836914062,957.615238136921,948.0702190858784,948.0702190858784,18433816
2025-06-19,957.1206665039062,962.8080986266202,952.3234049256197,956.4282713886781,16876220
2025-06-20,971.66064453125,974.2323891455358,955.2907435737949,955.2907435737949,32900408
2025-06-23,963.599365234375,968.2976786479562,960.3352858844046,963.599365234375,11739518
2025-06-24,969.7813720703125,978.7328835903426,967.1601835545366,971.8090531859641,22625322
2025-06-25,979.3263549804688,980.2165859172948,971.2650741745935,972.3036366868827,18405932
2025-06-26,999.9000244140625,1002.5211525011852,979.2274213700686,979.9198164694815,50084830
2025-06-27,1007.4500122070312,1009.9000244140625,996.7000122070312,1006.5,28213384
2025-06-30,1000.75,1006.9000244140625,997.75,1005.75,13649020
2025-07-01,1006.0499877929688,1008.0,1002.0,1002.5,14389386
2025-07-02,993.0,1009.9500122070312,988.9500122070312,1009.9500122070312,18878250
2025-07-03,993.5499877929688,1004.0,992.1500244140625,997.4500122070312,16860506
2025-07-04,994.6500244140625,1001.75,990.0,993.5499877929688,7863944
2025-07-07,993.7000122070312,999.2000122070312,991.9000244140625,994.5,11349426
2025-07-08,1000.7000122070312,1002.5,988.5,988.5,15224316
2025-07-09,1005.5999755859375,1006.9000244140625,999.0499877929688,1003.5,13861428
2025-07-10,1003.0999755859375,1008.5,1000.0,1008.0,17030310
2025-07-11,991.8499755859375,1002.4000244140625,990.4500122070312,999.0,12516922
2025-07-14,991.5,994.3499755859375,985.2999877929688,991.5,13088850
2025-07-15,997.75,1001.7999877929688,986.5,986.5,14498168
2025-07-16,998.1500244140625,1011.3499755859375,996.2999877929688,1009.0,17994612
2025-07-17,993.4500122070312,1002.4000244140625,991.3499755859375,1002.0,22529158
2025-07-18,978.7000122070312,998.5,976.5,993.4500122070312,16129446
2025-07-21,1000.25,1001.0,988.25,989.0999755859375,22309078
2025-07-22,1003.5499877929688,1009.0,1001.5,1006.5499877929688,14836814
2025-07-23,1012.1500244140625,1014.9000244140625,1001.5,1005.5,13634916
2025-07-24,1007.0999755859375,1018.8499755859375,1004.2000122070312,1018.8499755859375,19107176
2025-07-25,1002.2999877929688,1007.5,999.5,1007.5,9306598
2025-07-28,1004.25,1010.7000122070312,1000.25,1001.5,12059580
2025-07-29,1010.7999877929688,1013.25,998.1500244140625,999.9500122070312,19895696
2025-07-30,1012.9000244140625,1016.2999877929688,1008.5,1014.0,15154036
2025-07-31,1009.0999755859375,1015.7000122070312,1004.0,1007.2999877929688,22183032
2025-08-01,1006.0999755859375,1014.1500244140625,1004.6500244140625,1007.0,11317258
2025-08-04,996.0,1009.25,994.0499877929688,1005.0499877929688,13933946
2025-08-05,988.7999877929688,997.2000122070312,982.75,993.25,23978058
2025-08-06,992.6500244140625,994.0,985.0,985.5499877929688,14080204
2025-08-07,997.7000122070312,1000.7999877929688,988.4000244140625,990.0499877929688,13081186
2025-08-08,986.9500122070312,996.4000244140625,985.0,993.5499877929688,13895264
2025-08-11,997.7999877929688,998.7999877929688,986.5499877929688,987.9500122070312,9105854
2025-08-12,984.9500122070312,998.0,983.75,995.9500122070312,12937802
2025-08-13,990.1500244140625,997.0,984.5499877929688,997.0,13577396
2025-08-14,995.5499877929688,998.0,985.5999755859375,989.0,17511716
2025-08-18,1001.7999877929688,1013.2999877929688,997.7999877929688,1005.0,19284796
2025-08-19,995.5499877929688,1003.0499877929688,993.3499755859375,999.1500244140625,12352438
2025-08-20,994.0999755859375,996.0,989.5,993.5,9950228
2025-08-21,995.5999755859375,998.75,991.5999755859375,998.75,12439850
2025-08-22,982.2999877929688,998.0,978.5499877929688,994.9500122070312,19833502
2025-08-25,982.0499877929688,988.7000122070312,978.5,980.0999755859375,17518044
2025-08-26,973.4000244140625,985.7000122070312,968.0,979.5,16917731
2025-08-27,973.4000244140625,973.4000244140625,973.4000244140625,973.4000244140625,0
2025-08-28,957.7999877929688,972.2000122070312,955.0,967.0,25438255
2025-08-29,951.5999755859375,963.2999877929688,950.0999755859375,954.0,14823813
