Date,Close,High,Low,Open,Volume
2020-09-01,570.5670776367188,577.1660875895074,562.1459803612821,572.7339248008508,3407301
2020-09-02,572.09375,581.1058391790554,568.1048151608508,572.6355069251814,2500786
2020-09-03,573.4234619140625,580.1209412329583,570.5179205588984,574.9008497100717,1896035
2020-09-04,565.9873046875,572.2415558212763,560.471687357533,561.4073783444535,2618737
2020-09-07,582.9278564453125,585.5379318274865,562.5399563643879,567.9077496995275,3374335
2020-09-08,573.0786743164062,586.1782268996814,570.7641242605971,584.5530763566253,1896544
2020-09-09,576.87060546875,584.0605462068012,573.8665961326869,580.0223776061988,3391865
2020-09-10,592.5309448242188,593.9098640770553,578.5450558185984,580.7118430515411,3792160
2020-09-11,595.6826782226562,603.4636104249962,592.5309059337949,598.8344505115176,4564379
2020-09-14,590.413330078125,600.8042772768699,586.2273986380812,600.8042772768699,2269701
2020-09-15,585.2424926757812,592.8756620212188,582.1399546377423,592.8756620212188,2371832
2020-09-16,589.5761108398438,595.8304209759082,583.8635575732823,585.5379421811678,2164876
2020-09-17,582.9278564453125,589.0836378985031,579.4313846029108,584.1590127359506,1532457
2020-09-18,576.2796630859375,585.8334487633331,574.7038069415471,585.0455206911379,2587272
2020-09-21,570.6163940429688,580.9088744685533,568.54807515642,578.1510959148004,1565889
2020-09-22,570.6656494140625,578.6435189915821,557.7630940279378,567.3168798964277,2359295
2020-09-23,571.5028076171875,577.2645955910872,566.9228817091733,572.4877327487983,2210606
2020-09-24,568.9420776367188,572.0445560120852,564.0666857724976,566.1350046894086,3043353
2020-09-25,568.7942504882812,571.7490258154932,562.6384685565899,568.5972534434555,2059527
2020-09-28,572.4384765625,574.50679521354,568.3510133770435,570.4686263748212,1591462
2020-09-29,562.1951904296875,577.953990778747,555.2514810488937,577.953990778747,4157096
2020-09-30,550.9671020507812,563.3278995182238,547.5690985742193,563.1801367133519,4906751
2020-10-01,560.6194458007812,563.377224386654,553.774203516427,559.4375235168172,1477355
2020-10-05,566.085693359375,568.2525405722786,556.8273735019942,563.3771493720095,2490303
2020-10-06,573.2755737304688,577.3630364516489,567.0705583670912,568.7941770855322,5665979
2020-10-07,570.222412109375,578.2988101427644,566.3319458496569,576.1811970818248,2588117
2020-10-08,574.3590698242188,577.6585447121881,568.4002251498924,577.6585447121881,9288093
2020-10-09,565.1499633789062,580.1208356774642,560.0283412616295,578.150985641208,4555998
2020-10-12,554.9068603515625,568.3018185095766,551.7550878099529,567.7601216934548,2349521
2020-10-13,558.1571044921875,563.3279616219972,551.2626283191079,555.8917886297594,2122487
2020-10-14,563.7218627929688,566.1349413360389,549.5882115072202,556.3842188138166,3958474
2020-10-15,553.035400390625,565.3469631775935,551.6072470843261,564.362038154636,1772762
2020-10-16,552.6907958984375,557.7138903348988,551.0656452845491,554.4636492221848,2117294
2020-10-19,561.8997802734375,565.6424837018527,555.7932325138871,557.3691487729967,3362350
2020-10-20,562.3922729492188,572.2415246646166,558.4525722630596,565.9379795207373,6496843
2020-10-21,554.2173461914062,568.7449909025913,547.6183362317892,565.8394499373433,3457773
2020-10-22,552.6414794921875,558.2555648892289,549.7359983818875,554.5128613295549,2967121
2020-10-23,555.990234375,571.8967992273234,551.213371553497,554.5128466840124,21418349
2020-10-26,569.927001953125,573.8667028286601,555.0053608410099,558.2063678023821,8486218
2020-10-27,578.446533203125,582.5832308892561,571.2565915735732,574.1128985774654,5959783
2020-10-28,577.31396484375,585.8335322685258,574.8516516952483,581.8445969909664,4062087
2020-10-29,577.2645263671875,579.1359079388611,571.601207539554,573.2263578578523,1671983
2020-10-30,580.8595581054688,589.1821869423692,575.1962389717571,581.1057893721519,3789450
2020-11-02,578.6434936523438,585.5379693213929,576.7721119247218,581.8937344447412,2206055
2020-11-03,590.0193481445312,592.5308950371821,581.1057883296052,581.4997824016134,3646651
2020-11-04,585.291748046875,594.7962994276098,582.189209896775,582.189209896775,1919838
2020-11-05,583.1248779296875,593.4173569740748,581.1057935513761,591.1028070966297,2350192
2020-11-06,581.6967163085938,589.5761167874914,579.973097453835,584.060560498285,1990463
2020-11-09,583.9127807617188,589.970093750251,578.8896871480969,587.0153186563432,2978907
2020-11-10,600.4595947265625,605.8273882817072,581.4997870736462,586.0304183628663,4801645
2020-11-11,614.0515747070312,617.3510497948462,604.9902516298965,607.6495614622704,6526986
2020-11-12,620.8967895507812,623.5560391536334,609.0776886845739,614.4454822359319,3555249
2020-11-13,618.0404663085938,620.8474786434159,608.634444143163,615.5781536938184,5036293
2020-11-14,626.5108032226562,629.5641069611323,624.147019160507,628.3821848725304,1080124
2020-11-17,659.9491577148438,663.8396245105824,625.4275394127891,629.0717748937983,9740753
2020-11-18,654.7781372070312,665.9077778409093,651.23243120307,662.362071836948,3642631
2020-11-19,636.3108520507812,660.6385141668547,633.3068425035968,651.0354943932776,4212122
2020-11-20,653.8917236328125,658.4715887583575,637.5911669880361,637.5911669880361,3045488
2020-11-23,651.3309326171875,664.1349584455901,646.0616075722901,657.1420145391769,3011294
2020-11-24,654.1380004882812,656.3540818659746,641.5802060146852,655.4676252688754,2108847
2020-11-25,655.0736083984375,678.1208779702446,651.8726020754116,662.3128433826198,6798974
2020-11-26,650.8385009765625,665.2184436584813,648.2284855028478,657.929973794969,3804983
2020-11-27,637.049560546875,654.0887532323651,632.4696947722957,653.6948192503369,9917761
2020-12-01,632.2235107421875,646.11093203409,629.8596662131105,643.4023877305933,4569057
2020-12-02,626.9048461914062,637.1480916048937,620.6998298860507,634.291784677558,6126982
2020-12-03,638.1822509765625,640.8907950881795,615.578207185692,616.6616007843152,26754679
2020-12-04,633.5531005859375,645.076736824815,630.4505623279497,642.1711956191702,4452423
2020-12-07,639.758056640625,641.5802040590961,632.1741217037353,635.3751281284243,4644396
2020-12-08,641.6787719726562,647.7853202753781,634.2918329246211,642.7129314163684,4409047
2020-12-09,642.7620849609375,646.6033168297108,635.2766783780098,645.6183917469542,4512763
2020-12-10,649.5089111328125,651.0355331133186,635.9169558986935,646.2093757658489,5582666
2020-12-11,654.4827270507812,658.2746646287546,645.3721699022188,653.891796038519,6275768
2020-12-14,645.8646850585938,657.9300184813429,643.4023721151756,657.3883216568033,2696137
2020-12-15,641.6294555664062,653.9410190698101,635.0304455055706,649.9520845177185,4819043
2020-12-16,638.9209594726562,645.8646697858858,637.4928059762327,645.5199700279832,2540833
2020-12-17,644.6826171875,651.2323921834085,640.4474519045664,641.1861456207193,4660373
2020-12-18,644.239501953125,646.4063492569778,630.3520816992128,646.4063492569778,2540821
2020-12-21,619.71484375,643.3038103500313,608.0927403655432,636.2615723071124,3004002
2020-12-22,631.583251953125,633.5531022516143,611.2445235751991,620.5028440241229,3085304
2020-12-23,638.8224487304688,640.1028995585801,624.1963338299458,631.5832726918387,2940595
2020-12-24,647.342041015625,653.5962915385618,639.2164087016213,641.8757185728525,3776278
2020-12-28,668.4685668945312,669.7489572898701,647.7851432135205,651.8725456338348,5624012
2020-12-29,663.0516357421875,676.0033656444921,660.0476259999837,672.7038903746236,4102480
2020-12-30,665.5138549804688,668.7640955573688,656.9449951940574,668.7640955573688,2886107
2020-12-31,666.3018188476562,668.7641315558885,659.4565774957592,666.4988158873261,2959814
2021-01-01,668.1732177734375,670.5370019652308,664.8244483579078,666.3018360209254,1264311
2021-01-04,685.360107421875,687.0837263484667,670.0937683577773,670.0937683577773,5031655
2021-01-05,702.9903564453125,704.2215129364602,679.8446144117365,680.6817767796917,6955494
2021-01-06,708.2103881835938,709.6385416158253,694.7661965037653,702.251603292274,3582162
2021-01-07,693.6827392578125,712.888778800587,691.9098860922602,709.1460754255194,3284785
2021-01-08,706.1912841796875,711.0666753612614,697.4254268990775,704.6154280936494,2841346
2021-01-11,714.169189453125,719.9802717802754,704.9109292776536,710.0325519891162,3216546
2021-01-12,707.5702514648438,716.0405837047352,703.4335538138263,716.0405837047352,1607350
2021-01-13,702.497802734375,713.7752067536127,697.8686429050526,707.6194250962837,2639680
2021-01-14,696.2435302734375,707.7178708454429,691.9590703083958,702.2515489321654,1995368
2021-01-15,694.224365234375,706.1912280826327,691.6143500420127,697.7208970916789,2417123
2021-01-18,683.48876953125,698.6073454243464,678.6133783747771,692.4023294593153,2381523
2021-01-19,688.0194091796875,690.9741844478975,683.242546542104,684.522937135317,2016585
2021-01-20,692.3530883789062,701.1188854126079,689.4475474061123,689.4475474061123,2495461
2021-01-21,689.9400634765625,701.1682341658882,688.4626757603386,699.2968523459805,2254977
2021-01-22,677.0375366210938,698.114897655793,673.7872357046404,692.1068786021535,2644349
2021-01-25,670.14306640625,688.9551118915031,655.6154210875943,684.5229489129301,3532317
2021-01-27,672.55615234375,684.5230176332927,662.9038973555307,674.6737655810152,3629780
2021-01-28,661.6726684570312,672.7530758035637,659.9982837683216,669.2566037305581,1964058
2021-01-29,667.7299194335938,674.6243944713901,658.077666403689,663.4947539333863,4598451
2021-02-01,688.5118408203125,702.5470227143363,658.4223927126266,668.0746461325234,8383807
2021-02-02,670.7832641601562,701.2667097018074,664.3320164239734,699.789321970694,6702065
2021-02-03,678.8103637695312,684.5229170978404,668.7641161286815,674.6736664921161,2902411
2021-02-04,670.14306640625,680.2385487463328,667.9269849169635,674.9199291260221,3379697
2021-02-05,671.2756958007812,674.624465216331,662.2636671253545,672.3098551418882,2759333
2021-02-08,673.738037109375,680.9772730338649,667.0405581096545,675.5108903570863,3887493
2021-02-09,694.273681640625,699.4937723062956,677.5791902641904,678.3178840408906,7331068
2021-02-10,708.2103881835938,712.9873110351917,699.2968279628535,699.3460621953323,8514545
2021-02-11,703.4335327148438,715.498865434635,699.5923007008868,710.1310115077162,3044979
2021-02-12,700.2325439453125,709.1461044856268,697.5732340304794,703.1873193806692,1760221
2021-02-15,684.7691040039062,706.5359223864889,683.7349447803086,702.7439851949473,3871100
2021-02-16,684.8677368164062,693.3873641290752,676.5944009270872,685.9019564032534,3066134
2021-02-17,692.500732421875,700.7741263360936,682.5530141263708,685.5077890792988,3533494
2021-02-18,702.69482421875,705.157136967351,691.4174198071462,692.8948074563068,2949918
2021-02-19,699.9370727539062,712.5441024862745,692.5008398764586,704.5169385725671,3787638
2021-02-22,680.189208984375,702.8917792619823,677.6776621538852,700.2817038584013,3110151
2021-02-23,695.0617065429688,702.1038854602115,679.7461321272885,683.0456074104999,4693570
2021-02-24,707.9641723632812,710.6234822408326,686.492816523715,701.3159277269325,2362499
2021-02-25,722.4425659179688,732.7842795405163,710.1310020816026,713.0857774023305,5635556
2021-02-26,690.0877685546875,719.8817516723456,683.4887586180134,715.0063605937178,13122512
2021-03-01,694.618408203125,702.7440400608716,689.5953143734495,700.5771928757947,2210665
2021-03-02,709.9338989257812,716.8283736436524,695.603252785216,704.1721119575799,2446910
2021-03-03,716.532958984375,720.4726591025021,710.2294147493503,713.0857213810137,1714037
2021-03-04,709.6385498046875,717.5179507740664,702.2516113958948,710.1310123652737,2122634
2021-03-05,706.4375,713.8244379574764,700.5771838640577,712.100819100732,2140241
2021-03-08,712.0516357421875,725.8405875812753,704.2214689248366,711.0174763772678,3203722
2021-03-09,729.0415649414062,734.7541184505844,720.965167165989,720.965167165989,5412952
2021-03-10,720.3250122070312,734.7541902574418,714.1692297819521,731.9471775176307,2422642
2021-03-12,700.0847778320312,728.6476069060271,699.2968497426572,728.6476069060271,3271450
2021-03-15,693.5350341796875,704.2214474835903,685.0154080067651,701.2666721794634,2394116
2021-03-16,692.4515991210938,699.8877718134479,689.4475895041234,697.0315250116805,1619213
2021-03-17,679.4013671875,696.440560528857,677.1360513297002,695.8496294755392,2100094
2021-03-18,670.5862426757812,688.7088888965586,664.9229232461706,684.6214256100336,2124421
2021-03-19,678.0717163085938,679.5983382337882,663.6917733725825,669.6998527216558,3146999
2021-03-22,669.6012573242188,684.2766643112072,668.0254013228878,679.0565736773636,2585880
2021-03-23,673.2455444335938,679.0566266071773,670.3892976941664,673.5410099424921,2207365
2021-03-24,666.3018188476562,676.4957694137154,664.8736654538703,668.9611285955584,1735370
2021-03-25,656.945068359375,667.3360165630368,652.0204426595296,666.3018571890813,2743208
2021-03-26,661.57421875,666.5973128434846,656.5018303081986,662.2636783607874,1761492
2021-03-30,677.3822631835938,682.8485856726413,664.8244676829164,665.3169302515704,3467882
2021-03-31,685.7048950195312,687.2807511987219,670.7340208569802,677.6284968422942,2368424
2021-04-01,680.583251953125,693.7319781438227,672.014391461239,689.2505809101242,3443437
2021-04-05,671.86669921875,687.4777384307895,665.9078541102182,687.3792699641439,2074674
2021-04-06,686.6405639648438,690.481735821913,670.2907710821356,676.1018532727776,1427470
2021-04-07,689.2998046875,694.3721929801152,684.7199390581548,693.8304962000924,2890361
2021-04-08,690.8756713867188,695.3570682312038,686.7882084835312,689.4475180762645,1817393
2021-04-09,684.3751220703125,692.5992820079074,680.0907223045667,689.4475099394595,1586783
2021-04-12,676.9390258789062,679.5983357374123,669.3550903991147,674.6737101161267,3457470
2021-04-13,695.4556274414062,699.9863192204585,674.6737307306188,678.7611941672008,4171978
2021-04-15,683.981201171875,702.9410080566264,677.6284226861814,702.3993113115014,2566125
2021-04-16,680.2386474609375,690.7280652967246,678.711965232501,684.0305856246371,2784995
2021-04-19,655.9108276367188,674.1319404662909,651.577133512313,671.7680963775147,4936620
2021-04-20,674.8707275390625,678.613431101224,659.9983216447307,659.9983216447307,5373233
2021-04-22,668.8134765625,672.5069462365972,661.8697655982106,661.8697655982106,2526780
2021-04-23,676.0032958984375,680.9772155803697,666.1540452253923,668.7641206997714,3140377
2021-04-26,693.8304443359375,697.4746789433157,676.8404876926015,682.553040801843,3274660
2021-04-27,668.5178833007812,708.1611168961499,666.7942644488087,700.3309506598922,10860187
2021-04-28,662.4606323242188,672.2114153623116,661.0325389477318,672.2114153623116,4011121
2021-04-29,664.479736328125,671.078686342194,662.017423601963,667.7792113351595,3939217
2021-04-30,655.0736083984375,667.779165234315,650.7399743686033,659.899765054559,2742166
2021-05-03,661.7711791992188,664.3319603375965,647.2435344031038,650.0505468092122,4908079
2021-05-04,657.7822265625,670.5862533019038,655.467676544093,666.7943155827965,4118750
2021-05-05,664.2334594726562,665.6123184356492,656.9449902573631,659.9489995541202,2249063
2021-05-06,661.6726684570312,669.6505978155689,658.9148902071279,661.8696654995366,2269126
2021-05-07,662.5098876953125,670.2415256275057,660.9339714778522,667.7792128955897,1913550
2021-05-10,669.79833984375,675.6094223060877,660.1460853447502,660.1460853447502,4342679
2021-05-11,661.1309814453125,671.2264638435463,659.801356590105,667.7792259514665,2430724
2021-05-12,658.7178955078125,663.7902838238471,655.0736606112005,661.1309740282081,2428984
2021-05-14,660.49072265625,669.6505738266286,656.3540854871108,669.6505738266286,1580599
2021-05-17,656.2554931640625,665.1198178626722,652.8574900065855,661.4755834635672,2453864
2021-05-18,656.6495361328125,662.6575548302585,655.9600765818628,659.5057826795271,1809231
2021-05-19,656.1078491210938,661.4756425762379,654.9751612623626,657.9299364259522,2252486
2021-05-20,657.4374389648438,668.7640764900808,655.6645859839039,658.9148264681355,4316905
2021-05-21,660.5892333984375,664.7259305709588,656.944998743715,658.9148488149106,1629616
2021-05-24,660.14599609375,663.1500053882866,657.2896894835038,660.5892243767265,1785392
2021-05-25,649.2134399414062,663.8395544466167,647.1942952816788,663.5440889231393,3425396
2021-05-26,648.5731811523438,656.3541135219864,647.2435563076217,653.497806673622,1938680
2021-05-27,654.0394897460938,656.9450307657452,647.4404796629168,651.0847144952734,3565457
2021-05-28,658.8656005859375,664.2334539388947,652.7590534719783,654.9751347549839,3030073
2021-05-31,655.8616943359375,660.5893231259475,652.4636904785654,660.5893231259475,3123672
2021-06-01,655.221435546875,660.8355207493188,653.6455794021807,658.5209106501669,1731330
2021-06-02,665.7108154296875,667.7298996077968,652.9067907396628,653.9901841674142,4979822
2021-06-03,668.2224731445312,672.9993360267104,666.4003255667993,669.5028638033057,2861563
2021-06-04,670.635498046875,678.3671357293105,667.385197253696,668.5178851198106,2532605
2021-06-07,669.8475341796875,674.1812286509319,664.8244402328401,672.0143814153097,1746210
2021-06-08,679.3027954101562,681.5681109234521,670.7339357498134,673.7379450249482,3425861
2021-06-09,674.5751953125,686.3942959917199,671.2264260740325,684.5229143381549,3041695
2021-06-10,678.859619140625,681.2726976371866,673.9349936844,678.6133878678138,2217208
2021-06-11,672.3098754882812,679.7461083759399,671.2757161158771,678.8596517052737,1716481
2021-06-14,671.4234619140625,674.6737027656885,664.1349920279428,672.3098584472015,1151855
2021-06-15,682.1099243164062,683.5380778565542,670.0445908095722,671.0787502300027,2613877
2021-06-16,681.7159423828125,687.5761987249259,679.5983293395716,685.7048770754895,3092360
2021-06-17,689.7429809570312,693.239452762493,672.0143305591436,675.6093309358474,3796926
2021-06-18,698.5089721679688,700.2818255260345,682.1591775845391,693.3873490440623,6580504
2021-06-21,707.9149169921875,709.1460733695652,693.9782027542487,696.5882783203125,6100487
2021-06-22,705.945068359375,713.0857753640565,702.497830495046,709.1460749476805,2451368
2021-06-23,706.9299926757812,712.741074829484,705.551073485563,710.1309992605201,1893116
2021-06-24,708.7520141601562,711.5590865116883,701.3158423470679,704.2213831537196,1652982
2021-06-25,715.0064086914062,720.47273112877,707.4717074162164,711.1159424128118,2833717
2021-06-28,685.7048950195312,717.0255024726602,683.7350447380129,717.0255024726602,7428147
2021-06-29,676.1510620117188,691.90986316567,669.7982832735211,669.9952803109566,30820343
2021-06-30,677.9488525390625,687.185114685669,676.664683446488,681.60384171982,3432606
2021-07-01,677.4056396484375,684.1722631896233,674.4915238539429,681.1100088043713,2556547
2021-07-02,679.1343383789062,681.6532973209457,670.5895694954071,680.9618030270121,7942326
2021-07-05,669.6511840820312,682.5917562116032,668.5151534243162,681.6039244370567,6776797
2021-07-06,671.7749633789062,678.6404060370461,666.7864251455693,670.3425952960265,6442552
2021-07-07,676.8623046875,677.4549796008379,669.7499042651299,671.7255676995403,3025732
2021-07-08,673.0097045898438,680.9123579484034,670.1450289228421,676.9610312691236,3568036
2021-07-09,674.9360961914062,675.6275905292035,668.7621472690553,671.7256427517838,2570371
2021-07-12,674.6396484375,678.2946376606487,671.8242920135721,676.1707754614993,1383135
2021-07-13,684.9625244140625,686.0984946927842,675.2323460004453,678.1464615718832,3119430
2021-07-14,680.1221313476562,688.5680803974026,679.6282154933732,687.5308691619008,2303846
2021-07-15,685.20947265625,690.9882638985313,679.7269585686187,681.6038628877578,2774718
2021-07-16,689.506591796875,693.457918970496,683.7277999224414,687.4815486788877,2000951
2021-07-19,670.44140625,688.024798960343,668.7620802529106,688.024798960343,2866929
2021-07-20,655.3770141601562,673.2073659390808,653.8952664728362,670.4414489812435,3629414
2021-07-22,654.0433959960938,661.2546162083569,653.0555642182459,655.9203004909915,4062964
2021-07-23,657.2538452148438,659.8222439968657,653.7470544836355,654.0433919566663,2796725
2021-07-26,655.03125,657.3033114001177,652.3147125187427,656.9081545585835,2503714
2021-07-27,660.6124877929688,666.5888578670325,654.8336961288876,657.8959504599883,3512513
2021-07-28,656.7598876953125,666.2431082783979,653.1049586055171,666.2431082783979,2686658
2021-07-29,654.5867309570312,661.7978906482286,652.9567844582659,657.9453227197642,1981009
2021-07-30,655.9697265625,663.8230018120745,653.3025685145822,656.4142629525647,2640763
2021-08-02,662.1929321289062,663.2795831352474,657.3032136239809,660.8593834989193,2613866
2021-08-03,665.6009521484375,666.7863621841456,658.4885522266482,663.8228672411049,2936646
2021-08-04,667.0827026367188,671.3798064990359,664.4649849340034,667.7741968517139,3077649
2021-08-05,661.3533325195312,669.7499020884873,660.0691633498307,669.7499020884873,1985164
2021-08-06,665.2059936523438,667.2804164257981,660.859509383951,661.8967207706781,1749643
2021-08-09,658.8837890625,669.7005589774166,657.89595729479,665.9468103186123,1468932
2021-08-10,662.1436157226562,666.3419006966528,655.2287934125443,663.6747428899736,2024406
2021-08-11,658.5380249023438,663.7241413114386,653.3024686744307,661.452080174437,1361893
2021-08-12,666.737060546875,667.6755127802907,657.3032792679891,658.3898700903866,1822952
2021-08-13,662.3411254882812,669.9474412995842,660.4642212245,666.7863679412227,1358720
2021-08-16,665.3540649414062,667.280348917574,657.8959472673639,661.8472742779786,1058059
2021-08-17,661.2545776367188,668.3175382608614,659.9703481664534,664.8107477125494,2151413
2021-08-18,662.8844604492188,666.9346066571557,660.3655016338649,660.8100379642128,1968944
2021-08-20,659.7234497070312,666.5888928399833,648.0176668841152,655.9203213583118,4035337
2021-08-23,660.661865234375,664.6131922516769,654.2409588312595,661.8472753980586,2173978
2021-08-24,662.9337768554688,667.2308805830668,659.9702819919352,662.8350178103339,3051984
2021-08-25,679.1837158203125,683.5795792191601,664.8107757434896,666.8851983264457,7608915
2021-08-26,690.34619140625,693.4578855223749,681.6039045732745,684.9625566258388,7671524
2021-08-27,695.5322875976562,698.3970236930146,690.3461710850844,691.827918660105,3396769
2021-08-30,703.6819458007812,704.5216389909735,697.507997163193,700.3727334480208,3023655
2021-08-31,709.0162353515625,710.2510250334705,695.5323079081413,703.681919808734,3854510
2021-09-01,709.8064575195312,715.7828272590307,698.6933508703728,711.2388255461375,4991772
2021-09-02,749.7642822265625,766.2117046295457,711.2388447999011,713.6590445941714,16281725
2021-09-03,725.463623046875,738.6511520967122,718.3512227635798,729.9582452137788,15600504
2021-09-06,727.093505859375,734.699821956951,719.8329670299615,730.995453106748,8084343
2021-09-07,725.3154907226562,734.3541757046244,721.7098805775621,728.0320281410932,2891731
2021-09-08,734.6011352539062,737.910347635687,724.9203354712979,730.0076933102713,3070612
2021-09-09,728.377685546875,737.0706528085008,726.0563051507928,733.5144224853459,2867987
2021-09-13,725.9576416015625,733.6627178766915,714.6469550020446,727.9826848102385,2883674
2021-09-14,730.2052001953125,734.9467802675788,727.1428857687206,728.8222117068566,1974670
2021-09-15,737.21875,742.849402476197,730.9954226494493,731.884495253439,3172198
2021-09-16,745.9611206054688,746.9983318156156,734.4528573650109,737.910268260475,3209102
2021-09-17,738.651123046875,750.3569040895106,730.995427689318,749.7642292110708,11661592
2021-09-20,721.265380859375,737.8115627746458,718.1536867105617,730.0570473135023,1447672
2021-09-21,726.8466186523438,728.7235231693724,715.4371735421635,720.8208688534078,1850978
2021-09-22,724.1300659179688,731.0448882982091,722.1050228508202,724.4758432124605,1150957
2021-09-23,715.8323364257812,726.8960043276771,713.412136462566,724.8215816691886,2336977
2021-09-24,716.9682006835938,722.4012747674757,711.9796629014304,720.0305149790754,2219394
2021-09-27,712.2266845703125,721.3641281657015,709.559526813706,720.5244953036515,1906863
2021-09-28,716.9682006835938,724.4263175947943,712.7205366401416,713.214452465949,2407512
2021-09-29,725.8093872070312,729.0198404338742,712.2267004780804,715.8816900563639,5200234
2021-09-30,713.6096801757812,730.995494855355,711.9303541426204,730.995494855355,3235673
2021-10-01,720.5738525390625,721.6110637755245,705.6081780234474,711.238830825979,1852758
2021-10-04,717.8079833984375,724.4264080567585,716.1780368527515,716.5731936797258,1615207
2021-10-05,724.2288818359375,726.9947987164242,713.2639130809307,715.3877754903481,2236948
2021-10-06,716.820068359375,732.674754447497,715.1901220030196,727.0441019257216,1939154
2021-10-07,716.5237426757812,723.4385649926619,710.5473725889705,721.1171844746955,2453970
2021-10-08,713.3132934570312,722.5495566361352,711.5352083383561,720.1293567531629,1573419
2021-10-11,708.5717163085938,716.0792739333833,706.2009562369232,716.0792739333833,3007329
2021-10-12,694.8409423828125,709.2138836378921,690.4944581572521,708.1766722613861,3241303
2021-10-13,692.3712768554688,701.1629429904094,691.4822041902388,695.7298685289147,3092746
2021-10-14,685.357666015625,694.1493928349171,684.567412662675,693.9518144235631,4077281
2021-10-18,695.0384521484375,697.4586521927904,680.6655110664228,691.4822816739595,4597120
2021-10-19,694.2481689453125,700.4221176238467,690.0498838439094,699.3849063043464,2137420
2021-10-20,694.8409423828125,700.8666925072537,686.8394682801859,694.8409423828125,2606119
2021-10-21,686.0985107421875,702.348354634344,682.5917201861206,698.3476482170714,3427729
2021-10-22,682.3447875976562,693.4578948875204,669.7499326691436,691.4822313693223,3533890
2021-10-25,674.9360961914062,685.1107519569466,668.2682313552673,682.3448348982274,2786630
2021-10-26,681.6533203125,686.5430997722492,675.7757090545174,676.6647817899147,2616174
2021-10-27,685.406982421875,691.4327918046541,679.9739082185692,681.5050955461966,2103049
2021-10-28,674.787841796875,687.2345579760351,671.9231659080147,685.407033069857,1471621
2021-10-29,672.170166015625,680.6161159180887,667.2803865060507,674.1952091641444,2021722
2021-11-01,681.4063720703125,685.0119823022177,672.0713493855253,672.1701687422374,1575508
2021-11-02,684.2216186523438,689.1607769179567,682.8386302209884,685.5551672670756,1898373
2021-11-03,683.8758544921875,690.0004229173041,677.454948623952,686.5923915902871,1256308
2021-11-04,687.926025390625,691.3834363677325,686.5430368827969,691.3834363677325,409164
2021-11-08,694.6926879882812,696.3720140454664,683.5795806439966,693.9518141653289,2429656
2021-11-09,697.8536987304688,701.3111095923159,690.2967623011614,701.0641516736125,2647708
2021-11-10,697.9031372070312,699.3848848444135,692.0749057163415,696.9153054487764,2077910
2021-11-11,694.050537109375,698.2982617072414,691.6303976476372,697.4091890489757,1102633
2021-11-12,711.83154296875,713.2145315513484,696.2238132010502,700.2245197752204,5345270
2021-11-15,705.9046020507812,715.1408658426482,702.5460100021234,715.1408658426482,1917369
2021-11-16,704.9166870117188,710.6461591870379,702.5953066007437,709.2631706704168,1900114
2021-11-17,702.3977661132812,713.6096928481445,699.7800481052926,705.5094602974094,2453920
2021-11-18,695.927490234375,706.2997239426234,693.7542482560582,702.3977763462651,1708655
2021-11-22,680.4678955078125,701.1136037652627,675.9732729807025,698.2983073176408,2109072
2021-11-23,686.938232421875,690.8895594756851,677.6525897284348,680.4185066076087,2081366
2021-11-24,678.8379516601562,695.8780483687253,674.54084761904,689.9016786830529,2093430
2021-11-25,680.41845703125,686.0491097311644,677.1586245078664,681.6038671195154,1943112
2021-11-26,662.4893798828125,680.6160681766265,658.9825289753619,676.6647412205939,2236662
2021-11-29,675.3312377929688,677.6526184183766,650.7835812564138,661.4521526948857,4901166
2021-11-30,672.515869140625,681.3569757007814,664.4650762447588,673.7012793445929,11535239
2021-12-01,685.406982421875,686.5430129631868,669.7992540417796,671.7255378632619,3209799
2021-12-02,696.7176513671875,698.1500193195787,685.5551657697738,687.530829071704,2331496
2021-12-03,682.5423583984375,698.6440038337445,679.7764415622901,698.6440038337445,1878712
2021-12-06,675.87451171875,685.3082931004137,674.1951856447314,682.591755722358,1393577
2021-12-07,685.9503784179688,687.7284634760396,675.5287054174719,679.6282312198681,2459318
2021-12-08,678.0477905273438,690.3462485460032,676.3684643620642,689.6053746753624,3678237
2021-12-09,674.8372192382812,681.9001793961398,672.9109354525164,681.5050829096108,1650779
2021-12-10,676.4177856445312,677.6525753225972,671.9725428034939,676.5659845228851,1011025
2021-12-13,666.1937255859375,680.0233694479857,664.8107370827477,676.6647175359319,2026297
2021-12-14,661.3533325195312,669.7499020884873,657.5502045376364,669.7499020884873,2093071
2021-12-15,664.66259765625,667.082797607059,657.006901262191,661.847301163809,1981529
2021-12-16,661.3533325195312,669.2066067042826,659.8222054213319,665.9961536337995,1404782
2021-12-17,648.6102294921875,661.7978180369627,646.4370481222246,658.883702645929,2377387
2021-12-20,625.8901977539062,646.0419903781001,619.3705320597381,646.0419903781001,2473370
2021-12-21,630.9775390625,636.1142762922261,625.2975064212329,632.2123287671233,1640601
2021-12-22,632.1135864257812,635.4721783357045,628.261018328478,632.2617250187743,1212183
2021-12-23,632.7061767578125,636.7562624374049,629.051187565825,633.2494721110564,2150523
2021-12-24,629.594482421875,635.1757554004647,626.4334693536941,633.3976704764981,1183083
2021-12-27,631.9652709960938,634.5336090590093,622.4326718652584,627.2730708597414,1185438
2021-12-28,634.4843139648438,635.8179229881061,631.2244812843097,633.9410185668321,1217603
2021-12-29,636.9044799804688,638.8801433538086,631.3232068337988,637.1514379021362,1505964
2021-12-30,633.1013793945312,637.4971823557311,632.3110657771585,636.9045074351656,1280995
2021-12-31,641.6460571289062,647.0297518555092,634.336138855939,637.497152005081,1592842
2022-01-03,642.5845947265625,646.684120869861,638.4356890510793,646.0420060740536,1892087
2022-01-04,645.2022705078125,647.029734955206,641.1521245410141,644.4613967654974,2293391
2022-01-05,645.597412109375,650.2402332774828,642.7327362810481,647.0297801697702,3326875
2022-01-06,639.0283813476562,644.0169196122655,637.0527178533583,643.078467393981,2548339
2022-01-07,652.2653198242188,654.8830981885013,638.1393372652312,639.1271690566634,2168995
2022-01-10,654.883056640625,661.550920809762,651.9689409822871,657.8959313548534,1480419
2022-01-11,650.1414794921875,657.7971754264848,648.2645750816321,654.8830597542917,1484964
2022-01-12,665.0577392578125,666.0455710279689,650.2896422354806,650.2896422354806,2091488
2022-01-13,662.1929321289062,668.1693619326328,660.2667086172496,665.6997827715755,1807858
2022-01-14,663.2796630859375,666.6382549743387,658.0935462225908,659.8716313743877,1292789
2022-01-17,665.94677734375,667.3297055745874,659.8715881561652,662.8350833125552,1255654
2022-01-18,660.9581298828125,670.5401089025926,658.636749632886,669.7498556446894,979679
2022-01-19,648.0670166015625,659.278943296502,644.3132679575052,656.9081229463258,1945857
2022-01-20,641.5473022460938,652.561589398959,639.6703979206922,646.6345992671157,1429228
2022-01-21,633.6447143554688,639.077789205626,625.6432406733929,637.151505154804,2963518
2022-01-24,619.9631958007812,632.0641350040838,611.5666257413469,632.0641350040838,2628472
2022-01-25,623.1242065429688,625.7913641154494,609.4921415299641,619.5680366413015,1827902
2022-01-27,613.9374389648438,618.2839228267139,609.6403949249562,618.1851034752144,1914985
2022-01-28,612.9002075195312,625.1987245880812,611.5172189837441,613.7892198989969,1317526
2022-01-31,614.8759155273438,619.864454055271,607.9610929323048,617.8887904566884,4374943
2022-02-01,616.3082275390625,630.7799259045905,610.0848395366053,618.6296079388941,4159628
2022-02-02,636.3118286132812,637.9417147810755,616.5057543292432,616.5057543292432,2989002
2022-02-03,626.6804809570312,639.4234742475621,623.3712084473561,638.1886845706232,2076930
2022-02-04,616.7527465820312,629.2488426928397,614.5301250811539,629.2488426928397,1909456
2022-02-07,595.9094848632812,616.1106555880882,592.6990317745027,612.5544252219632,3030728
2022-02-08,593.1435546875,600.4534730718607,586.7720281815813,599.0211653447809,1954492
2022-02-09,592.8966064453125,599.366892109635,588.8464602448664,599.366892109635,2644690
2022-02-10,598.8729248046875,604.0590408545426,583.2651971321868,592.896555510489,6231536
2022-02-11,588.1056518554688,594.18084168545,585.7842711878169,593.3905882853431,2557745
2022-02-14,550.5186157226562,582.6231472189551,548.2466147829496,580.8450621484222,7168038
2022-02-15,566.6202392578125,567.5093119051971,544.88794184804,557.137079050533,4282324
2022-02-16,579.215087890625,585.6854337005299,569.2873914547429,569.9788856969229,6991082
2022-02-17,585.3890991210938,588.1550763882552,574.1772323356979,578.9681924369096,3542326
2022-02-18,583.7592163085938,590.2295025627122,580.3018049965109,582.8207640368204,2613689
2022-02-21,574.9180908203125,582.2280700439492,569.5343956089486,576.4492180071311,2415405
2022-02-22,565.7806396484375,569.9789246218218,558.1249435205015,569.9789246218218,2952243
2022-02-23,562.1256713867188,570.9667780183336,558.6188805698403,565.7806610899664,1929381
2022-02-24,526.4649658203125,553.1858037463526,522.612397712949,552.1979719539484,5515851
2022-02-25,532.342529296875,538.9115739516931,527.3539309586956,533.4291200540742,5087685
2022-02-28,516.8335571289062,526.0203798738444,513.9194415574976,525.5264640241975,10669560
2022-03-02,553.97607421875,556.149316287604,502.8557773841434,511.69688425751133,41081069
2022-03-03,525.2794799804688,556.6431348735198,523.7977325052065,553.9265978355389,5811568
2022-03-04,515.1542358398438,522.464214597701,507.99245595520546,522.464214597701,4687979
2022-03-07,497.373291015625,513.6725150508937,491.9402163372021,498.8550386551949,9156126
2022-03-08,506.8070373535156,508.6839416846759,491.0017302867733,493.91584583569625,7443036
2022-03-09,508.43701171875,516.6360031519612,501.81852696213434,510.70901267603045,4515965
2022-03-10,514.9566650390625,523.3038551552463,509.5729700912898,517.6238227491251,5059007
2022-03-11,512.487060546875,517.8213757048558,508.48635432461975,512.2401026283104,2924919
2022-03-14,506.2143859863281,514.8085341618513,503.84356569912705,513.6725035466374,4517379
2022-03-15,498.5586853027344,513.4749202822181,496.6324013741678,506.21438119661764,4513513
2022-03-16,511.00537109375,515.0060777705486,500.88009528220834,500.88009528220834,6339842
2022-03-17,523.698974609375,526.4155116533325,514.1663750472313,516.6359541781018,11303983
2022-03-21,515.993896484375,527.7984980923777,513.9194739022844,526.3167504501798,4064003
2022-03-22,522.8593139648438,524.04472407969,510.2150800888971,517.1299020842936,3457606
2022-03-23,519.4513549804688,527.5022086869682,517.7720890669406,525.4277859158619,2654149
2022-03-24,515.993896484375,519.5995065307095,512.6846842004529,517.623843007779,3192575
2022-03-25,513.22802734375,521.5752185629583,511.5487011345795,517.7226502179478,2874297
2022-03-28,506.3625183105469,514.3639914615675,498.9538105164617,509.8199293493615,4968964
2022-03-29,516.635986328125,519.303144013933,508.1406577062539,510.70899604520196,3428962
2022-03-30,535.701171875,536.7383832041703,519.5995256297577,519.5995256297577,6695548
2022-03-31,531.6510620117188,543.5544225878157,527.4033975284079,536.3432628427812,5976662
2022-04-01,543.6531372070312,544.6904086978185,529.8729336004074,531.4534401604803,3675121
2022-04-04,564.8421630859375,590.2788297700388,547.0611921999639,553.1857608969585,23976331
2022-04-05,562.7183837890625,568.6453743236583,560.1006055192966,565.0397642981263,4898169
2022-04-06,549.0863037109375,561.0884846743938,547.0118809655733,560.1006528351784,5626902
2022-04-07,552.1979370117188,553.7290641345644,546.1227477558743,553.1857687416145,3159512
2022-04-08,557.9273681640625,559.9524112214621,547.0612187617111,552.1485764625256,3232920
2022-04-11,560.4957885742188,564.7434532643434,553.7784840866149,558.0755886008145,3034500
2022-04-12,555.4577026367188,565.8299345490426,553.630238273911,559.6066074601396,4518691
2022-04-13,557.9767456054688,561.8293135870521,555.1614492060189,558.1249444864781,2313264
2022-04-18,567.311767578125,569.8307265070486,548.4935846129762,553.6797013517752,5765896
2022-04-19,540.0476684570312,572.8436969640919,535.4048468410596,569.880201501872,2958108
2022-04-20,552.4942626953125,553.926630731622,534.4169544820463,541.3317764439213,3278202
2022-04-21,564.0025634765625,568.6947644035015,550.2716776996912,553.6797093788033,3111307
2022-04-22,547.3082275390625,561.9775667702692,545.283184293568,561.9775667702692,2703271
2022-04-25,533.4290771484375,545.283056640625,529.4777506510417,545.283056640625,3225681
2022-04-26,543.1592407226562,549.2344298460318,531.4040795686955,534.5157132745397,4153518
2022-04-27,540.9860229492188,551.6545926261203,530.7125497537085,545.2830664756576,4744055
2022-04-28,564.4471435546875,568.349031130614,539.8501063575472,544.1965906172132,14954957
2022-04-29,575.3132934570312,586.7721187980518,566.2252283801159,568.3490306817641,8916828
2022-05-02,572.7942504882812,578.6224822799624,567.7069528460215,570.4234903215144,3025011
2022-05-04,560.693359375,573.4857944712348,557.5323455455995,563.3605175494715,3587834
2022-05-05,562.817138671875,570.3740756644027,556.6431902441449,563.5580124832027,3860357
2022-05-06,559.0634155273438,566.7684914572891,548.2466453312339,548.2466453312339,3969111
2022-05-09,556.9889526367188,562.0763106728016,550.7162446398714,551.3583594456773,2774773
2022-05-10,552.3955078125,565.9288143842793,551.2100976944495,554.1735928433443,3953646
2022-05-11,556.6925659179688,568.6947456953468,552.6918594229976,552.6918594229976,4283207
2022-05-12,540.5910034179688,557.7793024723227,537.6768872752657,553.2846191254121,3079554
2022-05-13,544.04833984375,558.9645752485806,541.3811820429453,548.2466248084997,3154166
2022-05-16,543.0111694335938,550.9632036128104,537.5780943643505,545.3819296519633,1260662
2022-05-17,548.0984497070312,550.0741133055678,535.898751103055,543.1592907106897,2057634
2022-05-18,543.3074951171875,551.7534450282427,540.887295125899,548.2466541637074,2377852
2022-05-19,522.2666625976562,540.7391285337404,519.0068298542216,535.8987288017704,3998270
2022-05-20,538.072021484375,540.6897397149479,525.5265449138399,527.5022086165234,2607708
2022-05-23,544.4434204101562,549.4319580228623,536.0468516566555,537.3804002240521,3094798
2022-05-24,546.1721801757812,549.2344343799793,539.0104002310783,544.4434746718874,3835802
2022-05-25,562.1749877929688,564.5951874796096,549.827091730986,550.9137427599172,5339885
2022-05-26,571.01611328125,573.9302289116695,556.2974568391999,561.1871756157503,3444955
2022-05-27,590.8221435546875,596.9467124424136,570.3740746329938,574.9180765506002,8795852
2022-05-30,601.4907836914062,605.9360266181345,592.0075626055728,598.2803304665468,5399271
2022-05-31,593.318359375,601.7879555459857,590.4951203438244,601.2926568171413,5609885
2022-06-01,601.4412231445312,603.2738041120896,591.0399506598401,593.318312540424,4893225
2022-06-02,602.1842041015625,603.8186535903269,585.6412148673202,598.320849925812,5252011
2022-06-03,597.0330810546875,611.6443930958288,594.6556230465367,607.2362224555698,3679222
2022-06-06,600.401123046875,608.7221662657741,595.3986177434549,596.290179681649,3348790
2022-06-07,599.6085815429688,601.4412229712649,587.4737636476582,601.2926091798772,1652408
2022-06-08,594.3089599609375,603.1748193461739,590.4456056711072,596.6368398142513,2129427
2022-06-09,599.21240234375,601.1935971797865,586.4336714668073,589.9007624298711,2320898
2022-06-10,587.5233154296875,598.1227200929612,585.9879014952983,596.1415252198734,1988641
2022-06-13,576.5277099609375,584.4524894793009,574.1007341411848,576.0819290207756,2280937
2022-06-14,567.0180053710938,579.1528241508556,564.7891611054232,574.546521817295,4065780
2022-06-15,574.2988891601562,576.7258650789607,565.7797750147344,571.5747460895388,2601467
2022-06-16,565.1853637695312,580.3414926827725,562.3126674374087,576.5277166796233,2366283
2022-06-17,545.6210327148438,566.6217095672831,542.2530378508193,558.6969304124959,5050203
2022-06-20,547.948974609375,553.19912872385,540.7175652386412,545.8191660202519,1278783
2022-06-21,559.1427001953125,560.4799824665405,549.7815429129205,550.1778060472739,982122
2022-06-22,546.6116333007812,558.5483198801227,545.1752549783358,555.7251414742524,1215189
2022-06-23,552.8523559570312,554.7345151034951,544.48185673207,547.8993692150358,1592871
2022-06-24,556.1709594726562,559.9847355328973,552.9019999265539,552.9019999265539,1021604
2022-06-27,552.75341796875,567.1170820557516,551.366557251702,558.9446524890093,2738127
2022-06-28,560.6286010742188,563.6499110005095,544.1846482375146,554.6850167754436,2194297
2022-06-29,536.160888671875,556.270005521956,533.6843949597647,553.2486952854359,4268386
2022-06-30,544.82861328125,550.7721981534091,532.5451803609458,535.4179372336648,6228299
2022-07-01,560.1333618164062,561.9659429851374,535.4674601747721,544.779100748718,2052291
2022-07-04,568.9000854492188,570.088814443875,557.805382267875,560.1333224785075,1488372
2022-07-05,559.5389404296875,575.7352448686908,557.9540087084102,575.5371132882136,2528269
2022-07-06,552.2085571289062,566.5227022838199,549.7815812993847,557.9540102105918,3309296
2022-07-07,549.3853149414062,560.3314650005433,546.0173199288998,558.4988234634445,4548159
2022-07-08,540.2222900390625,553.5953554869734,538.3401911787108,552.7533718469831,3509988
2022-07-11,541.5101318359375,543.9370472714497,535.1207660542078,537.8944268814157,1848324
2022-07-12,534.6749267578125,541.5100727480227,532.3965649148307,541.4109767349493,2088278
2022-07-13,534.4273681640625,540.6186027350085,533.4862884170236,537.3496429738041,1169625
2022-07-14,532.099365234375,538.3401161480134,527.5920991388895,535.7150091118248,1770641
2022-07-15,534.8236083984375,536.606671786059,528.9790590298903,532.0498870607234,1079168
2022-07-18,537.646728515625,540.8166522269477,535.368366631672,539.2812383787141,1543573
2022-07-19,530.8612060546875,539.6774872226805,529.9696441510464,535.9132289452638,4654412
2022-07-20,520.2617797851562,536.0122425684049,517.0918559323974,534.9226095852387,9053768
2022-07-21,524.1250610351562,527.3445025905596,514.1695692407009,520.3608030010919,5528757
2022-07-22,529.9696044921875,531.9012814980105,523.5802392242807,525.0166175343165,2944287
2022-07-25,521.7971801757812,530.9602061209658,521.0542321261717,528.979011322007,3800562
2022-07-26,517.63671875,526.0072798339629,515.2097427489068,520.0636947510933,7812371
2022-07-27,516.348876953125,527.5426150950597,515.1601480218433,520.06361707509,8672870
2022-07-28,526.6015625,530.9602153177124,514.7639717401961,519.0730463180621,11504269
2022-07-29,550.2767944335938,554.7344822372862,529.1770842550347,534.9225364430974,14236016
2022-08-01,540.9157104492188,554.9326881617214,539.2812609788991,554.7345565849731,4482787
2022-08-02,533.4367065429688,539.8755897231531,529.622930689982,539.8755897231531,5856552
2022-08-03,530.3162841796875,535.4674026574713,521.5495215349736,534.9225861897164,4152018
2022-08-04,529.87060546875,534.3282940381631,524.4223194394673,531.257405635805,4868831
2022-08-05,534.1796875,540.4204394898042,531.5050622297207,532.5451774844761,5466554
2022-08-08,531.7031860351562,538.2906833209851,530.7621063569992,535.9132252352483,2560379
2022-08-10,535.814208984375,538.8355192504854,531.9508545711369,533.3377152480103,3597072
2022-08-11,536.4580078125,540.3708796196897,534.1796458935246,538.5382986212516,2333537
2022-08-12,539.8260498046875,543.1940445917365,535.0711945127408,536.903775465895,2904816
2022-08-16,565.23486328125,567.5132857147078,540.8661909504092,542.5502186555121,9780995
2022-08-17,583.80859375,586.1365340772354,564.6405569231694,566.6217518597418,8775717
2022-08-18,581.2330322265625,593.3183327605102,577.5182919268614,584.650605394541,7123366
2022-08-19,571.2280883789062,588.8111944908468,568.4048491489565,580.985449839614,3992396
2022-08-22,561.3220825195312,571.2280572541121,560.281906803383,571.2280572541121,2575136
2022-08-23,560.529541015625,565.9283091922489,554.7345701370937,554.7345701370937,2725513
2022-08-24,561.3220825195312,568.8505991333041,557.854991362428,562.5603293613539,3475352
2022-08-25,565.6806640625,574.2988740052862,563.0060388442187,564.1452501009236,2146845
2022-08-26,561.5696411132812,576.032337703446,559.0435695952714,569.4944196199496,4009744
2022-08-29,555.6756591796875,559.6875668141543,548.8900302787179,549.7815921802754,2582228
2022-08-30,569.7916870117188,571.0794516534617,556.8644018896148,558.2016843134877,3057037
2022-09-01,570.1878662109375,575.5371166083285,563.6994650264539,571.4261130194752,3491926
2022-09-02,569.4449462890625,580.5891681170658,565.8788194886106,569.593560097945,3282784
2022-09-05,568.2562866210938,573.4073453115539,564.6900993031514,568.6029715655876,1218242
2022-09-06,568.1076049804688,575.3389538583242,566.2750239876191,570.9803616051556,3339197
2022-09-07,571.525146484375,573.0605602666484,563.5508500024764,564.6404828902154,3210212
2022-09-08,578.8555297851562,580.4900395759762,572.5652608786933,574.3978417679347,2397242
2022-09-09,570.5346069335938,583.362855857509,569.5935272745385,580.49009910066,1230807
2022-09-12,573.1101684570312,578.5089368953123,567.4142328625996,572.5653519272098,2014300
2022-09-13,581.5302124023438,600.2030103377768,579.4994997518774,599.3114484613433,10170913
2022-09-14,570.9308471679688,580.6882688578012,569.6430825051992,574.5465522415847,3032306
2022-09-15,561.4210815429688,577.9145525870972,560.7771690426206,572.9615655421659,2651988
2022-09-16,541.609130859375,563.5013093122566,539.7765498457295,562.6593257030178,7125860
2022-09-19,542.9464111328125,551.7627521834462,537.8943885738084,544.8285703786273,4657454
2022-09-20,554.4868774414062,559.2417327215851,542.0548925494884,545.6210188943062,8499419
2022-09-21,546.2154541015625,556.5176312291122,544.3332947758823,552.7533730390215,2075187
2022-09-22,540.6680297851562,546.2649290825376,535.0216127117724,539.9745995373258,3493307
2022-09-23,534.3778076171875,539.8756113839813,532.0498673280357,537.6467671167998,2118150
2022-09-26,517.8348388671875,531.4060365978552,515.1106957645864,529.9696581424109,3974804
2022-09-27,515.9526977539062,521.9458611612815,510.4053757872112,520.4599648707803,2994372
2022-09-28,509.61285400390625,515.3583069385504,505.20468339963617,513.476147659025,3564554
2022-09-29,523.0354614257812,524.769006989219,512.1388893127441,513.1294867775657,5428542
2022-09-30,525.46240234375,527.3940793638768,516.5965435312573,521.0542318263497,3216079
2022-10-03,513.8229370117188,525.5614932403493,513.1790244501174,525.5614932403493,2951085
2022-10-04,526.9483032226562,528.0874539649764,517.2899784956679,517.2899784956679,2257640
2022-10-06,524.6699829101562,534.1301768139934,523.8279387698664,529.9696552784317,3033739
2022-10-07,521.8961791992188,528.4836756291481,520.955160104597,524.9670671994073,2762228
2022-10-10,528.1865844726562,529.4743490947577,515.1106857423274,520.8561389910453,2979552
2022-10-11,517.63671875,529.9696698892093,516.3984718577356,528.9790723753977,2358152
2022-10-12,521.6485595703125,523.6297543434033,515.2096765577672,515.2096765577672,1768526
2022-10-13,515.7545776367188,521.0542497183579,513.1294702549608,520.0636522854332,1463375
2022-10-14,518.0824584960938,529.3752934394073,516.8937294818603,529.3752934394073,2214367
2022-10-17,518.825439453125,520.9552482578237,513.7238381551388,517.0918938320406,1486039
2022-10-18,526.2548828125,527.3940940374487,518.8254021139705,521.153281881669,2757284
2022-10-19,526.552001953125,530.3658379741679,524.3231579467247,528.1865117423239,2135162
2022-10-20,532.1489868164062,532.9414527207624,522.044880267364,526.007270250418,2285817
2022-10-21,536.854248046875,543.1445170597341,531.6536119388174,534.8235355636006,4221644
2022-10-24,536.4580078125,541.8567757139693,534.6254268140619,541.6586441424787,389166
2022-10-25,528.4342041015625,539.6774605981044,526.5025270464854,539.2316796682761,2362781
2022-10-27,527.9884033203125,532.8918724415254,524.6699262831996,527.9884033203125,4849578
2022-10-28,525.11572265625,531.455570986734,523.3326592074498,527.6913124923167,1207153
2022-10-31,535.368408203125,536.2103918578141,527.0968831530704,527.7903134658401,1625350
2022-11-01,539.4298095703125,545.7201394244441,534.8235678730931,537.9439134496738,2726938
2022-11-02,537.1514282226562,542.995976937386,535.0711979133542,540.7175545989643,1479779
2022-11-03,540.2718505859375,543.1445467927929,533.0900193768975,535.3188635452203,1782757
2022-11-04,534.2291870117188,541.7577638284215,531.4555262734681,540.2718676692226,1514523
2022-11-07,530.960205078125,538.3896855596286,529.6724405535844,534.9225946682602,2976001
2022-11-09,526.7501220703125,533.1394868421202,525.9081385373564,531.7031086436111,2253327
2022-11-10,523.2831420898438,529.4743766152797,522.0448951847566,526.7502334240878,1377280
2022-11-11,537.5477294921875,547.8003888973496,527.443623427505,529.9696348283582,6425663
2022-11-14,533.7833862304688,540.0737160140216,531.3068927238576,539.8755844412392,2050388
2022-11-15,527.889404296875,535.8637016621262,525.1652613144975,534.7244904122604,2529334
2022-11-16,523.134521484375,527.146489773786,520.6580277063553,522.143923973167,2993826
2022-11-17,526.2053833007812,530.5144580710114,520.1131847319874,523.5802758449954,2836626
2022-11-18,526.552001953125,529.721925521147,523.0849112765022,527.9883801828356,1947066
2022-11-21,527.344482421875,529.8705540685168,523.5802245317775,526.502498847171,2063314
2022-11-22,534.873046875,535.5168988705055,527.2949530246218,528.780849037538,2913409
2022-11-23,542.5006713867188,543.9369891976451,535.9131747218061,537.5476845593453,5516902
2022-11-24,567.1665649414062,568.1571624036953,544.9276398207603,546.7107636218975,10593189
2022-11-25,581.08447265625,584.4525283601229,568.6029682690009,569.593565774696,9556330
2022-11-28,580.4901123046875,587.4242945335831,576.6763362633033,579.2023476972896,5799007
2022-11-29,579.3508911132812,581.9759985251794,577.0725290836494,578.0136087479866,3215187
2022-11-30,585.0468139648438,587.4242719650614,579.5490103582677,580.6882215794695,3502958
2022-12-01,590.8418579101562,595.2500286307775,583.560930415754,585.0468265826194,3187533
2022-12-02,584.3038330078125,589.3559158585833,581.4311369189571,589.3559158585833,2788220
2022-12-05,583.3628540039062,588.2167451615394,579.3013682412226,586.3346463106785,2199625
2022-12-06,581.2825317382812,589.8017055013097,579.5985040964167,582.4712606890836,2751347
2022-12-07,576.32958984375,585.3440630019453,574.645562070349,585.3440630019453,2831232
2022-12-08,572.0700073242188,575.3389667023893,568.1076176630986,574.5465008624188,3171602
2022-12-09,574.1502685546875,576.428691101241,566.1759710255641,575.5371291950878,3243513
2022-12-12,571.0794067382812,572.5653028529515,566.1759374676158,569.7916421978206,1747003
2022-12-13,576.8744506835938,578.3108292024973,571.8719452209696,572.7635071875375,3212182
2022-12-14,574.8932495117188,580.0443687345336,573.6550026053342,577.5183571377639,2800824
2022-12-15,574.7446899414062,581.7283903256018,570.7327821003811,577.4193153225144,1991517
2022-12-16,569.7916870117188,580.1929606324669,568.2066947546508,573.75407696248,2787126
2022-12-19,578.9546508789062,581.2330127608327,568.8010277331056,569.5439757681642,1960076
2022-12-20,574.348388671875,579.4995074974396,573.110141860983,577.5183126000125,2166279
2022-12-21,569.98974609375,584.3534078380741,565.9282606341134,579.4994565813483,2694392
2022-12-22,572.4166870117188,577.3201562648641,568.6029111821988,570.9803691416836,3424491
2022-12-23,560.1333618164062,573.5064279076186,558.8455971739513,569.5440379546668,3234932
2022-12-26,563.9470825195312,565.3834608285193,557.211032353994,557.211032353994,1962030
2022-12-27,564.4423828125,568.8010355290897,562.1145031219169,566.6217091707949,1511387
2022-12-28,562.8574829101562,566.3740917637023,561.0248413517801,564.343379084438,1452719
2022-12-29,565.6311645507812,567.8104911124083,553.8926085252608,560.6781771203891,3393061
2022-12-30,560.9258422851562,567.6123755044496,559.8857269877433,566.6712957739238,1690896
2023-01-02,564.9376831054688,566.0273765183283,555.9727887598133,559.6875289965159,841928
2023-01-03,589.9998168945312,594.358469857998,564.1452476402164,564.6405463650981,10096217
2023-01-04,592.9716186523438,604.1654183812946,589.405491961121,593.3678818230445,7722662
2023-01-05,603.7196044921875,606.6418789481785,592.3772520389867,594.3584468618596,5704967
2023-01-06,605.8989868164062,614.7647860980954,599.9554017991719,602.2832817464126,5415866
2023-01-09,602.72900390625,612.2387148214461,596.0919891923287,609.2669226027889,3969535
2023-01-10,594.5565795898438,607.2857321669894,593.9126670866538,602.7785260284631,4073524
2023-01-11,594.2098388671875,599.8562562597574,588.761553051093,594.358452664861,3576811
2023-01-12,592.7735595703125,600.1039446870233,589.0092407559971,596.7854672947567,2358813
2023-01-13,598.816162109375,601.8869900382482,590.7427686590415,593.8136570491852,3272285
2023-01-16,598.5189819335938,606.8399641054705,594.2098468173588,599.3114477888292,2170216
2023-01-17,603.7196044921875,604.8587552385787,595.5471758478369,601.2926287419147,1807515
2023-01-18,595.3985595703125,604.3139362360859,592.8230304958183,604.264418457974,3291651
2023-01-19,599.55908203125,605.255017135223,595.1013936890103,595.497656837272,3615736
2023-01-20,584.997314453125,602.679515286377,582.7189524008454,602.2832521202108,4255202
2023-01-23,583.6600341796875,590.8418657481428,579.6976443488156,589.4054873421976,3884783
2023-01-24,584.0067138671875,589.1578326933726,582.6199137155835,585.4430922602493,2219052
2023-01-25,579.5490112304688,586.1860260682353,574.6455418859332,584.4524805750043,1443501
2023-01-27,582.174072265625,588.3157879023305,572.6147836933825,580.9358255832757,3632289
2023-01-30,582.4218139648438,586.7804067011581,577.815511391513,581.2826026519162,2843943
2023-01-31,573.4073486328125,583.9572363752465,567.5628595582386,582.4218223158786,3073978
2023-02-01,510.85113525390625,579.1528439565851,497.6266527792197,577.4192983573358,22671272
2023-02-02,488.0673522949219,500.4993376038121,478.50806317646783,494.30810383830226,17269387
2023-02-03,484.3030700683594,494.30811000435386,476.47735653726295,491.3363177598387,10593983
2023-02-06,477.5174865722656,485.1450989958479,469.24602208578773,482.4209560203735,7441590
2023-02-07,478.4090270996094,486.8786227893477,477.46794747602354,479.35007649256164,7117626
2023-02-08,503.768310546875,505.501856048042,478.9538570367098,480.2416216024658,10571918
2023-02-09,513.7733764648438,517.7852839266927,497.47803680098775,503.76830623834513,9516815
2023-02-10,517.63671875,523.4317504825624,513.4266793163007,514.9125755870181,7239045
2023-02-13,509.6623840332031,521.0542546189793,507.3345042284437,517.6366813509925,3063664
2023-02-14,507.2353820800781,512.584632177153,502.87675960485285,510.5539196174128,2233957
2023-02-15,514.2191162109375,515.110678107555,504.8579883721718,505.9476516219879,2497424
2023-02-16,509.7614440917969,517.0918897011886,507.8793451378473,514.1200972316416,1983991
2023-02-17,499.5087585449219,509.7119000729212,496.78461558805816,509.7119000729212,4312084
2023-02-20,503.1739807128906,517.8348107027027,495.5463683482105,501.53947075572006,6129396
2023-02-21,496.33880615234375,509.9595201546653,495.34820877035673,506.0961964110425,2669387
2023-02-22,489.8009338378906,497.0322833165598,487.8692566684718,495.8931022658977,2728046
2023-02-23,482.2723693847656,490.29621468947937,481.57893908497954,489.8009159698135,4158416
2023-02-24,478.3099670410156,485.3927324997319,477.4679531936138,483.9068363798347,2436219
2023-02-27,484.10498046875,486.28427669588643,473.5055757805712,478.30997940522485,2587409
2023-02-28,484.2040100097656,487.0767667312941,479.99397094689004,486.2842706516663,3271808
2023-03-01,485.1451110839844,486.2347743474517,479.8454085717024,484.3030971880943,1591916
2023-03-02,478.26043701171875,486.6309975607428,477.1212559897646,485.39275074761116,2618651
2023-03-03,485.3432312011719,487.91876037860527,477.0717364734254,480.73692888857636,2983486
2023-03-06,485.5413513183594,492.0793007667219,484.4021702565214,487.37396271208286,3007451
2023-03-08,490.5438537597656,491.6830347449749,483.41154025392945,485.3927350910357,5589817
2023-03-09,486.6309814453125,491.93068367613637,485.392734673187,490.34572176168894,2336282
2023-03-10,485.6404113769531,486.5319430569642,479.6473087546117,482.9657861062842,2383642
2023-03-13,474.4466552734375,490.8410307887598,472.8121453153647,485.39274487687646,2849642
2023-03-14,466.1256103515625,480.78647050921535,464.34254706309406,475.93254913004273,8530038
2023-03-15,462.3118591308594,473.95137959947647,460.7268971060268,468.6021289868371,6095528
2023-03-16,457.0616760253906,464.59022299857367,453.49551901381585,462.3118608629034,6790599
2023-03-17,466.8190612792969,472.8121639260128,459.6372295673077,459.6867473489291,7640040
2023-03-20,460.8754577636719,466.96762595773106,453.7926921321841,465.5807955914579,3937830
2023-03-21,478.2109069824219,479.44915376383676,462.1136988240286,462.60899753659453,4363583
2023-03-22,492.7727355957031,493.8128508723874,478.4585897118618,478.4585897118618,5604187
2023-03-23,493.8623352050781,500.25170070234196,489.50371257181826,492.7727022197389,4489138
2023-03-24,487.62158203125,497.1808411280415,477.07172551032187,489.8504262355574,6424544
2023-03-27,488.3150329589844,494.75391648801116,482.07425078477706,482.07425078477706,2412510
2023-03-28,485.0955810546875,493.812826481056,482.2723722894612,490.79151636515104,2494157
2023-03-29,491.28680419921875,493.3175168248182,482.12377803329593,486.68050199616636,3137010
2023-03-31,494.5062561035156,496.4874509913813,490.34573474674386,492.3269296346095,3459342
2023-04-03,498.9639587402344,503.71881451359513,496.5369828415724,497.32944872692065,2394944
2023-04-05,502.975830078125,507.1363512522654,498.9639226985588,498.9639226985588,4270479
2023-04-06,509.8110046386719,512.0398489134642,500.4993643728091,501.3413782560799,2416882
2023-04-10,508.8699035644531,515.4078223110663,506.83916072777026,509.81098319982254,2375216
2023-04-11,508.7212829589844,517.8843089140499,507.9288171307997,511.9407245107642,3671457
2023-04-12,512.1884155273438,513.5752761854382,504.75893441884944,509.1671053021438,1950603
2023-04-13,526.8492431640625,528.4837531831582,513.6247910505484,514.7640023318904,4153200
2023-04-17,528.3847045898438,537.3991172101511,524.3232187636593,537.3991172101511,3417617
2023-04-18,527.2950439453125,534.922656885753,524.5213830018633,531.9508643474989,2514020
2023-04-19,519.865478515625,527.9388711232523,518.4291002622033,527.4930902223608,1622301
2023-04-20,525.2643432617188,526.6016257502936,517.8843795291057,520.0637061997215,1561641
2023-04-21,508.4736633300781,536.1608743860069,506.59153420515037,530.9602377291449,4452849
2023-04-24,542.401611328125,550.3263907772401,526.9978333661611,545.8191845578098,23496385
2023-04-25,524.7689208984375,541.7081105834249,523.035375619396,541.0147408408171,6700461
2023-04-26,526.6015625,531.8517771771933,523.6297702500874,524.0260334012496,4165761
2023-04-27,512.9808349609375,525.1156530057993,511.1977717486397,525.1156530057993,7978904
2023-04-28,524.7689208984375,526.0071675263243,511.5939888699739,512.2378408397184,4031679
2023-05-02,539.3803100585938,540.7175924279501,524.570866129102,525.0166470726441,4239067
2023-05-03,533.6348266601562,542.6987565116613,530.0686397755544,538.8849807405591,2875460
2023-05-04,541.3615112304688,544.5809529715466,531.5050544232225,534.7244961643004,2312821
2023-05-05,534.62548828125,543.5903836551994,532.4461616668241,537.894447972252,2159574
2023-05-08,544.3828125,545.8191908840541,534.9226190152255,536.9038139004671,1970280
2023-05-09,546.8593139648438,552.2085644163718,544.4323381032935,547.3050949126829,1927306
2023-05-10,557.3596801757812,558.2016638249044,545.967809485477,548.1966537509713,3191516
2023-05-11,562.0650634765625,564.0462585392768,555.7747328756794,556.7653304070367,1620276
2023-05-12,555.3784790039062,563.6499434446405,553.3972841236088,562.0650117249103,1433810
2023-05-15,554.0410766601562,557.7558166616251,551.0692846589811,554.635471337149,1984609
2023-05-16,554.2391967773438,558.2015860304437,548.7909115543314,556.9138216154386,3027008
2023-05-17,554.8335571289062,557.4586643173052,547.2060058262285,556.7157162973355,1395385
2023-05-18,556.27001953125,563.4518514772395,554.0411751342187,558.6969955224944,1745334
2023-05-19,552.3571166992188,559.5885264894173,549.7320697203464,559.5885264894173,1484899
2023-05-22,561.6687622070312,563.8480887205473,549.2862939044071,551.762787564932,1975841
2023-05-23,557.4091796875,568.3552690737029,555.8737657805132,562.3621667818242,3425506
2023-05-24,560.6781005859375,566.5721669157987,553.6448835793475,557.3100454085128,1529396
2023-05-25,566.6712646484375,568.305774641218,557.7558875124071,560.6781621103601,1307797
2023-05-26,571.7728271484375,573.4072765696033,563.996601339122,566.6217086142366,1467444
2023-05-29,573.60546875,582.9171094096274,569.593560977975,571.8719231296323,2794717
2023-05-30,579.6481323242188,583.4619083897963,565.6311539738094,570.5841413115836,2653926
2023-05-31,586.7803344726562,598.0236510241838,578.7565198707644,597.3302207652048,10027475
2023-06-01,576.7258911132812,588.8607107938165,575.5371619910964,587.8701132688748,1659264
2023-06-02,570.9804077148438,580.4901192726863,567.562834340182,579.796688949219,3192761
2023-06-05,568.7515258789062,575.4875761597641,567.6123146754171,572.6148194926067,2230529
2023-06-06,574.2493286132812,577.2706386107105,562.5602913093848,568.7515250997185,3334157
2023-06-07,588.8606567382812,589.9007719517358,577.2211368886879,577.5183040266364,3440284
2023-06-08,588.3157958984375,591.7828866561388,584.2543104483716,588.8606123538233,1675907
2023-06-09,576.2305297851562,588.1176987937772,571.3270604768464,582.4217636438129,3023579
2023-06-12,578.9052124023438,585.443131821937,575.982937638558,580.4406264595373,3327440
2023-06-13,579.3013305664062,581.4806568752274,575.5370726482234,576.7753193621826,3288950
2023-06-14,579.5490112304688,583.9076640836711,576.3295696001827,579.3013618742929,5344073
2023-06-15,572.7139282226562,579.5490142115063,568.6029247044839,579.5490142115063,2074065
2023-06-16,605.8095703125,611.226139288728,573.0617512054754,574.2543997069438,11422524
2023-06-19,622.7052612304688,625.1402393186039,598.4052827210152,606.2071488131779,7087287
2023-06-20,639.7500610351562,640.8929678673637,620.369719333107,623.1525254966608,10400684
2023-06-21,638.557373046875,655.9003052718676,636.1223950564397,641.0420320859679,7689046
2023-06-22,635.078857421875,651.7757542172742,633.339596075258,638.5573801151091,4577233
2023-06-23,623.0531616210938,639.0543425114861,619.9721478346946,638.5077296228002,4159293
2023-06-26,626.382568359375,628.4696577699447,612.9654090212528,616.1457848483398,3749962
2023-06-27,663.1058349609375,669.8640956034471,633.1905029003743,637.0665953736047,30050877
2023-06-28,647.9494018554688,667.8266743372034,637.6131959007181,663.1058221227914,21909643
2023-06-30,647.2039794921875,653.4653079533813,634.5818998148044,647.9990582290563,8681796
2023-07-03,646.7070922851562,652.9684211780263,640.0978747167458,647.0052392494599,2795761
2023-07-04,643.02978515625,653.2168876258814,640.6444881186235,650.3844004717456,3340982
2023-07-05,669.4664916992188,671.802107538159,641.0916982631168,643.0297444007763,5871642
2023-07-06,657.0929565429688,673.5413873197348,655.4530573059305,670.4106926528877,4788193
2023-07-07,654.0616455078125,674.8334201112749,652.670272790555,656.5463046392973,5425784
2023-07-10,664.1494140625,670.6095280788206,655.0058559380441,655.9500385802469,3676990
2023-07-11,668.4229736328125,680.5978031259662,666.6340312271674,666.882497135191,5004622
2023-07-12,667.5781860351562,673.34258272935,665.6401399010807,671.7524252484068,2912240
2023-07-13,676.423583984375,686.6106865182398,671.8518354041585,671.8518354041585,3997060
2023-07-14,665.9383544921875,680.5978439447784,656.4966494210272,679.6536613055373,6273380
2023-07-17,663.05615234375,670.7088538507944,658.0370924283052,668.8205493293068,2439405
2023-07-18,652.5211181640625,662.9070046570043,649.3407425913055,662.9070046570043,5855926
2023-07-19,655.0057983398438,656.3972316544839,645.0671622656162,653.962253684174,4866371
2023-07-20,656.9935302734375,658.7824726475232,647.5518259351078,655.9499856102726,2754328
2023-07-21,643.3279418945312,658.4346818208863,629.761739186219,658.4346818208863,5964750
2023-07-24,649.1420288085938,656.1487549939125,642.085560915223,649.5892188961051,7781836
2023-07-25,647.80029296875,655.9499867544906,646.0113505915438,649.1420452471204,4754351
2023-07-26,654.5585327148438,655.9499659978748,644.0236029797315,647.9990573191127,1841832
2023-07-27,658.385009765625,664.1494070021682,653.1672254232959,654.5585981848752,3364659
2023-07-28,655.2543334960938,660.3727558795397,650.4837998083868,658.93164136434,1664766
2023-07-31,642.8806762695312,650.9806892627753,640.4954399113544,647.999098319587,3738008
2023-08-01,638.8058471679688,642.8309827309517,634.0849949329662,637.2156896267429,3370855
2023-08-02,638.9052124023438,640.9426813791055,633.0911344117904,638.8058503032627,2536221
2023-08-03,628.8175659179688,637.0169413229524,625.2396202539643,633.1905297375849,2670399
2023-08-04,638.2592163085938,640.2966245572884,631.2524900579023,632.0475688060977,2032172
2023-08-07,644.8187255859375,645.7629081879021,635.3273398370395,641.0420558387024,1676683
2023-08-08,641.4893188476562,650.831600962593,638.1598391520375,646.0113864204747,3542734
2023-08-09,641.8370971679688,647.9990635857238,639.2033950390305,642.035882018984,2176168
2023-08-10,636.0726928710938,647.5021240711212,634.1843277998851,641.0420107841492,1472754
2023-08-11,629.7119750976562,637.9610917996133,628.1218175453347,636.072726628187,1288176
2023-08-14,628.8672485351562,634.0850328967676,621.7610989022354,628.2212128737542,1927044
2023-08-16,621.3139038085938,625.9353335241618,615.8476535686611,623.2518894560699,1800138
2023-08-17,624.5438842773438,627.0782242187935,618.3819180839835,621.3138277129858,1800092
2023-08-18,622.1089477539062,623.5997431903352,612.9653902783513,619.1770379301385,2392364
2023-08-21,621.3139038085938,625.4880827360423,619.17707263237,621.1647999923456,1207075
2023-08-22,631.9481811523438,650.0365118164839,620.3697059609168,621.1647847532763,8186967
2023-08-23,629.314453125,634.5819181521655,626.2334395222504,634.0849863446854,1544136
2023-08-24,626.6310424804688,633.5880881543201,624.6433151450826,631.1034289850875,1518585
2023-08-25,624.4445190429688,631.9481774669033,621.91017886808,626.1340993797689,1938963
2023-08-28,623.5003662109375,628.3703225917551,620.8169827568402,625.1402655756647,2531965
2023-08-29,631.0040283203125,632.0972540237154,622.2082990023838,624.5439148751016,3656025
2023-08-30,633.1408081054688,636.0230368728004,630.2586399987587,632.5941952456291,1858995
2023-08-31,640.7935180664062,643.9242124848354,627.4260413076942,631.1033485415556,4473826
2023-09-01,637.4143676757812,644.023584590533,634.6315618497975,640.7935280320156,1271599
2023-09-04,636.1223754882812,641.8867721495303,630.1095129307661,641.0420123664734,1384829
2023-09-05,637.016845703125,644.1229335910717,632.097209066475,640.0481173566193,3759460
2023-09-06,643.5763549804688,647.2039813448802,635.3769803705098,639.5512195767947,2898323
2023-09-07,652.7199096679688,653.7137732533025,639.1039664167719,644.023603296298,2349089
2023-09-08,653.4156494140625,656.7450682784086,648.9432631219205,655.1549107498955,1693851
2023-09-11,664.5469360351562,673.392285886837,652.3721066487902,653.9622641819445,4083029
2023-09-12,656.8941650390625,666.1867655265804,652.4714598432636,664.5469269667589,4061914
2023-09-13,646.2101440429688,654.9064508012275,638.756166821604,651.9745409620331,4423644
2023-09-14,641.4893188476562,651.3782745103715,639.0543407205619,646.3095333897746,3735579
2023-09-15,640.9426879882812,642.8806735647014,636.3708788315873,637.2653803750295,6827895
2023-09-18,655.9002685546875,661.4658802264452,640.6444265123038,640.7438492646744,4012209
2023-09-20,644.222412109375,655.3039551016882,641.7874341026067,655.3039551016882,1596867
2023-09-21,640.296630859375,649.8874389618738,637.4641438346063,642.0855732255774,2420603
2023-09-22,645.4647216796875,651.9745160723716,638.3088916882327,639.4518590827903,1925717
2023-09-25,638.1598510742188,648.9929895592902,636.1224426418775,648.1979107394285,2079256
2023-09-26,640.296630859375,644.8683792019611,634.2340871015166,636.1223915644889,1968753
2023-09-27,644.222412109375,645.5641037352364,635.8739334177754,643.9242651548082,1452570
2023-09-28,630.8052978515625,646.6574358813165,629.4635454701213,641.2408666242962,2418577
2023-09-29,633.4887084960938,635.4764357763945,626.7801289250788,631.650024365442,1830734
2023-10-03,629.6622924804688,633.5880659624784,624.6929743160572,630.5567940143117,3454441
2023-10-04,621.6616821289062,628.1217955323241,620.4193526282489,627.1279319317983,2357914
2023-10-05,620.5187377929688,623.8978984246311,616.096093134705,622.1586370590506,4050085
2023-10-06,627.0286254882812,632.2960909064611,618.9286121608263,620.7175546684274,3713370
2023-10-09,611.375244140625,625.6868442007576,609.5862410550635,621.1647767580833,3308557
2023-10-10,617.437744140625,620.9162666428257,611.3752006153226,612.3193224802824,4054232
2023-10-11,617.686279296875,623.1525295561394,615.2016200881185,623.1028485040894,3102088
2023-10-12,620.8169555664062,622.456794198686,615.201601658585,618.2328736703354,2810053
2023-10-13,621.4132080078125,629.1156508099886,610.7291744435039,619.4254808330573,5462771
2023-10-16,626.1837768554688,631.1034140260642,615.8476313528329,629.1156867377931,3399593
2023-10-17,637.8616333007812,641.936510373804,626.6806680294815,628.6187141419639,4443295
2023-10-18,641.0420532226562,644.4708949417858,633.8365417717039,637.7126342647413,2187089
2023-10-19,635.078857421875,640.2966414617262,625.2893249637365,635.078857421875,3371397
2023-10-20,636.0230102539062,638.0107374142212,626.1340554992155,633.0414195134338,1853937
2023-10-23,621.4132080078125,640.7438669144296,617.9843664992361,634.0849687468763,2502483
2023-10-25,612.667236328125,624.0966678769189,603.9709297149122,621.4132239898605,2821496
2023-10-26,602.1322631835938,611.1764587212983,599.0016291079681,608.0954450350208,2011512
2023-10-27,604.9151000976562,611.8224035399847,602.3310183596811,602.3310183596811,1348147
2023-10-30,603.8715209960938,614.2077270752004,597.0635793534411,606.058033127515,1882245
2023-10-31,614.5555419921875,617.1893048358481,600.7408741418318,603.3745763248714,2661284
2023-11-01,616.2451171875,620.1212095177857,613.1144832228421,617.9843784991835,1947740
2023-11-02,615.499755859375,622.9537333499874,614.2077452264604,618.1831998881203,1651263
2023-11-03,618.2825317382812,621.1647604912089,615.7978726963164,618.1831696408511,1450553
2023-11-06,617.984375,622.4567612047194,615.5991387538551,618.2825219481906,1789823
2023-11-07,618.6304321289062,620.1709086320055,610.9279889527876,619.5746147148775,2747838
2023-11-08,614.953125,621.0156689175693,613.7107954545455,620.1709090909092,1332249
2023-11-09,617.5371704101562,621.1647970894082,609.4372178524852,614.9531491185141,2235630
2023-11-10,622.904052734375,627.624905148397,616.2451540393139,617.040232840077,2449660
2023-11-13,617.239013671875,624.3451631023729,613.2138779825583,621.3138910726714,2047300
2023-11-15,632.246337890625,635.4763945113681,623.1524619095162,629.0659623165388,2033627
2023-11-16,631.0537719726562,635.7746245740304,628.1218619091512,632.9918183306088,1753550
2023-11-17,647.80029296875,655.9499867544906,628.1218054982395,628.9665653078415,4306473
2023-11-20,648.3966674804688,651.1794735595726,643.5267113465699,650.9310076478557,2178344
2023-11-21,663.801513671875,667.9260111593807,650.2352514522236,650.9806491420809,5077816
2023-11-22,664.3978271484375,671.205768652277,661.2174514458196,665.6401566681616,2664154
2023-11-23,660.9193115234375,672.8456750396499,655.4530615785069,663.9505834516839,2184014
2023-11-24,663.90087890625,668.1247991687524,658.9812419977998,661.9628327713309,1511079
2023-11-28,669.1683349609375,672.5474953905145,663.9505511762374,663.9505511762374,1900825
2023-11-29,671.5040283203125,676.2745619137391,667.1806848601557,672.8457200413736,1829510
2023-11-30,686.5112915039062,688.7474846358408,670.4106888218533,672.7463047115798,4637116
2023-12-01,677.964111328125,690.7352349327767,675.876961272242,689.7910523356361,2106753
2023-12-04,670.8082885742188,685.5671396417199,668.1248445635939,685.5671396417199,4817286
2023-12-05,668.6217651367188,677.1192871434555,663.6027658768843,674.8334128990442,4028068
2023-12-06,673.1934814453125,677.6161865727971,670.9076073101714,672.8456534514984,1627777
2023-12-07,674.1376342773438,681.4922488164395,671.4045095130417,676.7217159054177,3853936
2023-12-08,667.1309814453125,679.8027431040503,662.9070608924,676.2745392449186,2713075
2023-12-11,668.373291015625,670.361018275151,663.1555069593692,666.9321766203442,1897948
2023-12-12,703.0093994140625,706.2394561426332,671.2057639327506,672.7463010548732,10749420
2023-12-13,693.9155883789062,702.6615760619807,684.9708158406349,702.164644254299,4757264
2023-12-14,680.3493041992188,699.679963037419,674.9327355350581,697.6922358696991,6251731
2023-12-15,668.9695434570312,683.7781348867028,659.1800115750082,683.7781348867028,8720610
2023-12-18,668.1248168945312,670.6591569871464,662.7082480467875,669.6652933696015,2050286
2023-12-19,661.962890625,669.913800049303,660.2236291884337,668.8702553194881,3794818
2023-12-20,640.1475830078125,669.8641318139581,636.370913091135,667.7770423143965,3772684
2023-12-21,640.2469482421875,644.7193344770451,633.2402219397013,637.0665725652758,2755102
2023-12-22,635.9236450195312,645.0175218647713,633.1905199268839,642.0359308546106,2854029
2023-12-26,634.0849609375,641.9365074453309,630.1095066369514,637.0665516629114,2202221
2023-12-27,639.849365234375,642.0358772580898,634.4825382604777,639.0542864968294,2353373
2023-12-28,644.1229858398438,646.9555335443428,640.2966351790794,643.0297601255171,3566880
2023-12-29,642.7316284179688,645.862262489046,639.0543208161401,644.1230011182399,1653662
2024-01-01,644.7193603515625,648.3469262690486,640.3960170879858,643.029780018462,1343888
2024-01-02,641.5390014648438,650.2849896625262,638.6567725464529,645.5144561602107,3005450
2024-01-03,633.2899169921875,644.4708828265813,632.196630603118,640.0481775421856,1893956
2024-01-04,643.9739379882812,645.0174826462628,634.084982940394,634.084982940394,4412550
2024-01-05,642.78125,650.5333735462685,638.5076488735227,644.5205112098956,1394951
2024-01-08,641.8867797851562,650.1358961678135,637.7622822544475,643.0297471858241,2064691
2024-01-09,636.9672241210938,646.8064376522955,634.6812892457858,643.0297679940376,3648496
2024-01-10,640.9923095703125,646.3591363511904,637.5137871406146,638.0603999617294,3288472
2024-01-11,640.0481567382812,649.0922912105525,635.9733402531085,642.0358839331207,2800658
2024-01-12,633.6874389648438,644.6199391146556,617.4874736022472,642.8806777271855,7076942
2024-01-15,610.6795043945312,633.0911165614018,608.0954226244389,633.0911165614018,12433539
2024-01-16,607.4991455078125,613.0647575868663,605.3126333836763,611.9715318551092,8761562
2024-01-17,602.877685546875,614.704687633005,601.3868900231085,607.2507100141731,10183042
2024-01-18,604.0703125,608.5426989113928,596.9144821096469,604.2690973615198,3658639
2024-01-19,612.1206665039062,614.605325710919,606.0580616424201,610.7292330837291,2563065
2024-01-23,582.55322265625,609.9838360711251,579.2237429183868,596.5666763367703,5994679
2024-01-24,578.0807495117188,587.3733493015665,573.1611128803692,586.3794857663692,6144401
2024-01-25,575.4470825195312,582.9507413252686,573.7575020967614,580.5655048407344,3725167
2024-01-29,574.9998168945312,580.4163860540441,571.521294032906,571.521294032906,4399011
2024-01-30,571.4716186523438,580.0188220757635,568.0427768083047,579.422528129246,5895638
2024-01-31,573.061767578125,574.4532009796958,567.7943022618201,569.9808144668781,4068280
2024-02-01,583.497314453125,587.770976601934,563.7194645601511,573.6581008864562,8911872
2024-02-02,575.248291015625,586.3298954113496,572.9624166632308,586.3298954113496,3006965
2024-02-05,559.89306640625,578.3789668063009,558.1041239573738,575.2482720252998,3750294
2024-02-06,589.1126708984375,591.3985451316718,558.7998299665061,560.5390913314529,15915028
2024-02-07,601.4365844726562,610.2322531074321,592.3427082280612,593.3365718324707,7560296
2024-02-08,588.069091796875,612.2696456800614,586.4788736741837,601.4365690658772,7782663
2024-02-09,580.4163818359375,590.5041223255893,578.6771204177647,588.0691442080225,2453771
2024-02-12,573.6580810546875,582.9010003864925,568.8875479151062,580.4163413908127,2799522
2024-02-13,585.9323120117188,590.3550174564381,571.1734608395574,573.7078010550991,5011128
2024-02-14,581.758056640625,583.3482748588962,574.850752880255,578.8262074349991,1572158
2024-02-15,581.5095825195312,585.7335029243014,578.4286295473593,583.248843862672,1737411
2024-02-16,588.8145141601562,590.3549906399713,580.1182074798537,584.8887407266383,2973324
2024-02-19,581.6090087890625,590.6531435637374,580.8139300166662,590.6531435637374,2785107
2024-02-20,584.3421630859375,585.8826396585977,572.7139458918862,576.6397195620119,3523966
2024-02-21,573.9066162109375,587.621923390073,570.9747061101004,584.3421852521143,3321288
2024-02-22,571.123779296875,575.8446317051321,563.5703790472891,574.4531983100278,4195869
2024-02-23,577.1365966796875,579.7702987869341,572.2169597955223,573.658074127739,2561028
2024-02-26,572.8132934570312,577.3851026676986,563.7691584582224,565.2599539411441,4199991
2024-02-27,578.0310668945312,588.3672729814269,569.334760072593,572.5151358424549,6321068
2024-02-28,577.0372314453125,587.2740759328353,574.6023139447249,578.4286648690414,3434747
2024-02-29,578.4286499023438,582.3047424391348,572.0182171656312,577.4347862427177,2750947
2024-03-01,586.329833984375,593.1377752760014,579.4224699378972,581.3108350132632,3460443
2024-03-04,606.554931640625,616.6923523037697,583.9942162090724,591.3488309762175,7272987
2024-03-05,603.970947265625,611.8224336396228,600.0451737483148,608.0457639328345,4342310
2024-03-06,610.1826171875,614.3071150544687,600.9893781667944,607.4991731250069,4896598
2024-03-07,618.133544921875,620.3200572101824,607.7973381011271,607.7973381011271,3682063
2024-03-11,617.0402221679688,625.1402351709191,615.1022365810725,621.1647805752376,3777242
2024-03-12,617.7359619140625,625.9353373237336,611.2758479549277,614.4562238823191,4975736
2024-03-13,606.3064575195312,622.8543101907944,600.3432761115976,619.425468749109,2840155
2024-03-14,618.431640625,620.667833781137,594.5292325770821,599.2997658447167,3750622
2024-03-15,628.4696655273438,630.9046436434796,607.5488474703122,616.1954735048437,4896049
2024-03-18,630.2089233398438,632.6439014420521,624.3948451857303,631.0537438482879,2911589
2024-03-19,628.6187744140625,632.5942291139143,619.5248975239017,630.109569926507,3861068
2024-03-20,622.55615234375,628.6186957380041,615.5991074897325,626.1340368615693,1712459
2024-03-21,618.431640625,635.0788563429088,616.195447468863,625.140220093411,7197320
2024-03-22,620.0217895507812,624.792383412791,612.2199844675134,620.0715312598353,3636733
2024-03-26,623.0531616210938,638.8555576445209,621.661728212962,634.9297839993005,13822598
2024-03-27,622.5064697265625,634.4825751762538,620.2205954753888,623.6494371824608,13848953
2024-03-28,629.4635620117188,634.830450357268,622.5065159804062,622.5065159804062,6878964
2024-04-01,630.85498046875,634.0850374778456,624.1464005267823,634.0850374778456,3874744
2024-04-02,628.0224609375,637.7126314669575,627.2273214937642,627.2273214937642,5179918
2024-04-03,620.270263671875,626.1340833195928,616.5930167904,625.9849795116967,3822465
2024-04-04,618.5807495117188,622.6555661432196,614.3070873608494,621.164770693555,3858229
2024-04-05,625.5377807617188,626.581325420701,612.5181310667812,617.1893021686195,3860995
2024-04-08,630.705810546875,631.9978817435939,622.7052207719244,626.1340622927945,3403360
2024-04-09,630.0598754882812,635.2279786204091,628.7678648704051,635.0788748080827,2873703
2024-04-10,617.686279296875,633.1905284952658,616.1954837716211,632.097302707663,6753666
2024-04-12,614.7046508789062,620.1709008058812,612.468457726962,617.1893099366221,5081775
2024-04-15,609.188720703125,612.7169244375918,600.3929912308839,606.30649192814,2594888
2024-04-16,600.8899536132812,607.3500675004859,596.9144989134629,605.312659098954,4970256
2024-04-18,601.9335327148438,620.1709060896083,600.4427372675129,614.2077243002851,11984298
2024-04-19,597.858642578125,600.6911902635411,577.5341196175999,596.3181661144534,10243493
2024-04-22,602.231689453125,605.1138576350677,594.4298234223427,598.1568121012002,3076888
2024-04-23,597.461181640625,605.4120911623933,594.3304867521784,602.3310773263327,4527775
2024-04-24,590.5537719726562,597.4113945175487,589.3611235029208,596.367849854263,4095087
2024-04-25,591.0507202148438,592.740300538898,582.0065246734343,591.7961179465774,6150372
2024-04-26,584.24267578125,599.697302834381,583.3979160103886,593.3365517175503,3094364
2024-04-29,571.5709228515625,588.3175606370861,567.4961064217138,586.3795145163067,8879207
2024-04-30,580.0684814453125,584.8886953671845,572.5150821181173,573.0120138898822,9926485
2024-05-02,572.8132934570312,582.9507148730236,569.8814442024507,580.7145216486409,8292342
2024-05-03,562.4274291992188,578.2298238656957,561.781393602213,578.2298238656957,8574215
2024-05-06,551.6439819335938,566.4028928671714,546.8237677126266,566.4028928671714,8759027
2024-05-07,548.9605102539062,558.5016367767803,546.2273854780849,556.0666589352887,7783593
2024-05-08,547.072265625,550.5507884467369,544.6372875176594,548.7121042731587,6715043
2024-05-09,536.2390747070312,548.5133261390124,534.6985983124183,547.6685057118506,13570152
2024-05-10,545.183837890625,550.4016215249691,536.2390659460351,539.4691224815815,7524779
2024-05-13,556.2158203125,564.9618083683939,543.7925245908827,550.401681518409,7867089
2024-05-14,558.1041259765625,564.5145587137999,556.5636494361408,562.5268313943852,5348599
2024-05-15,552.5384521484375,558.5513144872174,551.59426964485,558.1040637580847,2415161
2024-05-16,563.5703735351562,564.7133410028575,547.3207270372858,553.5820559327669,4543902
2024-05-17,566.7010498046875,568.4899921934517,558.004743105924,563.5703551288841,3992575
2024-05-21,562.1292724609375,566.5022969118756,559.594932212141,565.90600296885,5583840
2024-05-22,556.961181640625,563.3218722378449,556.2157839460634,562.1292237944225,3820060
2024-05-23,562.1790161132812,565.7072200530453,554.6256157320169,560.5391167733644,7106820
2024-05-24,561.6322631835938,568.2911610455004,559.9924247360618,561.5329010936646,3433290
2024-05-27,560.78759765625,565.806597253259,558.6507664182094,561.7317803116779,2624929
2024-05-28,574.9004516601562,576.3912471641619,560.1912814860924,563.5207005141218,5797999
2024-05-29,558.4022827148438,574.9004561510922,557.4581607500978,574.9004561510922,6259646
2024-05-30,547.370361328125,560.3899498344604,544.8857024024413,549.358088468672,6312875
2024-05-31,546.4758911132812,552.8863236403953,543.196153275876,548.5133600773955,9707990
2024-06-03,546.724365234375,565.7568782441224,543.6930932582087,565.4587312836281,9263670
2024-06-04,531.17041015625,551.5942948889325,508.26183610727145,551.5942948889325,9783762
2024-06-05,548.5630493164062,550.8986046107822,532.8102741948386,536.6863666627631,3234914
2024-06-06,551.8427734375,555.3212960976193,547.0225591584402,551.5943075332058,3970217
2024-06-07,559.4955444335938,560.1415193987907,550.1035209678715,551.6439974671838,3382962
2024-06-10,565.7072143554688,571.0243607375558,557.8556670807403,559.7937133736796,3863289
2024-06-11,568.1918334960938,573.3599363595325,562.7255836841263,567.9930486435345,6417670
2024-06-12,569.1856689453125,574.204667755928,566.1046555345876,568.1918053922949,4304369
2024-06-13,589.8580322265625,594.7279880121413,561.5329203167781,561.5329203167781,24352341
2024-06-14,594.6782836914062,598.1071253755438,590.4046821789927,595.4734231305159,7308942
2024-06-18,597.5108642578125,601.2875341584179,588.1685212810182,593.1875207976534,5120280
2024-06-19,592.54150390625,601.4365954603442,588.7150925629962,598.4052628830192,4453729
2024-06-20,586.4788818359375,593.8334966867662,579.1243276457284,592.5414861482747,6133067
2024-06-21,579.3486328125,590.966483254131,578.4012392988863,586.3791874271468,7263396
2024-06-24,577.9026489257812,580.8445296312286,574.0632855273121,578.4012707108768,3226301
2024-06-25,589.321044921875,590.6174492686265,575.3596362435115,577.4039731980325,6593288
2024-06-26,587.42626953125,597.3488544963499,585.5813934092033,590.0191391427006,3672989
2024-06-27,591.61474609375,593.3599223359145,584.9830520267583,587.4263109391719,4772196
2024-06-28,593.4097290039062,598.1466356009857,588.3736615319727,592.3626355084607,3646272
2024-07-01,599.0940551757812,601.3877031387349,587.9747653854697,588.5232980246475,3342913
2024-07-02,588.1741943359375,602.0857531027499,584.8833030140999,602.0359031019623,6477279
2024-07-03,594.5067749023438,597.1992838310532,588.8723244201431,590.7671115381177,2134587
2024-07-04,602.2852172851562,605.6259586261543,592.6617932706563,594.3571193751422,5028421
2024-07-05,605.6758422851562,607.1218575977775,598.9943592318641,604.5290487293581,3493050
2024-07-08,619.1885375976562,620.3353311471457,606.9223933766866,607.3213151389791,6800857
2024-07-09,621.9309692382812,627.6152088248438,619.1885494540246,620.2854930209608,5000797
2024-07-10,631.005859375,638.983807814352,613.9031080613726,622.2799782694586,6186968
2024-07-11,632.501708984375,634.8452069334126,627.5653413368531,634.1970351589774,3573349
2024-07-12,633.798095703125,634.645789200214,625.3713759354438,632.2523804479677,2643647
2024-07-15,636.2911987304688,646.2137836622453,628.7620225293914,633.7980899972039,6951688
2024-07-16,644.9672241210938,653.194482874861,631.6041370712402,640.2303175658943,9167071
2024-07-18,647.111328125,649.6044368620097,639.3327801719997,644.9672302644067,3975243
2024-07-19,634.1471557617188,644.2192906023907,632.4019796648856,642.8730362458842,2496778
2024-07-22,635.64306640625,639.2331188580623,627.2163461917581,630.1582268528657,3854108
2024-07-23,642.1749877929688,647.9091381304369,621.5320344047003,640.2303507225313,9082995
2024-07-24,670.9454345703125,673.1393825089096,637.5377763272777,637.8369372127877,12377638
2024-07-25,681.2669677734375,683.7101658213155,663.7154444578406,664.1642162367893,9386864
2024-07-26,701.4111938476562,707.8434266186845,680.1699193962558,681.2669237702656,8933046
2024-07-29,694.9291381835938,708.0429151130883,691.8377075488802,701.6106820911426,4676765
2024-07-30,695.2781982421875,706.3974270328065,682.0148715246996,694.1811938438465,6134510
2024-07-31,713.5277709960938,717.0181234747608,691.1894907858574,695.2782259238747,6683204
2024-08-01,711.6329345703125,720.5084260336163,708.092732332042,713.029099811814,4074648
2024-08-02,705.4500732421875,710.7853015976991,697.1230535325053,705.5497732449977,2710858
2024-08-05,708.9404296875,711.9321601925249,688.1478661574291,691.0897466607529,9327217
2024-08-06,677.7266845703125,717.0181043428186,675.4330366046295,709.6883886799606,6106310
2024-08-07,694.330810546875,695.7768258445567,680.2197901940218,680.2197901940218,5154327
2024-08-08,708.3919067382812,711.2340872770012,687.798864667726,689.1949690689814,5953315
2024-08-09,700.4638671875,713.0291110921487,699.5164736777011,712.2313284559178,2848313
2024-08-12,700.5137329101562,711.6828726687793,690.2919866825928,696.674308782581,3723417
2024-08-13,683.11181640625,705.3503348983552,675.6324899492472,696.1756822710489,5741391
2024-08-14,684.4580688476562,688.6963538277339,674.5355444701823,684.1090579607685,2962358
2024-08-16,687.4996948242188,688.6963383334341,662.8179181425869,662.8179181425869,4584181
2024-08-19,683.8098754882812,687.499688586653,676.6297101635683,687.499688586653,2352893
2024-08-20,708.6412353515625,711.0346441949174,682.1644315314321,685.1063121485389,6828474
2024-08-21,722.5527954101562,725.594376036621,706.6966596294591,712.3808991192491,6186935
2024-08-22,723.998779296875,727.8880532844911,718.0651683124506,723.998779296875,3889249
2024-08-23,726.9905395507812,728.4864048584989,721.455850085609,723.0015653968675,3898989
2024-08-26,723.6497802734375,731.9767392684865,717.2673974371376,731.9767392684865,2131814
2024-08-27,737.5114135742188,740.4034440526423,717.3172328272931,722.0042894209497,5627130
2024-08-28,740.0543823242188,744.4921281045087,732.0265842648815,737.9103453039509,2995930
2024-08-29,734.8687744140625,746.4367749021193,729.8326459433025,737.9602049800511,3962913
2024-08-30,736.663818359375,740.6527925366377,731.4781397555504,734.8687921529898,6227807
2024-09-02,743.24560546875,751.9216365251153,737.8106159491309,741.1015683568982,3073926
2024-09-03,756.6585083007812,759.101767057804,739.6056687372422,751.9216016590301,6268050
2024-09-04,756.7083740234375,757.3566066609623,746.337077891442,749.6279693480665,3031650
2024-09-05,749.7775268554688,756.558831581687,748.3315724243838,755.910598937679,1759438
2024-09-06,736.3646240234375,752.0212982645278,734.0210652805919,747.9326242653092,2765612
2024-09-09,733.7717895507812,746.9354165417221,729.2343435862941,733.0737068946488,2635184
2024-09-10,700.9625244140625,730.1318986166069,699.2671981844629,727.9878006105079,7366304
2024-09-11,698.2200927734375,702.3586169673789,694.0815077125804,699.0677254404007,4604184
2024-09-12,712.580322265625,713.9764874957634,696.37511558361,701.2117830211587,3487862
2024-09-13,703.4556274414062,711.7825867717595,701.2118294445776,710.037410552004,1886832
2024-09-16,699.416748046875,707.245146530795,696.0760064600582,706.8960747638527,2754818
2024-09-17,696.9735107421875,700.9624847664853,689.6437344523926,699.4167086385394,2985585
2024-09-18,696.873779296875,703.2561623520123,691.4887006568364,696.9735401718427,1527865
2024-09-19,699.5663452148438,706.1481282499991,695.826681929661,698.4194907939549,2202499
2024-09-20,709.1398315429688,719.0125665820535,700.0649400008343,700.0649400008343,7891171
2024-09-23,725.4946899414062,727.9877988415485,712.0817518852574,716.8685088001473,2943802
2024-09-24,718.7134399414062,726.9406992435933,713.1787504024092,725.4946839201288,3212859
2024-09-25,714.5748291015625,721.1067619569299,708.1425962510136,720.0098184362716,1096265
2024-09-26,727.5390014648438,729.9822602743909,712.3310377091273,714.5748356402986,2797065
2024-09-27,728.187255859375,738.6084631800037,724.347831653398,727.4393231933047,4567661
2024-09-30,716.0208740234375,734.3202689501112,714.026386909166,732.9740144947444,2488795
2024-10-01,708.2423706054688,721.3560865682568,704.652257359953,714.0263709340657,1987048
2024-10-03,700.3142700195312,709.987544448791,694.5801197132125,694.6299697164063,2542774
2024-10-04,706.84619140625,711.5332481011117,699.6161759209899,700.3142585550185,2616851
2024-10-07,703.904296875,717.317234061392,700.9624772571265,709.688357841798,3474485
2024-10-08,708.142578125,710.5858368496511,697.8709823481512,698.5690649647532,3767320
2024-10-09,715.32275390625,723.4503128181191,701.8101165879568,707.893277621208,1743202
2024-10-10,721.6552734375,724.1982321549922,711.3337668308619,719.0125538511988,2249443
2024-10-11,721.8546752929688,723.5001513968733,715.023581738881,719.5111774401711,1984588
2024-10-14,738.5585327148438,739.5557762431473,724.2979624334858,725.9932886049849,3985624
2024-10-15,712.2811889648438,744.3924426988398,709.3393083876158,740.75247947952,6665822
2024-10-16,724.7965698242188,730.431019994163,712.8794977239355,721.4558284174178,5375005
2024-10-17,724.0985107421875,729.4836502101219,713.976525321622,727.9877848986863,4310887
2024-10-18,740.4034423828125,741.9491576211408,718.1150138292882,723.998774775468,3703858
2024-10-21,743.7940673828125,753.3676418537613,740.40347587872,746.7857979924374,4508689
2024-10-22,726.1927490234375,747.6833348713657,722.3533249217553,743.7442107636821,3346783
2024-10-23,721.7550048828125,729.9822640058289,716.2203154643479,723.0015592953907,1668266
2024-10-24,712.8795166015625,732.97399817727,709.0900033421923,723.0015628279194,1806714
2024-10-25,707.4944458007812,717.7161921460922,698.0704821187944,716.0208659447062,2852838
2024-10-28,716.2701416015625,719.8103438419433,703.7547478896689,708.2921936268845,1448334
2024-10-29,740.3536376953125,743.0461465934299,706.1980460234541,716.0208706684484,4585180
2024-10-30,725.0458984375,742.9464320268315,722.5527896051952,742.19849937714,1645358
2024-10-31,718.1649780273438,724.7467612127464,711.1842730689822,721.1067978519769,2028752
2024-11-01,721.7051391601562,723.9987870559592,718.1649368789265,719.9599630205586,198743
2024-11-04,708.8905639648438,725.594393681689,704.153657030216,718.2148278194717,2047984
2024-11-05,715.2728881835938,724.5970904029031,683.5107075967267,708.8406555448448,5036300
2024-11-06,706.7465209960938,716.0208739025062,702.4084750031363,715.0236303455389,2878220
2024-11-07,709.7382202148438,711.7327072403923,701.3613503607743,706.7464896765209,1935062
2024-11-08,706.5470581054688,717.8657480981477,705.0511927742646,707.5443016596049,1272302
2024-11-11,703.4057006835938,709.6384727562382,693.8820371299761,702.1591462690649,1888427
2024-11-12,698.0704956054688,717.8657560269429,694.1812213546144,705.599672348973,2502158
2024-11-13,683.1616821289062,696.923630953073,681.2669559030163,693.0842676302331,2080391
2024-11-14,692.0869750976562,694.7795446669517,679.6214315980587,679.6214315980587,1715862
2024-11-18,688.5966796875,692.0371821504153,680.6187311900344,685.1063272198587,1666040
2024-11-19,678.5245361328125,691.0897805228248,666.4578526511533,686.1534127742785,6438490
2024-11-21,672.5410766601562,679.0730097605759,667.0063262460728,678.5245379796704,2194259
2024-11-22,686.302978515625,689.3944089722037,672.2917197254669,678.1255697656568,1788502
2024-11-25,682.912353515625,693.8820322869145,679.5217620519205,688.0980320172539,4622983
2024-11-26,680.5189819335938,691.4886603237683,673.1393557607114,682.1145471708543,1767673
2024-11-27,678.674072265625,687.3999531543787,677.4275178529459,679.9704766814283,2422336
2024-11-28,655.8870849609375,688.2476498360935,636.8896077978404,680.1200906813322,13625371
2024-11-29,655.9369506835938,672.2418585202962,649.5047175570988,668.1531842767128,5934406
2024-12-02,638.435302734375,662.1696859301765,637.3382983610296,648.20827688948,4977558
2024-12-03,632.2523803710938,645.0170850253926,630.5570542440347,645.0170850253926,8256858
2024-12-04,648.4575805664062,649.2055131852833,633.2496173159061,633.2496173159061,7392523
2024-12-05,641.377197265625,651.6986433996339,637.5876231781859,648.4077519414653,6163444
2024-12-06,634.7454833984375,645.6653118219581,633.4490790307077,643.2220530903255,6455327
2024-12-09,640.0308837890625,644.5683296658964,632.9504790904351,636.1416705518825,4027169
2024-12-10,631.5543212890625,642.6736110994418,628.6124406746338,640.0308913734314,6158405
2024-12-11,632.900634765625,638.8341851140723,631.0556977030118,633.050184775946,2396993
2024-12-12,624.8229370117188,635.0446834471944,618.1913038932428,634.2469007768332,3807072
2024-12-13,630.806396484375,632.1527117993834,619.4378565146053,623.277219842066,2573194
2024-12-16,633.1997680664062,634.6457833046677,626.8173853643135,630.8063593363934,2175242
2024-12-17,625.0223999023438,634.5959137112413,623.8755454640133,633.1998092503568,3179067
2024-12-18,622.8284301757812,628.0639586720315,618.5901452026262,621.4323257635964,4331195
2024-12-19,621.8311767578125,623.2771920166738,613.6039178231923,616.3463374680657,3779968
2024-12-20,622.0805053710938,624.7730750907577,616.4959659181659,617.9918312216553,3996244
2024-12-23,620.8339233398438,624.7231973027062,611.9085819192628,623.3270320681114,2924609
2024-12-24,620.7841186523438,626.3188082597162,617.2937661779932,620.8339686571654,1445089
2024-12-26,624.67333984375,627.7149202825417,617.4931746186782,618.1912572276415,3523864
2024-12-27,620.185791015625,627.6651176758862,618.8893257009801,624.6733870117818,726298
2024-12-30,615.6981811523438,622.1802641119101,612.6565396854769,618.6400008789227,1564417
2024-12-31,615.34912109375,617.4433690714168,609.365659786558,615.4987319731962,2645522
2025-01-01,615.4987182617188,617.7923662049968,610.9612723782288,613.4044703307055,1386549
2025-01-02,618.4406127929688,619.3879454733357,612.3075406046412,615.2992712590612,2449967
2025-01-03,621.28271484375,622.3298083695421,613.9529992962918,617.2937407516554,2956679
2025-01-06,604.2797241210938,625.2716880785787,601.6868544446385,625.2716880785787,5743310
2025-01-07,618.141357421875,618.9890509146827,603.8309375831436,604.3295593317672,2813892
2025-01-08,616.2965087890625,621.5320373831444,613.4044781712797,618.3408458762257,1861556
2025-01-09,610.5125122070312,619.3879432633265,608.2188642202096,614.4017255237509,2141675
2025-01-10,606.9722900390625,613.2050620107652,601.3378398298778,608.3683944405757,1966939
2025-01-13,598.0968017578125,606.7728325644474,595.6535429578241,605.3268172855226,2105862
2025-01-14,598.7948608398438,606.3738869550078,593.2102608214334,603.3323065088003,3122102
2025-01-15,592.5621337890625,602.8337302535814,582.6893982272248,602.8337302535814,5633587
2025-01-16,639.6320190429688,661.7707765269487,627.2163250267924,628.3631185563798,24198675
2025-01-17,640.4298095703125,648.1584469571487,631.6540786463847,638.2358616226019,3671715
2025-01-20,632.30224609375,642.2746813633207,628.8118937494003,640.2303443064417,1956252
2025-01-21,622.2799682617188,635.2939842707323,621.1830247157158,634.2468907282903,1820019
2025-01-22,616.4959716796875,627.2661897920826,611.2105930646794,627.2661897920826,2296057
2025-01-23,619.2882080078125,623.4766428440497,610.911338335338,616.2964775343448,1673008
2025-01-24,619.387939453125,623.2772136128352,611.60945200062,618.8394676785288,1793560
2025-01-27,608.5180053710938,618.041668771356,604.7284921853299,616.2964926191173,1730503
2025-01-28,609.8642578125,612.3075165911732,598.4458074225555,609.2659360518473,2662789
2025-01-29,626.617919921875,627.9642351477796,603.4819197460922,610.313013276689,2005819
2025-01-30,632.4019775390625,634.3465536326104,622.2799318646911,622.9780144744601,2899445
2025-01-31,636.2911987304688,639.2330792091037,628.4130116534993,636.2413487291859,1012392
2025-02-01,623.7758178710938,665.7098954522745,593.6092015791663,637.2884553094669,10039413
2025-02-03,619.6871337890625,628.6124143995371,608.3185335690399,613.8033728061379,3293387
2025-02-04,624.1747436523438,626.2689306980398,613.7036866900357,626.2190806954115,3244955
2025-02-05,626.1193237304688,637.2386133970739,622.978043142322,624.274447553315,4467504
2025-02-06,630.2080688476562,636.6403018700765,621.4323378471591,624.7232293639811,4837012
2025-02-07,633.9476928710938,635.7427189630188,622.8284037142308,630.2080298183702,2538330
2025-02-10,633.9476928710938,639.0336102760333,625.022351545211,634.2468537419294,3394573
2025-02-11,616.8948364257812,633.1000441327873,611.2604468816488,630.5072352464326,2327875
2025-02-12,627.415771484375,635.144408598444,606.4736580139946,616.3961821314304,3378279
2025-02-13,627.864501953125,638.2358590087836,625.9199257637393,627.4157910582911,2808139
2025-02-14,624.473876953125,632.1526638930419,620.7840639179013,628.2633899892014,1693078
2025-02-17,621.5320434570312,625.2717067750639,612.2576906016934,624.4739241072668,1860572
2025-02-18,617.243896484375,624.2744512136376,609.6648091188209,622.2799641490573,1887686
2025-02-19,621.1331176757812,622.2799720993331,612.108075766634,615.2992672841162,2007325
2025-02-20,618.2909545898438,628.2633893412929,614.6011415584253,621.2826850152785,2881981
2025-02-21,621.1331176757812,622.1802720915963,611.7590648726393,616.0970499467579,1627631
2025-02-24,615.2992553710938,619.7868512368473,612.8061465567862,614.3020118453708,983443
2025-02-25,620.43505859375,621.5818520814531,611.4099563601815,615.3490802996582,1606709
2025-02-27,616.6954345703125,626.1193374075245,613.3047821595745,623.277217641844,1831493
2025-02-28,606.8226928710938,615.2494129405503,598.6951336896532,612.3075323300765,5013148
2025-03-03,616.2965087890625,618.4406067505479,605.326829830034,606.8226951426287,3624490
2025-03-04,614.8006591796875,619.0887943452703,607.6204933224537,611.4100067044359,3262295
2025-03-05,619.4876708984375,623.2771840037981,610.3130185765191,611.3102620709252,2661830
2025-03-06,616.5458374023438,626.2689622137839,610.9113868827936,619.4877181084194,2491123
2025-03-07,623.4766845703125,631.2551721485223,616.446129660525,616.5956796740596,3169440
2025-03-10,624.1747436523438,631.2551482991388,621.2827130969407,623.3270501400084,2316148
2025-03-11,635.1942749023438,635.7925966700884,612.9557564864248,621.2827155665949,2677293
2025-03-12,630.2579345703125,637.9865722173377,625.3714167434911,635.1943024021184,2704337
2025-03-13,620.6843872070312,630.5570614714535,617.7425066685493,629.2606570771653,2211232
2025-03-17,628.06396484375,629.609680146354,620.6843992204775,620.6843992204775,1075106
2025-03-18,628.06396484375,628.06396484375,628.06396484375,628.06396484375,0
2025-03-19,662.7182006835938,664.0645160200211,638.884115937802,640.2303704073122,2470532
2025-03-20,672.4911499023438,676.4801240211195,657.2831860745111,663.1669472464712,4425855
2025-03-21,677.7266845703125,679.222549878399,667.2057774101535,675.9316583739917,3725271
2025-03-24,678.02587890625,685.5550551457577,673.7376831696167,677.7266571632009,1401023
2025-03-25,671.2445678710938,684.1090332215882,669.4993917659366,681.1173027556046,2019661
2025-03-26,666.5576171875,678.5245398596854,663.0173538701121,671.2446132072396,2231203
2025-03-27,680.0203857421875,682.7128945728789,665.2112828388125,666.5575981210727,5951034
2025-03-28,683.8098754882812,686.3528342226616,676.0812384156686,682.0148493738311,3116601
2025-04-01,690.9900512695312,696.1258188172894,678.125585665292,681.1173161902859,4620146
2025-04-02,694.2310791015625,699.8156182922922,688.2974681695921,691.388898638226,3047499
2025-04-03,690.9900512695312,695.8765079402066,673.1393681236354,686.6021554861081,1353987
2025-04-04,687.150634765625,693.0842458785435,682.2641780414499,685.1062977245459,3867188
2025-04-07,664.1143188476562,678.1255778038984,649.9035990186775,661.9203709813787,3861746
2025-04-08,683.8597412109375,687.8487152756021,666.4578296804553,672.6407516540683,3279965
2025-04-09,682.912353515625,689.6935973099484,677.2779641214295,683.6104361562717,3054715
2025-04-11,683.6602783203125,688.4969458796181,680.2696868954843,681.5162412870197,3264303
2025-04-15,702.7575073242188,705.5497769536208,688.3971765631326,689.2448700591257,2306442
2025-04-16,714.0762329101562,719.3616115599597,698.2699469649401,698.2699469649401,3452538
2025-04-17,718.065185546875,721.7549987501377,707.5941285701891,714.0762114605185,3105731
2025-04-21,710.2368774414062,723.0015828690208,701.6605462830859,723.0015828690208,6168127
2025-04-22,710.5858764648438,719.8602292684244,706.5969022812035,716.0208659634368,2669384
2025-04-23,707.1453857421875,713.9266906599556,703.1564114926376,713.4280688787618,2091384
2025-04-24,706.4473266601562,714.0263529875606,703.0566743802098,711.034622458283,3814638
2025-04-25,702.60791015625,731.47812224652,690.7407487831011,709.4889147940872,3714671
2025-04-28,708.8905639648438,712.530527324535,696.1757085087377,700.7630654287377,1944250
2025-04-29,713.0789794921875,717.0181036396689,705.0511811867119,713.9266730194211,2545118
2025-04-30,741.6500244140625,747.7331855919278,710.1370923892674,710.1370923892674,8732964
2025-05-02,727.14013671875,747.2844071226804,725.3450496898014,741.6500177566576,2512684
2025-05-05,736.86328125,739.3064792467002,725.2952195842591,728.0874893425705,2761798
2025-05-06,720.608154296875,740.6029358741671,716.8186410359294,736.863272616606,1498360
2025-05-07,721.9046020507812,726.8409087373235,716.0208409883732,717.0180844994991,1657343
2025-05-08,720.9572143554688,724.1982557927628,713.5277379642887,716.5194685217909,3057761
2025-05-09,711.6329345703125,715.0235868042946,706.447317083393,707.0456388343722,3210705
2025-05-12,732.5750732421875,734.9684820624267,718.0153420419907,718.0153420419907,1488045
2025-05-13,733.0238647460938,740.3536414136596,730.131894949576,733.3729365113586,1445358
2025-05-14,739.655517578125,747.9326264710216,732.1263413116993,737.960191451408,2058831
2025-05-15,749.1293334960938,751.5226813891175,731.9767330283147,741.0017745795999,3338741
2025-05-16,748.4811401367188,751.9216425845273,744.9907876844032,747.9326683533096,1426234
2025-05-19,748.8800659179688,753.9161337384734,744.2927090073466,744.9409416701583,1187450
2025-05-20,744.9907836914062,755.5616018676254,743.6943792465922,746.4866490200953,2191829
2025-05-21,757.6058959960938,758.9023003673599,743.943647929107,745.9381349208741,1928533
2025-05-22,753.7664794921875,759.9494014013663,750.1265772162619,757.6059035095637,2391952
2025-05-23,778.2488403320312,779.1961729496063,749.9769510015531,753.7166140717027,4511523
2025-05-26,777.8499755859375,783.9830478171317,775.5563275749007,782.1381107138614,2343463
2025-05-27,773.6614990234375,779.0466382973268,767.5783379895627,777.8499339179166,3472288
2025-05-28,787.27392578125,788.5703302114393,773.9108379822761,777.6505012618119,4163057
2025-05-29,778.7474975585938,788.919332879354,776.5036996142646,785.8279022805997,2916417
2025-05-30,774.7086181640625,784.5813535372264,773.2127528570325,778.7475031865756,3184086
2025-06-02,764.5866088867188,780.3430441218019,760.3981739845034,769.6226764230039,3456222
2025-06-03,755.8109130859375,766.3816703998588,744.9409340126149,746.3370993334344,3357675
2025-06-04,756.7083740234375,764.2874613278452,751.9216172804462,751.9216172804462,2322495
2025-06-05,759.5006713867188,766.0326654020145,753.4175100139813,756.9078624759918,1638871
2025-06-06,753.0185546875,762.2929680810955,748.4811088624641,762.2929680810955,1215092
2025-06-09,758.3040161132812,763.7389447410632,742.9962911743838,753.0185766302136,3151657
2025-06-10,760.3483276367188,763.4896081782921,748.1320946189132,762.0436537799194,2167862
2025-06-11,762.093505859375,770.1213039767175,758.1543818042078,760.0990188306234,1530367
2025-06-12,752.4202270507812,766.8802579218698,750.5753509070973,762.9909838925358,1600355
2025-06-13,750.7747802734375,751.8717846956687,738.2095359236313,741.8494992182142,1490695
2025-06-16,768.4259643554688,771.1683839719173,748.0323226706788,748.7802552933465,2304692
2025-06-17,771.816650390625,775.705863678664,764.287473832772,771.76680038698,1899985
2025-06-18,764.0880126953125,772.3152719021853,762.891308273657,771.8665001357001,1059077
2025-06-19,759.7499389648438,765.8331608577039,751.6224409296466,763.8885238520608,3059158
2025-06-20,778.9500122070312,781.2000122070312,758.0,760.7999877929688,5256299
2025-06-23,774.1500244140625,784.0,769.0,769.9500122070312,1848140
2025-06-24,779.7000122070312,787.0499877929688,777.2999877929688,779.5,1965197
2025-06-25,785.0999755859375,787.6500244140625,778.5499877929688,780.0499877929688,2733266
2025-06-26,799.4500122070312,802.1500244140625,785.5999755859375,789.0,4290163
2025-06-27,806.9500122070312,811.2000122070312,794.0,801.0,17236651
2025-06-30,814.2999877929688,820.75,801.5499877929688,809.0,2971593
2025-07-01,809.9000244140625,818.9000244140625,806.0499877929688,814.2999877929688,2596888
2025-07-02,789.7000122070312,812.5999755859375,788.0,808.5,3248677
2025-07-03,785.8499755859375,789.0499877929688,777.2000122070312,788.9500122070312,3442861
2025-07-04,785.0999755859375,788.7999877929688,780.2000122070312,783.9000244140625,1536851
2025-07-07,789.4500122070312,792.75,781.0499877929688,781.0499877929688,2169992
2025-07-08,794.1500244140625,796.5,783.0999755859375,785.0,5033587
2025-07-09,786.2999877929688,797.9500122070312,784.0,792.0,2165913
2025-07-10,771.25,788.0,763.4000244140625,783.0,2602721
2025-07-11,759.0,777.4000244140625,756.8499755859375,765.0,3508424
2025-07-14,764.75,767.4500122070312,753.0,755.2000122070312,1794592
2025-07-15,756.8499755859375,770.2999877929688,752.1500244140625,769.0,2842400
2025-07-16,755.9500122070312,776.9000244140625,754.7999877929688,765.0,6273181
2025-07-17,751.7999877929688,760.7000122070312,746.2999877929688,759.6500244140625,4378210
2025-07-18,739.5,757.0,736.4000244140625,755.0,3450063
2025-07-21,752.2999877929688,753.5,732.8499755859375,738.0,2073697
2025-07-22,763.2999877929688,768.5499877929688,751.5499877929688,752.0,4334529
2025-07-23,762.5,768.2999877929688,758.0999755859375,765.0,1312711
2025-07-24,757.2999877929688,766.3499755859375,756.0,762.0,1258684
2025-07-25,762.3499755859375,766.5,751.0999755859375,752.8499755859375,1708286
2025-07-28,761.2000122070312,769.7999877929688,756.5499877929688,762.0,1509806
2025-07-29,756.3499755859375,765.0,755.0999755859375,762.0,1129341
2025-07-30,757.4500122070312,762.0,750.0,752.2999877929688,2011152
2025-07-31,755.5,761.25,746.0,746.0,1783473
2025-08-01,741.7000122070312,756.3499755859375,740.0999755859375,752.5499877929688,1697685
2025-08-04,739.7999877929688,747.5499877929688,732.1500244140625,741.5,2555375
2025-08-05,738.5,742.25,731.6500244140625,735.7999877929688,1988095
2025-08-06,752.5499877929688,755.0,734.0999755859375,734.0999755859375,1797969
2025-08-07,755.7000122070312,757.6500244140625,747.0499877929688,747.0499877929688,1423219
2025-08-08,761.5499877929688,764.5,756.0,756.0,2210684
2025-08-11,764.75,765.8499755859375,753.7000122070312,763.5,1719052
2025-08-12,766.2000122070312,772.9500122070312,758.3499755859375,764.75,1996036
2025-08-13,776.5999755859375,783.7000122070312,763.5999755859375,765.8499755859375,1720968
2025-08-14,788.75,790.75,777.9500122070312,778.75,2861621
2025-08-18,791.0,815.0,789.0999755859375,809.0,3954373
2025-08-19,793.75,796.0999755859375,785.2000122070312,791.7999877929688,1531303
2025-08-20,796.5499877929688,801.8499755859375,792.5999755859375,793.0499877929688,1097339
2025-08-21,795.4500122070312,807.0,791.4000244140625,792.5,2142925
2025-08-22,788.75,795.0,786.5999755859375,793.7999877929688,1331814
2025-08-25,787.0,791.9500122070312,785.3499755859375,788.75,2326398
2025-08-26,776.5999755859375,792.0,770.5,786.0499877929688,5054056
2025-08-27,776.5999755859375,776.5999755859375,776.5999755859375,776.5999755859375,0
2025-08-28,775.3499755859375,788.9000244140625,771.0,775.5,2892634
2025-08-29,772.0499877929688,778.4500122070312,766.6500244140625,776.0,1865283
