Date,Close,High,Low,Open,Volume
2020-09-01,2547.057373046875,2613.973277825883,2529.966940323772,2576.3490005248154,1357833
2020-09-02,2502.80078125,2584.6388921023076,2445.4927224505186,2580.515018547641,2809547
2020-09-03,2500.97265625,2556.0273869458,2492.08741690557,2529.541680617837,1512714
2020-09-04,2478.696044921875,2530.8174057646233,2438.2234973696527,2481.799641177963,1508195
2020-09-07,2431.888671875,2495.446067266652,2424.9590857122566,2491.279846120937,1476038
2020-09-08,2434.482421875,2468.493073780447,2424.959480858384,2441.114540513471,1263479
2020-09-09,2469.173095703125,2482.777355183583,2406.4234073326074,2420.7079213039933,1995585
2020-09-10,2507.22216796875,2514.57688671636,2455.781068803982,2482.7770175392116,1629594
2020-09-11,2544.208984375,2557.345555376634,2507.222405439312,2507.562428878477,1525239
2020-09-14,2575.03076171875,2583.9585553453135,2513.38647239248,2563.5096150932877,1537220
2020-09-15,2582.3857421875,2594.75715612821,2555.0923234526895,2575.0310230586956,915275
2020-09-16,2598.583251953125,2640.076279767171,2571.75731458223,2578.8571196566277,1603512
2020-09-17,2602.6650390625,2634.1248908904363,2576.3493396584718,2587.1902345451253,914287
2020-09-18,2646.5810546875,2654.403669943765,2614.6537243384223,2618.8199457637816,1362732
2020-09-21,2597.860595703125,2656.6138583013467,2578.899620272754,2654.530747886048,826132
2020-09-22,2550.92626953125,2595.0126587099244,2516.788161789442,2584.8094634594268,1099375
2020-09-23,2514.024169921875,2587.3596175098555,2486.9856677290613,2551.2233100027347,1256820
2020-09-24,2481.33154296875,2507.434670109828,2465.7716321866737,2475.4222352292013,1020064
2020-09-25,2552.498779296875,2563.6796952463405,2487.113400595852,2495.1483735574197,1263899
2020-09-28,2626.38671875,2632.211124226158,2544.421154565704,2590.760654289624,1422073
2020-09-29,2699.552734375,2739.6003569746345,2639.651519789736,2640.076652906146,3394236
2020-09-30,2676.04296875,2719.15142544131,2665.584652519858,2719.15142544131,1175373
2020-10-01,2679.571533203125,2720.001734924997,2645.7734497510246,2691.0926824125086,1459005
2020-10-05,2660.65283203125,2746.359702658997,2630.8935163677625,2742.108371849927,1374983
2020-10-06,2666.732421875,2702.060815655251,2650.2796882261223,2672.0465855103585,849216
2020-10-07,2749.463134765625,2763.322514940123,2668.1778129564545,2669.8357904814106,2071160
2020-10-08,2788.150146484375,2799.756403914919,2751.163569174999,2763.364971390171,1414044
2020-10-09,2829.175537109375,2839.888973756753,2777.862098915705,2805.8783273644563,1358012
2020-10-12,2792.869384765625,2853.1108289137273,2783.5590112620425,2849.0720644071234,1438726
2020-10-13,2795.7177734375,2808.429211396947,2768.6367123888604,2791.8490207756204,847392
2020-10-14,2815.06103515625,2833.894346168939,2780.370136885549,2808.4289180834767,1188612
2020-10-15,2818.037109375,2873.5169750111045,2797.460710303492,2816.0814557360595,1817305
2020-10-16,2845.373291015625,2886.5686469979214,2806.72873364009,2818.632460471644,1461910
2020-10-19,2762.259765625,2855.6190360101227,2746.8275171109203,2850.13486053067,1056638
2020-10-20,2752.822021484375,2799.5015543453424,2746.7424934063783,2762.514973445108,1198126
2020-10-21,2702.443603515625,2788.873077911609,2663.1611398262075,2763.3650924429053,2045833
2020-10-22,2620.095458984375,2701.2107764980574,2603.8552905159995,2701.2107764980574,1640304
2020-10-23,2645.22021484375,2680.8462790150465,2627.236963481899,2635.8247335508095,1707899
2020-10-26,2464.02880859375,2652.8304533705677,2444.5152414873023,2652.8304533705677,4182675
2020-10-27,2475.932861328125,2532.0078811764974,2427.977925999518,2487.0288778384665,3089586
2020-10-28,2505.054443359375,2580.5581296583796,2491.57784752951,2546.5474788556335,5321192
2020-10-29,2460.67041015625,2518.786188606155,2453.0180142711756,2495.531324743813,2345545
2020-10-30,2380.5751953125,2490.0044067041968,2369.6917471349143,2477.5904379480503,3110768
2020-11-02,2411.057373046875,2455.5688936085285,2390.948659566199,2455.5688936085285,2671709
2020-11-03,2497.57177734375,2507.817526260922,2420.7077982211827,2431.761258487033,2352020
2020-11-04,2523.59033203125,2532.0929948750213,2474.3599971996323,2499.782876068691,1868196
2020-11-05,2503.481201171875,2547.3122547758494,2488.558988845347,2542.29576756596,1195194
2020-11-06,2504.4169921875,2536.3445353138773,2487.1990985099583,2502.3338811360177,1182126
2020-11-09,2511.89892578125,2541.4456762833734,2491.279970394876,2525.290618454874,1175877
2020-11-10,2509.347900390625,2539.744914347072,2485.2853275459634,2539.744914347072,1352612
2020-11-11,2601.94189453125,2614.568429983021,2511.0059706541083,2533.793145154277,2829916
2020-11-12,2623.75146484375,2635.8252032903047,2582.2584330298887,2601.8145555059136,2093558
2020-11-13,2660.397705078125,2665.4993020382935,2611.25248709611,2626.4721683268085,1274593
2020-11-14,2649.174072265625,2684.2475492350154,2634.1244036647504,2684.2475492350154,199281
2020-11-17,2577.411865234375,2676.6378850864658,2551.6487589404333,2675.2773761898466,1933560
2020-11-18,2536.343994140625,2592.419006734877,2502.9284920237465,2586.3822414570914,1956934
2020-11-19,2541.020751953125,2667.072726681936,2529.6696141966813,2575.4565359431203,4282399
2020-11-20,2549.650634765625,2566.9110799879722,2521.5918504168744,2549.948310966768,1531471
2020-11-23,2601.601806640625,2613.7180990647216,2535.493614642485,2571.715035028323,1653325
2020-11-24,2613.845458984375,2644.0299056579743,2586.2118106212206,2598.413212239982,1517541
2020-11-25,2558.23828125,2631.4462798685568,2551.6487185812216,2618.3946114198175,1110258
2020-11-26,2571.672607421875,2593.01416391602,2530.4772526589695,2557.600660674201,859782
2020-11-27,2643.350341796875,2651.597882990617,2578.00729677199,2592.4618231720965,3266924
2020-12-01,2644.54052734375,2661.2481756377438,2614.611197728914,2652.830623040752,1503427
2020-12-02,2658.102294921875,2701.380971364583,2628.172964599921,2646.878821999209,1748207
2020-12-03,2669.70849609375,2692.793141124839,2657.507092701511,2683.4402126270897,974736
2020-12-04,2704.22900390625,2722.552281420848,2678.338440498336,2679.1887066699223,1089915
2020-12-07,2698.787109375,2736.1137074832673,2666.0944199143955,2703.7610414229616,991744
2020-12-08,2693.600830078125,2724.9332233183077,2682.2922478354462,2699.59524844591,644753
2020-12-09,2712.944091796875,2724.2526728107746,2683.567355571606,2699.5524002872717,669455
2020-12-10,2716.005126953125,2727.441164827364,2691.9425540779157,2703.8462798382097,559968
2020-12-11,2708.352783203125,2754.4371665753683,2694.4934035738056,2720.851653971656,1276394
2020-12-14,2647.43115234375,2732.75544473639,2640.0764330760708,2732.75544473639,1421591
2020-12-15,2646.326171875,2665.584618862637,2619.755352308985,2620.9881968199425,1058918
2020-12-16,2650.70458984375,2674.086907797464,2640.076263501153,2661.4180258308875,1025407
2020-12-17,2646.5810546875,2684.715577515955,2636.7180911307933,2665.584587652421,969196
2020-12-18,2665.83984375,2673.237118687476,2636.6756695451218,2636.6756695451218,1109264
2020-12-21,2545.7822265625,2680.76199186265,2503.991516408617,2676.6381175739984,1397172
2020-12-22,2592.546630859375,2601.8144489673164,2466.282106130079,2567.803802575587,1073505
2020-12-23,2584.851318359375,2613.2926759018296,2561.0013144025743,2590.4206024424525,711716
2020-12-24,2612.953125,2621.9658221097748,2576.3065689881755,2589.0605619039584,640601
2020-12-28,2621.030517578125,2656.231453161766,2604.110096638841,2632.424000956731,742559
2020-12-29,2613.71826171875,2640.9267797327384,2602.6648012755672,2632.424117853367,478502
2020-12-30,2637.015380859375,2642.584665714286,2606.5760184535925,2618.819768101823,505754
2020-12-31,2644.327880859375,2650.9599987334186,2623.071225868544,2641.7770822604753,605742
2021-01-01,2638.078369140625,2653.51082537779,2629.873383261253,2648.5792398508897,408952
2021-01-04,2588.0830078125,2656.189209879311,2582.471167529302,2646.028569709832,1599835
2021-01-05,2607.9365234375,2614.0160514961144,2577.1569276137207,2595.0125183362175,1150326
2021-01-06,2621.838623046875,2655.891828997723,2589.9110827910295,2619.925523921373,1370394
2021-01-07,2597.775634765625,2648.3664703007053,2579.707479217382,2630.7234478241858,880259
2021-01-08,2687.776611328125,2691.9002779141115,2604.45052238034,2610.3172762214253,1576465
2021-01-11,2718.89599609375,2742.0231935995866,2675.8300991091087,2687.6912702527657,1596027
2021-01-12,2761.876708984375,2801.626646995618,2704.2286290255042,2712.3487113553933,1586336
2021-01-13,2769.14697265625,2821.183222034006,2735.051215359765,2771.867782950832,1424073
2021-01-14,2777.4794921875,2801.6269678446793,2753.204352056952,2776.1189833119506,803208
2021-01-15,2723.402587890625,2781.093231520242,2698.7448685497484,2763.3650985465288,1199320
2021-01-18,2689.519775390625,2735.7743868604966,2620.7333144582904,2720.8521717143417,1280163
2021-01-19,2748.8251953125,2755.499867240177,2695.768673635727,2695.768673635727,770832
2021-01-20,2785.1318359375,2799.501250590861,2746.614738489918,2754.0120123504325,841752
2021-01-21,2761.0693359375,2844.990564201435,2737.601906946744,2785.131909721856,1300181
2021-01-22,2869.563232421875,2962.2848003693216,2770.932356072099,2776.119062776023,3813020
2021-01-25,2954.6328125,2993.06480741572,2854.3864996177344,2906.167633812835,2266967
2021-01-27,2855.661865234375,2962.327728880515,2831.3441665157184,2933.4186752691667,1333633
2021-01-28,2888.69384765625,2945.406760287986,2827.262124428971,2838.9958376487957,1986409
2021-01-29,2768.50927734375,2963.1776805812437,2743.298760187806,2907.8252684209397,1718833
2021-02-01,2840.441650390625,2857.5746385841903,2735.51888610293,2805.8784129737105,1285163
2021-02-02,2800.649169921875,2890.9048364131486,2772.717844571552,2890.9048364131486,1751516
2021-02-03,2874.579833984375,2909.610757756653,2778.669770996126,2802.9449110325927,1077971
2021-02-04,2925.51025390625,2988.685060717981,2894.3906421205843,2925.7653752291812,2425660
2021-02-05,2915.73291015625,3026.947774395321,2861.9961260153514,2975.931800669557,2719249
2021-02-08,2971.679931640625,2981.7980148976794,2903.9986690478604,2957.225408367981,1004959
2021-02-09,2975.463623046875,3008.2414222882544,2938.817279168905,2942.7709334481765,1543021
2021-02-10,3009.04931640625,3034.387288910057,2963.390066178291,2967.428830345667,1477082
2021-02-11,3011.217529296875,3021.845856027416,2953.4419867065553,2996.337871874118,757116
2021-02-12,2989.3232421875,3043.952842787812,2978.3972390336335,3006.4985770461044,566161
2021-02-15,3002.01416015625,3037.315158734691,2990.406063626484,3022.415147645915,809861
2021-02-16,2998.679443359375,3019.2536473359705,2973.080759902187,3005.9994862647404,759332
2021-02-17,3104.755126953125,3114.284230300358,2994.9538679293223,3000.3247747897403,1946207
2021-02-18,3051.7822265625,3143.7813506988796,3037.185287403097,3100.9868846127697,1701157
2021-02-19,2936.436767578125,3051.782370840137,2919.371050324718,3051.782370840137,995322
2021-02-22,2957.6171875,2973.9033346026013,2902.1751285938994,2945.3593793865975,921345
2021-02-23,2950.08056640625,3014.2721596461633,2925.478237435507,2957.617178968123,1069537
2021-02-24,2981.39697265625,3031.9877697013944,2902.998431753971,2980.0108365065134,823330
2021-02-25,2975.1591796875,2997.33608619478,2947.3082945827136,2988.673265136413,897962
2021-02-26,2792.893798828125,2965.8469545950293,2771.929811991936,2949.690876243724,1880371
2021-03-01,2902.21826171875,2913.350071349931,2815.416837220901,2819.7482477397025,1176879
2021-03-02,3011.54345703125,3023.324979946394,2903.34489120067,2903.7780323152756,1402320
2021-03-03,2966.453369140625,3041.4299201333006,2940.1616212531203,3040.6503507950656,965062
2021-03-04,2962.555419921875,2997.336567457941,2917.8551714856094,2943.6270682722784,934953
2021-03-05,2998.80908203125,3024.624334170738,2940.1618187528243,2958.3537451505285,1017875
2021-03-08,3000.758056640625,3022.891608207275,2965.0239174119247,2998.765565366515,749107
2021-03-09,2987.67724609375,3023.3246715921646,2959.652934239149,3001.7109744767063,564852
2021-03-10,2962.1220703125,3010.330589251858,2952.1598251969904,2987.8072524689665,787897
2021-03-12,2902.52197265625,2961.818949095418,2867.3941858747685,2906.3768862869633,1098158
2021-03-15,2827.6748046875,2918.8510012768984,2809.3530217522,2910.708033637802,781236
2021-03-16,2819.79150390625,2858.7308407871333,2813.684172992912,2857.82120231159,523881
2021-03-17,2763.91650390625,2840.4524035199315,2750.44577442862,2821.4809093902413,991815
2021-03-18,2691.712158203125,2787.436346589929,2661.4789923512317,2787.436346589929,1472097
2021-03-19,2702.064208984375,2713.2393769620003,2630.0329241350096,2672.4807545970043,1554560
2021-03-22,2681.879638671875,2723.5476825685464,2669.1451220610934,2712.849225072426,619756
2021-03-23,2657.27734375,2713.1959031460233,2651.30008105167,2692.3184171222824,944310
2021-03-24,2628.17041015625,2673.303587134579,2618.7711634269895,2657.753863511083,975533
2021-03-25,2548.29931640625,2641.8146625735785,2535.6950777749094,2627.5210042129415,1075251
2021-03-26,2544.9638671875,2583.9465658463555,2539.0731059801155,2574.590675869295,611318
2021-03-30,2567.53076171875,2578.359289972208,2526.5989249206796,2542.49507749994,899455
2021-03-31,2523.999755859375,2565.9277273052544,2513.9507983254043,2560.38360614527,1212659
2021-04-01,2560.816650390625,2603.134404904803,2540.8054488921794,2554.6659627627128,1067722
2021-04-05,2500.86962890625,2575.413243496228,2483.2842720414405,2565.061215035389,1152927
2021-04-06,2501.779541015625,2536.474184090801,2484.4972540889403,2512.218283423266,788062
2021-04-07,2548.255615234375,2554.579305629904,2490.6044967986936,2494.8925510719164,649751
2021-04-08,2536.47412109375,2590.4868974437313,2523.826317176223,2571.9916890462237,953450
2021-04-09,2523.393310546875,2553.799900060664,2513.2144947986685,2536.4742562339297,557093
2021-04-12,2413.548583984375,2503.511850957616,2374.56589044416,2489.694694101736,859305
2021-04-13,2482.20166015625,2494.0263269871343,2402.416988995162,2424.7237545109374,714921
2021-04-15,2479.775634765625,2503.5550338784506,2442.915292573436,2470.636317170014,683426
2021-04-16,2507.757080078125,2533.832047077016,2458.7254235700757,2458.7254235700757,709663
2021-04-19,2413.072509765625,2445.1249522980756,2376.2988713753048,2392.108522083878,740714
2021-04-20,2446.12109375,2467.9082187597946,2426.326671665433,2461.3243892053133,740095
2021-04-22,2469.900390625,2497.1017783891743,2382.2760313778276,2385.1348049144162,1436707
2021-04-23,2481.07568359375,2489.5219354059127,2436.0290072622156,2441.1833442742904,682515
2021-04-26,2481.50830078125,2493.5061803357326,2451.5782135082195,2477.6100315371555,831133
2021-04-27,2516.98291015625,2546.0033636032417,2486.4464628724754,2490.561303286601,811184
2021-04-28,2534.958251953125,2606.6431029908426,2525.2559337490698,2536.4742457817174,1389833
2021-04-29,2477.65380859375,2567.487230571718,2468.9476301715463,2567.487230571718,1009327
2021-04-30,2442.17919921875,2477.566909073841,2429.9213915916516,2455.7366415445704,670258
2021-05-03,2419.74267578125,2467.1716246755573,2396.699485419207,2408.2210806002286,668727
2021-05-04,2405.44873046875,2442.6988593640976,2396.7859097954133,2420.3920961302556,642256
2021-05-05,2415.367919921875,2425.5900918937905,2397.869062272147,2414.241710794561,365152
2021-05-06,2523.740234375,2531.2768479889633,2427.452831073672,2441.1834899496575,2249529
2021-05-07,2478.26025390625,2594.515287249686,2442.9158965088864,2554.6229481300984,2287493
2021-05-10,2457.0361328125,2494.026338747156,2451.578512905332,2478.260045733412,781259
2021-05-11,2458.81201171875,2463.4031378931245,2426.543001806212,2452.0116122802556,684120
2021-05-12,2460.37109375,2475.8343142855815,2438.5841828950006,2460.0680219029186,486996
2021-05-14,2436.28857421875,2470.5498624392453,2427.9721813732085,2460.37104765693,518143
2021-05-17,2473.01904296875,2498.704224900008,2436.8517621056462,2455.909969985605,926624
2021-05-18,2518.239013671875,2529.2841117862654,2474.578475135214,2491.60083586658,1288013
2021-05-19,2525.212158203125,2550.290981077432,2507.0202352795345,2525.212158203125,717841
2021-05-20,2481.985107421875,2526.7718529069634,2479.082977580749,2522.050657422088,637388
2021-05-21,2498.7041015625,2503.642078919758,2455.9098487604474,2489.6948519709085,1658538
2021-05-24,2512.608642578125,2567.4010021493896,2505.2885988948206,2529.5445051081865,1587246
2021-05-25,2537.947021484375,2551.0713242409392,2518.62888534567,2533.788824457595,501532
2021-05-26,2568.266845703125,2587.3684108814236,2529.9772140216614,2548.602281681811,817054
2021-05-27,2591.31005859375,2623.492358613051,2542.6681848260296,2572.8582049261513,2097924
2021-05-28,2591.5263671875,2627.7801476954214,2561.206492416529,2620.5034623482534,1077246
2021-05-31,2605.343505859375,2611.8406218340865,2564.195104686201,2589.317286455086,662303
2021-06-01,2578.705810546875,2646.492399838987,2569.3932759156905,2613.1405316249766,971553
2021-06-02,2575.110595703125,2592.7826682829914,2548.688988157976,2574.590741776495,793261
2021-06-03,2606.080078125,2610.9744878391057,2565.9278145253584,2584.98602246579,851280
2021-06-04,2640.774169921875,2646.491716165131,2603.047755078642,2603.177612790906,1023321
2021-06-07,2644.10986328125,2665.2039195953635,2634.1476179121833,2655.3715319593257,612460
2021-06-08,2647.314453125,2666.4160136503688,2633.8005807323225,2649.0903735356815,555729
2021-06-09,2619.2041015625,2676.8118650002066,2608.029146335609,2647.3149152568535,845692
2021-06-10,2606.643310546875,2636.8764767094126,2597.980487979421,2632.5884218374613,567660
2021-06-11,2602.61474609375,2631.765054545744,2594.5149237539513,2615.3056944284403,467264
2021-06-14,2586.41552734375,2613.530204195892,2549.4686738044334,2607.5095848288634,489598
2021-06-15,2604.953369140625,2620.5030889729596,2574.8500691929194,2585.851808457615,454939
2021-06-16,2577.53564453125,2611.7106421581543,2572.8578058457542,2605.7765252471477,444814
2021-06-17,2524.432861328125,2563.285488295763,2513.950762867168,2552.9334590522203,782315
2021-06-18,2504.72509765625,2551.201052607581,2470.636808841026,2524.4330175023697,904203
2021-06-21,2507.757080078125,2523.480017214703,2481.898472131865,2486.229883077994,577938
2021-06-22,2518.32568359375,2548.6455602540477,2509.2297205956606,2513.084634043535,522538
2021-06-23,2536.777587890625,2594.515212444481,2530.4103290652183,2563.28569655335,1911546
2021-06-24,2518.239013671875,2546.8696828477214,2506.5875603128848,2546.8696828477214,844653
2021-06-25,2546.176513671875,2554.9260481932956,2513.9075028152088,2519.1485522465678,631005
2021-06-28,2550.03173828125,2562.809401857921,2537.6872158427714,2561.5966912688614,407079
2021-06-29,2536.040771484375,2562.0725901054584,2525.2122455600183,2550.0311423807852,470337
2021-06-30,2514.470458984375,2538.206503463271,2509.9656229565708,2533.8750930478045,758083
2021-07-01,2531.709716796875,2552.9336305903817,2516.5497783729415,2516.5497783729415,634751
2021-07-02,2529.4140625,2571.948389878245,2518.412109815607,2564.195206805251,928741
2021-07-05,2545.179931640625,2557.1778107231107,2533.9616217784333,2544.1835804206567,480881
2021-07-06,2528.893798828125,2558.9970991652926,2522.9596823652464,2544.270304755743,452807
2021-07-07,2523.783203125,2531.276459174587,2504.5949264777832,2528.677612707262,668763
2021-07-08,2512.564697265625,2542.4082869327417,2503.6853051079565,2521.7473727777638,524837
2021-07-09,2509.446533203125,2529.2409562639023,2491.4711760206264,2512.565022492187,328728
2021-07-12,2510.658935546875,2534.741622102283,2507.9735877244298,2524.3462360922945,392467
2021-07-13,2515.770263671875,2528.6777840697678,2509.0132200999874,2528.6777840697678,317264
2021-07-14,2512.824951171875,2529.544241367524,2508.753466780942,2529.544241367524,429264
2021-07-15,2498.9208984375,2523.8265120343895,2496.6686915829378,2520.8812371112385,349469
2021-07-16,2516.2900390625,2519.711811691567,2494.892909533151,2500.9568853549326,459445
2021-07-19,2501.043212890625,2507.3669032205585,2486.316416734975,2500.0902179532777,338468
2021-07-20,2459.375244140625,2511.352177796292,2449.8461396370863,2501.8230732927527,481836
2021-07-22,2480.569091796875,2488.216402482411,2452.558042553987,2477.772403706604,613062
2021-07-23,2477.728759765625,2503.0741333223104,2465.4930621865356,2490.8821773378727,430659
2021-07-26,2456.097412109375,2476.7233844531324,2454.130961018815,2473.358482793179,313614
2021-07-27,2441.764404296875,2470.0812163950013,2438.836491587882,2466.192055562264,427442
2021-07-28,2427.649658203125,2452.3395469779384,2413.0542622038893,2443.9057411175845,415048
2021-07-29,2399.6826171875,2433.855260354861,2394.700982635579,2433.855260354861,611448
2021-07-30,2415.064697265625,2448.887620657797,2399.682591172563,2415.676439506835,745920
2021-08-02,2431.582763671875,2444.3429341958918,2416.7688718460013,2421.0077526130344,464874
2021-08-03,2463.83251953125,2466.366971466439,2433.4180294408507,2433.4180294408507,530085
2021-08-04,2451.946533203125,2477.1171551529383,2448.013630191393,2474.9322090353094,308031
2021-08-05,2463.570068359375,2474.8443030508474,2434.02955922086,2452.3831034735126,316844
2021-08-06,2476.68017578125,2491.7563040528594,2457.3651666751207,2473.359014994514,445529
2021-08-09,2478.86474609375,2504.7343762831715,2468.9887484253263,2490.8382063759927,422204
2021-08-10,2444.56103515625,2485.4632620779944,2438.3994454955987,2485.4632620779944,574570
2021-08-11,2431.058349609375,2460.1181307736842,2404.5330204001707,2455.879250276958,551805
2021-08-12,2432.237548828125,2448.2313922985804,2425.289464927643,2447.1389195666306,410605
2021-08-13,2422.842529296875,2459.724369796962,2405.188210831048,2444.38622178215,1083905
2021-08-16,2401.12451171875,2427.8243796845964,2396.2738891884014,2425.289927812187,396756
2021-08-17,2431.93212890625,2438.3994830458882,2371.103153227059,2406.936263909812,877329
2021-08-18,2415.326904296875,2442.7697419879987,2405.6256582547285,2438.8368390044757,613650
2021-08-20,2357.556640625,2395.5746995192308,2343.310750594506,2343.310750594506,809463
2021-08-23,2342.786376953125,2369.26774942949,2321.723414028641,2360.61544938504,758426
2021-08-24,2338.63525390625,2355.3718553956915,2317.7907831203615,2343.136157445584,567946
2021-08-25,2336.974365234375,2366.73337071293,2333.5221934281844,2344.883911972966,407780
2021-08-26,2313.9013671875,2342.2619212835425,2309.4877339521495,2337.8920296393567,445529
2021-08-27,2337.0615234375,2342.174168047538,2303.8066091848295,2314.294347921634,517155
2021-08-30,2382.68359375,2385.0870343305824,2342.26209307657,2342.26209307657,518747
2021-08-31,2396.31787109375,2399.944796270339,2360.7032496633,2383.339205910129,708031
2021-09-01,2395.44384765625,2415.676362812989,2386.4855688144144,2411.3064706950204,442282
2021-09-02,2386.266845703125,2393.695661592299,2362.013946770822,2381.5909762351976,422436
2021-09-03,2446.65869140625,2459.331377699691,2387.7088933573464,2387.7088933573464,981491
2021-09-06,2462.171875,2473.358841054762,2448.0134677718684,2468.8141961063484,580935
2021-09-07,2445.173095703125,2468.9890073671086,2439.2737414377348,2463.0896531017183,311022
2021-09-08,2445.697509765625,2455.704519643141,2429.6599209809215,2446.2655103689203,341207
2021-09-09,2444.255126953125,2452.6454041817233,2414.8021002187375,2432.28166663364,403669
2021-09-13,2438.22509765625,2458.4138716214807,2420.920281847736,2420.920281847736,279930
2021-09-14,2492.32421875,2500.45226073435,2447.1395770905906,2447.1395770905906,880592
2021-09-15,2512.643798828125,2521.427323165867,2499.577866292679,2499.577866292679,681873
2021-09-16,2552.366455078125,2557.260819507977,2518.7182864003885,2524.923618441061,1118060
2021-09-17,2562.59228515625,2582.1255753871305,2531.609578567307,2570.3706079710023,1024040
2021-09-20,2525.36083984375,2552.017183714743,2511.420925641683,2552.017183714743,442234
2021-09-21,2491.2314453125,2530.1672219204015,2459.724484382085,2525.7973303454096,580932
2021-09-22,2488.39111328125,2499.5780788262455,2469.0763197872197,2490.838295333846,561230
2021-09-23,2493.504150390625,2518.8057827367966,2488.4350329276003,2490.838473559983,448036
2021-09-24,2476.373779296875,2501.58813868111,2462.302856646512,2490.83816288237,603710
2021-09-27,2545.85546875,2559.008887022299,2482.9727623054478,2482.9727623054478,1187306
2021-09-28,2552.49755859375,2568.6224167660253,2526.671455212854,2558.964913150414,788979
2021-09-29,2522.4326171875,2552.497601496787,2504.385048982081,2547.646978810946,613787
2021-09-30,2475.5439453125,2516.0529315852527,2470.9118168795517,2497.2186534219154,920513
2021-10-01,2489.046875,2491.7125519375877,2449.106102654193,2470.9118222280936,329726
2021-10-04,2495.68896484375,2508.317909553362,2490.838342239401,2500.9328350379383,386779
2021-10-05,2486.07568359375,2499.272631443723,2482.099038586071,2493.460759537345,316991
2021-10-06,2445.522705078125,2490.83857288516,2430.53406006794,2482.098788418896,468624
2021-10-07,2483.540771484375,2499.0103607133556,2455.8794389538016,2464.619223434064,552458
2021-10-08,2483.933837890625,2510.0657039858806,2482.0983980918877,2506.3512961718347,300133
2021-10-11,2497.655517578125,2515.7905694026913,2484.8953475713865,2486.4685513682443,658779
2021-10-12,2549.089111328125,2558.571862675885,2495.426920889947,2511.7265333163764,956819
2021-10-13,2556.5615234375,2575.483283454816,2540.698901134505,2557.2607488186695,754779
2021-10-14,2558.833984375,2573.123403091309,2534.5373423494752,2564.252607742538,572466
2021-10-18,2538.12060546875,2578.236126287642,2531.216048496214,2568.6223644608067,440831
2021-10-19,2513.605712890625,2560.756806638472,2504.385197755134,2538.1208505913633,447221
2021-10-20,2461.123046875,2513.561748157848,2448.8873499090023,2502.200029546564,424722
2021-10-21,2409.470947265625,2477.728745135386,2381.591121867346,2477.728745135386,737326
2021-10-22,2398.327880859375,2447.1396626950905,2383.7324834030296,2424.4162229700646,387942
2021-10-25,2348.205078125,2407.6793476355106,2341.4317458990286,2398.1528555773916,326076
2021-10-26,2360.1787109375,2366.733549053416,2346.63204549794,2357.0323032924057,282346
2021-10-27,2351.132568359375,2385.3926873977116,2344.009730775995,2371.933293954479,444512
2021-10-28,2331.5556640625,2371.802408388456,2324.782332079936,2371.802408388456,366561
2021-10-29,2322.248046875,2362.2325578982186,2306.4289527928654,2343.1360448797545,614962
2021-11-01,2342.8740234375,2353.4492481908305,2309.0510995891036,2337.8923888723893,502481
2021-11-02,2346.020263671875,2361.0963910839378,2339.246931066455,2355.3717898846307,813089
2021-11-03,2308.570556640625,2357.1201068933806,2307.303330440684,2357.1201068933806,504184
2021-11-04,2340.077392578125,2346.6322312127977,2316.042984250992,2316.042984250992,93301
2021-11-08,2344.796630859375,2368.2192953218687,2333.9593837398643,2366.4713384720353,644351
2021-11-09,2372.283203125,2403.4404457357264,2345.408369049955,2355.327895229093,723569
2021-11-10,2376.17236328125,2387.6650931502722,2361.358473031786,2371.9772245571985,390217
2021-11-11,2360.528076171875,2381.5910400776074,2347.1563779118064,2381.5910400776074,264937
2021-11-12,2344.927978515625,2377.221440333663,2342.262301505227,2377.221440333663,352693
2021-11-15,2353.84228515625,2433.8550489693976,2347.505941865659,2390.330882726202,2023708
2021-11-16,2404.22705078125,2420.0461448783717,2360.6156147766274,2370.4041300010126,1246961
2021-11-17,2402.87255859375,2424.1100626542757,2387.5779368534204,2404.227054391847,570038
2021-11-18,2346.501220703125,2414.802553953544,2331.031630820352,2412.180618498654,559569
2021-11-22,2302.58349609375,2358.168392332589,2288.6871120038213,2346.631920537632,636253
2021-11-23,2300.485595703125,2313.333033798921,2272.343537642428,2294.1492531462372,626376
2021-11-24,2290.740966796875,2322.9469405463833,2283.7053984972367,2312.9836728369446,564230
2021-11-25,2267.711669921875,2307.3029333853724,2255.8256919255823,2307.3029333853724,625134
2021-11-26,2210.640625,2263.3415591248963,2189.4466512410163,2254.864012296024,685448
2021-11-29,2176.9052734375,2210.2474614755597,2137.882012864126,2206.7952897366354,594113
2021-11-30,2140.635498046875,2196.0019058075327,2118.5675417948246,2163.9706803990657,1527406
2021-12-01,2139.673828125,2167.4663832952047,2129.9290545334266,2167.4663832952047,769987
2021-12-02,2161.086669921875,2170.2634444930986,2105.3267969953267,2122.0198722791138,921229
2021-12-03,2152.127685546875,2182.716924105122,2142.1644189087697,2171.83593763555,499760
2021-12-06,2115.027587890625,2163.445902693715,2107.729783384613,2162.877902120795,347297
2021-12-07,2151.560302734375,2163.096776199374,2123.8552271038457,2128.1376363820104,347226
2021-12-08,2176.774169921875,2184.9459531360553,2150.117829293615,2150.117829293615,308181
2021-12-09,2203.256103515625,2210.2041900628974,2168.6902104345663,2193.686081412879,402958
2021-12-10,2208.412353515625,2224.100222752403,2196.220184423103,2203.037258457702,327197
2021-12-13,2180.57568359375,2230.3924426978956,2176.2057924442634,2228.6444862381013,332491
2021-12-14,2170.787841796875,2174.458508823534,2149.9871108142656,2167.466680820886,365318
2021-12-15,2191.19482421875,2205.9214453663085,2164.1014942637753,2171.0497931285513,470021
2021-12-16,2159.688232421875,2206.795585511656,2149.3752440405965,2196.307844115165,496003
2021-12-17,2136.571044921875,2157.852502664959,2115.901542710355,2157.852502664959,492339
2021-12-20,2059.6611328125,2128.137426526789,2018.8901253703832,2128.137426526789,687713
2021-12-21,2051.57666015625,2088.808222611662,2039.0351990613922,2088.808222611662,401977
2021-12-22,2052.800537109375,2067.8329231234575,2042.749785369764,2058.2191605899166,367785
2021-12-23,2091.168212890625,2100.1702336789176,2056.0343215687285,2066.959052289072,472868
2021-12-24,2090.949462890625,2108.9097606759547,2077.097034053333,2108.9097606759547,343453
2021-12-27,2099.295654296875,2106.4622329232548,2072.2023298658996,2088.807915807465,223494
2021-12-28,2113.10498046875,2119.3975821616796,2093.9647258262876,2101.0440360893513,265463
2021-12-29,2126.608154296875,2134.954691525612,2106.2881544664415,2115.901917827077,270407
2021-12-30,2125.427978515625,2130.628320677172,2108.341871551567,2119.3976129252083,366389
2021-12-31,2151.822265625,2170.612800889987,2125.5154309045665,2125.5154309045665,253608
2022-01-03,2164.4951171875,2181.8872030136768,2152.60892490394,2152.60892490394,234912
2022-01-04,2171.74853515625,2181.9742516959777,2157.327893585827,2177.953866272358,181575
2022-01-05,2190.18994140625,2196.2640488084467,2165.6748038167393,2171.792652815081,294097
2022-01-06,2181.4501953125,2192.8119150797525,2153.482885116186,2176.206324650691,406402
2022-01-07,2184.1591796875,2198.4923379646225,2169.2140659225574,2192.8114792101924,308537
2022-01-10,2253.20361328125,2258.3600000681827,2175.5942950623885,2175.5942950623885,783876
2022-01-11,2244.594970703125,2265.4829686009452,2238.083874457676,2258.9281307618435,372092
2022-01-12,2264.040771484375,2267.973673808899,2239.1323900957223,2250.4941079221253,410716
2022-01-13,2266.75048828125,2272.343864752726,2246.1245124671173,2271.4698863432054,243121
2022-01-14,2245.862548828125,2267.799494918813,2233.0151073237344,2263.604355369265,267065
2022-01-17,2361.052490234375,2381.110250502786,2264.8711310501963,2271.469710205123,2357848
2022-01-18,2353.49267578125,2383.338950965529,2320.5872630105246,2362.3634706490006,1082632
2022-01-19,2359.56689453125,2394.700783053143,2337.935929428854,2355.371755594241,763040
2022-01-20,2368.00048828125,2411.524650774241,2356.289264282004,2359.7414359302165,1022978
2022-01-21,2403.528076171875,2427.03800971378,2322.3790966193524,2362.975350506097,1170753
2022-01-24,2365.16015625,2420.395545018644,2331.380978541122,2394.700667006778,593277
2022-01-25,2431.451416015625,2437.5255226353866,2318.5334602950475,2363.3248489773937,971148
2022-01-27,2372.8515625,2420.9203786832413,2350.1281221224676,2388.583175069061,559824
2022-01-28,2335.401611328125,2407.8108168878093,2327.44853483919,2377.396321789231,466238
2022-01-31,2380.9794921875,2389.5007819253224,2342.3932162735864,2342.3932162735864,442531
2022-02-01,2383.12060546875,2420.745418315084,2340.51415841031,2401.692646494224,414159
2022-02-02,2361.839111328125,2397.6722252504833,2357.993691768836,2362.363583710587,283071
2022-02-03,2430.970947265625,2462.8274176334403,2345.758052295861,2363.499856692498,1436881
2022-02-04,2378.7509765625,2429.6602240631028,2370.8851700817204,2416.5505465951364,585251
2022-02-07,2314.33837890625,2389.456774327144,2294.1931355555057,2378.7505396945517,688838
2022-02-08,2335.226318359375,2352.4436485068877,2316.042537001201,2325.2630509081355,625615
2022-02-09,2384.9560546875,2391.7293873229946,2336.188017037211,2342.611630286693,359950
2022-02-10,2389.544189453125,2404.3143375842965,2360.6591635515174,2399.419973685062,448648
2022-02-11,2375.997802734375,2400.81870435385,2320.4126902291487,2333.522366445133,1235994
2022-02-14,2314.7314453125,2362.494272361145,2299.218331038648,2343.135739053356,576694
2022-02-15,2428.47998046875,2436.5207523968593,2298.563177478946,2316.0427453685197,1131545
2022-02-16,2435.60302734375,2486.11902111431,2417.5989871054708,2417.5989871054708,1127829
2022-02-17,2441.415283203125,2510.328575678356,2430.141045509821,2447.1398852522875,1166885
2022-02-18,2424.459716796875,2462.8710231164614,2402.5227745701286,2429.65984537394,662754
2022-02-21,2423.834716796875,2454.7874627425413,2398.5095842298847,2429.730363691378,522214
2022-02-22,2439.60107421875,2458.360364793116,2363.7153209658254,2389.5315907580734,644900
2022-02-23,2385.6904296875,2467.695374529542,2380.6433743103335,2452.1073405185234,631227
2022-02-24,2224.673095703125,2344.554068902992,2179.650885950914,2339.1942716424574,1934361
2022-02-25,2285.41748046875,2315.4324325717043,2237.447338273196,2308.9113022414585,715496
2022-02-28,2264.916748046875,2275.1896949021266,2223.4677279715524,2257.368408975732,1008620
2022-03-02,2167.412841796875,2231.909028664864,2162.6783103452613,2231.4623788692534,855090
2022-03-03,2159.46240234375,2204.663450104881,2148.385574352609,2180.5443604967645,831912
2022-03-04,2064.68310546875,2147.13469004168,2055.5714945068353,2143.9187247183268,1266961
2022-03-07,1964.09765625,2045.4773316329097,1938.5494202439033,2045.4773316329097,1284637
2022-03-08,2011.3978271484375,2018.1869909060827,1917.780209589597,1948.2863017223265,1081826
2022-03-09,2046.102783203125,2064.058192832947,1996.6585619130058,2024.2169424746917,670764
2022-03-10,2073.125,2153.253928696841,2065.3533372732118,2099.254012711408,716132
2022-03-11,2082.460205078125,2094.787784485571,2043.0658193885156,2070.6686927239034,467988
2022-03-14,2092.0185546875,2100.147669483265,2038.7780215261287,2081.3883751152734,382149
2022-03-15,2071.02587890625,2126.053226112517,2054.589252125542,2094.787737493216,612285
2022-03-16,2116.67333984375,2122.926436859537,2085.8545045516594,2099.43261445351,493507
2022-03-17,2161.695556640625,2170.0479949121814,2121.586492916098,2128.732889523815,781757
2022-03-21,2136.37060546875,2186.752613396009,2126.0529519367965,2174.961102826939,516893
2022-03-22,2165.045166015625,2175.18420220262,2094.8319587619794,2148.3852181919096,470208
2022-03-23,2139.1396484375,2179.4722533761,2078.8866383019836,2164.464777540591,1137046
2022-03-24,2154.772216796875,2168.26112595173,2084.0676513937115,2109.080036408295,692836
2022-03-25,2124.623779296875,2177.8645251462594,2114.216925713663,2161.785131605393,467568
2022-03-28,2124.2216796875,2141.9984720755124,2098.3607006223665,2117.119991687956,493636
2022-03-29,1974.7724609375,2144.812108730575,1924.2118398743225,2130.5193166690633,2475877
2022-03-30,2029.263916015625,2037.6163543757236,1988.8421097747212,2009.9240672272592,3115035
2022-03-31,2049.36328125,2069.685848053855,2036.7231785841154,2036.7231785841154,1338490
2022-04-01,2001.125,2006.350889865725,1920.5941287672792,1951.859614584421,3541517
2022-04-04,2065.085205078125,2071.5616267226874,2009.9239586571998,2009.9239586571998,1417392
2022-04-05,2083.398193359375,2101.6214197234767,2067.9887737708023,2081.2988518602865,715666
2022-04-06,2096.48486328125,2098.494787495603,2060.440353224965,2079.601587116981,812337
2022-04-07,2099.7900390625,2115.511980509672,2087.507170076875,2099.25397208866,853476
2022-04-08,2110.375732421875,2126.0531850304783,2081.8795605815008,2103.7206935910826,694946
2022-04-11,2086.211669921875,2109.7502001662588,2082.415146856052,2106.355618277499,408871
2022-04-12,2052.713134765625,2077.77023303243,2041.6363065779108,2076.876933401462,502227
2022-04-13,2031.7203369140625,2064.549094207206,2026.8071895640683,2047.0405545052843,426929
2022-04-18,2041.547119140625,2050.0781751946292,2009.1650038736416,2027.7009733023285,422209
2022-04-19,2021.7601318359375,2079.154625802781,2003.1347496703384,2061.7352852214044,484466
2022-04-20,2032.12255859375,2067.988448114176,2020.3308301189763,2027.789968561201,424461
2022-04-21,2070.35595703125,2074.0185730279295,2034.0434115579178,2038.5099100461873,341987
2022-04-22,2049.452392578125,2059.055362272018,2031.050335509826,2050.1223672079313,598737
2022-04-25,2044.4053955078125,2084.023098884728,2024.216738854884,2026.271371395958,596296
2022-04-26,2150.395263671875,2155.531735897906,2055.750223403408,2064.4151851057027,1311255
2022-04-27,2233.2490234375,2258.797479501915,2117.12007421875,2134.98606640625,2082863
2022-04-28,2248.703369140625,2270.723119418381,2231.5073499866476,2268.802612307612,1182758
2022-04-29,2239.189453125,2279.7006789946818,2225.611342228758,2240.9315618938394,839920
2022-05-02,2221.90380859375,2238.251232463186,2186.886513094353,2197.6953057940764,667551
2022-05-04,2152.40576171875,2251.1153847400915,2142.8474979493153,2179.651404272152,1263034
2022-05-05,2234.72265625,2267.3280887194696,2170.8072500872045,2170.8072500872045,1675043
2022-05-06,2289.83935546875,2321.6853953366463,2150.39521659259,2152.8517902121266,2491483
2022-05-09,2226.772705078125,2286.8471066091665,2220.7429324337454,2282.380608354071,996952
2022-05-10,2206.226806640625,2250.5345564376535,2196.2666027972373,2219.849626278754,644415
2022-05-11,2206.718017578125,2250.578896528751,2150.975992388955,2202.4301359342317,575504
2022-05-12,2144.9912109375,2196.6239775746885,2118.013603428055,2196.6239775746885,966472
2022-05-13,2187.82470703125,2233.24908056626,2157.27390322725,2157.27390322725,691344
2022-05-16,2229.586181640625,2243.923682534888,2179.6508257781366,2188.6285295598304,473407
2022-05-17,2254.241455078125,2267.9536906541966,2235.0802230032123,2246.6484087661916,517525
2022-05-18,2268.087646484375,2281.6657565592454,2243.7899413887044,2255.894194384502,332168
2022-05-19,2247.09521484375,2277.0207523898703,2233.7404290196723,2242.271484087533,556405
2022-05-20,2313.77978515625,2334.5490000793725,2273.4473969611813,2273.4473969611813,751633
2022-05-23,2344.643310546875,2411.8641024091517,2332.003209014373,2336.0230570327153,744827
2022-05-24,2355.630859375,2370.8169513770385,2334.5489032417704,2349.3330540736606,616849
2022-05-25,2317.84423828125,2384.43976161404,2307.973234893198,2358.48936674559,525893
2022-05-26,2355.1396484375,2364.87674477332,2300.2464325298347,2329.7253188496347,362813
2022-05-27,2429.596435546875,2435.938732217507,2356.524480442674,2362.911485714024,654718
2022-05-30,2474.930908203125,2490.0275821195023,2433.3477739544505,2433.3477739544505,924244
2022-05-31,2477.923583984375,2510.1270770230108,2458.494318383939,2478.816883552211,1859231
2022-06-01,2463.363037109375,2501.149435301301,2440.047830569458,2501.149435301301,430807
2022-06-02,2378.9462890625,2441.3878448391088,2358.6682133539703,2439.244013001995,1093645
2022-06-03,2308.06298828125,2401.8147436452477,2300.380523996395,2389.5765819651065,753558
2022-06-06,2269.65087890625,2317.621022121627,2255.670827894033,2291.3133934446646,965347
2022-06-07,2296.539306640625,2302.9710199821297,2233.2489443222457,2255.581433765468,550257
2022-06-08,2310.028076171875,2337.8097811987136,2280.9066398246414,2308.2861855555643,539786
2022-06-09,2320.8818359375,2325.750275260897,2286.8470330915266,2304.668316938293,327503
2022-06-10,2324.321044921875,2335.4425822535236,2300.6486035427897,2304.7131606807434,324452
2022-06-13,2321.5068359375,2333.566379456167,2265.8989408236475,2286.846770947191,625967
2022-06-14,2284.703369140625,2335.889266787641,2260.0482105168708,2318.9612813191125,509259
2022-06-15,2327.3134765625,2347.5913337342213,2284.7031295340985,2293.1000584839217,673444
2022-06-16,2250.2666015625,2344.241684240275,2243.120204125548,2340.8918104417035,493824
2022-06-17,2204.12744140625,2249.3284903631043,2193.6311706509814,2249.3284903631043,725864
2022-06-20,2190.862060546875,2234.54432540445,2174.2018915216668,2193.140018231266,377385
2022-06-21,2232.534423828125,2255.447690522032,2201.983619660315,2201.983619660315,381831
2022-06-22,2255.09033203125,2281.040731335831,2215.3832049002785,2228.7827000912075,873408
2022-06-23,2388.7724609375,2399.983196038224,2298.0578462302587,2298.0578462302587,1846048
2022-06-24,2465.462158203125,2472.3852300211342,2403.154511841041,2425.308385276815,1354569
2022-06-27,2461.487060546875,2509.2785893943646,2439.2439876279777,2490.1173564932824,1005184
2022-06-28,2471.491943359375,2494.717732805797,2438.7078918743005,2454.787284567977,714029
2022-06-29,2458.7177734375,2487.6161032231284,2438.70794929496,2447.6856540451254,653929
2022-06-30,2429.507080078125,2477.1199963267145,2424.4153155538056,2452.1076054514356,643735
2022-07-01,2468.901123046875,2474.4395361522543,2397.0352241800138,2425.3080652178232,393346
2022-07-04,2465.908935546875,2500.3456801184207,2446.6582847809786,2456.573997972725,499627
2022-07-05,2445.184326171875,2475.199279919946,2438.707904082279,2468.4548243326362,401190
2022-07-06,2529.6455078125,2538.7571188785846,2442.3701923474446,2445.4073233392414,739745
2022-07-07,2536.479736328125,2562.6534606071145,2523.705507267996,2552.1571893523405,382303
2022-07-08,2545.27880859375,2572.65835640694,2518.2564934144034,2544.47470803149,532145
2022-07-11,2562.072509765625,2568.593421965232,2508.4298285222653,2514.6382167358515,428940
2022-07-12,2568.68310546875,2576.7675107994655,2531.6111705437097,2549.923813097043,422887
2022-07-13,2539.963623046875,2583.243947061986,2532.504483803612,2577.1694658812767,539917
2022-07-14,2494.80712890625,2560.196615022813,2476.271162485551,2535.184226599701,620757
2022-07-15,2501.283447265625,2515.933472641551,2485.8293214407004,2501.194030074388,816619
2022-07-18,2517.27392578125,2533.2641217725036,2505.9290628498266,2527.993522521005,369313
2022-07-19,2502.310791015625,2543.090048530429,2486.4547231465867,2514.6383690896973,661056
2022-07-20,2525.134521484375,2535.8541161630033,2510.1717539121228,2519.1047494776467,201509
2022-07-21,2543.938720703125,2549.4771347708866,2514.6831579267596,2519.1049474610722,314132
2022-07-22,2565.19921875,2575.739979558053,2537.2388976501798,2546.8418683507552,576270
2022-07-25,2535.943603515625,2568.950979425291,2529.3330557598197,2568.2362961421336,421977
2022-07-26,2501.908935546875,2543.849309503995,2488.420023914704,2536.9709459798714,347002
2022-07-27,2517.106201171875,2521.990975007623,2469.8859109740647,2501.2303549297753,498259
2022-07-28,2515.4326171875,2543.746770143358,2491.6414848044433,2531.0823125395145,294368
2022-07-29,2549.219482421875,2575.226848809887,2523.483541418466,2532.8913351803253,400652
2022-08-01,2569.79931640625,2630.5886664540494,2550.983507359154,2564.5072941943586,961562
2022-08-02,2507.064697265625,2559.0794269676057,2480.4694281582374,2556.501438092728,1137765
2022-08-03,2534.610107421875,2539.947404054798,2487.118392771991,2520.2269907538675,600314
2022-08-04,2539.2236328125,2558.175043970994,2514.0303210401858,2550.892937013506,396416
2022-08-05,2506.38671875,2541.847157889677,2497.6121025092816,2540.1284983144014,512072
2022-08-08,2476.8515625,2526.830944318347,2469.5694545536253,2505.753622385913,675310
2022-08-10,2510.683349609375,2519.3223627433017,2472.19240183612,2519.3223627433017,895054
2022-08-11,2519.59375,2549.1742587974727,2503.401204703097,2524.162044704871,422152
2022-08-12,2498.426025390625,2528.3685100393873,2489.334930684392,2523.80021507295,435760
2022-08-16,2548.269775390625,2574.1865947766637,2516.1563295168703,2537.4145260811865,1213957
2022-08-17,2635.5185546875,2649.5851914582245,2540.1733787123744,2546.4603325213047,2510869
2022-08-18,2630.769775390625,2658.2698743801443,2626.2014802099843,2648.6357075604637,805655
2022-08-19,2567.854248046875,2656.731597684919,2562.6077211354927,2634.207044742847,510610
2022-08-22,2515.297119140625,2565.140675407966,2501.7280568599404,2564.5527710493852,570304
2022-08-23,2535.967041015625,2541.9375164050766,2493.2244973678885,2510.276372962309,396875
2022-08-24,2538.635986328125,2554.6021614972324,2514.7995782444423,2516.020882207222,324008
2022-08-25,2532.71044921875,2551.9332851739196,2525.5639447532935,2540.218706961947,363945
2022-08-26,2557.089599609375,2569.889659083574,2548.3149841469817,2564.5525833174415,475372
2022-08-29,2557.361328125,2561.7938003306795,2497.7027257636455,2522.850545649859,339203
2022-08-30,2566.9951171875,2590.786250177339,2561.4318900813123,2570.8849591494404,918526
2022-09-01,2602.2294921875,2607.2500894912805,2526.46889309856,2550.9837543977396,838699
2022-09-02,2555.642333984375,2613.4013974818467,2551.074259693159,2612.7682187450014,776170
2022-09-05,2570.93017578125,2576.312526109143,2540.1736357925874,2558.220443762871,930716
2022-09-06,2593.093017578125,2595.987706629088,2558.03960747903,2570.930216354181,481401
2022-09-07,2582.418701171875,2600.736935237461,2560.9343525764352,2569.0757899389178,551689
2022-09-08,2584.725341796875,2599.3798840620425,2574.503271286088,2595.354439982965,519141
2022-09-09,2567.673095703125,2603.676377896442,2562.47162287314,2597.6608498332994,522672
2022-09-12,2585.267822265625,2596.123070849295,2570.296801941125,2575.4077264756975,313906
2022-09-13,2596.2138671875,2626.065803639482,2561.8389100609756,2565.45732660061,766550
2022-09-14,2579.478759765625,2595.9425112917074,2560.0297703442816,2560.0297703442816,519643
2022-09-15,2524.116943359375,2582.644786290117,2502.6325953123032,2582.644786290117,1010823
2022-09-16,2429.04296875,2536.781409108267,2415.2930301268916,2536.781409108267,1906557
2022-09-19,2446.4111328125,2465.000790425413,2410.6342189011334,2441.20965946476,534862
2022-09-20,2507.155517578125,2553.9235050059156,2455.683412187272,2458.6686498636436,1009201
2022-09-21,2511.76904296875,2540.083197239165,2503.5825520323924,2519.322576016266,447919
2022-09-22,2512.0400390625,2532.3033012166734,2472.2827373466366,2511.768613691796,328914
2022-09-23,2498.56201171875,2543.9730972424895,2480.7864071270087,2524.6597097196877,408930
2022-09-26,2461.74462890625,2492.048868386273,2415.4739934286154,2478.6154082168187,610918
2022-09-27,2386.572021484375,2474.0924774982527,2379.1090368630366,2474.0924774982527,740040
2022-09-28,2344.14599609375,2374.585836669283,2329.446179009607,2351.9707334629084,923391
2022-09-29,2294.347412109375,2355.9057649922934,2284.1253416577747,2352.0159232106357,1057406
2022-09-30,2306.0166015625,2344.8693013646916,2270.556166949975,2305.835724922504,706844
2022-10-03,2284.622802734375,2328.405550415798,2280.0092337389606,2296.3373810122002,658511
2022-10-04,2371.691162109375,2377.20911481505,2316.7817353591718,2333.8786651473292,391128
2022-10-06,2393.673095703125,2409.5487216299452,2379.3350317887484,2400.8193800465124,463669
2022-10-07,2374.540283203125,2474.001451244549,2360.925948502914,2428.771250147895,1065099
2022-10-10,2325.28466796875,2351.7896103187886,2289.9145619208375,2351.7896103187886,1076512
2022-10-11,2305.06689453125,2329.807905494393,2292.0859579506287,2329.3556034354733,407068
2022-10-12,2306.78564453125,2319.8118547519002,2276.0743806359364,2306.740370157793,401910
2022-10-13,2303.529052734375,2328.7223651115287,2290.457567736333,2309.4542537246675,239037
2022-10-14,2293.9853515625,2338.401499329068,2287.788946250654,2329.807760743526,250851
2022-10-17,2310.087646484375,2324.8327387641725,2281.004710485612,2283.2209465528294,257635
2022-10-18,2317.595703125,2349.030695585419,2292.899967036333,2321.6664215731116,454003
2022-10-19,2298.77978515625,2328.4508423918132,2290.6383486443906,2328.4508423918132,375698
2022-10-20,2320.807373046875,2324.8328176076247,2263.9981845398765,2294.483302219312,364460
2022-10-21,2324.697021484375,2331.1648527005145,2304.8860584446516,2325.737227897952,360297
2022-10-24,2335.596923828125,2342.9243043944557,2329.3552447164957,2339.305888480333,35097
2022-10-25,2338.9443359375,2353.779754118221,2321.259282469528,2339.396637965578,410336
2022-10-27,2361.6953125,2370.0629009863064,2331.2101964551484,2350.161609451307,473043
2022-10-28,2397.0654296875,2419.2282316812007,2369.158302918447,2373.545721449287,717856
2022-10-31,2421.489501953125,2437.1389757407305,2403.08072072123,2413.483667564179,511816
2022-11-01,2418.142578125,2434.1542488093705,2387.5218591082103,2433.6113979605125,368266
2022-11-02,2391.727783203125,2403.7137866119247,2379.425300893883,2397.1554073882417,565598
2022-11-03,2393.899169921875,2413.845513825917,2377.299596197224,2387.2502413867865,311401
2022-11-04,2341.929443359375,2385.621865134306,2327.953354320505,2370.967323027038,855256
2022-11-07,2371.0126953125,2374.5858374501586,2342.924692950823,2351.0661301077953,314060
2022-11-09,2398.557861328125,2403.1261563750004,2371.9173137516477,2379.108872446905,459177
2022-11-10,2453.739013671875,2462.3327539962556,2375.8074463336698,2398.512880364541,706321
2022-11-11,2413.93603515625,2471.3331209957455,2406.2921746994016,2466.0413195335937,474615
2022-11-14,2431.9375,2449.667828160011,2402.5378676457904,2415.745175443615,352558
2022-11-15,2470.247802734375,2491.325123771189,2435.1943916363407,2437.4559020297625,1012827
2022-11-16,2478.11767578125,2492.184313809718,2450.6177992794564,2470.0667875723457,647740
2022-11-17,2482.23388671875,2501.3211233861766,2467.036492221774,2479.520074160384,517393
2022-11-18,2463.372802734375,2477.8014161931114,2444.783363377723,2474.0924506872943,469583
2022-11-21,2422.031982421875,2462.7844375793015,2410.769706574413,2455.999907448229,467604
2022-11-22,2429.26904296875,2434.154037632778,2412.579141447196,2415.1120771044016,361527
2022-11-23,2405.206787109375,2440.1696485058283,2396.0701970268074,2434.289721641959,264132
2022-11-24,2418.097412109375,2424.9269966777874,2393.4016749465095,2410.770030243808,498023
2022-11-25,2449.803466796875,2457.5831502755627,2409.4129827032157,2418.0067215189392,423634
2022-11-28,2517.96533203125,2536.5097147532333,2453.331417884993,2460.4777014229826,1223958
2022-11-29,2558.446533203125,2567.2211487597137,2508.557705674491,2517.648800154153,731879
2022-11-30,2579.840576171875,2588.0725625615187,2551.0743398885706,2561.793766926027,1379225
2022-12-01,2597.842041015625,2608.8781666210857,2556.9539807712963,2582.6446483020804,782249
2022-12-02,2551.390625,2591.6907823830957,2544.651368531814,2591.6907823830957,526214
2022-12-05,2557.90380859375,2562.65298032961,2519.9104347068733,2541.9376338601082,397713
2022-12-06,2531.80615234375,2555.5067370267584,2513.0356161337304,2552.792924562659,339117
2022-12-07,2496.30029296875,2534.7006929150602,2488.5658837292403,2526.604530375122,340800
2022-12-08,2495.0791015625,2513.7140352374204,2483.3645220877697,2487.6613917644536,190468
2022-12-09,2489.018310546875,2516.8348880679787,2470.6095278146113,2498.5166540906666,254995
2022-12-12,2507.064697265625,2510.185536877627,2475.041804189335,2488.5655897417328,166357
2022-12-13,2496.209716796875,2546.5057926381655,2485.761495367093,2518.3272426699295,440848
2022-12-14,2485.263916015625,2517.4224119010305,2467.3979868123606,2498.9233040606796,438317
2022-12-15,2506.522705078125,2518.2372856212637,2473.7308019232273,2477.2586700603256,299314
2022-12-16,2464.910400390625,2503.627276522508,2457.9447726200747,2483.2286321534816,271086
2022-12-19,2515.34228515625,2519.322454913534,2450.6178166956197,2464.9106058523253,276490
2022-12-20,2508.06005859375,2524.3882062283155,2481.6907174413623,2505.753274044996,234062
2022-12-21,2494.400390625,2531.1274033528734,2475.901281993959,2508.0600001044827,328455
2022-12-22,2467.48876953125,2529.7708554604374,2458.0809744303265,2494.174592753815,483991
2022-12-23,2385.305419921875,2460.5231628276297,2377.887489588744,2456.000142307726,328855
2022-12-26,2430.0380859375,2440.621909946165,2362.4642025045914,2392.677891700373,175951
2022-12-27,2444.55712890625,2458.9402466440433,2429.3144605398984,2437.8629256425725,181947
2022-12-28,2439.355712890625,2466.6294404964515,2428.8622160935074,2431.214275294781,225857
2022-12-29,2462.51318359375,2483.1382007978204,2416.6045265116045,2434.832431242761,243791
2022-12-30,2477.574951171875,2501.0946570461006,2463.146339541627,2474.8611389556186,211762
2023-01-02,2456.814208984375,2487.2995441095204,2451.477133086535,2477.5750499469077,131296
2023-01-03,2460.885009765625,2478.524790464443,2444.240381959296,2444.421258616852,136701
2023-01-04,2450.843994140625,2467.760047067334,2440.3957723518697,2448.7633604880034,178937
2023-01-05,2503.1748046875,2506.7481670743623,2444.2399439715705,2449.577019091528,258988
2023-01-06,2480.922119140625,2510.5931789928813,2472.9615585679776,2503.039646111603,162618
2023-01-09,2489.787353515625,2507.9244902824576,2478.841554815638,2493.9936745284967,110658
2023-01-10,2453.331787109375,2494.943578991975,2431.3045871964864,2487.6614712423943,206381
2023-01-11,2436.777587890625,2460.52344837587,2428.0029712338237,2453.377163465327,150551
2023-01-12,2437.229248046875,2442.7021462396997,2408.9603739626345,2433.3846811714184,163626
2023-01-13,2468.167236328125,2483.0479309526245,2427.3244458490854,2427.3244458490854,196440
2023-01-16,2495.44091796875,2501.2302957742418,2451.477071084338,2471.3783609602997,362194
2023-01-17,2502.904052734375,2504.8488632948433,2469.297876427902,2501.230446735371,254062
2023-01-18,2505.708251953125,2520.5438927060395,2485.3546583276902,2502.949165091552,159791
2023-01-19,2505.346435546875,2514.573353587956,2489.1088354335548,2498.5166301321824,140565
2023-01-20,2484.44970703125,2503.491666132567,2468.981110547617,2503.491666132567,300399
2023-01-23,2509.914794921875,2543.7469022228534,2487.706718586184,2488.9730760720763,434312
2023-01-24,2507.471923828125,2521.131533573807,2498.742582925816,2512.085492907952,129633
2023-01-25,2519.322509765625,2526.5593428277884,2502.135031242987,2513.8948849690028,356744
2023-01-27,2475.13232421875,2542.0279715089337,2455.638283297621,2522.036133331311,464092
2023-01-30,2444.51171875,2501.1850776259894,2425.334155881269,2463.2822539413305,459196
2023-01-31,2499.6474609375,2507.562747387587,2428.5004316435393,2464.5487751372743,579601
2023-02-01,2467.08154296875,2553.561783663129,2419.861252903665,2510.773965368001,408279
2023-02-02,2407.1064453125,2454.37201365293,2383.270257712441,2432.480636696962,453723
2023-02-03,2401.045654296875,2428.093231045999,2371.0128395717743,2419.1830123480045,328028
2023-02-06,2437.908203125,2446.773368033761,2392.7685440307646,2399.0554987518153,252416
2023-02-07,2399.552978515625,2437.7272282327826,2365.5850496187863,2429.766667801805,421543
2023-02-08,2365.22314453125,2430.6260685272055,2344.7792233201326,2405.3877011670297,793670
2023-02-09,2315.062744140625,2364.635092468073,2305.926375337322,2364.635092468073,1266011
2023-02-10,2336.864013671875,2342.6081176831312,2307.012075842913,2315.0629646747147,283858
2023-02-13,2317.18896484375,2353.780161071525,2311.309037462134,2346.498052990319,327921
2023-02-14,2299.9560546875,2331.255446662828,2294.121402081721,2328.812838773812,409279
2023-02-15,2326.6416015625,2329.35541369496,2294.9804600171315,2302.217292370359,643367
2023-02-16,2312.801025390625,2342.9243830571922,2303.574108669938,2342.9243830571922,433077
2023-02-17,2353.503173828125,2356.7983370169163,2313.961668786365,2313.961668786365,705628
2023-02-20,2345.984619140625,2361.810512067934,2333.268294246716,2357.6336021428774,182493
2023-02-21,2339.580078125,2362.27457637527,2335.820813928631,2357.633565419719,203273
2023-02-22,2319.994873046875,2352.6675441727607,2315.864418704623,2327.002844766529,310260
2023-02-23,2316.32861328125,2332.2009617048425,2304.5404905456503,2321.016079760534,294710
2023-02-24,2307.185546875,2328.4415117396625,2303.2406878001266,2316.7925296197254,255112
2023-02-27,2262.539306640625,2309.3670620745465,2255.531334743227,2307.1856962706875,293892
2023-02-28,2245.4140625,2294.515868887679,2237.2922931420844,2272.192560358692,542868
2023-03-01,2256.552490234375,2268.4797527020064,2240.958647736605,2241.608343963206,293122
2023-03-02,2286.487060546875,2305.004649766708,2265.6487391334385,2268.062155583187,525446
2023-03-03,2284.81591796875,2300.8274041474383,2280.5925531035973,2297.9498870010248,197868
2023-03-06,2301.66259765625,2312.8474777763304,2284.49085958507,2294.5154871327736,203422
2023-03-08,2300.131103515625,2302.8692542028925,2265.369982546213,2280.592405310966,286894
2023-03-09,2268.34033203125,2312.197881154335,2264.813118737078,2307.510415237859,244591
2023-03-10,2265.091552734375,2268.340259973625,2232.604480341874,2243.4643992192864,224485
2023-03-13,2215.6650390625,2266.5767922081586,2209.1211684302825,2266.5767922081586,249618
2023-03-14,2203.041259765625,2238.3593954874536,2198.3537937726314,2222.9976051950175,302570
2023-03-15,2208.610595703125,2234.971673150465,2199.885585998779,2227.6851955120683,217071
2023-03-16,2200.72119140625,2222.11629968086,2195.19843305983,2199.282432523093,577586
2023-03-17,2186.055419921875,2204.990881628575,2161.5974268087166,2204.480325073025,628419
2023-03-20,2171.39013671875,2187.2622600492273,2138.5780948359516,2186.055551739312,352432
2023-03-21,2180.3935546875,2187.169476478391,2163.6394586450288,2176.5878347933085,291142
2023-03-22,2184.245361328125,2199.1430518896364,2177.5623508422864,2180.393412861193,166790
2023-03-23,2192.877685546875,2212.6948930535996,2187.7725734747023,2195.198191034226,371585
2023-03-24,2147.256591796875,2207.9144679551587,2138.6707216796613,2193.3417391326375,272040
2023-03-27,2142.84765625,2163.5463836987055,2131.6627745915175,2153.382615089094,238881
2023-03-28,2087.99072265625,2142.847560004251,2084.742015152673,2135.7931330660285,456838
2023-03-29,2138.716796875,2149.251981447367,2088.4547433628054,2088.4547433628054,712847
2023-03-31,2178.815185546875,2187.6793338871275,2148.5557078938955,2148.5557078938955,302919
2023-04-03,2256.552490234375,2259.7082871132197,2201.742104244909,2213.7622775785703,787785
2023-04-05,2257.573486328125,2266.2522680841885,2245.414172716837,2265.556116390768,289012
2023-04-06,2252.236083984375,2263.142459355536,2237.2457097572656,2257.57324640005,211340
2023-04-10,2283.98046875,2290.66370534098,2243.6036763034226,2255.5311642570928,261131
2023-04-11,2292.520263671875,2300.874083360214,2272.2854106599702,2296.372212105642,575155
2023-04-12,2299.435302734375,2306.5824141883613,2273.3527308668167,2297.300392400883,464883
2023-04-13,2271.35693359375,2299.435046370444,2262.9566594902562,2299.435046370444,458472
2023-04-17,2288.900146484375,2291.73120848795,2245.785200055324,2255.5313230561837,656224
2023-04-18,2264.534912109375,2297.254040383126,2250.8903847899296,2293.541231500998,397381
2023-04-19,2270.33642578125,2276.0450060327294,2247.270734030353,2260.1726556705316,247426
2023-04-20,2272.74951171875,2285.465836366209,2257.2485805085544,2274.095359568367,315314
2023-04-21,2282.77392578125,2298.599590300254,2272.7492977766797,2274.9768921724326,699932
2023-04-24,2321.48046875,2342.7826667724817,2267.969468781502,2283.3312625726153,686216
2023-04-25,2318.417236328125,2352.0645688541563,2314.797338094216,2325.0537919609196,538138
2023-04-26,2325.28564453125,2342.78234659969,2313.1263317105495,2329.7875158340817,560280
2023-04-27,2328.534423828125,2345.4278856324036,2317.76741397264,2320.5055652172223,685268
2023-04-28,2374.898193359375,2382.6950010429364,2334.5676272645433,2339.0694984917022,721370
2023-05-02,2316.69970703125,2357.5870579698835,2288.9465527741495,2357.5870579698835,997629
2023-05-03,2322.96484375,2337.2128363158813,2300.920044360603,2311.2231780883817,863935
2023-05-04,2333.96435546875,2350.904045064019,2324.496738661163,2327.8845859354738,684323
2023-05-05,2364.363037109375,2378.0540194618584,2332.15446632116,2354.8489646271405,1527593
2023-05-08,2391.373779296875,2405.90005278255,2381.766796080256,2381.766796080256,855245
2023-05-09,2405.482177734375,2417.03824846168,2390.352438306813,2401.6764585110323,556418
2023-05-10,2400.37744140625,2417.1777659364548,2387.429065516595,2413.3258172959054,549062
2023-05-11,2399.8203125,2417.0385084876743,2390.1671003458696,2413.3256997188764,506829
2023-05-12,2418.80224609375,2426.3207752540197,2400.5167063845647,2408.6849318225636,718178
2023-05-15,2498.62744140625,2524.7100141828123,2418.894962117797,2438.3872085508265,1383562
2023-05-16,2493.151123046875,2522.435947941895,2488.0924663511523,2506.099498486417,602177
2023-05-17,2527.4482421875,2567.7785841628365,2489.809596061392,2495.889366051201,1169727
2023-05-18,2538.77197265625,2561.0488238414587,2528.654660054374,2547.961309737258,610410
2023-05-19,2518.21240234375,2547.033124073335,2475.700699068065,2543.877100834581,458137
2023-05-22,2498.859375,2526.5663003491595,2488.6029223369296,2515.938430851914,241924
2023-05-23,2515.845458984375,2522.992570179617,2482.058991545858,2498.8593144058614,224454
2023-05-24,2542.0673828125,2547.6830515840347,2511.715215442717,2516.356226557726,402069
2023-05-25,2536.5908203125,2560.909670739816,2514.546019776048,2542.299172754042,208718
2023-05-26,2548.05419921875,2552.46315970428,2518.7696008622524,2538.1224809210885,167210
2023-05-29,2577.524658203125,2594.1396139348685,2539.607733422494,2561.838131304739,462628
2023-05-30,2579.61279296875,2594.3248869977137,2562.023408377485,2577.478109413825,399817
2023-05-31,2561.7451171875,2586.899487020713,2542.3922376166256,2579.5203249796787,773286
2023-06-01,2599.337158203125,2610.7076343131043,2549.6321153546937,2560.7705409318164,552629
2023-06-02,2684.9638671875,2703.5279102472014,2632.381305865638,2632.381305865638,2090599
2023-06-05,2664.497314453125,2710.1648171734514,2659.299291510836,2701.1148457625504,620625
2023-06-06,2696.24169921875,2702.9247094967827,2655.5399435632125,2663.940218494425,729992
2023-06-07,2745.621826171875,2765.1140703739065,2698.376429679307,2708.447286549918,996180
2023-06-08,2751.933837890625,2808.7397653506255,2736.525591229748,2763.768415553619,1150017
2023-06-09,2691.136474609375,2807.811436758249,2679.9980490751273,2773.375047170128,826404
2023-06-12,2720.00341796875,2727.2898952987935,2671.458628093716,2697.633882710911,617327
2023-06-13,2740.470458984375,2743.672711157256,2695.5455644783297,2707.5657372903115,973087
2023-06-14,2721.11767578125,2754.4864997403806,2713.7382869594076,2740.470555795197,304861
2023-06-15,2638.92529296875,2748.77788666131,2608.248165134739,2728.8215394903505,951322
2023-06-16,2628.715087890625,2640.6423502028447,2603.607173038593,2638.87885666621,1029235
2023-06-19,2582.815673828125,2624.6774593738173,2577.6641060135953,2617.530347364736,671364
2023-06-20,2599.61572265625,2607.8768577789338,2547.96136352486,2575.760972664217,872568
2023-06-21,2620.8251953125,2626.812053787632,2598.965989613205,2599.894191752352,407191
2023-06-22,2622.2177734375,2656.514800752372,2614.560104986694,2626.812329185609,578572
2023-06-23,2577.060302734375,2635.8619983065623,2566.4788890985633,2622.4030674234054,381689
2023-06-26,2646.536376953125,2653.729943606834,2575.760963102121,2577.0603554657914,583691
2023-06-27,2639.89990234375,2661.0627306906104,2624.445200129038,2652.801821959762,415101
2023-06-28,2625.65185546875,2655.9113364761192,2594.325032624006,2645.376151333959,781032
2023-06-30,2701.1611328125,2710.3502433352323,2631.4530615943095,2636.047616855675,962194
2023-07-03,2690.625732421875,2702.785270102305,2656.885496758243,2668.580933406776,818522
2023-07-04,2812.266845703125,2821.64155120537,2706.358892518468,2739.217383734596,2177103
2023-07-05,2931.4482421875,2944.2574783045156,2812.638356556044,2831.0168060620344,3069147
2023-07-06,2944.349853515625,2976.604875192042,2894.7837274040457,2913.6262745978156,1676341
2023-07-07,2922.165771484375,2944.2570265265826,2901.559730429413,2923.836580567067,931135
2023-07-10,2899.425048828125,2957.5770502588007,2864.338961773549,2929.8236696410804,570281
2023-07-11,2879.84033203125,2903.416578049692,2862.761275016775,2876.4987133554973,663715
2023-07-12,2857.79541015625,2889.7719303558,2837.9317472756593,2877.333885012956,739038
2023-07-13,2852.4580078125,2906.154364152235,2836.121559957729,2857.7951699691866,665215
2023-07-14,2911.120849609375,2916.8756584101943,2852.4585109662708,2857.8419028887856,811153
2023-07-17,2869.6298828125,2930.70540352995,2846.7960190770195,2918.870826013409,909246
2023-07-18,2892.649169921875,2895.9907883993874,2864.3390035609195,2876.4985427082374,578275
2023-07-19,2874.3173828125,2917.9428881981557,2861.183411729441,2900.632007024981,486164
2023-07-20,2865.4990234375,2877.61210616938,2831.9446081547394,2873.6672472429104,735511
2023-07-21,2879.32958984375,2900.2605941219595,2830.5525204358223,2857.9809399109663,749722
2023-07-24,2909.0322265625,2928.4780178403653,2868.1913286908753,2905.1800513643034,784541
2023-07-25,2914.833251953125,2950.7546297739605,2903.555459882914,2950.7546297739605,748386
2023-07-26,2919.845703125,2960.8721962778054,2901.6530754243963,2937.713596012946,509747
2023-07-27,2944.48486328125,2965.1350706484377,2907.7369722901785,2916.888768737,524436
2023-07-28,2977.85400390625,2980.2006185665387,2939.3225453519935,2953.871556245783,445865
2023-07-31,3007.139404296875,3031.8258338537557,2978.323025021042,2994.045341651708,933273
2023-08-01,2911.773193359375,3044.966939137281,2846.2086933412515,3027.085691026741,3043469
2023-08-02,2809.7890625,2884.4583774257776,2789.514451883562,2873.1946284739033,2692656
2023-08-03,2771.2578125,2836.1653081032264,2753.0951534769665,2789.6553621383555,1250490
2023-08-04,2764.030517578125,2801.85799292973,2742.2070005477676,2794.3488257794993,642027
2023-08-07,2772.806640625,2783.0377880671035,2749.903545861613,2769.005079344772,444210
2023-08-08,2878.732666015625,2899.242168080107,2797.16443897328,2820.630583595539,2020469
2023-08-09,2871.974609375,2892.296429156237,2819.7860385575623,2890.888460406748,548711
2023-08-10,2849.634521484375,2874.9779565629424,2828.1396256193984,2864.18353051096,476401
2023-08-11,2814.247802734375,2884.787172377202,2797.1644949398756,2858.0825159335004,816082
2023-08-14,2825.933837890625,2839.403496555441,2771.070037649,2825.229853552636,526850
2023-08-16,2798.80712890625,2831.7536883245843,2774.636999428817,2820.630643871311,753515
2023-08-17,2807.53662109375,2813.496884543933,2779.095606962536,2813.496884543933,565973
2023-08-18,2747.46337890625,2806.2694496977006,2740.8458798366564,2806.2694496977006,560922
2023-08-21,2751.64013671875,2763.7018267994913,2733.7119104434014,2749.293522240907,328451
2023-08-22,2775.3408203125,2783.647926861631,2740.845589012429,2759.618504005665,255764
2023-08-23,2770.6474609375,2792.4709735882316,2754.737462063147,2786.8390993557846,325912
2023-08-24,2748.1201171875,2789.1388909678913,2740.8456125651096,2773.6982140855816,273751
2023-08-25,2732.303955078125,2764.3118683765874,2712.6863496123387,2751.9217897054823,429528
2023-08-28,2751.875,2770.131616144318,2733.196039051008,2745.5391404451266,303029
2023-08-29,2804.814453125,2809.3669770779143,2757.788434406912,2767.127914609319,590653
2023-08-30,2770.741943359375,2823.4468180624935,2761.6368949585562,2823.4468180624935,415898
2023-08-31,2737.044189453125,2783.0848120239816,2712.733354766516,2783.0848120239816,920121
2023-09-01,2747.791748046875,2766.3300034387935,2729.58211036451,2753.0012783057814,331811
2023-09-04,2762.2939453125,2783.037880454532,2743.427072650427,2769.005171266362,643279
2023-09-05,2755.25390625,2791.438516745088,2748.5424516105472,2783.0846611973493,306742
2023-09-06,2757.741455078125,2773.698434225956,2737.8891873911907,2773.698434225956,275916
2023-09-07,2779.236083984375,2786.322905164098,2750.795301349838,2759.6184796541775,242002
2023-09-08,2824.150634765625,2841.280921125234,2778.5323558638984,2787.5904256003105,569352
2023-09-11,2866.952880859375,2871.3174921494688,2833.818638403041,2843.0641620037354,486566
2023-09-12,2834.75732421875,2880.985630359553,2825.3238879962814,2880.985630359553,429664
2023-09-13,2810.680908203125,2848.6960633242325,2801.951685541611,2834.757310610104,290774
2023-09-14,2814.435546875,2843.1112226290693,2793.409972083092,2822.320309293149,311245
2023-09-15,2876.808837890625,2912.6180855634857,2820.5838137274627,2829.6418837173846,949607
2023-09-18,2923.552978515625,2936.083991306833,2851.6058713523526,2878.5919374489226,897322
2023-09-20,2873.992919921875,2940.636776023991,2861.2272445531726,2923.5064890681656,575906
2023-09-21,2816.829345703125,2875.025391047165,2806.551219010972,2869.4404938182415,585566
2023-09-22,2837.24462890625,2853.4832471648647,2806.6916621215614,2825.323873015211,323540
2023-09-25,2792.189697265625,2837.2446969861685,2786.276182719988,2830.2048532798335,408884
2023-09-26,2848.179931640625,2852.5445428797125,2787.8249617848937,2792.4712125920187,372568
2023-09-27,2821.89794921875,2847.8514144458222,2815.937456604307,2847.8514144458222,222370
2023-09-28,2787.778076171875,2833.0207587137966,2778.438596126106,2822.0386484884652,331995
2023-09-29,2869.675048828125,2881.642783515363,2789.7961946627875,2801.904863725651,375842
2023-10-03,2830.580322265625,2876.855376159022,2807.9588671716688,2870.378811904049,387906
2023-10-04,2805.659423828125,2834.71046705386,2793.4570277778935,2830.908905528971,307263
2023-10-05,2831.565673828125,2861.7902509879063,2809.742159649249,2834.7102288260517,537209
2023-10-06,2851.60595703125,2858.176477669571,2837.0569470463965,2853.4832486421988,180660
2023-10-09,2773.792236328125,2862.822651070139,2744.5532827822294,2835.742857812268,976306
2023-10-10,2794.160888671875,2818.8473192685947,2784.0234681074094,2792.4712803842017,467743
2023-10-11,2910.60009765625,2920.1272614411905,2804.25147621439,2815.9375713029804,1048795
2023-10-12,2898.77294921875,2939.9326600279583,2876.902455813603,2925.712038379579,927642
2023-10-13,2908.34716796875,2927.6363858850477,2891.076176112933,2894.783781362452,374642
2023-10-16,2967.0595703125,2979.5436061116498,2909.6614675055725,2913.556756168934,966651
2023-10-17,2978.2763671875,2991.9806885532307,2972.2221471587177,2986.865114394386,416816
2023-10-18,2959.691162109375,2988.6484791451257,2955.7958733756286,2975.507436837327,344063
2023-10-19,3065.476318359375,3074.0648353186184,2945.517345518294,2956.2647935377063,1129769
2023-10-20,3014.226318359375,3064.6785299940393,3006.9987915482116,3059.985301004768,458086
2023-10-23,2956.593505859375,3034.407149463648,2946.8314522370233,3008.8760300448866,313646
2023-10-25,2948.14599609375,2976.446077636537,2900.4157615568906,2956.734514208481,391029
2023-10-26,2921.0185546875,2938.0081341875343,2895.722097914047,2937.0225103316216,461475
2023-10-27,2921.25341796875,2959.4562562623605,2913.603546350178,2933.455813389807,314423
2023-10-30,2919.51708984375,2936.600397771256,2867.562952541422,2921.3004252199808,265215
2023-10-31,2898.86669921875,2946.972293998211,2891.169620724788,2923.9284949593475,207132
2023-11-01,2902.71533203125,2951.712599890174,2886.8523087268813,2906.000592527789,473455
2023-11-02,2864.8408203125,2956.6871705774947,2854.891083576066,2946.4090453214767,1268028
2023-11-03,2899.852294921875,2919.3761737447385,2883.5669274964166,2895.7223449923513,411691
2023-11-06,2972.59765625,2980.435441304102,2905.766112941039,2919.1887953565097,850503
2023-11-07,2938.196044921875,2986.0200030792635,2929.795210759924,2980.1534667704186,355269
2023-11-08,2939.9326171875,2972.127984966263,2935.004726711782,2966.402383053325,459324
2023-11-09,2979.16796875,2999.9121336794383,2942.654736885181,2952.041195376043,604807
2023-11-10,2914.682861328125,2984.0019445855,2905.2494253061413,2979.121032309726,820659
2023-11-13,2927.448486328125,2944.484815464768,2911.773147731722,2911.773147731722,386501
2023-11-15,2982.875732421875,2986.395654272447,2938.0553941912603,2951.994147222578,570652
2023-11-16,3078.80517578125,3096.592467706754,2983.110283122293,2990.5254932142225,963718
2023-11-17,3130.149169921875,3162.1101061465256,3078.8052890446243,3087.8631296057206,947293
2023-11-20,3141.037353515625,3161.3589427029947,3112.173996185424,3151.033839267801,677714
2023-11-21,3169.337646484375,3186.7025943475355,3125.7375934927018,3149.1097830060535,742294
2023-11-22,3204.161376953125,3217.39614516352,3162.109999511681,3179.1933071455755,775145
2023-11-23,3349.08837890625,3356.597545675098,3210.121815557938,3210.121815557938,1726414
2023-11-24,3330.878662109375,3360.1643659805695,3316.001034137031,3349.0882994270546,514405
2023-11-28,3399.77490234375,3405.406776836865,3336.9326152903873,3341.5788659148952,659645
2023-11-29,3517.01171875,3555.7308564850887,3403.247898073398,3411.9773495041673,1561256
2023-11-30,3584.7353515625,3646.1696744239803,3550.146161557665,3566.854102924733,2909100
2023-12-01,3529.30810546875,3627.8659116055105,3510.863807699211,3623.172682741855,1060628
2023-12-04,3564.132080078125,3641.945725697075,3551.83572836024,3641.945725697075,1018705
2023-12-05,3573.18994140625,3590.320227458831,3547.2364763939554,3564.976790559122,713163
2023-12-06,3530.2939453125,3590.320300318184,3500.726601662821,3552.9621504459556,672675
2023-12-07,3541.181884765625,3578.0707094864406,3530.528392736241,3548.081022863597,500651
2023-12-08,3487.773193359375,3568.8253512950364,3465.855721875074,3555.5903536151013,779332
2023-12-11,3477.35400390625,3499.881502669615,3457.0324143947582,3487.7730637489335,451738
2023-12-12,3517.246337890625,3561.175004915893,3487.303630066888,3499.2713634047127,598126
2023-12-13,3626.2705078125,3632.5593890879068,3505.65451776139,3510.5354302813366,1355603
2023-12-14,3645.37158203125,3666.256450580098,3602.991816842821,3640.0683250531356,1067427
2023-12-15,3657.48046875,3698.264584387644,3647.718414583602,3697.325938554043,924599
2023-12-18,3651.09765625,3706.337055600297,3646.02906037848,3660.71877611029,725829
2023-12-19,3587.363525390625,3674.610606254762,3566.807044971119,3672.73331466366,560186
2023-12-20,3581.403076171875,3666.2565654497002,3556.294300837686,3617.963284517753,595832
2023-12-21,3613.927001953125,3630.587964749825,3521.8459873173188,3543.4348405186765,410786
2023-12-22,3694.22802734375,3702.018832890309,3613.9268377097733,3632.5590474861806,573168
2023-12-26,3817.894775390625,3828.73618010507,3693.665142493621,3707.6038949879908,1149831
2023-12-27,3814.938232421875,3845.585155784074,3775.23346860793,3814.656592845009,683058
2023-12-28,3917.20361328125,3931.987284738551,3805.410806025224,3814.9381984613174,1714818
2023-12-29,3885.571044921875,3936.1172130057585,3859.288962475466,3919.7848677215475,383687
2024-01-01,3865.859375,3924.853353649365,3834.3679925641304,3885.5709362836837,392408
2024-01-02,3837.371826171875,3866.2354145292197,3778.237139039087,3861.635683315921,507848
2024-01-03,3745.055908203125,3812.7321305624278,3728.0193500211544,3754.583071081368,896596
2024-01-04,3704.787841796875,3760.355625034515,3688.737136775296,3752.23643086375,630734
2024-01-05,3745.478515625,3789.3132302215536,3711.1709645747997,3717.037501034766,593042
2024-01-08,3763.50048828125,3801.5156447285353,3748.5291329942033,3768.569084142922,508360
2024-01-09,3860.1806640625,3894.2065726515007,3783.7749913369266,3799.591034797912,1043602
2024-01-10,3884.162841796875,3920.7232768941435,3835.400470337633,3843.003363375254,511944
2024-01-11,4075.787841796875,4125.348155074664,3906.643690880717,3918.846085878662,2133475
2024-01-12,4114.2255859375,4125.348631249532,3982.3458401603534,3982.3458401603534,905401
2024-01-15,4104.134765625,4142.75994826681,4071.0475014864355,4114.225207880023,490217
2024-01-16,4115.63330078125,4176.973896749836,4073.8168128520383,4073.8168128520383,972808
2024-01-17,4102.68017578125,4158.2009843935675,4074.661506377534,4079.3547354795583,443836
2024-01-18,4124.40966796875,4140.976674765579,4033.2670686209694,4068.090919657843,570816
2024-01-19,4129.806640625,4168.385072633891,4105.636512550429,4125.348073310273,383901
2024-01-23,4171.529296875,4280.224282833512,4131.5896483647975,4131.5896483647975,1399043
2024-01-24,4161.626953125,4180.35312058552,4046.4081785830476,4157.262341721443,596736
2024-01-25,4169.60595703125,4205.180546375933,4109.861234810838,4175.895068137909,664356
2024-01-29,4311.66943359375,4341.236775959746,4154.774881560719,4175.096471236529,418127
2024-01-30,4306.8359375,4375.967115255911,4299.044901661681,4343.114509285521,709726
2024-01-31,4337.99853515625,4352.406840586558,4240.942646145266,4287.264910405081,645505
2024-02-01,4305.287109375,4428.3904211051595,4294.304769585808,4338.139714169645,660378
2024-02-02,4427.8740234375,4476.683609164901,4308.431335287271,4315.893753357561,994506
2024-02-05,4455.42333984375,4481.424013845977,4411.635601548337,4430.408519001734,425966
2024-02-06,4489.96533203125,4497.990570107342,4442.6104691815635,4455.328936149671,261001
2024-02-07,4499.2578125,4521.691354834135,4439.935216253519,4496.113257492451,265821
2024-02-08,4512.9150390625,4528.684563457625,4472.083946862864,4501.698496773957,444060
2024-02-09,4607.671875,4621.8922682794,4498.084969573189,4543.04601512435,718094
2024-02-12,4399.90185546875,4645.404462603047,4343.629860675965,4645.404462603047,1321957
2024-02-13,4453.6865234375,4533.518625781443,4417.548659204967,4437.917456919839,938269
2024-02-14,4518.68798828125,4528.966343935101,4375.1223767871015,4418.206130756998,735284
2024-02-15,4521.41064453125,4556.938025919999,4493.344764884191,4533.847702962607,530347
2024-02-16,4594.013671875,4618.137050774349,4533.658933991891,4533.658933991891,848705
2024-02-19,4554.8720703125,4640.664192893529,4546.6589206992685,4626.537758888002,524294
2024-02-20,4377.23388671875,4582.468694705357,4367.518811238023,4554.872600457584,1153742
2024-02-21,4326.1962890625,4407.380830723448,4300.581596109039,4383.2446341135155,1112050
2024-02-22,4288.322265625,4368.123328221606,4236.329880820501,4350.1410136520735,1441798
2024-02-23,4311.3134765625,4393.070495314466,4278.73485528731,4326.338798741149,819122
2024-02-26,4289.228515625,4321.568638098143,4264.472323524554,4315.797193019971,605090
2024-02-27,4226.21728515625,4311.074762954793,4205.182021488102,4294.665971644855,830187
2024-02-28,4173.748046875,4254.02656807916,4148.94434084576,4235.709798839343,569688
2024-02-29,4222.8310546875,4249.065744398085,4149.850917856235,4177.516590641943,1548190
2024-03-01,4299.72265625,4316.798961187648,4245.249807134815,4254.694202306828,510674
2024-03-04,4399.509765625,4416.967572078576,4353.0503307547615,4378.7605119116715,570306
2024-03-05,4378.80810546875,4431.038986465354,4361.493303835574,4399.461867530933,442519
2024-03-06,4422.0234375,4435.093268432821,4327.388042170939,4369.268051069546,353334
2024-03-07,4438.814453125,4487.5633746133835,4408.1913190765945,4436.0479787313425,684934
2024-03-11,4456.7490234375,4507.59643285148,4388.872357410572,4483.7467162755465,644170
2024-03-12,4444.5380859375,4480.885150407796,4419.829870521464,4451.597509511394,312738
2024-03-13,4304.49267578125,4471.106715628257,4270.578096673098,4432.231674573826,700123
2024-03-14,4460.18310546875,4466.718021113429,4250.019584827761,4250.019584827761,708629
2024-03-15,4374.32421875,4465.478118919096,4293.569168107826,4440.817417754215,1278695
2024-03-18,4344.65576171875,4371.65345708085,4319.23158882004,4350.6657045318525,232124
2024-03-19,4332.77783203125,4386.05818983205,4302.107190939827,4344.464192672497,388757
2024-03-20,4302.91845703125,4377.806568915956,4273.86931520356,4333.016613762181,418716
2024-03-21,4311.93310546875,4335.878313188585,4240.670434463615,4319.469522465136,633619
2024-03-22,4468.48291015625,4518.424309968796,4309.739289346106,4329.963569570157,902115
2024-03-26,4456.22412109375,4507.167023347619,4420.354053629807,4468.482968771805,551123
2024-03-27,4362.16064453125,4481.838707803508,4350.188273219243,4476.114775865062,693528
2024-03-28,4505.0205078125,4531.446180284493,4372.321056532203,4392.16383453259,1086607
2024-04-01,4465.38232421875,4559.827199526693,4447.59052925551,4521.906151107595,664163
2024-04-02,4350.951171875,4469.866227652521,4313.936599233576,4436.047144280435,1342779
2024-04-03,4347.517578125,4391.448572324916,4318.229938115186,4373.942786161974,681469
2024-04-04,4314.84326171875,4378.808016018997,4257.412957187097,4374.038072646427,1378250
2024-04-05,4316.703125,4355.530649163037,4262.755253471122,4274.346122340629,605460
2024-04-08,4383.673828125,4396.791173526782,4316.894615170474,4331.1089544792585,711580
2024-04-09,4313.65087890625,4458.227679656112,4297.719081335426,4402.657838038401,945922
2024-04-10,4288.083984375,4342.270825434598,4269.958197934096,4342.270825434598,515061
2024-04-12,4236.47265625,4314.699726393043,4227.123753705157,4301.534869207076,438331
2024-04-15,4179.61572265625,4236.234582653256,4167.929360399324,4226.170187606894,645166
2024-04-16,4123.998046875,4241.863641361171,4090.7514443825717,4144.127303505733,719918
2024-04-18,4055.692138671875,4196.262472487915,4036.8988400076205,4157.482923421169,1103254
2024-04-19,4019.822509765625,4055.6446003567,3976.368043497262,4055.6446003567,674079
2024-04-22,4113.50390625,4135.541139046636,4013.3350897332994,4044.769204670892,619635
2024-04-23,4145.12841796875,4167.881141645151,4089.6540681817464,4138.402983954217,547228
2024-04-24,4191.2060546875,4202.653918285505,4135.636216805518,4159.390440608426,658601
2024-04-25,4291.3271484375,4307.258945925533,4165.973127426679,4198.50423499851,1103462
2024-04-26,4284.935546875,4331.871509331686,4260.942825303593,4302.727342173112,497777
2024-04-29,4252.595703125,4321.568901249484,4241.052346450975,4321.568901249484,590104
2024-04-30,4334.0185546875,4377.091520895847,4259.559916493322,4259.559916493322,828084
2024-05-02,4351.61962890625,4412.197913776478,4341.888757451564,4412.197913776478,808478
2024-05-03,4343.27197265625,4369.220651136632,4309.023872130039,4366.883192539451,347594
2024-05-06,4302.2509765625,4371.84464561813,4260.0369723021995,4361.5892660520685,241049
2024-05-07,4270.76904296875,4325.814378963361,4228.269031413564,4320.567440953348,456294
2024-05-08,4401.60791015625,4447.494854997747,4211.525681529416,4285.936792359494,1313834
2024-05-09,4545.66064453125,4695.532361839891,4420.640612242962,4440.817380000953,3589872
2024-05-10,4652.984375,4726.393991519287,4555.105041579215,4568.270365079378,1520297
2024-05-13,4660.75927734375,4684.036974127675,4512.939008706905,4682.176509848579,624906
2024-05-14,4811.39404296875,4818.596470650652,4679.361646650735,4688.758527625188,1335266
2024-05-15,4824.60693359375,4868.204404118814,4789.738832447489,4825.274912019001,882851
2024-05-16,4904.7900390625,4917.7643789241365,4809.72515549583,4831.905393418198,1296732
2024-05-17,4855.0400390625,4930.786657427331,4839.442228853189,4898.732540242521,609690
2024-05-21,4821.3154296875,4887.092664856458,4797.847216719153,4841.492195625531,480490
2024-05-22,4766.080078125,4834.767265188428,4736.553941248898,4817.642981532112,422368
2024-05-23,4908.46240234375,4918.240785635786,4734.693003677867,4769.9430692857895,644911
2024-05-24,4882.80029296875,4958.976385637735,4846.310224326228,4870.207921318253,458258
2024-05-27,4849.98291015625,4892.816908310793,4817.6427873801595,4890.145926358554,380940
2024-05-28,4945.4296875,4984.590735565471,4812.872777211062,4850.984810405075,727224
2024-05-29,4907.0791015625,4962.791945367955,4871.113543255275,4933.12280529203,409279
2024-05-30,4899.685546875,4948.291453335887,4860.286003238687,4893.007626542421,457454
2024-05-31,4884.04052734375,4951.153723980537,4773.282348703727,4936.891406923511,1905070
2024-06-03,4923.154296875,5069.496073814242,4917.430364537235,5037.060457233571,962485
2024-06-04,5066.34814453125,5102.885726634961,4693.863057856734,4927.351799975617,1945233
2024-06-05,5398.1455078125,5509.476184685702,5070.450362114241,5070.450362114241,2058534
2024-06-06,5279.6123046875,5471.555029876532,5220.560493498447,5394.901939707353,1498100
2024-06-07,5325.02197265625,5378.015859156697,5283.189474570947,5326.977463185309,637134
2024-06-10,5458.9140625,5518.824363648093,5324.2581913297845,5328.02663283917,1018162
2024-06-11,5520.35107421875,5577.399411839042,5442.505503563973,5466.35522093279,1015127
2024-06-12,5523.78564453125,5589.419881804605,5510.811304842851,5533.134547613366,668529
2024-06-13,5548.3984375,5571.294166953233,5467.309395686469,5552.405376480239,547596
2024-06-14,5537.1416015625,5594.905433136127,5496.501588291843,5555.076403453117,573273
2024-06-18,5490.0615234375,5623.333454659499,5472.7467230829,5556.029743593485,527069
2024-06-19,5387.84228515625,5513.863822530698,5366.186554866688,5509.093878926372,447054
2024-06-20,5251.326171875,5408.1618174288,5243.121776078441,5408.1618174288,840321
2024-06-21,5201.146484375,5356.646645224803,5182.066710037601,5228.812157164229,669719
2024-06-24,5270.26318359375,5279.37358956641,5141.99921354589,5141.99921354589,464982
2024-06-25,5256.4775390625,5323.113740411211,5221.609439716409,5309.805412221431,1118588
2024-06-26,5202.1005859375,5288.9135610558415,5178.250867498396,5274.603729992378,384494
2024-06-27,5232.81884765625,5256.47758038543,5171.572588615139,5208.682654776501,874237
2024-06-28,5322.875,5347.344714952392,5201.241450888643,5246.937412646743,539635
2024-07-01,5345.2939453125,5464.733045861315,5328.026657431637,5337.5665440161165,1018344
2024-07-02,5310.95068359375,5412.931984355283,5246.937947471635,5409.116029484395,689851
2024-07-03,5323.0185546875,5369.000997267903,5297.54686956501,5342.241334211838,329072
2024-07-04,5302.60302734375,5346.105003943094,5276.129841699895,5336.612630332267,676316
2024-07-05,5302.31689453125,5339.474942031397,5134.939850707754,5302.603370640221,613329
2024-07-08,5248.75,5370.956037824647,5235.060169866748,5309.566775739133,478557
2024-07-09,5331.98583984375,5341.812202924938,5251.755297155217,5270.83507112087,570084
2024-07-10,5255.28564453125,5390.03655849359,5218.891066064742,5337.567176065776,354244
2024-07-11,5271.97998046875,5304.654092991899,5249.799743500481,5275.557438044278,491353
2024-07-12,5291.6796875,5342.336579298808,5251.8506603239775,5279.277834726628,265681
2024-07-15,5348.39453125,5379.54216850051,5274.221911352693,5291.775209908198,249438
2024-07-16,5321.4443359375,5398.621926796067,5306.08502506445,5358.554402334954,336316
2024-07-18,5249.037109375,5321.349270613158,5167.852573234413,5290.34463610349,841644
2024-07-19,5177.96435546875,5273.4107330875595,5123.873012964277,5265.969807981495,370397
2024-07-22,5211.783203125,5237.39789253835,5141.999023821804,5172.526661811099,415035
2024-07-23,5259.86376953125,5399.432584127594,5084.4733343941825,5232.627580755862,908996
2024-07-24,5168.47265625,5259.340086549998,5156.30929943819,5259.340086549998,723617
2024-07-25,5154.59228515625,5199.524783368859,5106.701862792179,5152.493323545779,438831
2024-07-26,5226.80859375,5291.012312730242,5149.011001613498,5161.078865502036,517306
2024-07-29,5174.76904296875,5278.085839740143,5148.963367424613,5251.9466407806085,418301
2024-07-30,5193.80029296875,5292.729103672976,5161.651154506322,5204.008157991363,412385
2024-07-31,5235.91943359375,5281.424414805924,5156.49987482305,5202.004856035225,870466
2024-08-01,5162.30712890625,5273.397944432448,5117.668844136273,5273.397944432448,868140
2024-08-02,5068.46630859375,5164.469355598131,5032.188845459252,5117.284534866346,402666
2024-08-05,4981.68896484375,5042.3276859025,4923.164614994951,4977.989049843647,439371
2024-08-06,4971.982421875,5050.111387585595,4956.798929250463,4997.400859215726,552856
2024-08-07,5036.70556640625,5107.4347057097275,5019.456033192321,5025.990594263489,515480
2024-08-08,4957.66357421875,5047.132060067236,4946.131665475261,5030.795189347293,243559
2024-08-09,5004.080078125,5041.990948773041,4988.271564613527,5001.91784511043,333635
2024-08-12,5104.64794921875,5117.284906361247,4982.745960466304,5011.383348398671,569618
2024-08-13,5040.88623046875,5196.3746314871,5012.536951315414,5141.309948147519,1042924
2024-08-14,4874.58642578125,5090.953785828479,4796.313401668673,5074.040224566337,2185163
2024-08-16,4928.0654296875,4938.492291517467,4824.229914914637,4920.281297069827,679493
2024-08-19,4986.49365234375,5020.224581337096,4908.3168223383755,4948.1501472635355,714915
2024-08-20,5039.82861328125,5141.309507881872,4987.550718861106,4996.199650743524,962948
2024-08-21,5078.55712890625,5098.257474677032,5011.575765591746,5039.8288505575565,612911
2024-08-22,5122.04150390625,5173.021961776657,5058.1355108804,5078.844708896458,761731
2024-08-23,5174.84814453125,5231.450505927785,5107.674866196209,5122.089752930536,757678
2024-08-26,5135.30322265625,5213.383856451023,5119.206599689328,5198.968970211989,553070
2024-08-27,5147.60400390625,5186.4284749041,5118.2458717760655,5145.153660812815,672259
2024-08-28,5104.21484375,5173.214378316203,5060.585883455462,5155.724129270519,688591
2024-08-29,5164.85400390625,5177.154519766228,5084.514939973449,5093.260065253163,516725
2024-08-30,5242.59814453125,5302.756366053954,5175.761306987856,5189.3592563775555,1569946
2024-09-02,5360.6083984375,5409.474490282312,5301.79547141959,5319.093335926669,1054947
2024-09-03,5426.244140625,5476.6962467762105,5333.412171459848,5383.479974458735,805935
2024-09-04,5462.04052734375,5467.373847444383,5386.3623762061525,5386.3623762061525,532554
2024-09-05,5510.52294921875,5572.795070643332,5429.607199367964,5468.04689635464,817503
2024-09-06,5519.7001953125,5545.214356290799,5429.319046184718,5496.876625408052,683920
2024-09-09,5521.18994140625,5545.263084718197,5464.347329713641,5519.748452677437,469914
2024-09-10,5448.5390625,5635.403762211526,5437.535511291951,5570.873213265486,775935
2024-09-11,5433.8837890625,5486.017627963587,5383.815990022098,5475.734821352858,592210
2024-09-12,5576.783203125,5591.054034753991,5434.412266506329,5477.656926452002,855863
2024-09-13,5569.7197265625,5619.018919660128,5544.926309613694,5599.606684920506,332581
2024-09-16,5554.00830078125,5595.3788402791615,5503.604056381066,5554.536658963255,333195
2024-09-17,5728.66845703125,5751.4920280231245,5538.776252531932,5573.756284331506,1250736
2024-09-18,5732.07958984375,5906.211605640972,5696.85931117417,5751.827796562304,1446956
2024-09-19,5771.7685546875,5823.614285400707,5746.83108198632,5765.954738020502,532623
2024-09-20,5778.6875,5854.365650854364,5752.26020922546,5812.802729908951,993542
2024-09-23,5949.07177734375,5967.763268672969,5770.0869289073025,5814.004472700719,887240
2024-09-24,5887.328125,6002.599362284566,5871.952245104614,5949.504527020812,631130
2024-09-25,5850.81005859375,5927.785646540438,5798.484302010501,5904.337524956215,341785
2024-09-26,5815.39794921875,5828.41920922235,5673.795617865003,5771.33635153954,1255943
2024-09-27,5724.96875,5851.771428530301,5708.775932566888,5831.3986691199025,718197
2024-09-30,5489.5732421875,5660.245597164543,5468.52760113155,5660.245597164543,1346723
2024-10-01,5525.802734375,5567.990208730232,5444.02218371708,5489.5731316191805,742940
2024-10-03,5441.85986328125,5509.706022440542,5402.699421900523,5509.706022440542,1219791
2024-10-04,5305.49560546875,5429.559832655718,5270.082937542967,5426.772578982301,943922
2024-10-07,5286.94775390625,5389.678220805777,5224.051080447462,5352.680011982517,682783
2024-10-08,5314.14404296875,5328.702984326983,5199.929999674176,5248.9406132360655,473756
2024-10-09,5337.9287109375,5370.02576464591,5314.288203022886,5324.906981810677,439340
2024-10-10,5243.27099609375,5376.704891516331,5232.603886060372,5370.025806300341,579335
2024-10-11,5262.68310546875,5274.263346778459,5227.7992649790085,5247.499611473874,303034
2024-10-14,5338.6494140625,5357.532821550734,5285.314333955583,5289.302358711255,407147
2024-10-15,5290.8876953125,5369.689071845893,5250.862455834831,5347.922687906448,302887
2024-10-16,5187.62939453125,5303.7170894994115,5176.866091888627,5290.887747030497,504211
2024-10-17,5013.93017578125,5153.850299155528,4901.061426414401,5153.850299155528,1947589
2024-10-18,5012.72900390625,5082.352625347471,4945.3150081709455,5013.930244468396,427617
2024-10-21,5037.7626953125,5048.91030163319,4886.694493749974,5012.729029563086,740720
2024-10-22,4973.90478515625,5068.658739338391,4953.916328884859,5057.703518704367,531833
2024-10-23,4944.97900390625,5074.04010136649,4920.809668566045,4973.904501066139,411524
2024-10-24,4914.130859375,5027.1436601262685,4894.911011262015,4958.768675076665,349453
2024-10-25,4779.30322265625,4944.017692213566,4684.83785925977,4920.280992699491,709797
2024-10-28,4735.578125,4820.193786717024,4705.066616532118,4779.303278867358,419927
2024-10-29,4600.70361328125,4766.474815260138,4559.909295013472,4735.626862958015,953917
2024-10-30,4717.80029296875,4840.999719173372,4555.200643495302,4559.909412898789,1039340
2024-10-31,4794.919921875,4831.389774800809,4728.035219525024,4744.419953891914,897452
2024-11-01,4824.662109375,4846.284437322603,4814.715744672193,4843.113350250773,49631
2024-11-04,4618.57763671875,4927.488851484183,4542.130874020476,4927.488851484183,1676556
2024-11-05,4632.65673828125,4688.0095309633025,4575.189105168066,4630.061870834133,673746
2024-11-06,4701.943359375,4728.082539972739,4652.164141465048,4668.501012029994,602657
2024-11-07,4628.1396484375,4725.1520241524695,4601.279721712552,4725.1520241524695,373373
2024-11-08,4582.876953125,4643.515672580328,4551.212532386891,4641.593687616512,333494
2024-11-11,4571.921875,4599.454216616817,4533.530036458804,4577.207333815029,424955
2024-11-12,4539.92041015625,4609.111861834269,4519.354797742078,4571.921268863509,310558
2024-11-13,4343.3017578125,4513.541483810586,4316.77827120395,4508.64032825771,1304908
2024-11-14,4424.4091796875,4449.394983048029,4292.753215826251,4343.301511856393,889483
2024-11-18,4548.37744140625,4651.1557755945805,4530.214777247134,4645.58173762868,1783519
2024-11-19,4589.50732421875,4664.609255797195,4549.818525723461,4574.275970039881,704072
2024-11-21,4581.8681640625,4631.983828861873,4556.257807901297,4612.716117018649,572418
2024-11-22,4607.09375,4620.83575360026,4557.025952207491,4592.00598165462,394712
2024-11-25,4668.78955078125,4717.175615715223,4627.178764332703,4660.813500937406,1174601
2024-11-26,4649.95458984375,4690.84463295807,4613.772846890192,4670.423542366447,384827
2024-11-27,4681.23486328125,4702.52075398073,4622.950760164767,4653.125831769631,296689
2024-11-28,4596.9072265625,4718.424905381831,4574.420097852384,4703.096888637373,778790
2024-11-29,4575.95751953125,4617.0399430220305,4547.512051758559,4611.609960787069,462448
2024-12-02,4563.22509765625,4592.583231309229,4511.475556852639,4548.8580718565045,510429
2024-12-03,4513.78125,4597.387587822014,4507.054303278689,4564.713846604215,664696
2024-12-04,4455.01708984375,4540.689475734765,4435.460798995515,4521.517488032263,586762
2024-12-05,4463.18505859375,4495.570220293072,4409.417347182379,4474.380525985612,796988
2024-12-06,4449.0107421875,4535.884365856131,4434.980158564839,4475.2939795526745,733835
2024-12-09,4416.67333984375,4477.840414076195,4410.955247199842,4457.996014272855,329145
2024-12-10,4409.3212890625,4434.932112188006,4383.759266332836,4420.565087958311,384707
2024-12-11,4469.04736328125,4472.7951398522055,4407.351462554763,4407.351462554763,571443
2024-12-12,4379.00244140625,4478.368969042053,4364.827802461664,4469.047623615868,821540
2024-12-13,4396.97314453125,4404.228449919866,4324.466075635914,4379.00239781199,552194
2024-12-16,4361.94482421875,4410.955440221208,4339.553887346763,4410.955440221208,835965
2024-12-17,4242.8779296875,4380.732017368575,4224.138576604016,4337.247108290234,778939
2024-12-18,4218.228515625,4257.100378855184,4201.651395790667,4226.877447712478,738092
2024-12-19,4235.0458984375,4284.20056879361,4156.292378848485,4160.66470683644,691740
2024-12-20,4170.65966796875,4287.515982819744,4156.292642124665,4235.046166702242,800108
2024-12-23,4105.9365234375,4204.822554808215,4092.2423807324335,4194.732133867639,931177
2024-12-24,4092.963134765625,4146.682520148436,4084.218009416189,4105.936533148476,561434
2024-12-26,4108.24267578125,4139.811371242066,4089.599516315851,4103.437713587354,375676
2024-12-27,4072.63818359375,4179.019767376111,4063.604479081975,4113.528225073341,744900
2024-12-30,4024.251953125,4107.281604392619,4005.656655945141,4086.8605154610927,1819173
2024-12-31,3998.305419921875,4052.9379364451806,3988.1188057518275,4000.035018697995,492605
2025-01-01,4021.128662109375,4033.2851221808755,3968.898631071483,4011.9509031045313,329310
2025-01-02,4143.31884765625,4153.553323153538,3984.2746010397336,4021.7533056804837,1062633
2025-01-03,4077.587158203125,4132.075148574177,4000.083210962083,4099.065433306286,1269643
2025-01-06,4038.858642578125,4132.267290894021,4024.3958947538226,4092.866602771543,813031
2025-01-07,3999.69873046875,4060.049342270003,3993.212030958269,4036.264777398239,396158
2025-01-08,3976.682861328125,4033.2852215071243,3940.0689559635953,4033.2852215071243,438731
2025-01-09,3979.7099609375,4001.9568421816057,3951.937373137309,3987.4940935851655,340998
2025-01-10,3961.403076171875,4001.572370972438,3926.999266561772,3983.313515293169,355269
2025-01-13,3885.9169921875,3961.1629818969864,3841.567284859616,3940.0690101124264,801718
2025-01-14,3942.615478515625,3972.982932992051,3899.4670124807385,3908.356192411845,242769
2025-01-15,3951.5048828125,3995.038123676856,3923.876349025453,3962.3643793721744,281045
2025-01-16,3915.179443359375,4012.1434879395456,3899.6592744859486,4007.33852567854,349664
2025-01-17,3938.14697265625,3964.0937682301196,3892.019336080481,3917.005139225689,211342
2025-01-20,3932.477294921875,3956.886409282796,3887.7430494915266,3956.886409282796,254936
2025-01-21,3867.802490234375,3958.327932815956,3853.5797549385734,3933.24593582592,287082
2025-01-22,3897.4970703125,3913.161294322763,3869.916633653675,3869.916633653675,272889
2025-01-23,3940.405517578125,3954.4839632357994,3867.9946420471674,3897.4970635736076,282745
2025-01-24,3893.84521484375,3964.093856795333,3883.46668407616,3944.9218697213573,216273
2025-01-27,3859.297607421875,3915.8521073142438,3843.969824669465,3887.2144851969965,328160
2025-01-28,3869.292236328125,3903.8398696913246,3843.96999017095,3863.189840121805,444089
2025-01-29,3913.59375,3954.291640463816,3875.7307404082576,3878.5656212803315,479893
2025-01-30,4014.833984375,4023.6753024204622,3901.677360415744,3920.0802715942273,807120
2025-01-31,4169.89013671875,4202.227437582443,4013.1043183209194,4024.636227281612,1056018
2025-02-01,4230.4326171875,4346.520781125017,4070.8116850450215,4161.097109089653,1141242
2025-02-03,4119.43798828125,4257.196343024919,4063.268263896529,4247.586419000032,846135
2025-02-04,4071.821044921875,4180.316994448107,4055.387980820922,4155.33119172267,554233
2025-02-05,4103.82177734375,4122.657321892081,4048.2766053160453,4072.6857179903586,408928
2025-02-06,4065.0458984375,4165.565801886985,4052.4089416508264,4121.696590682688,576470
2025-02-07,4107.90625,4151.439489180857,4051.1598339709208,4151.439489180857,1344288
2025-02-10,4032.7568359375,4152.400392445104,4007.4345917775286,4138.321478078834,779450
2025-02-11,3926.182861328125,4073.6471100002136,3912.200373864324,4036.168403397239,593081
2025-02-12,3955.932861328125,4006.0255145859483,3896.137074358858,3947.3131981178603,619474
2025-02-13,3897.61474609375,3965.143698807765,3886.3353491497455,3945.3430047545885,557075
2025-02-14,3804.8671875,3921.7992736934348,3792.651988983837,3901.0627777048126,475952
2025-02-17,3818.707763671875,3828.263227901738,3701.6773171295654,3787.7755828443196,913565
2025-02-18,3783.29345703125,3833.9277271078427,3753.247772761115,3822.2050809220805,482022
2025-02-19,3821.36767578125,3840.8234878784006,3758.173324082488,3783.687432099427,453662
2025-02-20,3850.87158203125,3879.3410020713636,3798.0698916927736,3806.9358310068014,438563
2025-02-21,3795.213134765625,3858.506089582564,3771.619693057128,3841.9069849970692,426337
2025-02-24,3826.98291015625,3833.1398126331064,3743.495312570074,3782.653212322882,272543
2025-02-25,3771.225830078125,3825.4558741159194,3760.242012479588,3819.249668441949,661184
2025-02-27,3703.54931640625,3753.5433649935812,3669.7601871912525,3751.425246219005,877741
2025-02-28,3626.267822265625,3691.1368012582507,3607.5999018982543,3689.8070546502736,995134
2025-03-03,3576.667724609375,3659.6627685530066,3563.1225393960226,3589.769660952908,691809
2025-03-04,3462.494140625,3585.681247894664,3442.9397229639367,3571.0032891972164,946922
2025-03-05,3535.29345703125,3555.8329802141416,3461.16435006041,3462.642006677769,611959
2025-03-06,3594.399658203125,3603.5118738491346,3529.3334648678424,3575.4363986154826,654829
2025-03-07,3598.09375,3678.084177600774,3571.0033795345653,3609.4224503764544,621576
2025-03-10,3529.4814453125,3611.1465050178685,3522.437804451171,3598.5864237414644,675889
2025-03-11,3596.271240234375,3608.929927830166,3499.8296167868493,3525.68860698899,618870
2025-03-12,3556.47314453125,3614.791276655157,3543.420511288389,3596.271265915429,385877
2025-03-13,3476.5810546875,3571.545261992524,3471.8527460283294,3571.003406478327,359751
2025-03-17,3441.068115234375,3496.135352422584,3410.0373280826952,3434.0737781192247,673556
2025-03-18,3441.068115234375,3441.068115234375,3441.068115234375,3441.068115234375,0
2025-03-19,3484.314208984375,3535.391967537075,3461.804477590439,3531.5992194540527,674188
2025-03-20,3543.568115234375,3579.869307745946,3508.202964284604,3525.688566984794,771668
2025-03-21,3574.94384765625,3656.608905759059,3557.95079685105,3574.94384765625,1195882
2025-03-24,3572.333251953125,3632.42461723801,3529.4812127745595,3603.511708395243,663262
2025-03-25,3573.909423828125,3620.9481584536315,3561.15237007761,3598.0937847049713,544164
2025-03-26,3591.641357421875,3614.64364148095,3551.695325697068,3595.6310783630515,755658
2025-03-27,3715.863037109375,3732.5605083054284,3556.571706431345,3579.8693288946756,1525094
2025-03-28,3667.494384765625,3752.0163905451323,3652.126900399172,3722.709534590103,509889
2025-04-01,3706.011962890625,3759.7494546595804,3652.126801666986,3652.126801666986,506307
2025-04-02,3727.585693359375,3733.348650219161,3677.2960663525264,3713.843535275271,321687
2025-04-03,3697.441650390625,3750.3910112383105,3680.005110322233,3723.694586125598,339509
2025-04-04,3604.69384765625,3689.166547033482,3578.440912506207,3689.166547033482,330498
2025-04-07,3474.364501953125,3492.1949872291516,3294.1890091098116,3427.128795572221,605866
2025-04-08,3520.91064453125,3568.934481978119,3457.962572264029,3546.3756883841615,450859
2025-04-09,3557.11328125,3623.9527091030127,3485.29926872075,3536.5246960733443,584571
2025-04-11,3611.392578125,3648.925150384034,3566.521026496216,3566.521026496216,436704
2025-04-15,3747.238525390625,3759.1583848145156,3631.587365204065,3693.1563901125833,604277
2025-04-16,3725.566162109375,3759.749476531504,3686.26059351111,3752.2625870346924,491227
2025-04-17,3715.61669921875,3741.0324399858737,3609.717979775731,3725.5661090221615,970749
2025-04-21,3858.65380859375,3873.9229262943377,3700.0520053811906,3737.4859713568258,1031160
2025-04-22,3776.496337890625,3844.76388065777,3764.280898983427,3842.8922784925085,927543
2025-04-23,3881.8037109375,3895.29959250041,3765.660003682802,3804.5716257059034,800615
2025-04-24,3895.59521484375,3928.5962111004865,3866.4360294123185,3881.902360359717,1227984
2025-04-25,3837.47412109375,3934.6055093861837,3782.702221238495,3901.0133537495185,652719
2025-04-28,3853.432861328125,3876.385842115403,3789.2041020830748,3836.981665829605,521342
2025-04-29,3795.3115234375,3895.0040366676317,3789.1053178625425,3876.878212627242,428581
2025-04-30,3770.388427734375,3809.8912097827206,3749.799842285178,3795.311616780877,892342
2025-05-02,3681.72900390625,3855.698533157308,3669.513805828046,3746.9431060935603,881303
2025-05-05,3711.479248046875,3737.978458880165,3686.556059872373,3712.8582979363136,640182
2025-05-06,3814.915283203125,3849.7878817337096,3724.6796266210736,3728.6200441049364,1210118
2025-05-07,3810.3837890625,3836.7846348744883,3756.794206327958,3763.0987782364914,448141
2025-05-08,3743.88916015625,3817.279435759892,3719.458523666587,3811.3688095367797,739365
2025-05-09,3796.49365234375,3838.065249347123,3679.364838427795,3679.364838427795,859973
2025-05-12,3925.542236328125,3939.9248560698193,3851.7580165603185,3871.3614969647447,547435
2025-05-13,4003.0703125,4037.3517530151917,3898.550640073067,3939.432472432645,1197629
2025-05-14,4006.616455078125,4046.6115482927075,3874.415496410973,4009.374795421475,1199813
2025-05-15,4260.57666015625,4282.248957618317,4006.6166899772325,4022.181388073519,2629014
2025-05-16,4280.57373046875,4298.010269829537,4230.333408726529,4265.501826349277,765257
2025-05-19,4322.3427734375,4388.246161674487,4258.704932920012,4258.704932920012,753807
2025-05-20,4178.4189453125,4371.105463356353,4168.3706879666015,4343.325326699818,842529
2025-05-21,4200.2880859375,4225.0143033892455,4149.259868748784,4177.827897284804,396931
2025-05-22,4212.6015625,4220.187058439606,4140.294999016848,4186.693510356751,394809
2025-05-23,4244.61767578125,4270.427603643615,4212.7003892012945,4225.014194286772,461297
2025-05-26,4294.4638671875,4352.486418011552,4235.948764181567,4245.701201181224,765160
2025-05-27,4273.580078125,4309.733120811053,4235.9488978386735,4305.398757675331,411809
2025-05-28,4297.22265625,4318.106581169,4246.292565772227,4302.936069433496,424160
2025-05-29,4291.7060546875,4318.697819860021,4267.570996159541,4318.697819860021,369150
2025-05-30,4245.1103515625,4314.757427556636,4225.408262852196,4276.929513434457,914311
2025-06-02,4169.25732421875,4254.370732543385,4133.498225491045,4245.898738167513,771163
2025-06-03,4145.91015625,4216.739060979234,4138.423267182282,4186.6933790822895,417447
2025-06-04,4138.02978515625,4177.532569194612,4128.868025307499,4150.24498394656,353642
2025-06-05,4116.65283203125,4164.824342757446,4110.643598769122,4164.824342757446,394746
2025-06-06,4204.42529296875,4232.894711988992,4096.162422980733,4126.602050666845,551467
2025-06-09,4284.61279296875,4295.054995351707,4211.3211250294835,4240.775649094174,495256
2025-06-10,4313.77197265625,4326.578329277518,4265.206520334175,4305.004640094056,469185
2025-06-11,4344.60546875,4419.867824966967,4300.866932351727,4309.83147802762,1241569
2025-06-12,4297.81298828125,4359.086670149593,4275.352801909432,4344.605444062517,813687
2025-06-13,4269.2451171875,4282.2486872469335,4188.072613474411,4202.5538400856885,521000
2025-06-16,4299.48828125,4348.349557139999,4248.262850931521,4251.710716433727,360242
2025-06-17,4305.89111328125,4324.608095928777,4269.245039062897,4303.9209045815105,331648
2025-06-18,4292.986328125,4365.982659679087,4285.204099639898,4287.174308421342,370443
2025-06-19,4318.9931640625,4338.399913754758,4285.499613411351,4309.733278613493,425692
2025-06-20,4273.87548828125,4317.121475734262,4142.265442734395,4315.249873554458,1159015
2025-06-23,4189.74755859375,4260.281128804256,4181.768116868796,4255.65094578874,580717
2025-06-24,4228.560546875,4265.5019610876525,4198.514863315376,4219.300661913961,469217
2025-06-25,4236.73681640625,4292.986373918077,4226.0978812761705,4237.426581890314,412213
2025-06-26,4214.2763671875,4260.477664539222,4184.821843618431,4241.760682076258,795726
2025-06-27,4255.9462890625,4285.105475107719,4221.1722966184125,4234.9637580309345,543489
2025-06-30,4173.98583984375,4279.29340123705,4148.27451947726,4279.29340123705,871009
2025-07-01,4163.05126953125,4200.485237406827,4127.686117134611,4194.869949822283,480538
2025-07-02,4180.48779296875,4260.182643838277,4167.090276740357,4220.58125400294,808159
2025-07-03,4246.39111328125,4285.204130352265,4174.872437800666,4180.783064187359,650625
2025-07-04,4280.2783203125,4309.536111360864,4242.942962350725,4260.576233682753,437195
2025-07-07,4242.8447265625,4294.661315129366,4229.053264716232,4275.353172342988,353771
2025-07-08,4236.3427734375,4264.516854866446,4176.842565172957,4240.972956420018,467771
2025-07-09,4268.5556640625,4279.293205046681,4226.294784551272,4235.94861457199,276485
2025-07-10,4256.93115234375,4284.120128075814,4245.79966580874,4265.600359059698,368728
2025-07-11,4155.85986328125,4275.352827081986,4127.587176376388,4236.047260195893,556464
2025-07-14,4188.36865234375,4195.559722202124,4134.680461486738,4156.155545426335,293675
2025-07-15,4387.65478515625,4398.4909330315795,4196.6431474463525,4212.108997172714,1756329
2025-07-16,4358.59423828125,4403.416486635142,4305.891155051948,4387.654816884323,791606
2025-07-17,4377.41015625,4397.407583843861,4346.280759954433,4370.908370788264,414759
2025-07-18,4331.20849609375,4417.207913605307,4321.850004751366,4383.714365643091,370997
2025-07-21,4342.537109375,4356.1313567554425,4281.4606407818665,4344.3101047696755,269975
2025-07-22,4277.71728515625,4365.687397396663,4254.4687249255285,4352.191274603673,463290
2025-07-23,4298.7001953125,4311.801891223962,4261.46296097129,4295.055116686423,376802
2025-07-24,4301.89990234375,4320.0,4255.10009765625,4310.0,584473
2025-07-25,4230.7001953125,4290.7998046875,4195.0,4278.0,630896
2025-07-28,4291.10009765625,4307.0,4215.5,4215.5,462891
2025-07-29,4325.2001953125,4334.39990234375,4265.60009765625,4290.0,422393
2025-07-30,4251.2998046875,4325.7998046875,4215.7001953125,4311.0,547169
2025-07-31,4260.7001953125,4303.0,4201.0,4210.0,446590
2025-08-01,4311.60009765625,4322.0,4240.0,4255.10009765625,473918
2025-08-04,4535.89990234375,4550.0,4310.10009765625,4315.89990234375,1454995
2025-08-05,4546.7998046875,4581.5,4515.89990234375,4536.0,803505
2025-08-06,4474.89990234375,4549.89990234375,4462.10009765625,4549.60009765625,574216
2025-08-07,4660.7001953125,4674.89990234375,4422.2998046875,4430.0,2121194
2025-08-08,4599.7998046875,4712.0,4588.10009765625,4660.0,972461
2025-08-11,4562.2001953125,4624.7001953125,4539.0,4603.0,455558
2025-08-12,4645.2001953125,4669.60009765625,4571.0,4589.0,723767
2025-08-13,4768.7001953125,4793.5,4650.2001953125,4668.2998046875,1342794
2025-08-14,4708.10009765625,4773.5,4690.5,4770.0,373862
2025-08-18,4984.0,5119.0,4900.0,4900.0,3698091
2025-08-19,5118.2001953125,5139.0,4984.0,4984.0,1509894
2025-08-20,5136.0,5165.0,5111.10009765625,5120.0,916240
2025-08-21,5097.10009765625,5158.89990234375,5040.0,5136.0,819430
2025-08-22,4997.89990234375,5123.2998046875,4982.0,5097.10009765625,1357460
2025-08-25,5063.7998046875,5079.89990234375,4976.0,5010.0,693190
2025-08-26,5073.39990234375,5143.0,5041.0,5063.7998046875,1662083
2025-08-27,5073.39990234375,5073.39990234375,5073.39990234375,5073.39990234375,0
2025-08-28,5091.7001953125,5246.0,5078.39990234375,5230.0,1584393
2025-08-29,5087.7001953125,5148.2998046875,5061.39990234375,5099.5,783364
