Date,Close,High,Low,Open,Volume
2020-09-01,1998.5928955078125,2010.8434249930758,1952.457029472049,1987.775491975194,1738003
2020-09-02,1980.1011962890625,2020.1813140218678,1975.3860343776144,2007.237360522414,1667810
2020-09-03,1977.789794921875,1991.935732240675,1967.5272242697304,1990.5951536174905,1590711
2020-09-04,1964.383544921875,1979.4077767116714,1954.5369848387247,1955.461552948866,1590491
2020-09-07,1999.470947265625,2010.0109327038467,1945.060027449732,1965.6316664803946,2362992
2020-09-08,1980.6558837890625,2007.5609040442557,1970.3930882547015,1991.519558259606,1804209
2020-09-09,1971.41015625,1982.4586989194459,1950.8385178508618,1961.9333340661274,2009898
2020-09-10,1972.935791015625,1981.9042822231336,1958.420116896999,1980.4248829637454,2137794
2020-09-11,1996.373779296875,2005.3883187657389,1964.245036061693,1964.7073201370195,1934110
2020-09-14,1963.3201904296875,2006.0351878078875,1955.4613622598488,2003.5388992988617,2096908
2020-09-15,1964.198486328125,1975.801860132224,1949.9139555539823,1975.709313040313,1224058
2020-09-16,1981.811767578125,1996.0962999041942,1953.3350243033133,1964.7072573377727,2087841
2020-09-17,1967.6658935546875,1983.2449571868488,1962.1647582018898,1973.9530021255905,1741644
2020-09-18,1940.39111328125,1967.0649944514598,1932.3474155957088,1960.0844598387093,4475166
2020-09-21,1884.084716796875,1940.6682332895523,1869.5689314698466,1940.390817744446,3483963
2020-09-22,1873.91455078125,1899.7561823841727,1849.182355682685,1886.627361345933,2345687
2020-09-23,1897.7222900390625,1904.610277207337,1873.0362541656357,1881.4960748140443,2410295
2020-09-24,1905.4422607421875,1924.026169390884,1881.542311372181,1889.817150521368,3798089
2020-09-25,1922.2232666015625,1951.7631709169873,1914.6418536690267,1924.9506972284073,2528873
2020-09-28,1907.661376953125,1934.5201249958498,1904.6102571244558,1925.875323102059,1523704
2020-09-29,1879.831787109375,1913.1625117510391,1872.019231928436,1909.233097385959,2298844
2020-09-30,1912.2379150390625,1938.819247110801,1880.5714585709914,1885.1480253827654,2417367
2020-10-01,1936.969970703125,1949.8213756842945,1913.8557705754029,1932.3471306775807,2131531
2020-10-05,1951.8096923828125,1963.1356525347103,1925.1358102250124,1941.5931688967821,1646110
2020-10-06,1956.2938232421875,1978.5760078257924,1949.036098087532,1959.160075038717,1679499
2020-10-07,1977.9747314453125,1987.8212908052674,1953.6122732425722,1962.8579536649222,2428544
2020-10-08,1997.8067626953125,2001.6899035063805,1984.354251917122,1985.0476779806922,1617365
2020-10-09,1978.252197265625,2003.4929534849202,1961.101638269175,1987.821568127635,2001026
2020-10-12,1977.0963134765625,1985.6025204847426,1963.1354707515616,1983.3834216338398,1741166
2020-10-13,1976.9111328125,1990.8259255152993,1967.4805849281584,1976.6799908264888,1679160
2020-10-14,1995.3565673828125,2001.6899491978422,1970.2546335984302,1971.7340328576686,2123033
2020-10-15,1990.1790771484375,2015.2810103743668,1979.5465441675356,1997.0670642389653,2344437
2020-10-16,1988.329833984375,2008.0692261084714,1982.320141753338,2008.0692261084714,1640399
2020-10-19,2013.5244140625,2020.1812591077692,1989.763059500758,1991.1036380746907,1605969
2020-10-20,2009.178955078125,2041.908574333857,1971.6876748463817,2017.5000676744594,5855290
2020-10-21,1999.9794921875,2031.0450721434647,1974.8775573453697,2024.8042371658987,3954242
2020-10-22,2014.9573974609375,2022.261394502935,1990.779808389753,1997.0669160481607,2632958
2020-10-23,1982.135498046875,2023.7871121913497,1978.5758204165486,2023.7871121913497,2805684
2020-10-26,2003.3082275390625,2008.1622107833593,1980.702579289128,1987.8217095691632,1646050
2020-10-27,2012.5072021484375,2023.8794341549903,1990.0864272383149,1994.2932569540037,2334808
2020-10-28,2014.04296875,2032.281675696913,1995.1992658937236,2032.281675696913,1555483
2020-10-29,1974.7269287109375,2009.9948021898451,1969.0504636267185,1993.2448455049296,1934367
2020-10-30,1927.4547119140625,1972.77260316276,1924.3838411983904,1971.0975621191374,2414313
2020-11-02,1928.1060791015625,1942.6691446644631,1913.2172290698902,1928.1060791015625,1486077
2020-11-03,1912.938232421875,1946.5312949509846,1901.1202518198318,1946.5312949509846,2227402
2020-11-04,1916.986083984375,1940.203339904823,1907.587406187722,1907.6339792829194,1479878
2020-11-05,1956.3485107421875,1965.3282577881478,1918.1492584005694,1942.0644289791023,2083827
2020-11-06,1948.7178955078125,1976.4484263420093,1941.1339777920214,1958.8144886156304,2127821
2020-11-09,1984.4515380859375,1989.1972237305283,1961.6529816301006,1972.7730484234266,2194404
2020-11-10,1988.22021484375,1995.2922834101569,1947.1827246119929,1991.3840050990034,2471703
2020-11-11,1983.1484375,1990.0812408550364,1958.442430839445,1988.2201343835309,2759942
2020-11-12,2039.8658447265625,2050.9393373889416,1975.7971633897778,1981.1478445104613,3010512
2020-11-13,2033.58447265625,2064.339073353366,2026.9774542368314,2051.8697516778207,2799165
2020-11-14,2035.7711181640625,2044.4253080549893,2030.4670105489242,2044.4253080549893,258276
2020-11-17,2026.3729248046875,2066.1540777485347,2021.1617355330204,2066.1540777485347,2733542
2020-11-18,1984.0325927734375,2019.300468608906,1978.2629811144523,2019.300468608906,3315051
2020-11-19,1982.7763671875,1998.2699881581286,1967.6548766481137,1978.170173968058,2704650
2020-11-20,1973.00537109375,1993.2449026684649,1954.6269458707332,1986.7310304375221,2827038
2020-11-23,1981.519775390625,1991.3837295984808,1949.5088380882323,1991.3837295984808,3244576
2020-11-24,2007.52880859375,2010.925236513165,1975.0057962036665,1983.9391967820766,1989749
2020-11-25,1987.5220947265625,2020.2309480362333,1980.2171614099973,2011.8559694400444,1786536
2020-11-26,2004.5972900390625,2011.8556491038864,1975.1453775395898,1991.383482461756,1630887
2020-11-27,1989.7088623046875,2016.9741172624051,1978.3561583851779,2016.5088406494265,5687861
2020-12-01,1984.91650390625,2009.0643134641712,1981.7061408758618,2009.0643134641712,2226742
2020-12-02,1990.732177734375,2000.595903715396,1974.7267107723806,1996.0362846620508,1634682
2020-12-03,1979.9847412109375,2006.6450018044322,1972.8660994943923,2003.4812115272698,3469163
2020-12-04,2032.5142822265625,2042.9364327741177,1985.4284259642268,1992.3144288655108,3712143
2020-12-07,2099.46728515625,2102.677875099085,2035.119629181956,2037.213373656423,4147649
2020-12-08,2103.050537109375,2119.986562369276,2084.5789625351936,2102.585260441873,2768211
2020-12-09,2133.013671875,2136.549818928855,2087.4631451707987,2103.0499088759634,2123890
2020-12-10,2187.218505859375,2194.1510810723676,2117.0548924354785,2130.9666159539975,3041370
2020-12-11,2209.831298828125,2219.3694695041913,2170.980701196343,2201.921596316265,2611218
2020-12-14,2206.109130859375,2225.3249647144426,2192.5229624523763,2215.600728629951,1575632
2020-12-15,2158.929931640625,2199.7811250077225,2147.065378700346,2197.036038588119,2207176
2020-12-16,2181.170166015625,2191.359678297438,2143.06405724345,2156.1849484682575,1748634
2020-12-17,2154.509765625,2179.3554894311355,2149.577788465381,2179.3554894311355,1912868
2020-12-18,2171.399169921875,2181.123404756626,2151.4388505903703,2160.7443819510554,2229891
2020-12-21,2145.809326171875,2186.800244272973,2107.7963603648604,2180.2863712049257,2003069
2020-12-22,2150.50830078125,2171.259681184846,2122.591706656007,2149.577747643742,1764488
2020-12-23,2205.73681640625,2212.204115556358,2143.2966072864288,2158.88337301835,1559556
2020-12-24,2235.421630859375,2242.6334188244746,2196.1523276349735,2217.043203464444,2489444
2020-12-28,2222.99853515625,2249.519302388814,2211.0410623822,2237.9805331338976,1532477
2020-12-29,2218.71826171875,2236.1195628589653,2190.708516727861,2228.6751365156974,1749013
2020-12-30,2239.468994140625,2246.959764220831,2210.9939807864807,2224.021723097512,1924886
2020-12-31,2229.046875,2249.14691346675,2221.2303195883874,2229.605297751896,1709836
2021-01-01,2221.74267578125,2237.0502328106872,2216.5780592991086,2229.047383199993,830096
2021-01-04,2257.9873046875,2261.2442408368534,2233.97898706367,2237.980411198614,1614486
2021-01-05,2280.3671875,2286.322637099926,2237.980443843672,2237.980443843672,2356303
2021-01-06,2249.426513671875,2279.8555608220004,2234.816872453984,2275.9472824406207,1641627
2021-01-07,2204.341064453125,2263.756750655922,2200.7583437169233,2263.105408845479,2403881
2021-01-08,2225.138427734375,2233.3273400851817,2196.849705634285,2224.0218095014934,2797948
2021-01-11,2260.4072265625,2272.364700762519,2235.2822861880486,2256.591866964622,2787672
2021-01-12,2210.901123046875,2264.128944610466,2207.2720566610965,2261.058073799363,2036708
2021-01-13,2207.59765625,2231.4662515104746,2200.3858699909483,2216.4842562786375,1702740
2021-01-14,2231.978515625,2238.9110918146043,2187.8701558089133,2201.6889622748768,2120413
2021-01-15,2187.869873046875,2239.8413555742236,2180.099890821165,2226.348335359921,2042957
2021-01-18,2170.608154296875,2209.5982365587124,2159.4878635034315,2209.5982365587124,1733797
2021-01-19,2199.036865234375,2216.671031418352,2161.9078807014275,2179.3557544830487,1495269
2021-01-20,2192.336669921875,2209.0866267870306,2183.3569228101655,2193.313796176175,1380562
2021-01-21,2203.223876953125,2233.234213346779,2186.799706204254,2210.9940859324715,1521133
2021-01-22,2242.0283203125,2253.7997267724677,2193.3137720903,2195.174878388213,2548089
2021-01-25,2232.955322265625,2263.4309364630185,2219.3691560544453,2251.9385147386824,2124424
2021-01-27,2225.232177734375,2256.5917788737147,2172.8419808948966,2256.5917788737147,2460297
2021-01-28,2140.64453125,2244.0756577150105,2130.9668686596824,2203.456873448484,3867335
2021-01-29,2106.678955078125,2161.023389407904,2094.6749116299115,2154.323452897603,4472694
2021-02-01,2092.442138671875,2126.314186256944,2071.5976094622642,2118.5439757085346,2717591
2021-02-02,2075.55224609375,2117.008434725205,2051.869713656737,2113.332795187793,4215607
2021-02-03,2077.785400390625,2100.2581649364283,2063.5944668437573,2076.5290629400265,2353429
2021-02-04,2089.650390625,2102.1197128325375,2071.5975219412267,2083.5086485312313,2908003
2021-02-05,2111.93701171875,2126.3140128895234,2085.3696730351953,2089.6503085306636,4036942
2021-02-08,2081.32177734375,2129.757118084499,2075.4129006835433,2129.1057762649434,2780672
2021-02-09,2062.33837890625,2098.1181013964156,2056.987698396961,2090.9528877167936,3131481
2021-02-10,2080.251708984375,2085.3697516591296,2059.0816233751625,2065.828134173703,2055520
2021-02-11,2105.841796875,2110.4945626657095,2078.9023283839597,2086.300180554021,1824480
2021-02-12,2085.881591796875,2114.4495298859465,2076.9947632106646,2110.4946787463205,1222094
2021-02-15,2061.361572265625,2104.678872715466,2059.314400494894,2094.6754249950322,2449407
2021-02-16,2043.5877685546875,2074.2494479841366,2037.9578768218335,2072.3417686781854,2396356
2021-02-17,2013.6241455078125,2048.6596127032817,2009.995078601348,2043.4949965780372,2447956
2021-02-18,1997.7584228515625,2017.951383820942,1994.361767029266,2013.717320911428,3205806
2021-02-19,2029.6297607421875,2041.633806652633,2000.6894641308847,2003.3879776500237,3364030
2021-02-22,2017.067138671875,2051.8697362952485,2011.4838196615476,2051.8697362952485,2678023
2021-02-23,2027.908203125,2040.098541773089,2019.4866506380267,2033.2588843997362,2062144
2021-02-24,2027.5361328125,2036.5158812133245,2005.8541956539336,2036.5158812133245,924143
2021-02-25,2013.0655517578125,2033.2585084410944,2009.994681113393,2025.81408369623,2099460
2021-02-26,1983.9862060546875,2030.8394283356467,1972.772993367478,2008.1340187202914,3413194
2021-03-01,1994.5477294921875,2004.4116847389662,1980.2173004292108,1986.9172383393577,1229276
2021-03-02,2026.6983642578125,2032.2351105457446,1991.8957642886555,2011.856085658785,2095135
2021-03-03,2041.1683349609375,2051.8696961882233,2022.5572719569627,2051.8696961882233,2031893
2021-03-04,2044.33203125,2050.4737726346007,2023.022455959892,2033.2585401436818,2290915
2021-03-05,2048.24072265625,2056.475982097448,2024.185831758489,2032.886594981723,2129837
2021-03-08,2023.5345458984375,2062.1990775484624,2018.3699301007066,2056.522612043597,1440724
2021-03-09,2045.8209228515625,2051.8695178019993,2011.9023089128136,2024.8834787923586,1711842
2021-03-10,2073.1328125,2081.554136297373,2040.8890113078728,2056.9876253578796,2696085
2021-03-12,2051.636962890625,2084.3458137310527,2047.2168356318743,2080.7167474876687,2038930
2021-03-15,2057.3134765625,2063.4549909037155,2031.676692415921,2052.8933491988078,1632022
2021-03-16,2088.20849609375,2091.4188600301427,2060.524531205698,2067.084978406265,2633605
2021-03-17,2071.690673828125,2104.911378260047,2065.1302282067236,2097.4669525190743,3703365
2021-03-18,2061.361572265625,2093.6517255167373,2051.8699742843382,2082.5782324028796,2597091
2021-03-19,2151.485595703125,2163.7688526441534,2039.307360743861,2051.032422070113,5382214
2021-03-22,2189.77783203125,2192.8487031507443,2142.1335517305383,2149.6711238251287,2471516
2021-03-23,2174.981689453125,2208.1558148151316,2171.3523962462245,2198.896857403724,1970612
2021-03-24,2157.580810546875,2187.6374981354797,2154.7425777574235,2174.9821105155006,1762743
2021-03-25,2081.694091796875,2160.744541090829,2076.11077256925,2157.5807510695113,2495833
2021-03-26,2156.928955078125,2163.5359730098153,2092.627871718657,2098.3972555428527,1929236
2021-03-30,2232.164794921875,2238.911306548007,2163.5364870008793,2163.5364870008793,3327203
2021-03-31,2262.64013671875,2269.24715540337,2216.251968190524,2220.299965540176,2709756
2021-04-01,2232.490234375,2276.8775758099855,2225.9297889913196,2276.8775758099855,1532653
2021-04-05,2208.388671875,2249.3330101363076,2183.54294841269,2233.327541525871,2545447
2021-04-06,2241.05126953125,2243.5637176808677,2212.25069403842,2216.856886843692,3683538
2021-04-07,2238.212890625,2265.8968459294774,2221.5560806606677,2249.146889778869,1713970
2021-04-08,2242.5400390625,2269.619227733906,2229.2333102098596,2238.910972500114,1814515
2021-04-09,2304.04931640625,2310.563187656187,2255.660558549576,2255.660558549576,2604858
2021-04-12,2291.02197265625,2315.4489940950098,2268.31656550751,2271.9456321040757,2261945
2021-04-13,2283.949462890625,2331.8729480678153,2278.7385017847905,2298.4661822846447,1811781
2021-04-15,2289.765380859375,2323.5910767151163,2252.962187724533,2323.5910767151163,3352379
2021-04-16,2288.13720703125,2306.7948444091267,2270.5498421609796,2298.3732923852544,1225517
2021-04-19,2267.43212890625,2288.881423380387,2246.4017650773662,2270.5495726774902,1746316
2021-04-20,2230.95458984375,2285.4385218669536,2218.2526303013524,2285.4385218669536,1589508
2021-04-22,2186.241943359375,2224.0225001356102,2170.05040599006,2224.0225001356102,1721265
2021-04-23,2147.484130859375,2186.8000032583823,2140.272343614587,2177.494471329623,1949756
2021-04-26,2196.71044921875,2205.2251478083854,2150.50857101016,2162.605763317876,1946867
2021-04-27,2214.5771484375,2220.71866331406,2189.5451307685776,2198.8972359693907,1668456
2021-04-28,2239.422607421875,2275.202328666606,2201.9678451605946,2214.7163771887617,1951215
2021-04-29,2240.400146484375,2278.8783879347293,2218.578490527326,2264.036108697129,3151150
2021-04-30,2190.289794921875,2273.248529418656,2168.421792720849,2242.633417211564,4010778
2021-05-03,2240.772216796875,2247.2860895201215,2177.494596056764,2180.286255795298,1692239
2021-05-04,2240.44580078125,2250.2631801984153,2207.4577429396127,2241.888203343432,1453111
2021-05-05,2228.349365234375,2264.966728402324,2204.1549794749417,2264.966728402324,1256857
2021-05-06,2224.022216796875,2248.728450458294,2211.9715979212747,2233.327749084728,1377740
2021-05-07,2243.75,2255.661127297488,2230.67568111459,2241.5167630255332,1169518
2021-05-10,2263.9423828125,2277.0166983615836,2248.2161274311957,2254.7299986613357,988495
2021-05-11,2235.28173828125,2257.5218669535793,2227.976805421932,2256.591313834472,1019077
2021-05-12,2167.212158203125,2223.0919317704015,2163.5830910473765,2223.0919317704015,2053932
2021-05-14,2211.78564453125,2216.950033463421,2164.4669195809433,2167.1654332065073,1388970
2021-05-17,2211.22705078125,2228.6749233544847,2202.154157043168,2219.369391315426,811243
2021-05-18,2209.365966796875,2241.0979222464566,2202.5728829022496,2235.2819646630173,1153722
2021-05-19,2195.872802734375,2214.716504082133,2181.216590575008,2196.105441022619,1323590
2021-05-20,2181.356201171875,2197.966666729156,2177.494496251577,2196.1055603221034,856235
2021-05-21,2198.199462890625,2201.828529770658,2177.494652625278,2177.494652625278,771492
2021-05-24,2174.2841796875,2196.059034241874,2163.7688828253545,2191.4528412229697,1194864
2021-05-25,2181.262939453125,2205.2246806791704,2175.633048019165,2191.4524499936415,1098457
2021-05-26,2190.52197265625,2205.596887268803,2182.3796331232243,2192.1504405628552,811095
2021-05-27,2164.838623046875,2189.5914261763173,2161.5816872238333,2189.5914261763173,3755182
2021-05-28,2160.465576171875,2186.8002803037703,2158.2789122030913,2171.306658553837,1215325
2021-05-31,2177.541259765625,2182.147453088704,2159.023113084614,2163.5363873907195,1178704
2021-06-01,2194.523193359375,2198.8967470382045,2168.7469206023065,2184.0078989837775,1141451
2021-06-02,2194.988525390625,2208.807101529252,2186.799613316366,2192.3829314780246,1113091
2021-06-03,2199.1298828125,2206.3882433182976,2182.147286658336,2204.480563792579,868532
2021-06-04,2179.402099609375,2205.4110153020365,2171.8645280498326,2205.4110153020365,1283795
2021-06-07,2176.8427734375,2190.5218576979437,2169.119137762917,2190.5218576979437,1128300
2021-06-08,2195.175048828125,2197.966708491747,2172.9812636279917,2176.8431958075093,1106664
2021-06-09,2192.383056640625,2207.22533283055,2182.70539548224,2197.966375121034,1072858
2021-06-10,2213.600341796875,2233.281454162817,2191.68576509214,2199.8281068582187,1944339
2021-06-11,2202.15380859375,2222.672548930337,2196.1052137254383,2215.6468279153682,1128097
2021-06-14,2216.30712890625,2226.1486344008076,2190.063114254096,2210.4957711695547,1761632
2021-06-15,2241.9423828125,2244.8011523841924,2211.9961251050913,2211.9961251050913,1215463
2021-06-16,2256.8916015625,2267.155069662729,2234.1624086734523,2235.427836716667,2153668
2021-06-17,2266.076904296875,2273.7626057247717,2236.7397991203625,2247.6124110727574,1555777
2021-06-18,2327.18798828125,2340.1225845733484,2254.1734793791675,2268.2327734293494,3937751
2021-06-21,2356.666015625,2370.397169062194,2312.2854156095023,2318.799509948345,2506277
2021-06-22,2334.0771484375,2375.036512926249,2326.01639493332,2360.180662751808,1945883
2021-06-23,2324.938720703125,2356.3378124763785,2304.037189965742,2338.529372366175,1035668
2021-06-24,2333.9833984375,2347.7147800892735,2318.9401363216202,2333.842897023762,759681
2021-06-25,2295.086181640625,2333.796154542748,2291.6651779171198,2331.9684918845783,1112942
2021-06-28,2305.91162109375,2310.4106409272063,2284.4478571784584,2296.4451671244574,694906
2021-06-29,2336.23291015625,2340.872431371416,2291.6649027840285,2301.0377653721025,1354397
2021-06-30,2316.31591796875,2347.9024237721223,2308.5363951100744,2336.2332538989526,1447245
2021-07-01,2322.595458984375,2328.219176802739,2308.5361644384648,2328.219176802739,735043
2021-07-02,2331.312255859375,2336.3735103390504,2298.2260037587425,2322.5954475180115,860231
2021-07-05,2342.3251953125,2355.7751153949143,2329.203188112303,2342.2782852351415,761700
2021-07-06,2317.43994140625,2341.293827494235,2314.1594399725104,2333.8424485749497,461782
2021-07-07,2326.0166015625,2334.5929090461964,2292.4619329699735,2303.849870701333,623145
2021-07-08,2294.05517578125,2314.8628862966348,2285.5257787466808,2307.786328822415,1114426
2021-07-09,2297.710205078125,2309.9418357319823,2285.525484500111,2286.978323873417,538094
2021-07-12,2290.867919921875,2305.630177222121,2277.6054120379517,2299.1629941272,543898
2021-07-13,2283.88525390625,2301.5531904329027,2277.6054820878207,2301.0376372533333,994396
2021-07-14,2263.40625,2288.244340647206,2257.923032796946,2286.791500900015,1377829
2021-07-15,2261.0625,2272.919079128338,2250.424209891604,2272.919079128338,693792
2021-07-16,2265.79541015625,2277.60530698357,2255.110439754102,2268.2324456379583,545405
2021-07-19,2257.594482421875,2265.4209143072603,2248.0811183144247,2249.5339577986742,463873
2021-07-20,2282.1982421875,2305.7242190437514,2252.2989017732257,2252.2989017732257,1061476
2021-07-22,2229.007080078125,2350.713784411341,2226.5233631854626,2296.3511849313336,3546044
2021-07-23,2210.214599609375,2241.7541875638926,2207.0276893471496,2232.615647445257,1517589
2021-07-26,2201.404296875,2211.995677878231,2191.375379186146,2209.4181405417203,1311535
2021-07-27,2195.499267578125,2211.4800442494634,2185.751581900824,2201.404216845761,1656945
2021-07-28,2213.30810546875,2219.916020629478,2196.1559466992258,2202.623131596289,912373
2021-07-29,2188.328857421875,2222.6803035812163,2183.876748171311,2213.3074420010817,1012663
2021-07-30,2186.970458984375,2208.762368343364,2172.6299309305855,2193.2502322595215,1708251
2021-08-02,2186.501708984375,2205.809671078841,2178.816006448532,2195.1246978984836,1229936
2021-08-03,2237.16162109375,2242.925839596798,2180.2214853831338,2183.8768099709737,1733476
2021-08-04,2228.0234375,2244.5664497737507,2219.072307238674,2237.161979262311,1588974
2021-08-05,2209.839599609375,2241.051275434681,2206.3716864798157,2241.051275434681,921757
2021-08-06,2222.77392578125,2231.4438219707827,2209.651920737633,2209.8393321866206,1432661
2021-08-09,2234.959228515625,2244.8007348689125,2225.9145070656614,2230.22588683692,921476
2021-08-10,2232.428466796875,2243.8633134386096,2211.1521143944447,2243.8633134386096,1061370
2021-08-11,2240.535888671875,2244.800586909805,2214.0575518951728,2240.114155621893,1300594
2021-08-12,2242.269775390625,2262.1401966514272,2228.3509840782563,2244.8004023120648,1226064
2021-08-13,2253.705078125,2258.532011401755,2238.2398530099813,2250.424575827875,1033159
2021-08-16,2274.231689453125,2284.026515655395,2242.5982726182074,2253.2365650708643,1146309
2021-08-17,2328.031494140625,2331.452497216455,2278.5896474131246,2280.4173097252756,1921902
2021-08-18,2330.140625,2343.2157229682307,2300.1005536656153,2329.1564286304215,1545643
2021-08-20,2455.1279296875,2465.0632571607844,2320.7211500874914,2333.843159821427,5779927
2021-08-23,2468.953125,2505.2262953575,2431.789807069443,2460.3770451174746,2163220
2021-08-24,2467.874755859375,2491.3069126753585,2446.31717158867,2468.8120421320145,1482854
2021-08-25,2479.122314453125,2499.227060235403,2456.299301047181,2466.9375923026937,1746570
2021-08-26,2499.179931640625,2528.6108567900546,2466.000090371589,2466.000090371589,2117291
2021-08-27,2510.005615234375,2521.299960077977,2484.8396172429084,2501.6169492372196,1176229
2021-08-30,2519.144287109375,2536.0623502166764,2504.054115310436,2522.799840896441,1168190
2021-08-31,2553.261474609375,2565.7741083053434,2507.8497743436105,2519.331530498928,2535891
2021-09-01,2561.510009765625,2600.969860258543,2544.7326740907906,2572.851267174667,1775792
2021-09-02,2625.3857421875,2633.7744085055992,2558.932008603925,2575.6626599905294,1946183
2021-09-03,2593.189697265625,2632.6026279466055,2583.1607806393754,2626.4633575387375,1561823
2021-09-06,2606.218017578125,2647.8334320221243,2601.250355107874,2615.0284160501687,1444978
2021-09-07,2603.5,2632.5558740752217,2596.28294156015,2613.716557537144,1219915
2021-09-08,2625.244873046875,2633.7742691514286,2591.69020954987,2613.9974384455163,946711
2021-09-09,2634.38330078125,2646.568021077292,2607.53014335298,2607.53014335298,879454
2021-09-13,2611.60791015625,2645.443810058488,2600.9696185628704,2622.058561416083,1341412
2021-09-14,2589.300048828125,2628.150516221028,2578.521257481284,2626.275943812882,1755061
2021-09-15,2601.391357421875,2610.342487840909,2576.6470892844454,2600.032337978701,1362350
2021-09-16,2594.642822265625,2621.8710352804756,2579.411919759776,2579.411919759776,1259196
2021-09-17,2551.52734375,2608.4674800831112,2529.7354397212785,2596.376579702256,3095032
2021-09-20,2624.7294921875,2632.836926256256,2540.092502868372,2549.4184547586387,2671330
2021-09-21,2636.07080078125,2679.982755336719,2621.26163151963,2633.774495119054,2277437
2021-09-22,2609.873291015625,2661.7988523199265,2600.0317864167155,2650.551418492601,1580594
2021-09-23,2607.811767578125,2640.9916116937984,2598.9544576415374,2623.464403318235,1054473
2021-09-24,2574.397216796875,2605.6558051276597,2560.1036013191065,2596.376762677232,1635284
2021-09-27,2539.577392578125,2591.596785561364,2534.8909607778332,2591.596785561364,1465932
2021-09-28,2553.02734375,2581.7081668273627,2539.9520169858324,2554.1051314479214,1078052
2021-09-29,2516.894775390625,2572.3351647202344,2509.1152538656056,2544.685220757203,1503894
2021-09-30,2532.360107421875,2535.6406093893766,2513.754883302896,2516.894883860796,1620199
2021-10-01,2534.468994140625,2541.9203742505388,2512.021033651652,2536.2966566083915,956111
2021-10-04,2517.738525390625,2553.167994873974,2511.6461641693763,2530.673122672441,1025005
2021-10-05,2538.780517578125,2544.685467202953,2517.551073807779,2517.738485307207,562784
2021-10-06,2517.59814453125,2562.5409810034685,2508.17837057984,2525.0964356241643,862471
2021-10-07,2501.991943359375,2534.6564622591727,2498.8052614894905,2528.7984229177214,1082816
2021-10-08,2474.482666015625,2510.56818745636,2460.7512848449283,2503.0229872073664,1579941
2021-10-11,2479.216064453125,2498.3366132931155,2470.2180245109757,2476.497796906388,1086252
2021-10-12,2508.318359375,2519.4722023939835,2460.3762620295925,2460.3762620295925,1174337
2021-10-13,2480.76220703125,2524.6741562751713,2476.872560900242,2519.5190822641493,1660007
2021-10-14,2483.386962890625,2508.8811044945446,2455.690106948989,2480.7625154836783,2158809
2021-10-18,2487.557373046875,2510.895706002166,2477.2941357552018,2505.1783979436514,1758177
2021-10-19,2387.0810546875,2560.666450594357,2362.430376545782,2502.4608734907724,5431133
2021-10-20,2323.204345703125,2421.947538303185,2315.0969116133388,2407.888245317679,4864654
2021-10-21,2292.36767578125,2347.901881971596,2275.7308460786567,2346.402132551058,3254632
2021-10-22,2300.1943359375,2341.5754333916234,2277.605645208304,2304.786947147004,1845622
2021-10-25,2301.834716796875,2309.0517757460257,2258.860047188821,2300.1944657252648,1560381
2021-10-26,2298.062744140625,2328.287197495456,2279.390379111753,2328.287197495456,1595060
2021-10-27,2260.1044921875,2315.3668583626973,2254.964706488114,2315.178295180123,3083879
2021-10-28,2253.550537109375,2278.3998996322644,2233.133676460762,2263.311158575097,2015791
2021-10-29,2256.851318359375,2265.197370791592,2237.8490261817024,2263.311278059876,2453400
2021-11-01,2270.006591796875,2273.589983155034,2233.369154966762,2256.709548331241,1941114
2021-11-02,2281.134765625,2289.7165796612653,2265.197374112998,2277.4569768871315,1350154
2021-11-03,2274.0146484375,2295.374553730982,2250.2968973023967,2295.374553730982,1591607
2021-11-04,2284.859619140625,2291.602307498372,2282.1718453275967,2290.6592612812947,245719
2021-11-08,2293.39404296875,2309.520225654654,2263.405356934594,2309.520225654654,2555533
2021-11-09,2292.68701171875,2306.879905147786,2278.824276602266,2300.8445006811016,1696949
2021-11-10,2263.45263671875,2282.172199124119,2259.5390864055325,2273.731980219998,1794509
2021-11-11,2240.86669921875,2269.8653745899,2231.4362356834163,2265.8574275873834,1282647
2021-11-12,2267.979248046875,2276.1367370247926,2240.8666657872836,2251.994658640144,1651974
2021-11-15,2286.6513671875,2291.6023599404575,2267.1775544535585,2267.1775544535585,1007999
2021-11-16,2269.58251953125,2295.9878186505725,2263.405749818872,2295.9878186505725,1245209
2021-11-17,2254.965087890625,2272.788801258202,2251.2401010201993,2267.0833250460737,956809
2021-11-18,2262.7451171875,2269.2994729209886,2235.019649078108,2253.8805743867842,1236943
2021-11-22,2252.513427734375,2272.647329365493,2241.762561095934,2272.175806185805,1629290
2021-11-23,2257.841552734375,2263.3112676784503,2203.4278237211247,2251.806148114937,1932539
2021-11-24,2239.499267578125,2268.969465330232,2232.1906585356023,2268.969465330232,999070
2021-11-25,2215.2626953125,2251.0512521216347,2207.6711274473173,2251.0512521216347,1363272
2021-11-26,2202.107666015625,2230.30466032451,2192.771368830848,2210.50068659647,2450902
2021-11-29,2196.732177734375,2208.850415989692,2154.5780499765715,2201.4474097036136,1724612
2021-11-30,2185.556884765625,2226.5321983190215,2170.8924695173177,2189.7533945348446,3931035
2021-12-01,2211.30224609375,2222.524405159412,2190.932353574458,2206.728379366935,1263139
2021-12-02,2247.562255859375,2251.994527349271,2211.4435371164323,2222.7600925302477,1673117
2021-12-03,2210.170166015625,2253.7860533868566,2204.747650288391,2247.56208651974,1890178
2021-12-06,2175.13623046875,2229.3141928501095,2169.9494759629715,2210.5004657354216,1079171
2021-12-07,2189.37646484375,2208.284359683969,2180.323127927537,2195.317472569348,895313
2021-12-08,2207.29443359375,2210.9250239896487,2186.217255054658,2186.217255054658,839769
2021-12-09,2206.492431640625,2214.8384829272136,2189.32903618514,2207.6712394361375,716666
2021-12-10,2199.938720703125,2213.3299337352037,2187.8676805563155,2213.3299337352037,724539
2021-12-13,2173.108642578125,2218.0447027308446,2169.9493456563237,2218.0447027308446,1804894
2021-12-14,2186.264404296875,2192.535570444475,2172.7787954135724,2173.7218417657486,1219031
2021-12-15,2188.76318359375,2192.3940038098367,2169.4779335138464,2184.0951506272845,755122
2021-12-16,2177.96533203125,2192.865508949222,2172.7313792541395,2188.763165634105,926493
2021-12-17,2103.229248046875,2177.446954189482,2099.221300819345,2171.8358741181273,2439222
2021-12-20,2139.8662109375,2144.817203456087,2075.78603786536,2099.220827881028,2175705
2021-12-21,2143.40283203125,2171.5526253797357,2124.4475096873184,2159.5759836572897,1591415
2021-12-22,2147.928955078125,2185.415039254845,2139.771698037164,2169.006128464291,1661605
2021-12-23,2169.619384765625,2173.7217282777815,2145.0532127627566,2168.016252097809,1423081
2021-12-24,2166.130126953125,2181.266065935136,2153.2576372057188,2178.4369270688126,895503
2021-12-27,2170.32666015625,2176.6452545475,2148.4952304314606,2166.1301501734006,584302
2021-12-28,2177.588134765625,2186.3582804876282,2166.884467995281,2178.43678427553,783710
2021-12-29,2175.46630859375,2189.612002179155,2168.11050188216,2183.0576466291986,1410236
2021-12-30,2193.1484375,2197.2977488799197,2165.8470645430084,2176.5507315085215,963711
2021-12-31,2225.730712890625,2235.3499696852755,2197.297958017514,2206.7284213566445,1123597
2022-01-03,2226.8154296875,2242.564257949717,2218.9880988039044,2242.564257949717,879278
2022-01-04,2264.489990234375,2270.949949661634,2221.2042559667407,2234.029547858375,1484275
2022-01-05,2278.211181640625,2282.171929851865,2255.766634795728,2266.8946266165663,1202512
2022-01-06,2255.20068359375,2274.6275282092997,2232.8505337791717,2261.4248808648013,1198901
2022-01-07,2278.541259765625,2283.9637760718124,2251.994598117526,2251.994598117526,1026186
2022-01-10,2269.95947265625,2286.8871064277837,2265.197043150324,2286.8871064277837,919447
2022-01-11,2266.753173828125,2280.5689404287946,2255.7667763969794,2279.484299029362,1321335
2022-01-12,2275.7119140625,2278.3996879079086,2261.8963789102313,2270.100835050469,1487554
2022-01-13,2276.702392578125,2283.963803236026,2266.3760813628837,2280.2860146615844,1586299
2022-01-14,2229.07861328125,2283.1152152278805,2226.3438709583706,2282.172168877105,1596037
2022-01-17,2253.456298828125,2257.8413719637965,2211.443540738345,2229.3614201728983,912205
2022-01-18,2234.548583984375,2271.5159591197917,2223.1376297392408,2271.5159591197917,1667579
2022-01-19,2178.3427734375,2233.6997809548434,2173.7691365680957,2229.3616754480067,2145255
2022-01-20,2132.98193359375,2193.1011286291614,2115.2526190498547,2192.5824071738352,2829711
2022-01-21,2192.959716796875,2201.4001651507233,2121.854119723611,2135.8112506471966,4596050
2022-01-24,2154.483642578125,2211.3963479416543,2137.602975874179,2205.6908718496384,2231103
2022-01-25,2194.70458984375,2200.7871926759262,2113.2724464729786,2153.4463125612647,1843543
2022-01-27,2164.62109375,2193.1482400675914,2145.4300123147236,2178.436627888796,2620474
2022-01-28,2153.4931640625,2186.6411454056615,2148.30641003956,2163.9138704648562,1967721
2022-01-31,2144.251708984375,2180.1818681979585,2141.6583314364007,2159.576212676952,1639875
2022-02-01,2174.33447265625,2187.867278303912,2148.6364625985857,2172.1184521322657,1270508
2022-02-02,2195.317626953125,2200.1272556973313,2165.753260394254,2191.7342348145503,1246111
2022-02-03,2167.26171875,2199.1367290973967,2159.575983653631,2196.354788615418,1448039
2022-02-04,2175.23095703125,2181.0306004000495,2152.974969500946,2174.6650370868074,1014561
2022-02-07,2129.021240234375,2184.75513374374,2109.5943959909723,2164.52683835417,1207402
2022-02-08,2135.386962890625,2138.8289897612644,2118.600692849726,2138.8289897612644,1190660
2022-02-09,2147.928955078125,2150.4753638524135,2127.134971817852,2138.4043271772634,1049611
2022-02-10,2153.115966796875,2154.860694464435,2127.3709882027174,2150.145463185519,1195100
2022-02-11,2129.3984375,2149.2024087965015,2120.911021230071,2149.2024087965015,2100036
2022-02-14,2101.6259765625,2108.887387366168,2081.3032817963704,2093.562884271836,1661501
2022-02-15,2159.67041015625,2172.920026399279,2095.96758694428,2119.9208707194284,1533070
2022-02-16,2156.275146484375,2172.542693511209,2145.4301151331524,2159.6702049147657,995668
2022-02-17,2176.126708984375,2181.266265681661,2146.373549801756,2152.031828052551,869374
2022-02-18,2180.841796875,2195.2232531462696,2163.3482417240757,2163.3482417240757,890713
2022-02-21,2164.102783203125,2172.825961832501,2154.6251214559156,2167.1204854385355,737919
2022-02-22,2140.66796875,2150.1456304048897,2121.948637258422,2150.1456304048897,902667
2022-02-23,2131.66162109375,2144.4399436467243,2123.9758863599004,2140.7149570593733,1324411
2022-02-24,2047.730712890625,2114.3098760137955,2037.2630367486124,2074.701930075981,2997629
2022-02-25,2047.070556640625,2070.9296740693903,2039.007464731287,2069.986627769723,2193728
2022-02-28,2048.39111328125,2055.746690781773,1999.2583052880534,2040.7523455864848,2334036
2022-03-02,2026.7008056640625,2032.076123288813,2002.1344045898982,2007.6982854191149,2034688
2022-03-03,1971.9097900390625,2044.4771559208646,1967.7604784623736,2034.9994946704817,2372998
2022-03-04,1904.48193359375,1959.6029417770987,1862.752136336249,1956.8210013404462,6320118
2022-03-07,1833.2349853515625,1867.3733337693607,1817.2503950746627,1866.7603305917462,2976453
2022-03-08,1837.9970703125,1846.4844862349282,1793.2495735242098,1814.9396364370818,3211938
2022-03-09,1884.1123046875,1892.7412017174113,1839.8834083419008,1852.1430107552503,2879079
2022-03-10,1982.236083984375,1993.5998377157928,1932.301829460577,1935.036571580677,4879791
2022-03-11,1975.115966796875,1990.016143540427,1952.105730474053,1980.3971178722277,2481643
2022-03-14,1942.0152587890625,1975.681965082426,1929.5669787688444,1975.681965082426,1730325
2022-03-15,1922.1170654296875,1962.290932889046,1909.6688993919483,1928.5298267933504,2391023
2022-03-16,1954.13330078125,1961.5363063394445,1916.3172822476963,1942.67538031695,2808685
2022-03-17,1982.330322265625,1996.145857081476,1963.752358064948,1978.6053358011775,2995889
2022-03-21,1934.3763427734375,1990.67615554675,1929.4725485213435,1986.526844310953,1674982
2022-03-22,1879.962890625,1936.781432967692,1856.8582551495485,1936.781432967692,5356303
2022-03-23,1865.8641357421875,1901.6998919315233,1862.75203718383,1897.4089856037797,3212162
2022-03-24,1853.9346923828125,1877.935173999903,1840.2133230540926,1857.8011590811673,3054664
2022-03-25,1841.7694091796875,1864.402520198793,1834.225038839986,1862.4221460082122,2233647
2022-03-28,1862.6107177734375,1867.9861507359346,1821.3053590446518,1848.3235433534232,1794533
2022-03-29,1873.8800048828125,1881.2356962000167,1861.620404236194,1867.231483100353,1249125
2022-03-30,1901.087158203125,1904.0105788617868,1881.4246648476842,1886.092698228615,1476829
2022-03-31,1931.9716796875,1937.0170694066571,1903.0674031463652,1904.3876909689675,2540524
2022-04-01,1959.7916259765625,1967.053266859543,1922.3056497183848,1937.865798945237,1714996
2022-04-04,2007.22705078125,2010.9992363563463,1952.29459834391,1959.650406262535,1693019
2022-04-05,2017.9302978515625,2035.0936925852243,2005.8592604859925,2022.3625689291073,1277652
2022-04-06,2020.0523681640625,2041.1293147774516,2000.4841574855418,2013.4038457176716,1736115
2022-04-07,2041.506591796875,2051.125617611597,2013.4981638932215,2018.071800117388,1824732
2022-04-08,2058.717529296875,2068.572318319868,2040.280925773893,2053.6721388651326,1693462
2022-04-11,2039.856201171875,2069.137832765677,2017.081496494075,2063.3851586476662,1380107
2022-04-12,2010.8101806640625,2041.694942496281,2003.9730959836477,2018.9674378780676,1370233
2022-04-13,2029.5767822265625,2041.6950179610096,2009.3484873336645,2015.9498107173722,1071601
2022-04-18,2053.624755859375,2058.5757491097856,2013.451120197594,2025.66352416809,1828131
2022-04-19,1992.7041015625,2081.161893714763,1981.3875455575858,2061.216325614549,1775996
2022-04-20,2041.648193359375,2045.1374188823427,1973.5130931043466,1993.977153292927,1511804
2022-04-21,2072.768310546875,2078.23802445194,2044.5241234313357,2060.555908532043,2244813
2022-04-22,2005.8123779296875,2064.3284496981,1999.2582518775569,2057.727125281523,3520828
2022-04-25,1981.1043701171875,2038.8659517759654,1930.4156351921376,1980.3970854438148,2437310
2022-04-26,2025.993408203125,2035.0465136367275,2000.2010023816879,2020.1935358962694,1447088
2022-04-27,2022.9285888671875,2029.8126422554767,1983.6977730463116,2025.4747676772574,2214481
2022-04-28,2114.16845703125,2121.8541923447106,2041.695256189466,2102.993266190535,5865359
2022-04-29,2107.567138671875,2159.5760505906414,2095.967623007982,2116.573046746523,2678692
2022-05-02,2103.46484375,2123.7403398901592,2080.2658118859613,2093.5628572629453,1543544
2022-05-04,2047.8720703125,2122.655681796459,2026.2761736778705,2114.262432275511,1608395
2022-05-05,2043.203857421875,2076.5404003033027,2030.9442576114543,2053.9544913151253,1101451
2022-05-06,2026.794921875,2046.4103296068906,1986.243933776799,2003.9732490390059,1585602
2022-05-09,1996.09912109375,2017.553427237907,1989.9693193382766,2000.6729883441344,1341414
2022-05-10,2056.218017578125,2072.721327484229,1998.3150680590732,2012.4607622643048,2162232
2022-05-11,2040.2806396484375,2064.9884062930923,1995.4859410659087,2060.556134796319,1858636
2022-05-12,2016.9871826171875,2041.5535812488263,1989.0729240545018,2041.5535812488263,1531515
2022-05-13,2069.1376953125,2091.676406698806,2031.462816602777,2046.4101905033406,2057239
2022-05-16,2090.9697265625,2095.40199879915,2048.5798349802008,2074.702175414365,1396818
2022-05-17,2117.138916015625,2147.316397223866,2094.788765042954,2110.443195278183,2055096
2022-05-18,2160.896484375,2170.892868566163,2108.746201304107,2108.746201304107,2137455
2022-05-19,2135.575439453125,2153.7290798333615,2117.563163916556,2117.704758996125,1734602
2022-05-20,2193.47802734375,2214.2722398683923,2152.6912835727503,2159.5755661408084,2599505
2022-05-23,2244.26171875,2251.994652665906,2174.9950113473055,2177.4939920458864,2363306
2022-05-24,2178.106689453125,2244.450085546735,2170.9396760609875,2244.450085546735,3078655
2022-05-25,2167.780517578125,2197.250714912832,2156.275398585839,2197.250714912832,1884260
2022-05-26,2150.333984375,2165.2341609724253,2129.398403952847,2159.7172483895256,2299127
2022-05-27,2197.86376953125,2201.9186843783837,2150.6170584376637,2166.1773221799226,1011303
2022-05-30,2215.16845703125,2230.3043954875534,2198.2408227828696,2208.802894803114,939562
2022-05-31,2219.2236328125,2233.039168560782,2172.6842073369426,2225.589195129077,3123979
2022-06-01,2176.97509765625,2276.3251134609613,2170.8924953130013,2235.019641134584,2197599
2022-06-02,2154.672119140625,2175.560501494365,2128.596752173352,2164.291144848326,1460335
2022-06-03,2161.41455078125,2192.5350733473347,2136.140868225861,2153.9173800284134,1845303
2022-06-06,2150.616943359375,2170.845239094725,2119.590814258153,2142.789613545529,2131405
2022-06-07,2085.641357421875,2131.143342885816,2081.3504505692827,2121.8542444324876,2034730
2022-06-08,2071.919677734375,2092.572297200499,2061.498971287961,2088.8473107972704,1506843
2022-06-09,2072.53271484375,2082.576295631462,2047.1176642417017,2071.8726285104312,1497867
2022-06-10,2074.607421875,2083.047870280294,2039.620542984742,2039.8091061937964,1641981
2022-06-13,2071.778076171875,2090.7333966253495,2033.2075792170742,2044.524133461325,1519441
2022-06-14,2047.353271484375,2087.8570591591024,2036.9797634298711,2066.072830386175,1592475
2022-06-15,2042.1685791015625,2053.9178894984407,2027.3746910496027,2053.7276614621646,1432377
2022-06-16,2042.3111572265625,2058.7699467853718,2031.2277612800297,2040.6938705428015,1353485
2022-06-17,2007.8240966796875,2055.345107796381,1997.882300258329,2054.964651694281,3252189
2022-06-20,2089.118408203125,2095.778014518428,2005.635486179147,2008.3469902292602,2022000
2022-06-21,2097.776123046875,2123.4631776147958,2066.5234470817777,2088.26239913283,1606187
2022-06-22,2095.731201171875,2116.708780950229,2079.7480952184683,2082.7448259671764,1741378
2022-06-23,2143.061767578125,2147.58078691342,2085.503731833841,2100.6304615434638,1585753
2022-06-24,2191.866943359375,2206.0425325406104,2150.149399860947,2154.858647139372,1930048
2022-06-27,2207.802490234375,2218.458048005961,2186.3016111830643,2203.236088067896,1450391
2022-06-28,2204.947998046875,2210.9893052781317,2167.0835649503942,2207.802115050246,1404108
2022-06-29,2124.842529296875,2188.0611755197806,2116.80347939067,2184.5411442774434,1682914
2022-06-30,2122.13134765625,2139.6365067381103,2105.7675567208785,2116.7083392142035,2387212
2022-07-01,2171.364990234375,2181.4970138544063,2096.4444102775346,2117.7550601133485,1235612
2022-07-04,2259.69970703125,2262.649054416568,2165.323610193591,2165.323610193591,2410245
2022-07-05,2284.72119140625,2294.7106032362585,2256.2752449120826,2268.5478579671885,2463079
2022-07-06,2376.90869140625,2387.0885618161738,2283.2937409353603,2283.2937409353603,4770394
2022-07-07,2352.696533203125,2407.9237522438834,2345.608854665071,2383.1880677087825,3333262
2022-07-08,2375.4345703125,2382.0465628751103,2333.5265643378907,2356.026431536403,1346970
2022-07-11,2369.488525390625,2402.2156476431205,2359.4038836257187,2366.063491361759,1587197
2022-07-12,2330.434326171875,2369.4882099354913,2325.5822339883985,2354.646707477866,1116476
2022-07-13,2376.290283203125,2396.8400188359087,2341.707805431518,2344.1814664448,2528792
2022-07-14,2376.338134765625,2400.2174437256012,2348.1774175431497,2381.0473819051117,1663307
2022-07-15,2443.60009765625,2448.7374158943353,2380.381445846693,2406.972258933351,2996964
2022-07-18,2429.32958984375,2478.325271800654,2409.8740693844998,2455.4923326362714,1566888
2022-07-19,2443.0771484375,2449.7843715200606,2400.0751546610613,2425.952442151146,1473121
2022-07-20,2477.849609375,2490.6931377783644,2412.3001388015937,2449.784121382463,4012897
2022-07-21,2480.656005859375,2502.014270542742,2465.6718900282253,2489.7416590551693,1990695
2022-07-22,2512.194091796875,2514.667520714524,2484.0809904816797,2489.741609896839,1905780
2022-07-25,2496.02099609375,2524.942627327483,2484.9849821323983,2516.8559610380016,1253821
2022-07-26,2423.2412109375,2497.3530426087723,2414.6788576485555,2497.3530426087723,1685576
2022-07-27,2456.396240234375,2464.530521762835,2402.215621482787,2412.0624200070306,1404133
2022-07-28,2492.69091796875,2497.352549820955,2459.297653823683,2497.352549820955,1442054
2022-07-29,2509.149658203125,2516.3801818789407,2469.7629308724877,2511.6233195313434,1463059
2022-08-01,2466.908935546875,2509.7206987939285,2454.54109283106,2509.245012535628,1559918
2022-08-02,2507.104248046875,2510.767124885649,2472.616996745595,2473.568369195285,1359934
2022-08-03,2498.636962890625,2534.4560403735804,2471.5702326505448,2488.0766364816086,1767904
2022-08-04,2500.159423828125,2514.905698220472,2487.839195870192,2505.915274157585,1189384
2022-08-05,2516.760498046875,2528.414810150599,2499.7786397712143,2509.720435071272,1176666
2022-08-08,2521.469970703125,2528.747876763775,2498.3515745859777,2516.760491438245,1024511
2022-08-10,2514.287109375,2546.5385419076115,2503.2510962579527,2521.4700176892798,1098949
2022-08-11,2486.6025390625,2538.0242749783647,2479.8479329069582,2526.893261918565,810674
2022-08-12,2468.763916015625,2498.3993074745226,2459.3930366557233,2497.257474708795,1473527
2022-08-16,2515.904541015625,2519.567417996798,2464.5780418131703,2481.1318301738693,1584117
2022-08-17,2554.102294921875,2562.9977214207725,2515.9047788779635,2522.088700626009,1711381
2022-08-18,2551.628662109375,2582.976339555587,2535.074641234995,2554.435164532873,1465489
2022-08-19,2506.438232421875,2567.7065227967,2498.7796380578584,2558.2404137588355,1324508
2022-08-22,2498.97021484375,2537.120346765208,2492.6912954146314,2519.234496484466,1410895
2022-08-23,2466.6708984375,2501.824063707715,2459.535605124114,2475.518708599831,1305045
2022-08-24,2462.389892578125,2483.0822446165967,2436.750449954306,2450.7355793610545,1242489
2022-08-25,2449.02294921875,2500.5872902894703,2440.6984401626805,2474.7100057346215,1106593
2022-08-26,2446.501953125,2487.5535828256334,2437.416299465996,2473.473223634937,1048791
2022-08-29,2450.545166015625,2481.084081836483,2425.9997107239797,2425.9997107239797,1450034
2022-08-30,2530.508056640625,2537.310276623246,2459.8686535512825,2462.8177687298435,2227943
2022-09-01,2479.2763671875,2525.893612771609,2467.8598988811877,2521.1367509773117,1702269
2022-09-02,2476.99365234375,2495.45018681877,2459.298030090172,2487.8392064548543,937600
2022-09-05,2474.13916015625,2494.8788926932557,2460.3442603350136,2470.7141266035164,1274074
2022-09-06,2447.976318359375,2492.595589244112,2438.367364592618,2465.196018755944,1250776
2022-09-07,2439.8896484375,2470.618789864113,2436.27438701418,2446.739482978787,1344964
2022-09-08,2451.829345703125,2469.762808774455,2438.367518832407,2454.540850014674,1004533
2022-09-09,2462.818115234375,2518.2831822878034,2457.823409262705,2471.6659265522153,1785443
2022-09-12,2454.92138671875,2478.325241988178,2448.8326959222914,2465.0060276358417,1595709
2022-09-13,2460.820068359375,2482.1307182997107,2453.5895448428337,2471.6656213655224,1342130
2022-09-14,2446.359375,2479.276959386673,2422.860518576974,2426.000094564856,1610054
2022-09-15,2435.89404296875,2472.4268861331293,2426.9512344244017,2454.5410367757568,1199906
2022-09-16,2405.2119140625,2439.176092776895,2396.173876736307,2430.7563545708276,2516820
2022-09-19,2453.827392578125,2462.1519015187314,2386.0897205665824,2407.9236718484963,1166725
2022-09-20,2457.91845703125,2494.0229967792206,2454.1605821280223,2472.236659541261,1253333
2022-09-21,2496.02099609375,2518.0451766688075,2454.5410619837626,2456.4438069930525,1960049
2022-09-22,2561.808349609375,2569.895016017946,2492.6436139568623,2495.5453465924975,2620240
2022-09-23,2551.628662109375,2591.3008489372114,2543.9700670245447,2566.707776885169,1789791
2022-09-26,2531.173828125,2596.2952209809614,2514.524811500901,2538.737192080504,2678551
2022-09-27,2548.96484375,2581.7871959416116,2524.3717710120004,2545.8728830362975,1898501
2022-09-28,2570.70361328125,2577.0301472234505,2523.0873752747584,2540.11684937617,1526197
2022-09-29,2569.22900390625,2594.3927596130457,2560.2385804009295,2579.266030049723,2019666
2022-09-30,2565.328125,2582.8808997605765,2538.166395854209,2575.365150522076,1340054
2022-10-03,2494.974365234375,2601.0523983034436,2490.26511784334,2590.5873008706208,1683197
2022-10-04,2538.214111328125,2546.3483923248727,2506.057675686803,2521.1370221038346,1327939
2022-10-06,2486.8876953125,2561.380207926514,2478.3729579586425,2550.915110509361,1752351
2022-10-07,2473.282958984375,2485.936259264445,2449.7841054749124,2484.8896566420176,1025923
2022-10-10,2478.89599609375,2483.747855929002,2418.38861908948,2445.02704605034,1043728
2022-10-11,2426.6181640625,2483.6055159352227,2421.243002367465,2483.082214608677,1129783
2022-10-12,2465.339111328125,2477.9447963934667,2429.9954851610796,2438.795680395375,882873
2022-10-13,2441.60205078125,2480.3704763405217,2438.2722473589815,2457.394925634329,753331
2022-10-14,2450.545166015625,2497.2574132413097,2445.217387468924,2464.0546081471007,1001536
2022-10-17,2464.577880859375,2483.034412988089,2443.1243862321485,2448.452164717065,778918
2022-10-18,2475.708984375,2513.5260396651934,2470.714278959314,2492.5958455423192,1123374
2022-10-19,2457.394775390625,2490.217121403392,2453.018369681467,2488.1241486910885,1241979
2022-10-20,2474.42431640625,2483.0818979233263,2443.266871135373,2443.266871135373,1428125
2022-10-21,2524.84765625,2537.072887096617,2479.2770015088718,2479.2770015088718,2458302
2022-10-24,2447.976318359375,2511.62303649025,2425.9995238826277,2483.1770957647304,719908
2022-10-25,2383.568359375,2460.249069051827,2378.4310412333984,2460.249069051827,2923789
2022-10-27,2396.507568359375,2406.972666911163,2367.0150178952463,2372.7232534689483,1846329
2022-10-28,2401.501953125,2426.855936497925,2389.847640388234,2403.2620850988365,1164951
2022-10-31,2426.665771484375,2446.930052039369,2418.436492327249,2421.242994727914,1324443
2022-11-01,2444.001220703125,2467.035293737531,2439.978693234458,2460.4745731820553,1280132
2022-11-02,2411.916748046875,2455.6861462437505,2395.730532917714,2455.6861462437505,1338284
2022-11-03,2438.781494140625,2441.319453395782,2402.338840391405,2409.4261395459857,730444
2022-11-04,2413.8798828125,2438.446225131871,2408.995234785129,2437.4405347936363,889055
2022-11-07,2425.8037109375,2444.192573818367,2410.671123942331,2424.175572994651,1283685
2022-11-09,2402.81787109375,2437.3927162320574,2387.349974155704,2403.967131323384,1436444
2022-11-10,2407.4150390625,2430.7841867279426,2395.3951571735834,2398.2204899790263,1459152
2022-11-11,2397.310546875,2439.2123604144,2389.6005664183335,2437.4883533205048,1162847
2022-11-14,2353.972412109375,2407.5588059986,2351.4342187704815,2400.9024495012923,2137131
2022-11-15,2353.6845703125,2364.6987605703207,2340.898438525855,2353.971943780292,1558333
2022-11-16,2373.175048828125,2378.1073971399333,2325.5267028725425,2359.479095587035,1330395
2022-11-17,2356.0791015625,2392.473819391514,2350.572006101531,2375.1862816573157,960476
2022-11-18,2378.777587890625,2383.4227961809115,2345.3999448121504,2365.656382655075,1075675
2022-11-21,2395.730224609375,2405.8825294507938,2365.704721076698,2378.7779939976926,1354881
2022-11-22,2409.426025390625,2417.3754446562975,2391.516040137391,2400.0399725405687,921265
2022-11-23,2401.4287109375,2418.3330045473726,2396.304624703971,2414.5019819659115,734152
2022-11-24,2441.463134765625,2451.8548788572475,2405.068413907588,2410.6713789389423,999929
2022-11-25,2430.2568359375,2447.448501735695,2411.8200411269495,2447.065493036683,783480
2022-11-28,2418.52490234375,2435.0941244693745,2415.268626150619,2420.2489095512724,830905
2022-11-29,2522.919677734375,2528.4267722662535,2420.4398316629013,2420.4398316629013,2542932
2022-11-30,2570.951904296875,2584.025177583683,2512.1934917724243,2522.728805691409,3698270
2022-12-01,2550.35986328125,2569.6585471357293,2535.0357720571833,2566.7852800312166,1675569
2022-12-02,2504.626953125,2547.6300892969675,2497.0126084656345,2547.6300892969675,2101890
2022-12-05,2509.17626953125,2514.108617669375,2475.9419609331676,2490.1647260725235,1640511
2022-12-06,2542.410400390625,2547.5821875588135,2493.8522339263777,2496.677566431723,1484562
2022-12-07,2592.97998046875,2604.9039921340427,2544.038570808669,2547.6780892236175,2368561
2022-12-08,2591.16015625,2596.5236817928394,2572.292415401746,2581.1995903299603,1314703
2022-12-09,2607.25048828125,2625.7831548484455,2596.7151754440406,2609.5969430113946,1883397
2022-12-12,2602.461669921875,2608.9265208822108,2575.0697634331773,2588.0473999041556,1163204
2022-12-13,2595.8056640625,2605.095848816756,2583.833716227864,2602.2225813364435,1265839
2022-12-14,2571.239013671875,2605.095774716028,2558.5010485998328,2605.095774716028,886858
2022-12-15,2550.742919921875,2569.898034311601,2536.568088508062,2555.627567622087,990722
2022-12-16,2558.452880859375,2574.1599810092016,2541.2132780391407,2555.292240243583,1793864
2022-12-19,2603.275634765625,2605.0952769061714,2558.4526251475636,2558.4526251475636,1546941
2022-12-20,2561.565673828125,2591.7349797870625,2541.165429699998,2591.6870452344087,827567
2022-12-21,2553.568115234375,2581.2950950573245,2538.148389275947,2574.399301013197,779092
2022-12-22,2533.59912109375,2574.926185798821,2530.39054598493,2563.4331174597523,852567
2022-12-23,2510.373779296875,2537.621884589769,2497.8750195486446,2520.8132238129824,1189702
2022-12-26,2506.87744140625,2526.4157966669363,2496.6295028716804,2510.229586130543,605144
2022-12-27,2483.69970703125,2523.5901341975673,2466.460106249774,2514.1084472985754,870960
2022-12-28,2474.457763671875,2493.13400015111,2469.190107229014,2483.4605738797513,822651
2022-12-29,2459.564697265625,2474.170472433604,2432.124854768547,2471.2492706345906,1345863
2022-12-30,2452.8603515625,2477.187253499091,2447.257387028343,2470.9618412731757,696432
2023-01-02,2450.322265625,2471.0578183179578,2430.8320760241236,2465.1674800429623,681703
2023-01-03,2434.662841796875,2453.7700206017207,2427.9106175743023,2442.324887138332,821843
2023-01-04,2428.964111328125,2450.321874503806,2420.296376237701,2442.755698668042,1672649
2023-01-05,2474.553466796875,2482.4549516778166,2430.305198229019,2430.3531327815936,2008493
2023-01-06,2467.609619140625,2501.562011838956,2466.125051044637,2471.0096986309,991782
2023-01-09,2513.198974609375,2518.370762029879,2461.432230543996,2479.964897483789,1267078
2023-01-10,2532.16259765625,2541.2612771536465,2504.627120229919,2513.198987306786,1413088
2023-01-11,2483.69970703125,2535.9932562658805,2478.76735922737,2532.3058036790226,1471687
2023-01-12,2480.63525390625,2492.6551349797364,2464.0660331544104,2476.8521655707195,1703829
2023-01-13,2513.15087890625,2527.756652878552,2458.2234976828645,2480.7786904841932,1348015
2023-01-16,2487.387451171875,2516.93407456714,2474.8407578239025,2516.93407456714,930068
2023-01-17,2554.861328125,2561.996561502835,2491.8888892768464,2495.384604138345,1892865
2023-01-18,2572.72314453125,2579.714807444553,2547.629993615189,2555.2920387087684,2038075
2023-01-19,2537.813232421875,2566.1149608621913,2501.5620846983197,2557.30365495725,1649842
2023-01-20,2441.080078125,2494.9538414970575,2428.916626315751,2442.2772728666014,4569549
2023-01-23,2486.716796875,2493.9958336992686,2444.1925374810035,2451.8545830530443,1388360
2023-01-24,2490.6435546875,2499.742233314507,2471.7758152474353,2493.9956994448185,1462462
2023-01-25,2511.571044921875,2530.390853080295,2484.4185741446954,2490.6439869172245,1591810
2023-01-27,2501.801513671875,2534.7484507783265,2469.2857537016394,2524.165203293354,1581382
2023-01-30,2459.660400390625,2499.742573111001,2423.3136154895446,2499.742573111001,2744039
2023-01-31,2467.89697265625,2480.7787399132385,2433.848711132737,2459.5166103740175,2366794
2023-02-01,2465.502685546875,2493.0381627575084,2439.260272101313,2490.3563999507082,2014615
2023-02-02,2523.542724609375,2528.2356340549127,2454.727883353629,2460.953295465138,1980667
2023-02-03,2536.855224609375,2545.1876518238037,2519.998631992898,2528.4748628480415,1638238
2023-02-06,2526.1767578125,2533.2640571068373,2489.925607736673,2519.8554760862344,1697446
2023-02-07,2491.31396484375,2533.7905217049106,2485.6633000059405,2533.263709328862,1495745
2023-02-08,2473.69140625,2497.347924677117,2469.429440258055,2483.173093909701,1061956
2023-02-09,2477.4267578125,2490.0690869779705,2457.6012605044793,2477.7141313036195,1102484
2023-02-10,2468.615234375,2477.3786052067458,2447.4010398587247,2475.798401885306,1523011
2023-02-13,2471.967529296875,2481.305647627229,2442.277101784979,2451.854659046881,1146525
2023-02-14,2470.626708984375,2492.0803432354332,2461.6236650653727,2475.798496258107,1944364
2023-02-15,2440.792724609375,2463.1564160964635,2429.8264674519237,2442.277292866537,2009134
2023-02-16,2420.344482421875,2453.6741931614165,2416.2740207651195,2451.854550892754,1982857
2023-02-17,2409.234619140625,2438.6856088200425,2400.9978260571716,2418.3332988789816,1395341
2023-02-20,2405.355712890625,2435.5729545901054,2402.243006597893,2411.6290600306274,632091
2023-02-21,2409.857421875,2436.483082744625,2406.1702019446143,2421.206922856741,862797
2023-02-22,2388.69091796875,2416.94471428418,2377.8682305808093,2409.857181013879,885515
2023-02-23,2385.434326171875,2409.617659477435,2375.3301898128107,2386.727389998257,757215
2023-02-24,2379.2568359375,2405.164176269102,2367.5243277605773,2386.9188820938575,732783
2023-02-27,2363.884521484375,2381.9383090747338,2352.2478838309394,2381.9383090747338,853991
2023-02-28,2356.70166015625,2369.82310136846,2332.7577657209677,2365.4173312615303,1780454
2023-03-01,2362.06494140625,2365.6565251995694,2344.5859002787633,2354.163457060948,967339
2023-03-02,2351.625732421875,2365.656760975365,2340.755110859835,2362.065176824087,827174
2023-03-03,2366.6142578125,2384.7157464235815,2351.912614764303,2361.8254794680797,1176008
2023-03-06,2379.87939453125,2393.2879746121425,2371.02015412066,2377.101762646817,1214503
2023-03-08,2380.118896484375,2395.7301280731194,2362.974928345031,2381.9385388698465,1448340
2023-03-09,2357.41943359375,2386.678912614645,2353.1095335888504,2379.8789884586936,1038910
2023-03-10,2361.298828125,2366.135541348141,2341.808639230222,2346.5015487969827,772024
2023-03-13,2351.38623046875,2383.37517892143,2341.71280388302,2361.825674591218,1314549
2023-03-14,2339.2705078125,2367.5722372685677,2336.684614027503,2357.994679674439,1250763
2023-03-15,2304.456298828125,2355.6003644606108,2291.909604453849,2348.321326928999,1738040
2023-03-16,2355.456787109375,2364.9864104198323,2306.0364949940927,2322.5098477568213,1628035
2023-03-17,2344.01123046875,2378.298931642593,2336.7324273710287,2367.2368064297657,2127178
2023-03-20,2405.115966796875,2410.3356883788315,2322.557475664443,2344.0111089191355,1561128
2023-03-21,2358.569580078125,2416.657377134099,2354.882126633693,2408.7558916049775,1595161
2023-03-22,2371.738525390625,2376.575004826379,2350.7155997906552,2368.1469413578857,1063244
2023-03-23,2380.118896484375,2394.4372981130487,2361.8256682159395,2370.4454699247567,1578627
2023-03-24,2376.00048828125,2392.3779711508814,2365.6566795163285,2367.76369538044,1449326
2023-03-27,2393.431396484375,2399.1779304495235,2359.909948354342,2380.022817232362,1387736
2023-03-28,2377.916015625,2407.3190702950546,2367.476337685535,2403.7754207962616,1412387
2023-03-29,2423.93603515625,2432.50790165221,2375.282000270414,2380.0228440797264,2613254
2023-03-31,2452.18994140625,2459.947622410915,2410.240194272938,2450.705373280783,2146167
2023-04-03,2428.964111328125,2461.4319331805013,2408.8033088454185,2461.4319331805013,918048
2023-04-05,2473.643798828125,2479.198829247868,2396.305017778712,2406.361453704642,1489612
2023-04-06,2456.8828125,2475.7984875986745,2445.150305160316,2466.2209305866872,797414
2023-04-10,2425.180908203125,2460.426363362121,2418.3330487444377,2456.8827141749184,853322
2023-04-11,2440.1220703125,2447.0657990966292,2425.9951738206505,2432.699463681189,913184
2023-04-12,2422.1162109375,2448.023549176002,2412.251280542777,2448.023549176002,1109809
2023-04-13,2429.059814453125,2454.1052648080577,2418.3329980194017,2418.3329980194017,1261711
2023-04-17,2444.049072265625,2470.0520470078673,2434.040337747101,2464.3055125828782,1566977
2023-04-18,2433.705322265625,2451.8547471637826,2423.122074345457,2451.8547471637826,1474786
2023-04-19,2424.654541015625,2440.3616417250932,2404.206362300006,2440.3616417250932,1320243
2023-04-20,2387.3017578125,2425.420244520578,2375.2339434400064,2411.4371527304306,1401364
2023-04-21,2392.42578125,2403.487906244994,2380.6453394868513,2386.7271816547222,1206288
2023-04-24,2394.14990234375,2399.0822508559486,2370.541316969584,2396.3048527509,1735797
2023-04-25,2385.242431640625,2394.149605651785,2373.366355510448,2385.625674183987,1701098
2023-04-26,2404.733154296875,2411.6289488466673,2377.3412466528503,2384.81178817641,1245903
2023-04-27,2364.65087890625,2415.4598653451626,2353.205745104308,2407.749885226842,2743893
2023-04-28,2353.493408203125,2363.549844248824,2316.8113137662504,2333.141097158258,3761927
2023-05-02,2348.1298828125,2373.3189074903485,2346.5017446938473,2367.3808682079725,1760370
2023-05-03,2380.980712890625,2384.8117357593146,2349.039466192093,2353.1578625413504,1258140
2023-05-04,2400.854248046875,2403.3445065502538,2375.377851335408,2381.8906372597844,1150227
2023-05-05,2395.107666015625,2413.5444640045484,2389.313197025118,2394.389349210862,1354871
2023-05-08,2410.000732421875,2420.1051018966955,2391.6595703355715,2399.896362947055,972810
2023-05-09,2409.521728515625,2418.333033794135,2394.437076918691,2418.333033794135,1651327
2023-05-10,2416.130126953125,2427.910568191419,2399.992084577163,2414.501989116595,2025658
2023-05-11,2482.8857421875,2489.207023234044,2416.9923381762433,2429.7782362640614,1749356
2023-05-12,2512.575927734375,2528.4747641000663,2477.1389708132756,2484.418006846807,2170011
2023-05-15,2549.78515625,2557.9260798402433,2512.241178928647,2526.5116455736534,1561055
2023-05-16,2562.858642578125,2565.253032069613,2538.6276079859467,2557.2079769090533,1477905
2023-05-17,2549.30615234375,2561.0386592907626,2535.2271907727486,2559.123147952475,839404
2023-05-18,2516.55126953125,2556.441704602416,2511.092108300717,2552.89805494941,1434067
2023-05-19,2529.863525390625,2537.0946270576155,2490.7870494882,2517.6042067390918,1174757
2023-05-22,2526.6552734375,2543.2721936664057,2512.2410041416315,2523.686137392096,768232
2023-05-23,2517.26953125,2537.8612802575026,2514.108890450872,2520.813180825408,703864
2023-05-24,2504.4833984375,2526.5597156524213,2497.827042616192,2509.320111830684,628872
2023-05-25,2487.531005859375,2515.210052214707,2471.536532344551,2499.74239110327,1072231
2023-05-26,2540.303466796875,2544.4695638651183,2493.1339977851108,2493.7564454696626,947073
2023-05-29,2538.340087890625,2566.3544433231846,2533.3118702488837,2557.2078292285046,698267
2023-05-30,2544.326171875,2552.419161475234,2538.867010677789,2543.3204815375175,948051
2023-05-31,2554.861328125,2566.785340122466,2526.559599717562,2544.326015161811,3388305
2023-06-01,2583.92919921875,2615.870447689799,2542.3626923176466,2554.3346394466616,1541080
2023-06-02,2601.934814453125,2622.5265616155643,2577.942987854264,2595.517898149314,1509260
2023-06-05,2581.91796875,2607.0111223540453,2570.759974090992,2601.695531235555,1000190
2023-06-06,2577.464111328125,2593.506519009372,2557.351241996412,2585.9403426487465,655372
2023-06-07,2601.4560546875,2611.799863287719,2566.1628965011114,2576.362901446265,1428490
2023-06-08,2566.689453125,2606.580119044672,2561.9006745387546,2592.644726593282,923536
2023-06-09,2524.835693359375,2575.3573098116863,2509.4159658853505,2575.3573098116863,1413808
2023-06-12,2531.779296875,2544.756933572636,2521.770796423316,2533.2638649979763,775484
2023-06-13,2562.858642578125,2583.067383417122,2516.5033555537593,2518.5147362574485,1787924
2023-06-14,2584.743408203125,2587.9519835931496,2539.968325541339,2558.1656853397117,1536248
2023-06-15,2576.075439453125,2602.7010944710864,2565.0133144389006,2599.3010149971633,1830192
2023-06-16,2600.92919921875,2608.9265529246622,2569.850073207952,2576.0754853202907,1748145
2023-06-19,2590.887451171875,2618.0683805426515,2582.9214318027634,2608.992040647128,1068263
2023-06-20,2583.9833984375,2588.135195277519,2556.9472142455797,2578.0932783009616,1129279
2023-06-21,2584.46630859375,2613.6750446703195,2576.596706026891,2593.494321938956,1201840
2023-06-22,2562.982177734375,2585.8180042011663,2557.52652033868,2576.789755186764,830052
2023-06-23,2550.671142578125,2568.968799990483,2537.0080713460443,2560.037202777952,991214
2023-06-26,2560.8095703125,2582.1487031888682,2551.201880389617,2551.201880389617,758700
2023-06-27,2560.08544921875,2569.9826242005406,2545.2637319025075,2560.809632754003,687747
2023-06-28,2569.64453125,2595.087606624462,2551.057154180366,2561.630186457027,1397573
2023-06-30,2585.962890625,2593.446120889596,2560.08558617045,2574.182884968746,1160181
2023-07-03,2608.074462890625,2612.7092843648484,2567.906324429772,2594.508045057347,980665
2023-07-04,2607.060791015625,2613.53011694226,2582.921339246962,2608.0746951372757,721907
2023-07-05,2660.988037109375,2664.4156501771345,2603.2947556959543,2607.012089290555,1717547
2023-07-06,2662.1953125,2669.8232847330783,2641.4834749204756,2664.898742426724,1265020
2023-07-07,2605.226318359375,2674.3132415640666,2598.3706196797552,2658.3331128901764,1178930
2023-07-10,2565.106201171875,2618.019921030288,2559.7471962955656,2616.6196443855306,1518183
2023-07-11,2592.09423828125,2623.23412994993,2554.919483886082,2565.6374943830556,2476367
2023-07-12,2581.61767578125,2611.840316089044,2551.5400136239905,2611.840316089044,2395826
2023-07-13,2563.320068359375,2594.94275031321,2559.940545097133,2592.5288051258945,1495067
2023-07-14,2584.755615234375,2594.025258190417,2559.7955657498956,2563.6095516454707,1419016
2023-07-17,2589.390625,2610.1505531989665,2578.093408894905,2578.093408894905,912701
2023-07-18,2590.452880859375,2608.123006602585,2585.1422014999685,2593.108220539078,1215904
2023-07-19,2579.638427734375,2604.0673639525253,2569.3065539495956,2590.4045287599947,1166542
2023-07-20,2610.19873046875,2622.7995705256176,2566.6993943885773,2577.176009991206,1430764
2023-07-21,2514.364990234375,2584.224649445939,2502.7780547955067,2558.781576083369,5198952
2023-07-24,2491.432861328125,2516.248171040028,2486.3635763666007,2514.365340915972,1777469
2023-07-25,2479.7490234375,2497.5641259619474,2474.100533631907,2491.384285377096,1653775
2023-07-26,2494.377685546875,2509.3441444928712,2483.7563275852003,2490.7084420127517,1300033
2023-07-27,2481.390625,2494.0878809314668,2465.1205420124024,2472.845165724153,2276136
2023-07-28,2495.633056640625,2504.4680012708614,2476.900701521556,2481.5355231869353,966450
2023-07-31,2472.65234375,2493.991477438688,2466.086365793161,2486.411831108086,2003252
2023-08-01,2463.2861328125,2485.20470628932,2457.3960127112746,2481.535462737908,1758897
2023-08-02,2480.521484375,2484.8665852496183,2448.7057373404346,2450.6368932847095,2082908
2023-08-03,2463.47900390625,2472.893388662413,2449.8642608872333,2469.900002804196,1475310
2023-08-04,2458.361572265625,2470.8657601382306,2447.7885403806595,2463.4791827802337,1359318
2023-08-07,2480.76318359375,2485.398005576692,2451.3613778779436,2452.568350491374,803823
2023-08-08,2477.528564453125,2496.2123585090344,2467.583063268059,2480.763109518433,1002061
2023-08-09,2464.348388671875,2480.521821905937,2453.5339610597516,2477.528671227111,1212549
2023-08-10,2449.381591796875,2463.5755408226833,2440.5949737031888,2461.3065740330035,1313334
2023-08-11,2415.68310546875,2449.3333575763036,2412.979439901329,2447.740248159211,1472199
2023-08-14,2445.90576171875,2452.5681557210596,2402.4547510858965,2415.6831227312014,1060479
2023-08-16,2464.734619140625,2467.1002382103998,2437.5051296028532,2446.7747731565833,1155882
2023-08-17,2455.70654296875,2472.507507888661,2445.8093672819596,2464.7347926460725,1532873
2023-08-18,2466.810546875,2479.363061645281,2444.940298127666,2444.940298127666,1970819
2023-08-21,2474.53515625,2486.2668353036,2451.6510035327183,2466.8105318231146,977004
2023-08-22,2477.48046875,2486.3637405981644,2465.1210212610154,2485.012025480542,960025
2023-08-23,2485.446044921875,2494.5707096794754,2474.2935721128915,2486.363296854906,1136112
2023-08-24,2492.3984375,2502.5370074152543,2478.590623706143,2496.0193553268764,1143934
2023-08-25,2475.3076171875,2491.8671861824223,2463.672354725831,2478.6388142587534,802955
2023-08-28,2467.727783203125,2479.604440403827,2451.602676863441,2476.707706244477,619841
2023-08-29,2439.194580078125,2470.8172571106493,2435.2841780727017,2470.8172571106493,958564
2023-08-30,2444.79541015625,2448.706048587838,2433.256799069933,2439.195010058642,1227377
2023-08-31,2418.8212890625,2452.3751255753646,2405.3515227032617,2444.8918958494737,3235414
2023-09-01,2418.579833984375,2427.9458934851746,2413.945012413178,2418.8212284856163,813413
2023-09-04,2415.296875,2427.4632529011587,2406.2205354931134,2427.4632529011587,1143301
2023-09-05,2420.75244140625,2436.5878267652356,2415.9728773166703,2423.6008494404987,844088
2023-09-06,2436.636474609375,2439.1470721075975,2421.1388980712845,2426.9323670023946,1094146
2023-09-07,2421.138671875,2435.0431374527443,2413.9451624383005,2423.6009430880536,1894798
2023-09-08,2427.27001953125,2434.270460019667,2415.441689050821,2417.8073079995434,1018234
2023-09-11,2448.947265625,2451.505953096227,2422.683590495381,2427.270086113604,1121083
2023-09-12,2412.8349609375,2461.2586089890956,2402.358344121173,2461.2586089890956,3946716
2023-09-13,2420.269775390625,2422.6353945312617,2406.2205672267455,2408.151723380218,1231305
2023-09-14,2414.71728515625,2427.462866424485,2407.2823823945128,2424.5661326936684,2081195
2023-09-15,2384.68798828125,2404.289269229967,2381.115396755461,2389.6125304768107,3750697
2023-09-18,2402.985595703125,2407.1376282510028,2377.253036294662,2386.281284890508,1499641
2023-09-20,2381.936279296875,2394.6335362123027,2360.838304854468,2365.3281484401355,1795159
2023-09-21,2388.212646484375,2397.5303806929373,2358.8106052601493,2381.1155532778025,2223720
2023-09-22,2396.99951171875,2404.2896741431427,2373.391172306765,2383.046954130633,1176741
2023-09-25,2390.626708984375,2413.655605957496,2375.3222013193463,2396.9993832043424,1122778
2023-09-26,2393.61962890625,2403.3237353304617,2376.528944789915,2388.840064768004,1263548
2023-09-27,2415.634765625,2418.5798256773924,2384.0120860710003,2390.771132082542,1086791
2023-09-28,2375.66015625,2414.9108114496375,2368.7561314404975,2413.9452333562954,1612346
2023-09-29,2380.7294921875,2387.681607460973,2366.1491683712743,2380.681166134431,1249567
2023-10-03,2383.91552734375,2412.9795206264175,2377.0600647056344,2404.2893182712205,1585626
2023-10-04,2421.52490234375,2424.6147048228618,2380.2945328010114,2382.129272458822,1587335
2023-10-05,2432.822021484375,2437.891305826924,2409.455081757511,2431.3253284834987,1909928
2023-10-06,2413.36572265625,2433.256725100615,2408.151695397196,2433.2083990499727,1083342
2023-10-09,2424.85595703125,2429.876915232273,2395.5988979500376,2399.4612097564864,1468771
2023-10-10,2429.587158203125,2434.0772370527566,2417.1796231533713,2425.724846454694,1092373
2023-10-11,2468.4033203125,2475.6934808146884,2429.6354608063743,2431.663268749457,1697398
2023-10-12,2468.98291015625,2479.169805055724,2451.795574858406,2467.051754184286,1625010
2023-10-13,2481.00439453125,2488.004835171142,2455.1751825150977,2465.1690093095335,1531977
2023-10-16,2470.238525390625,2493.122679444978,2464.734777312263,2471.8799610298774,954899
2023-10-17,2468.162109375,2481.5354589641443,2458.7960499262726,2470.238243516223,1253538
2023-10-18,2460.5341796875,2482.74247405925,2452.1336980942456,2481.5838275872184,1084689
2023-10-19,2460.3896484375,2466.4726018719275,2438.0847000551307,2438.0847000551307,1272343
2023-10-20,2409.261962890625,2455.9960816758758,2399.509766085493,2433.256671585715,3608160
2023-10-23,2398.012939453125,2423.552430154981,2394.9714630777166,2408.151508353571,922707
2023-10-25,2392.026611328125,2404.2894057280455,2380.149953863306,2389.8540606602983,1435836
2023-10-26,2391.1572265625,2404.2891814466525,2371.121483383778,2376.2874198956674,2650560
2023-10-27,2396.613037109375,2409.1172256623413,2379.0395638130312,2382.3707609256,1784812
2023-10-30,2393.5712890625,2406.2204555755443,2377.639251535615,2385.9433169049635,875135
2023-10-31,2398.49560546875,2406.2202289968295,2382.853289971749,2385.170582735452,920414
2023-11-01,2387.150390625,2408.1033876586675,2381.8880372752865,2399.461511053949,1267131
2023-11-02,2418.810546875,2427.758969944138,2395.953040547401,2407.3331132258577,1595123
2023-11-03,2440.646728515625,2443.8078730279994,2417.837902527187,2428.731645353598,1125583
2023-11-06,2429.12060546875,2448.9143283297567,2422.9930384089157,2446.2395137520957,1338677
2023-11-07,2428.1962890625,2436.707061537359,2417.3025477878305,2427.7586396855145,1473411
2023-11-08,2450.470703125,2455.966136324918,2429.4124747637725,2429.7043202137206,745022
2023-11-09,2408.986572265625,2453.048110401601,2405.4364588447343,2451.151471211457,1823094
2023-11-10,2418.567138671875,2420.5611386441306,2397.946799551852,2409.2781906053356,771062
2023-11-13,2410.396728515625,2419.199346980145,2403.4423061046637,2409.4727492217285,760809
2023-11-15,2418.421142578125,2434.616070130559,2408.305576017346,2433.497368922337,1457029
2023-11-16,2423.08984375,2437.2907706294245,2407.6733296879434,2412.3905868442216,1420578
2023-11-17,2459.662109375,2464.233562866837,2397.6063676600565,2397.6063676600565,1756043
2023-11-20,2437.923095703125,2465.2062504462365,2431.6494875184812,2465.1575699633318,944231
2023-11-21,2436.755859375,2448.1846115345274,2429.704076127632,2436.5126944354356,1088806
2023-11-22,2452.95068359375,2455.2365291370456,2435.540167954506,2439.1876422475693,816610
2023-11-23,2451.00537109375,2458.6408456223944,2437.6799791308563,2437.6799791308563,1023670
2023-11-24,2446.433837890625,2450.9081678772363,2438.8957245748948,2446.336714391818,735137
2023-11-28,2441.9111328125,2462.5314732856355,2431.649524326687,2462.5314732856355,1880641
2023-11-29,2456.0146484375,2459.5160811994792,2439.5281125022043,2443.3213906941237,1265214
2023-11-30,2475.9541015625,2484.6593589283843,2447.357762115928,2447.357762115928,3095684
2023-12-01,2493.55908203125,2511.3588030131473,2472.50109335464,2477.8507219987982,1345599
2023-12-04,2531.15234375,2537.085425344322,2504.5986868775285,2506.544006245977,2188039
2023-12-05,2493.17041015625,2564.904075522103,2486.4104715573035,2564.904075522103,3108717
2023-12-06,2497.44970703125,2513.0609434802104,2492.926934189235,2499.735552425413,1573754
2023-12-07,2449.400634765625,2489.8146984900973,2430.2879639530115,2481.352605400523,3925967
2023-12-08,2453.339599609375,2464.6709900856126,2439.722363860405,2450.129775118254,1605805
2023-12-11,2435.199462890625,2460.7804615439477,2430.6766900862513,2453.3397095197824,2012243
2023-12-12,2434.324462890625,2449.1575257451177,2428.7316686995864,2431.6496482775196,1677929
2023-12-13,2443.22412109375,2447.8929357500824,2429.7529249878,2439.2850387724416,1513205
2023-12-14,2447.552490234375,2455.7714177406647,2432.8165523417165,2452.415789050613,2166569
2023-12-15,2453.92333984375,2462.7746391017126,2438.4581438499185,2451.1027213808516,2543337
2023-12-18,2466.178955078125,2474.9328933923443,2446.239428917959,2451.2485319670077,1969036
2023-12-19,2490.68994140625,2496.769065251535,2465.6926316475933,2465.7413121315103,1656220
2023-12-20,2487.57763671875,2502.6051843330424,2477.3647080049486,2502.6051843330424,1468642
2023-12-21,2483.39501953125,2509.4623503536604,2466.665318022048,2472.744441932788,1945695
2023-12-22,2505.182861328125,2509.219304810639,2477.170209521159,2489.231096947733,1174984
2023-12-26,2514.08251953125,2520.793777435842,2496.866487869477,2505.1827769883193,893776
2023-12-27,2536.98876953125,2540.587563533143,2510.3377467911314,2515.298407081435,1073278
2023-12-28,2561.791259765625,2567.821702634722,2535.5781273777134,2542.3867455286386,1635216
2023-12-29,2591.116943359375,2594.180964110267,2549.5844187286502,2561.791346319102,1305681
2024-01-01,2582.168701171875,2596.4180727915214,2565.87664890909,2591.0200006711034,526353
2024-01-02,2542.338134765625,2581.3903292444625,2535.7240008873423,2575.6030511506265,1310629
2024-01-03,2535.286376953125,2556.733572425251,2524.587119457946,2527.94274817919,1008270
2024-01-04,2521.669189453125,2551.2866326053518,2517.2922203922312,2535.286426531461,1376844
2024-01-05,2548.417236328125,2557.9977924269497,2524.0520619937615,2524.0520619937615,1150738
2024-01-08,2507.76025390625,2554.204761663071,2496.3315006886032,2553.1834213291886,1189828
2024-01-09,2509.218994140625,2518.2160968427474,2501.243231670814,2511.942488938203,1017205
2024-01-10,2506.933349609375,2523.3714432076704,2494.8724627096826,2509.4623601524295,881278
2024-01-11,2466.85986328125,2518.216350837844,2462.6289354145847,2509.462412190667,2399600
2024-01-12,2474.44677734375,2485.1460362080506,2443.1758566494073,2464.2338484278266,2979841
2024-01-15,2502.848388671875,2508.2466985701,2461.802188688676,2476.392087080746,1391204
2024-01-16,2498.860595703125,2513.936823861278,2486.459182218193,2502.848358736452,1599406
2024-01-17,2492.82958984375,2501.0487547419557,2470.3126115131804,2479.309714242385,3047652
2024-01-18,2478.337158203125,2499.7356736978145,2468.1729108363015,2499.7356736978145,1273095
2024-01-19,2495.261474609375,2503.5777637880556,2462.7747307306004,2494.872505657184,1323064
2024-01-23,2310.60205078125,2412.6826499783715,2300.7780917494733,2383.9891856871554,4369332
2024-01-24,2374.89453125,2379.028335096376,2302.4313814723478,2322.7114317991063,1551469
2024-01-25,2361.90966796875,2400.5242117258076,2354.031029175731,2387.6851507931965,2364765
2024-01-29,2377.569580078125,2382.0439102572427,2344.110177100839,2344.110177100839,1587091
2024-01-30,2391.43017578125,2426.3488087821747,2380.3906283604933,2386.907402218133,1793711
2024-01-31,2413.7041015625,2417.9350294363176,2374.992191986387,2383.016635759864,1445004
2024-02-01,2405.971435546875,2442.8838283732025,2400.8649714710573,2407.430425282823,1727534
2024-02-02,2385.545654296875,2418.9076973358888,2375.235364852153,2409.278459761991,1956115
2024-02-05,2353.350341796875,2397.363196918309,2346.7848882704734,2396.633702082042,1315445
2024-02-06,2360.01318359375,2374.6030804878965,2351.9400598191687,2358.651317404168,1557511
2024-02-07,2359.1376953125,2373.192582113411,2345.61781890175,2373.192582113411,1149076
2024-02-08,2350.96728515625,2375.040613855351,2333.4107292582994,2375.040613855351,1758661
2024-02-09,2357.873046875,2362.0555313089367,2340.3167282938484,2350.967305103393,886474
2024-02-12,2320.425537109375,2363.417286170117,2316.875424161925,2357.824492849827,1292460
2024-02-13,2328.54736328125,2335.3073008235233,2315.0274881967025,2324.656724411941,957865
2024-02-14,2322.662841796875,2328.5474808770396,2305.2036464822822,2319.7935429790055,1397975
2024-02-15,2286.577392578125,2319.501784426025,2282.589392400023,2303.5989391284606,2553695
2024-02-16,2310.310302734375,2316.8757567048865,2293.1429514126107,2305.155158049558,2363302
2024-02-19,2321.884765625,2329.4715596203723,2308.8998996679766,2324.1706111600542,576683
2024-02-20,2338.37158203125,2342.602509793722,2303.4529518079653,2305.3011479563247,1032995
2024-02-21,2341.28955078125,2356.5602624821377,2328.644973104654,2338.37157131742,1127778
2024-02-22,2322.80908203125,2354.1286816981146,2301.070039404363,2354.1286816981146,2258516
2024-02-23,2328.644775390625,2339.73300142542,2318.7721365634397,2323.246466347729,1210775
2024-02-26,2338.51708984375,2340.754254652753,2314.9300920570345,2325.726709741583,831596
2024-02-27,2339.538818359375,2343.0889318766403,2323.8302190763898,2338.3229935293816,1120424
2024-02-28,2355.34423828125,2358.6998668873816,2335.3560331532385,2345.17999150266,629152
2024-02-29,2346.34716796875,2362.396053881716,2331.7085912034686,2358.6998993298203,2848084
2024-03-01,2343.818115234375,2372.1226085007,2338.2740022396865,2350.869898311013,2326244
2024-03-04,2355.781982421875,2361.5205801260263,2338.663075341999,2350.140508216068,1501261
2024-03-05,2334.237548828125,2353.8365474080515,2325.7267761877033,2339.246651453043,1587199
2024-03-06,2335.161865234375,2342.99182468722,2310.359038529776,2338.2743293276767,1354111
2024-03-07,2353.399169921875,2359.6727784141976,2337.30160203187,2339.198241231998,1820704
2024-03-11,2324.510986328125,2347.0279644361844,2318.3831824421227,2343.137325456597,2040761
2024-03-12,2313.130859375,2319.7936741381855,2296.2553539524547,2314.9303750309778,1012157
2024-03-13,2249.373046875,2310.0669206674966,2240.862274009383,2310.0669206674966,2322669
2024-03-14,2270.771484375,2277.67722592907,2238.9168784457274,2241.834857614821,2292515
2024-03-15,2264.060302734375,2273.0574064159514,2252.5828689230993,2266.3461483857386,2751403
2024-03-18,2237.068603515625,2261.433776210526,2234.1993049271305,2257.3486530111654,2487402
2024-03-19,2204.97119140625,2240.9109252392514,2185.420870972167,2220.825594396467,4220638
2024-03-20,2180.65478515625,2203.5122924901607,2178.7581458706372,2188.4847447361312,2995013
2024-03-21,2181.0439453125,2197.3844410871798,2172.922140445826,2172.922140445826,3504486
2024-03-22,2194.85546875,2204.0470561556426,2171.025304197567,2177.8339226411194,3507809
2024-03-26,2178.758056640625,2197.384397718896,2170.9767778669084,2171.0741388378933,3027027
2024-03-27,2178.46630859375,2201.1293315286307,2174.867514493159,2188.484752955996,2168861
2024-03-28,2202.442138671875,2225.3480851749923,2178.8551403900833,2183.6210780462884,3186360
2024-04-01,2223.40283203125,2232.2541307604383,2200.1563589455823,2207.937636961305,1427873
2024-04-02,2224.180908203125,2235.172010403656,2214.794837001263,2235.172010403656,1221495
2024-04-03,2203.26904296875,2219.4639719377974,2199.232599580784,2219.4639719377974,1175309
2024-04-04,2203.025634765625,2219.6095308569847,2187.754924312039,2207.93761395502,1890255
2024-04-05,2204.97119140625,2218.1507798187417,2196.363294244678,2203.0258717133593,1153449
2024-04-08,2206.91650390625,2226.369700771755,2205.214349180518,2214.7464631377725,1127294
2024-04-09,2202.247314453125,2212.411798058491,2194.0770681460926,2208.9101282321963,1189343
2024-04-10,2199.08642578125,2214.6489824322657,2195.9739619442007,2214.6489824322657,2308993
2024-04-12,2171.2685546875,2202.9286791905442,2167.6697608615586,2199.0864829448346,3388551
2024-04-15,2134.064208984375,2166.8427956345895,2130.124889435417,2166.794115153093,4909564
2024-04-16,2160.0830078125,2170.2472555892186,2112.6658408836597,2123.3164185775972,2821129
2024-04-18,2154.246826171875,2176.5206390922654,2148.654032701854,2154.489991105354,3392171
2024-04-19,2170.587646484375,2182.405367751296,2135.9608635462264,2159.304698120502,2337694
2024-04-22,2180.217041015625,2191.937639632689,2168.1074734471513,2188.48464969224,1804108
2024-04-23,2200.885986328125,2211.3420792915663,2187.2200684967047,2191.4025531752363,1991778
2024-04-24,2198.454345703125,2206.3329851868116,2184.2534174252473,2204.0958201203275,1404398
2024-04-25,2169.8583984375,2178.6123373984615,2154.5390052558178,2176.861502113111,4951866
2024-04-26,2161.882080078125,2193.347717710969,2157.942998096527,2183.621120293182,2307512
2024-04-29,2165.23779296875,2172.9217093988595,2159.304473977381,2172.9217093988595,1395292
2024-04-30,2169.468994140625,2179.001107633022,2164.1680457464454,2171.025344800279,2119102
2024-05-02,2165.4326171875,2181.8704732535334,2144.7635958938718,2144.7635958938718,2140383
2024-05-03,2156.435302734375,2174.526631240009,2143.742045759752,2170.97651821042,2595307
2024-05-06,2194.514892578125,2199.6700367747508,2151.5233788838154,2164.1679557036573,1619256
2024-05-07,2314.3466796875,2324.2679998196877,2197.2385323981416,2204.0471511350993,8277810
2024-05-08,2277.045166015625,2307.392102866208,2261.433929461032,2301.7019483154536,1813439
2024-05-09,2262.066162109375,2297.5198016858176,2256.035718860589,2276.6076160484445,1558987
2024-05-10,2297.95751953125,2306.17644756823,2257.5434562656524,2257.5434562656524,2610266
2024-05-13,2296.109130859375,2316.5349854938017,2283.7077191170442,2309.0942334347064,1170617
2024-05-14,2285.361572265625,2307.4409023406693,2282.5893968357313,2296.060830118056,689430
2024-05-15,2259.780517578125,2291.3919604730427,2254.2848473338563,2285.3128368394046,812282
2024-05-16,2279.087890625,2283.902746977836,2238.430897831461,2273.106127381365,1880021
2024-05-17,2256.9111328125,2287.5983577744582,2251.804669154609,2287.5983577744582,1264582
2024-05-21,2247.52490234375,2261.2395002048133,2238.8196448206572,2243.9261086570027,1663959
2024-05-22,2302.1884765625,2309.0944564015717,2247.52504113663,2247.816886581311,1914851
2024-05-23,2317.362060546875,2321.544545337136,2290.613915042137,2302.188472110602,1614718
2024-05-24,2304.27978515625,2318.091507053701,2300.0486199692964,2313.471372926562,974100
2024-05-27,2319.30712890625,2334.334674259231,2297.908614821143,2304.2795835532693,1116934
2024-05-28,2330.444091796875,2343.1373490889523,2313.519907051279,2324.656813749521,1631747
2024-05-29,2308.510986328125,2329.5205358338667,2304.620346602306,2316.0977812866317,1592495
2024-05-30,2287.112060546875,2307.5865959510475,2270.236556220811,2303.2583075200173,1837380
2024-05-31,2265.373291015625,2312.449929026244,2254.236384111778,2288.6684450777684,5529186
2024-06-03,2291.489013671875,2322.176476326182,2280.2063030334416,2315.902868421887,1207445
2024-06-04,2428.05078125,2441.424853913204,2278.066682949259,2309.0944365415808,7826048
2024-06-05,2531.59033203125,2649.4766540481082,2455.9660314586135,2464.2823203652224,11061076
2024-06-06,2479.8935546875,2528.915514285807,2449.1574096044856,2528.915514285807,4102547
2024-06-07,2507.322509765625,2525.5112007488824,2455.966024221424,2485.437664005236,3974253
2024-06-10,2495.212890625,2522.738972746475,2476.391828676832,2508.4896017900824,1449122
2024-06-11,2486.458984375,2506.252468902425,2481.547004872765,2495.8450564951518,1402423
2024-06-12,2459.56494140625,2497.790521411665,2448.1848685331624,2497.790521411665,1754677
2024-06-13,2419.393798828125,2437.290880941813,2379.563429037487,2419.928809190779,3123098
2024-06-14,2435.451904296875,2465.554278741718,2426.268836188285,2428.8224858659833,1729552
2024-06-18,2441.835693359375,2453.375791658811,2428.9696155138145,2435.599033685831,1820933
2024-06-19,2413.1083984375,2450.429570248906,2407.7066498858494,2450.429570248906,986976
2024-06-20,2437.858154296875,2445.518863753654,2402.9431683464563,2413.108372788244,2163310
2024-06-21,2397.688720703125,2433.733064788318,2383.2022143650993,2430.7866567195674,3646215
2024-06-24,2398.57275390625,2423.764688932538,2383.693487788575,2391.501421887744,1945519
2024-06-25,2388.751220703125,2402.992193236451,2384.5279877891053,2395.7736372336935,833789
2024-06-26,2401.912109375,2422.929725717163,2388.9477212080246,2393.4656431182516,1738656
2024-06-27,2418.166015625,2438.8400260315007,2392.483255570718,2406.184004583337,3402726
2024-06-28,2428.87158203125,2446.0098079758823,2418.853842377654,2419.0010668719524,2129791
2024-07-01,2460.34912109375,2477.9292605222354,2406.331638204839,2417.085980024133,3312865
2024-07-02,2440.75537109375,2470.072228846859,2435.0591736816905,2470.072228846859,1305210
2024-07-03,2465.50537109375,2474.835663727936,2430.0993179313177,2442.228554488172,1406405
2024-07-04,2451.362548828125,2491.5320591527643,2448.366985769718,2470.1214442344644,1977010
2024-07-05,2501.500732421875,2508.3756853574673,2451.3626348428697,2451.3626348428697,1754286
2024-07-08,2540.93310546875,2548.6429691290887,2490.942478016821,2514.268208466461,2818809
2024-07-09,2543.879638671875,2567.303679787476,2522.1254206940466,2540.9332304701293,1479529
2024-07-10,2563.81689453125,2579.0891574139137,2527.035948981721,2534.8930370469575,1764036
2024-07-11,2562.24560546875,2570.2990727316146,2543.7814006699627,2570.2499179756405,1432671
2024-07-12,2575.40625,2592.348096815712,2554.535858995138,2554.535858995138,1912642
2024-07-15,2573.4912109375,2582.2812808722165,2566.9598621567984,2581.0536107757666,920101
2024-07-16,2640.423583984375,2676.3207041370097,2577.6651870541323,2579.0400815959115,3298003
2024-07-18,2689.481201171875,2702.0525902768263,2607.571152409052,2651.7672736363243,5569762
2024-07-19,2678.284912109375,2693.9990883447067,2667.432261190989,2690.070544285874,1668862
2024-07-22,2686.436767578125,2700.8249647028024,2657.3162900225357,2657.3654447805693,1911629
2024-07-23,2716.932373046875,2761.0793440355483,2683.195901145268,2696.945806934446,3906259
2024-07-24,2668.5126953125,2708.190894225391,2627.3121376274585,2698.9097568819298,3611927
2024-07-25,2658.838623046875,2676.17346791298,2622.303210541262,2668.512758892616,2166670
2024-07-26,2662.6201171875,2678.285139999141,2639.245230092663,2675.3387317043125,2135309
2024-07-29,2663.16015625,2671.4100029945853,2644.6959509205003,2662.7671579702123,957011
2024-07-30,2643.32080078125,2705.1464553552396,2637.4279846334616,2667.0886844007723,1560399
2024-07-31,2657.31640625,2661.24495059559,2627.263185873823,2656.6781137055686,1751085
2024-08-01,2667.03955078125,2676.271533574232,2647.0529866098764,2665.517191975145,1886392
2024-08-02,2644.450439453125,2710.2043993005514,2633.253944742263,2663.5529374535586,1738872
2024-08-05,2667.38330078125,2693.01714854455,2618.5711852496356,2628.1470120907406,3118731
2024-08-06,2700.923095703125,2722.2353984812953,2660.262522324546,2671.50817110211,2296031
2024-08-07,2695.030517578125,2732.1553087973107,2686.633206265082,2732.007844519948,1713875
2024-08-08,2684.374267578125,2709.9589602433616,2671.802877884067,2704.802745858555,1464161
2024-08-09,2698.1240234375,2708.731140398547,2670.035077161717,2706.7668683605493,1284031
2024-08-12,2699.597412109375,2714.0347646202626,2673.767185087147,2689.0886039431816,1297178
2024-08-13,2692.427734375,2708.3874455598543,2681.3297885745224,2693.017111930474,1051237
2024-08-14,2673.423583984375,2693.5573737709637,2658.2496293937606,2692.0350148800167,946995
2024-08-16,2699.1552734375,2704.4097969714844,2662.276018525367,2688.990069882707,1727926
2024-08-19,2693.55712890625,2710.449820113705,2688.1553809179813,2700.9231488902533,1130327
2024-08-20,2701.905517578125,2707.012577250998,2686.1913402589353,2693.5573608773057,1097889
2024-08-21,2741.337890625,2745.168364802286,2693.949829742037,2700.3828683462557,1417729
2024-08-22,2742.90966796875,2759.8023604397786,2732.4008599613726,2752.878253181033,1552947
2024-08-23,2765.30224609375,2770.6056846368474,2721.8427276445545,2749.195071659689,2111401
2024-08-26,2770.753173828125,2784.306700018897,2753.5168770267546,2765.3025102745005,1152244
2024-08-27,2717.47216796875,2773.6505424131697,2710.2536117967543,2758.8201919983567,1357212
2024-08-28,2714.968017578125,2732.05708976631,2696.700190249248,2710.6956296414182,1723549
2024-08-29,2735.494384765625,2759.802251572177,2695.9634094539592,2720.4676555111682,2129934
2024-08-30,2728.3740234375,2765.989883163578,2710.7938835610585,2745.757784054295,4029712
2024-09-02,2739.2265625,2758.7218189707755,2729.3560473703096,2744.0880879282636,957950
2024-09-03,2744.3828125,2777.431594671127,2725.4275387789367,2730.338219028989,2022116
2024-09-04,2790.494140625,2793.047790347769,2722.137373463823,2730.3383056533216,1640986
2024-09-05,2787.743896484375,2803.998295329095,2773.208235649051,2789.315410004685,1945173
2024-09-06,2788.235107421875,2815.2438489540923,2777.579075084932,2777.579075084932,1672730
2024-09-09,2869.60498046875,2885.711914775806,2792.4089958255954,2802.1322859837724,3342754
2024-09-10,2846.819580078125,2885.1228850813986,2835.9177742808565,2881.5870994770676,1536584
2024-09-11,2852.270263671875,2897.301296686332,2846.32853249703,2859.587368939493,1913665
2024-09-12,2903.5869140625,2910.461866392976,2842.4980998818455,2858.99803343085,2454564
2024-09-13,2880.555908203125,2903.5869508461233,2866.3640900970026,2903.5869508461233,1902001
2024-09-16,2815.88232421875,2858.015864243818,2757.248611056695,2858.015864243818,1489057
2024-09-17,2822.16796875,2861.8461696670556,2809.007441456139,2815.8823938769674,1098661
2024-09-18,2824.47607421875,2841.859834464301,2810.5787051505986,2822.659026602358,464796
2024-09-19,2859.734619140625,2881.881834834658,2822.0206910547518,2824.8687896636807,1713010
2024-09-20,2924.408447265625,2935.9485460459878,2843.6766707829556,2872.551615003111,3641632
2024-09-23,2974.4482421875,2980.78297188193,2916.894972584743,2926.765488042224,1300470
2024-09-24,2897.841552734375,2966.0508530379457,2893.4710952942037,2966.0508530379457,1929308
2024-09-25,2896.27001953125,2907.4665142251797,2853.2034981588977,2897.8415331028104,1055354
2024-09-26,2932.756591796875,2939.3860102179674,2888.6585387282416,2898.3818296134314,1902889
2024-09-27,2913.26123046875,2975.872407356195,2900.002393010232,2932.7567281250404,2977081
2024-09-30,2905.453125,2944.3455687168207,2890.033636969115,2911.247631783933,1627702
2024-10-01,2871.520263671875,2909.774414696781,2839.7480666811316,2909.774414696781,1184642
2024-10-03,2841.663330078125,2870.8818764746725,2809.989443648254,2856.788128771677,1233447
2024-10-04,2797.860107421875,2861.9444854856847,2766.7264422034423,2839.3553560532305,2456486
2024-10-07,2782.7841796875,2815.2438239970547,2774.5834875625483,2794.1770537445436,1280975
2024-10-08,2768.445068359375,2834.444561119818,2748.704038394117,2793.1948481721283,1761488
2024-10-09,2719.485595703125,2775.3692813913285,2711.3829732071654,2772.9628562205944,1476282
2024-10-10,2705.489990234375,2737.605789466529,2684.374066242256,2720.516718984626,2065078
2024-10-11,2733.48095703125,2740.159530006482,2688.155475054155,2715.409749949381,679307
2024-10-14,2739.27587890625,2754.597058123063,2715.606303101306,2741.731219144135,874010
2024-10-15,2731.76220703125,2749.2934310421715,2715.8516513340555,2743.2042356246407,1082666
2024-10-16,2731.56591796875,2747.5747837090225,2706.3742239313874,2739.324696934132,1170797
2024-10-17,2689.726806640625,2732.3025004657898,2674.7983865853153,2729.798005573843,1368242
2024-10-18,2668.56201171875,2691.052831810109,2645.3343497955743,2689.7268522038785,1137277
2024-10-21,2645.4326171875,2689.0885168481095,2632.56653896361,2666.4993875977416,792345
2024-10-22,2633.794189453125,2661.588687540871,2625.9862558348354,2637.1335958807244,1272253
2024-10-23,2611.79443359375,2644.9415251273413,2574.1785750975464,2574.1785750975464,1431962
2024-10-24,2460.34912109375,2599.714131035417,2408.786978336153,2599.714131035417,9216267
2024-10-25,2482.888916015625,2494.625393038827,2455.438263288241,2457.598914491708,2761166
2024-10-28,2529.7861328125,2543.3396585115966,2475.0812017612525,2498.5541578830985,852829
2024-10-29,2502.138916015625,2539.509242229427,2490.697126468615,2539.509242229427,1695654
2024-10-30,2509.30859375,2517.5095261392507,2488.143512729394,2511.322020721304,1200637
2024-10-31,2483.08544921875,2517.705744713642,2479.0096805544786,2509.30843359519,1901355
2024-11-01,2492.17041015625,2500.46941243322,2466.4876464716904,2498.505140188762,118532
2024-11-04,2479.697265625,2501.500639022215,2458.7777188033433,2501.500639022215,1097260
2024-11-05,2476.308837890625,2485.049752867358,2462.215089591332,2474.982858304809,702046
2024-11-06,2474.67578125,2495.853221668339,2469.0351480693835,2489.0248833129285,1219166
2024-11-07,2449.738037109375,2483.779947529222,2440.4359574015994,2474.6757381471616,1322446
2024-11-08,2481.60302734375,2489.0745049500374,2441.6235553523775,2458.1001868735925,1700877
2024-11-11,2465.12646484375,2488.7281203430734,2449.2929718731634,2482.889616450141,1175577
2024-11-12,2435.8837890625,2470.9648215153247,2430.4410261781436,2469.0351629944903,1624222
2024-11-13,2439.2978515625,2447.0662552732297,2424.899221347026,2436.4776557387972,1262017
2024-11-14,2364.336181640625,2439.05047318676,2358.8934186803103,2434.795173825076,2443393
2024-11-18,2397.685546875,2399.7637894769937,2351.0263187010178,2376.1618922683506,1374215
2024-11-19,2385.26611328125,2414.8053259236217,2380.0707488788325,2406.5916538817232,1133370
2024-11-21,2358.0029296875,2399.516319706179,2351.372702992728,2399.516319706179,1291829
2024-11-22,2419.802978515625,2426.581789153276,2353.10448779154,2366.0680148563506,1696471
2024-11-25,2445.730224609375,2479.6237939099196,2432.024502859471,2444.295362696197,4368045
2024-11-26,2453.399658203125,2468.9857526601027,2434.795255864652,2460.3763392800433,982442
2024-11-27,2461.019287109375,2467.006374422353,2432.4201396340313,2449.3915667510755,948232
2024-11-28,2436.576416015625,2512.7255671638522,2427.670076896536,2460.12878333942,2540530
2024-11-29,2470.173095703125,2481.405075736755,2429.550486048264,2429.550486048264,1795164
2024-12-02,2453.35009765625,2464.582078089157,2434.943807501786,2459.1393150176896,1006993
2024-12-03,2457.01171875,2465.522075813993,2440.336975702657,2454.191281323029,1641588
2024-12-04,2438.8525390625,2467.05594639189,2430.985321127442,2455.2798834802848,1321495
2024-12-05,2468.639404296875,2488.8270098441144,2424.552976935717,2439.9412002072213,2071795
2024-12-06,2457.951904296875,2469.827023981118,2449.2434348751112,2469.0353010155163,1308086
2024-12-09,2375.76611328125,2451.1730743675053,2358.4977585285465,2439.347482760921,3385021
2024-12-10,2372.401611328125,2387.888649943694,2363.445743579217,2383.6333504033364,2063838
2024-12-11,2376.35986328125,2384.276609333733,2360.1799168965213,2379.9717820277288,1718225
2024-12-12,2320.546630859375,2374.9742593183464,2313.669006128633,2360.2294166121537,3231056
2024-12-13,2365.22705078125,2369.630692660808,2309.166445191151,2320.546768178735,2260902
2024-12-16,2341.526123046875,2368.096800165089,2338.409000748059,2365.424946537542,1247552
2024-12-17,2338.65625,2355.2319369512325,2328.8593734568494,2328.8593734568494,2131569
2024-12-18,2334.6484375,2358.2008060821568,2325.5937555517817,2325.5937555517817,988403
2024-12-19,2335.291748046875,2362.1095803961302,2311.689852188291,2322.5753780333557,1655915
2024-12-20,2309.611572265625,2348.7995613125745,2300.457834771569,2327.6223625608864,2069691
2024-12-23,2314.5595703125,2327.275940294781,2291.1557864430706,2312.679439765665,1066199
2024-12-24,2311.24462890625,2332.4218284168865,2306.840987138842,2306.840987138842,683646
2024-12-26,2308.4736328125,2317.4790279450567,2300.507358902917,2307.9788361920278,1033769
2024-12-27,2316.88525390625,2321.2393676740503,2304.020541337844,2318.6170421366123,556816
2024-12-30,2319.11181640625,2334.598854362723,2300.804341004707,2317.1326298763533,924180
2024-12-31,2302.63525390625,2328.1665676239545,2299.0726214061433,2315.6483090887227,1878762
2025-01-01,2297.9345703125,2312.8277553663065,2296.1037261697165,2300.804294082358,559893
2025-01-02,2345.3359375,2354.8854154578744,2291.403106869726,2305.7522085970463,1650744
2025-01-03,2381.208740234375,2389.471940450842,2340.1901486446577,2357.062761752587,1274239
2025-01-06,2351.471435546875,2393.776547042249,2337.0728054196943,2392.836481773446,900419
2025-01-07,2365.919677734375,2377.250472545056,2350.5314538089888,2352.4115844134094,922768
2025-01-08,2376.013427734375,2383.930173849275,2343.356850010412,2366.11749509075,953351
2025-01-09,2410.055419921875,2447.907363548585,2361.565348347788,2380.02140830482,2425267
2025-01-10,2416.63623046875,2430.441007906215,2388.680221318363,2410.055290434463,1651911
2025-01-13,2425.4931640625,2434.894300357316,2383.9797736911664,2391.8965200446955,2595013
2025-01-14,2343.307373046875,2442.316229621998,2339.4975838560817,2439.3474497642724,2052741
2025-01-15,2348.304931640625,2360.0809954248093,2325.643341413943,2349.195468982312,1215150
2025-01-16,2320.59619140625,2355.2319554570895,2301.84344747585,2352.21364769839,2762596
2025-01-17,2329.50244140625,2354.5391982086353,2318.616915979118,2325.5440685236567,1333005
2025-01-20,2320.794189453125,2343.356965310731,2311.343524993478,2331.9271142249772,1382273
2025-01-21,2316.14306640625,2352.5601473447987,2308.176792200955,2329.007779016069,1842885
2025-01-22,2318.5673828125,2337.4191819436696,2307.9292557143226,2318.1716421650885,2658047
2025-01-23,2297.53857421875,2316.934698339336,2230.3948179256267,2290.908347838724,3408925
2025-01-24,2343.455810546875,2356.023596172511,2298.825059501607,2308.572649398605,1688664
2025-01-27,2367.9482421875,2384.622743048428,2336.577943713409,2340.387974264966,2477358
2025-01-28,2363.989990234375,2381.951011525101,2354.6876684948897,2376.0134518785903,1892156
2025-01-29,2359.140869140625,2371.065516573595,2339.398531377286,2360.3283327655017,699576
2025-01-30,2383.682861328125,2399.7637524528086,2359.190427153607,2359.190427153607,1419960
2025-01-31,2443.10791015625,2453.201713177294,2376.508234850856,2376.508234850856,2116148
2025-02-01,2479.97021484375,2574.9216389516737,2409.8079083919974,2449.243296082011,2970999
2025-02-03,2416.537109375,2493.7749083279155,2391.3520103073047,2478.9310100640587,2528480
2025-02-04,2412.677978515625,2424.503570057758,2377.84434289029,2424.503570057758,1992474
2025-02-05,2366.1669921875,2427.4722457945336,2362.159091199165,2427.4722457945336,1357416
2025-02-06,2348.0078125,2383.8805671485966,2335.736953067065,2375.023756044994,1132113
2025-02-07,2339.250244140625,2357.161738104356,2311.7890297686713,2355.232079468475,855602
2025-02-10,2336.875,2373.0446826616367,2327.5729198188596,2346.226608165067,1326354
2025-02-11,2291.15576171875,2353.203209893645,2272.650416347278,2346.325585157178,1389260
2025-02-12,2308.226318359375,2315.5492119684354,2281.1115592123997,2301.4970357565,1341909
2025-02-13,2297.3408203125,2321.1901152163214,2289.2757316474745,2305.8514192374955,1334967
2025-02-14,2294.2236328125,2341.3776550495886,2289.324952891613,2297.8355515744483,1135380
2025-02-17,2305.158447265625,2311.6898594330996,2276.0645020103293,2294.2236350032917,1409168
2025-02-18,2272.106201171875,2314.213444117236,2264.1894548263285,2305.158520524562,1035705
2025-02-19,2226.980712890625,2281.7052718607365,2224.6057855602485,2274.8276465999206,1521343
2025-02-20,2224.6552734375,2230.988573937607,2203.3294894349083,2226.980672739916,2206196
2025-02-21,2218.321533203125,2230.097837418587,2203.230236678196,2224.655074737465,1781509
2025-02-24,2218.123779296875,2227.574443313725,2195.709588446369,2206.792984713286,1627949
2025-02-25,2235.7880859375,2245.9809447684647,2214.660173335451,2219.6576675855754,1988040
2025-02-27,2221.58740234375,2246.0303082238115,2209.8608668474067,2246.0303082238115,1699658
2025-02-28,2167.45654296875,2226.188997022339,2163.102429455049,2221.6862995661827,3683249
2025-03-03,2154.1962890625,2176.1156841937386,2136.0371552215483,2176.1156841937386,1306470
2025-03-04,2134.899169921875,2157.313361185971,2113.771256648273,2157.263833201739,1800330
2025-03-05,2147.862548828125,2169.0892750059793,2127.625415866953,2129.6046023003178,1145673
2025-03-06,2195.85791015625,2206.5950936388526,2141.232410668537,2152.3653348141274,1856868
2025-03-07,2181.60791015625,2203.527304632234,2166.417556693262,2203.527304632234,1738356
2025-03-10,2224.358154296875,2243.556166073489,2171.810657815665,2185.0218239072406,1242387
2025-03-11,2193.878662109375,2238.9051540575633,2188.238029020463,2216.6888343723404,1325891
2025-03-12,2170.0791015625,2206.7435825029443,2162.261410950068,2194.274851591979,1526212
2025-03-13,2152.16748046875,2186.951587084268,2141.925093538761,2162.261283449078,1845629
2025-03-17,2148.654296875,2172.6024046790826,2134.05779675806,2138.510966285262,1111886
2025-03-18,2148.654296875,2148.654296875,2148.654296875,2148.654296875,0
2025-03-19,2177.15478515625,2189.8216276997773,2170.623372744765,2184.0324102623285,1341405
2025-03-20,2219.06396484375,2225.4963214258246,2165.6754535325167,2180.964622011462,1426689
2025-03-21,2222.824462890625,2231.7308027539034,2202.6368558405,2221.636999228841,2152415
2025-03-24,2232.72021484375,2242.4182768943433,2217.6784459489068,2226.8321833987184,1454404
2025-03-25,2247.663330078125,2268.1478632455664,2220.0042454235413,2227.3271392669976,2229340
2025-03-26,2222.576904296875,2256.173546705244,2214.5118159755425,2248.355856695608,1416907
2025-03-27,2221.29052734375,2237.3714186362613,2177.105282678452,2220.8452586740973,3752627
2025-03-28,2235.3427734375,2272.106065443541,2216.9857706253674,2223.615996973709,2280152
2025-04-01,2210.60302734375,2260.8741722824734,2196.8970638862934,2235.4912014951065,2495962
2025-04-02,2214.610595703125,2220.3502847646905,2167.2587045450064,2220.3502847646905,1351493
2025-04-03,2221.191650390625,2229.4546093389336,2197.4909395964924,2202.290322056308,1310088
2025-04-04,2221.191650390625,2243.457499245224,2198.876273551921,2206.7930198113336,1120226
2025-04-07,2225.990966796875,2238.064197764159,2127.6254940825147,2127.6254940825147,3435185
2025-04-08,2265.42626953125,2282.199826221012,2228.910376503984,2244.6943399778315,2774874
2025-04-09,2325.544189453125,2329.650904892404,2265.6737964906083,2270.0774382315035,2989089
2025-04-11,2341.526123046875,2369.927644435778,2319.9531820837774,2369.6802461073025,3836083
2025-04-15,2336.924560546875,2375.0239023131485,2320.794141557013,2375.0239023131485,3042779
2025-04-16,2341.971435546875,2351.2735152720447,2326.533684513711,2326.533684513711,1131979
2025-04-17,2350.283935546875,2355.132845763407,2318.71600795781,2332.570313262086,1962402
2025-04-21,2326.53369140625,2347.710889958159,2324.3566346130488,2343.4558323350475,1478430
2025-04-22,2373.7373046875,2380.9613838062305,2330.5911835069883,2345.336026442546,2352346
2025-04-23,2398.576171875,2412.6283477296524,2368.4923920623105,2384.9197366810754,2226066
2025-04-24,2301.101318359375,2461.5142452066652,2292.9867017267416,2398.576257119483,7065430
2025-04-25,2307.929443359375,2317.5284500386565,2270.5227683412163,2307.6325170497216,2859858
2025-04-28,2294.470947265625,2324.554484654395,2290.908315016996,2320.5961117558772,1555660
2025-04-29,2297.53857421875,2308.2262295178502,2288.533420705551,2303.773059943218,1896387
2025-04-30,2317.7265625,2328.0182361708376,2291.8980807530966,2295.8564539495615,2083807
2025-05-02,2294.470947265625,2320.5961117558772,2285.960348893849,2309.8096422473805,1424284
2025-05-05,2324.158935546875,2330.3931800959,2294.9659330144073,2299.913899545334,2074103
2025-05-06,2357.01318359375,2365.2268556532445,2315.846008934059,2315.846008934059,1888125
2025-05-07,2346.127685546875,2362.0599916411525,2330.7889904325607,2344.346369407166,1610400
2025-05-08,2330.39306640625,2347.2161517906766,2316.6378167613034,2337.1223488800038,2323073
2025-05-09,2308.6220703125,2318.3201327934576,2278.3406608514556,2305.7523464354463,1805685
2025-05-12,2357.7060546875,2362.1592245704355,2321.68495494106,2335.440205272823,1274873
2025-05-13,2335.440185546875,2373.0447309073757,2328.3151621143443,2350.87793765063,1929665
2025-05-14,2326.0390625,2345.336131940013,2314.1639428446074,2345.336131940013,1568111
2025-05-15,2330.68994140625,2345.2369136573343,2315.6481725371023,2327.1275507161395,3236681
2025-05-16,2356.617431640625,2362.159250863268,2324.5547047665755,2335.4402312682496,1473000
2025-05-19,2357.90380859375,2379.971786577214,2350.283988823652,2350.283988823652,936655
2025-05-20,2316.73681640625,2369.680054417226,2314.1637773582756,2369.680054417226,1617408
2025-05-21,2339.29931640625,2350.97656472367,2320.5961011859085,2321.5856944060306,1570754
2025-05-22,2306.445068359375,2338.5080364112832,2289.028371145926,2330.492233998324,2423653
2025-05-23,2334.6484375,2339.8933302481155,2305.356621125489,2312.5804588503333,844118
2025-05-26,2369.185302734375,2372.3519528227716,2339.4975051558145,2343.3568222010613,892618
2025-05-27,2355.429931640625,2384.4250637404803,2335.737121549558,2369.185423513216,1865258
2025-05-28,2337.419189453125,2363.1486132150985,2327.5232572369814,2363.1486132150985,897517
2025-05-29,2342.0703125,2351.2735781080323,2330.986916344053,2344.346425310576,1111275
2025-05-30,2323.86181640625,2350.1848512065976,2319.111720610727,2335.4400088079005,3288892
2025-06-02,2346.91943359375,2359.1902931766836,2319.2108227678495,2323.465880436182,1178205
2025-06-03,2327.8203125,2354.737201299302,2318.2213060384743,2340.4871547584717,1643913
2025-06-04,2339.893310546875,2342.9611463548267,2317.726517714968,2334.9453441469027,3287896
2025-06-05,2351.66943359375,2355.2320661320723,2324.4556177035684,2339.893369903061,1787978
2025-06-06,2364.929931640625,2371.5601579119266,2345.4349934757893,2348.6016434680623,997488
2025-06-09,2368.294677734375,2374.0343672925005,2353.5498339522305,2369.0864007078976,1293622
2025-06-10,2370.273681640625,2375.2216478437826,2353.648466878033,2368.4923654875056,1778782
2025-06-11,2351.66943359375,2377.893656178834,2346.6226526977093,2370.2738360495687,1977707
2025-06-12,2308.424072265625,2363.148626037823,2299.913715473508,2362.0599768481766,3339584
2025-06-13,2294.86669921875,2300.705202632857,2278.0436143171896,2281.0123940057,1740682
2025-06-16,2303.17919921875,2312.2836502635237,2289.0282092337566,2295.856305917426,1105297
2025-06-17,2304.366943359375,2308.820112993592,2289.028247952628,2295.8563447517945,1119284
2025-06-18,2273.392578125,2307.1375623455488,2261.715329678043,2303.4761157104626,2056563
2025-06-19,2270.32470703125,2283.7832714040937,2266.4653901301654,2276.163451963547,1214549
2025-06-20,2282.199951171875,2288.9292337285015,2268.5435157245875,2271.116554866801,2685864
2025-06-23,2275.10009765625,2286.0,2258.699951171875,2283.39990234375,842856
2025-06-24,2263.10009765625,2301.0,2260.300048828125,2295.0,2440747
2025-06-25,2278.699951171875,2290.5,2271.39990234375,2279.0,1047270
2025-06-26,2280.800048828125,2291.0,2271.60009765625,2288.89990234375,1874722
2025-06-27,2306.89990234375,2310.5,2279.300048828125,2280.800048828125,1050745
2025-06-30,2294.60009765625,2317.0,2288.0,2309.89990234375,1403754
2025-07-01,2295.5,2302.60009765625,2286.60009765625,2300.0,759914
2025-07-02,2307.10009765625,2309.0,2287.60009765625,2295.0,1128034
2025-07-03,2313.39990234375,2326.89990234375,2304.0,2310.0,1060039
2025-07-04,2339.300048828125,2341.39990234375,2310.300048828125,2318.0,1242346
2025-07-07,2410.39990234375,2415.699951171875,2341.0,2341.0,2701583
2025-07-08,2392.699951171875,2418.5,2386.0,2405.39990234375,1471046
2025-07-09,2423.39990234375,2439.699951171875,2397.10009765625,2399.0,1741690
2025-07-10,2408.39990234375,2434.0,2397.60009765625,2423.39990234375,1053695
2025-07-11,2519.60009765625,2530.0,2461.0,2500.0,7242235
2025-07-14,2516.60009765625,2532.5,2490.0,2500.0,2427712
2025-07-15,2526.89990234375,2529.89990234375,2510.0,2520.699951171875,1700294
2025-07-16,2517.60009765625,2532.89990234375,2507.5,2526.300048828125,1284379
2025-07-17,2509.800048828125,2525.39990234375,2506.199951171875,2513.0,807474
2025-07-18,2489.60009765625,2514.89990234375,2481.5,2514.89990234375,771112
2025-07-21,2464.89990234375,2493.60009765625,2455.39990234375,2490.89990234375,1169960
2025-07-22,2479.699951171875,2485.0,2452.60009765625,2470.0,861632
2025-07-23,2450.39990234375,2487.0,2442.0,2481.0,1320795
2025-07-24,2437.800048828125,2466.0,2421.0,2455.89990234375,693984
2025-07-25,2415.39990234375,2428.60009765625,2405.39990234375,2426.10009765625,769388
2025-07-28,2441.60009765625,2448.300048828125,2412.300048828125,2415.39990234375,987995
2025-07-29,2453.60009765625,2457.5,2429.699951171875,2444.800048828125,732282
2025-07-30,2437.39990234375,2452.89990234375,2398.5,2442.0,1224146
2025-07-31,2521.199951171875,2549.0,2420.10009765625,2420.10009765625,5505507
2025-08-01,2553.699951171875,2727.5,2536.89990234375,2550.0,4259653
2025-08-04,2543.699951171875,2583.199951171875,2535.10009765625,2547.0,1293028
2025-08-05,2534.699951171875,2553.0,2517.300048828125,2537.5,756361
2025-08-06,2535.60009765625,2563.10009765625,2526.60009765625,2538.699951171875,885487
2025-08-07,2517.5,2544.0,2495.0,2535.699951171875,847151
2025-08-08,2498.60009765625,2529.89990234375,2486.60009765625,2516.0,839794
2025-08-11,2518.39990234375,2524.5,2478.5,2490.10009765625,992436
2025-08-12,2483.800048828125,2536.60009765625,2480.10009765625,2518.0,1406211
2025-08-13,2495.10009765625,2501.5,2473.39990234375,2485.0,969803
2025-08-14,2480.60009765625,2509.0,2473.199951171875,2498.89990234375,1104362
2025-08-18,2568.10009765625,2597.0,2521.300048828125,2539.0,3089136
2025-08-19,2604.800048828125,2615.0,2558.39990234375,2572.199951171875,1400717
2025-08-20,2669.800048828125,2680.0,2588.5,2599.0,3156954
2025-08-21,2648.0,2667.10009765625,2627.300048828125,2667.10009765625,2235686
2025-08-22,2629.89990234375,2658.5,2619.0,2647.0,1223445
2025-08-25,2631.60009765625,2643.0,2615.199951171875,2643.0,667598
2025-08-26,2692.60009765625,2705.0,2624.60009765625,2624.60009765625,4348648
2025-08-27,2692.60009765625,2692.60009765625,2692.60009765625,2692.60009765625,0
2025-08-28,2654.39990234375,2748.0,2646.800048828125,2748.0,3198743
2025-08-29,2659.800048828125,2723.0,2641.39990234375,2664.800048828125,1972773
