Date,Close,High,Low,Open,Volume
2020-09-01,156.69747924804688,158.46877798830525,155.0909618388269,157.43895752456802,39779151
2020-09-02,157.64491271972656,159.00427062671636,156.2443469112524,157.60371738929206,20585374
2020-09-03,157.85086059570312,159.21021836313975,156.53268558342327,157.6860792908817,15691462
2020-09-04,153.81394958496094,156.53267755137867,152.9900933873221,156.53267755137867,41389019
2020-09-07,155.79119873046875,156.9445922804893,148.95319035836928,154.26705986625524,32660563
2020-09-08,155.00852966308594,156.98579196659446,152.08385038612172,156.2031311379555,25589032
2020-09-09,151.4247589111328,153.44320391146348,150.18897471855726,152.82531181517572,27829564
2020-09-10,152.3310089111328,152.99009639641676,150.93045586180952,151.67193399689702,17784303
2020-09-11,151.54832458496094,153.64916011957183,150.55969979545176,152.33098535286211,19255948
2020-09-14,151.05404663085938,153.1136872308381,150.7656919184429,153.0724919046288,30992032
2020-09-15,149.77703857421875,151.75428814725254,148.9531824902803,151.5895194446741,30771790
2020-09-16,148.82958984375,151.17758460582826,148.33528375823843,149.8182271568644,50641398
2020-09-17,147.14073181152344,149.52990991676015,146.48164429492576,148.95321305388046,33933262
2020-09-18,147.55262756347656,148.17051961764346,145.8225247833908,147.9233602817675,29782789
2020-09-21,144.792724609375,148.78843213768297,144.21602779370366,148.2941133979374,23891325
2020-09-22,143.5157470703125,145.61658288785463,143.1450142956987,144.79272669046932,18529108
2020-09-23,142.1151885986328,146.27566475007765,141.45610115179198,144.1336336906068,61785000
2020-09-24,137.21324157714844,141.4972909580293,136.88369158105178,141.45609563713637,31486355
2020-09-25,140.67343139648438,141.04416413339317,137.58397097050008,139.14929255791347,26625318
2020-09-28,142.77427673339844,144.01006098803654,140.46747694386445,140.87940502874383,23194638
2020-09-29,139.5612335205078,143.9688691642561,139.23169607301446,143.9688691642561,25615786
2020-09-30,141.4561309814453,141.78568105988356,138.98456196288407,140.05557771847063,18481590
2020-10-01,140.7558135986328,143.8452738394189,140.1379215504756,143.76288320457957,19756417
2020-10-05,139.43765258789062,142.36234441782833,139.02572451525285,140.96179148506928,24298942
2020-10-06,139.97315979003906,141.3737253512408,138.4902287246098,139.64362234684316,21885190
2020-10-07,139.64361572265625,140.79700929017676,139.23168765267792,140.05554379263458,16286540
2020-10-08,137.7075653076172,140.38509808411806,137.50160124788636,140.1379512692799,25502126
2020-10-09,138.28428649902344,139.14932556666471,137.04850203547917,137.99593176244326,22373277
2020-10-12,141.8680419921875,144.33961071181113,140.0555607786732,140.46748889861047,66250422
2020-10-13,140.17910766601562,144.05124131770324,139.6436062398271,142.4035291496817,35684395
2020-10-14,138.24307250976562,140.879409828606,137.62518036139454,140.50867705379292,38216229
2020-10-15,135.97744750976562,138.24305171296334,135.5655194728206,138.1606610771559,27116799
2020-10-16,136.51296997070312,137.41921682008433,134.94764821746068,136.34820124473782,20227056
2020-10-19,138.6138153076172,139.1493168465079,136.88371213865682,137.41922624859637,19016521
2020-10-20,137.9547119140625,138.65499468069603,137.33681979210846,138.40783531770492,16148741
2020-10-21,138.1195068359375,139.14932723456826,137.2544677579275,138.53143499538982,16478833
2020-10-22,138.8609619140625,139.31408532812324,137.58398231845413,138.03710573251487,22044107
2020-10-23,140.67343139648438,140.8793954248833,138.20186305569695,139.19048787780258,20145584
2020-10-26,138.8609619140625,141.3737257819923,138.61380254538867,141.29133513541845,16080575
2020-10-27,137.74874877929688,139.47885176056494,137.37801601789587,138.81976431193675,45885092
2020-10-28,136.34817504882812,138.81974317660143,135.93624702753257,138.81974317660143,16820774
2020-10-29,134.98883056640625,136.71892087931542,134.65928057510445,135.9362600779246,21007139
2020-10-30,136.14224243164062,137.41922210632865,134.57692061818338,135.1124221409323,16347325
2020-11-02,137.3780059814453,137.74873871576165,135.48313441921607,137.41920130104637,14370649
2020-11-03,140.137939453125,140.67344093485332,137.66637094475274,137.74874901907,22602903
2020-11-04,139.89077758789062,141.53848989735684,138.57260271189875,140.0967416265739,18808819
2020-11-05,143.9688720703125,144.17483612191523,140.2203238169331,141.0853753478742,26997641
2020-11-06,143.3097686767578,145.98730105025965,142.85664529934047,145.41060428402244,34252005
2020-11-09,142.36233520507812,146.06968761890283,141.5796744319244,143.3097646824148,35286484
2020-11-10,146.9347686767578,147.92339367237707,141.5797029985173,144.17484518339893,57459436
2020-11-11,152.66055297851562,153.1548591448918,147.14071907550525,147.96457525717986,63318644
2020-11-12,154.88494873046875,155.5028408131701,151.46595090127332,152.57814910750778,46367792
2020-11-13,154.1435089111328,155.54406201745013,152.86652921350134,154.22588699324047,28198725
2020-11-14,155.37925720214844,156.53265065222016,154.9261338571039,155.7499899131682,7767144
2020-11-17,154.34945678710938,156.0383518602705,153.5667833773451,155.7088144242994,20950589
2020-11-18,151.6307373046875,155.25569958448943,150.5597217221398,153.8963418723257,26595992
2020-11-19,154.80258178710938,158.01562865161483,150.51853187215065,150.6009225242079,48984610
2020-11-20,157.93321228027344,158.18037162514702,153.2784303311812,155.54403461227054,45307312
2020-11-23,157.2329559326172,158.5923135921307,155.42046229186906,158.18038550487842,23180456
2020-11-24,161.10508728027344,161.84655285420365,157.0270014815605,157.0270014815605,45411815
2020-11-25,159.7045440673828,163.0823472550074,158.59233306680633,161.47583003165738,41659179
2020-11-26,160.48719787597656,161.3522494411609,158.6335213381738,160.7343572618933,24222956
2020-11-27,159.5397491455078,161.2698522052477,159.16901636729156,160.19883662403006,31385396
2020-12-01,160.15765380859375,161.76418359142153,158.50994126911831,160.651972598856,15893346
2020-12-02,161.4346160888672,163.741415908964,159.4573662836686,160.6519552314364,28425948
2020-12-03,161.64056396484375,162.46442006310602,160.28120643112962,162.46442006310602,28009042
2020-12-04,163.28829956054688,164.23574175194457,161.8877465070114,162.1761012111429,22152332
2020-12-07,167.3663787841797,167.86069752309623,162.79398701891637,163.28829318678518,35693450
2020-12-08,166.7896728515625,168.64334916459282,164.40049507652003,167.98426173908373,30853963
2020-12-09,169.2200469970703,171.19730928585815,168.60215488889546,168.8905095677959,39684395
2020-12-10,175.23422241210938,176.01688333786203,167.366392685646,170.249889569718,65227495
2020-12-11,178.2000732421875,179.55943075052892,175.76970031188662,176.6759344604322,60322445
2020-12-14,177.87054443359375,180.09496617893322,177.12907889917906,179.55945211870244,26990063
2020-12-15,175.93450927734375,178.28249210827988,174.32799206227185,177.33506242455903,23255609
2020-12-16,176.30520629882812,177.58218577454764,175.89327824672807,176.0992422727781,19551630
2020-12-17,175.5225372314453,177.21144467956827,174.0395937996533,176.46996667814932,22386185
2020-12-18,176.71714782714844,177.91173675512712,172.80383103377335,175.56375422173056,23775053
2020-12-21,167.20159912109375,176.88190865159294,164.07094331191442,176.7171399397513,41834797
2020-12-22,167.5723114013672,169.92030611427347,162.21724720867493,167.32516464930998,40986353
2020-12-23,171.15609741210938,171.56802544438884,166.41892504089577,167.24278110545467,23695667
2020-12-24,171.85638427734375,173.5452791939502,169.3848160235241,173.00977776737443,22768284
2020-12-28,172.59786987304688,173.17456668538213,171.2385122031818,172.18594178265775,15741000
2020-12-29,174.28677368164062,175.8932906842191,173.09218476028983,173.421722196853,26546469
2020-12-30,173.95721435546875,175.89328126194636,172.6390521087801,175.23419385307866,18925262
2020-12-31,172.18592834472656,174.08079992684438,171.815195606519,173.4629078394829,18245270
2021-01-01,176.18167114257812,176.47001329898976,172.43312254083298,172.92742876798832,19527333
2021-01-04,175.8109130859375,177.9529442956939,174.73991005210763,176.30523184851154,26891799
2021-01-05,174.20437622070312,175.6873197693076,173.5041060526447,175.02823235092262,18024083
2021-01-06,169.2200469970703,174.2455745053114,168.47858149567935,174.2043791838903,49067837
2021-01-07,167.07803344726562,171.0325455693581,166.50133664365885,169.79676131689467,34952401
2021-01-08,166.00701904296875,169.71437182556608,164.97719882558061,168.35501416703275,56427360
2021-01-11,166.83087158203125,169.7967587719085,165.80105138708043,168.0666558159722,42970983
2021-01-12,170.08509826660156,170.45583101686955,166.08940351430644,167.24279708648405,35617404
2021-01-13,174.0395965576172,175.4813446947809,169.09646008734168,170.90894094556683,63925996
2021-01-14,176.42880249023438,178.36486961376843,174.32797920982063,174.65751666567624,48304263
2021-01-15,179.47706604003906,180.01256750534318,173.9984151385525,177.04668035784317,58321158
2021-01-18,181.04238891601562,182.89606525303967,176.7995347730239,179.9301780853823,67607822
2021-01-19,180.30093383789062,182.64891645796232,179.18872294292913,182.07221963396478,31785089
2021-01-20,179.31227111816406,180.42448185665782,177.70575427337565,180.0125538158892,44672447
2021-01-21,176.05807495117188,180.83644362962684,174.8222905983498,180.4245155120195,28999164
2021-01-22,173.58648681640625,176.9231067097756,172.30950728054304,176.30521460252376,24712182
2021-01-25,171.19732666015625,175.06944841681255,170.4146657579143,174.65752030289062,24967899
2021-01-27,173.54530334472656,175.19301574323734,170.62062389420834,171.36208944511898,48471357
2021-01-28,170.20867919921875,173.8336410940891,169.50839646971014,172.3918928859628,22131983
2021-01-29,167.44876098632812,172.02116509204615,166.70729548639423,171.8152010563926,23764654
2021-02-01,177.91172790527344,179.55944015736404,166.25416875015117,168.06664971324145,57744414
2021-02-02,179.7654266357422,184.13186716321835,178.77680167525003,181.24837036200464,48457781
2021-02-03,178.57081604003906,182.89606071920957,177.7057645899956,182.48413265452666,53643263
2021-02-04,189.44570922851562,190.64029806906584,177.95291905383166,178.03530969292333,105818897
2021-02-05,193.07069396972656,196.77804664835205,187.22131027058745,191.25820038111632,125490301
2021-02-08,192.04086303710938,196.11894824123135,190.72268824114934,195.66582486942968,41495834
2021-02-09,188.66307067871094,197.06640144364042,188.0039832014316,193.27667044861826,70655961
2021-02-10,187.4684600830078,190.39315178363432,183.802302912835,188.66304892663086,47283127
2021-02-11,186.56222534179688,188.91022043155218,184.95570834035516,188.663061068781,43631374
2021-02-12,179.14752197265625,185.98553071009403,177.78816431814434,185.98553071009403,110568108
2021-02-15,180.09495544433594,182.07220513228586,179.18870867091482,179.97136948193472,31776555
2021-02-16,179.80661010742188,182.7313020414772,178.98275393281742,180.46569756131495,29148891
2021-02-17,179.3946533203125,179.9301547197161,178.40602858315825,179.2710799423103,19850516
2021-02-18,180.30093383789062,181.74268218340845,179.51826039348546,179.76541976692667,24070563
2021-02-19,177.91172790527344,180.3421009628977,176.30521097369447,180.3009182134329,28125203
2021-02-22,174.62252807617188,178.79727315383946,173.73697297024023,178.79727315383946,51546288
2021-02-23,175.84544372558594,177.5743823168337,174.58036859086948,175.4237520140138,26675953
2021-02-24,176.14060974121094,176.94182131327443,174.1586538117309,176.3514555690702,13160617
2021-02-25,176.39361572265625,178.1225540974812,176.09843928291082,176.68880503140983,25954142
2021-02-26,171.9237060546875,175.42374191156955,171.20682503869529,174.7912043806384,43429293
2021-03-01,174.4960174560547,175.21289848192376,172.09238252680566,173.27311411987438,16225536
2021-03-02,177.0261688232422,177.78522159740507,174.15867043820714,174.58036213418342,25604169
2021-03-03,177.068359375,178.79729808595405,176.0984735188361,178.79729808595405,20846117
2021-03-04,176.8574981689453,178.2069167699988,175.08640073269834,176.0984582489837,24899212
2021-03-05,175.8876190185547,177.11052243298042,174.74904622673867,175.4237555526663,17323590
2021-03-08,175.4237518310547,177.78522798719774,175.17073423057334,176.8575010751027,22988740
2021-03-09,175.25509643554688,176.8996917107841,172.68277414914445,176.01413644903758,22593086
2021-03-10,174.15867614746094,176.4358088065798,173.56831032754266,176.3514781860256,19603214
2021-03-12,173.06227111816406,175.42374721212923,171.6285219118668,175.42374721212923,30787960
2021-03-15,173.2731170654297,173.736980509524,170.0260986947884,173.61047814704798,41115805
2021-03-16,175.29725646972656,176.18279880328058,172.85143672602473,174.07434016337052,48763187
2021-03-17,177.61656188964844,180.39971701347505,175.88762322220347,178.965967704744,78578698
2021-03-18,183.5623779296875,184.78529406207352,178.71292374776965,179.6406505649573,91993104
2021-03-19,188.03233337402344,190.73115777951296,181.79130113201578,184.70097139526246,134184994
2021-03-22,190.60462951660156,190.94197769557636,186.80940459259844,188.3274971360013,46050245
2021-03-23,187.39979553222656,192.3757654895711,186.6407555929924,189.76127170952483,41564683
2021-03-24,182.12864685058594,187.9058284212371,181.5382810307918,186.38773569247383,27609243
2021-03-25,178.45994567871094,182.12865601642721,176.30931527714742,181.45394667313136,40681282
2021-03-26,177.8695526123047,180.8635662342226,177.40570204090258,180.69489212925734,26079435
2021-03-30,180.9479217529297,181.32744173158912,177.44787271437895,179.85152069423899,27792033
2021-03-31,184.27928161621094,184.95399094192584,179.3876550910404,180.5262278824974,36485322
2021-04-01,185.58651733398438,186.05038077176306,183.26721301410026,185.5443455907301,29062762
2021-04-05,179.2611541748047,185.54435827909003,177.53221553522022,183.52024315455853,31378045
2021-04-06,179.34548950195312,181.2852740540951,177.2370308298445,180.31538821252934,25674227
2021-04-07,180.3153839111328,181.49611559174326,179.17681110775047,179.38765696993164,15204883
2021-04-08,179.8515167236328,182.25516465042716,179.51416849871882,181.20093536130858,14116874
2021-04-09,179.72500610351562,182.12864105092447,179.26114266380222,180.27320016108013,16364247
2021-04-12,173.14663696289062,177.95392039014934,172.893619336401,177.11053688119128,34511670
2021-04-13,176.0141143798828,176.8574977864649,173.73698175591304,174.58036516249513,20247639
2021-04-15,174.32736206054688,177.4900500981802,173.73699620065744,176.2671466307641,17530742
2021-04-16,175.381591796875,176.4779928928309,174.15868832673635,175.42376354460612,13311926
2021-04-19,173.39964294433594,173.8213346704953,171.83937840994219,172.89360772534062,15792299
2021-04-20,171.6707000732422,174.58037033841376,170.78514489627435,173.90566101934257,21364882
2021-04-22,173.65264892578125,173.9900100305257,169.14055514503778,170.363458585837,23139735
2021-04-23,173.18878173828125,174.5803591637218,172.26105487531484,172.26105487531484,19625381
2021-04-26,173.14663696289062,174.3695404770776,172.64060170991138,173.56832871736967,19886214
2021-04-27,173.23094177246094,174.53818859030415,172.93576530972803,173.14661115554117,11444814
2021-04-28,173.31527709960938,174.1586604431598,173.146603004701,173.73696877138457,12708021
2021-04-29,172.30323791503906,175.04423407196037,172.09239205681436,174.66471410095787,13096755
2021-04-30,170.86947631835938,173.4839570502084,170.36344114754525,171.965864406775,16495657
2021-05-03,169.4779052734375,170.23695811583164,168.67669355286347,169.68875114037857,20611626
2021-05-04,168.33934020996094,170.65864467600042,167.91764848886285,169.6887459960688,18259282
2021-05-05,169.857421875,170.36345709317786,168.25499846578705,169.89959362134985,13862655
2021-05-06,170.99600219726562,173.6948267851466,170.44780807765306,170.6164822014561,14320889
2021-05-07,173.18878173828125,174.11649573223858,171.16465391062977,171.16465391062977,19463495
2021-05-10,173.3574676513672,174.9598910303863,172.89360418827957,174.70687342606487,16295368
2021-05-11,172.0502166748047,174.15867521248612,171.83937082103654,171.96587318569357,13747541
2021-05-12,171.4176788330078,173.10444566039288,171.08033061513464,171.96587290430412,16537612
2021-05-14,179.00811767578125,179.80932929181222,172.05020497460248,172.89358833232112,61647120
2021-05-17,179.3032989501953,183.0141804099834,178.50207450112018,182.8455063198127,38001828
2021-05-18,177.15269470214844,180.99009194000175,176.81533360368294,180.56840021867743,30479551
2021-05-19,175.212890625,178.29123469896695,175.04421652912663,177.15267490006525,24405319
2021-05-20,174.5803680419922,176.5201524829274,174.4116939316956,175.8032714279047,20884367
2021-05-21,176.309326171875,176.98403555686335,174.91773565239694,175.0864226504024,22638020
2021-05-24,178.37559509277344,178.83945855215944,175.2129072365186,176.6888282361042,28865798
2021-05-25,177.8695526123047,179.97801109689345,177.32135855391533,179.64066288696296,25334878
2021-05-26,177.61656188964844,179.1768135698224,177.36354427775228,178.6286194682227,17576137
2021-05-27,178.0803985595703,180.61054874248066,177.36353039581795,177.9538961980285,47554219
2021-05-28,179.55630493164062,180.06234007477022,178.41774516311145,179.21895674889308,25597550
2021-05-31,182.6768341064453,183.77322213832312,180.82138048848034,181.32741563319956,73039531
2021-06-01,181.5382843017578,185.03832040782305,180.69490086713873,183.8575887469603,38755111
2021-06-02,176.26712036132812,179.17679034851483,175.92977216852714,177.53219538784484,96654991
2021-06-03,176.309326171875,177.74307557184326,176.0141367943766,177.74307557184326,46657520
2021-06-04,176.0562744140625,176.85748602322298,175.4237369011976,176.6888119269274,30126021
2021-06-07,178.3334197998047,179.13463146698138,177.27919053535913,177.4478646438685,31433280
2021-06-08,180.1888427734375,180.6948779175427,178.12255619485651,178.96593952235963,21261361
2021-06-09,179.21897888183594,181.1165915994083,178.37559545180378,180.4840540268842,24887924
2021-06-10,181.42941284179688,183.24976688086332,179.8690999319442,180.9093041295413,30719587
2021-06-11,180.21585083007812,182.42629326915124,180.08583025062725,182.29627268970037,21424291
2021-06-14,179.6957550048828,180.69261471755811,177.87538753391908,180.25919515084442,17677889
2021-06-15,179.47903442382812,180.64925924740353,179.4356898243813,179.91245396446672,14854294
2021-06-16,180.17251586914062,181.4727745454339,179.47904192973448,179.47904192973448,20104244
2021-06-17,178.2654571533203,180.3025343465595,177.70201702425334,179.39235063836932,21476893
2021-06-18,177.31195068359375,178.95893977695164,175.53492778165557,178.5688648050422,23567549
2021-06-21,177.22525024414062,178.56885348614264,175.44822745484214,176.0550254025891,19074685
2021-06-22,177.7886962890625,178.78555591613218,177.13856699482204,178.65553534804982,18042675
2021-06-23,176.79185485839844,178.43885729936426,176.48846906997713,178.26547887521872,12575210
2021-06-24,176.18505859375,177.39862812232562,175.5782738294622,177.2252629363742,22435272
2021-06-25,177.74533081054688,178.22209488236612,176.61843752085946,176.83514726014886,13877208
2021-06-28,176.4884490966797,178.48216847955618,176.27173931793962,178.48216847955618,14627153
2021-06-29,176.22837829589844,177.96205636427538,176.0983445046218,176.48843265153778,13326068
2021-06-30,175.7082977294922,177.1819216782742,175.5782771443029,177.09524569712002,15942408
2021-07-01,175.9683380126953,176.661811940887,175.2315194839451,175.88164881157823,10191296
2021-07-02,175.44822692871094,176.5751203936854,175.31820635567786,176.22839004765396,12698779
2021-07-05,176.53176879882812,176.92185695630027,175.70827433944737,175.968328702124,10248249
2021-07-06,175.534912109375,176.66180554854648,175.31820234133875,176.1850414134838,11088659
2021-07-07,176.61846923828125,177.87538330649582,175.3615551700667,175.53492034724886,17879443
2021-07-08,175.10150146484375,177.26859925525022,174.92813628699426,176.40176013908763,20925008
2021-07-09,174.53807067871094,175.40490984130315,174.14798247401168,175.1015108436295,11834045
2021-07-12,174.32135009765625,175.57826416022942,174.19131629516687,175.10150000493198,13085323
2021-07-13,174.9714813232422,175.27486707850431,174.5380617640832,175.10150190022378,10830411
2021-07-14,176.92185974121094,177.8320301845346,174.84143803396438,174.9714718308067,20480406
2021-07-15,178.78555297851562,180.73594082919033,175.8816368878565,177.181895454973,28852257
2021-07-16,180.21585083007812,181.7328193159438,179.60906608111495,180.04248564850514,29019824
2021-07-19,180.0858154296875,181.60278379070775,178.87224603163708,179.26232096480226,16464973
2021-07-20,179.26229858398438,181.42939597202357,178.91555506575045,180.47586783052122,23656813
2021-07-22,179.43568420410156,180.5192330217592,178.43882458262226,179.43568420410156,18311537
2021-07-23,184.11660766601562,185.1568251004101,179.00226259687068,179.435682118897,44526781
2021-07-26,183.03305053710938,186.6737849380912,182.7296648216366,185.50354699107368,47263771
2021-07-27,180.865966796875,184.63672204489572,180.25918209281457,183.7698829742624,24436949
2021-07-28,181.25604248046875,182.03619229955856,179.82575017625263,180.5625686263258,14736840
2021-07-29,178.61219787597656,182.2095748235361,178.26545430239867,181.25605975675538,15603733
2021-07-30,177.65867614746094,179.52238820366196,177.35529038964825,178.65554907805648,14940336
2021-08-02,179.6957550048828,179.8691201861852,178.09209731727591,178.95893645070333,9674128
2021-08-03,181.94952392578125,182.8163630359125,178.9589316412115,179.86911535223234,18468527
2021-08-04,180.82261657714844,182.98971402784815,180.3891970870085,182.81633565026166,10998260
2021-08-05,186.58709716796875,187.88735568481871,179.34898613340522,180.82262303403272,47178466
2021-08-06,185.7202606201172,187.23722890989643,184.28998152337655,186.7171202054923,23581637
2021-08-09,185.3302001953125,188.23410321235474,184.37667190499127,186.37040445853532,20358146
2021-08-10,181.90618896484375,185.8936408566708,180.77929549851103,185.50356591018655,18155926
2021-08-11,180.865966796875,182.55631356614157,179.8257625574979,181.90618426316658,15418634
2021-08-12,181.08267211914062,185.676921726096,180.60592122352767,182.25291012653327,27692208
2021-08-13,183.2931365966797,184.02995516886364,181.34274849880956,181.90620188545486,18850939
2021-08-16,182.8163604736328,184.85343764465642,182.469630125206,183.24978002262378,11190075
2021-08-17,181.34274291992188,183.33647555956978,180.99601255951154,182.729690815394,7858486
2021-08-18,181.1260223388672,183.33646462870973,180.60592682926074,181.6894756745841,10735658
2021-08-20,181.08267211914062,182.6429850533594,179.17562885594617,179.435683216135,19421004
2021-08-23,178.8289031982422,182.20957028826237,178.56884883126037,181.6027855832478,9936365
2021-08-24,178.35214233398438,179.4356911938506,177.44195864631376,179.4356911938506,12490094
2021-08-25,178.9155731201172,180.21583168414978,178.56884279380748,178.9155731201172,10586894
2021-08-26,177.35528564453125,179.30567362496123,177.13857586892792,178.9155854473432,14836173
2021-08-27,178.48216247558594,179.30567018862834,177.6153233897853,177.70201258913127,10476384
2021-08-30,180.30252075195312,180.47588591498564,178.56884266779971,178.56884266779971,12084844
2021-08-31,183.16310119628906,183.4231555670164,179.65240025875673,180.34587417172474,25808430
2021-09-01,181.60279846191406,184.02995068101248,181.4294332806032,182.9030571621187,16241960
2021-09-02,181.81948852539062,183.3364568444344,181.16935924580042,181.16935924580042,14321164
2021-09-03,182.5563201904297,183.11976031602066,181.81950166288917,181.81950166288917,10228853
2021-09-06,181.42941284179688,183.0764017190828,181.21270308284272,182.90303655730227,10632156
2021-09-07,183.55316162109375,185.80694835325164,182.16621390485602,182.81634316679614,37489544
2021-09-08,183.11976623535156,184.63673471304085,181.77616293830079,183.98660536545972,17233315
2021-09-09,184.3332977294922,185.41684641877185,182.51294386764997,182.94636334336184,19051252
2021-09-13,185.6335906982422,186.5004298109623,183.59652671949908,184.94012998959826,16043896
2021-09-14,187.3239288330078,188.3207884754839,185.67692665932896,186.28371136461502,19621849
2021-09-15,187.2372589111328,188.27746325970037,186.63047414337808,188.19078727968736,20248758
2021-09-16,200.0231170654297,202.53694509856308,187.49729504517683,188.06073515459528,149238901
2021-09-17,200.36985778808594,205.70092632529477,198.59284816926495,201.97351545478057,79501805
2021-09-20,202.62362670898438,207.4779306503182,199.58969005237927,200.23981933593748,70390969
2021-09-21,209.3416290283203,210.16512347435324,200.8466037557013,203.66383064738676,56671832
2021-09-22,211.0753173828125,213.06904992544582,208.64816529729865,211.0753173828125,52621868
2021-09-23,210.20848083496094,212.8956873240295,209.51500691259662,212.37557857552753,21791090
2021-09-24,206.69778442382812,211.50874415972962,206.04765508727158,211.50874415972962,24823291
2021-09-27,206.91448974609375,209.64504083696895,204.1406072819136,207.86801804327206,22890540
2021-09-28,206.09097290039062,209.4283083516881,204.83405899180667,207.9113400969008,15713947
2021-09-29,206.39437866210938,209.254936884129,204.31395705065137,204.57401140544786,15450046
2021-09-30,204.70404052734375,208.3881065647224,203.92389065725288,207.95468703091314,16357902
2021-10-01,204.0105743408203,205.44085347296772,201.88680810102414,203.88054054804337,15956143
2021-10-04,205.09414672851562,206.61111523027412,204.0539291743487,204.57403795143216,10686552
2021-10-05,203.44712829589844,205.83093575260284,203.2737631262483,204.9207520782964,9223597
2021-10-06,200.45654296875,204.9207590673421,199.89310284144167,203.53382443592355,17505160
2021-10-07,201.93016052246094,203.6638386780123,201.3667204126726,201.97350512173264,10371535
2021-10-08,200.8466339111328,203.53384064050607,200.41321432426074,203.49049603643564,9739240
2021-10-11,206.35104370117188,207.60795770998303,200.84661030410797,201.10666467104826,21184428
2021-10-12,209.1682586669922,210.6418823591011,206.3076872488315,206.82779595282938,29222028
2021-10-13,216.01626586914062,217.4898894535923,208.17137064728763,210.25179208437774,50159625
2021-10-14,222.38755798339844,226.9818210332216,217.01317149708166,219.5269995676032,85406902
2021-10-18,227.58856201171875,229.97236918989978,223.08101521981752,226.24497218372895,60292901
2021-10-19,213.19906616210938,227.58858675698067,212.4189162915548,226.5917271193927,59061766
2021-10-20,213.76251220703125,215.40950108958643,210.07844629302423,213.1990588957994,47822165
2021-10-21,212.1155242919922,215.2794949307215,210.72858967358536,214.97609595614648,22518727
2021-10-22,205.09414672851562,213.0690642066629,202.58030527516644,212.11553585764844,35537151
2021-10-25,202.32025146484375,205.1374786904467,199.80642323122584,202.92704944881385,22333919
2021-10-26,205.18080139160156,207.17453386074894,201.62676920712642,202.9270277878424,18934170
2021-10-27,206.69778442382812,209.1682811935091,204.7473964141585,208.2580974769469,25911499
2021-10-28,195.12548828125,204.53068465628155,194.30198054804774,203.79387935146252,46282465
2021-10-29,193.47848510742188,197.85602522212238,192.69833520563625,195.03879813790815,26642108
2021-11-01,196.6424560546875,197.2492407821709,192.8717006611088,194.30197989209933,23197539
2021-11-02,195.5589141845703,198.72287173716575,194.60538584511977,197.63932281820627,14343859
2021-11-03,192.82835388183594,196.6424538329085,192.1782245611103,195.90563531198683,17843327
2021-11-04,196.3824005126953,197.03252983690845,194.1719581649877,194.9087766898619,7024796
2021-11-08,199.1996307373047,199.97978064794302,195.64558508458526,199.11294153527146,20270558
2021-11-09,198.2894287109375,200.15312734029658,197.50927887234855,199.2429569375808,11520817
2021-11-10,200.10983276367188,201.84351114766932,196.9458617767267,197.16257157472637,13431108
2021-11-11,199.3730010986328,200.67325980145,198.11608699795934,199.7197314619512,8134962
2021-11-12,201.88682556152344,202.79700928202416,198.63617886467466,200.41320170433505,11855531
2021-11-15,206.39437866210938,207.1745284995849,202.0601835052143,202.7969887457381,38755267
2021-11-16,204.0972442626953,207.73796549505275,203.70716934974874,207.21787002009523,14675969
2021-11-17,207.6079559326172,212.5922805531289,204.27062024376968,204.57401920708836,46697822
2021-11-18,205.874267578125,210.6418821957237,204.83406339784986,208.04136513157894,20226071
2021-11-22,200.15313720703125,208.6915073899725,198.98291239146053,206.22101073446555,22574227
2021-11-23,200.7599334716797,201.71344851048352,198.63616717320835,198.63616717320835,13433385
2021-11-24,197.37925720214844,201.71345263138716,196.72912788776264,201.49674285992523,14139854
2021-11-25,200.4998779296875,201.28002779567,195.68891848435698,196.77246731317402,23904846
2021-11-26,194.1719512939453,199.4163303024013,193.39180142326222,198.41945743773456,27027022
2021-11-29,192.00486755371094,193.86856639495593,190.87797403780945,192.43828711929493,22132952
2021-11-30,191.70143127441406,195.21213171807372,190.704571758261,192.43824968333612,23503453
2021-12-01,192.35157775878906,193.56516035140157,191.2246975878894,192.43826695358783,12995800
2021-12-02,195.42886352539062,196.03564822229893,191.83148671543023,192.35158221553118,15904846
2021-12-03,192.1348876953125,196.079008378533,191.87484653808633,195.03880406888203,13794647
2021-12-06,188.8842315673828,192.61164228293575,188.53750122371432,192.13487814020547,13138355
2021-12-07,191.26805114746094,192.39494467600605,189.0576219197141,189.7510826508967,8903842
2021-12-08,194.99545288085938,195.602237605418,191.57144108157175,191.57144108157175,9861847
2021-12-09,204.05392456054688,204.96410828640524,193.3051247104622,193.3051247104622,38241864
2021-12-10,204.6607208251953,207.13120437262566,202.6236436093724,204.7473968007507,35162889
2021-12-13,203.36044311523438,206.957819823495,202.97035496754373,206.30769054656253,22054342
2021-12-14,198.159423828125,205.527556188438,197.24924012646804,203.7071887851241,37508445
2021-12-15,194.21530151367188,201.2800348338256,193.6518481668361,199.37299147380693,34653042
2021-12-16,193.21841430664062,196.03564115137627,191.3980602815752,195.9056205877694,24199205
2021-12-17,188.9275665283203,193.17508576958986,187.88736232346938,193.13174117211398,29683982
2021-12-20,184.11660766601562,187.45394327638397,181.86283408762722,187.45394327638397,37340790
2021-12-21,184.20330810546875,186.76048079613815,182.9463940602497,185.5035667509191,19395604
2021-12-22,183.76986694335938,185.67691008701158,182.98971713861047,185.50354493339108,17239484
2021-12-23,188.3641357421875,189.36099539878157,184.81009020431208,185.41687491819172,22209720
2021-12-24,188.97093200683594,191.0946852486856,187.62732869810145,188.97093200683594,16581585
2021-12-27,188.5808563232422,189.36100625339105,186.93385403182774,189.31766165129045,8153106
2021-12-28,190.7479248046875,191.22468890059332,188.9709022073549,188.9709022073549,11568803
2021-12-29,187.8873748779297,190.96465632754175,187.4972999284104,190.7046019522239,11480954
2021-12-30,187.2372589111328,188.88424802745513,186.80383933032002,187.75736769887456,9741198
2021-12-31,189.01426696777344,189.66439628784588,187.36726475410768,188.01739407418012,7583815
2022-01-03,189.9244384765625,190.57456775492557,188.14741580365398,189.0142548414714,7765495
2022-01-04,190.92132568359375,192.1782398247768,189.881121333198,190.2711963112319,9050253
2022-01-05,191.1813507080078,192.00484514110835,189.53434861489285,190.40118764487528,11230588
2022-01-06,189.5777130126953,191.05133687219902,189.1442934524345,189.83776739423487,8950589
2022-01-07,189.31765747070312,191.26804547992157,188.53750755778182,190.5312401681437,8855041
2022-01-10,193.56517028808594,194.77873971608307,189.75107037868185,190.61790946351258,15841299
2022-01-11,192.3949432373047,194.38867589183482,191.74481388649588,193.60852596163045,8020695
2022-01-12,193.08839416503906,193.86854400221304,192.0915345701041,192.87168440727808,13158894
2022-01-13,194.12860107421875,195.73225859486277,193.0883968677886,194.08525647667707,11501088
2022-01-14,192.95835876464844,194.86540184093047,192.69830442994797,194.12858343043126,10569725
2022-01-17,194.6920623779297,195.5589014566793,191.87483537199344,192.95838422043045,12318313
2022-01-18,191.35472106933594,197.03251951541708,190.964646140625,194.6920567162373,14394097
2022-01-19,191.0079803466797,192.7849897282286,189.57768805000396,191.35471065846642,11473796
2022-01-20,189.6210479736328,192.5682955428,188.97091866629464,191.18136095662734,17329896
2022-01-21,188.1474151611328,191.1380071860073,187.23723152915,189.40432911629293,16586264
2022-01-24,183.5965118408203,188.75420149814218,182.81634876644762,188.14741681379502,17354942
2022-01-25,185.76361083984375,186.11034116866642,181.64612535723202,183.76987838182785,18322935
2022-01-27,186.023681640625,186.8038315628825,182.98974470108863,183.11976527915974,23149684
2022-01-28,188.6241912841797,190.05447049198514,186.45709355907152,186.45709355907152,15276991
2022-01-31,190.8779754638672,191.3547396349546,188.19078207331953,189.40435157525516,15039006
2022-02-01,197.42262268066406,198.33280646244552,189.9678004632073,191.57145823238972,43207074
2022-02-02,201.23667907714844,202.23355191539943,198.50614137519847,199.372980420505,41130638
2022-02-03,203.2304229736328,203.88055229423108,200.93330466495158,201.2366904117485,27845963
2022-02-04,203.10040283203125,206.741124389738,200.71659531810346,205.6575755197708,56705951
2022-02-07,199.54635620117188,203.49047671254888,198.0727323911285,202.84034739397842,24171083
2022-02-08,200.45654296875,201.36672667409923,198.5494995837276,199.63304846463976,16201280
2022-02-09,199.5030059814453,201.97350261318786,198.28943657839795,201.36671791166418,11893807
2022-02-10,201.3233642578125,202.32022384927077,197.42258863171926,198.24608306295616,19563580
2022-02-11,201.4967498779297,202.23356841732908,199.19963151119188,201.10667492109508,18096561
2022-02-14,194.62350463867188,200.43250243796444,193.78098133935944,200.43250243796444,22745228
2022-02-15,197.77191162109375,198.21534640051325,193.82534479077137,195.9981725034158,12875311
2022-02-16,197.5501708984375,199.27956362740125,196.75199380277851,198.48138653174226,11231596
2022-02-17,197.4615020751953,198.96919115289018,195.86514769360986,197.81625801864638,14024149
2022-02-18,196.79632568359375,198.17097603859372,196.44158331636,197.4614777715724,8670947
2022-02-21,193.33755493164062,196.26422704766728,192.58371042828887,195.37735752963223,16129017
2022-02-22,190.54393005371094,192.36200182256255,188.90321595748986,190.6769550744616,25749340
2022-02-23,191.5194549560547,192.89410530959938,190.72127786434683,192.27329940132063,11014283
2022-02-24,184.9123077392578,189.1692844368886,183.58200336703294,186.24261211148269,41341523
2022-02-25,189.7457275390625,192.0072474791617,186.73037664063332,187.57289996232194,23633656
2022-02-28,191.43077087402344,191.96288440969914,186.95207756951385,189.0805587773236,20034633
2022-03-02,190.9429931640625,192.0959261427275,188.41540984670277,190.14480254842346,19295994
2022-03-03,194.57916259765625,195.2886609031122,191.56381171516165,191.60815789660663,28532668
2022-03-04,199.98907470703125,201.6741213647116,192.45068386441588,193.07148981553206,66835736
2022-03-07,199.5012969970703,201.319382230331,195.19998791917112,196.88503460411224,45258669
2022-03-08,201.23069763183594,202.60534815553316,198.4370639325122,198.5700889534112,36036336
2022-03-09,203.3148193359375,205.22158322094117,200.5211860099919,201.94016899596676,42294906
2022-03-10,205.75372314453125,206.19715789268756,202.07322014785564,204.8668536482186,36132245
2022-03-11,209.61158752441406,210.276739572578,204.1129864335498,205.66500787926563,41699184
2022-03-14,211.9617919921875,212.36088052582946,208.6803778352208,209.5229010801435,35113638
2022-03-15,210.94192504882812,214.09030108301988,209.21251862349945,211.96181960461487,32998305
2022-03-16,215.15455627441406,215.5092986781461,212.05051287781524,212.84869005248999,21629521
2022-03-17,217.1943359375,217.63777068913438,215.24322573681962,217.50474567666592,34223740
2022-03-21,216.839599609375,219.72192557555277,216.21879364624772,218.08121153562956,27975134
2022-03-22,221.49563598632812,222.3825053996868,215.99704833001502,216.8839177433737,36945426
2022-03-23,223.4911346435547,224.99881022630558,220.38709110683865,223.00335366698812,40491633
2022-03-24,226.01869201660156,227.48202124315569,223.00332767006418,223.4467624093296,38239419
2022-03-25,224.68836975097656,226.8168509154611,221.05219976804955,226.4177623886894,29284643
2022-03-28,227.96978759765625,228.81232442448749,223.97888849489965,225.26484652643342,24916402
2022-03-29,225.79696655273438,228.36888253525555,225.04312210998484,227.96978045818,18122714
2022-03-30,221.0078582763672,227.3933154377406,220.52007738550424,226.2403960098599,17603827
2022-03-31,222.29380798339844,225.57523556414563,221.27391359428168,221.36260594661923,25656796
2022-04-01,224.64402770996094,226.46211273489672,220.653115303662,221.71735590549767,14305709
2022-04-04,226.55079650878906,228.72362393763743,222.69292255125512,224.46666143726256,15907398
2022-04-05,230.09829711914062,232.22677845540946,226.24040947302979,227.08291923889215,27183142
2022-04-06,230.2313232421875,233.55708380404948,228.1915071918469,228.36889191452303,19597941
2022-04-07,227.61505126953125,232.5371932229477,226.86122031569494,228.81233050496277,16061089
2022-04-08,237.50364685058594,238.43487608651694,227.03859733090835,228.81233637255608,37826800
2022-04-11,237.23756408691406,242.24837077516784,235.90725998923043,238.34615083498375,46147653
2022-04-12,234.84303283691406,238.25748582585126,233.33537092557543,236.7054642004352,23553762
2022-04-13,239.0556640625,239.98689328109808,233.82313940005386,235.2864686691544,21414383
2022-04-18,239.54344177246094,241.671923020908,237.01585844894555,237.68101053065448,24399444
2022-04-19,231.96070861816406,241.67194054118386,229.5218174750879,241.2285057878973,23380138
2022-04-20,230.18698120117188,235.41953320564187,228.41324209866974,233.15799961088513,24510612
2022-04-21,230.94081115722656,234.5326488521657,230.23132638704823,230.3200187495978,23412279
2022-04-22,231.5615997314453,233.24664613460578,229.30006658119098,230.5860380037928,15671273
2022-04-25,226.37342834472656,229.6991888003298,223.93453734395086,229.52180408332114,24208645
2022-04-26,229.6548614501953,231.206883031938,227.26030304089178,227.57071277026202,20536714
2022-04-27,228.36891174316406,229.25578130333167,226.81689001287072,227.21599214099058,16580824
2022-04-28,231.5615997314453,233.86746552450433,228.945324243437,230.14260331532395,27924384
2022-04-29,230.18698120117188,233.24669197903242,229.25577899840258,233.24669197903242,20419904
2022-05-02,233.3797149658203,234.5769942626024,227.96980533729015,228.812342229684,18965820
2022-05-04,230.36434936523438,235.95161631012817,229.34445486768823,234.13354468689846,25951999
2022-05-05,232.4041290283203,235.19778945369885,230.94079984580782,232.3597963817715,17932895
2022-05-06,236.48373413085938,237.10455357374374,229.6104958729742,229.6991882312588,34490123
2022-05-09,233.2023162841797,236.0402820852989,231.073808101958,236.0402820852989,21403710
2022-05-10,230.36434936523438,236.61676842571597,229.78788961141342,232.35980571199772,18033260
2022-05-11,226.72817993164062,232.53719133600052,223.26939433021226,229.69919813912603,17344099
2022-05-12,224.28929138183594,227.39333463522465,220.9635307532052,226.151722746891,20044726
2022-05-13,229.34445190429688,231.33990822527664,225.70828163971203,226.10737019739713,11921627
2022-05-16,225.3535614013672,230.54175375863113,224.37799946891488,230.54175375863113,8186859
2022-05-17,234.75436401367188,235.46384877716406,225.97434797363482,226.15171916450785,17797974
2022-05-18,236.61676025390625,237.50362971072764,233.37969214952972,235.90727551449228,20200332
2022-05-19,244.46556091308594,247.65829637789057,232.89192530141574,232.89192530141574,78287713
2022-05-20,248.32345581054688,250.40760451340714,245.66284735543385,245.66284735543385,32370771
2022-05-23,243.44566345214844,248.7225474932745,242.15969192663135,248.32344541567053,21700165
2022-05-24,240.20860290527344,243.88910581638996,239.45475843791016,243.88910581638996,15547968
2022-05-25,241.84934997558594,242.91357725312827,239.89822603575672,242.07106737487962,15288648
2022-05-26,242.0762176513672,243.4830986605679,239.4893460119058,243.4830986605679,18420159
2022-05-27,244.34539794921875,245.70690641988685,240.5785356870684,244.1638524064787,13468067
2022-05-30,244.209228515625,245.9792006333773,242.89312026136406,245.5253644698471,11819102
2022-05-31,245.66156005859375,249.15610477299893,241.80395187904824,244.2092784980656,23208345
2022-06-01,246.75074768066406,248.79301058232494,245.25309375943874,245.6615297197929,14699792
2022-06-02,248.24842834472656,249.11072829830542,243.12008426809203,245.70695642886218,14240994
2022-06-03,247.5222930908203,250.24531049467987,246.52384783607872,249.60992868712646,12487862
2022-06-06,249.42835998535156,250.336032369141,244.79925298799574,247.2499518042495,10925182
2022-06-07,248.6114501953125,249.6098953165711,247.1137963634054,247.97609617266554,10828539
2022-06-08,243.16542053222656,249.06529089232146,241.6223941349483,248.65685494890764,14361969
2022-06-09,245.8430633544922,246.61459039768684,241.2139287952864,243.074646046554,9860194
2022-06-10,245.20765686035156,245.97918382562673,243.93692122928852,244.20921182881656,8371061
2022-06-13,240.21548461914062,244.25463770255695,238.71783076460227,241.80391124970356,11092690
2022-06-14,240.94163513183594,242.75697982237543,238.7631993432192,238.89937235497905,7422193
2022-06-15,239.08090209960938,242.62081888229878,238.7632112229658,241.44085585472334,5059474
2022-06-16,236.63018798828125,243.16541215748643,235.54097011009975,242.34851259883095,14293357
2022-06-17,238.99014282226562,239.7616699377121,234.67869872414298,235.08716240289834,16654660
2022-06-20,239.71629333496094,241.5770107289612,237.22019416254076,238.99013877391474,17081136
2022-06-21,244.98077392578125,245.8430737812111,239.71628511357875,240.53318472927043,13883034
2022-06-22,240.8054656982422,245.3438274920271,240.44240229473183,242.34851978811392,11320918
2022-06-23,240.98703002929688,242.5754567809024,238.1732399578885,240.98703002929688,9067252
2022-06-24,241.30470275878906,243.57388366173055,240.71472126401673,241.53162084908323,7013132
2022-06-27,245.0261993408203,245.66155346276543,241.8947181756334,242.34855441986534,8172964
2022-06-28,246.75074768066406,247.11381110096664,243.75541213825005,244.0731030185011,11240154
2022-06-29,248.74761962890625,249.60991952178546,244.30003023923823,244.39080302269358,16018449
2022-06-30,248.24842834472656,249.33764642293497,246.88691959694927,248.65689204904632,19262054
2022-07-01,258.0966796875,258.6866612697008,246.1607919092597,248.24842756934444,35165665
2022-07-04,264.9495544433594,266.2202901982512,258.5050751935972,259.27660223405496,39881736
2022-07-05,260.41119384765625,265.94800076884303,259.3673761764399,265.94800076884303,18568655
2022-07-06,262.5896301269531,263.2250119253797,258.9589403072927,259.68509489120385,18292925
2022-07-07,264.9949645996094,266.08415484458635,261.86348378287914,264.13266475153495,13794991
2022-07-08,265.993408203125,267.26417183041156,263.58808167998814,265.8572628716202,11110418
2022-07-11,267.7633361816406,269.533308297402,265.0856917398398,265.9479915295617,12352667
2022-07-12,265.6757507324219,268.0810773074917,264.0419236191917,265.94804140131043,14074628
2022-07-13,266.9010314941406,267.581785726178,265.6756960364418,265.94798664927254,9277570
2022-07-14,263.9964904785156,268.9886880620187,262.45343650908524,267.12794325182796,13414357
2022-07-15,266.44720458984375,266.8556682232313,262.77114268920224,265.0403235414406,11025420
2022-07-18,268.03564453125,268.9433169173361,266.6287634128017,267.76335389540935,11315876
2022-07-19,267.4002685546875,268.30794086634637,265.67569670252783,267.7633319393589,9188419
2022-07-20,270.66790771484375,271.84787069798875,266.49260933608423,267.67257231922923,15789281
2022-07-21,271.8932800292969,274.2986342588392,270.48639876670467,271.3940712457876,16042840
2022-07-22,272.8009033203125,274.5708754153711,270.57712276750334,272.3016946268143,9967545
2022-07-25,273.3001708984375,274.9793704135652,271.21250771477787,271.39405327856184,10640727
2022-07-26,274.5255432128906,275.7055063163161,272.7101983153346,273.2094070821766,9739177
2022-07-27,276.06854248046875,276.8400695256967,272.84631668564634,274.8885794936228,9346146
2022-07-28,275.4332275390625,277.02165439292105,274.4801548067677,276.7493360265657,10839070
2022-07-29,275.0700988769531,277.65697065478514,273.52707247786833,276.84007106703876,16932743
2022-08-01,279.1092529296875,280.2892159271289,275.1155000537755,275.93239964430893,15889556
2022-08-02,281.33306884765625,287.4144572512092,279.7446421624056,281.37844138724955,38982557
2022-08-03,279.6991882324219,282.1952868300988,275.6146632544051,282.1952868300988,17695228
2022-08-04,280.924560546875,281.69608749709244,278.79152522567114,279.5630521758885,15901918
2022-08-05,282.14996337890625,283.0122355153931,280.5615367222613,280.92460013235905,10088723
2022-08-08,284.23760986328125,284.96376441180047,281.42381985019205,282.2407471797717,8307140
2022-08-10,282.4676208496094,285.0998648865195,282.05915724907186,284.2375651520334,8923568
2022-08-11,277.97467041015625,284.5099227210089,277.1123705566538,284.1014590640944,10885990
2022-08-12,280.0622863769531,280.833813397543,276.3862245199725,277.9746510976735,6422504
2022-08-16,281.877685546875,282.73998550722075,280.0623405355927,280.0623405355927,8609864
2022-08-17,283.6929931640625,284.32837491424715,282.28611204574895,282.92149379593354,7975854
2022-08-18,286.50677490234375,286.8244657683454,283.73838528424807,284.1014486882662,9883851
2022-08-19,283.1938171386719,286.9606524356193,282.46769022599506,286.9606524356193,10422413
2022-08-22,285.3721923828125,287.7321461244568,282.28611181295287,282.46765736998816,11355837
2022-08-23,286.73370361328125,286.82447639263864,283.2845595974057,284.0560866719988,9338887
2022-08-24,285.0998840332031,289.9559365325672,284.1468114679291,286.5975378358209,11346892
2022-08-25,283.511474609375,287.1875366836431,282.8307203215503,286.3252645390429,7759104
2022-08-26,284.0106506347656,286.2798313328701,283.19375112343994,285.68984989135487,6956588
2022-08-29,284.60064697265625,285.87141039007594,280.33460365690524,281.3784212926762,11361400
2022-08-30,290.90899658203125,291.7258961806466,285.2360442305876,285.2360442305876,17829428
2022-09-01,288.2767639160156,292.1797442120279,286.8244825151865,290.0013359607661,13254985
2022-09-02,293.3143005371094,294.31274561503994,288.68516623031167,289.275175389971,25758860
2022-09-05,298.4880676269531,299.1688219117797,293.85893295013983,294.9935234248508,17471906
2022-09-06,296.94500732421875,299.53187909273936,296.26425305355343,299.53187909273936,11970750
2022-09-07,295.9919738769531,297.9888365281843,295.2204468003569,295.90120109736006,8085824
2022-09-08,299.4410705566406,300.07645221336753,297.2626626906551,298.6241710693909,10911130
2022-09-09,299.9857482910156,302.52722010124086,299.53191206062075,300.07652107708765,9408098
2022-09-12,300.3488464355469,301.71035528403075,299.5319466664502,301.34729179776207,8712689
2022-09-13,303.5256652832031,304.07027429955355,300.07652101292564,301.0749662595739,10520207
2022-09-14,304.3879089355469,307.70090726433006,300.3941563871523,300.439528921809,12267025
2022-09-15,303.2532958984375,305.93091234208856,302.16407814850476,305.34093093585756,8418672
2022-09-16,300.7118225097656,303.70715772571583,299.25956898683745,301.66489504664264,12492851
2022-09-19,304.6148376464844,305.79480058836657,298.71496753715127,298.71496753715127,14365461
2022-09-20,304.9779357910156,308.24556207162647,304.07026336306615,307.4740349678766,9526068
2022-09-21,309.470947265625,313.32855535710166,304.5241211036273,304.9779573496834,20992080
2022-09-22,313.1923828125,316.5507821185471,309.42554750434425,309.51632029369046,24179987
2022-09-23,314.4176940917969,317.2768564324054,311.6039042883561,315.4161392091419,22838807
2022-09-26,301.8918762207031,314.0093095225348,301.1203490629149,313.01086424186576,16205789
2022-09-27,303.9341125488281,308.2001562631534,303.16258545901457,304.07025787056847,9991052
2022-09-28,294.9481506347656,302.5271928394128,294.358141428448,301.3018572877383,15552911
2022-09-29,302.3002624511719,303.97946182402006,297.48961011811,298.6242005457153,18281337
2022-09-30,301.5287780761719,304.7510039704084,299.66803306262943,302.3002774452405,12427919
2022-10-03,294.44891357421875,302.25490155681985,293.40509588060667,302.16412877912256,9111289
2022-10-04,302.1187438964844,303.16256154744883,297.7165275076743,298.35190922563265,8803255
2022-10-06,305.56787109375,307.9731971238736,301.8464091622584,304.0702173542361,22235092
2022-10-07,303.2532958984375,305.74939451707183,300.7117970485805,305.7039942858491,10506078
2022-10-10,297.5804138183594,300.84804012944306,295.9465868128353,299.5319040166568,9388996
2022-10-11,296.1734619140625,299.9403241381599,295.0842717685075,298.6241882164921,10609956
2022-10-12,299.6226501464844,300.8480133666306,294.7665975036603,297.6711601217874,10337544
2022-10-13,298.3065185546875,300.7118447927291,297.7165370547848,299.48650925445526,7266724
2022-10-14,301.43798828125,303.0717874058251,300.3033978614169,301.61950612844646,6424915
2022-10-17,301.57415771484375,303.8433387360239,299.1688313723855,300.5303399850936,6929063
2022-10-18,308.88092041015625,309.5163021984674,302.7541314370194,303.117222573177,20887417
2022-10-19,314.372314453125,315.37075954791567,308.4270441204849,311.4223794048568,16296080
2022-10-20,317.4130554199219,318.547645941583,312.9654384150388,314.96232881314813,18474706
2022-10-21,313.6916198730469,320.58993637638275,312.6931745883593,320.58993637638275,27372160
2022-10-24,315.59771728515625,317.41306215835255,314.9623354995518,316.73230783090395,3170564
2022-10-25,314.3269348144531,317.2314975169107,311.9216085420857,317.1861249777947,17242211
2022-10-27,313.8730773925781,316.1876584301517,312.1031329873335,314.64460440510265,18558597
2022-10-28,313.8730773925781,316.4145765103083,313.2377233881163,315.4615039536741,13069167
2022-10-31,316.50531005859375,318.1391089532637,312.91999375645554,315.86992843291233,13825970
2022-11-01,317.23150634765625,318.1391787549457,315.143870890876,317.0045882458339,19665200
2022-11-02,321.906005859375,323.35828721563433,316.32382623059243,316.32382623059243,16781507
2022-11-03,321.0437316894531,325.40054803080096,320.408349943857,321.31602232330135,10736155
2022-11-04,320.9529724121094,323.13138067441605,319.9545272127294,321.3160358391665,8386849
2022-11-07,320.8622131347656,323.44908517386494,317.6853595393719,322.2237218185058,10050303
2022-11-09,327.3974609375,328.0782152690585,320.58991762191545,320.8622082745529,20611075
2022-11-10,323.13134765625,326.6712641832785,321.4067757789757,325.8543646308813,19327625
2022-11-11,323.4490661621094,327.624364753489,321.90601199791575,326.76206489115197,10950902
2022-11-14,315.14385986328125,323.99366552467853,314.59925089797196,323.44905655936924,17639889
2022-11-15,313.3738708496094,316.73226953898865,307.83706411575,316.73226953898865,15451411
2022-11-16,312.3300476074219,314.8261464614917,310.106239366539,313.78232884432737,7604924
2022-11-17,311.9670104980469,315.37078194936413,310.96856533233455,312.33007391286145,9994270
2022-11-18,309.5616455078125,312.92004430037565,308.42705506437386,311.966999407872,7838297
2022-11-21,306.0671691894531,308.60864103564273,303.5256696432979,307.79174134936505,9198816
2022-11-22,308.8355407714844,309.51629508619004,304.7056423422554,305.88560540775967,6495845
2022-11-23,308.42706298828125,310.42395330002086,306.3394275987048,310.42395330002086,7768291
2022-11-24,309.2893371582031,310.8777636879958,306.3847747094552,308.4270373906172,8140857
2022-11-25,308.88092041015625,310.3332018548927,306.61173930899446,309.5163021984674,6933254
2022-11-28,308.65399169921875,310.1970458749979,307.47402864712666,308.60861915873966,9902739
2022-11-29,310.69622802734375,313.14695440265336,308.60859274464394,308.60859274464394,10189855
2022-11-30,308.6086120605469,312.37544693246974,307.70093967213353,309.74320254606357,22556502
2022-12-01,308.20013427734375,310.151651982942,305.7040353236325,310.151651982942,16630417
2022-12-02,306.0217590332031,309.33475791466105,305.6586955955028,308.0186494905019,8388835
2022-12-05,305.65863037109375,307.5647476372304,303.2986769796845,306.4755298565927,9716390
2022-12-06,306.1578674316406,306.97479469288595,303.2533325804132,303.2533325804132,6327430
2022-12-07,308.69940185546875,309.9701377293002,305.5679208628443,307.24712041396225,9813208
2022-12-08,307.1563415527344,310.5601131295598,306.33944191428907,308.790168529589,6200447
2022-12-09,309.8793640136719,310.8778092329531,306.79328327222817,308.3817100347323,8132228
2022-12-12,311.5131530761719,312.23927985631843,308.6993633281721,309.51626288082724,11214662
2022-12-13,313.6916198730469,314.0546833311243,310.78705680849504,312.6931745883593,10693426
2022-12-14,313.510009765625,315.27998184690034,312.0123559968323,314.05461869062975,7379878
2022-12-15,307.5648193359375,314.14544468644834,306.79329220312593,312.92008132256706,8154931
2022-12-16,304.1610107421875,307.61015460033565,300.71183918407746,306.33941884733173,12429280
2022-12-19,309.06243896484375,310.7416383729271,304.3879318450155,305.70404014867705,7812801
2022-12-20,308.7447509765625,309.4709054922132,305.65867045994383,308.65397819961083,5482218
2022-12-21,304.2064208984375,309.74322847117537,303.6164393365807,309.51631035507927,7045201
2022-12-22,301.75567626953125,306.2486376693718,299.44109521510325,304.66021109670913,6584445
2022-12-23,296.5365905761719,301.2564705383183,295.31122726966595,300.3487981186789,10073884
2022-12-26,303.7071838378906,304.16102002781577,295.4473596412607,296.3550320211109,9566210
2022-12-27,302.39105224609375,305.3409875239109,299.6680350665702,304.61486068935653,6727343
2022-12-28,303.5256652832031,304.07027429955355,300.8934206874687,302.1187840492659,7737562
2022-12-29,304.3879089355469,304.7509723126809,300.9387376028733,303.4802366427317,8105359
2022-12-30,300.9387512207031,305.65865843690716,299.98570635010486,304.4332952461656,6960264
2023-01-02,302.1187438964844,303.16256154744883,299.21418132862,300.34877175357303,5951893
2023-01-03,300.5303039550781,302.5725666292972,299.75877696038106,300.89336733494724,5997051
2023-01-04,296.8088684082031,301.8010665006958,295.9011960277499,301.2110849933938,6689769
2023-01-05,302.6634216308594,303.0718576566963,297.8981407629869,298.30657678882386,8171437
2023-01-06,304.1156005859375,306.38478139227925,302.34565617696757,303.7979374330185,8284135
2023-01-09,306.8386535644531,309.78858895890494,305.11408148922806,305.84023605245625,10618786
2023-01-10,302.6179504394531,307.15631210681136,301.84642341601,306.70247594007554,6949605
2023-01-11,301.1656799316406,304.16101535914777,300.7118437486816,304.16101535914777,4584293
2023-01-12,299.395751953125,302.7995235130742,297.8073252251487,302.6179779498914,6638422
2023-01-13,298.39727783203125,301.57413098005287,296.2642423212245,299.39572293283027,14412671
2023-01-16,299.71343994140625,301.5287847558304,297.30808590232346,299.84958526249534,8253942
2023-01-17,301.57415771484375,302.7087482254338,298.71499516814947,299.7134403574615,13712537
2023-01-18,303.7525634765625,305.4771354985942,301.7103005741652,303.16258195586266,12555527
2023-01-19,301.4833984375,304.6602520094441,301.0295622129366,303.1625980083777,8346130
2023-01-20,303.7071838378906,304.25179280579334,298.8511310656991,301.3472301102874,13103664
2023-01-23,306.5663757324219,306.92943917923253,302.3003040574916,304.9779489151554,7124807
2023-01-24,307.65557861328125,309.28937789340756,306.4302153032045,306.6117331676829,12302874
2023-01-25,307.9278564453125,309.5162831182065,304.297166907269,307.6101655707411,12497542
2023-01-27,314.0546569824219,316.64152891663406,309.97013109681234,310.2424217425341,21040139
2023-01-30,312.9654235839844,319.27375766546186,310.28780669973133,314.87154111003935,14091519
2023-01-31,319.818359375,322.2236855723789,309.56164515793023,314.0546343888538,17134291
2023-02-01,328.03277587890625,331.9357835340277,298.7149705786185,320.4083338153602,64518967
2023-02-02,343.6447448730469,349.1815515486218,327.1250976180451,328.21431547879985,55745171
2023-02-03,345.5054626464844,346.95774389670476,337.6541026280554,346.64005304510016,22295321
2023-02-06,348.0016174316406,352.3584618822506,344.55247314571074,347.18471775339043,25790153
2023-02-07,338.7886962890625,348.455401038363,334.431880196408,348.455401038363,20643707
2023-02-08,340.8763732910156,342.46480005882086,337.24568353603223,340.15024642000475,10420462
2023-02-09,339.6963806152344,344.91549668347113,337.79026311988594,339.46946252531103,11861196
2023-02-10,337.0641784667969,342.14714985677006,336.11110574994626,337.8357056090191,10278597
2023-02-13,339.6510314941406,340.5133036753205,335.8387962406129,338.56181350742867,9901148
2023-02-14,350.77001953125,351.8592098206816,339.2425686600079,340.3771591906434,29125052
2023-02-15,352.38348388671875,352.9827698794785,349.01820843350345,351.968578433447,12209350
2023-02-16,352.7061462402344,355.1955226112486,351.2770775207935,352.1990646009006,9775280
2023-02-17,353.4898681640625,354.55014776064354,349.6636271137144,351.3231927312487,7672135
2023-02-20,354.089111328125,357.2699778696894,351.5536469690498,354.6884254133556,7804976
2023-02-21,352.4295654296875,355.79481268347166,351.92248378451393,354.96502992918164,8259574
2023-02-22,353.90472412109375,354.87279923974023,350.35506845803826,352.1990425025543,8961077
2023-02-23,357.3622131347656,363.26292507202453,353.213271097141,354.45795933579114,18830592
2023-02-24,355.0572509765625,358.65299517226345,351.277098099312,358.65299517226345,12910220
2023-02-27,352.38348388671875,356.624602073519,348.6033311170453,355.05724087221,8142319
2023-02-28,347.31256103515625,354.27355257003046,345.7451716688651,352.6600751022424,16367477
2023-03-01,349.156494140625,350.7238551854095,344.45435473264996,345.053640665562,7766667
2023-03-02,346.25225830078125,350.1246155337606,345.46859174320537,349.89411874934075,5019603
2023-03-03,354.9189453125,355.33382262531,346.7593538521426,347.58913661457603,8180709
2023-03-06,357.8692626953125,361.8799119326288,355.19550591603877,355.79479186257765,10714339
2023-03-08,361.7876892089844,362.4791794514086,355.05719543744607,357.730952080791,8917699
2023-03-09,357.27001953125,362.89414675639523,355.56433768160883,361.5111660356291,9634283
2023-03-10,357.7309875488281,359.75937038243836,353.5820456829268,356.7629123681763,8362265
2023-03-13,353.7203674316406,360.40477432510545,352.66008782762646,358.8374130390717,8791872
2023-03-14,350.0784912109375,356.3019037463719,347.77352360522104,355.610413464657,10229766
2023-03-15,349.8019104003906,354.3196416958955,348.5111340497913,351.27709543113883,8423692
2023-03-16,351.6919860839844,352.52176883608524,347.4508398504753,350.908291431573,15710094
2023-03-17,346.25225830078125,354.9650480065776,340.8125398158356,354.9650480065776,48904254
2023-03-20,349.24871826171875,349.7558280720917,342.97921694856757,344.177788978877,10122167
2023-03-21,347.5430603027344,349.24871398571906,344.86927511324785,349.24871398571906,11610832
2023-03-22,348.28057861328125,349.29476990966924,345.00753611796625,347.5430002905315,4774867
2023-03-23,350.954345703125,352.89052402927604,345.1919269567292,347.5890987825919,9752326
2023-03-24,349.156494140625,353.12102705386843,348.5110919748362,351.7380465301587,9934501
2023-03-27,350.53948974609375,354.41181849699905,346.9898339551549,348.4650188712763,10816352
2023-03-28,350.1246032714844,352.52177537285854,348.6494182754992,350.53950872363487,9170535
2023-03-29,352.8905334472656,354.0430172273024,347.7274004853386,350.53947779071495,10160322
2023-03-31,353.5820617675781,354.50404889083126,350.35510683619214,352.19908108269846,9511189
2023-04-03,349.3409118652344,354.0430517739702,348.97212264699925,354.0430517739702,7059200
2023-04-05,356.25579833984375,356.8550843081818,349.34089531253,349.34089531253,11608424
2023-04-06,357.1316833496094,359.851528218602,354.22742981903934,356.4862811708999,12897667
2023-04-10,358.2380676269531,359.5749601437511,354.73452798796984,357.1317000162907,6783022
2023-04-11,365.1068420410156,367.0430203155647,357.7309462422072,358.23802782365146,18237451
2023-04-12,362.8480224609375,366.76646774944356,361.5111580093004,366.72037964783385,9747526
2023-04-13,364.73809814453125,365.66008523380617,362.98632830227143,364.6458938082411,6059044
2023-04-17,368.93310546875,370.6387871064279,362.24869948237784,362.24869948237784,11041243
2023-04-18,367.4118347167969,370.63878935044505,366.0288541595191,368.79481527407467,9494641
2023-04-19,367.642333984375,370.03950592737215,365.106869612069,365.15295770956806,9744202
2023-04-20,369.0714111328125,371.2380863644985,366.6742672715214,368.7948262678365,6667781
2023-04-21,376.4012145996094,377.09270488974954,367.91892245249903,369.0714062693993,14252204
2023-04-24,376.8161315917969,378.014703543429,372.6671897236373,378.014703543429,5981760
2023-04-25,379.4437561035156,381.2877301886,375.61751550432786,376.8161155417196,8840188
2023-04-26,380.0891418457031,380.7806320976965,377.1387721824738,379.85864509503864,7620723
2023-04-27,383.546630859375,384.83740716278913,378.93669539231524,380.0430911591348,12614263
2023-04-28,392.3515930175781,394.840969403393,381.42606856280145,385.39060177610804,12718721
2023-05-02,391.3373718261719,393.68842729180926,388.34091424139814,392.76644034264814,10253527
2023-05-03,393.8267822265625,395.07147043288523,389.12464241201735,390.9225285030183,7325483
2023-05-04,391.4757080078125,393.6884713058224,390.92251014910704,392.12108206229226,7984933
2023-05-05,395.3019714355469,398.2062251901596,391.2452337991978,392.720418795183,12412416
2023-05-08,397.7912902832031,399.63526422701347,395.8551120148404,397.37638489112203,7243636
2023-05-09,390.7381286621094,399.35871382751463,388.6175695491881,399.036012709423,9992962
2023-05-10,392.167236328125,393.0892234697748,389.2629824592909,390.87645995717816,9754485
2023-05-11,387.6033630371094,394.05727260098024,386.2203824162799,393.9189801662598,15982423
2023-05-12,387.64947509765625,389.72394600655525,383.5927094774704,387.6033588620377,11135894
2023-05-15,394.4260559082031,395.25586677774334,386.3586690739918,387.2345680421454,9151102
2023-05-16,390.8764343261719,396.45444491265977,390.46152888491025,396.45444491265977,7994197
2023-05-17,394.2416687011719,395.4863568475933,389.6317334453977,391.06080211996294,9479691
2023-05-18,386.9580078125,398.71334366218224,385.48282278439274,396.45446395006667,23995166
2023-05-19,387.09625244140625,390.0927102290581,379.2593628429321,388.1104437815121,25767521
2023-05-22,391.6139831542969,392.5359701658432,386.40476216642236,389.03243077669146,15421680
2023-05-23,395.6707458496094,397.560836227043,391.10692673073913,392.76649220363515,8732608
2023-05-24,399.681396484375,400.8338803266022,393.68848050479386,394.8870524459851,11479706
2023-05-25,406.734619140625,407.9332192986932,400.87999520366964,402.8622900541643,18204464
2023-05-26,408.99346923828125,410.0537487397568,405.213316629844,408.8090605698453,12995706
2023-05-29,414.06439208984375,416.5537402566292,409.4544568141537,410.2842395364155,19826254
2023-05-30,421.13165283203125,422.582556992725,412.80075887633177,412.80075887633177,18900002
2023-05-31,417.0129699707031,423.09733429126334,414.15801044675186,420.5699715316421,14272292
2023-06-01,411.5838623046875,418.41706013774206,410.9286116341583,418.41706013774206,8803137
2023-06-02,415.0472412109375,416.45132526683796,411.6774337635438,411.86465639746245,9203842
2023-06-05,412.4731140136719,418.27667324975283,411.9582945860592,416.5449637546186,7152179
2023-06-06,414.48565673828125,415.2345188069151,412.23912766471386,412.6135444159473,6454486
2023-06-07,415.5621032714844,417.1533814491336,414.438824562185,415.6088946484701,7543432
2023-06-08,414.5792541503906,417.2470198333943,413.6431980206466,417.2002284533735,7024424
2023-06-09,410.413818359375,416.26416912532477,407.32481601525404,407.32481601525404,7057843
2023-06-12,409.00970458984375,412.7539288092133,406.1079251065996,411.8646641306475,8719176
2023-06-13,416.91937255859375,417.85542863913224,410.27336867353785,412.8007315174575,16111860
2023-06-14,416.07696533203125,419.1191478682047,415.3749232082989,417.71506362074007,8704178
2023-06-15,419.4467468261719,420.0551775818596,416.3109531577316,416.54496718423957,7498727
2023-06-16,424.12701416015625,426.4671543524258,419.25951113376993,420.2891785316014,11729681
2023-06-19,424.59503173828125,426.74794923566407,423.3313503523549,425.6714904869727,4189180
2023-06-20,423.89300537109375,425.71829760388647,421.3656425057933,425.71829760388647,4472119
2023-06-21,418.4638671875,425.1566911411811,416.5917549914863,423.0973562991,6059504
2023-06-22,419.0254821777344,420.8975942648156,417.3405927258266,419.35310750620624,6637099
2023-06-23,416.3109436035156,419.0255005354771,414.3920400566544,418.8850978360275,6090901
2023-06-26,417.2002258300781,422.5357285963705,415.6089189930528,418.3234760390085,5477339
2023-06-27,416.6385498046875,418.6042732051636,414.81322909721035,417.574605846232,4865596
2023-06-28,420.6167907714844,421.78686083117685,416.0769132266448,416.54494125052184,12082753
2023-06-30,422.7229309082031,423.0505562490229,418.04265051410465,421.2252354688587,9106074
2023-07-03,433.62799072265625,436.15535363309687,421.27203870787054,422.7229428105921,10699143
2023-07-04,436.52978515625,438.07427206890065,430.3986003198594,435.2661036582026,7725081
2023-07-05,444.7202453613281,449.91534513260376,434.61082264764633,436.5297547342584,16252992
2023-07-06,443.59698486328125,446.87318124863214,440.4143998021734,446.8263898695933,9471054
2023-07-07,438.4486389160156,445.09464244493495,437.6998055181781,442.75450236898894,7323451
2023-07-10,436.0617370605469,440.7888089083192,434.0492221718764,439.9463641370345,6521300
2023-07-11,442.89495849609375,444.2054313835009,436.20216278462726,436.20216278462726,8457557
2023-07-12,442.0992431640625,447.200759857346,440.36756239431094,447.200759857346,12340934
2023-07-13,441.8184509277344,446.2647171182148,440.88239488763327,443.59695169069386,7909757
2023-07-14,442.66094970703125,444.6266733445246,441.2100740941632,442.75456103570554,5081391
2023-07-17,442.1461181640625,445.3754946688116,440.5080199386175,444.1586331278046,6090738
2023-07-18,442.2864990234375,443.87780579030516,440.88241489955357,442.3332904011011,5352283
2023-07-19,448.2304382324219,449.72813360218726,438.16783585259253,442.52049070365814,13867323
2023-07-20,460.67999267578125,462.1308967351243,445.8434981390883,449.21330573020487,20250206
2023-07-21,459.0887145996094,465.8751211609414,455.8593097060269,460.35236745120164,13971982
2023-07-24,441.2100524902344,467.74724888157925,438.214661516327,461.89689820298315,38976815
2023-07-25,432.7387390136719,438.54229846680687,426.27995740690307,437.98065907357346,43534718
2023-07-26,442.0524597167969,442.7545017385811,432.5046767940663,435.1724421900789,18143422
2023-07-27,435.3128662109375,444.76703828077245,431.61546185473736,444.0649962245891,13989457
2023-07-28,438.4954833984375,439.431539481204,433.76838304076784,437.7934413363626,9978231
2023-07-31,435.9213562011719,439.6655807644075,433.8620212649257,439.01033003937465,8194797
2023-08-01,435.078857421875,438.8699017105321,434.1428013357125,436.20213615173594,6438221
2023-08-02,430.6794128417969,435.07885932631933,428.7136893390182,434.8916652479663,10318220
2023-08-03,426.88836669921875,434.09600998966397,425.25026854831435,430.6794109881535,10617897
2023-08-04,425.8587341308594,431.89627883629345,425.2034834343788,427.12238701295513,6834401
2023-08-07,425.8119201660156,427.35640703950656,422.11451565870897,425.06308670194903,9161131
2023-08-08,423.4249572753906,427.77761216736195,422.2080672783237,427.77761216736195,6392488
2023-08-09,429.3221130371094,430.4921831307274,418.3234541570995,423.42497119174004,9758343
2023-08-10,422.8633117675781,429.93052337120747,420.28915768376885,429.5561066722496,13194170
2023-08-11,420.0552062988281,424.87588986122466,416.31098161872717,424.87588986122466,11582326
2023-08-14,420.4764099121094,422.3953134831847,416.59175425927657,420.0551732422806,7562808
2023-08-16,421.459228515625,428.1520234329015,419.5403250760002,422.16127053980426,14920272
2023-08-17,412.80072021484375,421.22522470902425,411.8646641599348,421.22522470902425,16269569
2023-08-18,413.4091796875,415.00048651797687,410.46060862271366,412.80074892272916,19324262
2023-08-21,419.1659240722656,419.8211747904898,413.1283791664833,413.7368099384537,9572041
2023-08-22,425.2034606933594,426.04590542508873,418.4170543311649,420.2891664310806,9854945
2023-08-23,421.646484375,426.51395898651043,419.9147748656635,426.46716760767646,8445029
2023-08-24,422.06768798828125,424.50143955120143,420.5699925213946,421.78688258593724,6088274
2023-08-25,415.00048828125,422.1613119164894,413.7835981803721,422.0677005908579,9270988
2023-08-28,413.1751403808594,418.2766573492661,412.8007236689956,416.54494791996154,6910750
2023-08-29,411.9582824707031,415.608895433576,411.11583772021925,414.62604798570555,9480003
2023-08-30,414.48565673828125,415.60893555814846,412.33273899406396,412.80076707464747,7364924
2023-08-31,411.5838623046875,416.45133669231853,408.214054764842,414.6728358859502,19900312
2023-09-01,412.8475036621094,416.5449364344535,410.2733495605481,411.8646562497967,11438624
2023-09-04,409.5245666503906,415.0005008548349,408.7289132076651,415.0005008548349,13604608
2023-09-05,414.7664489746094,416.0769217550934,410.4605853534498,410.83500206699324,8378915
2023-09-06,418.8382873535156,419.82113477099574,413.7367704989523,415.5620912070307,12863039
2023-09-07,417.3874206542969,420.2892003566293,416.17055911759263,420.1019777050597,8090369
2023-09-08,414.34521484375,419.25950922514426,413.59638141209854,419.25950922514426,9939517
2023-09-11,418.6042785644531,419.4467232993961,414.3452063811998,417.4809998737533,9320577
2023-09-12,422.3017272949219,425.2502984607214,417.1066270773782,420.1956009527555,14406441
2023-09-13,424.5014343261719,427.77763062196374,422.2549054365761,423.2845728427722,11813170
2023-09-14,421.178466796875,426.7479836264029,418.55749249518595,426.7479836264029,14430930
2023-09-15,419.6807861328125,423.19099674187555,418.4171046003164,419.3999521443872,15077136
2023-09-18,423.1441345214844,424.9694552823124,417.66822937132866,419.68074420623896,8197425
2023-09-20,423.9866027832031,425.9991175941275,420.8039893339305,422.81653271101874,9959649
2023-09-21,418.8851013183594,424.54822925049916,416.0769330413648,423.8461871812505,10719470
2023-09-22,414.7664489746094,419.72753470292884,413.970795604477,418.88508995591513,7506309
2023-09-25,414.29840087890625,416.357706986756,410.3201627870533,414.7664288897125,5782955
2023-09-26,414.15802001953125,416.07692353851877,411.5838658244111,415.23447878789415,5327833
2023-09-27,420.4295654296875,421.03799614357916,410.7413796845519,414.1580070897962,10490786
2023-09-28,412.56671142578125,421.17843866646626,411.4902526622366,421.17843866646626,10216736
2023-09-29,415.9833068847656,417.10658558197287,411.1158325179167,413.73677805651505,8160058
2023-10-03,411.6306457519531,414.57921658020683,411.16261772949497,412.8007158080985,7481883
2023-10-04,408.21405029296875,413.4559699012864,405.5930762057281,411.6306491720681,13396709
2023-10-05,408.167236328125,412.33269725007955,407.231180261723,411.86466921687855,10030257
2023-10-06,413.8771667480469,415.2344594140662,408.72885859801397,409.8521372572136,8418580
2023-10-09,412.2859191894531,414.86007345520005,409.29052825375436,412.7539472377708,5611154
2023-10-10,415.9833068847656,416.4045435377593,412.285902591606,412.285902591606,5014758
2023-10-11,419.587158203125,420.7104369800515,416.3577531440858,418.6043106979388,7651513
2023-10-12,421.8804931640625,423.5653827074826,417.6214207949292,420.8976171252633,11774487
2023-10-13,419.6807861328125,422.91016275345027,418.4171046003164,421.0848703764377,7632483
2023-10-16,420.24237060546875,422.16127406109933,417.6682164953401,419.353105940959,4214958
2023-10-17,424.4546203613281,425.4374677712982,420.2891595804464,421.0379929817414,6936218
2023-10-18,422.76971435546875,428.9008986964292,422.1612836288817,425.2034658279811,6894947
2023-10-19,421.5996398925781,425.81189212443013,418.2766523361381,420.99120917232113,9465463
2023-10-20,410.27337646484375,420.2891881432765,409.3841403111439,416.5449637500179,13020371
2023-10-23,408.0268249511719,411.81786907914903,405.40587944746903,409.99254836203073,7275471
2023-10-25,405.0314636230469,409.9925492537617,399.7427240959522,408.9628818871519,10889221
2023-10-26,406.5759582519531,408.68208440186015,402.08287199245297,402.08287199245297,18801214
2023-10-27,406.01434326171875,408.8693030097728,404.563467697855,406.57598264862804,13132487
2023-10-30,402.92535400390625,409.19691264599123,400.95963050832313,406.7631611069914,7618033
2023-10-31,401.0064392089844,405.63992846543437,400.5384111453497,402.50413472584864,8620154
2023-11-01,400.7256164550781,403.53378471535734,398.29186491626984,402.5041173066887,7990245
2023-11-02,403.5805969238281,405.03150107289224,401.2404565861437,402.5509294620137,8152031
2023-11-03,405.5462951660156,406.6227539408172,403.5337803146624,405.1250585051016,13802600
2023-11-06,407.51202392578125,408.8692881146874,404.89104973774164,405.780314448466,7308229
2023-11-07,405.0314636230469,407.0907697901028,404.51661565666024,407.0907697901028,5124012
2023-11-08,409.00970458984375,409.52452399354155,404.65702108189566,405.4526744417444,6979849
2023-11-09,406.62274169921875,409.9925491865878,406.1547136750331,409.8053265504481,7785767
2023-11-10,408.63531494140625,409.9926078321579,404.84429882969926,406.6227998627696,4079205
2023-11-13,408.1204528808594,410.36698177064034,407.1843967962703,410.36698177064034,3744754
2023-11-15,413.69000244140625,414.2048218669783,409.5245413939051,410.0861807639069,7436428
2023-11-16,410.60101318359375,416.07694722361697,409.6181656796106,413.6900155332774,10857863
2023-11-17,411.1626281738281,413.26875432838955,410.27336348210315,411.1626281738281,6655278
2023-11-20,408.8692932128906,412.1454895641675,406.7163756085176,411.7242814587024,4335388
2023-11-21,408.3544921875,411.2094519958113,407.65245008058736,409.1969370025618,5997810
2023-11-22,411.5838623046875,412.2390844090527,406.99716474331126,409.0564995082624,4886687
2023-11-23,412.19232177734375,413.97082270773905,410.2265981948369,412.7539611675123,6366606
2023-11-24,409.80535888671875,413.97082005711763,408.9161227102978,412.80074990432763,6821878
2023-11-28,407.41839599609375,410.9286061856063,407.0907706651732,409.9925501350697,8745691
2023-11-29,409.2437438964844,410.46060541652093,406.38875561306696,408.1204651347848,13785216
2023-11-30,407.9332580566406,410.4138297028971,406.7163964901563,408.7757314431554,15127505
2023-12-01,421.03802490234375,422.11451227679254,409.4309349053117,409.898962958145,19336856
2023-12-04,425.01629638671875,427.21603411924747,422.16133646899414,425.9055611826881,12800220
2023-12-05,422.8633117675781,428.5264393254933,421.31882503052515,425.9054938666254,12136292
2023-12-06,433.62799072265625,434.79806085412594,423.1909708631799,424.87586042603016,20417559
2023-12-07,428.80731201171875,435.0788708427678,428.15206130472654,435.0320794634822,11310918
2023-12-08,420.4295654296875,432.08347457568834,419.82113471579584,430.53898782006695,18667895
2023-12-11,423.51861572265625,424.5950745799625,420.5700160025929,422.6293509553091,6599973
2023-12-12,424.12701416015625,430.5857953775872,423.4249721024754,425.1566815579877,10158101
2023-12-13,426.513916015625,429.5093066795142,424.12698461226756,427.1223467099943,11283868
2023-12-14,430.6794128417969,431.5218576097978,420.7104211937623,430.58580151953794,14370803
2023-12-15,428.90093994140625,433.3472066599701,425.9055488308544,432.36433056142965,15789845
2023-12-18,422.76971435546875,426.84156393518856,421.55285290229455,425.9055078739272,12027620
2023-12-19,426.9351806640625,428.7136814897609,423.1441364282208,424.3610264629777,10268755
2023-12-20,422.16131591796875,429.8837790140292,420.5700090656474,429.64976498081523,10367665
2023-12-21,422.5825500488281,424.7354677149111,416.0301571584603,420.289201110733,11154625
2023-12-22,426.0927429199219,426.7479650421857,421.7400592553807,424.03340809871605,11026317
2023-12-26,427.2628173828125,429.5561376833436,425.62471921121954,426.8883720906592,5871301
2023-12-27,427.8712158203125,429.18168854538646,424.7354224154179,427.77760450434374,7543383
2023-12-28,434.42364501953125,434.98528439702585,426.9351961627108,427.96486359375666,20696101
2023-12-29,432.5515441894531,437.9806583270682,431.8495020906495,434.42365645292955,12888266
2024-01-01,438.12103271484375,439.89956210312073,433.0663356434103,433.86198901719246,9346277
2024-01-02,440.27398681640625,441.21004290464515,433.9556082207936,439.94636147228965,10519771
2024-01-03,446.7327575683594,449.96216242303007,439.3379203590358,440.1803651053347,24036012
2024-01-04,445.9371032714844,450.6642035353911,443.8777970699436,449.306910815836,11786959
2024-01-05,443.6437683105469,448.7452565512019,441.8184476195517,448.7452565512019,9209405
2024-01-08,435.7341003417969,445.0946610365723,434.8448356493275,444.6266330018335,8003177
2024-01-09,434.8448486328125,439.8995744118453,434.0024038583621,437.60622554668544,5696780
2024-01-10,433.6748046875,436.90420984501185,430.63262218724014,434.84487487990765,5896123
2024-01-11,433.0663146972656,436.7169274852779,431.61543928349244,434.4236073613731,6534775
2024-01-12,436.85736083984375,437.7934168702988,430.9133993332215,433.6279561083086,9354326
2024-01-15,437.6998596191406,440.4144167295325,436.2957754000242,439.94638865649364,6902156
2024-01-16,442.0992431640625,444.6266058236302,434.5640036918323,437.88699110889127,12066347
2024-01-17,436.7637634277344,446.49874074114285,435.4532906566116,441.25682109048785,11108698
2024-01-18,435.7341003417969,437.9338378183019,425.48427495455206,435.50008632442746,9143784
2024-01-19,441.3504943847656,442.75457867230995,436.5766020938814,438.5891171927946,12203322
2024-01-23,429.9305419921875,443.456563644866,427.2159850994676,443.456563644866,8404513
2024-01-24,433.95562744140625,437.5126293077937,428.8073187280651,430.6794309874619,21626183
2024-01-25,426.513916015625,435.2192540640866,423.1909286005725,433.90875279478354,19677700
2024-01-29,421.03802490234375,428.0116543160256,418.8851072857768,426.7479728601427,17869152
2024-01-30,410.0393371582031,424.688637046518,409.43090644504605,418.4170501480352,43514448
2024-01-31,413.3155822753906,414.20484704579746,410.64784509650366,411.8647066670076,19882944
2024-02-01,414.5792541503906,419.1191320928823,411.209446370079,413.7368093468542,19165409
2024-02-02,411.9582824707031,418.60428628659,411.39664311499246,416.54495150437236,17156021
2024-02-05,410.0393371582031,415.2812566987937,408.6352530973037,413.736769945037,12041897
2024-02-06,403.8145751953125,412.70710769098054,402.03607440941164,411.86466295725523,18764371
2024-02-07,404.1889953613281,407.18438618038505,403.25293930114333,407.18438618038505,12880824
2024-02-08,393.74114990234375,407.56081245062967,388.0898347382165,407.46582627440245,48183882
2024-02-09,394.6434631347656,402.90676745894746,388.08982297371307,389.5145286167988,32283965
2024-02-12,386.42767333984375,397.01797968010135,385.6678129251059,396.5905563852044,10906914
2024-02-13,386.33270263671875,390.1793965020005,383.05586787317344,386.47516741215287,15606705
2024-02-14,390.8917541503906,391.5566284248391,384.10066257157774,385.62035449480817,12150077
2024-02-15,383.6257629394531,393.7411679792622,382.9134100636115,392.2689836301412,20383983
2024-02-16,384.2906188964844,388.9921302614633,379.35162759850095,384.67053461501126,37518847
2024-02-19,388.70721435546875,392.03152773419606,384.2906323780164,384.67054810987133,16949793
2024-02-20,385.71533203125,389.8469843911069,384.0056677862858,389.8469843911069,14084218
2024-02-21,383.1033630371094,389.5145385952345,381.15624788358537,386.5701410602867,19414653
2024-02-22,393.6462097167969,394.31105500768507,383.19836756612096,386.4751733946781,18604659
2024-02-23,390.7492980957031,395.02341542073424,389.89448042783954,395.02341542073424,11147636
2024-02-26,388.65972900390625,392.3164504683843,386.85507858396267,390.464350438138,7982145
2024-02-27,390.5118103027344,392.0315021165609,388.0423147284801,389.4195417753845,7783743
2024-02-28,387.80487060546875,391.6515932942478,386.3801649397827,390.5118171674145,8617768
2024-02-29,385.9052734375,390.4168415002639,384.19563818694786,388.46975529903995,14895144
2024-03-01,388.9446716308594,392.41144984214816,387.0450639550066,388.374783530961,12395632
2024-03-04,388.5647277832031,392.22147809182496,387.9473611303552,391.5566038590898,6840352
2024-03-05,385.7628173828125,390.7492874596185,383.67326636110215,389.08713076734983,9733507
2024-03-06,387.37750244140625,389.37209630512467,380.5864107737787,386.09526145860775,11106855
2024-03-07,392.7913513183594,394.12109983174486,383.38829946144494,387.377487030178,23020545
2024-03-11,388.84967041015625,397.3029184436073,387.51995088563217,395.8782127418219,17620081
2024-03-12,384.1481628417969,386.09524905949723,379.3041576099597,386.09524905949723,34882639
2024-03-13,401.24462890625,416.0140664756558,400.0098665686623,413.164655061439,101612428
2024-03-14,398.5851745605469,404.1415328063788,397.0180040260078,400.769740777955,30764728
2024-03-15,398.0627746582031,407.0384030929205,394.40602426522435,396.2581532522053,73253754
2024-03-18,396.49560546875,399.5824677997885,395.97319599053196,397.96778975542225,15933704
2024-03-19,388.9920959472656,398.490133001143,388.1847859862531,397.0179488520755,20994563
2024-03-20,394.8334655761719,395.73576182747405,388.99214880571907,389.4195721255078,19609321
2024-03-21,400.1048583984375,400.81721126205485,395.3083607110319,397.96779980758527,19227982
2024-03-22,407.0859069824219,408.0831893597766,400.10484338380553,400.10484338380553,38861818
2024-03-26,406.18359375,407.6558070476544,404.1889999508723,404.1889999508723,10274145
2024-03-27,406.51605224609375,407.3708699233003,405.04386785677764,405.5662483857057,12227545
2024-03-28,406.8484802246094,411.5025132384732,405.5662392448426,406.5160430838235,27933211
2024-04-01,405.2812805175781,409.69786225381614,404.3789553412054,407.56080376992253,9382308
2024-04-02,404.47393798828125,407.1808845080833,403.2866832853602,407.1808845080833,8853678
2024-04-03,403.8565979003906,407.2758684811104,399.86741024193435,404.61642936594785,12664520
2024-04-04,401.5295715332031,405.89867497446807,398.82262480437606,404.1890106788186,18358410
2024-04-05,406.088623046875,410.03033219910077,398.8701370007997,401.29212521550744,16147032
2024-04-08,407.5608215332031,409.74535870655507,406.2785805898391,406.8009610921631,8516632
2024-04-09,404.9488525390625,409.84033627099467,404.188992113993,408.84305388362327,6708894
2024-04-10,415.01678466796875,415.82409471458095,404.3789704454079,406.80095855666815,14008124
2024-04-12,408.5106201171875,413.87700578925757,406.8009558860114,413.16465293936216,18088372
2024-04-15,404.52142333984375,407.608285619006,401.67201200523243,406.51601707121387,8746243
2024-04-16,404.52142333984375,405.5662132930101,401.95697053012015,402.004449124746,9973638
2024-04-18,397.8253479003906,405.4712572895867,396.68557168744974,404.61643962273763,21312388
2024-04-19,403.42913818359375,404.85384379224683,395.11835546645085,397.0179629446549,16582634
2024-04-22,403.9515380859375,406.13610418243013,402.09943809698234,405.56621611440113,7112139
2024-04-23,407.6557922363281,408.8905255507918,403.76159095774983,403.9515343215153,12021404
2024-04-24,407.370849609375,409.17547105698054,406.80096152441746,407.7032867410762,5845170
2024-04-25,415.5866394042969,416.29899225139764,407.4658285416329,409.3654361339016,29211997
2024-04-26,417.9136962890625,421.0480374169451,414.4943966131911,417.20134339766065,14773975
2024-04-29,416.20404052734375,420.24070671393775,412.78474101920403,419.8132834057783,11627882
2024-04-30,413.78204345703125,418.38859794895814,413.25966293128954,417.8662174232164,12064043
2024-05-02,416.9638977050781,420.383197424176,413.0222174533004,414.1144861034489,23228909
2024-05-03,414.5419006347656,417.96117129553807,409.6978952177205,417.96117129553807,22904276
2024-05-06,412.9272155761719,418.3411090077983,411.59749600975687,416.0140780272876,10355056
2024-05-07,418.2461242675781,423.612510134698,413.3546403176496,414.9692894446726,25968921
2024-05-08,418.86346435546875,422.3777499137332,416.2040253824168,419.1009152989809,10511646
2024-05-09,403.7615966796875,419.3383730290372,402.09944004820204,417.9611459400933,23412609
2024-05-10,411.59747314453125,414.4468844795772,405.09131146570076,405.09131146570076,13985963
2024-05-13,410.1727600097656,413.5920593467143,407.94071537413873,411.50247947810385,7302959
2024-05-14,408.1307373046875,411.5500080713349,407.0384396581992,408.8905688115616,11000103
2024-05-15,406.3260498046875,411.50249205494305,405.3287674193813,409.127982579727,7565080
2024-05-16,409.7928466796875,410.88511521409765,401.67200708411184,408.41561962388084,23025186
2024-05-17,414.3993835449219,415.5391596915032,407.3708412695679,410.6951545470999,11453714
2024-05-21,412.97467041015625,415.1592364874389,411.45500755639034,414.1144465361916,10760726
2024-05-22,417.8186950683594,419.7658102928722,413.5445778737816,415.3967069190502,10627595
2024-05-23,419.1958923339844,422.56768406405916,414.6368169265237,419.2433709273673,26234369
2024-05-24,414.304443359375,420.2407173129096,413.4495967214959,418.8634901614045,12761457
2024-05-27,409.84033203125,416.86887422259275,409.0805005997523,416.77388804722773,11827050
2024-05-28,407.4658203125,410.79013353183274,406.7534674797858,410.41021781819404,9310198
2024-05-29,409.3179626464844,410.69516077663906,404.1415202986679,404.1415202986679,10430363
2024-05-30,402.5743408203125,409.3179535035336,401.149635140155,406.9909226316585,20524428
2024-05-31,405.0438537597656,407.98822243592303,402.95427374535154,405.32878331368005,28214102
2024-06-03,408.7480773925781,413.0696731545364,407.13339931354307,412.2148555185758,15519148
2024-06-04,401.35321044921875,412.0830050213407,389.41507352006596,411.7930217355417,46019632
2024-06-05,415.9495849609375,421.4595031088498,404.1081195639572,407.92639979801515,27151351
2024-06-06,420.8795471191406,423.10286057453504,416.7229625066181,421.4595432161925,31119999
2024-06-07,424.5044860839844,426.9211119065049,416.72296273539916,417.01294603417085,28448041
2024-06-10,422.32952880859375,426.29280111346907,421.31455774873075,425.3261507708081,11432393
2024-06-11,418.5595703125,423.19947984628806,417.8345826041065,422.42617142393186,12670589
2024-06-12,417.8829040527344,419.91287553977,415.8529620655242,416.1912660635089,10352936
2024-06-13,415.9495849609375,422.3294824217243,415.41793913079863,422.3294824217243,9283802
2024-06-14,416.771240234375,417.49622790595276,414.74126885399244,416.6262486000242,9217804
2024-06-18,414.4512939453125,419.71954959830805,413.91964810869433,418.5595575004555,14098178
2024-06-19,409.5213928222656,416.384615837604,408.9413967435365,415.6596281141491,10909803
2024-06-20,409.18304443359375,412.27633707441026,407.44308576052504,409.90803213067653,14585806
2024-06-21,405.6064453125,411.1163339630618,404.59144486383724,410.8263506919148,25205627
2024-06-24,409.18304443359375,409.81139070425877,405.9931103663595,405.9931103663595,9362433
2024-06-25,409.18304443359375,409.8597114174677,405.75144780066523,408.8930611546906,10260449
2024-06-26,409.8114013671875,412.17967687271675,407.97474222026295,408.89307179372526,11084805
2024-06-27,411.4063720703125,413.00133915949453,407.0564457362745,409.8114049811304,37012589
2024-06-28,410.7297058105469,413.72632763497097,409.3764012930145,411.3097018894396,17866326
2024-07-01,414.74127197265625,415.9012640558328,410.4880168340489,412.08298382354866,12894747
2024-07-02,411.3096923828125,416.28793540357947,408.45806226906495,415.6596186242288,10763335
2024-07-03,414.01629638671875,415.32128014344767,411.309687446694,411.8896835052207,7159756
2024-07-04,414.74127197265625,417.10957685088175,412.807971500578,415.65960149682303,9127340
2024-07-05,419.1878967285156,419.5262302335079,413.339674212979,414.69297873312183,12929586
2024-07-08,428.80609130859375,429.72439142010023,419.1879087471304,420.63788423881874,20521107
2024-07-09,437.50592041015625,439.82587517043083,429.19272214433255,432.672669034657,26470260
2024-07-10,436.394287109375,440.1642173567281,431.609356353233,438.5692502712894,11618210
2024-07-11,443.3541259765625,444.175784579231,433.7359738036314,434.9926073137192,18831345
2024-07-12,443.74078369140625,447.8007265251311,440.64752060364754,443.35412949291447,18962800
2024-07-15,447.94573974609375,450.8940408387827,441.95252563113047,443.74080507280024,16251032
2024-07-16,450.0240173339844,451.18400944743746,446.01242464968186,447.9940753851788,12996711
2024-07-18,454.5672912597656,455.19560803777796,447.2207432788347,447.5590767746337,21094737
2024-07-19,458.723876953125,463.41213669452367,453.7456339286812,455.292280271181,24977373
2024-07-22,450.99066162109375,463.4604734261429,450.31402414706344,458.7722138211261,18066586
2024-07-23,475.7852783203125,480.81184206272934,450.8456834643306,450.9906751059707,54044423
2024-07-24,477.57354736328125,493.6199475191096,474.28694239156334,479.45852716314687,42073323
2024-07-25,473.6103210449219,479.4585434952869,468.48705681170986,473.6586417594568,17878994
2024-07-26,485.4517822265625,489.51169570108357,471.145340388248,477.57355884777536,20736094
2024-07-29,479.5068664550781,489.31839053732637,477.57356586741554,488.6417235317141,12496895
2024-07-30,473.5619812011719,481.19851275394996,472.35366831307954,479.7485372882392,13375906
2024-07-31,478.8302307128906,481.34352738607396,474.14197087057624,476.0269507504202,11538215
2024-08-01,477.2352600097656,480.1835315945629,474.57697171206047,479.4102231624335,11665529
2024-08-02,472.7886657714844,482.7935022371217,468.63205179792794,468.63205179792794,21320064
2024-08-05,469.79205322265625,475.49528418280136,463.55714688921506,464.04047204685156,24094139
2024-08-06,470.08203125,475.3019664938453,467.90706806500646,470.03371053470835,13722855
2024-08-07,476.2202453613281,479.0718754322838,471.8219984720489,473.65862806867676,10900585
2024-08-08,478.2502136230469,481.3918269515459,476.07525054947064,477.5252259318548,20558134
2024-08-09,479.36187744140625,481.3918489695563,476.6552684037568,481.3918489695563,9201793
2024-08-12,478.105224609375,483.32513011464823,475.5919280328139,475.5919280328139,9076097
2024-08-13,473.65863037109375,481.24684085965686,471.9669924054827,479.4102112541013,7757706
2024-08-14,475.7852783203125,482.3584884064827,473.5619649824716,475.54361575097056,9253598
2024-08-16,485.8867492675781,487.3850748765742,476.2202466282159,478.0085555164629,13137392
2024-08-19,484.7267761230469,492.3149569302798,482.93846727363984,487.91671012482476,10198725
2024-08-20,482.1651306152344,486.61172764412817,481.1018389451326,484.2917729550866,6633171
2024-08-21,488.5450439453125,492.0249908414054,482.40680878828863,483.3251383510858,8474830
2024-08-22,487.723388671875,491.54166909109694,484.72679639330397,490.9133523068748,8364290
2024-08-23,488.93170166015625,490.04337308619125,483.2768211007808,488.20671394743374,7891446
2024-08-26,488.8350524902344,491.05833630744434,485.2584346975139,489.1250357708009,7825037
2024-08-27,483.9051208496094,490.67167259680775,483.3251247998846,490.62332238443304,7954114
2024-08-28,480.7151794433594,485.54843091373226,479.94187100803003,483.71180125495573,7782216
2024-08-29,488.25506591796875,490.76836256441345,480.76352619288554,481.3918429795403,18670632
2024-08-30,485.1617736816406,492.1699882701376,483.5184858918195,485.21012389593943,14947670
2024-09-02,493.03997802734375,495.79496680623095,486.5150884452751,487.1917554611239,15885469
2024-09-03,492.4116516113281,498.74322870796277,490.96167617696034,493.039968399589,12018677
2024-09-04,489.4633483886719,493.0399365290229,483.27679283523935,483.32511354666445,8414967
2024-09-05,494.1516418457031,494.8282793512693,490.1400195277478,491.39668260921513,10898888
2024-09-06,484.96844482421875,494.9249306526528,480.5701684632506,494.9249306526528,13716752
2024-09-09,494.68328857421875,495.5532974397693,483.66348110877874,485.2584481959117,13736044
2024-09-10,496.4715576171875,497.82489160198514,491.78332738351446,494.8282698496586,10911995
2024-09-11,497.1965637207031,502.1748364207896,494.8766383747587,495.8916094010877,14922832
2024-09-12,502.1748352050781,503.1414855134613,491.5900025283514,497.9215502483309,18377550
2024-09-13,496.7132263183594,502.65814918259093,494.92494688747416,502.17482403914613,8825193
2024-09-16,494.05499267578125,499.7582237587493,492.70168810522006,498.69493198891155,7531604
2024-09-17,490.8166809082031,496.42324074641687,489.3667054845452,494.00661504032036,10486015
2024-09-18,490.4300231933594,495.3116247847134,488.25506007340243,490.91334833112757,5429619
2024-09-19,491.29998779296875,497.6315351077344,490.57500010807996,492.9916257243759,13925311
2024-09-20,497.24493408203125,500.0965052453006,491.0583486099196,494.9249497800765,23808194
2024-09-23,499.7098693847656,502.12649506222397,496.4715555771812,498.2598939782906,7804918
2024-09-24,498.0665588378906,500.5315052621945,497.0032671253364,499.75819683491403,6755320
2024-09-25,500.28985595703125,501.98149399891065,495.21494183139305,498.30823462218876,8476223
2024-09-26,505.3164367675781,506.2830870531211,499.75819762570615,500.38654391116955,15489991
2024-09-27,505.26812744140625,510.8746874239907,502.89982238851684,502.89982238851684,17251962
2024-09-30,500.869873046875,506.863057665298,496.90657144476273,503.2381190656139,10531347
2024-10-01,498.9848937988281,502.4164905442214,496.8582513510915,500.86987367295035,5089315
2024-10-03,495.6499328613281,498.50156299756435,491.1550149430481,491.5899898707249,15870147
2024-10-04,486.7567138671875,500.09647530567753,484.8234133978513,492.9916196807263,18228912
2024-10-07,493.18499755859375,497.7765865087185,489.85004220541475,490.0917047817371,16479772
2024-10-08,491.010009765625,495.45657734726376,489.12502996484244,492.9916309922325,9502367
2024-10-09,475.30194091796875,492.79828688702605,474.1902695278187,492.79828688702605,23952459
2024-10-10,475.6402587890625,479.1202056993322,473.12699165925847,478.83022241507035,12799333
2024-10-11,471.9186706542969,477.4769096719384,471.1453327432518,476.55858012126765,14394986
2024-10-14,480.3768615722656,482.35848281798064,472.3536466631737,474.62528068863423,6712103
2024-10-15,481.9234924316406,482.74515108177496,478.0085705395885,481.39184656969684,8037662
2024-10-16,476.7519226074219,482.2134907059612,475.9302639820182,479.4585315501135,6682083
2024-10-17,472.5953063964844,478.49187888472574,471.7253270621135,478.49187888472574,7385299
2024-10-18,470.4687194824219,475.1569499040525,462.4455041787358,472.4503408255961,21778099
2024-10-21,467.5204162597656,471.33869678197664,461.43053111023625,470.4687174034476,7395274
2024-10-22,465.7320861816406,472.11198383477785,464.76543591600847,467.52039507302516,12299288
2024-10-23,464.3304748535156,467.18207552233656,463.5088162032423,464.95879164496256,10162570
2024-10-24,455.96893310546875,466.3120730438384,454.3256158863755,465.9254188451766,13092399
2024-10-25,466.2154235839844,477.0419186439185,458.3855798261637,459.9321966920179,30961625
2024-10-28,468.00372314453125,469.69536112000964,460.1255293301254,465.8771102466821,8614446
2024-10-29,471.6770324707031,472.88534536308646,465.2487842833624,468.82540224474775,6866704
2024-10-30,475.15692138671875,476.80023862132936,470.27534939539123,471.67700406607815,6393835
2024-10-31,472.4986572265625,476.55860030699887,468.5354145764058,475.5919500021165,7810874
2024-11-01,473.9486083984375,475.6885965579633,472.98195814308696,474.62527537711276,1461602
2024-11-04,468.4387512207031,476.993612457211,463.55714940221503,476.993612457211,8429731
2024-11-05,464.18548583984375,468.87371619478006,461.0438723649797,466.8437741647287,7327830
2024-11-06,465.0554504394531,468.24538452807076,462.0588287047917,464.1854710970869,11313985
2024-11-07,461.9621887207031,466.60212802382017,460.2222299194262,465.6837984065852,8924280
2024-11-08,462.107177734375,464.66882470473314,458.7722518009831,461.962186085067,6090462
2024-11-11,461.04388427734375,465.44213145586406,458.28892495131566,462.10717603491,5488948
2024-11-12,457.0805969238281,462.01051931786475,455.43727962587394,461.6721858153653,5041916
2024-11-13,456.4523010253906,458.8689268683886,452.6340203935229,454.3739792005506,11120381
2024-11-14,450.41070556640625,457.1772574633165,446.8340877638236,455.48561948908895,11639562
2024-11-18,450.99066162109375,452.1989744316741,446.59241479051093,450.45901578436815,8135260
2024-11-19,451.7640075683594,457.95056336878537,450.7006863761397,452.39232434109033,6857374
2024-11-21,441.9041748046875,448.57405591524866,440.2125367947714,445.6257843264681,19559847
2024-11-22,458.820556640625,460.60886558641363,440.30920939058007,440.9858763970382,19464568
2024-11-25,460.89886474609375,466.1188001189178,456.64560920142304,463.0255072683426,13891991
2024-11-26,461.0921936035156,466.5537619045145,458.28891363041964,463.9921445066824,6539846
2024-11-27,461.04388427734375,464.08882690092145,457.22560369392255,461.5755301561269,7067013
2024-11-28,459.0622253417969,467.6654071825174,454.85729060228294,461.0921968884408,14412539
2024-11-29,460.85052490234375,462.9288171220221,456.83893210625286,457.41892817914174,8346687
2024-12-02,461.2855224609375,463.31546443607334,457.61223372057333,460.12553033243825,5478598
2024-12-03,456.79058837890625,457.6122470355152,447.3174272198851,450.45904070117,22218251
2024-12-04,451.5223388671875,462.25216257048396,450.84567189047095,458.57887391089014,13439484
2024-12-05,451.90899658203125,456.983910447391,447.0757452816887,451.95731729510476,26415053
2024-12-06,455.437255859375,459.1105444808137,452.10233022260456,454.3256139804515,7551407
2024-12-09,449.4440612792969,456.25893398055933,447.51076071158263,455.7756088386308,11703384
2024-12-10,449.9273681640625,450.8940184086949,447.1724090668954,449.8306972396344,8823805
2024-12-11,449.7340393066406,452.58566941061065,449.20239345666494,451.61901913805474,6745816
2024-12-12,445.2391052246094,452.2956401573543,443.83745058051835,449.9756854876727,12884401
2024-12-13,454.32562255859375,458.5788778059858,436.5875843736284,444.6591199509641,31753858
2024-12-16,454.42230224609375,458.5788866475853,452.39233075938785,454.56729388803876,9007264
2024-12-17,453.890625,459.93218922106183,447.60739821009577,454.3256294238466,19844152
2024-12-18,454.8089294433594,457.9988633759763,451.3289827442531,456.9355717316531,12365167
2024-12-19,450.99066162109375,458.53055125901005,449.7823488105133,453.35896652976106,14599270
2024-12-20,449.154052734375,451.8606912546216,443.9824677669532,450.94236167635785,19481288
2024-12-23,458.43389892578125,461.7688542181605,452.00568041276495,455.4856273483291,18837469
2024-12-24,462.49383544921875,464.2337941426918,456.88724615946916,459.06220927622303,11564497
2024-12-26,461.04388427734375,465.7804649695564,460.12555466872544,464.52380184724575,8848065
2024-12-27,462.63885498046875,465.82878927741564,460.12555821629667,463.75049696274857,16279450
2024-12-30,461.0921936035156,465.39379924314346,460.1255433024601,464.7171322324741,13074810
2024-12-31,467.5204162597656,468.4870665692037,458.7238925439138,462.4938523505834,13276195
2025-01-01,467.8104248046875,470.6137047766384,466.0704365636025,469.7920461211115,18229128
2025-01-02,472.74029541015625,473.6586249523407,466.215406188874,469.16370716653336,26124980
2025-01-03,465.5387878417969,474.625294712291,463.84714982601986,473.9003069912437,37072992
2025-01-06,427.88775634765625,446.35078327762176,426.53445180563205,440.4058897359901,22009958
2025-01-07,426.38946533203125,432.6726924603659,425.4711357210362,430.6427208727847,14294780
2025-01-08,434.5576171875,436.97424286310576,422.5228390228783,428.2260697173429,13482926
2025-01-09,435.08929443359375,445.2874430291975,431.17434312214294,434.4126274415429,19732649
2025-01-10,430.0627136230469,436.92593666981674,427.74275879733165,434.94431534989513,9145729
2025-01-13,424.4078063964844,429.19273722630277,420.4928844446885,420.4928844446885,17799607
2025-01-14,422.0395202636719,426.77610075945154,421.3145325500375,426.29277561702855,18048459
2025-01-15,422.7645263671875,427.066102621971,420.8312257133989,422.0395386220168,9786805
2025-01-16,418.41455078125,424.79444808982385,416.72291290775513,423.4411141911693,15774070
2025-01-17,425.51947021484375,427.0660870817343,418.0762511686735,418.5595763145332,11270061
2025-01-20,423.10284423828125,426.48612025732217,421.4595269433882,424.35947781685184,8742771
2025-01-21,422.95782470703125,432.09268179319355,420.7345408288311,423.39282913963933,15686500
2025-01-22,422.4261779785156,427.2111087280882,421.99117354679964,425.2294579278358,9619648
2025-01-23,425.51947021484375,427.1144372962157,419.6228975353898,420.49287689797217,8888248
2025-01-24,426.8727722167969,430.15937728937985,424.40779628749044,424.74612978757085,9665384
2025-01-27,425.42279052734375,430.15937095928996,421.9911643624925,426.09942801772166,10480203
2025-01-28,420.9278869628906,427.06609279760266,420.00955737353587,425.32613404915026,20813072
2025-01-29,418.89788818359375,422.90948078709505,415.7562748977468,421.4111847122362,15158510
2025-01-30,421.65289306640625,423.3928518906835,417.0613039191899,418.55960015677164,22496695
2025-01-31,432.5760192871094,433.2526863127406,420.5895611889515,421.94286574038716,13546181
2025-02-01,447.1240539550781,455.775585349662,424.8910985721678,433.05930484973186,30393007
2025-02-03,439.19757080078125,449.68573248191484,437.21591998094135,446.59243971426656,16991730
2025-02-04,439.9708557128906,444.9974488165376,433.78430000828064,442.7258148273928,18923681
2025-02-05,433.2043151855469,440.64753410889205,431.6093481304944,439.9708671159242,12836283
2025-02-06,426.38946533203125,434.9926473462472,423.5861852824319,434.9926473462472,17469129
2025-02-07,416.48126220703125,430.64268233677166,414.1129573168095,425.32610601162634,18875982
2025-02-10,412.9530029296875,418.84954591665235,412.2763359476629,412.7596610777305,12227140
2025-02-11,404.34979248046875,416.1912581807673,403.5764840713996,414.4996202235818,14288751
2025-02-12,402.48419189453125,406.3136281355489,400.2258148708563,405.6753937562897,13884574
2025-02-13,402.287841796875,406.46095206462076,401.60049400188456,402.5333188714483,12989029
2025-02-14,402.8278503417969,408.6702162817502,401.01131412778494,404.30071268308313,14124236
2025-02-17,401.2077331542969,403.95706437920165,399.39119682530554,402.3860051226291,11975265
2025-02-18,397.9183349609375,403.4170273840887,396.69094959708514,400.6185827614127,12998403
2025-02-19,399.0475158691406,401.40408972956527,397.1818961448654,397.4764566403701,7079032
2025-02-20,394.7762145996094,396.5927509227199,389.03207509597695,392.71423117033765,15355585
2025-02-21,393.6470031738281,395.9544935060131,391.9777771631228,394.7761916445472,8240986
2025-02-24,394.6289367675781,396.10179920634647,391.53593163925717,392.7633170048975,7037625
2025-02-25,397.52557373046875,399.63667054245303,393.25426671315097,394.7271291352976,15760891
2025-02-27,394.3343505859375,399.1456949128277,392.2723373128528,397.525552328783,19051003
2025-02-28,387.853759765625,395.218071659909,385.1044286446103,391.7813927759098,31954776
2025-03-03,390.25946044921875,391.78140630708367,384.12253365869424,388.7865980194929,10702826
2025-03-04,387.70648193359375,390.01397233458835,385.7426654162302,388.2465194896839,13404774
2025-03-05,397.721923828125,405.2826293231856,387.3628037989018,387.3628037989018,15665018
2025-03-06,398.3601989746094,402.28783207284374,393.3033473882626,401.747764542559,17869996
2025-03-07,396.5927429199219,398.50747602613745,394.432562712498,396.2490690334906,11180761
2025-03-10,397.6728515625,399.489387865199,393.1560675022779,393.7943018882363,9785018
2025-03-11,398.85113525390625,401.01131538193874,393.94159410093084,394.23615458392493,11099475
2025-03-12,404.93896484375,405.8226762942879,396.69094136295917,399.0475152195476,13844306
2025-03-13,404.59527587890625,406.90276622215737,400.8149531499511,405.5281006874954,8196569
2025-03-17,400.5694885253906,408.719315135297,399.63666368784595,405.5281132753817,5257805
2025-03-18,400.5694885253906,400.5694885253906,400.5694885253906,400.5694885253906,0
2025-03-19,395.75811767578125,403.31882336844717,395.3162769319527,402.5823921632704,12830387
2025-03-20,396.641845703125,399.2929799729773,394.62891583099076,397.6728373693795,16994037
2025-03-21,398.212890625,400.12762375553666,394.4325677226245,398.60567790903195,25302035
2025-03-24,403.4660949707031,405.38082804931764,398.2619932184889,399.6366587789359,14362572
2025-03-25,402.385986328125,407.73739824308706,401.3059112323006,404.5461964506968,20338110
2025-03-26,399.9803466796875,403.76069957751406,398.90024157095667,402.8769581468943,13891436
2025-03-27,402.0423583984375,403.2697437519979,398.3110889443362,400.6185794021223,18642328
2025-03-28,402.3369140625,408.08108344123156,400.7658548357284,403.46610258111434,12981873
2025-04-01,399.2929992675781,406.90278849853894,398.2620075515041,402.38600438126315,15206240
2025-04-02,401.6495666503906,402.5823914949175,398.7038418345742,399.685750106513,8001323
2025-04-03,401.99322509765625,402.7787696643111,399.34209084453187,399.68573475414075,7059566
2025-04-04,402.287841796875,405.3317335492131,397.1819066595655,400.12763155444486,18627592
2025-04-07,398.7038269042969,400.71675676567065,383.09149195819776,383.09149195819776,26762866
2025-04-08,405.08624267578125,408.2774445365288,399.88214085828554,404.4480082967242,18600796
2025-04-09,408.7684020996094,411.4686498505965,403.8097773067089,405.52811678460984,21785572
2025-04-11,413.92340087890625,414.8071422550909,409.4557304346882,412.40145511407445,8939356
2025-04-15,412.7942199707031,421.4350305010776,411.4195544215754,421.4350305010776,11685880
2025-04-16,416.7709655761719,418.3419947920321,410.4376454249374,410.4376454249374,13034594
2025-04-17,419.5202941894531,420.10944512464874,413.92340525328643,417.3110006565654,22410217
2025-04-21,415.1999206542969,421.336847381582,413.87433848811077,420.3058257121206,27388236
2025-04-22,425.75543212890625,426.9337040743589,415.88723603001415,418.24383985184426,32031936
2025-04-23,423.05517578125,429.53577622856506,421.0913592799704,428.3083909152653,19566317
2025-04-24,422.2696228027344,428.16107218939527,421.53319162940176,424.0370755980093,26064089
2025-04-25,420.0603332519531,424.87170760222523,415.6417461702055,422.2696267928269,22944377
2025-04-28,421.042236328125,422.71149230249586,417.06551998951244,418.9311396302756,6287095
2025-04-29,418.29290771484375,421.82778335059663,417.31099948077133,421.14043560056143,11189930
2025-04-30,418.0965270996094,421.5332060258665,414.3652876801437,419.6675863161336,10026546
2025-05-02,421.7295837402344,423.69340019536935,416.42728530446215,416.42728530446215,9263372
2025-05-05,429.0448303222656,430.56677615372786,421.5823214813549,422.4660329307672,11525305
2025-05-06,427.6701354980469,431.69596540271175,425.16628139288804,429.5848686129065,15026568
2025-05-07,423.3497314453125,427.13008416028316,421.9259824773884,425.5590249840726,9710361
2025-05-08,422.8096923828125,423.6934038020536,415.88722134025767,421.2386332122387,19937960
2025-05-09,415.8872375488281,421.38592987740896,415.34719998420627,418.24384137926455,8226512
2025-05-12,427.6210632324219,428.3084110263286,420.40403125825395,421.7296134519522,8031891
2025-05-13,420.1585388183594,430.026734819032,417.654684739414,427.0318966442069,14976369
2025-05-14,421.33685302734375,424.0371008235316,418.1947345146855,419.3730364482981,9557309
2025-05-15,424.8226013183594,427.52284902460343,418.2929174036252,421.3368389928473,24263510
2025-05-16,427.81744384765625,428.3083979810754,424.2825680939457,427.03189925490824,16402035
2025-05-19,427.4737548828125,430.56675982116076,424.822590669679,427.1300810084491,7543854
2025-05-20,427.0318908691406,432.82514353663043,425.068074374028,429.09390418210114,9868414
2025-05-21,425.1662902832031,430.27222538595333,424.184381991556,428.70116612622536,5776672
2025-05-22,418.39111328125,425.1662742449478,415.248994880322,425.1662742449478,19451749
2025-05-23,428.40655517578125,431.05771942265187,421.2386369756667,426.14817819915925,18536884
2025-05-26,434.8871765136719,435.5254109103499,428.8484465112427,430.32130894917486,13107662
2025-05-27,426.04998779296875,436.1636608448351,423.0551795877558,434.8871621282408,26986022
2025-05-28,420.20001220703125,422.6000061035156,413.0,417.70001220703125,431851622
2025-05-29,418.75,422.79998779296875,416.6000061035156,422.0,21478547
2025-05-30,418.04998779296875,420.04998779296875,416.3999938964844,419.1000061035156,30656239
2025-06-02,419.29998779296875,420.45001220703125,414.54998779296875,418.29998779296875,14973380
2025-06-03,416.95001220703125,421.70001220703125,415.6499938964844,419.0,13216486
2025-06-04,417.0,419.0,415.95001220703125,417.1499938964844,12598933
2025-06-05,419.1000061035156,420.95001220703125,415.75,418.5,13212523
2025-06-06,421.04998779296875,421.29998779296875,419.0,420.29998779296875,8774988
2025-06-09,423.04998779296875,423.6000061035156,420.5,422.0,10473123
2025-06-10,427.0,428.54998779296875,423.04998779296875,424.5,13041075
2025-06-11,426.1499938964844,428.1000061035156,424.8500061035156,428.0,20789182
2025-06-12,421.0,427.20001220703125,419.54998779296875,427.0,18508835
2025-06-13,413.8999938964844,419.3500061035156,413.5,415.0,17873926
2025-06-16,418.20001220703125,418.8999938964844,413.25,414.95001220703125,7006629
2025-06-17,417.3999938964844,419.04998779296875,415.70001220703125,418.1000061035156,9028406
2025-06-18,415.8999938964844,418.45001220703125,414.8999938964844,417.0,8036215
2025-06-19,416.0,418.25,414.79998779296875,415.6499938964844,12601006
2025-06-20,418.54998779296875,419.5,416.0,416.0,13203184
2025-06-23,413.8999938964844,417.5,411.75,417.0,14839890
2025-06-24,414.3500061035156,420.6499938964844,413.75,416.8999938964844,16690068
2025-06-25,416.3500061035156,418.1499938964844,415.1000061035156,416.3999938964844,9946718
2025-06-26,420.29998779296875,420.8999938964844,416.25,417.20001220703125,13703918
2025-06-27,418.6499938964844,422.0,417.79998779296875,421.0,21409935
2025-06-30,416.45001220703125,420.75,415.79998779296875,419.79998779296875,12317124
2025-07-01,415.1000061035156,418.8500061035156,414.8999938964844,417.0,13670465
2025-07-02,412.95001220703125,416.8999938964844,411.70001220703125,416.8999938964844,15990899
2025-07-03,413.3500061035156,416.0,411.25,414.0,14185298
2025-07-04,412.54998779296875,415.0,411.75,414.8999938964844,8256733
2025-07-07,416.1499938964844,417.20001220703125,412.0,413.0,6845218
2025-07-08,417.20001220703125,418.1000061035156,414.6499938964844,416.1499938964844,6807192
2025-07-09,419.45001220703125,420.29998779296875,415.45001220703125,416.20001220703125,9930533
2025-07-10,416.8500061035156,420.29998779296875,416.3999938964844,420.29998779296875,6220360
2025-07-11,416.79998779296875,418.04998779296875,415.5,417.0,8578844
2025-07-14,419.3999938964844,419.95001220703125,416.54998779296875,417.04998779296875,6896989
2025-07-15,422.1000061035156,422.3999938964844,419.0,420.8999938964844,8532755
2025-07-16,424.6000061035156,425.45001220703125,420.29998779296875,422.1000061035156,9780773
2025-07-17,423.95001220703125,425.8999938964844,423.0,425.79998779296875,7240795
2025-07-18,422.75,425.20001220703125,420.1000061035156,425.20001220703125,6730256
2025-07-21,420.1000061035156,422.75,418.3999938964844,422.0,4822343
2025-07-22,416.0,420.3999938964844,415.20001220703125,420.1000061035156,9869507
2025-07-23,414.95001220703125,417.8999938964844,414.0,417.1000061035156,12196187
2025-07-24,409.95001220703125,415.8500061035156,409.45001220703125,415.8500061035156,9005157
2025-07-25,409.3999938964844,410.25,407.75,410.0,5824089
2025-07-28,409.8999938964844,410.8500061035156,408.6000061035156,410.79998779296875,8123337
2025-07-29,408.45001220703125,411.3999938964844,408.0,410.0,6811772
2025-07-30,407.6000061035156,409.29998779296875,405.75,409.0,10915863
2025-07-31,411.95001220703125,414.0,405.54998779296875,405.95001220703125,19364174
2025-08-01,416.45001220703125,419.3500061035156,411.79998779296875,412.3999938964844,14324065
2025-08-04,416.8500061035156,422.5,415.1000061035156,420.20001220703125,18352458
2025-08-05,414.1499938964844,417.95001220703125,413.0,417.20001220703125,8495104
2025-08-06,412.0,415.0,410.5,414.1499938964844,9080543
2025-08-07,413.6000061035156,414.75,411.6499938964844,412.0,11514878
2025-08-08,414.5,415.3500061035156,412.95001220703125,413.8999938964844,9814361
2025-08-11,416.8500061035156,417.0,414.0,414.5,8514272
2025-08-12,416.3500061035156,419.79998779296875,415.29998779296875,417.0,13635738
2025-08-13,414.1000061035156,417.5,413.6000061035156,417.20001220703125,10874910
2025-08-14,411.45001220703125,415.04998779296875,411.0,414.25,9580361
2025-08-18,406.29998779296875,413.70001220703125,404.8500061035156,413.0,30950814
2025-08-19,409.1000061035156,409.3999938964844,404.5,406.3500061035156,16681331
2025-08-20,406.04998779296875,410.25,405.45001220703125,409.1000061035156,18188129
2025-08-21,405.54998779296875,406.8500061035156,403.3500061035156,406.04998779296875,15028966
2025-08-22,398.29998779296875,406.5,397.5,406.0,13087624
2025-08-25,399.3500061035156,400.54998779296875,396.25,399.0,10440286
2025-08-26,403.3500061035156,405.3999938964844,398.3999938964844,399.29998779296875,13715752
2025-08-27,403.3500061035156,403.3500061035156,403.3500061035156,403.3500061035156,0
2025-08-28,400.8999938964844,404.5,400.0,404.5,12471719
2025-08-29,409.75,410.45001220703125,401.8999938964844,402.0,25255050
