Date,Close,High,Low,Open,Volume
2020-09-01,1424.697998046875,1436.0007535910122,1380.3332936850832,1413.9428813644845,4258214
2020-09-02,1417.5777587890625,1431.5195140563944,1401.2958046286346,1419.0715182819908,3325250
2020-09-03,1390.8892822265625,1431.0216713923357,1384.2172047566783,1427.8350329272346,2395149
2020-09-04,1374.30859375,1388.8975477562046,1348.366921560285,1374.2587531412064,4101756
2020-09-07,1363.055419921875,1373.262775577911,1350.7568254683117,1373.262775577911,2321547
2020-09-08,1345.08056640625,1366.4413998326709,1342.093047456747,1366.192439920212,2823869
2020-09-09,1320.6328125,1344.6325244129114,1307.6370560849114,1337.4126867517423,3443401
2020-09-10,1314.0103759765625,1337.4624476059,1309.6286573447865,1324.466691965766,3289948
2020-09-11,1324.815185546875,1330.6408228855873,1305.5457136284647,1311.5207512194415,3500314
2020-09-14,1299.27197265625,1342.3420385107863,1294.591574818429,1331.4376427171073,3891113
2020-09-15,1318.44189453125,1323.3215332713758,1283.637346371378,1302.6578599298662,5029913
2020-09-16,1319.8858642578125,1326.4583814751534,1295.1392738708607,1318.4916644692967,3285887
2020-09-17,1299.6702880859375,1321.0808403168517,1295.7864891827223,1309.5291248210356,3308991
2020-09-18,1271.786865234375,1308.5333747275736,1257.2476298276727,1307.6370946789662,6529137
2020-09-21,1282.4920654296875,1313.9605739710632,1267.8532712397384,1270.6913899219787,6859791
2020-09-22,1265.26416015625,1296.0853497760356,1256.4508816957407,1282.691354640369,4238325
2020-09-23,1270.0938720703125,1282.0936665199204,1259.8865159941656,1274.7245506027136,2835349
2020-09-24,1240.915771484375,1279.554398776334,1230.8578152675766,1261.7288446149025,5616125
2020-09-25,1247.8367919921875,1253.164509251874,1225.4801212425075,1249.8284710845896,3639974
2020-09-28,1273.380126953125,1278.6082851777164,1248.4344163618355,1252.7662945782909,1892099
2020-09-29,1257.994384765625,1287.5210534543678,1253.8616260800673,1281.446456158253,2349470
2020-09-30,1262.9239501953125,1271.6375482001047,1246.7913945142857,1257.9945919490187,2950616
2020-10-01,1299.6204833984375,1304.350721370296,1273.5792542514007,1274.674653469236,3162391
2020-10-05,1309.130859375,1328.1513735368956,1303.1558211107942,1304.5500210182686,3860008
2020-10-06,1332.6824951171875,1336.4168940386814,1305.5957035649362,1319.4876189279084,2632531
2020-10-07,1319.188720703125,1334.42511579955,1316.3506020454456,1334.3255561481756,2834670
2020-10-08,1314.60791015625,1335.6699432665705,1305.7947534824161,1320.9813082893613,5171253
2020-10-09,1314.35888671875,1332.6823598799542,1300.1681722571104,1317.4958058069715,5312676
2020-10-12,1307.4378662109375,1352.5493282250986,1302.0603079307023,1322.4750202156579,5175139
2020-10-13,1339.3544921875,1344.08473053752,1301.7615453004996,1314.1598219132895,4872149
2020-10-14,1347.7196044921875,1352.350283309384,1318.6411345069846,1329.6949306250774,3358021
2020-10-15,1304.101806640625,1360.2670632542672,1295.8362892733053,1347.7195085121227,3496474
2020-10-16,1330.9896240234375,1337.7115421214808,1303.0562713021388,1303.0562713021388,2358029
2020-10-19,1370.972412109375,1374.2587316143056,1327.9521873968672,1344.3835417966034,3970716
2020-10-20,1363.1053466796875,1380.2337398479115,1349.8606308541443,1365.9931843832285,3228111
2020-10-21,1387.50341796875,1394.1754949266308,1352.9975501568247,1369.279503945798,4280446
2020-10-22,1387.2545166015625,1399.1547521676123,1371.819001542062,1382.2254775862248,3610092
2020-10-23,1377.296142578125,1401.8434938773355,1372.5160634040092,1394.1755768297571,2385851
2020-10-26,1411.005126953125,1423.054761573483,1341.7444354538027,1393.1795741366707,8022388
2020-10-27,1581.044677734375,1595.3349508908523,1446.456938931937,1446.456938931937,33166880
2020-10-28,1544.895751953125,1568.4473830008344,1534.5888363201814,1568.4473830008344,7244983
2020-10-29,1564.364501953125,1582.1900556753603,1518.6554385396696,1525.6263159624746,7286029
2020-10-30,1540.9622802734375,1568.0989104110463,1512.2820500718265,1567.4515903338047,4201984
2020-11-02,1574.123779296875,1598.1236135323068,1528.4148339064889,1548.5307474020963,5712460
2020-11-03,1586.969970703125,1594.8371278975328,1563.6672996264747,1574.4224159887601,5260618
2020-11-04,1623.9156494140625,1628.9945288189294,1571.4349491050548,1582.389185125432,5088061
2020-11-05,1668.4793701171875,1673.0104888160438,1625.2600297393985,1636.1644244790236,6074505
2020-11-06,1710.9024658203125,1717.823503193701,1643.135524793975,1653.0939219139384,5957659
2020-11-09,1720.9603271484375,1744.5119593433874,1693.226217020064,1722.8026062009585,5210211
2020-11-10,1745.656982421875,1786.9843259219433,1718.271393355565,1723.798351773928,8003823
2020-11-11,1800.3287353515625,1810.8846116129228,1752.6778311302023,1766.6195866051016,10534339
2020-11-12,1747.449462890625,1791.51536329405,1741.1756250556673,1791.51536329405,6775199
2020-11-13,1755.964111328125,1767.4162673543747,1713.1927252317437,1742.6198356459163,6264556
2020-11-14,1763.1839599609375,1767.6153978262791,1757.5574415652243,1766.5697175575112,310853
2020-11-17,1789.17529296875,1794.5030106690667,1757.1590245979846,1764.4287025114704,5826745
2020-11-18,1822.9840087890625,1842.1042026899083,1776.7273064375522,1784.0467034313522,6175248
2020-11-19,1818.751708984375,1852.9587764334558,1808.4946335915959,1811.4323119155692,8717768
2020-11-20,1881.5394287109375,1891.0994648844342,1804.5609763810755,1812.4281338018272,9116266
2020-11-23,1889.9542236328125,1897.3733018379266,1863.3653540502758,1884.5269462566343,10443439
2020-11-24,1916.891845703125,1940.2940784438802,1882.9834555963223,1888.112054317959,8949886
2020-11-25,1854.7015380859375,1930.9331131748377,1845.3904615174677,1930.9331131748377,6837169
2020-11-26,1881.2406005859375,1892.1451173552014,1842.353136388116,1867.19928626571,6864571
2020-11-27,1899.165771484375,1917.140725785061,1839.2659922470334,1887.1161360364226,78702124
2020-12-01,1868.0457763671875,1921.9705175316685,1856.7928613004608,1921.9705175316685,7955798
2020-12-02,1806.65234375,1875.8134841830372,1801.4740259102355,1872.1786449481717,7458011
2020-12-03,1813.4239501953125,1836.3282614827876,1804.1625930932214,1828.361544513231,4462528
2020-12-04,1838.5689697265625,1849.274246056724,1794.9014250085818,1820.3948959567535,3989431
2020-12-07,1812.975830078125,1848.2782952278358,1797.4904756930193,1841.755497231227,6032173
2020-12-08,1826.1707763671875,1831.3490938586078,1809.6895817371153,1824.6770169105328,3953436
2020-12-09,1875.7137451171875,1881.141022364035,1828.4610827084755,1828.4610827084755,4370644
2020-12-10,1895.381591796875,1911.9125051277688,1852.1122874976531,1892.0952724355584,4695216
2020-12-11,1912.4105224609375,1920.675918766657,1885.6224110831504,1885.6224110831504,5466598
2020-12-14,1931.281494140625,1938.8001317074263,1891.0993907971565,1925.9537766201688,3456971
2020-12-15,1943.032470703125,1949.8539476887286,1911.315003578493,1939.895551633117,4141898
2020-12-16,1944.4267578125,1956.8249128337154,1928.493323407747,1956.8249128337154,2764698
2020-12-17,1957.2728271484375,1960.8081062341228,1934.468198327922,1956.8247479685378,3460370
2020-12-18,1941.239990234375,1955.629946061121,1913.3564801375157,1955.629946061121,3371676
2020-12-21,1912.8583984375,1950.8497020419238,1899.6635242404325,1926.9495525528955,3941511
2020-12-22,1895.0330810546875,1922.219553096081,1878.2532066651108,1921.9705931746853,5073744
2020-12-23,1912.7589111328125,1916.7921101365969,1884.6264424411545,1893.0910790386445,2340819
2020-12-24,1952.4432373046875,1969.7708719161385,1909.0246519025468,1910.0204915749007,3337164
2020-12-28,1980.6253662109375,1987.795362566434,1953.9368168252972,1954.8330967603465,2743069
2020-12-29,1990.982177734375,2008.6084901783863,1974.7499434921865,1974.7499434921865,3152865
2020-12-30,2009.5545654296875,2018.5669628528044,1990.6834527591298,1994.8659306481982,2657431
2020-12-31,1987.2974853515625,2010.3511964493418,1978.7332890872285,2008.309676640351,2794829
2021-01-01,1985.754150390625,1999.5962246080435,1982.4179902330493,1988.5922691487842,1106099
2021-01-04,1957.3726806640625,1997.60450543815,1946.8665236887384,1995.6626667377145,3141429
2021-01-05,1951.5966796875,1956.2273581959578,1926.9496492896096,1951.347719784491,3263230
2021-01-06,1962.202392578125,1970.7665889147843,1940.2939211500677,1965.6878312144067,3452515
2021-01-07,1944.2772216796875,1975.7457281174557,1939.3975834217465,1975.7457281174557,3419317
2021-01-08,1962.501220703125,1967.7792196642536,1938.1529890038228,1963.795860919994,3262897
2021-01-11,1930.0865478515625,1958.7169363930832,1927.347988947591,1951.845618830628,2995521
2021-01-12,1895.5308837890625,1922.0700340827107,1887.962526958709,1921.7713551329657,6035580
2021-01-13,1874.2696533203125,1903.049441557986,1869.1908957636524,1903.049441557986,5583130
2021-01-14,1884.7757568359375,1897.0743510195593,1863.2656467746615,1884.1284368131267,4803638
2021-01-15,1856.1455078125,1896.0786526015436,1846.336511784589,1886.3193756175833,2715164
2021-01-18,1839.2659912109375,1864.4607829572008,1831.199714366023,1862.7180635713414,5004628
2021-01-19,1879.1492919921875,1884.1284899041964,1837.5729894269125,1848.3778245834822,4805514
2021-01-20,1875.763427734375,1882.136825423962,1861.6722732209596,1882.136825423962,3041448
2021-01-21,1850.0709228515625,1896.9749453557752,1838.0710066227316,1892.0953068309304,5668862
2021-01-22,1820.3948974609375,1867.1993614547362,1816.9094586528886,1842.303369968673,4298175
2021-01-25,1786.9346923828125,1859.6309868373007,1767.6153788591284,1837.324154363432,6610138
2021-01-27,1757.35791015625,1815.8634805525762,1739.0842797151618,1790.5194140016113,7892319
2021-01-28,1715.682373046875,1757.1092795351778,1693.9233002921228,1723.7984907734653,6035924
2021-01-29,1705.8233642578125,1742.5698691654015,1696.9106486192113,1742.5698691654015,5140687
2021-02-01,1794.0050048828125,1802.270522028762,1688.99376970824,1722.8024748527703,4829210
2021-02-02,1853.556396484375,1871.2822693868493,1792.5612176811794,1822.3865666913916,5871337
2021-02-03,1844.494140625,1875.3154505548544,1812.4281527021749,1862.2201349192676,4289395
2021-02-04,1902.4520263671875,1907.03286428745,1823.3823365589142,1831.3490534854416,9641674
2021-02-05,1974.451171875,1990.1854865432053,1905.1905990335983,1907.0328780236368,16268336
2021-02-08,1949.007568359375,2021.5544615462147,1943.3810501021862,1991.679272459325,4021475
2021-02-09,1941.040771484375,1966.7832007102957,1929.787735432546,1951.8456067808504,2230923
2021-02-10,1943.9288330078125,1954.7336688733667,1928.9413976842507,1941.8873131049502,2860941
2021-02-11,1952.8414306640625,1976.492620862059,1933.173598815202,1941.0904749091305,2246777
2021-02-12,1942.9329833984375,1966.7832942146913,1937.9039445781214,1951.8456995750862,1690753
2021-02-15,1977.6876220703125,1990.683377587498,1948.85811402638,1951.845632852174,2930435
2021-02-16,2011.24755859375,2040.4754277930826,1989.6876060178522,1991.6792853031552,5480183
2021-02-17,1981.1732177734375,2015.0816077595352,1960.9577450536285,2006.7165300716142,4395224
2021-02-18,1937.3560791015625,1976.5921832066072,1930.0366824375226,1970.915946176319,3538208
2021-02-19,1930.6839599609375,1961.65454617316,1917.090725562843,1934.169398444426,2735683
2021-02-22,1941.4888916015625,1953.8871677618135,1913.6053823455134,1930.6840560773342,3853276
2021-02-23,1865.1578369140625,1956.824925963974,1858.236799923041,1956.824925963974,5572402
2021-02-24,1903.2486572265625,1915.9954531490014,1844.3448402074187,1881.2406256582879,3821416
2021-02-25,1887.614013671875,1957.0239870742894,1879.6971372592986,1918.9829619338977,5622516
2021-02-26,1772.9429931640625,1861.2241973003493,1765.6235964759333,1861.2241973003493,8400096
2021-03-01,1837.722412109375,1847.1828882576738,1793.9054699488336,1803.465505744098,3260044
2021-03-02,1836.9757080078125,1860.626900639349,1812.527794999492,1837.3242275867321,3837149
2021-03-03,1891.597412109375,1900.8089288569463,1843.498308467344,1847.282547756194,2875618
2021-03-04,1889.8046875,1902.451922870301,1842.3031890347318,1856.1453832540226,4022514
2021-03-05,1914.5015869140625,1920.277505086039,1860.228329963833,1867.6971267918461,5407986
2021-03-08,1907.8792724609375,1939.7461396461292,1885.4231624288432,1912.0120311115072,4698010
2021-03-09,1970.7166748046875,1982.7165902870038,1909.821182152059,1909.821182152059,7918345
2021-03-10,1955.779052734375,1991.0317974257543,1949.0571357129766,1974.9988048427597,2761470
2021-03-12,1927.09912109375,1971.7625050393467,1904.0454089066823,1970.766665390337,2620265
2021-03-15,1910.667724609375,1935.9122348407175,1885.2239735151647,1935.9122348407175,2643553
2021-03-16,1895.281982421875,1933.6218091323121,1892.0953441514453,1917.090895174849,2769224
2021-03-17,1860.5770263671875,1909.7216898546485,1853.2576290924526,1895.282014614541,2694994
2021-03-18,1822.784912109375,1885.0248899761284,1817.5069133612917,1873.1743738778073,2197575
2021-03-19,1826.5191650390625,1864.2116683151023,1806.5028140667584,1810.8844109089944,4803016
2021-03-22,1815.0670166015625,1842.2533639255219,1797.4904238782963,1825.3739318387352,2434097
2021-03-23,1805.1087646484375,1836.3283133420596,1791.3661288628687,1836.3283133420596,4250856
2021-03-24,1775.0343017578125,1797.490534063196,1765.972185427658,1792.5113359078964,3046161
2021-03-25,1755.5657958984375,1791.3164647171043,1737.7402413168497,1785.4409862935695,4113013
2021-03-26,1763.6820068359375,1784.9431608119191,1755.416488431356,1777.573922479064,3310757
2021-03-30,1773.8392333984375,1794.4530638647414,1767.6152360882675,1774.6856727201312,5575524
2021-03-31,1745.7069091796875,1771.5987401201735,1735.3501524910016,1771.399620814845,3798383
2021-04-01,1797.04248046875,1805.7062367574804,1743.3666992770484,1762.636172100229,3802652
2021-04-05,1751.881103515625,1792.1130506035154,1727.1843525711733,1778.6692150226272,2448241
2021-04-06,1760.9432373046875,1774.0384309731994,1721.5078913572663,1768.6111537042123,2873045
2021-04-07,1784.5445556640625,1803.1667074804427,1738.3375741066993,1758.7025667781709,3158142
2021-04-08,1775.8310546875,1816.1127198783643,1771.299935658015,1788.528010216599,2890290
2021-04-09,1791.764404296875,1798.9344008078886,1736.8438259218738,1762.6360959318986,3139384
2021-04-12,1735.2506103515625,1760.644521722561,1716.1305374736764,1749.9392453602773,3328336
2021-04-13,1768.4617919921875,1778.619429209475,1716.2797707912403,1738.5368838896206,3118742
2021-04-15,1765.8726806640625,1801.9718684120237,1745.308567331008,1792.5113916229027,3546886
2021-04-16,1756.7606201171875,1780.7106112049162,1752.7275426607237,1766.6194565037404,2912279
2021-04-19,1693.6741943359375,1712.8441065752243,1668.0313247171516,1712.8441065752243,3865423
2021-04-20,1690.6368408203125,1726.3875067839108,1677.3424064686722,1717.8233105337401,3317008
2021-04-22,1728.8275146484375,1732.5120728172017,1662.255535192503,1682.7200891179,3590444
2021-04-23,1726.985107421875,1749.0429804291184,1713.0931926476812,1726.6864284582932,1893450
2021-04-26,1752.3292236328125,1775.5820546063896,1726.0888737787984,1732.7609506534593,3253062
2021-04-27,1743.01806640625,1755.2668203091564,1717.3751972079024,1742.719265907115,4533360
2021-04-28,1803.91357421875,1816.4114096811745,1746.7026384763049,1755.1672749797533,4174599
2021-04-29,1797.4906005859375,1837.7722665281012,1773.1423693304082,1817.5069535985301,3960095
2021-04-30,1741.5245361328125,1794.503160160741,1732.21333758012,1772.5946865072801,2621783
2021-05-03,1718.271484375,1751.6819534306821,1677.9898189486637,1727.7818017067843,5593869
2021-05-04,1725.44140625,1756.6609515700054,1718.1220099309471,1743.7150375278227,4255151
2021-05-05,1763.383056640625,1770.6028940883982,1714.736314149844,1733.7568271135553,2411643
2021-05-06,1780.810302734375,1786.2375803500743,1755.8644701957903,1774.2875042237986,2380255
2021-05-07,1772.9429931640625,1805.4571801527732,1766.1215162718938,1788.5279070901163,1610730
2021-05-10,1801.8223876953125,1805.7061865162345,1783.150394866315,1801.4738681416618,1332490
2021-05-11,1748.146728515625,1786.93475723061,1745.9559298309687,1769.2087621912572,2955976
2021-05-12,1711.69873046875,1746.7025138239474,1708.412532998222,1746.7025138239474,3181830
2021-05-14,1699.5496826171875,1721.7071137819134,1694.0227241960617,1721.7071137819134,2937892
2021-05-17,1736.893798828125,1747.6986350227537,1702.8858495093498,1709.8567272558792,4211441
2021-05-18,1747.798095703125,1763.582129394308,1742.8188975947107,1760.644451135325,4658414
2021-05-19,1723.3504638671875,1743.0680172460795,1720.2632635070768,1740.6779776225112,2372042
2021-05-20,1701.09326171875,1729.773492604534,1698.0061830795582,1724.7942942953673,2598038
2021-05-21,1750.3375244140625,1757.1091608616734,1708.3628603102134,1708.3628603102134,4293112
2021-05-24,1749.690185546875,1771.4990972034043,1734.7525914756154,1756.312543230957,3613907
2021-05-25,1743.2171630859375,1766.5198332802954,1730.769168490922,1763.0343947936913,2201625
2021-05-26,1733.408203125,1754.4702347232076,1729.6738046700855,1752.7275154442475,2845100
2021-05-27,1769.85595703125,1776.030114023708,1718.5203762161093,1732.7609313458292,5339988
2021-05-28,1793.2581787109375,1805.4572139402637,1770.8517874733998,1778.5695444552184,3247009
2021-05-31,1800.1793212890625,1804.262361182526,1777.5738094244468,1791.5155647924817,2310809
2021-06-01,1789.5238037109375,1816.411473549666,1780.561247098028,1807.4489169367564,2289816
2021-06-02,1775.681640625,1785.5404773893342,1762.6361656325273,1785.5404773893342,3098849
2021-06-03,1806.65234375,1820.3451396904454,1782.5530715198017,1782.5530715198017,3444131
2021-06-04,1803.6646728515625,1813.374109155889,1789.5237988589606,1812.4281101409617,1508706
2021-06-07,1807.349365234375,1817.4073211650439,1799.4822078604025,1817.4073211650439,1096139
2021-06-08,1786.088134765625,1808.9426045967396,1780.4117761985374,1807.4488452205244,1331031
2021-06-09,1775.482666015625,1804.4615776353553,1767.615507893353,1782.4535440749228,2037714
2021-06-10,1792.063232421875,1795.498830477508,1768.6111608031358,1780.2624357037157,1854489
2021-06-11,1786.884765625,1802.4696797095648,1780.561208464476,1801.4738401075153,1621928
2021-06-14,1760.6943359375,1782.453407904966,1752.1798583334037,1782.453407904966,2543002
2021-06-15,1763.532470703125,1776.7273461419843,1758.652832077395,1768.4121093288552,1735824
2021-06-16,1753.2752685546875,1773.540581178381,1745.7069115052623,1763.4826249967464,2845543
2021-06-17,1758.70263671875,1764.4287146222857,1728.7776070500727,1739.9808029482947,2578242
2021-06-18,1753.125732421875,1769.2584064857372,1726.038944587725,1767.5654062695726,2678789
2021-06-21,1764.677734375,1769.80621142125,1724.0972678563842,1732.7610243531662,1279321
2021-06-22,1749.789794921875,1777.573744996496,1746.7027163719072,1772.5945468312398,1571743
2021-06-23,1729.474609375,1756.6610794679375,1720.0639736456887,1756.6610794679375,7602349
2021-06-24,1730.669677734375,1735.6488757705736,1720.014120999439,1727.7817185608894,3595393
2021-06-25,1727.7818603515625,1746.7028144418678,1713.7405450496703,1727.7818603515625,9577645
2021-06-28,1725.8399658203125,1740.7277200643002,1715.0350082942032,1727.7818045260644,3500507
2021-06-29,1698.7530517578125,1730.7693209896465,1694.9190933972259,1730.5702016835608,10394662
2021-06-30,1698.7530517578125,1736.2464390940443,1691.383813995768,1698.7530517578125,8822099
2021-07-01,1708.9603271484375,1718.0224432696598,1699.0517716728205,1702.7861702031964,2988386
2021-07-02,1708.01416015625,1720.8106735492643,1702.8855623664595,1719.8148340391085,2242551
2021-07-05,1723.8980712890625,1732.5619495709648,1714.338034531845,1719.8151528530332,1887671
2021-07-06,1748.0469970703125,1752.6776754685575,1719.814969053522,1721.8066482301908,3692222
2021-07-07,1754.4703369140625,1761.1424139171515,1735.8979032040281,1748.694418342391,2726182
2021-07-08,1725.0931396484375,1755.6653694362103,1717.8234613031552,1750.6861709976504,2208015
2021-07-09,1712.8939208984375,1722.8024761100446,1707.8150417824893,1721.806636528478,1698166
2021-07-12,1724.744384765625,1735.7484612141386,1717.9727482732314,1724.7942253717085,1737065
2021-07-13,1739.88134765625,1745.2090657126948,1716.4292742109888,1735.7485886089742,2066639
2021-07-14,1740.876953125,1750.6361078867358,1728.3791180076742,1732.7608363891936,2158984
2021-07-15,1742.7691650390625,1749.6902017311168,1732.760928293764,1749.6902017311168,1950556
2021-07-16,1742.221435546875,1754.6694309423228,1732.7609590463348,1748.1964733366901,1838050
2021-07-19,1715.632568359375,1732.7609614220128,1704.8774516979804,1726.6863639731966,2146337
2021-07-20,1695.56640625,1716.6284391831582,1688.9440482577243,1715.6325995320628,2143859
2021-07-22,1700.0975341796875,1714.7861701604565,1696.064456220753,1699.4503356067796,1858253
2021-07-23,1715.781982421875,1720.1139824171696,1687.1018716661824,1702.8859067820495,1995800
2021-07-26,1733.3583984375,1742.719315070943,1666.3881847583452,1704.479049787753,3939095
2021-07-27,1690.8857421875,1745.706758911791,1686.8028242800588,1744.7109193459542,4301131
2021-07-28,1645.973388671875,1698.7031661908366,1639.1519120139537,1697.9064459196788,5052755
2021-07-29,1634.8201904296875,1657.0771823586113,1628.2973920784732,1657.0771823586113,2994265
2021-07-30,1647.91552734375,1662.9526819825835,1619.2352963480264,1634.8202114279516,3222001
2021-08-02,1658.172607421875,1670.3219243129627,1650.6042502550677,1658.073047767534,2590976
2021-08-03,1678.6370849609375,1682.2220832915425,1658.0729724318,1658.0729724318,3230140
2021-08-04,1742.66943359375,1745.9557528500745,1677.9897011563528,1691.63265484938,7004160
2021-08-05,1764.37890625,1785.5404988888106,1745.2588335260343,1754.3706691064265,6052092
2021-08-06,1769.8062744140625,1777.2750721986636,1748.8439215694275,1761.6404374612177,3640469
2021-08-09,1773.490966796875,1782.1547236632778,1754.7691315927962,1769.8062869262767,1596886
2021-08-10,1805.7060546875,1817.3076096974157,1771.8973507650405,1777.5735875456708,4594848
2021-08-11,1774.072509765625,1813.328098418591,1755.6901939005636,1813.328098418591,3101903
2021-08-12,1781.146484375,1784.4344356694148,1755.5407457562862,1768.5926985993772,1641690
2021-08-13,1781.4454345703125,1792.4051100626355,1767.3472822260785,1777.4600980276496,1839917
2021-08-16,1775.816162109375,1794.5970366622923,1765.2550443595994,1777.4601377945678,1553661
2021-08-17,1781.794189453125,1788.419836011381,1770.5356863003965,1772.4784892837029,1419337
2021-08-18,1743.2857666015625,1783.9861128299135,1739.2008210212693,1781.7941047853242,2763653
2021-08-20,1697.30517578125,1725.6508351341788,1690.7791381193426,1725.6508351341788,5643242
2021-08-23,1710.5562744140625,1718.2281204024557,1693.7680681804852,1718.2281204024557,3093169
2021-08-24,1698.650146484375,1718.6764389264313,1685.398853407581,1718.6764389264313,4707971
2021-08-25,1690.9781494140625,1710.4066639451914,1687.789929011925,1698.749603875639,2913810
2021-08-26,1691.277099609375,1710.2074471160483,1682.7086508519694,1687.590712165095,4382577
2021-08-27,1707.268310546875,1717.4807348615736,1688.786264723344,1688.786264723344,3661315
2021-08-30,1729.4866943359375,1733.1732038444977,1709.6596194589947,1709.6596194589947,2561253
2021-08-31,1747.271240234375,1753.1496363468248,1732.6750414830597,1737.6567124897413,4492609
2021-09-01,1740.2469482421875,1747.4205049817817,1731.628634110344,1747.3208958981677,7266354
2021-09-02,1769.8880615234375,1781.8440716824032,1737.6068097696655,1745.577483208976,5763844
2021-09-03,1785.2813720703125,1804.809497629577,1771.0338663022337,1786.4271806992858,4845134
2021-09-06,1768.0447998046875,1801.372128195459,1763.51143081082,1801.372128195459,1901931
2021-09-07,1758.3802490234375,1772.9267028646561,1739.5993751682067,1768.0447629702846,2922837
2021-09-08,1808.695068359375,1821.2987189391788,1748.5663302725704,1753.647609813757,15249557
2021-09-09,1811.18603515625,1834.9485806359144,1800.176615621066,1819.306182914964,3642925
2021-09-13,1833.3048095703125,1843.0190681062118,1788.17082126208,1821.7971008094237,3271615
2021-09-14,1860.9031982421875,1872.111957969252,1838.386069692828,1843.2182662283747,4168080
2021-09-15,1864.8385009765625,1891.490438361019,1851.1887723484158,1867.1301180736982,4814023
2021-09-16,1899.81005859375,1902.9982793131028,1861.1522438517677,1870.1192514506251,4128783
2021-09-17,2000.5892333984375,2009.6061066709563,1905.9873485679423,1908.9763512055292,14638489
2021-09-20,1994.113037109375,2029.731984780247,1974.0867440022055,1982.705059161821,5881089
2021-09-21,2003.5782470703125,2020.2171014848786,1988.7827082573394,2009.6061177384415,3866888
2021-09-22,1978.2713623046875,2014.9862521893883,1971.5461066489875,2009.107856254656,1911809
2021-09-23,2016.580322265625,2044.4776785025012,1983.6016861815963,1996.653639239285,2989107
2021-09-24,2020.6651611328125,2044.8263846477141,2006.5172655812114,2022.5582202447968,2114888
2021-09-27,2025.89599609375,2050.455656931119,2018.0747974314777,2023.7538533715176,1830064
2021-09-28,2060.617919921875,2070.1828235726366,2005.5207229690616,2032.5213499104686,3899267
2021-09-29,2023.006591796875,2052.448314077552,2012.7444232001785,2052.348583365992,3420314
2021-09-30,1998.1480712890625,2027.5399277353488,1989.4800131218267,2018.0248882705598,4572748
2021-10-01,1986.2418212890625,2003.4285838874619,1964.6711644859297,1989.6791251596183,3373978
2021-10-04,1983.6514892578125,2007.5137658694046,1980.7123520726295,1987.6866913404908,2043053
2021-10-05,1975.0830078125,1990.6257964631104,1968.2581431062986,1987.5870502333244,2719807
2021-10-06,1948.5806884765625,1997.650149761221,1934.9807017857913,1968.8063221831283,2979275
2021-10-07,1945.2926025390625,1974.9834094690227,1942.1043818425994,1960.7856475394308,2222130
2021-10-08,1929.25146484375,1958.9422689746916,1923.9211018586575,1942.851449313507,1937834
2021-10-11,1968.158447265625,1997.6499129274214,1937.8698656577728,1941.8552021424161,2376167
2021-10-12,1987.786376953125,1996.6537758310321,1957.7967412714463,1972.7417545635947,1890902
2021-10-13,2001.9840087890625,2014.5876601665977,1987.2383362778564,1996.6536453876668,1742478
2021-10-14,2010.403076171875,2018.0748004001011,1977.7232677334985,2000.638952951569,1652356
2021-10-18,2004.2257080078125,2039.446095115914,2000.5890641152366,2010.4030525764829,2166779
2021-10-19,2027.888671875,2037.453455314956,1984.7972202275532,2004.5246848910037,1695203
2021-10-20,2008.0615234375,2037.453379537406,1990.874760124843,2034.5142425765416,1794893
2021-10-21,2135.89111328125,2147.099871310131,2014.5874430575802,2023.5544494806852,9495518
2021-10-22,2163.43994140625,2193.579050354768,2114.968380841852,2147.0004274343314,5931826
2021-10-25,2146.60205078125,2174.9477103450345,2107.296714931277,2144.1112152616615,6777262
2021-10-26,2202.844970703125,2231.7885268093123,2115.914814915575,2146.6019558083317,10669001
2021-10-27,2180.228271484375,2244.740909701495,2168.621075574458,2191.935198110648,4550568
2021-10-28,2090.80712890625,2181.9716999307543,2082.736725320582,2180.2281152390287,3102289
2021-10-29,2023.7041015625,2089.2628146372326,2007.6132809661726,2069.9340297266817,4666345
2021-11-01,2068.8876953125,2079.1499848774533,2027.34061326356,2047.4665128182942,1966588
2021-11-02,2069.037109375,2085.8254362412795,2052.4482439250232,2058.5756013355763,1536206
2021-11-03,2030.0806884765625,2103.8592806604365,2020.5656487301105,2072.375024338575,2067291
2021-11-04,2049.459228515625,2054.4408989787157,2031.5252148484974,2032.5215489411157,205177
2021-11-08,2111.0830078125,2119.80093285061,2047.4669660932777,2047.4669660932777,2121996
2021-11-09,2089.51220703125,2119.1531519132313,2075.6632578132326,2112.228677304223,1777573
2021-11-10,2068.439453125,2083.683413475906,2055.4871098489775,2077.3565946543667,1445788
2021-11-11,2046.5701904296875,2070.083531750636,2040.0441527293851,2065.4008096302246,1547153
2021-11-12,2067.09423828125,2072.3748574806855,2045.5237030485096,2060.4188486875278,1434428
2021-11-15,2089.611572265625,2100.2722985665278,2072.3749435571053,2072.474674266106,1819328
2021-11-16,2075.214599609375,2096.137615932458,2062.4116089896165,2092.2019015989913,1545107
2021-11-17,2045.57373046875,2074.218337138494,2038.0014936682308,2062.411680221578,1446763
2021-11-18,2017.028564453125,2054.8892610857342,2001.535641831103,2042.484949917072,2793199
2021-11-22,1948.281494140625,2036.5069285649095,1933.8845148456405,2036.5069285649095,2748329
2021-11-23,1975.631103515625,1985.843529034667,1925.6150538535476,1930.8956737466708,3229625
2021-11-24,2004.026611328125,2017.5268666103202,1962.7783515944184,1972.2933917449327,1947483
2021-11-25,2027.6396484375,2040.4923835765853,2005.6705529259093,2012.5950267698743,3164428
2021-11-26,1957.09912109375,1999.6425385105945,1947.9327744009292,1994.6608680110662,2647553
2021-11-29,2012.1962890625,2037.5031990872167,1930.0983363248388,1985.6938267876885,4171900
2021-11-30,1954.7078857421875,2032.122996291874,1939.7628743138455,2015.583874635738,4265816
2021-12-01,1946.189208984375,1978.6199329063434,1932.888172943579,1971.7452032244037,2585693
2021-12-02,1957.0491943359375,1973.6879246331846,1938.467539631146,1940.4104640386904,1932929
2021-12-03,1907.1827392578125,1982.6053057246368,1898.2157321053926,1959.490280980263,3491724
2021-12-06,1878.2890625,1919.4377109212785,1870.1191712427926,1912.9615390443057,3081336
2021-12-07,1930.0487060546875,1956.6010352436697,1903.197427974201,1904.9908780775863,7344475
2021-12-08,1913.4097900390625,1962.7781937648635,1908.428119496512,1962.7781937648635,5125595
2021-12-09,1909.324951171875,1929.7996668945823,1879.185842705902,1918.9396001806258,4654453
2021-12-10,1889.796630859375,1912.961397785686,1881.5768748532646,1907.9797274789523,3054922
2021-12-13,1866.2335205078125,1908.9762809774359,1855.4233190241284,1902.998275922183,4085110
2021-12-14,1833.6533203125,1867.1301220829134,1809.3926090593052,1866.2333970593775,10111252
2021-12-15,1860.554443359375,1874.8518142972873,1830.016776888823,1838.8343099212564,5305747
2021-12-16,1853.9287109375,1884.017952666077,1844.1148441951634,1878.986538341509,3054462
2021-12-17,1787.22412109375,1853.1315231779352,1783.4380029411745,1848.1997181317759,2935126
2021-12-20,1736.1123046875,1773.4748363522237,1716.0860120397729,1773.4748363522237,3269179
2021-12-21,1730.18408203125,1761.518741769366,1714.6910376612439,1754.594268215271,2264231
2021-12-22,1755.9393310546875,1763.5114462734443,1726.796557154406,1741.5920949638307,3453839
2021-12-23,1769.0909423828125,1782.1428957918963,1760.8711854131482,1778.3568988886548,1919649
2021-12-24,1741.9906005859375,1773.4747344687976,1723.6580284443933,1773.4747344687976,2271570
2021-12-27,1766.9486083984375,1772.428445785317,1714.6909350581377,1736.709893688128,1653833
2021-12-28,1768.3934326171875,1783.1391044419265,1759.0777330319327,1778.4563827834438,1285671
2021-12-29,1757.732666015625,1773.4747942995475,1747.6697153837706,1767.4967893749422,1411908
2021-12-30,1748.8154296875,1763.4614923139222,1737.2579784476845,1752.5516825639154,2498395
2021-12-31,1789.515869140625,1794.3979311457097,1753.5980934647932,1755.5408965456636,2212892
2022-01-03,1817.76171875,1821.3983625768828,1785.0321675536877,1790.4123960734635,1985109
2022-01-04,1845.80859375,1850.192488267551,1808.6454034967774,1823.2914666287659,2635575
2022-01-05,1915.1036376953125,1921.2808605405535,1833.354375157015,1850.19244597429,4208167
2022-01-06,1884.964599609375,1907.9798941119577,1868.1265281775043,1900.108830015339,2258030
2022-01-07,1897.269287109375,1918.3417785062052,1876.6949627828108,1884.9645847983602,2303351
2022-01-10,1940.8089599609375,1948.1321128885863,1894.379815261024,1897.2692084733762,2862087
2022-01-11,1929.699951171875,1947.0859327267046,1913.160707662409,1940.858844544772,2714019
2022-01-12,1949.4273681640625,1968.9057493917212,1940.0120591217783,1947.634039672724,2149396
2022-01-13,1919.288330078125,1959.6897298685476,1915.5023331544855,1952.81499967777,1487152
2022-01-14,1931.0948486328125,1937.8699696694755,1891.0422634615243,1902.0019393825341,1828762
2022-01-17,1930.3475341796875,1945.7907133759747,1911.5666599332828,1914.9542203396131,1676473
2022-01-18,1935.0303955078125,1967.7599480405302,1922.9249112497332,1922.9249112497332,2081456
2022-01-19,1898.6641845703125,1937.8699087859684,1893.134481425677,1937.8699087859684,1521702
2022-01-20,1885.661865234375,1917.9431139178669,1870.1190778305643,1917.9431139178669,1489821
2022-01-21,1886.807861328125,1894.0312841635728,1842.7699390356297,1861.4013396310336,1753896
2022-01-24,1824.1881103515625,1880.9791535016739,1803.3647035386257,1877.1930353092077,2547434
2022-01-25,1847.85107421875,1867.030505761339,1775.6665952574974,1808.0474537060247,2569065
2022-01-27,1882.32421875,1891.5901746291781,1814.4738901319274,1833.2547637951568,3718619
2022-01-28,1891.3411865234375,1949.726344034955,1881.726537544979,1888.0532351429251,4971964
2022-01-31,1850.441650390625,1931.7923602741585,1834.251220012998,1912.9616200026921,4516625
2022-02-01,1875.39990234375,1898.0166399023801,1827.3765212108444,1875.1009534363673,3097086
2022-02-02,1935.478515625,1940.858743859645,1889.9460978499012,1903.7951655726404,2710508
2022-02-03,1902.0517578125,1935.3292211260955,1889.099413861779,1932.7886420171467,2239713
2022-02-04,1877.2928466796875,1910.9689912114816,1873.3573752478562,1906.9836544206337,1771267
2022-02-07,1821.7471923828125,1883.07161013447,1813.3282171665267,1843.2182427242167,2053959
2022-02-08,1811.13623046875,1841.2753379063358,1786.526704479906,1828.2731288585142,3569370
2022-02-09,1828.273193359375,1841.0263193245805,1815.9684907422566,1828.8709695340015,1624058
2022-02-10,1860.355224609375,1881.975750362481,1823.5407234797467,1828.273311069709,2508081
2022-02-11,1821.5478515625,1847.3030641928885,1815.3207633238753,1847.3030641928885,1859755
2022-02-14,1740.4462890625,1817.1640187649953,1731.5788907853098,1783.4879974017485,3026821
2022-02-15,1806.453369140625,1812.3317647747933,1739.6492393500769,1749.5627151976564,2055275
2022-02-16,1823.3414306640625,1846.0577771925339,1793.401539644752,1808.4461615694288,2269756
2022-02-17,1810.6380615234375,1837.489217654458,1803.7633317078526,1828.273126959973,2810229
2022-02-18,1819.854248046875,1824.287886505856,1799.2300575141023,1802.4183998689107,1229668
2022-02-21,1820.402099609375,1844.5134589927886,1795.4937458803242,1801.3721416849444,1343911
2022-02-22,1834.9984130859375,1842.321444733238,1783.4381210391357,1783.4381210391357,3022075
2022-02-23,1879.1859130859375,1905.8378529755144,1846.1076662459488,1846.1076662459488,6915921
2022-02-24,1788.270263671875,1867.5286912440965,1770.2366404979089,1827.6254612515386,4956043
2022-02-25,1849.8935546875,1859.4085944024248,1794.4476569269511,1814.2746090747007,3993886
2022-02-28,1835.99462890625,1845.21071916124,1808.0474092676689,1830.265707936932,2712562
2022-03-02,1799.37939453125,1812.680430515099,1768.791986141556,1805.1581809922707,2830955
2022-03-03,1785.679931640625,1812.9296471014534,1766.1019407060792,1806.3040004890322,2962143
2022-03-04,1745.7269287109375,1779.402950459876,1727.3444904226712,1763.5114692029108,2549194
2022-03-07,1705.6243896484375,1724.5547377652397,1673.8911725245719,1687.2918176739186,2697935
2022-03-08,1716.7833251953125,1723.1598879894527,1666.4187076007088,1693.7680309812488,5436496
2022-03-09,1732.724853515625,1741.741727042254,1685.7975351075866,1716.7835056659078,6919461
2022-03-10,1747.918701171875,1806.3537203665414,1729.6359947911285,1793.4013770875756,4188469
2022-03-11,1756.537109375,1773.375180862603,1729.636087280204,1738.603094645136,2506340
2022-03-14,1782.192626953125,1790.7610759153806,1735.6140076323375,1739.05131163897,3316649
2022-03-15,1727.394287109375,1783.388216216872,1707.716688164654,1777.4600768294881,4807455
2022-03-16,1754.0462646484375,1768.2938915903646,1746.3246750142282,1753.5480975752628,2927241
2022-03-17,1813.328125,1820.9002400985132,1776.0154603077817,1783.4381009615386,3359007
2022-03-21,1770.58544921875,1823.2915517327478,1766.5005034000885,1808.9941805560206,2397699
2022-03-22,1801.2227783203125,1806.9517000312997,1748.9152322634736,1770.5855013441642,3397456
2022-03-23,1763.2623291015625,1820.5515416588953,1751.555403057238,1808.3464485488548,3226340
2022-03-24,1707.8662109375,1722.5621396791742,1694.7643925144262,1708.713070642117,19710178
2022-03-25,1715.9364013671875,1725.451440658239,1705.7239768562201,1721.6653224343156,3039150
2022-03-28,1718.8756103515625,1721.6653945937824,1685.8472308958926,1721.6653945937824,3070204
2022-03-29,1723.657958984375,1734.5180247846195,1712.4492005805748,1731.6286316270773,2585790
2022-03-30,1756.6365966796875,1762.365517654547,1729.6359673662175,1742.986868397409,3358154
2022-03-31,1747.420654296875,1772.2293993773046,1740.5957895781596,1748.6660720055029,2848408
2022-04-01,1770.13720703125,1773.4749023262307,1739.2009810128884,1742.8874905813088,2373773
2022-04-04,1829.3192138671875,1833.254684785946,1728.639607665009,1780.4489791915682,3997566
2022-04-05,1795.5933837890625,1831.312060908045,1787.6227104678408,1829.3193925777396,2132871
2022-04-06,1772.876953125,1786.427072799361,1765.2549728010417,1780.9472351527372,2349001
2022-04-07,1759.9744873046875,1785.4308745955118,1756.5371829865444,1764.5078565338458,4388783
2022-04-08,1777.958251953125,1783.4380896587804,1749.662338384813,1768.7421612663409,2381671
2022-04-11,1776.912109375,1799.5289677854298,1756.8360733450534,1768.4931343703656,1917942
2022-04-12,1795.24462890625,1806.0050861659126,1763.511411171041,1764.5576106573037,2412242
2022-04-13,1773.076171875,1811.8335933855394,1766.251307492007,1801.0731362631852,1923692
2022-04-18,1743.9833984375,1769.090971490635,1723.6581565444337,1769.090971490635,1960141
2022-04-19,1701.240478515625,1760.2234086823846,1680.8156294324212,1756.5370211555178,2389574
2022-04-20,1714.989990234375,1720.6690461382225,1677.2289023031879,1706.7203682888103,3201545
2022-04-21,1754.3948974609375,1766.9486829523705,1717.7298750990187,1718.6763438566538,2730691
2022-04-22,1721.4161376953125,1742.4886269669182,1715.0894408655604,1733.6212296859173,2256038
2022-04-25,1722.51220703125,1731.529079403528,1687.789987515833,1696.2588274768036,2149394
2022-04-26,1736.3115234375,1741.5921432302914,1724.9035457479647,1739.699083967433,1454777
2022-04-27,1735.115966796875,1745.5774756406115,1717.6801187239807,1717.6801187239807,2822592
2022-04-28,1759.1773681640625,1766.5003996417363,1726.0492585825127,1742.5883806956554,2342497
2022-04-29,1784.1854248046875,1803.6638065851487,1760.5224881361903,1762.4652911293163,3688659
2022-05-02,1767.8453369140625,1773.922950430713,1743.634491930132,1759.077670051246,1979466
2022-05-04,1769.0909423828125,1817.0145920268355,1761.518826953505,1761.518826953505,5746474
2022-05-05,1791.0101318359375,1814.3243738141248,1777.7589614423944,1794.39769205889,3568047
2022-05-06,1768.7921142578125,1788.3699835506704,1743.5848109137582,1748.7159562532977,2847483
2022-05-09,1761.0206298828125,1777.460143542256,1736.6104429339418,1738.6031112562985,2169362
2022-05-10,1790.56201171875,1802.169329342785,1761.0206786963925,1763.5115141683818,1989854
2022-05-11,1803.31494140625,1811.3354799418094,1789.4161286993892,1791.4087969941547,2621884
2022-05-12,1754.44482421875,1799.9772460989898,1750.559096719907,1796.1912493131285,4282268
2022-05-13,1773.0263671875,1788.419680130585,1749.5626508686948,1778.456339294203,2737022
2022-05-16,1806.204345703125,1818.309829991744,1759.6755893875334,1774.471127241258,3039181
2022-05-17,1833.5537109375,1838.1368235180753,1810.9368536710613,1816.317082188613,3020781
2022-05-18,1840.0299072265625,1857.166805495094,1834.1016462203097,1840.1792600467763,5321784
2022-05-19,1776.8621826171875,1820.6012720696212,1771.830646977272,1805.3573123394851,3108321
2022-05-20,1822.444580078125,1833.1551718690393,1787.8717131374835,1804.361091474018,2649672
2022-05-23,1847.5023193359375,1864.6392167342772,1834.5001110403355,1845.2107023200008,2826078
2022-05-24,1875.69873046875,1883.07162783351,1836.044702496534,1851.1390682467795,3421900
2022-05-25,1900.557373046875,1934.3828708648366,1879.3852710608446,1890.8928582254368,6252602
2022-05-26,1901.6531982421875,1914.9542348097725,1877.1434024958255,1907.9300304086103,4949829
2022-05-27,1939.0655517578125,1942.8516703286089,1905.987305301861,1913.9579788211577,2440367
2022-05-30,1896.22314453125,1944.5952171552153,1888.6012854256471,1938.119045047359,3987800
2022-05-31,1840.0797119140625,1889.1990344601315,1821.6475300257582,1884.167498322574,14830306
2022-06-01,1858.2628173828125,1867.1302157308587,1828.6218761245452,1833.254854292839,2382645
2022-06-02,1850.8402099609375,1872.1119203352323,1839.2328924634585,1841.4247790057802,2664301
2022-06-03,1851.83642578125,1872.111800681739,1846.306722798018,1872.111800681739,1815375
2022-06-06,1862.4473876953125,1870.1191116405562,1836.3932265729868,1838.2364203392788,2588097
2022-06-07,1851.33837890625,1858.1632437073663,1825.2842158026247,1857.1669095284349,1711639
2022-06-08,1838.7347412109375,1873.2078797397446,1832.0094854519702,1853.1815869153854,1465616
2022-06-09,1858.362548828125,1865.9845299780723,1821.000015370374,1832.0095572117234,1280868
2022-06-10,1785.2315673828125,1847.402720653248,1777.5099777689124,1833.2548244614238,2859950
2022-06-13,1730.9810791015625,1746.1751746075045,1712.3496794909447,1736.6103912693113,2349445
2022-06-14,1733.322509765625,1742.2397735755624,1715.2888855833742,1729.2375639864358,1551047
2022-06-15,1730.2838134765625,1743.5848507275473,1722.5622234233406,1731.6288403225583,1770169
2022-06-16,1669.6568603515625,1747.1218425152242,1663.87807348315,1735.614134136316,2973292
2022-06-17,1667.46484375,1677.5277945494513,1642.5564894826339,1654.9110575238121,3163864
2022-06-20,1673.0443115234375,1683.6552948974534,1645.9440703936884,1667.4648644229392,1767577
2022-06-21,1675.3358154296875,1702.7350036094772,1666.4186737439372,1683.8046554125315,2503603
2022-06-22,1663.5789794921875,1669.7064584631353,1646.9402488576334,1658.8962579237505,1771925
2022-06-23,1677.9263916015625,1688.7864586395028,1642.7558675310256,1668.8597747617505,2490801
2022-06-24,1692.1739501953125,1708.6134637238497,1683.9541934310441,1693.7680605159399,1617721
2022-06-27,1685.34912109375,1713.595170609039,1678.8230836033138,1710.9049953648823,2128112
2022-06-28,1662.6824951171875,1686.146091615164,1658.5974277622906,1678.7234507711319,2799443
2022-06-29,1636.4288330078125,1652.868345046133,1630.6999121459737,1643.951203832047,2932830
2022-06-30,1655.0106201171875,1670.752748221002,1625.0209867464312,1626.0173208891329,3982064
2022-07-01,1661.6363525390625,1673.3432793220538,1630.0027418701281,1638.9697496188023,2300514
2022-07-04,1664.7747802734375,1678.2750352326584,1653.9645789100223,1660.4407509811622,1868781
2022-07-05,1656.9534912109375,1688.5870992211221,1650.8757558382868,1668.8596351829672,2642097
2022-07-06,1698.2515869140625,1706.1226511545094,1664.874392334056,1675.8340681662971,5572949
2022-07-07,1732.1268310546875,1737.6066685990077,1709.759179181997,1711.7019820258574,3170065
2022-07-08,1738.35400390625,1750.0110647832446,1725.8499617055966,1748.5664289184517,1778149
2022-07-11,1734.86669921875,1740.5956201206927,1721.8644909573902,1736.6102838410802,1533179
2022-07-12,1712.6485595703125,1732.625108172785,1705.6742204344819,1715.1892603332085,1828832
2022-07-13,1735.6639404296875,1739.549546284581,1717.082284359934,1717.6800605204699,3613468
2022-07-14,1763.561279296875,1770.48575286633,1730.6822529352605,1733.6213899760348,6570982
2022-07-15,1781.146484375,1783.4381015344793,1763.51141883577,1765.8030359952493,2333732
2022-07-18,1838.8841552734375,1843.2181845178748,1787.6725554438901,1793.4014768282025,3117038
2022-07-19,1828.223388671875,1845.2109354034185,1821.348780001301,1828.273254030925,2895175
2022-07-20,1821.0496826171875,1843.2181167237295,1811.435034062146,1839.4818637844248,2571469
2022-07-21,1793.9495849609375,1818.3099073999874,1781.2463239640335,1818.3099073999874,2186674
2022-07-22,1820.402099609375,1835.2475027564533,1783.139178106151,1794.3978026408101,3349580
2022-07-25,1788.9678955078125,1842.0226908881832,1778.5561302951523,1809.3428809531158,1886515
2022-07-26,1755.1422119140625,1788.3699314465364,1745.577428411713,1784.4344602085491,1802447
2022-07-27,1747.669677734375,1754.6938820185949,1725.9994103495155,1754.6938820185949,3479645
2022-07-28,1821.796875,1825.1345698612454,1758.5296605824446,1768.293783267665,2154401
2022-07-29,1803.7135009765625,1850.0929042271587,1797.0381108323538,1830.9134718731682,2387998
2022-08-01,1848.9471435546875,1855.1742321427068,1805.3575234385523,1808.3465259608017,1655537
2022-08-02,1877.6912841796875,1886.0605152279252,1827.4760195130807,1844.911866854068,3357606
2022-08-03,1844.3140869140625,1872.9089494682999,1833.2548023764639,1868.1264969868857,2535679
2022-08-04,1828.8212890625,1852.1852773983019,1807.5993219579716,1849.794050994255,2361186
2022-08-05,1827.17724609375,1843.2182017956231,1815.9684867585063,1837.987447439176,1664571
2022-08-08,1837.7384033203125,1842.7200742428397,1810.1399950586415,1823.2915576449834,1555925
2022-08-10,1821.6474609375,1842.4708683353138,1814.3742948473277,1841.225450687392,1657327
2022-08-11,1847.8170166015625,1850.9573827817703,1827.379871287113,1843.3308139715614,2778338
2022-08-12,1835.5546875,1854.2970939017218,1830.8691467475874,1854.2970939017218,1396522
2022-08-16,1840.68896484375,1856.0916673102188,1832.9129530910818,1844.7763696786697,1313624
2022-08-17,1834.059326171875,1848.3155302345153,1825.5356139772512,1848.3155302345153,3383334
2022-08-18,1898.6607666015625,1906.1377714582238,1826.3830529871684,1833.361590853386,3661316
2022-08-19,1871.2449951171875,1936.4942724539137,1865.2633915099934,1913.1162203675453,4563906
2022-08-22,1826.432861328125,1832.3645695533241,1805.74648221048,1821.3484009110553,4162757
2022-08-23,1850.0601806640625,1863.2695555226367,1814.4197918947023,1818.4075277010643,2214300
2022-08-24,1861.873779296875,1868.2042853994587,1835.754159065852,1845.3247004339196,1415625
2022-08-25,1863.0203857421875,1899.607814338279,1850.45904186181,1869.350892212056,2204409
2022-08-26,1896.2183837890625,1921.0918386783792,1863.169996994125,1866.609370652728,3343088
2022-08-29,1844.3277587890625,1872.1920132772182,1839.3430891707137,1852.3032301784206,3639673
2022-08-30,1909.5770263671875,1914.1131243768068,1851.306287483193,1859.132194407714,3885850
2022-09-01,1897.015625,1919.5962019090532,1869.2510405502335,1869.2510405502335,4207842
2022-09-02,1912.966552734375,1923.0854559631748,1898.5609068359765,1911.0723540217475,3331376
2022-09-05,1931.9583740234375,1950.9997886021138,1905.140825763229,1905.140825763229,3806770
2022-09-06,1909.8262939453125,1943.9712812788525,1904.143819184277,1938.986611595124,2767854
2022-09-07,1902.399169921875,1909.228142995986,1879.918261145602,1894.1744650080243,1976258
2022-09-08,1924.1324462890625,1932.058022626063,1906.137739556776,1914.212880327615,2412183
2022-09-09,1920.4437255859375,1944.7190433759774,1910.6239503369281,1944.021238276551,2817973
2022-09-12,1918.1009521484375,1938.0396314846998,1911.8701148558555,1919.0978861152505,1483681
2022-09-13,1917.5028076171875,1934.0518870538008,1914.2627722393913,1927.0733493170087,1584581
2022-09-14,1948.7066650390625,1971.7359357150044,1886.1989575655932,1886.1989575655932,3742429
2022-09-15,1928.2197265625,1981.1069969272166,1917.1038892409551,1961.4674477803323,3747498
2022-09-16,1924.381591796875,1973.9291588740366,1904.2434536230642,1920.3439607480368,5168822
2022-09-19,1923.5841064453125,1934.05191319197,1901.7014543533355,1917.2037046605224,1675912
2022-09-20,1933.8026123046875,1955.6852636340507,1927.0733082020677,1938.039581554485,1612730
2022-09-21,1912.6177978515625,1944.02121751918,1892.5794496409574,1921.0917364920306,2238276
2022-09-22,1886.9466552734375,1918.6989759192836,1875.4320199520928,1899.707457980381,1857227
2022-09-23,1856.9888916015625,1882.909175301181,1836.2527376594937,1864.366227455278,2613759
2022-09-26,1823.3922119140625,1852.3032967393813,1811.0801018535228,1830.3707496305187,2285176
2022-09-27,1793.783203125,1829.2241300187777,1786.5554323976407,1826.5822308619847,2740144
2022-09-28,1787.1036376953125,1802.456443689841,1769.657294905173,1784.5116339628405,1771117
2022-09-29,1759.8875732421875,1804.4504727017652,1754.3545410701277,1796.4750009992158,2799627
2022-09-30,1813.6221923828125,1820.849963517209,1752.3107544841398,1762.579222843146,2804653
2022-10-03,1778.430419921875,1807.4411722581858,1767.8629448535048,1802.45650272631,2440064
2022-10-04,1816.662841796875,1822.1958737497973,1796.4749298493448,1802.4565333893538,1668922
2022-10-06,1813.3231201171875,1834.3584013587797,1806.294687346611,1819.4043926520505,1748151
2022-10-07,1819.80322265625,1824.38909440133,1796.6742824309172,1804.9488827396765,1063844
2022-10-10,1802.705810546875,1816.1644188379757,1789.0478641446919,1795.5777084831213,1037722
2022-10-11,1782.418212890625,1804.3008641611466,1777.832341112971,1804.3008641611466,1496718
2022-10-12,1804.6497802734375,1807.4412440005024,1774.7417618950508,1782.5178953518466,1035118
2022-10-13,1795.9764404296875,1810.3323130854012,1787.5025021873048,1799.4657091177273,1172979
2022-10-14,1828.3768310546875,1852.3032454196343,1816.9120908381506,1822.3952274634507,1670238
2022-10-17,1852.452880859375,1856.4903904206092,1814.669059053808,1822.4451926989157,1104283
2022-10-18,1853.998046875,1870.1484501329671,1849.412174973123,1861.7242851072626,1609858
2022-10-19,1863.618408203125,1871.6935486557402,1849.312430719783,1863.2695056686116,913286
2022-10-20,1857.8363037109375,1877.1767249061343,1849.6613723362718,1854.2971395242903,1591107
2022-10-21,1896.81640625,1919.0978557161195,1860.5778814695814,1864.2664884099447,3941971
2022-10-24,1889.987548828125,1909.1286331821332,1884.2052828794942,1896.6669580308137,649081
2022-10-25,1840.9381103515625,1905.7388136738305,1836.3522387633468,1905.1406776746774,3511650
2022-10-27,1859.28173828125,1882.211218163539,1843.7793673345934,1877.9243536810452,4593492
2022-10-28,1878.4727783203125,1889.0402537556547,1865.3132989775902,1868.2542054251112,3048687
2022-10-31,1896.1185302734375,1906.1377654280845,1883.2082839401944,1893.177623717538,1874348
2022-11-01,1903.34619140625,1935.5472057010136,1897.5640476878082,1902.149919380651,2545417
2022-11-02,1904.0938720703125,1914.1131065407753,1891.6820935735007,1912.8669391537046,1864081
2022-11-03,1894.3240966796875,1907.134673782247,1887.7941305348447,1898.9598639530761,1591871
2022-11-04,1894.12451171875,1902.1498782798426,1888.4919325492233,1900.1560104829036,2081413
2022-11-07,1876.827880859375,1904.1438961698154,1865.9115024890698,1902.150028215711,2624601
2022-11-09,1887.5947265625,1897.7634039655672,1874.9335926395038,1892.180598299255,2322634
2022-11-10,1906.2872314453125,1909.1284687959583,1885.8998596355877,1889.1897902706742,2510124
2022-11-11,1893.2772216796875,1927.970571480454,1885.1024120476634,1927.0733065949787,3424030
2022-11-14,1916.9046630859375,1922.7864760811985,1895.171454123517,1897.0157576065753,2142267
2022-11-15,1906.5364990234375,1927.3724427941972,1889.4889529186478,1919.0978423798067,1990292
2022-11-16,1959.8724365234375,1962.6140048298146,1908.0816458635295,1908.1315412384236,6437651
2022-11-17,1944.569580078125,1958.9752270900149,1937.2919135077207,1957.7789550190628,2408671
2022-11-18,1953.5419921875,1991.4254827099899,1941.9276872012654,1954.9376023762334,4272040
2022-11-21,1938.13916015625,1948.5571923724585,1926.8738801648683,1948.5571923724585,1192610
2022-11-22,1933.8026123046875,1947.8593565353967,1924.1821754335865,1947.8593565353967,1166755
2022-11-23,1947.36083984375,1955.4858755957048,1939.6844973714694,1944.5196025232842,2500563
2022-11-24,1938.886962890625,1950.3019296037937,1927.1232153311794,1948.5073998204016,1400421
2022-11-25,1922.4874267578125,1943.0242415027283,1914.113157355176,1943.0242415027283,2097541
2022-11-28,1922.23828125,1936.9928311622707,1910.125509032532,1910.125509032532,1564504
2022-11-29,1919.6461181640625,1933.054830429059,1917.3531215176315,1925.6774952362293,1363505
2022-11-30,1941.0802001953125,1949.0057760281134,1910.1253538976293,1933.054833615607,2950734
2022-12-01,1928.369384765625,1955.735172966491,1921.939087781832,1949.005868815848,2471005
2022-12-02,1924.880126953125,1928.9675318250868,1911.2220587664713,1911.2220587664713,1590968
2022-12-05,1932.506591796875,1937.9897285930854,1914.1132088589125,1936.0457560437542,1245509
2022-12-06,1929.31640625,1937.1423133351886,1914.6615260190365,1914.6615260190365,1366698
2022-12-07,1905.58935546875,1926.5748638543503,1899.6576471277951,1926.5748638543503,2362280
2022-12-08,1891.1837158203125,1898.9598493608255,1871.34470574319,1893.0779146772109,12619838
2022-12-09,1882.26123046875,1910.8731867252573,1873.4881628555834,1908.1316183081478,2648455
2022-12-12,1860.029541015625,1873.9367211176823,1857.2879726180408,1859.2818405435567,3281447
2022-12-13,1862.7711181640625,1866.0111535582466,1852.5026496210007,1858.0356818187163,6939565
2022-12-14,1867.4566650390625,1870.1982334581971,1858.0356876953617,1865.3631280400225,3747141
2022-12-15,1857.4873046875,1876.0303736912867,1849.2128258411603,1869.7995364443261,2041799
2022-12-16,1834.90673828125,1851.2563568840483,1829.5730445595464,1849.0132556090998,2487828
2022-12-19,1852.452880859375,1858.284920245185,1834.8569719481025,1834.9068673250235,1713647
2022-12-20,1841.436767578125,1856.2412131430751,1829.124657013875,1839.343230516746,1410586
2022-12-21,1809.0362548828125,1855.244117428837,1803.4534493070832,1854.795545846229,2382869
2022-12-22,1820.4512939453125,1829.3738041481645,1813.4228608967364,1820.401398569236,1714093
2022-12-23,1816.3638916015625,1833.511229787179,1806.3945513876158,1810.3822874731945,2102126
2022-12-26,1807.9896240234375,1820.501072149747,1788.698854623968,1816.3637718944178,4746738
2022-12-27,1815.317138671875,1822.3454503299831,1801.4597317805083,1817.0617731658517,1548286
2022-12-28,1814.5194091796875,1825.784811189657,1809.6843039916344,1818.8062737276316,1904268
2022-12-29,1813.173583984375,1814.4197513960482,1795.4780067386168,1808.83694573096,2154490
2022-12-30,1821.6475830078125,1832.3646231048622,1816.7128085717732,1819.5041506491946,2692688
2023-01-02,1819.454345703125,1827.3799218905197,1810.8806164159844,1822.1959140529334,1125001
2023-01-03,1827.2303466796875,1830.8691798980826,1815.4167038357791,1816.6628712601585,1663448
2023-01-04,1815.16748046875,1829.2741201305626,1808.388280963924,1829.2741201305626,1664104
2023-01-05,1814.7188720703125,1827.1805461308513,1800.6122326945756,1814.4197432144454,1732618
2023-01-06,1781.321533203125,1820.4012932293062,1765.2210264511841,1820.4012932293062,3799655
2023-01-09,1806.3446044921875,1810.4320092487512,1783.5147932522113,1795.4780003617848,3426868
2023-01-10,1790.0447998046875,1810.432050371925,1783.4151647083359,1803.0049411344426,1474131
2023-01-11,1796.325439453125,1798.61843624971,1778.6298615846488,1794.481135958154,1603701
2023-01-12,1774.0440673828125,1801.4597526050813,1766.965860264636,1801.4597526050813,3529605
2023-01-13,1774.8414306640625,1781.8199678060607,1753.6066903964272,1774.0438348837079,3983197
2023-01-16,1779.3277587890625,1793.4841721700213,1774.5424271609993,1781.520964795902,2118161
2023-01-17,1792.1383056640625,1796.425048550369,1771.1527977350217,1774.542397440126,2132394
2023-01-18,1793.5838623046875,1821.3983441156117,1790.4933913692603,1797.4220337097843,2835232
2023-01-19,1761.8814697265625,1797.970431087156,1759.588472896496,1797.970431087156,4425644
2023-01-20,1757.494873046875,1773.4458161402567,1751.612938441983,1773.4458161402567,4270294
2023-01-23,1778.281005859375,1794.1322806502524,1764.573163487649,1784.5118433010687,7764627
2023-01-24,1754.8529052734375,1787.2033617937875,1743.3881653724889,1787.2033617937875,4159188
2023-01-25,1744.43505859375,1755.002534028861,1727.686519706981,1751.6129342903437,4280333
2023-01-27,1707.8475341796875,1746.7279584294317,1698.7754595272884,1746.7279584294317,7516979
2023-01-30,1720.957275390625,1725.2939138453046,1678.6872504857033,1707.8475692721918,4939556
2023-01-31,1725.692626953125,1733.2693004561152,1707.797711648981,1725.1941599898225,4385384
2023-02-01,1739.3505859375,1778.5301382213515,1715.4740668970799,1739.6497147961088,3652098
2023-02-02,1756.3482666015625,1762.5791033640203,1714.7262770283455,1714.7262770283455,4184470
2023-02-03,1774.8414306640625,1778.2309084904948,1739.8489542095042,1765.1710990353897,2675212
2023-02-06,1741.6436767578125,1772.7978638778363,1734.665138842927,1769.557828417354,3040209
2023-02-07,1769.95654296875,1774.5424147575675,1741.6934900841502,1746.8276025228265,3643187
2023-02-08,1760.0869140625,1774.5424565455962,1755.7003802801455,1773.3461844667906,1446690
2023-02-09,1765.470458984375,1769.7572022008512,1742.5907504847291,1762.529430643351,2163825
2023-02-10,1766.6168212890625,1773.1965608951334,1759.5883883963736,1762.479521135779,1445942
2023-02-13,1768.361572265625,1778.9788219750897,1756.248799864862,1769.6575134438847,2389142
2023-02-14,1764.9219970703125,1771.5516321883908,1758.3422573282353,1764.573094526422,1614893
2023-02-15,1780.0255126953125,1784.511715331621,1754.8529312360256,1763.0277406948849,2409292
2023-02-16,1782.468017578125,1798.3691871906153,1778.0816055294763,1788.4995166890765,2291602
2023-02-17,1753.8560791015625,1785.9075304369994,1745.6812692615006,1777.632929843538,2587909
2023-02-20,1731.973388671875,1762.6291074336311,1724.7953912612556,1762.6291074336311,3224839
2023-02-21,1724.8951416015625,1739.649813338669,1719.7610289075699,1739.649813338669,2936934
2023-02-22,1695.3360595703125,1720.8076487080446,1692.7938293460597,1718.664216398817,3539149
2023-02-23,1701.915771484375,1708.4955110388844,1682.5752290333346,1702.1650049651976,2770110
2023-02-24,1692.0960693359375,1718.9633910438524,1688.8061385693989,1707.747883925254,2080363
2023-02-27,1720.658203125,1724.4964964141889,1685.616070086466,1693.0930751494896,2343798
2023-02-28,1723.947998046875,1736.0607696327322,1716.3713245198649,1720.6580674002344,4395098
2023-03-01,1739.550048828125,1745.232523583481,1720.707973103256,1723.9480083944413,5613386
2023-03-02,1716.421142578125,1740.9955889214416,1712.7325356210358,1730.278548899366,4119935
2023-03-03,1745.6314697265625,1759.5885460122117,1714.6268460312226,1726.6897233388956,3626269
2023-03-06,1745.6314697265625,1759.1897480648408,1736.11070115329,1750.9152687131202,5186846
2023-03-08,1734.8642578125,1738.951784003142,1721.5552150952444,1730.6771842709009,5202608
2023-03-09,1711.4365234375,1739.201232277662,1708.445721482384,1733.967328856209,6928316
2023-03-10,1694.08984375,1708.2462566086997,1686.812177520817,1701.7661861867816,4876144
2023-03-13,1668.7677001953125,1718.0162598038257,1661.0912360527193,1693.7907170556925,8978938
2023-03-14,1643.1962890625,1672.4065008044838,1638.4608530709654,1667.8704029131275,14138986
2023-03-15,1660.842041015625,1682.8244829698006,1656.5054027358049,1662.8858042616275,4692363
2023-03-16,1658.449462890625,1673.702478771713,1643.1464299393413,1664.8796379636276,3632063
2023-03-17,1687.9088134765625,1700.9686236275722,1666.0261623793842,1674.4502054141249,8928301
2023-03-20,1694.4388427734375,1697.728651849675,1675.8958953108765,1681.8276037410906,4463937
2023-03-21,1701.61669921875,1706.7010380574109,1686.8122543047514,1702.3146260058852,1805180
2023-03-22,1699.9219970703125,1707.9472425762688,1686.9119599778903,1704.7571025248146,3326099
2023-03-23,1674.5499267578125,1694.7877348583609,1669.8643858163261,1693.9403653301397,5642151
2023-03-24,1686.961669921875,1703.7100858950616,1669.8642297378904,1670.9110589782272,5480609
2023-03-27,1699.9716796875,1707.5982485505162,1687.908803538068,1695.4357033478232,2837204
2023-03-28,1693.691162109375,1704.5577668251183,1680.2823270674935,1703.7102755857104,2371652
2023-03-29,1715.7733154296875,1721.7050240721899,1689.8031359596766,1694.8874750383993,2821000
2023-03-31,1727.5369873046875,1735.3131208668628,1715.723344224338,1720.2095470418915,3565755
2023-04-03,1740.347412109375,1746.8274822790036,1727.8857387062433,1728.6833344824554,2436866
2023-04-05,1746.5286865234375,1754.3046986505321,1733.7181090537147,1739.6498176331293,2526350
2023-04-06,1751.712646484375,1756.0492848951997,1734.01706859631,1744.6344396683571,1557355
2023-04-10,1753.9058837890625,1762.5791601634894,1744.2854471786013,1751.7624515344985,1253171
2023-04-11,1840.8385009765625,1853.3001750963606,1820.4013554200938,1841.5363060488567,9293763
2023-04-12,1838.3961181640625,1845.2748651332795,1825.8845482839192,1836.3523548670375,3408713
2023-04-13,1863.7679443359375,1868.5532757813007,1825.3859888093616,1832.36452617783,2924116
2023-04-17,1889.33935546875,1907.9321975403616,1820.5010191537397,1883.1582921057716,10354299
2023-04-18,1882.5103759765625,1898.7603259081334,1880.1177102215233,1895.1214927490153,2972721
2023-04-19,1879.1207275390625,1882.5601008066624,1870.3975559368562,1882.5103271294122,1876656
2023-04-20,1878.2235107421875,1897.5640531856402,1866.3101990419557,1878.5226395974717,2322777
2023-04-21,1887.843994140625,1897.8133336162484,1871.3945840058466,1876.2296893123162,1671341
2023-04-24,1891.4329833984375,1896.1684197780091,1871.7934327763144,1884.4045501987614,2017406
2023-04-25,1883.5074462890625,1901.153129330175,1871.2451094665644,1896.1684593529064,4738419
2023-04-26,1872.8402099609375,1888.5918160235476,1857.6369662831576,1871.7436068873233,3159518
2023-04-27,1902.7481689453125,1907.1347027943461,1871.0955150960076,1871.1454104733998,5061293
2023-04-28,1932.1077880859375,1937.3416910460726,1890.286338082097,1900.1560080032723,4367612
2023-05-02,1915.259765625,1931.5097166986513,1884.205247393564,1912.119399206802,4605771
2023-05-03,1925.029541015625,1927.9206737782058,1906.835496627155,1913.1162291218639,3449007
2023-05-04,1941.6285400390625,1945.1178088700976,1915.8578217261968,1924.0326314519205,3451579
2023-05-05,1922.786376953125,1967.9475315998634,1909.6268980646091,1946.164550080176,3484218
2023-05-08,1952.843994140625,1962.4644308535874,1915.1100694283675,1929.9644092462227,3870941
2023-05-09,1948.30810546875,1963.9599201130618,1942.1769372164983,1958.825685830411,3623075
2023-05-10,1952.694580078125,1957.978378964543,1925.7275883549216,1953.9906429585053,3912439
2023-05-11,1951.94677734375,1973.9292196041204,1945.8655045922583,1963.9598801111704,4411824
2023-05-12,1954.5887451171875,1961.966080939604,1937.6907627631217,1948.009005160562,3217081
2023-05-15,1966.95068359375,1970.9384193942442,1946.4138685604128,1951.049635767695,2971692
2023-05-16,1941.0802001953125,1971.9352557460911,1932.0578997148255,1971.9352557460911,4569497
2023-05-17,1903.2965087890625,1944.9185019408744,1889.738231167441,1943.8218989156037,5482017
2023-05-18,1921.4906005859375,1927.7214380361513,1905.3401968973571,1918.1010006738125,4145228
2023-05-19,1935.69677734375,1940.8807850687162,1917.6024022888976,1924.0824727931233,3946927
2023-05-22,1934.251220703125,1946.5135570907428,1917.7520366811323,1939.03655239001,3400880
2023-05-23,1915.608642578125,1934.2512593257873,1909.1285717080975,1934.2512593257873,4335524
2023-05-24,1904.49267578125,1934.0517906319187,1891.5824302902392,1916.0570848293266,3557537
2023-05-25,1924.03271484375,1927.6217745823467,1901.7014907140722,1912.1194022827108,5966757
2023-05-26,1939.08642578125,1943.9713047735124,1917.602450506312,1943.9713047735124,3295412
2023-05-29,1947.21142578125,1967.2498963905116,1942.2766511960103,1957.0810966477734,3775509
2023-05-30,1968.6453857421875,1973.0319193797443,1946.3639367136425,1951.8470733365793,7429705
2023-05-31,2008.173828125,2058.070298069542,1947.9092210179444,1978.8639463814452,88598126
2023-06-01,1924.1324462890625,1973.0818795922382,1919.0978810914196,1961.9660415521628,5967432
2023-06-02,1932.8056640625,1945.3670072885732,1922.0886242746615,1938.9866057733502,3558072
2023-06-05,1918.9981689453125,1945.5165874584727,1916.3562696602864,1939.0365168366534,2405909
2023-06-06,1953.04345703125,1960.3708970504783,1924.232042221459,1928.9674783714686,4112841
2023-06-07,1933.4537353515625,1965.9537579232563,1930.0641355676594,1965.9537579232563,3100414
2023-06-08,1880.7158203125,1930.9613136915955,1873.7871783197386,1930.9613136915955,5491614
2023-06-09,1866.2603759765625,1891.881530109363,1854.9949735329033,1856.291036361303,14196924
2023-06-12,1873.6875,1878.2235982389193,1858.7334904598813,1869.1016280802385,2815173
2023-06-13,1850.2593994140625,1877.2265097433285,1846.3215592377294,1869.5999411664502,9561827
2023-06-14,1858.932861328125,1862.2226702519208,1840.7388172581666,1850.2594631922223,5578543
2023-06-15,1827.87841796875,1863.2695735934517,1823.0930862762898,1862.2227442557137,4838188
2023-06-16,1851.7052001953125,1855.9421696135253,1827.3799867256587,1831.3178272712278,3197657
2023-06-19,1818.955810546875,1862.7211117518991,1812.4258447709642,1858.1352401142376,7609913
2023-06-20,1838.34619140625,1841.3369932360865,1809.7342359125614,1814.4197767675569,4622905
2023-06-21,1839.891357421875,1844.0784310087622,1830.4702593073346,1841.3867582309103,2399108
2023-06-22,1830.4703369140625,1841.6360697792059,1824.7878622772191,1839.8914354280305,3428210
2023-06-23,1822.9437255859375,1839.8916036901337,1818.3079581182276,1827.3800332347942,2584063
2023-06-26,1817.3607177734375,1826.3331234335305,1814.3201422062523,1826.3331234335305,2213679
2023-06-27,1839.0439453125,1841.3369419966486,1815.0677576614582,1822.0960687483725,2138665
2023-06-28,1834.90673828125,1842.4335162084574,1823.7909009572988,1840.339979357712,5339982
2023-06-30,1840.888427734375,1844.8761635206922,1827.3300287040663,1842.2342642230494,3934720
2023-07-03,1838.2962646484375,1853.3001689170626,1832.3645564656058,1850.309367138283,3208540
2023-07-04,1855.991943359375,1862.6215786708408,1830.4206841089313,1844.3278644625425,6575587
2023-07-05,1859.1322021484375,1862.0732302391953,1847.4681239266156,1857.0885606237098,3119185
2023-07-06,1871.5440673828125,1877.0769775345366,1853.3500236277625,1854.2970621585162,3654241
2023-07-07,1847.8170166015625,1868.65295982233,1844.8262148482283,1866.2602940804559,2076544
2023-07-10,1861.176025390625,1868.6031346788025,1839.3431474314984,1847.318619073478,3437542
2023-07-11,1860.876953125,1887.993630550119,1857.5871439902464,1868.2542889574238,4096757
2023-07-12,1872.341552734375,1885.1023554655771,1862.172875526973,1869.1514128995916,4355083
2023-07-13,1863.9674072265625,1895.7696254168534,1860.727371802863,1883.2082816518725,5265370
2023-07-14,1863.2694091796875,1881.5631214153598,1854.2970043200744,1864.366012101101,7131916
2023-07-17,1891.2335205078125,1893.626064532283,1860.9267053388364,1865.462681606593,3329856
2023-07-18,1885.052490234375,1902.1499314098924,1873.5877500817473,1889.5386929027945,5795645
2023-07-19,1900.7542724609375,1909.1285421023176,1885.7504893121702,1888.9905246969392,3377787
2023-07-20,1950.900146484375,1956.3832834212642,1887.0963712187556,1895.1715121866018,9305585
2023-07-21,1964.1591796875,1981.6554188327818,1944.6192990038812,1945.9153617909526,3849750
2023-07-24,1891.4329833984375,1944.0212505610505,1882.4106822494682,1944.0212505610505,7033093
2023-07-25,1869.7496337890625,1896.1683836133282,1850.7579932558444,1895.1714496576953,7944916
2023-07-26,1889.4888916015625,1892.080895432883,1869.8991158966405,1874.2357540735081,2462073
2023-07-27,1868.0048828125,1896.766401298719,1856.8392718845087,1883.2081246872915,6290001
2023-07-28,1871.095458984375,1880.0180908509985,1855.393749278034,1863.8676878497101,2302033
2023-07-31,1850.8577880859375,1869.2511709294677,1843.4804524587946,1860.278765309006,4025207
2023-08-01,1844.3277587890625,1860.0294680868612,1838.744953155719,1844.3277587890625,4467942
2023-08-02,1818.1083984375,1842.2342730783098,1812.475818969083,1834.9068328749383,4180451
2023-08-03,1817.6597900390625,1828.227265370451,1800.313115297179,1814.519423816612,7015292
2023-08-04,1834.3721923828125,1838.6625867239607,1807.0836230724005,1824.893521821139,5443532
2023-08-07,1827.4378662109375,1840.8576196519634,1822.2994045935823,1840.8576196519634,3708310
2023-08-08,1823.895751953125,1838.5128839524787,1817.9591596846835,1827.387893710147,4089623
2023-08-09,1827.387939453125,1829.8823264848654,1812.6710559658557,1829.8823264848654,2624324
2023-08-10,1796.8067626953125,1828.285976325697,1791.9676761251587,1821.6508823415973,5112099
2023-08-11,1787.427734375,1795.9585863787938,1777.999000515006,1793.963076838373,4265616
2023-08-14,1790.0718994140625,1798.3033766846327,1780.992354905167,1784.9833741878676,3299919
2023-08-16,1782.1895751953125,1785.8314045748748,1773.5091571530595,1782.9878277538776,1883940
2023-08-17,1761.735595703125,1783.3869478678878,1759.0417064707015,1777.999047606801,5131739
2023-08-18,1746.8692626953125,1764.4297239232183,1742.578868066315,1753.155045253875,4113292
2023-08-21,1756.397705078125,1768.6202018461586,1744.9235244387467,1747.0687217001403,3955468
2023-08-22,1759.1414794921875,1768.0215216520585,1754.5018952708162,1765.0282572248823,3328812
2023-08-23,1776.0535888671875,1777.8994110006067,1750.0620260221901,1765.8266015429415,3338285
2023-08-24,1776.951416015625,1794.9609394181118,1772.2620170324742,1784.9833911167327,4123791
2023-08-25,1774.8560791015625,1785.3325043686386,1763.0327092308244,1767.2232306191593,2043350
2023-08-28,1786.330322265625,1792.5662899068154,1770.6656202694517,1774.8561418058343,1980536
2023-08-29,1779.0965576171875,1793.5141875395054,1775.0057873008125,1792.9154372231537,2708692
2023-08-30,1770.9150390625,1788.9244403300104,1761.037242070674,1786.9788671663327,2595896
2023-08-31,1754.80126953125,1779.7950762038377,1750.3613093517145,1770.915034048525,8314010
2023-09-01,1767.12353515625,1775.6044511157565,1750.4111419419287,1759.9397491796358,2695210
2023-09-04,1758.243408203125,1784.9832847762898,1753.354507263701,1773.4093537954561,4697683
2023-09-05,1767.07373046875,1778.99685190181,1759.1415065370393,1761.037265062644,4257343
2023-09-06,1766.325439453125,1773.0103481530996,1756.2480181464914,1767.0238191216317,6220223
2023-09-07,1784.9832763671875,1788.3257304740275,1763.3320466635646,1771.0147096432408,2208089
2023-09-08,1789.1739501953125,1800.9475061562732,1777.5502036175062,1792.9654673478244,2386182
2023-09-11,1803.8409423828125,1807.4328353336393,1791.2193196978835,1795.9586550375661,2316902
2023-09-12,1807.133544921875,1814.9160815105122,1792.366846143463,1814.9160815105122,3408966
2023-09-13,1820.50341796875,1831.877847261978,1796.5573023182667,1796.5573023182667,5931870
2023-09-14,1817.4603271484375,1827.637377515876,1809.927229596724,1823.8957969695764,2559423
2023-09-15,1809.8275146484375,1819.3560002190518,1806.9340012755501,1812.1222776849559,4121540
2023-09-18,1794.3123779296875,1807.931755746964,1789.9721687693452,1806.934000914874,3970112
2023-09-20,1785.4322509765625,1799.400817964034,1771.713122685296,1782.9378640145142,5368143
2023-09-21,1751.7581787109375,1786.779472128328,1747.0687795346269,1779.9946902854222,4784751
2023-09-22,1752.5064697265625,1765.9263456299454,1748.2161969195354,1754.0530384732942,3710123
2023-09-25,1780.393798828125,1785.2828220076487,1752.8557890160334,1760.0395752987538,2226567
2023-09-26,1760.13916015625,1777.7994926104013,1749.7624862199032,1772.1122173605954,3656167
2023-09-27,1761.1868896484375,1767.1234819227589,1746.0708802402526,1760.0394472821747,3004206
2023-09-28,1729.30859375,1767.9217781037264,1725.1180722524987,1758.2434833366526,8263197
2023-09-29,1731.802978515625,1740.0843921739404,1729.0591527825527,1740.0843921739404,3571729
2023-10-03,1723.1724853515625,1731.1045873358441,1711.5984321721514,1726.1158133089398,5534869
2023-10-04,1718.1837158203125,1723.122553401374,1705.1629668575265,1711.1494957054758,6220979
2023-10-05,1730.3563232421875,1743.077697393168,1717.285759258076,1726.1158651918606,2966801
2023-10-06,1739.984619140625,1743.0776346597083,1726.3153053102546,1731.4039522245018,1992323
2023-10-09,1715.43994140625,1729.907386554841,1713.1949930211238,1726.1158694525743,1839513
2023-10-10,1752.1572265625,1764.7289130179054,1716.7369302196255,1723.6214628821372,3368982
2023-10-11,1767.4228515625,1775.9535819015955,1756.0983591052427,1756.0983591052427,3499844
2023-10-12,1759.889892578125,1772.9106422723494,1757.29575429087,1771.0148836714234,2383827
2023-10-13,1758.0439453125,1765.9760471985642,1748.216084960438,1751.0596617613153,2123927
2023-10-16,1745.821533203125,1758.193717591932,1742.5288935090189,1757.0462751654254,1579957
2023-10-17,1767.5726318359375,1770.8153350591779,1746.8692189490944,1751.059740549861,3217357
2023-10-18,1749.4632568359375,1771.2142379774214,1741.181843437645,1769.0192261783798,3051680
2023-10-19,1734.5467529296875,1749.4632600059006,1731.703176158792,1738.0888311260803,1993179
2023-10-20,1765.6268310546875,1769.2187238967792,1728.7598407205462,1729.607907922726,4072383
2023-10-23,1736.841796875,1765.0283720648426,1718.582833962726,1765.0283720648426,7546442
2023-10-25,1724.170166015625,1757.7944527925813,1718.1337009841493,1745.0730795710087,3512668
2023-10-26,1691.0447998046875,1723.8210225904863,1685.2079582339968,1723.8210225904863,6279280
2023-10-27,1698.8770751953125,1704.1652244345958,1685.2078829449838,1704.1652244345958,2974830
2023-10-30,1713.6439208984375,1717.0363116804256,1684.609279698359,1698.1787210300672,1511563
2023-10-31,1735.4947509765625,1743.0776632174586,1712.9953311615839,1723.8209465538575,4839336
2023-11-01,1720.5284423828125,1732.052437519038,1713.9930995689463,1727.113599860119,2528105
2023-11-02,1733.7984619140625,1754.7014979875778,1728.2110594104788,1731.104572680836,2550558
2023-11-03,1729.3585205078125,1740.3338233929046,1726.215568504197,1736.0933654600283,1558958
2023-11-06,1736.29296875,1743.0777505559524,1728.1114275689235,1740.0844859585466,1186685
2023-11-07,1747.3182373046875,1750.4611895426012,1722.2246776602337,1731.2544080618788,3599603
2023-11-08,1742.329345703125,1756.996292765207,1736.0933781093415,1749.0641907044112,3642837
2023-11-09,1741.0322265625,1752.7558457117889,1735.1953852176346,1741.980166720401,1943711
2023-11-10,1741.5311279296875,1745.322645020962,1730.705512329824,1730.705512329824,1634799
2023-11-13,1744.27490234375,1748.2659215659494,1729.6079554206635,1747.068664517786,2855277
2023-11-15,1765.527099609375,1768.3208617378202,1746.2205687962908,1757.0461839005986,3432271
2023-11-16,1768.86962890625,1779.3959910985052,1761.037277837158,1767.0238068269725,2079116
2023-11-17,1760.63818359375,1780.2440907515238,1755.3501559675701,1756.0485356439299,2710870
2023-11-20,1766.5748291015625,1771.9626076432587,1746.1706701415585,1752.0574478849305,1923651
2023-11-21,1763.2322998046875,1774.9559191432725,1756.6970786979466,1774.9559191432725,2705765
2023-11-22,1741.730712890625,1759.0417345291535,1733.5989868090778,1754.0529604663936,4513732
2023-11-23,1735.39501953125,1744.873690388906,1733.1001347103727,1736.1433356515913,2836289
2023-11-24,1740.08447265625,1745.5721243762096,1729.8075488985542,1735.594575794465,2561979
2023-11-28,1738.3382568359375,1744.0753467924917,1734.0977990419626,1741.082082467333,3349292
2023-11-29,1749.51318359375,1755.3002104110883,1736.2929319024345,1744.5743458313418,3473140
2023-11-30,1751.5086669921875,1762.0350291635023,1742.029996110504,1752.5064218218386,6254947
2023-12-01,1746.56982421875,1762.0350240333119,1744.3248758585717,1756.0484950728364,2002378
2023-12-04,1814.4671630859375,1821.8504516687453,1748.7150929557088,1766.0261155483024,4579173
2023-12-05,1824.3447265625,1832.8755788734668,1804.4395668985655,1823.8957856182349,5571472
2023-12-06,1817.3106689453125,1835.220319397958,1809.079191610386,1827.93678222783,4695880
2023-12-07,1822.748291015625,1832.725838791167,1809.3285379760162,1820.9024690363972,2500642
2023-12-08,1834.322265625,1838.8620986891476,1816.612117902953,1822.74833428984,2985466
2023-12-11,1839.9097900390625,1857.4702501825352,1836.1682095342217,1840.857608381793,3205833
2023-12-12,1820.2540283203125,1848.8397290077166,1814.9660007160628,1843.8509547794172,3814962
2023-12-13,1822.0997314453125,1831.6283383176594,1809.0291681799044,1819.90471964669,3251332
2023-12-14,1849.687744140625,1861.2616756648615,1828.335766685982,1839.8598835470866,4878863
2023-12-15,1846.445068359375,1860.8127623042437,1838.6127172847964,1860.8127623042437,3877197
2023-12-18,1842.80322265625,1851.733201404861,1835.868875351003,1841.0571517150195,3758730
2023-12-19,1842.4041748046875,1850.6854665676005,1831.5784377868363,1845.6966925672048,3088923
2023-12-20,1822.399169921875,1859.8149754910348,1811.2243647103828,1847.9916052904287,3968562
2023-12-21,1848.540283203125,1853.27961853892,1800.9474276021626,1816.9115045227356,2403840
2023-12-22,1856.3228759765625,1875.4299054822511,1846.8442050161877,1850.5358491980462,3309295
2023-12-26,1882.6136474609375,1894.7363928168816,1852.9803781875114,1862.8082387515103,4350669
2023-12-27,1898.078857421875,1905.711706153939,1878.922013596835,1889.747629034325,3407243
2023-12-28,1917.0362548828125,1922.1747167147225,1898.8272288874616,1906.7095165542873,4950014
2023-12-29,1903.81591796875,1913.4442761907228,1885.8065168265791,1907.8069371864597,2446170
2024-01-01,1904.8636474609375,1914.6915081225368,1888.8496338099928,1904.7139598780211,1425902
2024-01-02,1860.8626708984375,1903.7161915869958,1855.9237114745938,1903.7161915869958,5120796
2024-01-03,1861.710693359375,1865.8014636530563,1843.5016683798733,1859.8149348926722,3781515
2024-01-04,1859.4158935546875,1867.2981811418394,1856.3728143735605,1867.2981811418394,2865766
2024-01-05,1843.4517822265625,1865.7017634449858,1837.2657510571878,1861.3116178749895,7799341
2024-01-08,1822.0,1847.2930595997395,1814.5168390653882,1843.8508542883137,12253167
2024-01-09,1822.548828125,1853.8284167173608,1816.9114891508686,1832.8755659363787,4339223
2024-01-10,1816.7120361328125,1828.3857188800157,1807.5326186546865,1816.7120361328125,7052758
2024-01-11,1818.75732421875,1837.2657245932367,1811.2741631718536,1827.8868050552117,4170070
2024-01-12,1829.134033203125,1838.4132017955014,1810.3263791083282,1820.9025558956514,2172621
2024-01-15,1847.343017578125,1849.4382783049768,1832.1272568338277,1838.8621017534347,6172312
2024-01-16,1843.8509521484375,1856.7718286627976,1836.8666682387843,1846.395275719738,4650898
2024-01-17,1775.6544189453125,1830.5309349469046,1772.1123405576209,1818.9570032039996,10836883
2024-01-18,1773.259765625,1788.6750289779086,1760.6381427089045,1766.0260431319455,4293450
2024-01-19,1760.3388671875,1795.908728872209,1750.2116314654106,1783.0377892076608,4560329
2024-01-23,1780.4935302734375,1820.802850582839,1759.93980471751,1796.9564853025838,6780824
2024-01-24,1784.584228515625,1799.450799541448,1758.9419786213048,1784.9833547988083,3268351
2024-01-25,1764.4296875,1793.5640801769496,1748.4656100230422,1785.9811677346438,6702170
2024-01-29,1818.807373046875,1825.941344711581,1772.0126453833027,1781.291814373235,5236148
2024-01-30,1819.505615234375,1835.3200043361705,1799.301080686354,1820.9024963031156,3829187
2024-01-31,1821.1519775390625,1837.3155568365266,1784.4844880584103,1811.9227454929119,8117401
2024-02-01,1818.6575927734375,1827.9367612904766,1809.1289855521363,1825.8913151970323,2072168
2024-02-02,1818.8570556640625,1845.8463715997327,1814.3173444224662,1837.6648309954624,5049876
2024-02-05,1804.2899169921875,1822.8481324145832,1794.9609337192653,1820.902559220489,3460806
2024-02-06,1782.98779296875,1809.9271720455024,1779.1464614226088,1809.9271720455024,4691897
2024-02-07,1788.5751953125,1805.7366506162573,1779.99452855874,1786.9788120228159,4592224
2024-02-08,1725.8165283203125,1799.7502606989624,1723.172575384903,1797.5053122695601,4542774
2024-02-09,1738.537841796875,1745.073184602936,1715.140539927071,1726.1158429748882,4063976
2024-02-12,1705.7117919921875,1745.0731707090667,1687.30314258535,1739.0866418215571,4506489
2024-02-13,1733.2498779296875,1741.1819803414219,1705.1630542853977,1709.1540737219932,4492334
2024-02-14,1745.023193359375,1760.8377042369646,1708.305890120777,1719.7800702196337,3850323
2024-02-15,1735.3450927734375,1753.5041820100794,1716.1882487040957,1751.059731388462,2541670
2024-02-16,1731.3541259765625,1747.0687650684115,1728.310924925991,1746.021073743789,1643146
2024-02-19,1727.5126953125,1740.0843815077226,1722.2744825814705,1740.0843815077226,4447954
2024-02-20,1758.5428466796875,1764.6790630996904,1733.449288933776,1735.7939883701008,7611124
2024-02-21,1742.1796875,1765.0282975081673,1736.6422212610871,1765.0282975081673,4184871
2024-02-22,1720.877685546875,1741.0822213534118,1710.3513231118843,1740.5833439260898,6200760
2024-02-23,1720.12939453125,1728.8597496369046,1711.5487270152278,1720.6282719658589,3453766
2024-02-26,1702.4691162109375,1721.5262091165926,1698.128785260731,1718.2335694570384,5958066
2024-02-27,1702.91796875,1711.0995092178239,1693.1898596565109,1709.1539361176212,4431652
2024-02-28,1679.820068359375,1709.0043981954523,1671.4389031241237,1707.1585760522494,3076327
2024-02-29,1685.6568603515625,1698.4281709813906,1663.6564392773694,1683.2124097198448,6606975
2024-03-01,1723.821044921875,1726.3653685658726,1691.1945093016352,1691.6933867380073,3444149
2024-03-04,1723.322021484375,1737.5899636743277,1714.6416035454104,1724.0703375755352,2777198
2024-03-05,1711.847900390625,1723.322080850353,1705.113055338176,1723.022827481323,3122194
2024-03-06,1755.7989501953125,1767.9715096270568,1714.5418149633813,1718.9817749554247,7451712
2024-03-07,1744.1253662109375,1760.9375106110192,1741.082165283778,1755.7990489158328,3139360
2024-03-11,1725.7666015625,1765.8762955107695,1720.3787013226417,1761.9352127980783,3640143
2024-03-12,1716.4874267578125,1739.5355380225972,1703.5166145018636,1731.0048076550818,10243298
2024-03-13,1725.6668701171875,1738.8371848125635,1713.3445008497918,1716.487452841896,5816083
2024-03-14,1738.488037109375,1753.903300487405,1715.2902373524648,1721.127078738503,4809633
2024-03-15,1734.3973388671875,1752.0575513438969,1717.335633156851,1731.9029516927228,15507454
2024-03-18,1733.9981689453125,1740.932516397407,1711.4489338145765,1733.4992915229677,2314143
2024-03-19,1745.7218017578125,1752.9555244372852,1726.6647084373474,1730.954981224666,4481075
2024-03-20,1761.4364013671875,1764.52941698116,1726.914108605968,1747.467833746189,4420886
2024-03-21,1768.171142578125,1786.629605849885,1760.3387919815175,1768.121206121058,3783681
2024-03-22,1772.41162109375,1778.4979009115348,1761.0371922069335,1765.9262150034695,7061283
2024-03-26,1749.7625732421875,1771.4139258412574,1746.070929139076,1761.0372513888396,5303630
2024-03-27,1771.6134033203125,1775.8040465694096,1749.962172820152,1754.0529431519865,8231130
2024-03-28,1781.4912109375,1799.8499237768658,1770.2165328806705,1773.958113413303,6630072
2024-04-01,1786.679443359375,1813.5690078714726,1782.4889219842048,1790.9698376499566,2885880
2024-04-02,1753.454345703125,1793.9631670514907,1750.5108959052448,1789.8723966471625,6851190
2024-04-03,1727.2633056640625,1752.7558686012987,1725.1181084111847,1749.5631018502097,12683551
2024-04-04,1745.2227783203125,1747.7669799031776,1719.4308419043869,1743.0775812080044,13125292
2024-04-05,1781.14208984375,1783.1874142027687,1736.193185258755,1745.1231642189696,6558023
2024-04-08,1784.384765625,1797.8045193947737,1781.0921259614247,1789.7726660761944,2634811
2024-04-09,1776.602294921875,1788.9744796535194,1771.7132717057918,1786.3304048921048,2373231
2024-04-10,1821.850341796875,1825.791546363727,1779.994576346243,1784.8835992615993,5525818
2024-04-12,1808.9794921875,1814.0180811375603,1795.3101775689638,1806.934046012168,3966227
2024-04-15,1794.11279296875,1805.6367876703578,1776.003519241951,1785.9311306450609,4319868
2024-04-16,1788.5751953125,1800.548252679487,1771.6633005001258,1774.0079998752465,4096778
2024-04-18,1782.738525390625,1808.9295908958743,1779.09669573255,1786.0311652012133,4250740
2024-04-19,1788.625244140625,1800.947492095715,1759.0417886785294,1760.0395435217958,3870380
2024-04-22,1805.8863525390625,1818.4082246978676,1795.9587404423382,1808.9295535677552,6151139
2024-04-23,1808.9794921875,1824.8936334380205,1799.051758282683,1805.9362911551761,5956005
2024-04-24,1838.66259765625,1841.3564869028785,1803.7411795898176,1807.9317010392933,3295077
2024-04-25,1638.7623291015625,1693.9881549396268,1598.4031959984986,1661.2617486501251,66179079
2024-04-26,1604.8885498046875,1651.2841466750126,1601.3964081047707,1638.762275575387,22146849
2024-04-29,1636.717041015625,1643.5516372148354,1605.886392531357,1606.4850210677396,11227409
2024-04-30,1620.303955078125,1643.3022533040055,1616.3628721023006,1636.717095591727,18206448
2024-05-02,1572.1124267578125,1590.920080998007,1548.9146268937775,1586.4301842501293,26640478
2024-05-03,1543.227294921875,1584.3348656125906,1540.3837181112935,1579.445842750829,16123589
2024-05-06,1620.6531982421875,1629.3336164330399,1590.4211785635428,1601.3964815523752,21608211
2024-05-07,1640.2091064453125,1643.651311716231,1614.367233295975,1625.0431607185594,9866785
2024-05-08,1644.6490478515625,1653.7285918832022,1632.4265519407534,1636.317819896095,9853753
2024-05-09,1639.410888671875,1658.1187911850109,1633.3246087468497,1644.299911554556,4656044
2024-05-10,1624.294921875,1649.3884801329718,1612.2720492875526,1639.3111807396517,11769402
2024-05-13,1637.51513671875,1639.9597090679551,1612.3717643593652,1623.3470672108213,5839248
2024-05-14,1642.6038818359375,1646.295526115394,1628.8348159899278,1638.3134872008952,4282026
2024-05-15,1647.0936279296875,1650.286394484682,1633.374499801414,1645.9960002424361,5260900
2024-05-16,1668.2960205078125,1671.239348552437,1643.5017154221434,1651.2842518533032,6998357
2024-05-17,1692.7410888671875,1701.8206339078097,1661.261873712867,1670.2416676248286,9617451
2024-05-21,1694.4371337890625,1711.149527129835,1686.2056564719655,1688.2011661245951,5810167
2024-05-22,1695.7342529296875,1701.1220315203127,1677.3256034242424,1698.9769560944583,6058697
2024-05-23,1705.2130126953125,1709.7527242851236,1693.2399542314163,1696.183282385291,5681295
2024-05-24,1699.62548828125,1713.9931827997627,1690.8951331497533,1707.158586284641,4936177
2024-05-27,1707.158447265625,1718.1337499657548,1698.6775315427976,1699.6253498756766,3454287
2024-05-28,1699.8250732421875,1712.1473212708725,1694.1877339848145,1708.4556770472368,3716141
2024-05-29,1684.060546875,1707.058845536889,1678.4232074537044,1694.187783248367,4952472
2024-05-30,1686.3052978515625,1703.766006175738,1679.221263405001,1680.568207973619,5580489
2024-05-31,1676.627197265625,1699.176431480338,1656.8217887623455,1699.176431480338,12804476
2024-06-03,1714.1927490234375,1734.945976586733,1696.2829765944066,1717.5850180373811,9801071
2024-06-04,1634.2724609375,1711.6483960529094,1598.8521647790167,1699.4258994911793,15229468
2024-06-05,1714.2425537109375,1720.8776477076735,1641.3066997994624,1658.8173458319302,14426318
2024-06-06,1730.8052978515625,1734.5968150181884,1699.9747702761574,1717.136105059708,6359901
2024-06-07,1749.7625732421875,1754.7015326623548,1718.1337942728508,1726.1657692653876,4608146
2024-06-10,1741.730712890625,1769.4682236018252,1732.2520421713812,1746.1706730879846,4848044
2024-06-11,1716.1383056640625,1743.2771882909503,1713.244792301078,1742.6785597528744,4105647
2024-06-12,1711.8978271484375,1730.1068525574183,1709.0542502794342,1716.2380362428364,5881576
2024-06-13,1722.4739990234375,1733.6489260194994,1715.1405254987906,1727.5127095533182,6016145
2024-06-14,1713.3446044921875,1731.004938670466,1706.5599444917668,1719.1316314244195,3153666
2024-06-18,1715.5396728515625,1720.7778856901018,1699.4259080461402,1714.7414202719542,5707330
2024-06-19,1742.7781982421875,1759.091586076959,1711.1494209295067,1725.117987630972,9959798
2024-06-20,1762.284423828125,1785.8314128601544,1756.3478314585664,1761.0372303222312,9243104
2024-06-21,1771.663330078125,1784.9833322620286,1741.3814963411446,1766.0259911144722,19031689
2024-06-24,1768.5704345703125,1771.2143875254085,1745.82157493115,1753.2049852909659,4228888
2024-06-25,1777.8992919921875,1794.2125585167146,1759.0417020241723,1772.561328202922,5933859
2024-06-26,1794.11279296875,1811.9226915412264,1772.1122512169484,1776.003519241951,6685932
2024-06-27,1826.4400634765625,1833.873287878139,1780.9922844736009,1786.978813160907,13342769
2024-06-28,1798.4530029296875,1843.8009092642596,1794.861110057009,1818.108723508121,4969007
2024-07-01,1804.0404052734375,1809.0791156642103,1785.981067995413,1798.4530028277834,2901510
2024-07-02,1765.6268310546875,1816.8615145534336,1733.199800764818,1816.8615145534336,9625017
2024-07-03,1806.6346435546875,1811.7731053498492,1748.2659853020884,1761.8355485892616,8981003
2024-07-04,1829.732666015625,1834.4221867825288,1797.255819458885,1802.543846966785,5068893
2024-07-05,1848.540283203125,1853.7784959426879,1814.367181045023,1815.9137497151999,3465653
2024-07-08,1849.0391845703125,1853.0801403116996,1831.3290365070293,1849.8374371451828,3861203
2024-07-09,1843.701171875,1865.8014649230422,1825.8912731599823,1857.0211740166733,3920211
2024-07-10,1825.7415771484375,1840.3587091733887,1816.1132190708252,1838.862076989187,5629789
2024-07-11,1840.3587646484375,1847.8419257950156,1817.4603402584055,1826.7393870024168,4615372
2024-07-12,1828.7349853515625,1846.8442605639925,1822.149827582383,1840.3588539223576,4240855
2024-07-15,1839.4110107421875,1853.7287685450926,1822.5489293417945,1834.8711774356884,5909996
2024-07-16,1801.246826171875,1844.948414232144,1796.8566806024148,1837.9641304886256,6542702
2024-07-18,1822.6485595703125,1827.0885196598574,1789.1240230418841,1800.9473929242722,7590838
2024-07-19,1819.502197265625,1828.8913964888166,1803.8701956240527,1816.405791652055,4138865
2024-07-22,1755.5260009765625,1818.902881263522,1746.8859381925217,1818.902881263522,10742361
2024-07-23,1766.8629150390625,1778.449531803874,1737.147175880868,1766.9627754906223,6155196
2024-07-24,1744.18896484375,1778.8490762403148,1727.0588129410185,1765.9139167657179,7487207
2024-07-25,1773.105712890625,1776.9512547389363,1730.005381229813,1730.005381229813,3096397
2024-07-26,1811.7611083984375,1827.7426824671588,1756.0753112527366,1756.0753112527366,5309351
2024-07-29,1791.8341064453125,1824.8959629424503,1781.4460590628682,1822.5985629309475,8006367
2024-07-30,1784.0430908203125,1804.5694740737524,1779.2486916904936,1791.8341570596547,5679537
2024-07-31,1805.8179931640625,1813.908640578051,1771.1080122939704,1790.9351280597168,5806257
2024-08-01,1790.5855712890625,1816.1560654096395,1784.1929172764849,1805.0188815960466,3816044
2024-08-02,1801.373046875,1807.915552480455,1772.9558594766893,1779.0488101571134,3242589
2024-08-05,1771.607421875,1803.52057827311,1766.5133196140914,1768.1613218678178,4911818
2024-08-06,1768.510986328125,1790.1359554574613,1757.9730875145974,1782.9442961440661,3924022
2024-08-07,1774.504150390625,1784.5425035204025,1758.0231520079683,1782.9443704874252,3537745
2024-08-08,1770.70849609375,1779.748122860087,1760.6201516682195,1764.6155452569235,2472221
2024-08-09,1767.612060546875,1783.3937917974447,1762.9673911926304,1782.99434998912,2464443
2024-08-12,1770.5087890625,1788.9874845550821,1749.233269264011,1758.972041212804,4544443
2024-08-13,1750.0323486328125,1789.436868354691,1744.0891276286366,1760.9696895949317,3530319
2024-08-14,1745.8870849609375,1757.973125814969,1742.5409673176339,1752.9788839802675,2585649
2024-08-16,1775.2532958984375,1783.693516039062,1743.989292456504,1759.9708667287287,2961871
2024-08-19,1779.298583984375,1787.9386470838842,1768.9605273662341,1778.4995784172636,2172279
2024-08-20,1803.570556640625,1810.9620588537719,1774.2043906168822,1780.946617013315,3115486
2024-08-21,1810.862060546875,1814.9074451210456,1785.291567269035,1797.9270232349377,5717190
2024-08-22,1819.40234375,1822.1991680159924,1803.7204727871288,1811.9109808193796,3217988
2024-08-23,1815.9063720703125,1825.794995512088,1810.612426834187,1819.4023414334843,1815186
2024-08-26,1810.4127197265625,1820.850636704264,1807.6158954428147,1817.9040827047413,2356257
2024-08-27,1801.273193359375,1811.0119650193506,1789.6365854002267,1808.9643990076572,4541696
2024-08-28,1789.2371826171875,1803.8203448298789,1783.7933856947857,1793.9317213119782,4280796
2024-08-29,1775.2032470703125,1796.4287747114683,1770.9581415420814,1781.1963372278153,5531158
2024-08-30,1778.749267578125,1787.9386240246818,1772.306622283435,1775.2532982015405,7458172
2024-09-02,1778.1998291015625,1791.3845789501663,1770.6584750580964,1779.9478137671588,4048520
2024-09-03,1781.7457275390625,1784.3925781109492,1770.3088408248373,1778.0000462433024,5196273
2024-09-04,1781.7457275390625,1786.2405450939746,1761.4690573527892,1767.9615715987734,3192443
2024-09-05,1775.9024658203125,1784.2928167748216,1757.9731857939112,1779.1987143155707,3573005
2024-09-06,1762.118408203125,1779.8978363529652,1754.4771936484274,1765.5145171085167,3254880
2024-09-09,1788.0885009765625,1791.8840517670174,1756.4249333026614,1765.664281071543,3436461
2024-09-10,1789.5367431640625,1797.5775214396276,1776.002420697711,1795.9293972175244,3497612
2024-09-11,1787.189453125,1803.3707480114133,1782.9443475356295,1792.9328312753248,3733872
2024-09-12,1825.345458984375,1832.0378164191968,1793.0827288367761,1801.8226523328321,6365508
2024-09-13,1818.253662109375,1834.8845123695482,1814.6578322522464,1834.8845123695482,2056720
2024-09-16,1829.1910400390625,1843.5743587974935,1826.194494976101,1830.8890334695152,2730634
2024-09-17,1844.5234375,1851.2656642557577,1828.5418629678336,1837.281786540112,3674862
2024-09-18,1837.581298828125,1857.3085541496994,1833.4860448941497,1847.869485818358,6877499
2024-09-19,1869.794189453125,1872.8407258056627,1842.9751346455348,1847.7696556754913,2892430
2024-09-20,1902.3067626953125,1924.0817064143098,1867.8464931689339,1871.8418867372097,18849579
2024-09-23,1932.471923828125,1939.7635658185955,1906.0024415963057,1912.7446682025238,3686272
2024-09-24,1912.4949951171875,1936.3674964180298,1907.4008926300821,1932.7716665406458,3709386
2024-09-25,1895.7642822265625,1920.485780259815,1892.1185830907007,1907.8504454754977,3307467
2024-09-26,1900.109375,1911.0967074862058,1882.1301036589362,1892.8177328508957,4204513
2024-09-27,1870.2935791015625,1907.800384116158,1864.1507591781683,1897.811900429686,6643112
2024-09-30,1851.81494140625,1882.2798175897683,1840.9774606580606,1854.5617745047641,3246840
2024-10-01,1877.2357177734375,1882.5795323571735,1844.873005047725,1844.873005047725,4871526
2024-10-03,1820.700927734375,1861.5038608345023,1813.708988875072,1855.7604824857892,6363232
2024-10-04,1806.916748046875,1847.8695322756876,1796.2789882453949,1813.4092626197355,3734632
2024-10-07,1788.1883544921875,1834.2852327029161,1767.3623896636889,1807.9156104627061,7446633
2024-10-08,1801.3232421875,1811.9110109193837,1779.7980102373733,1797.927133216588,5097103
2024-10-09,1798.7261962890625,1817.9040362512483,1787.8387246530397,1798.9259171914825,7078802
2024-10-10,1873.939453125,1881.830379846823,1803.2210597790438,1807.8157380190496,5905798
2024-10-11,1880.232177734375,1891.4192305973647,1859.0066500789064,1870.0438513019112,5211580
2024-10-14,1908.5994873046875,1913.7934499836902,1880.2820388699645,1882.8791421391968,4391138
2024-10-15,1893.0174560546875,1913.1442758829396,1885.2763808845702,1909.9978790084929,4295493
2024-10-16,1874.1890869140625,1890.2705210470122,1865.9985791732254,1881.8303012173722,3145556
2024-10-17,1861.9033203125,1876.1369093361063,1849.1680038176942,1874.1890818908273,3541432
2024-10-18,1868.895263671875,1876.3366351458367,1845.8717603138175,1865.8487274167808,3834767
2024-10-21,1787.1395263671875,1852.8638005158718,1733.0019913180795,1847.8695584659638,13178137
2024-10-22,1761.1195068359375,1793.4322268320673,1756.8244101245418,1789.8862663891896,5494382
2024-10-23,1765.76416015625,1784.9919908747413,1756.0752580129904,1759.1217942493706,2836137
2024-10-24,1760.1705322265625,1770.7084312024806,1748.284334279551,1763.9662047686254,2316820
2024-10-25,1766.81298828125,1784.4426871300273,1754.9766589910203,1762.9674462829544,2829227
2024-10-28,1747.8348388671875,1778.5994181920987,1743.0404397310524,1765.963961614734,3302148
2024-10-29,1758.1728515625,1765.1149208897089,1728.7068246565434,1741.4921325605126,4158119
2024-10-30,1732.6024169921875,1757.9731908368024,1724.611629761111,1725.0111935086122,4385949
2024-10-31,1729.1064453125,1744.5885955524202,1721.9646548481378,1725.3607638028418,2944670
2024-11-01,1742.39111328125,1752.1298848455297,1734.3503351665418,1737.596592354635,182489
2024-11-04,1727.3583984375,1741.9915513945068,1722.2642961536574,1741.9915513945068,2884830
2024-11-05,1755.12646484375,1758.4725825489925,1709.0295874702222,1719.517495517234,4028615
2024-11-06,1760.570068359375,1766.4133067911757,1744.5884948407518,1758.0729474970901,3652252
2024-11-07,1744.8883056640625,1762.9674374353845,1731.0042884280574,1760.9697406224263,3060984
2024-11-08,1743.78955078125,1762.0684029795623,1736.8974725724916,1742.9904233052623,3646825
2024-11-11,1741.9915771484375,1761.2693996812054,1735.1993593830753,1742.99042552983,3205030
2024-11-12,1719.4176025390625,1747.3853568020386,1713.224669508707,1742.7906787019247,3228390
2024-11-13,1685.90625,1726.1598893502953,1677.1164572250893,1712.0261600838426,3593490
2024-11-14,1705.9332275390625,1710.6277663043884,1687.8540956646486,1688.0538165751884,3327758
2024-11-18,1720.7659912109375,1726.2596571239606,1697.7424880217407,1712.026068167492,2082415
2024-11-19,1725.76025390625,1737.7964254155584,1711.5266647769408,1727.8079418160432,2759663
2024-11-21,1735.0994873046875,1738.7453082582877,1701.7879183944033,1713.1248230612969,3294059
2024-11-22,1759.42138671875,1770.1590065385146,1730.9043393320042,1732.0030481369176,3553726
2024-11-25,1788.687744140625,1792.5332860341373,1764.865234561611,1779.9478207782179,6871432
2024-11-26,1781.5458984375,1793.8816512139613,1772.9558269856566,1792.9327940502837,2312739
2024-11-27,1781.1463623046875,1803.4207296987247,1777.0511083789393,1778.8989534750988,3202444
2024-11-28,1757.174072265625,1786.8399431694966,1751.4806851064639,1781.1964252729408,3971395
2024-11-29,1763.217041015625,1771.5574003104498,1754.9765421693546,1754.9765421693546,2987994
2024-12-02,1751.9300537109375,1770.5586002390803,1743.9892579235568,1762.9673769960355,4265280
2024-12-03,1747.884765625,1759.171678909816,1737.996142497259,1757.9731096524,3971650
2024-12-04,1755.47607421875,1764.9651340793919,1744.3888812938421,1749.9824079836415,3186786
2024-12-05,1773.105712890625,1786.5901659198412,1745.9869551903657,1761.9685291509184,5697229
2024-12-06,1774.903564453125,1782.9943338037278,1758.971981704188,1771.8571500787684,2595882
2024-12-09,1784.19287109375,1802.8712865286893,1766.0637490952906,1766.0637490952906,2554023
2024-12-10,1792.6331787109375,1800.7239483127928,1781.1964132772946,1781.1964132772946,1979884
2024-12-11,1792.6331787109375,1804.7193419217142,1787.8886488003434,1793.9317304057317,2393428
2024-12-12,1766.6630859375,1794.3811285610007,1763.3169682409703,1787.9386052636482,3488259
2024-12-13,1803.570556640625,1806.9166742440198,1746.0369157770103,1756.324980675951,3893531
2024-12-16,1802.3719482421875,1810.9121508418248,1791.7841795785357,1800.923666832769,2989393
2024-12-17,1781.9954833984375,1804.7691530782342,1772.9558568773948,1794.0315330999626,3592861
2024-12-18,1777.9500732421875,1784.6423084538474,1768.311162223215,1779.9477699536956,3529430
2024-12-19,1760.0706787109375,1765.9639084474722,1743.389959795572,1761.4190996170748,4074080
2024-12-20,1741.5421142578125,1766.8129047154669,1731.3537877846359,1752.978879256568,14685688
2024-12-23,1743.3399658203125,1762.1682330752335,1737.9961514646864,1745.487514186517,2748036
2024-12-24,1747.0357666015625,1752.629293011675,1736.0484346807334,1740.5432522847088,2712625
2024-12-26,1750.781494140625,1767.412222170428,1740.043874025544,1754.7768876718178,1132006
2024-12-27,1757.873291015625,1775.1532948580082,1751.9800611787348,1757.9731514678297,2448271
2024-12-30,1738.6953125,1778.9489506665375,1731.5036529929494,1762.9673767133288,5502772
2024-12-31,1783.9931640625,1794.5309411139588,1733.0518976478863,1733.0518976478863,4731698
2025-01-01,1786.3404541015625,1794.6808136275624,1774.95355826697,1777.2009671055187,1484828
2025-01-02,1835.0343017578125,1838.08071611922,1794.8306549874249,1797.9270605390736,5096987
2025-01-03,1836.5325927734375,1850.866042597569,1815.0073614770015,1848.8683458435512,4277149
2025-01-06,1777.6005859375,1822.898336656974,1770.8583592128782,1818.9029430423832,3992395
2025-01-07,1770.00927734375,1795.3799280326477,1767.8617289932263,1784.942011488338,4399938
2025-01-08,1766.6131591796875,1782.6446020444878,1760.4202262498643,1778.0499240189613,4364679
2025-01-09,1788.1383056640625,1806.6170005345043,1771.9570108196767,1771.9570108196767,5469827
2025-01-10,1754.177490234375,1787.5890419708287,1751.3307967145208,1782.1452450983857,3502618
2025-01-13,1736.3980712890625,1742.5410132937707,1721.7649179413513,1730.904405125943,3092388
2025-01-14,1748.583984375,1766.8129676720907,1727.6081679783474,1747.5851359751593,4948961
2025-01-15,1787.5390625,1792.9328682165149,1758.0730348607872,1758.0730348607872,3509861
2025-01-16,1803.470703125,1812.8597801545689,1783.2938931180388,1793.7319316260423,4451534
2025-01-17,1756.57470703125,1803.4207196484408,1746.286642048752,1794.9305085617548,3521728
2025-01-20,1918.288330078125,1927.6775293157953,1863.8510929059003,1887.8234542294488,13324315
2025-01-21,1891.11962890625,1918.7376882265207,1888.8222289304763,1918.7376882265207,4415663
2025-01-22,1915.291748046875,1918.2882931546408,1884.8768639749467,1896.8130532156536,4176669
2025-01-23,1892.6678466796875,1921.734310431593,1889.921013608241,1904.9037394524948,3161159
2025-01-24,1884.0277099609375,1916.2905604543173,1870.892951695509,1888.8222308152797,4025366
2025-01-27,1879.2333984375,1896.613384930653,1860.6048514481397,1872.8407443109713,1928503
2025-01-28,1885.5760498046875,1902.8061845466455,1868.6456183518753,1892.817700638264,5157384
2025-01-29,1918.138427734375,1922.4833937234766,1882.8291625207935,1885.62598670651,2351631
2025-01-30,1899.3101806640625,1935.868006718455,1875.2878285290503,1918.1384481032633,4239181
2025-01-31,1899.1104736328125,1906.751566195892,1887.4238744291756,1900.858458297782,2333229
2025-02-01,1900.9083251953125,1914.9421936885117,1869.4446012649832,1896.8130712284228,1096357
2025-02-03,1882.3297119140625,1901.6075338034611,1879.3831580591852,1891.4192074954383,3319808
2025-02-04,1926.279052734375,1938.9643780717524,1875.0380833478737,1888.8722306092477,5332618
2025-02-05,1909.54833984375,1936.7169662876288,1900.1591409347066,1935.568388224864,3427385
2025-02-06,1913.7435302734375,1917.7889150379901,1894.265986605083,1914.792369858243,3193971
2025-02-07,1927.0281982421875,1958.3420699375642,1905.7028101453188,1918.7876992734182,4414174
2025-02-10,1957.8927001953125,1962.7370905111359,1921.3348734297545,1933.0713420371367,3569373
2025-02-11,1916.3905029296875,1968.2307589260179,1904.4043222105236,1962.3375290198153,3506682
2025-02-12,1941.7113037109375,1946.7555369166078,1902.7562160045507,1921.2349114550161,3219004
2025-02-13,1970.528076171875,1990.5050431974223,1958.2921838687273,1960.7393135574648,12678373
2025-02-14,1950.151611328125,1971.7267120589324,1931.123500821316,1971.7267120589324,2610048
2025-02-17,1943.059814453125,1961.6882393120284,1930.4243579817066,1952.7485950274029,2300119
2025-02-18,1961.0889892578125,1963.7359619138879,1936.9169066572167,1939.8135914142476,4344125
2025-02-19,1982.7139892578125,1992.602612381115,1959.740477039712,1961.6881825645714,3914165
2025-02-20,1968.28076171875,1980.0670996708893,1957.7428623358132,1980.0172304087735,4724372
2025-02-21,1950.8009033203125,1976.0716945131408,1932.2722168525718,1968.2807502031867,4008552
2025-02-24,1963.8358154296875,1967.7313485767766,1931.3233731579994,1936.06790305939,2218081
2025-02-25,1964.9844970703125,1977.2703810507287,1956.3444341027628,1966.7324817544518,4019894
2025-02-27,1945.3072509765625,1972.7255907957276,1937.666036327533,1969.7290455945188,3708068
2025-02-28,1900.7584228515625,1934.819249201863,1891.7189184229208,1934.819249201863,6970315
2025-03-03,1912.3951416015625,1921.4347684849101,1893.0174580595733,1903.3556366479527,2607790
2025-03-04,1905.60302734375,1913.7935354563765,1894.5657037457631,1898.9606610941362,3172050
2025-03-05,1930.873779296875,1951.400162281009,1893.2172441368239,1900.9083278921446,3811688
2025-03-06,1919.4869384765625,1942.7101639818582,1907.6506092178754,1941.7613067653647,5193093
2025-03-07,1933.171142578125,1938.3651052842729,1907.8503610086245,1914.7923083468052,2780338
2025-03-10,1919.536865234375,1937.8158392742737,1914.1430596218038,1930.274485268859,2228534
2025-03-11,1932.9713134765625,1941.7612278891058,1902.2567261526995,1920.785412155736,3207052
2025-03-12,1980.266845703125,1995.3993006667217,1935.76810292438,1937.7657996250243,6704494
2025-03-13,1982.8138427734375,1991.0543416924163,1967.2818240294432,1973.4246438616246,4925794
2025-03-17,1990.8046875,1996.548065701467,1971.9764198689631,1977.81965852277,3170929
2025-03-18,1990.8046875,1990.8046875,1990.8046875,1990.8046875,0
2025-03-19,2019.2220458984375,2048.6380827120474,2014.926948976537,2036.9016139300547,5338288
2025-03-20,2033.3057861328125,2036.5520434588152,2014.1778147336495,2028.6611166496614,2683306
2025-03-21,2076.605712890625,2095.1843896839355,2032.6563856336804,2037.6506273674242,18850808
2025-03-24,2173.643798828125,2181.734568228453,2087.8428207574793,2097.5815924366493,8508351
2025-03-25,2167.5009765625,2199.9635487921228,2157.512492799539,2177.3894779440443,7342433
2025-03-26,2142.4296875,2173.4939681361698,2127.446962535826,2172.4951198052245,3016916
2025-03-27,2126.198486328125,2148.9222867570757,2109.4180287912413,2141.530906359137,9421224
2025-03-28,2168.699462890625,2177.3893946601224,2136.536595175996,2136.8362984493147,3672253
2025-04-01,2143.4287109375,2175.991266730272,2133.4402268120452,2171.796152169476,3750939
2025-04-02,2152.118896484375,2158.1617343187236,2137.1859175649165,2138.5344604714523,2132192
2025-04-03,2130.14404296875,2149.221899728017,2124.7001244906924,2126.548091442257,1694038
2025-04-04,2129.494873046875,2143.8284456384404,2115.7107158666677,2128.4460334178248,3788403
2025-04-07,2035.503173828125,2081.2006097497115,1998.4959140155163,2016.3752027111625,7139049
2025-04-08,2052.783203125,2077.504701162395,2035.6530505135845,2060.0748452574194,4094339
2025-04-09,2050.3359375,2062.6218208464247,2039.7481694883807,2051.6344891131025,3919578
2025-04-11,2108.7685546875,2137.0360113212237,2056.1292962396537,2062.621810412866,5594689
2025-04-15,2117.75830078125,2144.5274863176114,2097.182170330214,2142.5297895441436,5635664
2025-04-16,2120.95458984375,2149.122309742634,2110.866367344036,2117.558602835821,2899779
2025-04-17,2185.580322265625,2191.373448005879,2095.2842789091937,2112.5644053227365,5388632
2025-04-21,2238.818603515625,2258.5958497002844,2172.8946121397344,2192.47213742545,4886498
2025-04-22,2266.187255859375,2299.2489909588016,2242.814057425461,2246.4100091412843,6732983
2025-04-23,2224.435302734375,2287.3627495562278,2217.443364198614,2282.3685077449695,3523879
2025-04-24,2220.43994140625,2235.3226846753078,2211.1506027310375,2215.445699522745,4168537
2025-04-25,2201.861328125,2230.8279318921905,2175.6915486658468,2217.443460798727,2136003
2025-04-28,2223.037109375,2229.2299207187384,2186.878601999368,2194.4699474268373,2438178
2025-04-29,2202.460693359375,2244.412325613839,2196.2678821318004,2223.0370676755906,3058265
2025-04-30,2205.55712890625,2228.4306584709307,2185.6799005181533,2211.3502542216997,4622917
2025-05-02,2179.1875,2221.039394169899,2168.6995918265093,2201.461868035594,1815806
2025-05-05,2082.498779296875,2131.3426087999947,2055.6298568459265,2102.67571058866,8821617
2025-05-06,2071.611572265625,2088.9914368035247,2062.621936706131,2083.597753011617,3405097
2025-05-07,2092.4873046875,2099.3795045978086,2052.1339290105366,2061.323285031488,3739456
2025-05-08,2110.167236328125,2136.2370333629433,2092.487424485608,2096.582800486756,6924871
2025-05-09,2100.67822265625,2117.558663515007,2072.610484336623,2072.610484336623,4654300
2025-05-12,2142.52978515625,2161.108462655239,2123.65164822943,2131.5424529246793,3021874
2025-05-13,2113.163818359375,2143.6286952193086,2098.680516245636,2132.5413801953446,4307824
2025-05-14,2089.990234375,2117.4585645832617,2081.6000056006264,2108.5689116232834,2137594
2025-05-15,2103.97412109375,2109.5677695416243,2063.0213376888228,2082.698845778276,4262359
2025-05-16,2105.772216796875,2112.464452523276,2087.6932064828343,2097.4817260345503,2057908
2025-05-19,2108.7685546875,2121.553862138948,2097.9809439047326,2099.57919878346,1505704
2025-05-20,2087.693115234375,2115.4609053588933,2082.299187618502,2112.36462166891,3909098
2025-05-21,2068.914794921875,2093.886005588485,2057.6277589286715,2092.5874538619255,2141740
2025-05-22,2063.421142578125,2075.2076028646466,2048.3384336893455,2071.61165096046,3289328
2025-05-23,2098.380615234375,2106.8708260183294,2063.420923771034,2063.420923771034,1650953
2025-05-26,2086.89404296875,2109.567853225366,2082.698928396163,2087.6931704729277,2040285
2025-05-27,2075.007568359375,2096.5827913404937,2058.8262730532724,2087.593155741606,3459940
2025-05-28,2071.9111328125,2078.0039612895994,2061.0235397359716,2072.610277869288,1634636
2025-05-29,2079.202880859375,2093.5861999565104,2052.6334164649948,2074.9077840627615,4987382
2025-05-30,2072.310791015625,2087.792941696064,2063.1214342223575,2079.202991505186,9807728
2025-06-02,2061.2236328125,2073.4095343848,2048.8377664748505,2064.6196197908644,2701140
2025-06-03,2042.1455078125,2073.409510800354,2031.8573207522873,2067.6161414389217,6463818
2025-06-04,2043.9434814453125,2056.129382865774,2038.4498153749885,2044.7424869886104,2331114
2025-06-05,2037.55078125,2054.031657157544,2031.8572724756484,2052.433646107182,3725332
2025-06-06,2071.01220703125,2082.4989638088196,2031.4579560954785,2041.5463007054832,4424324
2025-06-09,2135.737548828125,2139.932663235504,2087.5931058759884,2108.5689217723498,5779088
2025-06-10,2148.622802734375,2170.3975018744813,2135.737512586724,2144.2277236387995,4915742
2025-06-11,2142.82958984375,2158.211758152056,2130.5437053588143,2146.525280270085,1782061
2025-06-12,2124.350830078125,2146.325494921428,2119.7560298852814,2142.829525514539,2978172
2025-06-13,2104.972900390625,2119.5561837414893,2069.613766593952,2069.613766593952,4467274
2025-06-16,2136.53662109375,2142.2300079180404,2086.394482685228,2105.472339858514,2941596
2025-06-17,2134.33935546875,2153.3174754740103,2127.746858344184,2136.5367732237796,3108300
2025-06-18,2129.944091796875,2134.938333471375,2106.2714350316373,2122.552711662398,3900651
2025-06-19,2143.927978515625,2152.218468505972,2130.643490686871,2137.0360225163545,3405199
2025-06-20,2167.30126953125,2173.4940807320304,2128.84560679771,2142.5297808686605,3372636
2025-06-23,2181.5849609375,2187.178365848864,2148.7227011628797,2155.6149016690433,1720614
2025-06-24,2221.039306640625,2231.0277902217404,2188.876194421863,2205.4571747102996,5604520
2025-06-25,2195.7685546875,2221.039468764252,2188.4769123691435,2220.4400621618465,3575429
2025-06-26,2201.36181640625,2207.4548889829753,2177.4894380013056,2199.8635438571664,5670127
2025-06-27,2205.357177734375,2214.746498554157,2180.0865095289787,2207.4548568163104,9649439
2025-06-30,2161.008544921875,2206.4561477848033,2152.0189091907464,2205.357316984986,3727657
2025-07-01,2181.08544921875,2183.982012015618,2156.8133844889417,2161.0084989690326,4025754
2025-07-02,2166.60205078125,2194.6695430649806,2158.511281612726,2182.483641982326,1876511
2025-07-03,2124.151123046875,2149.42179269419,2119.456340439374,2136.6367281530484,4667399
2025-07-04,2127.347412109375,2134.838775253816,2108.569013055413,2121.554042505778,1686215
2025-07-07,2147.32421875,2154.3161571581527,2119.356465117389,2127.5469727664763,2170585
2025-07-08,2221.938232421875,2238.918654966794,2173.693806654712,2182.4837212145635,7526291
2025-07-09,2226.732666015625,2231.5271868472532,2211.450237553324,2214.446782590659,2020902
2025-07-10,2201.26220703125,2240.11731320662,2184.3815223388574,2226.5331209469705,5721813
2025-07-11,2218.042724609375,2222.437559768054,2196.0680610970617,2199.26432701787,2679166
2025-07-14,2201.26220703125,2224.435441711399,2194.769692270979,2221.338914051171,2395337
2025-07-15,2185.580322265625,2231.027925311575,2179.387266982771,2207.4550050890057,2974143
2025-07-16,2176.89013671875,2187.4780274547875,2153.5171813664483,2181.5849193538365,2287703
2025-07-17,2168.300048828125,2189.175881817405,2164.204673045797,2172.4951631298627,2179561
2025-07-18,2140.5,2168.0,2131.0,2167.60009765625,2566543
2025-07-21,2165.199951171875,2167.60009765625,2130.199951171875,2138.10009765625,1827099
2025-07-22,2160.199951171875,2175.0,2145.0,2172.0,1564562
2025-07-23,2170.39990234375,2179.800048828125,2156.199951171875,2171.0,2790541
2025-07-24,2142.10009765625,2171.800048828125,2140.0,2165.39990234375,2058400
2025-07-25,2124.60009765625,2149.89990234375,2118.300048828125,2139.10009765625,1745475
2025-07-28,1966.5999755859375,2055.300048828125,1960.0,2025.300048828125,13824699
2025-07-29,1972.699951171875,1979.699951171875,1953.0,1967.0,5043934
2025-07-30,1959.699951171875,1980.9000244140625,1957.0,1966.0999755859375,3589991
2025-07-31,1978.5999755859375,1998.5999755859375,1935.0,1941.199951171875,4303918
2025-08-01,1992.4000244140625,2007.0,1972.0999755859375,1983.0,2672373
2025-08-04,1997.0,2007.0,1982.0999755859375,1987.0,1543261
2025-08-05,2003.0,2008.0,1994.800048828125,2008.0,2421332
2025-08-06,2002.4000244140625,2025.5999755859375,1992.699951171875,2003.0,2662279
2025-08-07,1992.0999755859375,1995.5,1965.0,1981.0,14552199
2025-08-08,1952.699951171875,1999.5,1948.199951171875,1993.9000244140625,2185729
2025-08-11,1975.9000244140625,2024.0,1956.4000244140625,1964.0,2202513
2025-08-12,1959.0,1985.9000244140625,1956.4000244140625,1975.0,1577824
2025-08-13,1987.699951171875,1996.300048828125,1962.199951171875,1968.0,2746733
2025-08-14,1978.199951171875,1993.5,1975.5,1988.0,1984593
2025-08-18,2001.4000244140625,2026.0,1997.0999755859375,1997.9000244140625,4303944
2025-08-19,2029.9000244140625,2032.5,1992.5,1994.0,3111769
2025-08-20,2017.5,2024.199951171875,2005.5,2020.5,2626941
2025-08-21,2017.800048828125,2039.0,2012.9000244140625,2039.0,2898787
2025-08-22,1986.5999755859375,2018.5999755859375,1980.199951171875,2010.199951171875,1791693
2025-08-25,1983.300048828125,1998.800048828125,1976.699951171875,1987.0,2369815
2025-08-26,1965.699951171875,1983.9000244140625,1961.199951171875,1978.0,3710138
2025-08-27,1965.699951171875,1965.699951171875,1965.699951171875,1965.699951171875,0
2025-08-28,1944.699951171875,1968.0,1941.0999755859375,1955.0,3597940
2025-08-29,1960.300048828125,1984.9000244140625,1950.199951171875,1950.199951171875,3074358
