Date,Close,High,Low,Open,Volume
2020-09-01,908.4925537109375,918.7644427024491,897.1744177907184,917.7657973096424,5099949
2020-09-02,908.8253784179688,912.8675613572387,901.6445709242195,909.6813933194865,2107714
2020-09-03,914.151611328125,923.519941791329,906.6854266078652,913.0578209265456,3278899
2020-09-04,896.41357421875,909.3961388587319,894.0358193799734,901.6446348640584,3130721
2020-09-07,886.5697021484375,904.2601751230623,871.4471579873845,900.8362313378626,3470806
2020-09-08,871.8750610351562,890.2313147832713,868.3084291650309,890.2313147832713,3738931
2020-09-09,865.0271606445312,882.6225454404893,856.9427946571991,863.1725003667187,5656245
2020-09-10,875.9172973632812,877.8670446280016,867.4049238361187,872.8262162202249,2948599
2020-09-11,872.5408935546875,876.4879315517301,867.4049201493319,875.0137352383612,2632298
2020-09-14,857.9889526367188,878.1998668778903,856.942763825671,877.2963665640989,5006356
2020-09-15,865.4552001953125,870.4484852550105,855.9917245196589,865.5027436809884,4488829
2020-09-16,876.7257080078125,878.8181437697758,866.7866816764763,870.2582267850053,3596197
2020-09-17,861.9837036132812,873.0640647816329,860.79482615104,870.258302360612,4512652
2020-09-18,856.6575317382812,869.4022629451002,853.1384429387706,866.6441021405745,7496145
2020-09-21,838.7291870117188,859.6058853198048,831.5483792792725,856.9428116108339,4597697
2020-09-22,814.6187133789062,844.5308773950682,810.3387551650065,844.5308773950682,5089087
2020-09-23,818.5182495117188,830.9777188910161,812.764094784377,823.8444548362986,3709291
2020-09-24,809.1023559570312,817.8525045931299,801.7788600969058,814.1431841553397,11609426
2020-09-25,845.767333984375,851.6166336780724,810.3387894907928,818.0426913818885,4961967
2020-09-28,858.7022705078125,872.6359356432478,849.3339406315207,854.0894498175875,3853608
2020-09-29,851.6641235351562,868.2132601241609,848.7632746378634,865.4550997179838,3362381
2020-09-30,857.513427734375,860.271646393598,840.8691449130506,853.8992522175892,3582787
2020-10-01,858.6548461914062,868.9267358487278,856.6575552763311,865.4552484915108,2506154
2020-10-05,853.0908203125,864.1235786084309,851.2837035680361,863.5529407157845,2788003
2020-10-06,848.9534912109375,860.3191699703536,844.8162213684867,856.9903134831151,3497325
2020-10-07,844.4833374023438,851.2361371696874,833.212745895462,851.2361371696874,5073845
2020-10-08,837.9683227539062,850.285104047953,836.0661189417184,846.766015385275,3918217
2020-10-09,864.0285034179688,870.210665558704,842.295790908224,844.0078207107947,9668150
2020-10-12,861.4605102539062,880.4825474662475,857.941421759493,872.1128627029475,6188905
2020-10-13,852.6152954101562,870.9240066747561,845.3868862623126,863.5529670747223,4548652
2020-10-14,870.4484252929688,872.1603970139457,843.817573475749,853.1383600016459,5286914
2020-10-15,845.33935546875,874.062644403118,842.1056438454198,868.3560330141967,4927777
2020-10-16,850.380126953125,859.3205074171268,846.0050817349577,850.2850399899406,2373435
2020-10-19,858.7499389648438,861.6983316697215,840.7740896203463,855.0406182903748,5800391
2020-10-20,872.4456787109375,889.7557432632271,868.3559525380292,874.062563398082,13188572
2020-10-21,879.2462158203125,885.4759220289671,864.2188165087922,879.7217667988458,6390783
2020-10-22,890.5166625976562,893.0846492375429,875.1564023426513,876.9159175687056,6151367
2020-10-23,895.2246704101562,902.1201592393447,882.6225701361221,894.0357930258134,5102184
2020-10-26,905.211181640625,912.3444454833407,896.88904049079,903.4040649135437,6975809
2020-10-27,933.9345092773438,937.7864603084397,908.4449903233098,913.0578112536532,9638520
2020-10-28,934.7904663085938,946.0135150144057,926.5634698173952,941.543324535897,7369181
2020-10-29,888.8047485351562,911.9165136927132,880.7203821760885,904.5930172631915,11852038
2020-10-30,884.0492553710938,900.503307362813,879.0084266870164,894.9869277075838,4797473
2020-11-02,883.8589477539062,892.0860020712277,875.6319514872356,884.5247306666888,3682174
2020-11-03,901.4067993164062,906.3049971781645,886.90249576634,898.6961822010807,4049112
2020-11-04,893.8931274414062,904.1650747460533,884.5247966328153,888.5669798432341,3369408
2020-11-05,911.250732421875,912.8676173068119,898.1255374482865,905.4490338913623,2889134
2020-11-06,913.7711791992188,920.1911172263796,903.641920424992,912.1067508218067,3419233
2020-11-09,918.6216430664062,926.9437837507861,915.3403883227966,923.5198405180428,3040456
2020-11-10,983.1539306640625,986.1975262286196,924.0905293141429,927.3242988071663,12149416
2020-11-11,1007.6449584960938,1010.8312430488053,971.3129088598083,989.1460712011757,10254627
2020-11-12,1020.722412109375,1023.2428551163999,1000.9870496280945,1003.3173187143719,6743163
2020-11-13,1000.083740234375,1015.9196115525008,987.3389503767929,1012.9712186103994,5025096
2020-11-14,1007.406982421875,1015.5865508016043,1002.4612994910893,1008.215511834758,911852
2020-11-17,1028.0460205078125,1043.2160486872722,1009.1666718655896,1011.0212740463207,7611327
2020-11-18,1092.0076904296875,1097.8093889095326,1026.3816580842183,1028.0460864408062,13436421
2020-11-19,1078.7872314453125,1119.4468339529494,1053.5354318684724,1070.0371412058246,10841151
2020-11-20,1076.9327392578125,1104.2293176374399,1063.8074864577748,1084.2561775251347,7009257
2020-11-23,1070.7979736328125,1091.7222139230532,1067.9446681386887,1083.114812009892,4998877
2020-11-24,1079.976318359375,1088.060685339608,1073.1284304166459,1079.5007673605378,4623887
2020-11-25,1061.4298095703125,1091.6748989717134,1058.0533511011351,1085.6829100578063,4651911
2020-11-26,1064.1402587890625,1079.4529750248068,1047.6862667983585,1074.7450674089769,7360928
2020-11-27,1067.516845703125,1084.0660427573164,1038.603323370711,1073.794095316422,18995549
2020-12-01,1061.382080078125,1084.2561263777554,1056.8643462182176,1084.2561263777554,3551604
2020-12-02,1059.2896728515625,1076.6948829402827,1050.1115168878525,1065.2816608758887,4434968
2020-12-03,1070.1322021484375,1081.8306845036745,1065.5193816875853,1079.5005315588883,4087608
2020-12-04,1093.2916259765625,1105.1803996387696,1073.5562616972989,1074.7451390635194,6542918
2020-12-07,1112.5037841796875,1114.596277904214,1088.0605131482578,1098.3324595380795,5484461
2020-12-08,1114.120849609375,1124.678058054572,1091.912642254099,1117.497191877631,4982626
2020-12-09,1123.2513427734375,1127.0557503696218,1109.317676732151,1120.3980370762993,4304573
2020-12-10,1132.14404296875,1135.3778124191458,1112.836745431951,1124.202365888528,4921373
2020-12-11,1135.9010009765625,1157.3007928856816,1124.2024016257235,1129.9090128014886,6689415
2020-12-14,1188.5443115234375,1202.0975113060329,1139.5149704307971,1139.5149704307971,9723233
2020-12-15,1185.3106689453125,1190.7795045292125,1156.6349252286025,1188.877300847856,6953407
2020-12-16,1206.2349853515625,1215.5082288817637,1186.0716715007757,1194.821762545161,5729223
2020-12-17,1216.269287109375,1221.2149710813264,1192.7295125499802,1207.8995430477294,5345257
2020-12-18,1218.884521484375,1237.383404496165,1207.8992495850343,1221.1670728545269,10315248
2020-12-21,1174.46826171875,1273.050005580329,1097.571689532835,1213.8439070764998,21153346
2020-12-22,1200.956298828125,1205.997185238492,1154.2097342529598,1174.8485986323715,7998730
2020-12-23,1202.9537353515625,1209.1358977313234,1187.3080393604603,1205.9972150056915,4057070
2020-12-24,1200.4805908203125,1218.3613502861042,1192.2060519778545,1212.6547397461225,3277840
2020-12-28,1226.3509521484375,1227.8726921407415,1204.5706929482951,1212.6550600150622,3405825
2020-12-29,1222.023193359375,1231.7245019267298,1205.7117733501195,1231.629298860331,3778319
2020-12-30,1228.87109375,1232.9607617181337,1208.850354963317,1225.2092590384334,2866392
2020-12-31,1224.6387939453125,1240.2368884621842,1219.3126464789264,1229.7747674705554,3889877
2021-01-01,1233.5792236328125,1236.384927932239,1220.2637963923657,1220.2637963923657,2058419
2021-01-04,1250.3184814453125,1257.8798108901274,1238.3346212342733,1241.1879268131543,4014636
2021-01-05,1242.4241943359375,1248.796529270989,1231.7243002351768,1243.0899190839166,2833637
2021-01-06,1249.7479248046875,1264.9655555481236,1236.432497904181,1244.041313275899,4615963
2021-01-07,1273.477783203125,1280.9440256511416,1260.209958757108,1264.965468035437,4270598
2021-01-08,1306.243408203125,1315.3263619343493,1281.1342941400296,1283.7974259729751,4984995
2021-01-11,1283.987548828125,1317.2285133739313,1279.2320393880207,1314.4228092447916,3252470
2021-01-12,1283.79736328125,1300.013580664574,1278.3285274745865,1287.7919447342913,2836161
2021-01-13,1286.365478515625,1305.863069872054,1278.5664884135815,1287.7921315417052,4389762
2021-01-14,1309.286865234375,1321.7462770270117,1289.931964598722,1291.5963929401396,5168591
2021-01-15,1287.9346923828125,1316.8006125285615,1279.2796881028867,1309.381971087877,2587576
2021-01-18,1270.7197265625,1287.6492705435503,1261.3037946313318,1279.4222159748704,3185998
2021-01-19,1302.8668212890625,1314.4227317676264,1271.623149329462,1274.5240563574569,3885798
2021-01-20,1315.0408935546875,1324.9323752434505,1295.9237710810087,1302.0583310945167,3957992
2021-01-21,1304.2459716796875,1327.7381401836797,1294.4971780286253,1326.7870383640638,2985423
2021-01-22,1295.4959716796875,1307.7652103277526,1282.561008092345,1295.4008847028356,3282665
2021-01-25,1294.7349853515625,1328.118636821509,1276.3786733406446,1303.0095249453675,4847989
2021-01-27,1293.3558349609375,1324.5995076933577,1265.0605547602604,1301.8682662283081,8896211
2021-01-28,1279.56494140625,1298.3492042756695,1274.4765693682132,1278.9467019396532,2962948
2021-01-29,1269.4356689453125,1302.0585107988375,1260.3051138575615,1295.4007974492451,5130876
2021-02-01,1378.0040283203125,1390.5110421039585,1271.813473054286,1279.9454411158702,11317043
2021-02-02,1445.8651123046875,1515.1053794771228,1401.9242494345756,1401.9242494345756,14349665
2021-02-03,1453.8067626953125,1481.8166654181857,1431.4082679424707,1455.1858139215815,6197782
2021-02-04,1454.99560546875,1474.2078157234666,1436.1637430596352,1450.4302703085718,3957579
2021-02-05,1442.345947265625,1471.3545535245116,1437.2099740847755,1459.3706935033954,3270494
2021-02-08,1475.9197998046875,1493.2298058910606,1445.6747165314725,1446.7685068070016,5223019
2021-02-09,1489.8533935546875,1497.5098096156607,1469.4523060375966,1480.8655278320632,3825206
2021-02-10,1476.9185791015625,1487.5233886282208,1453.9494447333652,1483.7189809846705,2578777
2021-02-11,1455.6614990234375,1483.6239188926959,1451.9046928529567,1473.6373486609114,2720190
2021-02-12,1446.958740234375,1468.501219820525,1441.9654556462547,1459.9413033837473,1867284
2021-02-15,1462.4617919921875,1468.5012655570877,1446.958785299996,1452.3325340062647,1917477
2021-02-16,1473.684814453125,1497.0344128862514,1463.7458458906867,1464.6969478048456,3838556
2021-02-17,1472.638671875,1490.3767463521012,1458.0392802538424,1468.5014016385733,2340184
2021-02-18,1450.0499267578125,1475.3492139595749,1441.0620602852475,1466.7892968994918,2446843
2021-02-19,1435.0225830078125,1471.3546288902428,1425.5590495089828,1449.336596840758,3044240
2021-02-22,1381.18994140625,1438.0182720589455,1376.3393456084536,1437.0196848630612,6168108
2021-02-23,1413.622802734375,1424.7506485421454,1388.608776282732,1390.510980085859,3733776
2021-02-24,1451.9521484375,1457.0881219570879,1414.0031591166592,1414.0031591166592,2380414
2021-02-25,1432.7874755859375,1465.2676301595163,1428.5551183801294,1458.9903805560043,3168105
2021-02-26,1371.9644775390625,1420.470673971986,1364.9739018616374,1409.5330022273072,5579058
2021-03-01,1400.8304443359375,1413.3374578460212,1367.8747394774762,1384.8044001506103,2494481
2021-03-02,1413.0045166015625,1416.8089240821434,1386.849215172568,1406.9650429464007,2089473
2021-03-03,1423.704345703125,1436.1637563959698,1408.914665877204,1420.470576276411,2184001
2021-03-04,1391.0816650390625,1421.2791514346823,1386.706619364211,1400.9731483700157,3530366
2021-03-05,1391.985107421875,1404.9675543122132,1368.7305983903934,1382.521574704308,3306902
2021-03-08,1441.1094970703125,1450.430341772717,1398.1197392825534,1405.7285541902133,4150049
2021-03-09,1434.546875,1457.3733179393541,1418.8536954791941,1450.4302284381167,3779948
2021-03-10,1449.6695556640625,1459.7037277457132,1433.7861994309578,1448.528279756782,2210547
2021-03-12,1439.9681396484375,1488.4743319351417,1429.6487082351525,1451.666738346337,4885349
2021-03-15,1411.1973876953125,1453.3787320533418,1391.7474010585834,1445.6748301916596,3181450
2021-03-16,1390.32080078125,1423.799541146579,1385.7554652308388,1415.525001075428,3233903
2021-03-17,1367.3516845703125,1419.9475505493972,1361.7401600792512,1403.8264196102496,5178384
2021-03-18,1358.2685546875,1397.8343691823595,1350.5646527757299,1384.3763706290515,3381940
2021-03-19,1342.24267578125,1352.3243335978557,1311.1891727634613,1345.8093082235387,9920812
2021-03-22,1331.59033203125,1348.0919276495997,1324.1716903779773,1340.1026480463781,2964175
2021-03-23,1335.6798095703125,1347.2357198332643,1329.7354232314788,1333.349656566008,2564844
2021-03-24,1302.2010498046875,1338.2002296346575,1293.546046664125,1331.5425170494104,4237815
2021-03-25,1304.0556640625,1321.0804096242084,1294.4495590342317,1294.4495590342317,3894604
2021-03-26,1329.9259033203125,1339.1515457961389,1314.422895092517,1318.5126799186407,3093766
2021-03-30,1353.941162109375,1358.36369308268,1327.310308792858,1339.1514810591436,2801282
2021-03-31,1349.5184326171875,1361.5973796218302,1341.4340669255434,1353.988564853224,2400871
2021-04-01,1373.961669921875,1377.052750845807,1351.0401392139013,1361.9778101755064,1380763
2021-04-05,1335.15673828125,1368.6354748246295,1313.8520349803302,1368.6354748246295,2548649
2021-04-06,1332.4937744140625,1347.0456800612485,1325.1703361558073,1337.1541969880918,1824079
2021-04-07,1335.4896240234375,1347.9014329301083,1321.3181838947519,1333.444731920419,1841308
2021-04-08,1349.7562255859375,1364.6409928903488,1341.0536203612057,1341.0536203612057,1644834
2021-04-09,1335.442138671875,1347.7113762560762,1328.7844254511322,1344.8580705900436,2015002
2021-04-12,1279.374755859375,1325.78845934864,1266.8677425382295,1325.78845934864,3755497
2021-04-13,1306.528564453125,1314.422756245918,1281.3719669698357,1281.3719669698357,2063654
2021-04-15,1307.4322509765625,1323.077830802065,1291.691468079948,1311.5219194886606,2625838
2021-04-16,1292.690185546875,1325.1703390275595,1289.0284664098122,1293.9741499064546,3752588
2021-04-19,1246.3712158203125,1280.3731026727864,1242.1388595617075,1274.4763183864382,4157065
2021-04-20,1266.39208984375,1273.9533029708298,1253.2668381160781,1255.4544187711228,2989204
2021-04-22,1271.4329833984375,1274.0009119203555,1243.327877646797,1245.9434077011315,2398100
2021-04-23,1258.2127685546875,1278.8992355673292,1250.1758875717487,1264.9655690488971,2062964
2021-04-26,1270.576904296875,1275.6176741223678,1258.3076679873968,1265.012982046441,1431562
2021-04-27,1313.138916015625,1320.5574414830778,1270.5771042221998,1273.525497014443,4303909
2021-04-28,1308.6212158203125,1331.495148399535,1305.3874459216281,1317.1335319597495,3220346
2021-04-29,1292.214599609375,1321.603671083729,1287.3164016800986,1316.2774076453095,2221346
2021-04-30,1274.9044189453125,1298.254015630319,1270.7671491487285,1283.9874879860297,1968093
2021-05-03,1276.8543701171875,1285.22411373241,1254.6461627659519,1260.685636938795,1653245
2021-05-04,1272.1937255859375,1284.8434257787887,1265.916477019323,1283.9874109512293,2029558
2021-05-05,1273.192626953125,1280.8965293969545,1259.2589604021293,1276.5689691574653,1813150
2021-05-06,1274.3814697265625,1290.2173397147394,1270.4343735881719,1278.280964329031,2333882
2021-05-07,1277.04443359375,1293.4034554080947,1273.525403117516,1281.1342180726617,2362325
2021-05-10,1326.7872314453125,1330.4489507634473,1281.1343374600974,1281.1343374600974,3929224
2021-05-11,1315.944580078125,1331.4475876589802,1308.8113157497514,1312.5206364207672,1975828
2021-05-12,1317.5615234375,1355.320222854755,1309.6673311375423,1312.520636869868,4283174
2021-05-14,1346.28466796875,1354.2739467248189,1306.861542747451,1325.8359782044772,4558155
2021-05-17,1318.9405517578125,1370.5378295172222,1301.297565180202,1362.9290143637609,9620003
2021-05-18,1347.996826171875,1352.466958849912,1328.689410346925,1336.2982258678808,3312380
2021-05-19,1334.823974609375,1364.8312873323637,1331.5427193486476,1344.858146542134,3215258
2021-05-20,1340.81591796875,1357.1748243844515,1333.1120157160221,1341.8146214150308,1996254
2021-05-21,1348.7099609375,1355.034695059324,1338.2953265126162,1345.8090539919112,2185322
2021-05-24,1372.6778564453125,1386.7066098716548,1341.053717365592,1350.5647366376884,5035538
2021-05-25,1380.001220703125,1390.463341340349,1371.583992319801,1388.6087391224532,2892219
2021-05-26,1400.8780517578125,1404.39708244784,1381.7609262418366,1387.5626247773482,3230579
2021-05-27,1410.3411865234375,1412.386078476843,1390.272963106751,1403.7785613223787,3747221
2021-05-28,1405.823486328125,1426.3197756688285,1401.828905382061,1414.3834021565096,2315923
2021-05-31,1395.9322509765625,1403.8264434064315,1386.2786593043747,1400.3074127191749,2405318
2021-06-01,1402.5423583984375,1419.5195031047572,1391.4619986882813,1394.2677026894091,2077742
2021-06-02,1399.1185302734375,1402.4948724393112,1383.9008995053966,1396.5029999851806,2469417
2021-06-03,1436.9722900390625,1440.9193861653214,1401.1632800933066,1407.7259064584794,3025466
2021-06-04,1462.3665771484375,1471.5922179036982,1442.726302320675,1444.6759912940595,5677538
2021-06-07,1481.6265869140625,1492.7544327084486,1465.4102530713872,1469.8803855628364,3131245
2021-06-08,1473.3995361328125,1505.5943123264813,1470.4511434540136,1484.670070462184,3945382
2021-06-09,1445.0091552734375,1478.963446478762,1439.3025439043877,1474.2079370045537,3025732
2021-06-10,1445.3892822265625,1458.9900836844754,1440.9191504445764,1450.43016793926,1584311
2021-06-11,1429.9342041015625,1452.475390352758,1425.3689843263192,1446.6260900425796,1909384
2021-06-14,1441.6326904296875,1445.1993225188257,1405.7285940656957,1429.934090736792,2005404
2021-06-15,1436.9246826171875,1449.193803269827,1432.216658926045,1445.6747729603765,1831871
2021-06-16,1417.9976806640625,1441.8703123514701,1415.2394622552688,1432.2166059713386,1504791
2021-06-17,1414.8115234375,1426.5100058704772,1407.8684338844298,1408.58176023161,1675778
2021-06-18,1403.826416015625,1418.0453430977536,1388.703872460236,1414.8116894920424,4649835
2021-06-21,1395.31396484375,1397.549030889874,1376.4821024566832,1388.6086506040817,1970012
2021-06-22,1425.891845703125,1431.218108939024,1397.6917687588855,1398.2148051151005,3862264
2021-06-23,1406.9173583984375,1433.3104337376678,1403.9213644639954,1431.4082301096153,1818874
2021-06-24,1430.5048828125,1439.2073724604943,1409.5330391298626,1417.1418544557996,2762042
2021-06-25,1449.3365478515625,1454.520122655462,1433.7860556424669,1436.6393612258348,2099002
2021-06-28,1440.396240234375,1453.236116011133,1436.4967456261395,1451.3815137283464,1173658
2021-06-29,1437.0198974609375,1454.9957467604554,1430.3621840982498,1439.0171882494824,2174022
2021-06-30,1427.176025390625,1448.9086809341566,1422.3729142780162,1441.8705035409378,2139362
2021-07-01,1419.329345703125,1429.5060891186054,1407.7734349360976,1423.8945649497093,2060651
2021-07-02,1413.0045166015625,1427.2710446537412,1403.3508093993275,1426.6528052178865,1814564
2021-07-05,1434.2139892578125,1439.9682018948079,1415.239553777724,1417.141757479038,1605396
2021-07-06,1431.8839111328125,1444.7237867889355,1426.6528506803181,1432.3594620830393,1072506
2021-07-07,1442.29833984375,1445.389420825928,1421.8972518018945,1421.8972518018945,1096808
2021-07-08,1427.318359375,1449.4790767394186,1423.7993293168697,1429.505939855214,1456033
2021-07-09,1426.2723388671875,1429.3634199399964,1412.8618257408002,1424.6555121311624,1248405
2021-07-12,1427.3662109375,1441.8705152632017,1418.6636051218172,1430.8377561767002,865284
2021-07-13,1439.587646484375,1440.919212210967,1427.9366495539564,1440.919212210967,995833
2021-07-14,1469.1671142578125,1474.1129139863344,1434.2617196433557,1439.5403818292518,4010254
2021-07-15,1530.6556396484375,1545.5404058543081,1474.1601702080277,1474.2077717379555,9066480
2021-07-16,1539.5963134765625,1543.448322894435,1517.1027286725339,1530.6559317409763,4157388
2021-07-19,1530.8935546875,1559.2364370013136,1519.4803321881877,1521.7629999083108,3027093
2021-07-20,1512.5848388671875,1543.305475772339,1504.6431614564988,1531.131325370602,1847026
2021-07-22,1561.85205078125,1566.6075604105804,1513.726316552688,1531.2741006443937,3231269
2021-07-23,1532.9384765625,1565.4661148736066,1528.2780540649587,1563.6115126221498,2259058
2021-07-26,1519.480224609375,1547.7280179560182,1514.9150055936482,1532.9383384072437,2219416
2021-07-27,1529.6094970703125,1539.833841602261,1506.7830534641023,1531.41661374273,3984778
2021-07-28,1533.4088134765625,1540.2381652869392,1493.779927404074,1531.725545689726,4119892
2021-07-29,1535.140380859375,1546.057552440666,1525.5217067938402,1533.2166460462681,1672177
2021-07-30,1540.3824462890625,1562.9383064706597,1524.559775084804,1537.0640508425975,2536568
2021-08-02,1552.40576171875,1556.3013714503022,1540.9596341923575,1545.0475704276257,1083353
2021-08-03,1572.0279541015625,1576.2120537882292,1548.8951136927499,1563.0345174381628,1777140
2021-08-04,1561.3031005859375,1581.5985964486533,1552.0691971244123,1577.4625197051964,2067087
2021-08-05,1565.343017578125,1570.58514789953,1547.452307565967,1558.2251753926237,1831728
2021-08-06,1548.943115234375,1576.5006392137893,1546.9713575504013,1564.9582306289417,1192143
2021-08-09,1536.534912109375,1562.0725365668397,1529.3690475007852,1558.225067264951,1223794
2021-08-10,1527.8780517578125,1548.5101756035513,1512.0553817835691,1544.7588696847406,1429931
2021-08-11,1522.9246826171875,1536.9679230010233,1503.1582608246133,1529.5614736630303,1370930
2021-08-12,1561.54345703125,1564.958132990739,1521.6741034980632,1529.369042074539,1645811
2021-08-13,1604.779541015625,1612.8592503937482,1563.0344737415303,1563.9963411099866,5439442
2021-08-16,1592.948486328125,1613.0996776520658,1590.303351129779,1610.165935284085,1794407
2021-08-17,1576.2601318359375,1601.5091499660325,1563.0825960066006,1594.776078464674,1838525
2021-08-18,1570.5850830078125,1597.7578357152674,1565.0543457310737,1584.1955295284415,1570228
2021-08-20,1532.831787109375,1561.1107107125815,1529.3690881287769,1557.1670780564712,2416059
2021-08-23,1520.471923828125,1557.2633526349737,1508.1119509669547,1539.08403491791,1973841
2021-08-24,1544.566650390625,1551.8286784940112,1522.443701157369,1529.3690991685567,1580003
2021-08-25,1533.024169921875,1563.9962504241212,1529.3690271674986,1553.3675696527862,1795313
2021-08-26,1534.8997802734375,1541.8251780310375,1524.5597065539077,1533.0241859602588,2051262
2021-08-27,1575.634765625,1603.1441463104557,1537.1120515655161,1542.835114907132,4903187
2021-08-30,1596.7960205078125,1620.6984015143153,1582.3680097495067,1583.9069740806356,3345934
2021-08-31,1608.4345703125,1612.089713287327,1582.2718247957355,1596.7479756908979,3264644
2021-09-01,1622.0931396484375,1652.4881247462447,1608.4345526849672,1608.4826930191548,3530101
2021-09-02,1621.900634765625,1644.7931240430453,1617.8608389709955,1623.535879665695,2400278
2021-09-03,1626.99853515625,1639.3104835412857,1608.3382860852037,1632.2888052971662,2336258
2021-09-06,1629.595703125,1650.564459424193,1625.7482335226125,1635.1745810146433,1850835
2021-09-07,1617.572265625,1639.9838217089612,1615.4080641007506,1629.5956074263852,1734879
2021-09-08,1603.0001220703125,1630.0765947661243,1594.7761090412234,1617.8609260599144,1644392
2021-09-09,1606.3665771484375,1616.514207003606,1592.0827534036766,1592.0827534036766,1225239
2021-09-13,1607.95361328125,1611.7530597896073,1597.180745852041,1598.6716872211537,1578773
2021-09-14,1631.7598876953125,1634.020369995416,1611.5126495739667,1612.0897465251928,1407269
2021-09-15,1651.5262451171875,1658.8364135169695,1632.288898056999,1635.1745001160273,2757989
2021-09-16,1655.6142578125,1662.5877964438089,1644.0718490434367,1644.4084791494438,2128381
2021-09-17,1650.756591796875,1675.2842076274646,1641.0417556764746,1658.259203605349,3473932
2021-09-20,1639.3585205078125,1668.8397769379608,1635.126280875717,1635.366747702365,1820374
2021-09-21,1655.2774658203125,1664.7518352752343,1627.864247674801,1633.827777989402,2029747
2021-09-22,1645.658935546875,1664.0305791515268,1640.9457618684999,1655.2776094148028,1487933
2021-09-23,1702.2166748046875,1707.3146189429237,1649.650715821427,1652.7767848420267,3702946
2021-09-24,1701.3028564453125,1740.9798841928005,1683.267843832818,1712.1238640128092,3612494
2021-09-27,1673.264404296875,1714.7690035782546,1670.7635726913072,1704.4289296539991,1650711
2021-09-28,1670.907958984375,1691.9728782953896,1653.4500423836214,1678.7472016910995,1442615
2021-09-29,1655.373779296875,1675.5729945003814,1651.1415392949546,1665.95432059395,1698747
2021-09-30,1638.011962890625,1668.1184580252873,1632.2888991027319,1654.3637079022612,1792078
2021-10-01,1632.1927490234375,1647.19785637801,1623.1511723432945,1632.769845957181,1563937
2021-10-04,1649.8428955078125,1658.211094098212,1619.8326825469562,1631.807883532432,1588493
2021-10-05,1651.237548828125,1673.6491039098764,1640.945615672557,1649.1214877318869,1705242
2021-10-06,1630.413330078125,1669.705588601538,1625.5558529006146,1651.2376646755272,1845661
2021-10-07,1647.1497802734375,1663.3573398772,1635.1745781233628,1644.7932521123237,1378863
2021-10-08,1661.0489501953125,1674.6112579801813,1654.4120411981114,1673.6493905143684,1755402
2021-10-11,1651.4300537109375,1680.2379334762659,1649.6024822882869,1667.6374948497478,1528151
2021-10-12,1652.680419921875,1659.7502388173493,1635.1744812650982,1645.274088355265,1671988
2021-10-13,1685.2398681640625,1696.6379736619904,1658.307580276422,1661.145042212687,2105025
2021-10-14,1721.0692138671875,1748.5785952761623,1700.0523193442189,1707.3144644549789,4440909
2021-10-18,1720.25146484375,1741.4606850243895,1714.0474679444696,1738.238453166504,1918546
2021-10-19,1775.6552734375,1813.1199598593969,1733.3331099182356,1740.7875819017424,6639827
2021-10-20,1737.8056640625,1797.393415808179,1727.8023377287925,1784.2639032258805,3295376
2021-10-21,1736.8919677734375,1756.8507152918087,1722.7525646904573,1745.789240763555,2774633
2021-10-22,1723.90673828125,1761.6600313360912,1713.422360803313,1746.75108758195,1520637
2021-10-25,1716.11572265625,1743.6732467874424,1693.2232318707033,1723.9068250108426,2488386
2021-10-26,1727.754150390625,1742.8073972299353,1713.6147479423319,1716.9331431856733,1930107
2021-10-27,1716.50048828125,1744.8274357936373,1707.4107710468354,1732.323159792911,1408879
2021-10-28,1745.06787109375,1790.9970378815283,1722.704454804413,1730.9284677608655,6379424
2021-10-29,1699.282958984375,1755.3117315159743,1669.6093750408577,1752.52229274805,3984689
2021-11-01,1726.888671875,1736.1707160839699,1684.4222012367243,1708.2765605346983,2316925
2021-11-02,1746.41455078125,1754.8789133671028,1726.9367361265602,1731.3613026391029,1687119
2021-11-03,1817.4482421875,1841.9758580518987,1748.674731038304,1748.674731038304,11580233
2021-11-04,1836.1566162109375,1847.6028610679798,1827.5479504630928,1827.5479504630928,764191
2021-11-08,1851.161865234375,1879.3926486236303,1839.282709466464,1870.3992123364842,3674523
2021-11-09,1869.4853515625,1889.2036321698445,1856.6925863006622,1859.7705148439222,3550645
2021-11-10,1875.7855224609375,1879.4886880510307,1858.3276076328514,1859.0008677708897,3208195
2021-11-11,1858.0390625,1906.1805690244853,1852.219835640021,1873.5732432631423,7061537
2021-11-12,1885.2117919921875,1890.0692688860363,1854.5763415750114,1866.0225860757814,2026320
2021-11-15,1872.8038330078125,1899.2070442665606,1868.9082233527106,1886.4623021361317,1127678
2021-11-16,1880.7392578125,1904.4491938230474,1869.8701098988638,1875.6413139417616,2279531
2021-11-17,1878.4307861328125,1903.439337430315,1869.4373498223772,1874.6794799550973,2166686
2021-11-18,1824.662353515625,1879.4887921821462,1820.8148841355182,1878.4307615857063,1883794
2021-11-22,1793.4017333984375,1827.5480254529532,1767.767944189915,1825.8647575347727,2407464
2021-11-23,1814.4185791015625,1823.315852711395,1774.1644511715183,1779.4547219665542,2028470
2021-11-24,1791.4779052734375,1829.856435290975,1775.5589539677826,1821.7767262216862,1361828
2021-11-25,1779.3583984375,1795.6620027257018,1768.1044802197227,1784.2638983406846,1930012
2021-11-26,1710.3443603515625,1771.5190970545298,1701.1584806844921,1750.598483311657,2796595
2021-11-29,1699.8599853515625,1721.790606750341,1668.9840685150666,1710.2000588230744,2111420
2021-11-30,1697.4554443359375,1730.3032385650667,1684.5183751517745,1699.8601127653694,3385628
2021-12-01,1717.8951416015625,1725.5900806456905,1694.8584648043852,1696.7340592302105,1359786
2021-12-02,1720.9730224609375,1725.590032725379,1695.7721447574374,1717.8469535610727,2813690
2021-12-03,1732.5634765625,1774.4528445026099,1728.0427472123167,1731.313002104564,3612772
2021-12-06,1714.6728515625,1751.5604408788076,1710.2001449107743,1730.3993592207441,1566109
2021-12-07,1729.5335693359375,1740.979813693586,1704.5250195259744,1721.934794179822,2097201
2021-12-08,1755.4560546875,1770.797791959098,1733.2849652961947,1733.2849652961947,3433206
2021-12-09,1808.1182861328125,1812.3023856098118,1758.2453702508908,1765.026582014455,3791595
2021-12-10,1801.9622802734375,1818.7468182229163,1790.0832422259616,1808.1182546711516,1771926
2021-12-13,1790.51611328125,1823.941004463911,1784.3121156969796,1821.4881956987153,1857829
2021-12-14,1794.555908203125,1802.5394543534749,1775.7994944571844,1779.4546374353943,1685243
2021-12-15,1809.0802001953125,1826.3456725562605,1792.5841512826821,1794.8445161237564,2176709
2021-12-16,1802.4432373046875,1835.2428902137835,1795.133068981894,1819.853012727714,2469902
2021-12-17,1776.6650390625,1803.212552651719,1761.852259386893,1795.3252878790213,2352938
2021-12-20,1730.7359619140625,1759.88058906616,1703.9479801767607,1751.5604131537573,2488158
2021-12-21,1757.860595703125,1781.5705302385943,1743.38444616329,1748.5785529618436,2077840
2021-12-22,1799.6539306640625,1807.8779440156952,1757.8608385135406,1757.8608385135406,1692505
2021-12-23,1806.819580078125,1815.8611561679988,1791.093073229198,1811.1961232529052,1677127
2021-12-24,1788.49609375,1816.7268757215386,1779.4545175829762,1816.7268757215386,1203991
2021-12-27,1795.036865234375,1804.1265824633565,1775.4148645311718,1788.4962374717913,1139744
2021-12-28,1827.067138671875,1836.2048790337508,1800.7119482503217,1800.7119482503217,1916098
2021-12-29,1822.5943603515625,1836.1566667690283,1817.9774674304306,1822.7386639399774,1287946
2021-12-30,1813.7930908203125,1829.1829673672626,1809.1761983054914,1820.1415088282813,1805349
2021-12-31,1823.6044921875,1834.3773604855655,1815.3324557355434,1815.3804786579838,1145546
2022-01-03,1849.526611328125,1863.5698511615935,1821.440131661188,1822.7386291012049,1906676
2022-01-04,1863.6661376953125,1868.9082678055822,1841.5431885653443,1849.5266171499334,1643920
2022-01-05,1874.294677734375,1876.6031828365356,1854.1436039007458,1866.6959022551766,1711667
2022-01-06,1851.1136474609375,1878.5268659346382,1846.400474135002,1870.3509937582712,1372015
2022-01-07,1832.2611083984375,1861.1651513418446,1824.8066365583966,1855.4902280024285,1447123
2022-01-10,1878.6231689453125,1885.2119370592393,1834.5215727607758,1837.1667080734471,2397846
2022-01-11,1886.3662109375,1894.878713655349,1863.762327805063,1874.6794989412565,2232435
2022-01-12,1898.9185791015625,1908.3449266125035,1885.5487161388082,1903.0546558986082,1585970
2022-01-13,1941.43310546875,1951.628876015113,1900.2171125214566,1900.2171125214566,2373324
2022-01-14,1966.7783203125,1971.7799837097502,1930.4678268087482,1937.200898451828,3124945
2022-01-17,1990.4881591796875,1992.940967837871,1964.1330882646148,1966.7782234226597,1858651
2022-01-18,1945.088134765625,1999.2894546106477,1933.8824739174609,1996.4998983590165,1460676
2022-01-19,1943.8377685546875,1949.7051359592897,1911.2304416137683,1942.8759011960494,2336679
2022-01-20,1927.1011962890625,1957.4000171940315,1908.4409465978338,1942.9720072392845,2031107
2022-01-21,1881.460693359375,1918.7330534972734,1868.9564177002092,1906.5654079304568,2209132
2022-01-24,1827.4517822265625,1884.298118521219,1809.8015400256986,1880.450649162319,2307120
2022-01-25,1851.88330078125,1857.6545050210518,1779.5508038597968,1822.7386724040705,2998042
2022-01-27,1837.9842529296875,1848.7090976609147,1795.806391952616,1841.543232672062,2932713
2022-01-28,1825.19140625,1873.7175662748725,1819.1797354136459,1843.0339748430315,2233620
2022-01-31,1836.397216796875,1850.632901466647,1779.8875063180988,1818.1217359611855,3161064
2022-02-01,1914.5970458984375,1923.638622876351,1843.8997925080655,1855.1055711203785,5392787
2022-02-02,1907.0943603515625,1931.429651431899,1895.4557888235338,1919.021539052658,3579380
2022-02-03,1859.9146728515625,1909.3065337555515,1856.403833827816,1905.9399983056048,2262217
2022-02-04,1873.6695556640625,1883.1440434904723,1849.9596181762993,1873.7176960002648,1440816
2022-02-07,1812.6390380859375,1873.2366817046236,1803.0685048298008,1858.8086713192222,2641464
2022-02-08,1804.078369140625,1824.6142134771753,1777.530853896686,1817.929282394338,2040523
2022-02-09,1816.7750244140625,1827.4517280856073,1804.0783054565838,1812.6389480096038,1390810
2022-02-10,1828.5098876953125,1838.1285614864505,1809.2725401130367,1819.8530812832885,1288856
2022-02-11,1799.894287109375,1816.9674326517618,1779.4546058262358,1816.9674326517618,1744894
2022-02-14,1730.3994140625,1776.5209078991527,1726.5519445481866,1772.9620455645932,2290199
2022-02-15,1804.51123046875,1810.2342940496474,1737.2766813990138,1740.979847093444,2602134
2022-02-16,1789.7467041015625,1815.332472015981,1771.904133484408,1804.5114632829707,1898439
2022-02-17,1797.4415283203125,1813.0238503453536,1783.3982880375856,1797.7301355008594,1459905
2022-02-18,1811.292236328125,1823.7003476193827,1794.0267657627774,1798.6917985486527,1912482
2022-02-21,1792.8726806640625,1812.0620056084783,1778.3485065092248,1803.4532219897058,1262585
2022-02-22,1774.1162109375,1784.2639585845786,1731.8421872946276,1743.8655293336071,2288298
2022-02-23,1750.8870849609375,1781.3782312620433,1746.8953122015332,1778.4926293755498,1583872
2022-02-24,1690.337646484375,1731.3613144458636,1684.2298119970594,1715.250035547548,3616355
2022-02-25,1709.286376953125,1730.110710608185,1697.6958287200482,1714.0475732459636,2476882
2022-02-28,1747.472412109375,1752.7626822437367,1685.9610454223828,1697.59961623489,2553662
2022-03-02,1716.4522705078125,1757.2834921788187,1701.0623930473894,1731.3612142975974,3152628
2022-03-03,1685.480224609375,1744.3946005042822,1678.987619918916,1740.9799244046017,2259979
2022-03-04,1646.4764404296875,1687.1634764013734,1638.0601010963971,1673.6491931343107,3906819
2022-03-07,1572.1241455078125,1603.2406502367958,1544.3262712169224,1595.0166368931455,6318251
2022-03-08,1595.2569580078125,1602.4709629430301,1534.1783828896357,1565.823841355213,4421730
2022-03-09,1626.469482421875,1634.9821020558081,1587.1292033378948,1612.5705467453618,3306502
2022-03-10,1662.299072265625,1690.9627656576265,1641.90753184162,1673.6491537225654,2776325
2022-03-11,1662.73193359375,1669.272560792217,1640.7532892458555,1654.4117579558256,1577597
2022-03-14,1680.1417236328125,1687.1152616298573,1650.083370197275,1668.8397827410504,1558334
2022-03-15,1676.967529296875,1697.6958169745549,1660.7600884649376,1681.3440725617688,2062332
2022-03-16,1689.2314453125,1703.1304993988435,1679.612771515218,1693.848455701376,2101909
2022-03-17,1719.72265625,1735.7857940073554,1701.0142658682314,1713.230051646176,3383036
2022-03-21,1689.32763671875,1736.1705286701545,1678.4584889359664,1736.1705286701545,2301462
2022-03-22,1706.40087890625,1709.2383407217965,1655.5180708287967,1689.3277328467047,3986030
2022-03-23,1699.8599853515625,1723.2334076998543,1692.0688837072792,1712.1237934224255,1574226
2022-03-24,1703.9962158203125,1711.835341089306,1684.2297940580759,1688.0772636047534,1580887
2022-03-25,1684.325927734375,1710.1040202105935,1672.6873560431568,1707.891678293925,1483897
2022-03-28,1675.1881103515625,1688.0771559943805,1659.3172994832391,1685.1915540183218,1799629
2022-03-29,1680.0455322265625,1687.2113965993142,1666.9160201828877,1682.0172897296202,2071779
2022-03-30,1705.9678955078125,1709.2864082893534,1687.2114823254024,1699.523431277984,1712835
2022-03-31,1700.2449951171875,1713.422532011716,1690.9629508854923,1712.0758941195004,1401916
2022-04-01,1721.838623046875,1725.5899289842769,1691.9245736250518,1691.9245736250518,2050573
2022-04-04,1756.70654296875,1760.0730789462907,1708.8536387165645,1715.971481123599,1955281
2022-04-05,1766.03662109375,1774.64528703759,1757.3316744811257,1769.8359502163498,1718581
2022-04-06,1782.1478271484375,1787.1494902734446,1758.004863352861,1763.102807142747,2245496
2022-04-07,1756.6585693359375,1785.0816820088355,1741.124386549187,1779.358617652619,2003954
2022-04-08,1760.938720703125,1768.7779633989594,1748.723051840859,1765.4114275407258,1903321
2022-04-11,1713.5667724609375,1759.976874493629,1711.1621039618344,1750.839134197037,2262446
2022-04-12,1681.0555419921875,1713.5667058015285,1667.4932356679233,1712.123904758193,4215141
2022-04-13,1693.6561279296875,1705.2465593975055,1680.4784743879586,1687.3077092958501,1673417
2022-04-18,1672.0621337890625,1683.2197718956158,1649.602553986103,1679.709049896753,1808707
2022-04-19,1640.7052001953125,1693.6079034113418,1622.6701877353023,1681.6327021040734,2737766
2022-04-20,1627.0948486328125,1647.101737251873,1607.6170340428698,1644.745091704065,3832617
2022-04-21,1649.12158203125,1659.990730121345,1635.1745053678187,1638.0119671021305,1797489
2022-04-22,1629.7398681640625,1650.9490895102795,1625.9405392208907,1636.136309317322,1474689
2022-04-25,1594.1510009765625,1611.1279850182045,1589.0050335821338,1611.1279850182045,1964344
2022-04-26,1635.1263427734375,1638.1562483869895,1600.5472587586232,1615.937136246687,2440990
2022-04-27,1613.099609375,1627.0947082009789,1603.1441888447919,1611.127734435335,1346726
2022-04-28,1653.6903076171875,1664.9922480647676,1615.9370171859096,1625.5556899072542,3117433
2022-04-29,1629.7398681640625,1672.6872674325825,1622.8144704347171,1664.9923288820014,2404830
2022-05-02,1615.4080810546875,1621.660218857025,1591.9386115444258,1604.9718437446447,1399802
2022-05-04,1571.64306640625,1617.7646750214387,1563.0825411586954,1615.4561699617448,1777673
2022-05-05,1575.2021484375,1607.472728794091,1570.7294416087386,1587.754447377692,1707752
2022-05-06,1560.5816650390625,1570.7294127428033,1550.6263612582898,1554.3776674784876,1439520
2022-05-09,1554.52197265625,1567.6995086518446,1530.571451673292,1546.2499367618755,1400010
2022-05-10,1546.634521484375,1567.4589725970263,1539.9495905278993,1549.5682637979048,1176030
2022-05-11,1510.9012451171875,1547.644530064282,1497.964059112069,1539.468657779915,2988788
2022-05-12,1467.953857421875,1495.6555662324683,1455.4014417285719,1490.8943698883581,3407191
2022-05-13,1475.9853515625,1514.844813431463,1444.72466474218,1471.6569487719942,4328846
2022-05-16,1484.0650634765625,1507.7269752996117,1480.7465508807056,1490.8942977444326,1775914
2022-05-17,1542.9312744140625,1546.586417030141,1486.0849418683981,1486.0849418683981,1608711
2022-05-18,1512.536376953125,1561.1106771350856,1505.322371975606,1561.1106771350856,2984009
2022-05-19,1488.9224853515625,1503.1581687906905,1481.612317132326,1490.8943603427101,1798843
2022-05-20,1548.70263671875,1551.9248689413155,1501.523112432973,1509.5546815296514,2175224
2022-05-23,1581.4542236328125,1596.6997976149014,1544.3741904027452,1566.8819098281172,4177811
2022-05-24,1564.284912109375,1590.6399834632025,1548.7025906514857,1582.0794580142813,1970395
2022-05-25,1514.7005615234375,1577.1737969645926,1511.1897223238473,1570.7293328895212,1417130
2022-05-26,1504.8896484375,1528.311095534338,1478.0535251934243,1514.9411155395023,3578710
2022-05-27,1539.2763671875,1544.758964116379,1513.9792089160526,1515.1334027698856,1279218
2022-05-30,1597.517333984375,1600.2586323959677,1552.0691025725453,1558.225076977025,2119326
2022-05-31,1591.4095458984375,1610.5507298308346,1582.2718059854515,1597.1807500540074,3534742
2022-06-01,1585.1573486328125,1597.6616238344063,1575.9714687300793,1590.4957592427477,1425466
2022-06-02,1574.72119140625,1586.5520896314779,1561.7840048047842,1569.7675509578212,1852251
2022-06-03,1589.0531005859375,1609.8774360660411,1582.223748047175,1594.7280243687492,2928263
2022-06-06,1577.65478515625,1598.9121475862953,1571.7874177870372,1589.1491704719153,1538005
2022-06-07,1528.8399658203125,1575.9234416147606,1525.6177337792674,1567.8437326383207,2157491
2022-06-08,1524.126953125,1546.4903689643188,1510.2278994981762,1534.1784199446652,2122442
2022-06-09,1534.2745361328125,1538.987709476172,1496.857873963084,1496.857873963084,1361104
2022-06-10,1524.6558837890625,1533.697460188913,1509.2179835666261,1510.1317105654396,1337799
2022-06-13,1473.62890625,1506.2361151665843,1460.4032303156946,1500.6573550399273,2460367
2022-06-14,1485.7484130859375,1495.0304564179683,1467.0400228375074,1473.6289080616007,1983405
2022-06-15,1500.8497314453125,1507.2461729565846,1480.362026856947,1488.9225525412512,1461683
2022-06-16,1469.15625,1514.9411135027715,1458.91233898751,1508.5928123197548,2329325
2022-06-17,1433.1341552734375,1471.608847772907,1424.910260200942,1463.9620496048149,4548572
2022-06-20,1415.6763916015625,1440.7329652464325,1400.8154708162324,1433.182330144532,1837431
2022-06-21,1443.089599609375,1457.421328868636,1420.5818806441484,1423.5636458787785,1458922
2022-06-22,1422.361328125,1434.096062699396,1412.0212542265426,1433.182335693153,1906619
2022-06-23,1437.3184814453125,1454.1030203599191,1425.006531941935,1425.006531941935,1828491
2022-06-24,1437.847412109375,1454.3434609598335,1432.220511487561,1444.4843204341469,1731440
2022-06-27,1477.2359619140625,1485.7964876216522,1452.1792698219592,1465.885879919633,2389778
2022-06-28,1492.3372802734375,1498.1084847089132,1465.9820898683406,1471.657131046316,2072405
2022-06-29,1488.87451171875,1494.7418791383266,1467.2324960941603,1472.8593966734638,1480197
2022-06-30,1498.8297119140625,1507.149887496016,1483.2955316221105,1489.9805797693073,3308971
2022-07-01,1512.1998291015625,1515.9029950416384,1476.0816619172258,1501.4268439667162,1294305
2022-07-04,1521.385498046875,1526.9162351549392,1491.086677367915,1512.1515952278046,1269969
2022-07-05,1505.226318359375,1536.3427052790241,1502.0521089718939,1523.5979622238062,1445200
2022-07-06,1496.8099365234375,1529.8500573149583,1492.6258369324503,1505.8515133160283,2422594
2022-07-07,1549.6644287109375,1552.5981710276164,1505.9476056180142,1506.1880724500224,1697912
2022-07-08,1623.10302734375,1637.0982443779076,1556.3013862534985,1559.1869883293703,6516138
2022-07-11,1599.5853271484375,1624.4495734830202,1590.3514245096828,1620.698267512933,1316037
2022-07-12,1590.688232421875,1609.1080168427613,1586.1675025521492,1591.890566686744,781516
2022-07-13,1584.4359130859375,1619.0631359550187,1581.694614758557,1600.5471903930793,1914814
2022-07-14,1583.3780517578125,1603.7695937716287,1572.2684362671505,1588.8606489985168,1170472
2022-07-15,1620.60205078125,1623.4876525990933,1586.3114590294597,1590.8323056600104,1345141
2022-07-18,1661.770263671875,1668.4551952426139,1625.5559319995627,1631.3752768288207,3200640
2022-07-19,1663.8382568359375,1668.7917799580493,1648.6407051201077,1654.3637691197753,1351783
2022-07-20,1673.6009521484375,1680.2378599637714,1662.0585446140972,1673.985722549337,1509911
2022-07-21,1719.5826416015625,1723.2844731749217,1670.824635774424,1682.3200661085284,2827327
2022-07-22,1722.1156005859375,1733.6110315997064,1707.3080355788775,1719.9236842508685,1495629
2022-07-25,1736.43603515625,1739.4073470243113,1714.6143859211081,1719.4365541853315,1916615
2022-07-26,1706.04150390625,1734.779961787897,1696.932897819101,1734.779961787897,1585897
2022-07-27,1750.26953125,1772.5296350623246,1704.823776509518,1708.7205165701112,5369460
2022-07-28,1754.7508544921875,1769.1200842513879,1740.8199604461458,1758.4040484987638,1831059
2022-07-29,1761.375244140625,1785.1940199220257,1747.6878972660922,1768.0970255333173,1747781
2022-08-01,1767.853515625,1770.9222222346566,1744.083496172776,1761.3265235313118,1341943
2022-08-02,1746.7625732421875,1764.8823916142223,1729.8603672787556,1762.30077741573,1749346
2022-08-03,1743.596435546875,1757.4298155741199,1727.2300792754515,1746.7625369330258,1264299
2022-08-04,1734.146728515625,1767.951020025929,1729.1784087026033,1747.493134627194,1856927
2022-08-05,1741.306884765625,1760.3522485810424,1729.4706324629906,1736.923052381223,1430542
2022-08-08,1782.4176025390625,1784.7556703143566,1744.0346898951082,1750.0259514070908,2625195
2022-08-10,1807.25927734375,1818.8033454957294,1775.208567932294,1782.7585014767997,3422074
2022-08-11,1818.949462890625,1830.2987414025495,1807.3078813245152,1821.7746230445255,1918049
2022-08-12,1798.7838134765625,1820.751732400871,1790.5519979415735,1816.8549924706392,1041383
2022-08-16,1801.170654296875,1815.880823882496,1794.4487540727241,1811.984083917083,1426893
2022-08-17,1807.7950439453125,1819.1443228975936,1802.290993870107,1813.3966076550712,1748371
2022-08-18,1845.64208984375,1849.538829528163,1802.242104040978,1809.0613984887004,2519639
2022-08-19,1886.0709228515625,1891.8672760524794,1843.8886646489857,1845.2037906193796,4134598
2022-08-22,1832.10107421875,1893.8156712017205,1826.596905094252,1887.09377080716,3175874
2022-08-23,1828.593994140625,1862.592955362633,1817.5368993017921,1821.7259423518321,1811509
2022-08-24,1844.47314453125,1849.0031285615394,1803.8009208128915,1827.5710585782126,1534933
2022-08-25,1829.422119140625,1868.4869156474585,1824.648588638003,1850.9515848436763,1121363
2022-08-26,1856.212158203125,1862.641755541998,1838.481919513365,1841.4044745691317,1119310
2022-08-29,1832.9290771484375,1841.2096496468494,1812.958284652268,1821.7259496505862,1183546
2022-08-30,1872.8707275390625,1878.22874522513,1840.3816804446308,1845.0090593553255,1394462
2022-09-01,1863.567138671875,1880.6641329022493,1843.255405309347,1855.822415529026,2014905
2022-09-02,1890.406005859375,1908.2336390529886,1851.1950593322738,1851.4386055839948,3201140
2022-09-05,1917.5369873046875,1921.8234250132546,1891.9646315035989,1897.6635898697427,2474746
2022-09-06,1911.6431884765625,1933.85453414226,1900.9271539507517,1922.8463154808192,1172733
2022-09-07,1907.5516357421875,1910.717737010488,1884.0738008902947,1890.990490646461,1238549
2022-09-08,1923.430908203125,1925.9637654462006,1897.274064459255,1917.0987056359018,1632797
2022-09-09,1899.417236328125,1936.095325991028,1893.815672482049,1926.304719005476,980869
2022-09-12,1911.2535400390625,1916.2218596636299,1897.6149502905669,1899.4171687235194,791708
2022-09-13,1939.9432373046875,1943.4990362676367,1912.4225116031532,1918.0728320581738,1761021
2022-09-14,1903.4600830078125,1922.0182357866847,1899.0762505360851,1913.9325716902722,2322752
2022-09-15,1906.967041015625,1933.4648241073235,1904.3367892163315,1908.5257131529493,1566565
2022-09-16,1870.4351806640625,1906.3826305762632,1865.5642557144165,1896.7381753921509,3881617
2022-09-19,1861.375244140625,1882.0766755263999,1855.8224371718325,1871.5067919908884,1755456
2022-09-20,1882.807373046875,1905.3111425321067,1875.3061958311791,1881.1513060519515,1666658
2022-09-21,1846.7137451171875,1896.0562371760168,1842.7682484574832,1871.5067048071967,1618385
2022-09-22,1839.4560546875,1856.4068973354374,1824.6484903738228,1833.4161553035422,1875115
2022-09-23,1808.9154052734375,1846.5189227350718,1804.7264810975357,1841.209662018044,1948766
2022-09-26,1803.65478515625,1828.3504702396806,1771.068344212379,1801.2680794547243,1529101
2022-09-27,1793.6693115234375,1815.880776312047,1785.1939498883187,1808.087296585386,1443698
2022-09-28,1788.0677490234375,1808.0872976507194,1778.4720508881448,1782.4661854665994,1853503
2022-09-29,1768.6329345703125,1809.4513114020453,1751.0002091854556,1797.03045218102,2377718
2022-09-30,1800.001708984375,1834.341732753633,1769.1688466076637,1776.8648135370024,2339518
2022-10-03,1772.3348388671875,1804.19064117341,1767.1716107389666,1804.19064117341,1850414
2022-10-04,1823.23583984375,1832.3930829828728,1787.9216363920605,1787.9216363920605,1637532
2022-10-06,1863.567138671875,1869.4610054594232,1829.61681537895,1833.4161606433738,2771898
2022-10-07,1874.8677978515625,1879.154116735819,1853.922820256226,1855.8224334472457,1469264
2022-10-10,1860.352294921875,1867.5125304488608,1834.8773349506673,1855.8223111659258,1656954
2022-10-11,1830.44482421875,1874.1371157933002,1822.9436474255601,1874.1371157933002,1047963
2022-10-12,1861.9110107421875,1866.5383893169555,1810.0844182724109,1831.4677306450294,1907748
2022-10-13,1827.7171630859375,1862.641670626369,1820.0210780061266,1851.9256359104224,1303645
2022-10-14,1862.2520751953125,1886.7528524261475,1849.4415182970522,1850.9515526576379,1819114
2022-10-17,1834.5850830078125,1864.5900275708304,1829.9090665158128,1853.7765982166932,2588147
2022-10-18,1868.584228515625,1881.3460282577605,1844.2296034661042,1844.2296034661042,1401849
2022-10-19,1855.7249755859375,1896.7381390932526,1852.558874429259,1870.4351448685388,1636141
2022-10-20,1854.994384765625,1868.2920337509202,1837.6052063628852,1849.6363672851744,1374019
2022-10-21,1828.3017578125,1875.3061855809578,1818.9008484749943,1864.2978471577112,2225676
2022-10-24,1860.4498291015625,1870.3378307701155,1850.9515252221331,1856.7966353017819,269400
2022-10-25,1898.783935546875,1904.19070979568,1842.7196608619483,1865.5642512535364,2136147
2022-10-27,1913.34814453125,1920.9467163692968,1899.563402653683,1901.7065621395006,2245395
2022-10-28,1924.0640869140625,1934.731364847484,1913.104505919836,1921.0927751657798,2013794
2022-10-31,1970.8736572265625,1982.125541587067,1927.1327267760662,1934.7314173726495,3176507
2022-11-01,1972.188720703125,2002.9243041639277,1938.6768527725985,1979.5438648157105,4464211
2022-11-02,1961.3267822265625,1989.2858452160842,1948.3700736690346,1983.9278275134945,1889651
2022-11-03,1956.8453369140625,1970.2891373098103,1941.550680177232,1954.2150850153173,1052241
2022-11-04,1963.080078125,1976.962213727303,1952.997287629245,1958.1117586406199,2312753
2022-11-07,1965.5643310546875,1979.5438616085135,1941.5506477292163,1969.2175246969275,1395070
2022-11-09,1951.7796630859375,1984.3661040285297,1944.7168217795372,1972.77339757121,1301233
2022-11-10,1926.596923828125,1950.1721524625943,1919.3391744723233,1943.4990092222604,1261210
2022-11-11,1959.1834716796875,1966.684767691797,1940.5278047462907,1951.8770840231928,1203125
2022-11-14,1948.17529296875,1969.704758595559,1943.7427034636396,1961.083244764712,1175155
2022-11-15,1945.0091552734375,1964.9311914265197,1927.0353702473205,1951.292601104273,1450841
2022-11-16,1951.8770751953125,1957.965731548187,1933.8060144914223,1934.7314426894316,1195832
2022-11-17,1977.1572265625,2005.8469274225533,1949.441591789412,1950.3183820786555,3786182
2022-11-18,1972.188720703125,1998.004622483448,1955.043088964912,1986.3631596256073,1248459
2022-11-21,1959.5244140625,1980.5181488448882,1955.1893382841567,1966.879558542956,714687
2022-11-22,1977.40087890625,1980.6643750677422,1967.464119960139,1969.3638521752698,1337869
2022-11-23,1972.724609375,1991.234124228395,1965.9053144290124,1986.3144424497345,1046988
2022-11-24,1999.2222900390625,2006.8209801528967,1976.03675977514,1978.0825243691538,1611889
2022-11-25,2009.5001220703125,2041.6969841013617,2005.3110789749178,2007.7952983090117,2652761
2022-11-28,2011.15625,2018.5113945894193,1999.0276938694442,2011.0589741992862,1105372
2022-11-29,1997.6151123046875,2018.5113331229127,1985.9735301275618,2016.5629631102458,1413764
2022-11-30,2021.2879638671875,2032.1500321347576,1992.2084447342181,2000.0019252026161,2104550
2022-12-01,2049.9287109375,2055.5302744817036,2025.768876257483,2031.4191966175224,2614357
2022-12-02,2031.662841796875,2044.716825817735,2015.7348217211363,2041.9892980556242,1957264
2022-12-05,2031.7603759765625,2042.6712006497394,2015.4427768664302,2041.843048246208,1767537
2022-12-06,2039.4564208984375,2045.788623781571,2013.640516836432,2027.2791076616425,1530731
2022-12-07,2069.169189453125,2088.6528918020244,2042.184309267532,2042.184309267532,3438327
2022-12-08,2111.740966796875,2118.852565503899,2065.2723856865587,2065.2723856865587,3743754
2022-12-09,2098.443115234375,2137.7028158402154,2082.3203069277315,2112.032947564595,2573609
2022-12-12,2107.843994140625,2113.0072221034325,2079.44659710238,2093.4260088657006,1536090
2022-12-13,2116.806640625,2119.534406384967,2096.9333603589494,2113.9815990610546,1233124
2022-12-14,2138.774169921875,2152.9486076438943,2118.9008932942515,2120.751749450648,1516631
2022-12-15,2121.336669921875,2151.974741696186,2117.4886866023603,2139.992218201503,1323412
2022-12-16,2118.852294921875,2154.507559709604,2105.2137054373206,2105.2137054373206,2822390
2022-12-19,2127.6201171875,2130.981007991802,2099.41750798197,2114.9557117280506,1592779
2022-12-20,2107.405517578125,2123.6256012792023,2082.8073484719894,2123.6256012792023,1747181
2022-12-21,2090.893310546875,2118.8036156279727,2087.532419868554,2097.5178161065155,1979681
2022-12-22,2055.4814453125,2092.8902893242152,2042.7682844094488,2088.6524897438258,1993744
2022-12-23,2009.5001220703125,2049.8312862024004,1997.176776873879,2040.4304960253396,2026125
2022-12-26,2037.069580078125,2053.5819681653384,1998.0534234853455,1999.7582472255208,1154610
2022-12-27,2069.266357421875,2073.065583609971,2031.1756305577017,2047.2984391256764,1059351
2022-12-28,2066.343994140625,2080.859256176259,2059.086125284662,2074.0399608610746,1153883
2022-12-29,2056.40673828125,2065.807764939992,2040.0891417775188,2055.189007198882,1517150
2022-12-30,2031.955078125,2077.936561596931,2027.3764562882632,2060.4012319632016,1189427
2023-01-02,2035.5108642578125,2043.4506149586769,2021.4826949549222,2038.8717550451568,807344
2023-01-03,2035.023681640625,2042.6711289261373,2014.5657969074464,2034.0982534703219,1260225
2023-01-04,2017.098876953125,2047.2010994764664,2004.8728071649327,2036.9721565827676,1015547
2023-01-05,2033.465087890625,2045.0090370574167,2015.1016061103753,2026.3047332412766,1881403
2023-01-06,2032.6859130859375,2066.928423291056,2018.3654400702517,2036.2415934696633,1877917
2023-01-09,2066.928466796875,2072.383998459659,2046.5193366410128,2053.582178573964,1844365
2023-01-10,2052.266845703125,2076.8650182786214,2043.0608445246776,2076.8650182786214,1425414
2023-01-11,2070.484130859375,2084.755845601724,2042.963405327483,2051.731070098705,1455621
2023-01-12,2103.99609375,2108.7695052054955,2063.42138286387,2063.42138286387,2726901
2023-01-13,2097.809814453125,2108.964422604553,2062.5443661876034,2106.0903866791405,2180210
2023-01-16,2082.0283203125,2105.2139729501046,2077.2549085215915,2091.575381732473,1009649
2023-01-17,2155.968994140625,2160.5476162333484,2081.2488117533007,2084.658459372712,4645453
2023-01-18,2207.990234375,2216.0760171931493,2143.2069338738143,2163.6648182426097,4090049
2023-01-19,2214.419921875,2224.8436533519025,2183.148489606168,2201.5119711890197,2176835
2023-01-20,2191.86767578125,2238.3362565848015,2180.664547347946,2223.528690918848,1962410
2023-01-23,2175.842041015625,2214.614648794765,2169.5098389710306,2196.7870170092833,1466706
2023-01-24,2150.51318359375,2194.156715023207,2143.2067967865232,2186.7528145899723,1036962
2023-01-25,2118.56005859375,2148.07791147553,2099.3686617822077,2144.1811715000645,2134447
2023-01-27,2104.093505859375,2138.3360124728347,2072.1889480422974,2118.5600099834787,1647900
2023-01-30,2058.35546875,2117.1476308455844,2030.0068268870946,2074.4295218543148,3441304
2023-01-31,2069.558349609375,2077.692888829359,2019.1442799824054,2065.2232742815386,4516463
2023-02-01,2090.162841796875,2158.745376156959,2026.5972654535326,2077.936771499605,6868872
2023-02-02,2089.529296875,2111.010123543669,2053.4359331457954,2080.469566708332,3488506
2023-02-03,2110.62060546875,2125.5256838622936,2076.037037212541,2120.7520345550315,2045634
2023-02-06,2100.4404296875,2125.2821478504247,2086.9966287611123,2108.3799425141196,1332484
2023-02-07,2109.402587890625,2115.9295790798337,2094.5462683321684,2106.4312764113124,1089248
2023-02-08,2075.84228515625,2119.0960057456714,2070.6790568827473,2104.7755332422917,1452145
2023-02-09,2091.96484375,2096.3974332157045,2080.5669264368626,2094.497819969872,1563181
2023-02-10,2107.990234375,2113.9326199663046,2082.3691221947606,2084.9506172200963,1454665
2023-02-13,2146.421630859375,2153.3382009243446,2104.4341666686805,2116.9037809163433,2978938
2023-02-14,2135.072509765625,2158.79401020252,2125.817752050407,2157.8198251798653,1874906
2023-02-15,2118.90087890625,2131.3704929855076,2101.5603404083845,2129.56815581538,1946344
2023-02-16,2122.067138671875,2145.4475776318445,2115.6374228226337,2130.347710803531,2464602
2023-02-17,2168.876953125,2190.9421490865907,2104.23968075902,2113.7867416930553,3753179
2023-02-20,2168.048828125,2193.8647319422603,2157.819885103067,2176.0370979649756,1779752
2023-02-21,2171.896728515625,2203.6064982396183,2165.3209796813558,2181.200242952478,1882604
2023-02-22,2138.092529296875,2183.148585558399,2125.7204273613374,2171.4583655554093,2103097
2023-02-23,2103.411376953125,2151.1951971655108,2097.907327023281,2147.103667870588,2000556
2023-02-24,2078.95947265625,2116.2220475770064,2064.054395120322,2104.239524936824,1479060
2023-02-27,2059.134765625,2084.6583647932616,2028.3506626464266,2078.9595253051125,1398112
2023-02-28,2054.7021484375,2083.099783210712,2031.1756763858366,2060.401225686352,2108587
2023-03-01,2060.693603515625,2075.0140756248447,2045.7885252639317,2045.7885252639317,1389077
2023-03-02,2066.830810546875,2093.52338207937,2053.1434649251737,2074.9651118832635,1727640
2023-03-03,2096.494873046875,2104.1420825802397,2077.205962513941,2084.7558962503617,1821066
2023-03-06,2085.8759765625,2128.448048454176,2084.560969604305,2102.534634071253,1821012
2023-03-08,2114.760986328125,2133.0757131147975,2085.340644937506,2096.4462595414525,2965342
2023-03-09,2136.58251953125,2142.232840165252,2115.4427523505437,2118.803643072398,1873933
2023-03-10,2102.14501953125,2125.6714901555165,2077.9364291941874,2115.442548520946,1900535
2023-03-13,2078.764892578125,2122.7004962326046,2052.6079284917478,2108.1852339238553,2334468
2023-03-14,2088.847412109375,2114.9556174604845,2079.300351620923,2088.993682561043,2871343
2023-03-15,2120.459716796875,2155.3355878855878,2104.239631439782,2108.3311609332873,3044201
2023-03-16,2117.488525390625,2130.542508726769,2076.9623358964204,2128.4966251743604,2946792
2023-03-17,2139.066650390625,2171.3607870488154,2130.2502288341416,2130.2502288341416,3286473
2023-03-20,2121.336669921875,2148.078001557307,2096.4461947171535,2134.536924709958,1996773
2023-03-21,2151.438720703125,2169.5098992229664,2125.67157615829,2126.35345806056,3178680
2023-03-22,2156.796875,2188.263098677718,2150.903008068098,2162.2036494224576,1956033
2023-03-23,2149.68505859375,2184.1225906511722,2143.742673284589,2156.8454128910325,2455799
2023-03-24,2110.23046875,2162.0572942944464,2097.468789609086,2149.051831097035,1449544
2023-03-27,2098.39453125,2133.465191939415,2094.497791173398,2118.901173470744,1540581
2023-03-28,2078.52099609375,2113.786441877599,2067.6586917646714,2111.7893152665924,1627243
2023-03-29,2092.013427734375,2103.5576145515392,2066.2462833200034,2082.466367636559,2372385
2023-03-31,2108.331298828125,2120.75215857609,2095.033767644977,2100.8301212930633,1489542
2023-04-03,2114.12744140625,2127.132906038002,2099.3686340791824,2123.723258604463,1231654
2023-04-05,2199.466064453125,2204.093442952141,2109.110410603927,2113.9813353397326,2763363
2023-04-06,2215.540283203125,2232.4910074271015,2196.2513722267154,2199.4662303624737,2389899
2023-04-10,2250.074951171875,2260.0115901813565,2219.2420923693385,2225.915116632462,1955914
2023-04-11,2242.0869140625,2269.8511882535845,2228.2535337875543,2260.1093376602216,1342440
2023-04-12,2229.422607421875,2252.997839338451,2223.0416474318645,2244.5224765129997,1165839
2023-04-13,2200.4404296875,2235.7546369154675,2184.5611661801236,2235.5598474777003,1956668
2023-04-17,2156.845703125,2215.1020167481283,2144.3273300831665,2200.4404841615146,4125850
2023-04-18,2159.378662109375,2172.4326465543086,2131.516874735797,2162.6907961213296,2848601
2023-04-19,2162.301025390625,2177.303378591081,2151.097898386689,2151.097898386689,1970015
2023-04-20,2175.111572265625,2193.3287843111952,2164.8826297020646,2167.5616384687114,1898996
2023-04-21,2158.0146484375,2185.097040059364,2145.1554535045566,2182.3205175660287,1009316
2023-04-24,2171.360595703125,2175.0625458348745,2130.1040085136633,2162.6904453592247,1239073
2023-04-25,2189.919189453125,2195.8130564491107,2160.8399090260164,2173.455557590161,1350118
2023-04-26,2217.39111328125,2228.2534188353698,2186.1199171926773,2189.821867794807,1894812
2023-04-27,2246.080810546875,2250.36712899066,2208.574691730364,2217.0012960175304,1252989
2023-04-28,2303.363037109375,2307.8443834746818,2252.6081387067206,2252.6081387067206,2884961
2023-05-02,2322.895263671875,2353.9719063762336,2311.935682950348,2311.935682950348,1840153
2023-05-03,2295.47216796875,2328.3021549712194,2287.8734773848987,2322.5545585942014,998235
2023-05-04,2296.056396484375,2320.1674738179854,2282.3692883089234,2300.8300454068312,1230912
2023-05-05,2316.124755859375,2344.8144555304707,2296.153964063322,2296.153964063322,2425866
2023-05-08,2304.337158203125,2323.431279788636,2293.280300895275,2316.076135297568,1583576
2023-05-09,2313.05615234375,2339.894757691459,2306.5289228484953,2306.5289228484953,1417301
2023-05-10,2303.41162109375,2327.2791530281124,2289.334695744986,2325.3795398907587,1675409
2023-05-11,2184.26904296875,2254.313094879183,2179.5931447247285,2240.625746555419,9470848
2023-05-12,2163.762451171875,2177.3035278654015,2140.6255568601064,2165.2722476880253,5367292
2023-05-15,2188.84765625,2201.658093828839,2157.819768951716,2163.567365300352,2662740
2023-05-16,2169.705078125,2196.787472358517,2165.711061787248,2196.397893441037,2528855
2023-05-17,2162.301025390625,2186.0710432028573,2153.1435440932287,2166.928403935729,1961004
2023-05-18,2131.711669921875,2175.891056889758,2124.697585158856,2172.4326524091007,2290757
2023-05-19,2133.513916015625,2142.2815810534244,2112.52018160749,2135.413529206188,1729803
2023-05-22,2159.378662109375,2164.6391662079254,2122.164603184879,2133.465244822393,1112099
2023-05-23,2140.91748046875,2171.068695226745,2137.3618005028898,2168.1461403491203,2265389
2023-05-24,2128.739990234375,2151.487302262453,2119.8262937392337,2143.206730802534,2648479
2023-05-25,2147.785400390625,2150.3183762646054,2121.7747111412264,2133.4649299353932,1689521
2023-05-26,2161.1806640625,2163.4213371284472,2144.1811833928687,2151.9746633870272,1249128
2023-05-29,2167.123291015625,2183.9279822787917,2162.8854911270505,2167.5616266983416,1369656
2023-05-30,2153.728271484375,2179.2518712238843,2150.221110306918,2172.432576141825,1716729
2023-05-31,2148.7109375,2166.5873264483457,2143.206887673723,2144.278586252809,2809284
2023-06-01,2150.8056640625,2164.6390433243996,2145.3013761774505,2159.7681183844256,1049488
2023-06-02,2176.865234375,2179.5442432419845,2155.043346719221,2163.6649794809564,1399950
2023-06-05,2209.74365234375,2214.127484386025,2182.174172154709,2187.045096646126,2344944
2023-06-06,2219.144775390625,2221.8237842640133,2205.2626385012486,2210.425866806681,1677680
2023-06-07,2255.7255859375,2258.1610486733425,2219.1936448998595,2219.1936448998595,2128603
2023-06-08,2279.88525390625,2284.512632759435,2253.04640899015,2257.1379385137593,2556995
2023-06-09,2301.999267578125,2307.6983452420895,2277.8881876489845,2284.463936720568,2501720
2023-06-12,2279.544189453125,2308.818496864969,2272.871164770555,2303.947571766098,1172382
2023-06-13,2293.62109375,2297.030741286994,2267.0260332319576,2285.292002180139,1688768
2023-06-14,2294.25439453125,2299.0765626352527,2279.592862951903,2292.1597541124115,1013564
2023-06-15,2300.343017578125,2308.3312867657132,2288.3604948776792,2294.205604698567,2561534
2023-06-16,2305.701171875,2318.5603666771776,2291.5267321497445,2302.729859971924,1794542
2023-06-19,2305.2626953125,2357.4301101044325,2300.050710595848,2317.586040028599,3111256
2023-06-20,2320.5087890625,2327.961209559621,2293.6699433678045,2303.898886392639,1771306
2023-06-21,2332.63720703125,2349.734201212174,2320.5086514458535,2320.5086514458535,1607299
2023-06-22,2353.874755859375,2361.4246904099846,2318.5605458645887,2332.783743508098,1741775
2023-06-23,2327.86376953125,2364.346949511714,2321.7263565817025,2356.5047128449655,1212955
2023-06-26,2316.17333984375,2341.794450096431,2306.821069736013,2336.1928869618646,793572
2023-06-27,2326.402587890625,2335.072739445712,2310.328535037741,2325.8179817425366,1012317
2023-06-28,2358.940185546875,2370.094556063108,2328.350872137745,2338.0439651757433,1734938
2023-06-30,2411.643798828125,2419.38852224978,2352.705604507162,2357.5277728385217,2690699
2023-07-03,2390.69873046875,2428.0585822603825,2384.804863691428,2414.2252029226092,1078456
2023-07-04,2398.29736328125,2420.2650440819716,2394.741445438242,2394.741445438242,1441581
2023-07-05,2407.016357421875,2420.8009801045087,2390.9910616605794,2397.46929680723,1191896
2023-07-06,2424.356689453125,2435.413545603228,2403.8500492991516,2404.3858985733063,1796824
2023-07-07,2386.1201171875,2439.3592321304936,2381.492738452428,2418.657800947278,1837661
2023-07-10,2375.793701171875,2399.758747634174,2357.527732172604,2386.753282571438,1178479
2023-07-11,2410.66943359375,2415.0045090860012,2384.025379877015,2384.025379877015,1219658
2023-07-12,2391.575439453125,2421.7751747217226,2384.6101117764288,2416.271124558023,1822435
2023-07-13,2386.8994140625,2420.752344676798,2383.1001874885287,2402.3403422980937,1141663
2023-07-14,2408.4287109375,2413.104846203577,2385.4378512848593,2386.996642319591,845623
2023-07-17,2405.06787109375,2429.61728445972,2401.3659206869324,2411.107770263756,878697
2023-07-18,2410.8154296875,2425.6717500609357,2404.3859517697383,2405.262623082758,720865
2023-07-19,2429.763427734375,2438.3363033200653,2402.729793927414,2410.718301214754,1431080
2023-07-20,2425.428466796875,2431.27357708574,2405.3116406879567,2429.617510071524,1045704
2023-07-21,2519.48583984375,2528.0099581999157,2456.0177851613794,2456.894456485621,4610417
2023-07-24,2537.995361328125,2569.8999186963224,2517.196417343684,2569.55885882584,2155297
2023-07-25,2494.790283203125,2550.172795851182,2487.09431680186,2548.467972093092,2068876
2023-07-26,2577.93701171875,2604.824612389548,2518.2681814994685,2524.1132913985,5820099
2023-07-27,2591.527099609375,2607.260331338246,2578.132054773015,2600.0512190506947,2117794
2023-07-28,2581.152099609375,2599.271799207243,2557.2358085748824,2591.4783186477766,1325724
2023-07-31,2612.130859375,2620.557463891299,2563.1780666015657,2586.460991312788,1284981
2023-08-01,2597.810302734375,2619.583432348238,2586.802202642093,2612.1310123263825,1298745
2023-08-02,2577.658203125,2600.071388900892,2558.538271749699,2593.2393620081925,1479486
2023-08-03,2554.016357421875,2597.908654353044,2542.4165280878956,2570.629507570981,1612618
2023-08-04,2582.32763671875,2590.290294914897,2554.4096134103834,2560.7993238152967,1101278
2023-08-07,2591.1748046875,2608.9677857364222,2578.592182949216,2583.4089453335787,1163125
2023-08-08,2587.53759765625,2604.5441046141023,2583.703867647575,2594.2714649771096,767310
2023-08-09,2606.608642578125,2609.950856526968,2570.875321104389,2590.290209773469,906865
2023-08-10,2598.64599609375,2616.4389774833166,2577.1666434216595,2595.3037821301805,1040041
2023-08-11,2593.73095703125,2611.818656980212,2586.6039722146966,2597.2207700100184,1320121
2023-08-14,2614.767578125,2618.3557901003232,2571.612555174645,2592.256233943249,1364413
2023-08-16,2645.38916015625,2649.2720898021607,2607.0508998585565,2623.7132496036984,1703875
2023-08-17,2607.493408203125,2645.389354746101,2597.1715681329524,2645.389354746101,1629067
2023-08-18,2597.1220703125,2629.316377311013,2588.0782213842963,2605.035528123971,1898966
2023-08-21,2617.077880859375,2621.354167592683,2578.936177576682,2597.0241168644384,1376318
2023-08-22,2633.34716796875,2640.080795722812,2616.8321761078855,2622.7303703440416,1497180
2023-08-23,2671.48876953125,2679.7461451458007,2636.9350389579504,2643.914664535535,1990672
2023-08-24,2642.538330078125,2719.8539688265487,2635.1166277936177,2700.8813963683565,2619182
2023-08-25,2593.632568359375,2637.180951346529,2586.3582246541696,2632.0200312859306,1408427
2023-08-28,2649.6162109375,2654.1872151421076,2605.0847996616026,2608.5254127182684,1551734
2023-08-29,2672.815673828125,2675.9123696296283,2650.550087817997,2664.017582579011,1101830
2023-08-30,2663.03466796875,2691.1984491335065,2661.0686032452586,2676.7479214154737,1920079
2023-08-31,2656.841552734375,2678.3701057524145,2632.9048583946064,2673.848060826761,2439625
2023-09-01,2656.251953125,2669.8668079126833,2642.686057958969,2664.0178131123052,1263430
2023-09-04,2665.09912109375,2695.4747249489537,2659.102527712225,2686.627433729209,1548282
2023-09-05,2686.578125,2692.525518522466,2673.8479044837923,2674.3394206427047,1066447
2023-09-06,2684.12060546875,2696.2611508702375,2665.983706790542,2693.508612317878,1747425
2023-09-07,2798.10302734375,2807.491033756782,2683.6781642518213,2686.6272611356144,4100519
2023-09-08,2852.36669921875,2879.0067313114264,2823.711162855713,2838.997363557318,3638510
2023-09-11,2845.092041015625,2876.352516225077,2841.0125529607603,2855.7088378789645,1545803
2023-09-12,2894.145751953125,2957.9444579889237,2882.6932806243726,2901.5184948693486,7788759
2023-09-13,2857.42919921875,2893.752195482007,2839.439659743868,2893.5556370174218,2458417
2023-09-14,2869.078369140625,2881.9067495619383,2856.6920652877484,2875.2712810689263,1910041
2023-09-15,2859.19873046875,2885.1506879728545,2850.7937560504242,2883.233822929619,1655275
2023-09-18,2870.30712890625,2880.284811349042,2857.675067096131,2860.624164172598,736631
2023-09-20,2840.96337890625,2894.980956398286,2837.080449277266,2877.2863747995616,1399240
2023-09-21,2850.15478515625,2855.8072208617195,2797.7591157476663,2836.097375315198,2444711
2023-09-22,2868.97998046875,2886.625363563662,2853.0057044082337,2859.3462152141647,1965569
2023-09-25,2853.25146484375,2874.190102404505,2822.285945070252,2868.439267018743,1049532
2023-09-26,2863.130859375,2894.047178139123,2860.6240789350704,2865.539240582725,953456
2023-09-27,2914.740234375,2944.0836072015663,2862.246160778825,2872.4206420090172,2903693
2023-09-28,2958.927490234375,2998.7403019800536,2927.7162118905408,2938.283810069949,4081102
2023-09-29,2972.24755859375,3006.4571329344913,2954.258018294054,2988.418393016862,2698016
2023-10-03,3021.104248046875,3025.232936024404,2944.2803638997502,2988.909937748808,3254492
2023-10-04,2976.376220703125,3012.1095429008956,2939.315948821484,3012.1095429008956,3100946
2023-10-05,3043.517333984375,3062.047349653723,2981.0947801948587,2981.0947801948587,3413447
2023-10-06,3041.207275390625,3062.0967138048354,3021.00591165396,3062.0967138048354,1898118
2023-10-09,3022.529541015625,3032.6548222955257,3003.7045673724283,3022.8244987224443,1181760
2023-10-10,3023.8076171875,3046.417362049435,3020.0228465048326,3021.694193558358,1551789
2023-10-11,3036.2919921875,3057.2306293851666,3032.064905053997,3037.5699822508573,2066921
2023-10-12,3029.4599609375,3052.364662815554,3015.009433314256,3041.502107289892,1870280
2023-10-13,3037.177001953125,3046.4174105227326,3011.5197602892517,3015.69764799326,1437808
2023-10-16,3049.267822265625,3060.4253349682836,3022.5293914694134,3046.3679249546717,818794
2023-10-17,3014.272216796875,3061.3593715184847,3011.0281619626157,3057.1322843100943,1847182
2023-10-18,2993.92333984375,3026.9038822919865,2985.6165247133586,3016.5820428973298,1350839
2023-10-19,3002.573974609375,3017.810976342754,2956.1256951318155,2974.262834354896,1599104
2023-10-20,2961.23779296875,3004.3928200119526,2926.782458804239,2988.369343638926,1667471
2023-10-23,2908.1044921875,2955.879717822381,2898.9622438258616,2952.0459878633646,1614030
2023-10-25,2866.62060546875,2915.182305418815,2860.9189700904612,2908.7925954254843,2108353
2023-10-26,2815.99462890625,2866.669755685704,2808.572686497823,2856.6920731088903,3286109
2023-10-27,2852.66162109375,2861.164995339321,2809.1624374618655,2816.0436642510904,2399538
2023-10-30,2876.697021484375,2882.2510586643284,2807.687953524656,2850.0075472526282,1693052
2023-10-31,2879.350830078125,2901.469057010668,2858.608752377691,2880.235463156178,1556467
2023-11-01,2846.173583984375,2932.532831114658,2822.335049722768,2897.438624551836,3875595
2023-11-02,2868.5869140625,2888.001803770443,2853.939587448508,2885.200065458901,1451606
2023-11-03,2861.85302734375,2898.028667067294,2855.709074944987,2884.217014075247,1136175
2023-11-06,2924.963623046875,2928.453435966839,2877.581510719681,2883.233946858254,1235499
2023-11-07,2911.0537109375,2932.975380077677,2905.941990778791,2919.6060442797034,1112206
2023-11-08,2945.607177734375,2951.8003294140635,2910.75872962952,2924.226224553206,1013438
2023-11-09,2973.525634765625,2977.310165485899,2946.148086577121,2952.0462809446426,1719911
2023-11-10,2981.782958984375,2992.350557042261,2954.258052414998,2969.790011978774,947753
2023-11-13,2996.77392578125,3002.5247606572625,2980.209735752345,2998.24847421119,531769
2023-11-15,3012.945068359375,3018.9416619229605,3003.163944102434,3010.389328150513,1160184
2023-11-16,2999.379150390625,3029.8041945516875,2993.3335972525724,3006.0638185745934,1597607
2023-11-17,3056.24755859375,3062.5880692152014,2993.480847407553,2998.248650276918,1325050
2023-11-20,3036.390380859375,3059.147483838917,3024.004077208596,3042.5835326847646,1231164
2023-11-21,3022.677001953125,3046.4171362996767,3010.4872572798026,3036.0952970188937,1884782
2023-11-22,3030.000732421875,3036.2428439938585,3010.5366434296247,3022.677189239935,1104208
2023-11-23,2993.972412109375,3035.6039285667907,2979.620283648063,3027.739669684493,1514688
2023-11-24,3002.426513671875,3014.9601759619027,2988.025185941801,2998.248626241866,915121
2023-11-28,2998.248779296875,3007.243429635509,2983.5032934970545,3002.180908843494,1210508
2023-11-29,3031.426025390625,3037.4715783759366,2997.2656510469446,2998.2486834021583,1801107
2023-11-30,3056.444091796875,3071.5337341572085,3006.8009588174195,3024.1024239342632,3131624
2023-12-01,3136.511962890625,3143.6881467966937,3068.093057699292,3076.8419493120086,2112908
2023-12-04,3257.326904296875,3290.7500043298023,3194.8551502062915,3229.2612825931287,3095974
2023-12-05,3259.194580078125,3268.582587087281,3223.4122982818967,3262.733592562646,1659309
2023-12-06,3334.74072265625,3343.2930561881835,3264.650467392225,3273.4977586317705,2057233
2023-12-07,3298.663330078125,3352.041792749576,3280.4280326470534,3334.7405680156485,2128823
2023-12-08,3321.125732421875,3371.8011001630207,3308.887027157063,3319.7003834549623,2428891
2023-12-11,3328.350830078125,3347.2250023561032,3302.988548580472,3320.633930475794,1534238
2023-12-12,3285.687255859375,3317.734206714598,3275.46381534016,3317.734206714598,1888423
2023-12-13,3342.113525390625,3352.1404076425965,3289.422893951591,3296.0583625004438,1509107
2023-12-14,3374.848388671875,3381.6312157507286,3342.4083217765915,3367.819563512354,2425646
2023-12-15,3428.816650390625,3439.531606423848,3374.602515234757,3376.8632975183427,2632935
2023-12-18,3432.355712890625,3446.5112821689663,3407.1899897312146,3436.6809590595285,1767429
2023-12-19,3439.5810546875,3465.189095863652,3417.0697094682364,3429.750731011291,1311700
2023-12-20,3360.49609375,3454.9655987325427,3354.6470992579452,3445.528392158476,1876048
2023-12-21,3366.050048828125,3381.582007605103,3276.446748159293,3332.528790453094,2292802
2023-12-22,3418.9375,3436.6812828840852,3350.764346811241,3365.9029498269756,1681707
2023-12-26,3430.832275390625,3448.821816309053,3418.937487352161,3418.937487352161,1072263
2023-12-27,3483.86669921875,3488.781861040447,3444.692763500572,3450.4435988312116,1389266
2023-12-28,3458.35693359375,3499.5458921862173,3441.1046682174024,3484.849606864931,3371121
2023-12-29,3466.172119140625,3479.934572251223,3435.6981158243007,3471.0872809658385,968577
2024-01-01,3465.63134765625,3477.968451638937,3436.730292587616,3477.968451638937,777080
2024-01-02,3379.763671875,3465.6314050038186,3373.7670784461066,3465.2382880568675,1511464
2024-01-03,3381.9755859375,3407.042911934397,3353.7134046664887,3374.7502018567843,1283859
2024-01-04,3400.013916015625,3421.0509521502554,3364.919709377571,3382.6634911645956,1651616
2024-01-05,3462.141357421875,3494.67982251401,3401.291754120527,3406.157716000353,2069018
2024-01-08,3441.69482421875,3499.546136835132,3430.783068603019,3479.9346884970446,1993855
2024-01-09,3495.614013671875,3532.7726863797207,3460.3724461419374,3467.5975902807595,1807271
2024-01-10,3485.341064453125,3498.562801058463,3460.2737404808913,3489.715510244733,1534821
2024-01-11,3445.381103515625,3499.152926241177,3441.154016318223,3485.3412734209137,1105348
2024-01-12,3508.245849609375,3517.928574122562,3434.7641824746715,3445.5775381734243,1782631
2024-01-15,3482.932861328125,3544.5197428637716,3478.0176995136876,3515.4221289211832,1783518
2024-01-16,3512.865966796875,3528.1029676322887,3477.968319722217,3487.798642841839,1791818
2024-01-17,3510.359375,3553.12128286779,3487.5038725189397,3494.6800567814375,2699076
2024-01-18,3534.984375,3555.5788549915437,3465.189077273359,3510.2120074684813,2148898
2024-01-19,3584.1357421875,3593.818706277956,3541.86535356598,3541.86535356598,1913923
2024-01-23,3490.747802734375,3599.2255163150785,3476.198876255316,3575.8784984849062,1742142
2024-01-24,3528.299560546875,3556.5617397917517,3461.944878841512,3509.42538797253,3711521
2024-01-25,3532.4775390625,3556.856789265897,3504.3137583223156,3538.818049700548,2206540
2024-01-29,3645.083984375,3670.4954668349046,3539.0148889195443,3542.848619117449,2072982
2024-01-30,3571.6513671875,3674.4764035995604,3563.3937517215904,3652.898892229969,1454989
2024-01-31,3420.70703125,3477.968669175228,3329.5799747746314,3460.274085782025,9637606
2024-02-01,3340.343994140625,3434.4693435929394,3313.8021201436277,3420.952648501876,6149780
2024-02-02,3318.766357421875,3378.0432551299355,3303.9716728034773,3344.9640731096847,7579802
2024-02-05,3285.048583984375,3350.1252820787877,3262.1438806374467,3318.2259281033166,2954238
2024-02-06,3366.1484375,3369.5890506360884,3280.9195829570976,3289.226158100314,2545192
2024-02-07,3337.10009765625,3388.512741059834,3331.4968608795407,3386.5466762260303,2099940
2024-02-08,3278.904296875,3359.807904650614,3237.9610968272273,3355.089301524322,3471727
2024-02-09,3268.140380859375,3332.479802798737,3252.8049795729025,3279.641811825158,3121873
2024-02-12,3243.564453125,3282.4923903623385,3231.2273490770262,3273.497740318375,1922273
2024-02-13,3265.141845703125,3281.9025947321757,3228.3765329926664,3255.8030386779315,2151493
2024-02-14,3252.85400390625,3260.669062987632,3207.683716009988,3234.2255891152977,2502138
2024-02-15,3244.301513671875,3265.5840667444713,3234.3727915467334,3252.8538465925767,1999189
2024-02-16,3329.28466796875,3340.343781429929,3247.987944124862,3248.8725772025077,2768329
2024-02-19,3283.180908203125,3350.1744713058297,3278.9046211973573,3342.850927811554,1216447
2024-02-20,3299.7939453125,3310.6073015047805,3271.9740809272776,3283.1807940708886,1578162
2024-02-21,3240.4677734375,3299.941231179559,3234.2256619543627,3299.941231179559,2430672
2024-02-22,3306.675048828125,3311.8359686367753,3221.3477933254794,3253.83706031099,2521388
2024-02-23,3330.46435546875,3342.2115438868536,3284.0652771991845,3306.675020932053,2107176
2024-02-26,3411.26953125,3432.404726266313,3335.428683272108,3342.3099095564894,4122419
2024-02-27,3446.95361328125,3452.4094906296773,3393.329152492944,3416.0372949709936,2122286
2024-02-28,3411.31884765625,3453.392680663678,3387.676871398735,3445.528421783715,1666903
2024-02-29,3418.544189453125,3436.681088272327,3378.1414639550185,3425.8677324453834,2119512
2024-03-01,3571.84814453125,3596.2765951174333,3440.613322102484,3442.235229526505,4407803
2024-03-04,3582.6123046875,3617.3625952750995,3560.5924754030525,3607.7288299638517,1307501
2024-03-05,3551.302978515625,3582.61241675893,3529.3813077844134,3569.587237333214,1981370
2024-03-06,3580.400390625,3590.476472250364,3525.20321996433,3556.6110556652293,1500196
2024-03-07,3614.560791015625,3642.2822555903413,3581.4326484565518,3598.635714770417,2344401
2024-03-11,3578.82763671875,3637.21966177612,3569.8327467995337,3637.21966177612,1748541
2024-03-12,3560.198974609375,3609.6947488782403,3551.8431997277125,3577.3038813071857,1470377
2024-03-13,3478.509033203125,3575.0919577898185,3452.311078107708,3573.2240523994465,2503293
2024-03-14,3546.977294921875,3574.3056423875005,3462.2399539298067,3467.204315321638,4528490
2024-03-15,3477.1328125,3541.8655893368423,3464.2552325964903,3536.950427542037,4054210
2024-03-18,3500.77490234375,3511.5882586432494,3466.8602848589567,3477.1329253438525,1354787
2024-03-19,3442.284423828125,3489.273419411317,3421.9357016398912,3480.9176442134026,1447405
2024-03-20,3450.148681640625,3465.139925372857,3428.571168989598,3443.3166546278585,1442811
2024-03-21,3499.59521484375,3534.9843799376754,3465.3364409688484,3465.3364409688484,2504962
2024-03-22,3556.41455078125,3585.4140056521824,3486.0293371969537,3486.0293371969537,3020545
2024-03-26,3607.8271484375,3614.511576464763,3538.9164842314067,3543.831646015062,2320963
2024-03-27,3643.510986328125,3663.958107097126,3607.827104214693,3620.5081254618312,2387693
2024-03-28,3700.035400390625,3748.646542546278,3634.8113473636895,3643.658638595526,4278668
2024-04-01,3772.878173828125,3786.493267927305,3716.697970808546,3716.697970808546,1905190
2024-04-02,3742.79736328125,3794.5049621323606,3707.2608389745246,3784.478079921172,3608162
2024-04-03,3718.270751953125,3735.2280603905624,3706.1794057633247,3735.2280603905624,1684618
2024-04-04,3733.409423828125,3754.93773581746,3667.7428163016702,3740.339609743757,2339529
2024-04-05,3679.58837890625,3725.692498789113,3653.19386507257,3706.1302515889165,1645597
2024-04-08,3743.239990234375,3754.9871793202697,3679.5886428462886,3681.45630839201,1083395
2024-04-09,3721.023193359375,3762.9986265978296,3710.947111797541,3755.1835674348627,1997057
2024-04-10,3689.516845703125,3735.522806157532,3686.469589518029,3735.522806157532,1951581
2024-04-12,3616.82177734375,3737.5873976609155,3601.3390178158124,3686.3221165584205,3437544
2024-04-15,3539.702880859375,3617.411634962523,3525.3505127651024,3564.5244473250796,1719910
2024-04-16,3483.325927734375,3537.0977492045167,3469.56347485363,3519.3050076932896,2291042
2024-04-18,3490.69873046875,3556.266941251657,3479.6396163562536,3501.5120864898577,3273257
2024-04-19,3458.652099609375,3482.785352745265,3413.48156936541,3465.189168992757,2759031
2024-04-22,3551.40087890625,3558.5770629720905,3480.8683086664028,3508.1966556579137,2605754
2024-04-23,3548.89404296875,3571.1106694558407,3527.1199730252715,3571.1106694558407,1434580
2024-04-24,3573.175048828125,3592.933854043625,3539.997708729366,3555.1855097527296,1501234
2024-04-25,3590.3291015625,3603.7965967640926,3550.3197328986516,3554.7433784756945,2420380
2024-04-26,3544.0283203125,3598.783176372282,3524.1711140571897,3590.0342841106994,1973113
2024-04-29,3572.634521484375,3587.9696821621487,3544.0281840690564,3544.913057183897,1396979
2024-04-30,3533.313232421875,3587.035854484185,3523.2371508092306,3577.254730576903,1571996
2024-05-02,3538.4248046875,3572.4867782763663,3515.3727449860767,3529.1351973449114,3748847
2024-05-03,3440.416748046875,3560.5432560635268,3429.2592346107563,3548.7468675840228,4079696
2024-05-06,3404.535888671875,3467.1549995816204,3382.7126191238076,3463.026311828979,2614667
2024-05-07,3369.589111328125,3436.6810686902854,3366.8857723867927,3420.362635808808,3376013
2024-05-08,3427.6865234375,3438.057322967009,3310.6564715126897,3370.818004699296,4116670
2024-05-09,3219.873291015625,3319.700275032287,3211.2225582602136,3256.5404459914744,12120574
2024-05-10,3215.941162109375,3250.0523369591824,3179.716563687459,3225.919084549805,4132191
2024-05-13,3237.961181640625,3258.7522197128437,3170.4758672395483,3211.615866827031,3557067
2024-05-14,3322.108642578125,3327.466120910786,3237.51866046963,3244.006770008901,2870328
2024-05-15,3353.418212890625,3359.4145660646263,3296.254739284734,3332.4795764021014,2718682
2024-05-16,3401.8818359375,3409.647695479342,3321.3713427214498,3370.768718156894,3398714
2024-05-17,3392.19873046875,3416.9710965842637,3354.2535874518694,3416.9710965842637,2676919
2024-05-21,3382.565185546875,3411.417281605587,3375.7331585750126,3399.3259354549778,2100848
2024-05-22,3402.127685546875,3413.7764751730087,3376.7654023130335,3391.510887914321,1409992
2024-05-23,3524.564208984375,3540.5384852034813,3396.3768822776947,3402.1766773364525,4525637
2024-05-24,3564.376953125,3596.915420377188,3521.516886047509,3525.1540577951887,2740360
2024-05-27,3590.0341796875,3632.304571178892,3538.916496953724,3583.0545539303653,2570708
2024-05-28,3596.12890625,3622.7199794020107,3584.1851591586255,3590.0341536601704,1440187
2024-05-29,3573.1259765625,3599.7170492038185,3549.0908839895046,3549.7297590075214,1506146
2024-05-30,3573.027587890625,3582.120637009393,3546.534914403679,3564.5244541734073,2701849
2024-05-31,3607.040771484375,3681.259716412045,3574.6988620799234,3574.6988620799234,6432341
2024-06-03,3831.0244140625,3853.3883999506247,3736.6043491575165,3789.9828135864914,5767666
2024-06-04,3345.455810546875,3831.8602893201314,3263.6675629920055,3786.640798989519,9920882
2024-06-05,3351.1572265625,3383.1057774170854,3121.176860025811,3383.1057774170854,10372458
2024-06-06,3423.45947265625,3478.165128758799,3327.8595734307237,3379.6653320036944,8374602
2024-06-07,3472.561767578125,3487.798768964526,3387.5294695185335,3406.25628373822,5879660
2024-06-10,3483.620849609375,3524.170933573082,3461.3060635247307,3461.3060635247307,3151257
2024-06-11,3537.638671875,3577.254925840936,3490.9446325846884,3509.4256898192198,2548176
2024-06-12,3568.702392578125,3587.03584992884,3517.2897526104916,3553.661949605066,2242274
2024-06-13,3640.807861328125,3652.8500082581154,3573.3227828993117,3603.305271173983,2965500
2024-06-14,3625.2265625,3656.880154547806,3612.6437010653726,3654.9140899485865,1746508
2024-06-18,3626.602783203125,3647.0499034376567,3612.6437722731503,3645.083838799685,1936792
2024-06-19,3529.037109375,3636.2368403818305,3514.340823023802,3627.3895487993927,2936151
2024-06-20,3561.236572265625,3579.9124915512257,3531.6625368886803,3551.8243540135686,2618715
2024-06-21,3502.336181640625,3576.643172764542,3483.5117438892325,3570.7481998456587,4508508
2024-06-24,3498.967529296875,3534.0403306945373,3472.6132209375814,3487.8214811554917,2330559
2024-06-25,3554.648193359375,3558.7597499311096,3495.400706699931,3523.6373620686804,2158039
2024-06-26,3569.658203125,3591.4053337598266,3559.057120958622,3567.7262697674155,2480187
2024-06-27,3531.46435546875,3568.0235395085265,3517.1975102093993,3564.209017285815,5519875
2024-06-28,3515.66162109375,3542.9075160367374,3505.407402127858,3507.289749024576,3141514
2024-07-01,3493.964111328125,3508.676749607373,3481.530027139966,3502.5340870656305,2961120
2024-07-02,3592.990478515625,3600.4211771476025,3502.385541573321,3502.385541573321,5087748
2024-07-03,3580.952880859375,3616.7687518854223,3571.689179714271,3616.6202346651207,1923801
2024-07-04,3540.2822265625,3610.3288997028403,3532.851527674528,3582.686796593475,1851947
2024-07-05,3593.634521484375,3604.3843626954545,3535.0311726490877,3540.2822482724014,1635209
2024-07-08,3598.439697265625,3612.0130585397096,3560.7908237810175,3606.464948630707,1706210
2024-07-09,3632.224853515625,3650.950118291094,3612.4096561300557,3616.2735228663482,2425176
2024-07-10,3616.322998046875,3659.866844585888,3567.7261795760105,3650.999592405431,2231438
2024-07-11,3587.640625,3650.553876095973,3569.707774784106,3626.1810867915146,2942924
2024-07-12,3615.629638671875,3633.809937207494,3579.3181442017562,3596.45833837869,2001185
2024-07-15,3617.858642578125,3640.051565713179,3603.3934525037653,3636.0885264472968,943302
2024-07-16,3602.94775390625,3617.8587379140035,3587.541389977207,3612.4095587798215,2220953
2024-07-18,3622.416015625,3645.2530779167314,3565.397739447795,3606.3657548731135,3240772
2024-07-19,3585.064453125,3625.1406399640023,3576.6429945505733,3617.264147674278,2432533
2024-07-22,3617.7099609375,3628.0140083802585,3534.634893678459,3584.4699200062273,3639057
2024-07-23,3505.35791015625,3679.682056118013,3428.02905604963,3635.6924158520765,6957691
2024-07-24,3486.9296875,3525.0739415258454,3468.6502167398844,3516.2066892915877,3184060
2024-07-25,3585.70849609375,3597.349924596564,3499.413456322879,3506.2991890603626,4691483
2024-07-26,3645.89697265625,3666.8021016568177,3562.8714930705823,3595.4673944643587,2617659
2024-07-29,3740.06884765625,3754.979831776795,3652.535360033135,3666.802205120295,4159919
2024-07-30,3749.67919921875,3759.9336605012822,3704.054901273021,3739.969946119707,1979989
2024-07-31,3779.748779296875,3786.6840981579703,3728.3284404949313,3742.1494918483113,2703636
2024-08-01,3744.378662109375,3803.477389028954,3731.0529908147664,3774.7949404176857,1998663
2024-08-02,3631.828369140625,3714.259541086526,3623.307979478477,3695.881139197811,2512525
2024-08-05,3495.400634765625,3574.5622473988606,3479.0530977833027,3563.7630621462454,2900685
2024-08-06,3543.1552734375,3601.3128273732077,3513.2343747983955,3515.215894468333,2125532
2024-08-07,3604.632080078125,3621.970377721598,3576.9899765889945,3596.458311189059,1613097
2024-08-08,3520.714599609375,3595.2196895455763,3514.6708679657236,3587.5413009561235,2038088
2024-08-09,3558.85888671875,3572.234144389889,3542.6598667853705,3566.7353789703648,848232
2024-08-12,3538.944580078125,3577.6338004034938,3530.0773278420515,3545.9294853625324,1965035
2024-08-13,3518.98095703125,3573.6708535154207,3512.4418451309184,3546.9203370072655,1316218
2024-08-14,3512.441650390625,3545.6321042179725,3503.822088370616,3526.0645978570737,1584372
2024-08-16,3535.3779296875,3547.811772023547,3500.3544730069766,3544.9386652756757,2808865
2024-08-19,3522.200927734375,3566.636362817366,3514.2252623959716,3566.5870183316038,1898535
2024-08-20,3539.687744140625,3546.920339578724,3515.2160236942213,3529.086661893691,1285569
2024-08-21,3562.822021484375,3581.894148674575,3548.8026244189223,3556.827875990509,1714248
2024-08-22,3573.17529296875,3578.7729892012117,3550.8336106374327,3573.7202592470203,1734927
2024-08-23,3565.298828125,3588.532097719208,3553.905090100767,3573.1753203821986,1825180
2024-08-26,3608.248291015625,3614.292023005356,3561.4844733054415,3577.6339076404442,1606911
2024-08-27,3668.486328125,3702.469438244461,3602.4026966702863,3608.9911527032123,3315435
2024-08-28,3654.962646484375,3689.985861796769,3650.950020744061,3670.7652176002025,1278175
2024-08-29,3649.414306640625,3675.7190289308087,3617.809164304788,3656.3992119323852,2165489
2024-08-30,3670.41845703125,3710.3957145547793,3632.5218919894023,3683.992060763176,2592912
2024-09-02,3649.067626953125,3687.5585012212314,3632.4723997991414,3671.7559303082635,1277813
2024-09-03,3656.05224609375,3679.6323781420283,3633.0170803223837,3659.8171817795624,1211993
2024-09-04,3617.066162109375,3646.9870616437684,3597.5482411534276,3616.2735058407375,1930121
2024-09-05,3590.662109375,3634.107024290044,3575.0576421905484,3634.107024290044,2958770
2024-09-06,3541.71875,3590.315568693052,3503.5249096620782,3581.6960064328896,3096557
2024-09-09,3545.236083984375,3560.7909655347785,3521.012053589111,3550.883366854938,1454589
2024-09-10,3562.9208984375,3591.5044165479167,3538.003385239341,3551.8740229860086,1203483
2024-09-11,3504.26806640625,3570.6489775558207,3483.907902743875,3561.7817251150263,1865165
2024-09-12,3588.5322265625,3604.4339707528998,3501.3453585510424,3525.12359528144,3751523
2024-09-13,3579.615234375,3601.164260488384,3566.7849430660444,3588.5320727667454,1752455
2024-09-16,3628.41015625,3636.088544866544,3579.615235041641,3585.708311189913,1045964
2024-09-17,3661.0556640625,3670.7651587432733,3625.883690206795,3634.1070451471865,1289060
2024-09-18,3695.97998046875,3723.2258759487204,3650.1573380706172,3654.9130336586118,2249929
2024-09-19,3649.662109375,3715.7457447730767,3640.051786948083,3715.349537576296,1711564
2024-09-20,3758.84375,3774.6959078186196,3646.243988248508,3665.8114955558667,5401701
2024-09-23,3752.700927734375,3803.328851369825,3714.358571017065,3764.8873219164702,1937874
2024-09-24,3756.565185546875,3796.3936835802774,3740.118475101147,3752.7010769583158,2676546
2024-09-25,3758.79443359375,3777.9654919680165,3743.0907928834763,3752.5525980290936,2113862
2024-09-26,3727.386962890625,3767.810011954277,3701.874897506245,3765.8780786807533,2750597
2024-09-27,3671.4091796875,3703.460357923151,3617.2642500742177,3703.460357923151,4095425
2024-09-30,3641.58740234375,3681.3167270593494,3631.134837585759,3664.820672368274,1837697
2024-10-01,3619.7412109375,3689.5897822721363,3605.7220554306127,3633.116469278175,1674100
2024-10-03,3465.3310546875,3583.578338245253,3453.194246657778,3549.397123794199,5315877
2024-10-04,3461.665283203125,3520.7146662267596,3436.4504937350202,3482.5208261434614,3445879
2024-10-07,3436.302001953125,3480.4897458680553,3397.3155053348632,3472.6132534846006,2304227
2024-10-08,3499.760009765625,3505.803741625895,3436.9459318073277,3460.6745819218163,2249452
2024-10-09,3454.878662109375,3524.826160210482,3448.834930458676,3509.3208657946843,1645791
2024-10-10,3428.3759765625,3522.052127770106,3423.5706944900494,3482.5209061300893,2686116
2024-10-11,3450.370849609375,3464.7864541615186,3415.1492876909674,3437.3422121277545,1280465
2024-10-14,3522.200927734375,3540.8272616859044,3468.947584668747,3477.5671471693995,1974378
2024-10-15,3519.079833984375,3537.012684122755,3487.623208572359,3537.012684122755,1231552
2024-10-16,3499.958251953125,3548.802517781621,3481.0842289239285,3517.19737614145,1961835
2024-10-17,3537.31005859375,3549.892660730696,3489.258204269039,3517.09841185004,2968537
2024-10-18,3544.74072265625,3559.255258044508,3507.5376410412273,3536.9631608978584,2102609
2024-10-21,3552.468505859375,3588.482480170472,3538.300592062359,3546.920154115808,1750549
2024-10-22,3479.449462890625,3558.462561891636,3467.6595172857465,3551.874105562686,1363574
2024-10-23,3423.471435546875,3481.4804722366666,3411.186110352357,3468.699767124874,2125268
2024-10-24,3410.83935546875,3442.4943266909463,3385.1787716967206,3412.1769780415616,1924421
2024-10-25,3295.66357421875,3403.260194141124,3284.4185946906396,3393.3525953226635,3236774
2024-10-28,3309.9306640625,3341.833083904265,3232.403703251498,3285.3597705978486,2991674
2024-10-29,3349.659912109375,3353.1275716175005,3285.3596939840263,3285.3596939840263,2253467
2024-10-30,3376.8564453125,3406.6285854189828,3322.017790636822,3348.7187203265817,1785128
2024-10-31,3588.829345703125,3621.177557084316,3475.93231254891,3497.3821659060313,7637083
2024-11-01,3592.842041015625,3608.248163013316,3586.5506192804,3591.4548321093766,212796
2024-11-04,3541.42138671875,3591.454757579255,3498.273748223489,3591.454757579255,1724189
2024-11-05,3541.768310546875,3551.874012498377,3509.1721668076166,3523.141977250831,1251506
2024-11-06,3611.765380859375,3626.0818120535296,3524.5289292827542,3560.7908358845502,1819732
2024-11-07,3612.85546875,3629.1534203086458,3586.550745704968,3613.64812502655,1581009
2024-11-08,3626.478271484375,3633.116314000204,3587.1944989060057,3606.762005642167,1622142
2024-11-11,3595.319091796875,3627.171925224892,3572.6801317566133,3612.3105270062706,926127
2024-11-12,3558.16552734375,3617.264256361415,3546.920306155537,3616.2734964993606,1116206
2024-11-13,3515.166259765625,3571.540638731014,3502.979865586132,3551.8739595234183,1568694
2024-11-14,3493.6669921875,3532.802007059221,3467.8080628221655,3525.1236180654023,1291765
2024-11-18,3509.419921875,3535.3284372010994,3478.4093319368303,3488.5646204454893,1233217
2024-11-19,3473.5048828125,3573.670801019988,3462.7056971346988,3527.0059150429074,1826460
2024-11-21,3451.31201171875,3497.9273120409725,3420.5488693375355,3497.3823457348035,1510581
2024-11-22,3570.203125,3580.110723515332,3441.008137113958,3467.65948036631,2534018
2024-11-25,3718.32177734375,3726.247856272274,3620.2365506032675,3626.18110979966,4753829
2024-11-26,3668.387451171875,3720.203996884119,3655.9037805332373,3720.203996884119,1141534
2024-11-27,3664.5234375,3685.6266708471194,3650.950075825708,3669.774513123046,971816
2024-11-28,3632.17529296875,3686.1221198575586,3614.2920288241835,3665.811542392949,2124283
2024-11-29,3690.38232421875,3715.349423970889,3601.511214374312,3601.511214374312,2094305
2024-12-02,3669.823974609375,3683.4965085580607,3638.96166095972,3672.5981504936294,1158369
2024-12-03,3752.05712890625,3763.7481434838655,3667.29757557445,3686.61739260098,3252670
2024-12-04,3754.880615234375,3799.5639807052953,3723.3250595085055,3740.118390394391,2510166
2024-12-05,3796.14599609375,3848.1113024577694,3725.2570796192617,3774.795072699305,2765170
2024-12-06,3830.970947265625,3848.0615541590573,3764.8873156546315,3796.591629891723,1856562
2024-12-09,3910.826416015625,3922.418257918458,3831.7637313714667,3831.7637313714667,3332753
2024-12-10,3886.8994140625,3926.8766708182884,3865.251456441381,3918.4552120818294,2349493
2024-12-11,3880.55859375,3911.1729759766104,3865.9448861460396,3886.8993599564724,1237958
2024-12-12,3824.23388671875,3922.4182855950135,3811.403594909171,3893.6862496560757,1899867
2024-12-13,3851.08349609375,3861.981854328129,3759.1409346122255,3823.342220588058,2300361
2024-12-16,3842.01806640625,3878.230144335169,3821.6083173515144,3846.1296229071436,918660
2024-12-17,3772.020751953125,3839.59052354427,3761.9150501295635,3827.354784853903,1690180
2024-12-18,3723.424072265625,3783.7119065193083,3710.395676856457,3772.020891790718,1318341
2024-12-19,3682.010498046875,3727.4366924425294,3665.8114776014195,3667.941514543971,1856838
2024-12-20,3596.309814453125,3690.5805194235677,3573.770027388189,3682.0105432934306,2796593
2024-12-23,3606.861328125,3665.8115407395962,3583.628057412665,3636.0887444633295,1217612
2024-12-24,3606.1181640625,3645.0054881752694,3598.835982411058,3614.2423464556105,627922
2024-12-26,3595.962890625,3631.283382671433,3576.989936171985,3624.1995464681772,1124705
2024-12-27,3574.7607421875,3609.9820616491907,3570.2031500845333,3598.836013241129,1309122
2024-12-30,3545.8798828125,3589.522902163864,3533.0495912548545,3574.562331818288,1591690
2024-12-31,3574.314697265625,3587.1452309068904,3517.19748832877,3529.6315728968502,1267628
2025-01-01,3633.61181640625,3654.9131535712763,3566.6859389363945,3566.7355253067485,1202029
2025-01-02,3679.186767578125,3689.6889189264243,3616.3231023687426,3642.627825225075,1882900
2025-01-03,3626.081787109375,3685.5273766150435,3617.7099149642713,3673.7374314503086,1290107
2025-01-06,3569.90576171875,3658.132972725863,3552.3693611506756,3650.702274020346,1212012
2025-01-07,3609.635498046875,3616.1250235998264,3562.4752312810992,3573.770038977811,1453540
2025-01-08,3563.119384765625,3629.99567654501,3556.8279627850775,3628.1626740164215,1813201
2025-01-09,3495.301513671875,3572.977229611797,3453.7887734755,3566.6362215577715,2921681
2025-01-10,3503.475341796875,3519.377085743505,3460.030667567546,3467.60988365528,1794238
2025-01-13,3432.289306640625,3501.8405979080853,3416.734425780858,3473.158149380393,2137212
2025-01-14,3430.605224609375,3459.683881679932,3416.734586421315,3433.825194188746,2924491
2025-01-15,3469.04638671875,3493.5676926152337,3439.224660840124,3439.224660840124,1155446
2025-01-16,3475.486328125,3510.7078886329764,3451.559574865827,3502.336016404937,2305460
2025-01-17,3535.675048828125,3546.7717526774995,3479.499013600767,3491.437718193442,1600246
2025-01-20,3559.800048828125,3583.7268018318755,3523.6373152399738,3541.86719925381,1593334
2025-01-21,3508.3798828125,3609.635493449755,3495.500004464314,3579.3677309545706,2576596
2025-01-22,3485.691162109375,3549.24854990768,3457.8509562042627,3530.0772505720984,1626055
2025-01-23,3470.87939453125,3495.2025968754374,3428.6235842911324,3459.7333463792547,1993204
2025-01-24,3426.24560546875,3488.5645440837366,3414.2079702539204,3482.0254324332586,1206454
2025-01-27,3425.70068359375,3461.6157279989393,3369.722752313938,3415.3472915835446,1552938
2025-01-28,3382.35498046875,3449.9743407371952,3372.5961410040695,3432.933319566636,1657689
2025-01-29,3417.82421875,3423.0752943512766,3380.4726206444443,3399.2970578637423,1238704
2025-01-30,3389.33984375,3485.295031502735,3363.629674146357,3423.07526485292,2717740
2025-01-31,3534.4365234375,3556.827792366174,3448.884557183705,3468.6997537985585,3995513
2025-02-01,3415.64453125,3595.6655448971665,3370.5649587563453,3544.938689720812,4752505
2025-02-03,3258.80712890625,3388.3985608380526,3239.7845888714714,3388.3985608380526,6077580
2025-02-04,3407.37158203125,3417.1306631376783,3276.6904568460677,3285.359605382587,4742516
2025-02-05,3351.938720703125,3419.0627014329593,3348.2233712162338,3412.8208659180355,2670316
2025-02-06,3321.77001953125,3372.546460811088,3311.8128348643077,3372.546460811088,2874856
2025-02-07,3306.06640625,3338.811067268702,3280.504995940615,3335.8883741239174,1722789
2025-02-10,3297.892578125,3318.054637216108,3263.61243348346,3316.8657738090396,1236663
2025-02-11,3209.715087890625,3329.9438938126723,3201.1451118443156,3329.894307442661,2593537
2025-02-12,3259.2529296875,3269.507390529868,3192.475814889354,3228.8862381020726,1632415
2025-02-13,3233.493408203125,3284.269852407941,3222.892325789994,3259.253165263129,2127644
2025-02-14,3207.733642578125,3255.4388761369437,3191.782553572095,3244.7882073809574,1378340
2025-02-17,3192.079833984375,3209.4674764678302,3165.0320407321565,3183.8564785574367,1966689
2025-02-18,3190.395263671875,3211.0527034889406,3153.5886316585306,3197.1820654609105,2428215
2025-02-19,3245.630126953125,3272.331298674196,3181.9244614956297,3190.395264786494,1677978
2025-02-20,3245.53125,3255.091986048982,3217.740387102775,3229.9267819538545,1236693
2025-02-21,3284.468017578125,3294.177270429151,3240.676239472465,3245.531107782703,1706850
2025-02-24,3227.598388671875,3294.771956412763,3219.9695860296133,3259.302704595859,1512844
2025-02-25,3196.092041015625,3218.929103489593,3176.7722243174926,3203.1265325672966,2529084
2025-02-27,3179.84375,3228.3909828244273,3154.5793737342265,3208.0804058264525,2572065
2025-02-28,3134.61572265625,3170.233491733098,3111.976762791947,3170.233491733098,2494680
2025-03-03,3167.756591796875,3197.1821116617484,3130.801200139797,3136.696173009949,1352460
2025-03-04,3183.311279296875,3191.2373578011934,3138.52898412442,3141.7489535167992,1442098
2025-03-05,3209.715087890625,3215.0157499024463,3158.3939205833267,3183.3114343410048,1945855
2025-03-06,3229.77783203125,3236.2673572122503,3185.292812983288,3220.068579328378,1854837
2025-03-07,3214.718505859375,3258.60921653258,3210.1611555824775,3229.778007525388,930240
2025-03-10,3148.337646484375,3216.3038715283815,3139.7676702104354,3216.0065951851507,1777752
2025-03-11,3165.923583984375,3174.7908364600885,3131.891127518692,3141.006069962357,1274649
2025-03-12,3164.14013671875,3192.1786891920365,3123.9154314498933,3175.3853579070405,1360149
2025-03-13,3157.848876953125,3203.2750703502657,3148.6843484605674,3172.6606881398275,1414376
2025-03-17,3144.126708984375,3210.1114098884045,3129.8102779323476,3160.523832416647,2805790
2025-03-18,3144.126708984375,3144.126708984375,3144.126708984375,3144.126708984375,0
2025-03-19,3288.876953125,3295.8618585393383,3238.29861371843,3244.7385528309187,1616312
2025-03-20,3320.0859375,3327.863257411344,3246.6209474165394,3304.4318830508832,2434722
2025-03-21,3384.385986328125,3423.07520599131,3301.954817009418,3325.980742840182,3042073
2025-03-24,3449.67724609375,3484.502357720259,3414.1584090713714,3417.130688591747,1955564
2025-03-25,3437.54052734375,3492.4285271585327,3403.607001938025,3472.613329841321,4235900
2025-03-26,3412.969482421875,3464.4889931540906,3386.912450732291,3440.9088610189397,2315715
2025-03-27,3469.244873046875,3495.4008369778494,3419.1123266469835,3428.029165516825,3467864
2025-03-28,3460.03076171875,3481.5302026409804,3440.463254176872,3477.46799039738,1348143
2025-04-01,3405.04345703125,3469.244742861873,3398.3062417610176,3447.8442336234234,1935147
2025-04-02,3388.299560546875,3425.7999181355394,3376.5096149247106,3401.2786115130666,1338839
2025-04-03,3388.547119140625,3431.001274401036,3361.648086642424,3368.583405418285,1200631
2025-04-04,3230.025634765625,3372.3484326372195,3207.3869172781106,3368.583496822648,2366979
2025-04-07,3040.146484375,3062.0423729831123,2937.900120111403,3020.8762544006017,4953864
2025-04-08,3131.89111328125,3164.3878434209587,3064.122993226975,3096.0749989474543,2877816
2025-04-09,3025.92919921875,3129.6123660818375,3019.8361226935876,3129.6123660818375,4451381
2025-04-11,3087.158203125,3127.8289446209496,3071.5041486267314,3085.2262697338097,3979116
2025-04-15,3227.499267578125,3241.7661121490983,3146.752342718665,3150.6162092402606,2161492
2025-04-16,3197.87548828125,3246.5218931957247,3194.3088979868703,3239.7846779044826,1578260
2025-04-17,3217.29443359375,3219.870264012315,3133.178779176769,3184.401255724522,3209331
2025-04-21,3250.187744140625,3259.59996287842,3195.2997442551673,3219.4741882594,1643003
2025-04-22,3227.697509765625,3254.646129492851,3217.9880147923227,3249.692330208996,2060322
2025-04-23,3270.498291015625,3284.368929026597,3236.515179511797,3245.134741898812,2381699
2025-04-24,3270.10205078125,3276.442817054013,3249.6923011603153,3276.442817054013,1993448
2025-04-25,3241.865478515625,3304.8776613332107,3200.2535638327017,3279.415180963702,2004819
2025-04-28,3296.55517578125,3319.8380313981165,3224.7250893036817,3229.876991956853,1689485
2025-04-29,3291.6015625,3345.201526303951,3284.3689670763993,3304.1841644644924,1843861
2025-04-30,3310.128662109375,3323.999300023033,3272.777064104542,3293.2857446427906,1930714
2025-05-02,3304.0849609375,3343.7153553444255,3294.2765350756786,3294.2765350756786,1411889
2025-05-05,3299.428466796875,3319.045560576633,3270.2010506664237,3319.045560576633,1947332
2025-05-06,3303.193359375,3322.017796635985,3272.2817002496968,3315.082477645096,1695516
2025-05-07,3290.709716796875,3308.939843432301,3253.7545673632976,3301.211868113193,2422707
2025-05-08,3293.1865234375,3334.897609303595,3269.30935651123,3279.5142312030375,3204333
2025-05-09,3412.07763671875,3444.871883412516,3300.220950142965,3300.220950142965,5637694
2025-05-12,3554.0537109375,3569.5096614618274,3457.7519012063494,3480.539377919171,3147384
2025-05-13,3534.040283203125,3572.67991624067,3512.243567130664,3554.0535832199857,2374439
2025-05-14,3540.084228515625,3583.578490549433,3534.0404964859904,3553.8556941113675,2440116
2025-05-15,3584.767333984375,3614.9855101940984,3510.2622397065293,3560.7909933686897,3720879
2025-05-16,3571.39208984375,3608.3474817321217,3566.7355667862817,3608.3474817321217,1278520
2025-05-19,3566.93359375,3586.45151458307,3553.855611996377,3571.3920131126943,1519244
2025-05-20,3534.8330078125,3600.4212608859257,3523.1419933160023,3596.458221523366,1532347
2025-05-21,3555.837158203125,3577.138495316908,3522.1513227673754,3532.7524049540325,1563885
2025-05-22,3518.58447265625,3558.8094197559362,3504.2184546756093,3551.8741007307995,1597159
2025-05-23,3566.63623046875,3598.043510721428,3518.3862749189907,3537.012608179345,1119217
2025-05-26,3614.9853515625,3638.565483947053,3575.0576819457824,3582.389449835285,1678934
2025-05-27,3606.365966796875,3631.134963821579,3569.7078512003136,3614.985529384525,2013954
2025-05-28,3612.607666015625,3629.153307026433,3586.5506337525767,3626.181027495699,1293244
2025-05-29,3621.5244140625,3634.9986024674436,3584.569024444051,3630.044803373408,1972248
2025-05-30,3641.1416015625,3661.1549020460297,3620.7318520103017,3621.52450826291,2571304
2025-06-02,3645.60009765625,3663.1364988977325,3572.2838676131,3641.1416782617343,1954517
2025-06-03,3644.800048828125,3669.199951171875,3615.300048828125,3655.0,2472483
2025-06-04,3626.5,3661.699951171875,3615.300048828125,3645.0,1086783
2025-06-05,3642.60009765625,3677.39990234375,3612.0,3629.89990234375,1466416
2025-06-06,3656.300048828125,3667.0,3623.0,3645.0,1172711
2025-06-09,3678.89990234375,3708.89990234375,3662.199951171875,3664.0,898170
2025-06-10,3679.800048828125,3704.0,3667.199951171875,3704.0,1454535
2025-06-11,3684.800048828125,3692.0,3656.10009765625,3689.89990234375,1265737
2025-06-12,3603.89990234375,3708.0,3585.0,3684.800048828125,2335718
2025-06-13,3587.39990234375,3596.0,3485.89990234375,3501.199951171875,1981445
2025-06-16,3628.699951171875,3653.699951171875,3561.800048828125,3575.5,1322630
2025-06-17,3622.300048828125,3627.60009765625,3602.0,3622.0,930603
2025-06-18,3601.5,3639.10009765625,3587.199951171875,3622.0,743311
2025-06-19,3621.10009765625,3643.0,3591.10009765625,3607.0,1580819
2025-06-20,3662.0,3669.89990234375,3614.0,3614.0,2575277
2025-06-23,3583.699951171875,3660.0,3574.60009765625,3645.0,1867977
2025-06-24,3604.800048828125,3684.0,3597.0,3637.10009765625,2751637
2025-06-25,3619.800048828125,3642.0,3608.89990234375,3640.0,1405262
2025-06-26,3659.60009765625,3669.0,3620.10009765625,3620.10009765625,2578926
2025-06-27,3679.199951171875,3731.39990234375,3665.0,3665.0,2720600
2025-06-30,3669.800048828125,3717.5,3652.699951171875,3682.0,1508882
2025-07-01,3666.699951171875,3678.89990234375,3645.0,3669.800048828125,1054380
2025-07-02,3596.800048828125,3674.199951171875,3583.89990234375,3666.60009765625,1330176
2025-07-03,3582.89990234375,3625.0,3576.0,3605.0,1229034
2025-07-04,3594.60009765625,3600.0,3570.10009765625,3590.0,696402
2025-07-07,3581.39990234375,3609.800048828125,3575.10009765625,3599.89990234375,719539
2025-07-08,3606.39990234375,3614.0,3560.0,3580.0,1513912
2025-07-09,3579.699951171875,3605.10009765625,3568.199951171875,3605.0,1008876
2025-07-10,3574.699951171875,3589.89990234375,3569.0,3575.0,1063910
2025-07-11,3540.60009765625,3586.60009765625,3535.5,3575.0,1439747
2025-07-14,3495.89990234375,3548.699951171875,3488.0,3540.60009765625,1358844
2025-07-15,3494.0,3521.0,3481.699951171875,3519.0,1585193
2025-07-16,3503.800048828125,3516.0,3477.0,3504.0,1266964
2025-07-17,3474.0,3515.0,3467.5,3515.0,2217275
2025-07-18,3464.800048828125,3499.0,3450.0,3489.0,1818696
2025-07-21,3502.800048828125,3508.10009765625,3444.89990234375,3467.60009765625,1521623
2025-07-22,3464.60009765625,3507.60009765625,3454.10009765625,3502.0,2586522
2025-07-23,3484.89990234375,3490.0,3458.60009765625,3476.199951171875,1192261
2025-07-24,3477.5,3493.39990234375,3461.0,3484.89990234375,1083671
2025-07-25,3442.89990234375,3477.0,3437.39990234375,3470.0,1338744
2025-07-28,3422.199951171875,3446.10009765625,3405.10009765625,3430.10009765625,2256080
2025-07-29,3495.60009765625,3504.300048828125,3406.5,3418.0,1241060
2025-07-30,3665.10009765625,3685.300048828125,3590.0,3622.0,8760659
2025-07-31,3636.5,3662.89990234375,3621.0,3625.0,1927627
2025-08-01,3587.300048828125,3636.0,3578.10009765625,3636.0,1205945
2025-08-04,3631.10009765625,3636.800048828125,3577.0,3595.199951171875,1033049
2025-08-05,3652.60009765625,3657.699951171875,3608.300048828125,3630.0,1158433
2025-08-06,3628.39990234375,3671.0,3622.199951171875,3650.0,931383
2025-08-07,3641.60009765625,3649.0,3599.199951171875,3610.300048828125,1211790
2025-08-08,3607.60009765625,3662.300048828125,3600.0,3641.60009765625,1337067
2025-08-11,3668.39990234375,3676.89990234375,3600.0,3610.0,1822410
2025-08-12,3686.10009765625,3727.89990234375,3673.10009765625,3680.0,2280103
2025-08-13,3693.699951171875,3716.0,3681.300048828125,3696.0,1227196
2025-08-14,3677.0,3708.5,3641.699951171875,3700.0,1769702
2025-08-18,3635.10009765625,3701.5,3621.699951171875,3699.0,1950151
2025-08-19,3613.0,3654.0,3608.199951171875,3648.89990234375,1352944
2025-08-20,3592.300048828125,3619.89990234375,3580.0,3613.5,1325096
2025-08-21,3612.60009765625,3648.0,3588.0,3599.0,1624009
2025-08-22,3595.800048828125,3634.5,3582.0,3610.0,1060447
2025-08-25,3603.10009765625,3617.89990234375,3584.300048828125,3616.0,980393
2025-08-26,3541.300048828125,3600.0,3531.0,3599.0,1787363
2025-08-27,3541.300048828125,3541.300048828125,3541.300048828125,3541.300048828125,0
2025-08-28,3560.10009765625,3576.89990234375,3537.199951171875,3540.0,1695226
2025-08-29,3601.0,3615.0,3540.199951171875,3575.60009765625,1678055
