Date,Close,High,Low,Open,Volume
2020-09-01,738.7057495117188,741.3533096668251,717.8629845972446,729.4975514376154,3538940
2020-09-02,729.3858032226562,741.5836201350162,728.3573440071468,738.4366674388289,2123840
2020-09-03,747.6836547851562,749.77475679098,726.1339467021377,732.0059571057114,2677740
2020-09-04,740.3340454101562,749.0588299908185,736.5668322661601,736.7948715331155,1978640
2020-09-07,748.1283569335938,753.2136433473559,728.4531237471524,740.7170813027161,2096160
2020-09-08,735.4949340820312,746.5821724103477,734.2863150374591,746.5821724103477,2108280
2020-09-09,743.97802734375,745.6883216594828,729.7255747126437,729.7255747126437,2716000
2020-09-10,748.912841796875,750.2491763764309,738.9042230254499,741.6406941854856,1544160
2020-09-11,744.5640869140625,747.9686971328188,739.0295701798622,747.9686971328188,1624560
2020-09-14,733.524658203125,747.9686832446341,731.5521411097562,747.9686832446341,2058520
2020-09-15,731.59326171875,737.2919606112079,730.2729054927852,733.8303402257376,1899680
2020-09-16,738.7468872070312,739.9874074343983,732.0060332401905,732.7585739418026,2485240
2020-09-17,735.2601318359375,743.3532427542273,733.8303212557954,740.6714988933572,2013620
2020-09-18,733.6957397460938,741.1275589101076,726.3050077319054,741.1275589101076,3947020
2020-09-21,703.76318359375,731.9830357479135,691.1640172784569,730.8656658916673,5543300
2020-09-22,693.2051391601562,703.7291283203758,688.6785377600568,703.7291283203758,2142400
2020-09-23,700.8124389648438,702.3129549263219,690.046715734547,693.2415476004354,2628600
2020-09-24,695.92333984375,704.107643952432,692.0991172035313,699.9892974483571,2225500
2020-09-25,717.7216186523438,721.9722456591264,697.8456825374313,706.693616329006,3565380
2020-09-28,716.9462280273438,723.8216444019209,712.4014216391835,721.5161432278845,1088220
2020-09-29,712.4332885742188,722.9322234131076,710.3421866941219,720.6039518309551,963580
2020-09-30,726.0154418945312,731.0368709442878,711.712825929927,712.8484570113396,2070000
2020-10-01,729.7484741210938,732.0060405749027,720.4946229327755,726.0314229672454,1252760
2020-10-05,731.2374267578125,736.1106519421279,717.5186063973375,729.6343599256005,1421620
2020-10-06,724.1090698242188,735.5634776860433,722.1570403482182,731.2307316378925,1505560
2020-10-07,734.9429931640625,735.4241804006086,723.096367165806,727.7278569504026,1992940
2020-10-08,743.61767578125,744.7761328972185,732.0994119276545,734.2863282085253,1571520
2020-10-09,731.2808227539062,745.6883265760116,729.041461793122,741.127541703987,1484920
2020-10-12,725.26513671875,736.5485143207939,723.3404988162353,734.2863827831897,1163320
2020-10-13,714.8118286132812,728.7792321539433,713.8540192601502,724.2526309411043,1524700
2020-10-14,714.8141479492188,721.516197104171,709.2020774317231,714.8574620456505,1331900
2020-10-15,711.6077880859375,720.0566521908279,709.7401602647323,716.0431397115252,1004880
2020-10-16,703.7405395507812,721.534448933229,701.220694700138,713.7628534671322,2647220
2020-10-19,733.9739379882812,737.843813019234,703.5033626240798,709.2020612040437,3655880
2020-10-20,741.243896484375,748.4248505474163,722.8844534537811,725.1648460514272,4066880
2020-10-21,731.132568359375,744.0669476555266,727.0825891410449,740.6714677937254,3001820
2020-10-22,725.5957641601562,733.4243692067639,719.146863345393,729.2717834895171,2271600
2020-10-23,723.5891723632812,732.7357966227197,720.934763991247,726.5331393984924,1471900
2020-10-26,741.553955078125,746.8284757268578,732.1039671068851,738.8471027038228,6920120
2020-10-27,785.8164672851562,789.015864886328,747.7658663193557,751.6174250477853,9871340
2020-10-28,780.767578125,788.7877000640616,772.3369744353921,782.1745623647677,3265240
2020-10-29,781.7615356445312,797.7645616105885,774.40526856018,777.5655423493627,2731220
2020-10-30,795.2461547851562,804.4397359287784,782.660549529785,782.7068769110931,4786320
2020-11-02,793.08447265625,804.4397725141929,784.9775199533657,797.0719084458642,1695280
2020-11-03,782.7764282226562,800.2669669002431,776.6365509552594,798.8327978237619,2094860
2020-11-04,787.6234130859375,797.0255523834202,779.6485417936653,787.7578134022176,1958180
2020-11-05,798.0125122070312,806.2469067579036,788.721581911502,792.3916266512538,2034940
2020-11-06,788.0660400390625,800.7257475014854,783.2676768897924,798.8791571656539,2380060
2020-11-09,803.1422119140625,804.9031048907432,787.8504430819413,794.6159375754495,2228640
2020-11-10,769.4424438476562,803.1422488831756,768.4276535663913,803.1422488831756,5793320
2020-11-11,773.7449951171875,779.7898982198711,763.4299971254524,772.4660426149493,4966220
2020-11-12,774.718017578125,783.1238627508118,766.1453599089592,778.4436663635051,2956620
2020-11-13,779.6787719726562,782.6606946660851,771.5394059319311,775.0148086613543,1485460
2020-11-14,780.2577514648438,783.077499091734,776.2193506478447,783.077499091734,208940
2020-11-17,786.9631958007812,790.8092739059184,780.9484416779239,785.4409536892794,2390080
2020-11-18,781.8543090820312,786.3398633066546,772.5518382195102,785.4409197300484,2892660
2020-11-19,784.7064208984375,797.0255447196948,777.8436330972664,780.3436147139338,3604440
2020-11-20,809.0921630859375,810.9271572951069,783.8259784861991,790.074744678947,5080200
2020-11-23,824.1986083984375,827.0947769654696,809.0922044659568,809.1199782699882,4052900
2020-11-24,819.1569213867188,832.7619554861913,815.5610341201078,822.5118383881769,4289940
2020-11-25,811.8631591796875,824.3190018296843,803.5129178456675,824.3190018296843,2130160
2020-11-26,822.138671875,826.6358778087783,800.7325395506668,815.5145925372412,2907520
2020-11-27,828.9505615234375,837.2892069688884,785.429241201816,827.145660401615,22134920
2020-12-01,807.1343383789062,837.2429516484319,803.1214479939055,837.2383132535238,4701720
2020-12-02,800.1047973632812,808.6009792881246,794.708647090962,807.1343414389413,3239040
2020-12-03,810.5633544921875,812.7829959922406,802.4007982296837,808.6101944168732,2545500
2020-12-04,826.1586303710938,828.4199607884715,811.8538785072869,813.2440392581556,2494000
2020-12-07,813.8255615234375,829.4625501859599,808.6031821150374,817.9242050741269,2520600
2020-12-08,811.8283081054688,821.5571134545021,805.6560197108989,818.9899885866009,2373980
2020-12-09,814.1314086914062,817.4932828936209,810.053581369251,812.9474302799756,1790060
2020-12-10,850.4400024414062,852.8171792702294,813.8092489266976,815.8852129866098,6089220
2020-12-11,852.6829223632812,855.412278186125,843.3642179299824,847.998087259268,3258820
2020-12-14,861.519775390625,865.5604960225909,847.9981192881108,850.5328323311769,2614260
2020-12-15,842.8961791992188,859.5827469138993,840.1598658279978,855.4261797674144,2715100
2020-12-16,849.084716796875,868.1531004170137,845.6881109391693,852.5393025870361,4432140
2020-12-17,848.2460327148438,852.4072384083952,840.4356548487297,849.7589978701565,1962080
2020-12-18,850.9058837890625,861.8534004939369,841.4180472913293,852.4002953911731,4995800
2020-12-21,843.0213623046875,858.4243402737285,838.7767219281244,846.2720286051439,2844440
2020-12-22,859.7471923828125,864.911648431338,834.0964195962541,843.364157591768,2655480
2020-12-23,868.048828125,871.7234547383476,857.9585665887853,859.8167526706251,2056900
2020-12-24,860.3403930664062,872.5575848903919,851.3622713418968,862.465004028935,2508740
2020-12-28,861.7769165039062,873.2063736449254,858.1926252591984,873.2063736449254,1307140
2020-12-29,846.2673950195312,866.5336169685999,842.2243550984376,862.8265212810336,3974280
2020-12-30,851.6704711914062,855.7830303170589,844.7543984298381,852.6087844998394,1873080
2020-12-31,852.18017578125,854.9489014252827,846.0287028602763,846.9809879077212,1708840
2021-01-01,854.9813842773438,858.1926809150732,848.2785074972796,852.1547350324128,1005720
2021-01-04,851.6102905273438,863.2899389294755,849.3767336193456,857.0342147343343,1240700
2021-01-05,859.965087890625,862.8265250131586,846.9810327040269,850.013864174429,1673460
2021-01-06,857.9724731445312,861.8996659544731,854.0220883624162,857.7315028970721,1154120
2021-01-07,839.9954223632812,862.5948131143651,836.418088661476,861.853405302633,2412100
2021-01-08,848.2877807617188,850.315098776513,834.0965546581598,844.6293315450663,3032700
2021-01-11,852.2356567382812,859.3903228818515,842.8127028084522,850.3149091056077,2291100
2021-01-12,834.0547485351562,854.4831423496652,831.7795029699496,853.0953008176475,2831320
2021-01-13,834.9908447265625,846.8396237663188,832.474628780406,835.9477115958201,2187740
2021-01-14,840.2410278320312,844.726581843733,836.3671197070925,836.3671197070925,1169760
2021-01-15,826.4042358398438,845.6347928196898,824.8287090150848,839.1960225827795,1928020
2021-01-18,816.9835815429688,837.5255606475823,813.5568826615681,827.1433627557382,2413480
2021-01-19,822.7296142578125,825.7787365898696,818.8047403684517,821.5850620674956,1256980
2021-01-20,819.3283081054688,831.3161253313106,816.6291019524881,823.2995090772195,1476620
2021-01-21,820.9501953125,829.4626110188158,818.1258655284233,823.438580882925,1419540
2021-01-22,815.0791015625,828.6424468074551,813.2441073188336,824.0873733962428,1965000
2021-01-25,806.9998779296875,820.1948085219905,798.408666749542,817.9705287878209,2328720
2021-01-27,812.692626953125,815.4543948464616,803.5245010645438,809.6736544347884,1328040
2021-01-28,805.720947265625,811.8538662309078,797.1645238118338,809.5369316811621,1781100
2021-01-29,790.5382080078125,809.4374623067266,785.9645806613955,805.6006044388464,2257760
2021-02-01,791.8217163085938,800.5333569048693,787.7578037645293,797.0255426323473,1688120
2021-02-02,796.5760498046875,803.9763255191235,790.283219077771,794.7109060937119,2605960
2021-02-03,795.4685668945312,801.1496953286554,790.1210634828542,797.0278594290819,2246500
2021-02-04,791.1868896484375,798.2743568457336,790.1882771955175,797.0209155098179,1842000
2021-02-05,793.121337890625,795.5054723226605,787.8966963256509,793.8303333582897,1961940
2021-02-08,797.868896484375,800.9597078166624,792.4449725770702,796.0987832173911,2432140
2021-02-09,802.5374755859375,811.3904733852262,794.7085447490936,797.535193565948,2420240
2021-02-10,795.9759521484375,807.9985578862388,791.7660999336746,803.5222242436604,2331520
2021-02-11,806.8609008789062,808.4920319331458,794.7085898774652,796.5574992143661,1307320
2021-02-12,801.3952026367188,811.8074923307903,798.8789869709464,806.7612023827378,1090560
2021-02-15,809.993408203125,811.2399484777403,799.7155176183333,803.930008234138,2202380
2021-02-16,797.8247680664062,817.6924806313622,794.2034267352961,813.475671318487,4595480
2021-02-17,775.7653198242188,783.1239064862596,757.6376255059375,783.1239064862596,11986860
2021-02-18,758.31884765625,783.1239652924571,755.3207475897664,776.4511817306532,5021320
2021-02-19,758.8609619140625,762.9526480510536,751.286916287867,761.3447090155921,2605500
2021-02-22,745.8815307617188,765.9786203096309,742.5590260014103,760.4666235467132,4298300
2021-02-23,749.2943725585938,753.2354807973443,741.5164068307951,747.4894713532193,2859960
2021-02-24,757.4591064453125,758.9350207436709,746.0528434295693,754.5328455805771,1686840
2021-02-25,746.6971435546875,758.7173745204656,746.0530288723,755.5987892329114,3714260
2021-02-26,746.1271362304688,754.5978065613607,741.5998367453085,743.7592357388363,4537460
2021-03-01,754.9707641601562,758.4531233933037,746.0528858094933,752.354936140442,1814360
2021-03-02,768.1171264648438,770.1490826914317,754.8457179150463,755.4133555948473,2461940
2021-03-03,773.8214721679688,774.7829774592534,766.7501828125452,774.0878970368916,1857460
2021-03-04,772.0859985351562,774.2245245218295,762.0397458024914,771.8427091030904,2599620
2021-03-05,777.6975708007812,780.3434917364389,762.5494245547085,765.3297457841733,2054820
2021-03-08,780.92041015625,783.1238170045954,769.5465589710437,775.0168659071701,1836840
2021-03-09,783.6243286132812,785.4385064975747,772.002605078188,783.596554812421,1854340
2021-03-10,784.5813598632812,787.7578685710216,777.7950484685057,785.4270184782239,1275760
2021-03-12,774.896484375,788.2142203877356,771.5392482869775,786.6919784648569,1698280
2021-03-15,780.0215454101562,782.190164522115,770.612449096731,782.190164522115,1379660
2021-03-16,775.800048828125,788.6845471802599,773.6244721019059,780.1118890587353,1689400
2021-03-17,762.5379028320312,778.026633149241,757.1765410946895,778.026633149241,3143460
2021-03-18,750.7446899414062,770.378390333087,749.7599927938865,763.1009195429815,1927300
2021-03-19,762.3108520507812,768.9905925936755,744.6627793299406,750.6868092809607,3988320
2021-03-22,768.6686401367188,772.6977649124865,757.6840159182699,762.3178855729175,2175720
2021-03-23,772.991943359375,776.173090035961,764.8849914666756,768.063818946033,2007160
2021-03-24,762.1835327148438,777.0906550137013,760.846656810181,769.2223534846081,1511100
2021-03-25,749.3012084960938,768.5039332709459,746.7942696865854,761.1129353078153,2174080
2021-03-26,767.9132080078125,770.0771886269468,753.1890779591588,755.2743190074589,2531560
2021-03-30,795.4037475585938,799.5070301973365,769.6857702853622,769.6857702853622,2978040
2021-03-31,795.4129028320312,801.6130219117091,785.5126460870251,801.6130219117091,2206620
2021-04-01,791.61083984375,796.4949563330568,786.2564353843225,795.412965920203,1663520
2021-04-05,782.2225952148438,794.7085302960608,774.9636213545582,794.7085302960608,1631140
2021-04-06,791.5435791015625,793.3183304701834,778.4899504613949,783.5872060894159,1283860
2021-04-07,806.7496948242188,827.8847661045031,788.9162554500026,792.3916574563904,3569300
2021-04-08,819.7268676757812,822.9288873055799,802.9036363068972,807.4540712198789,2360120
2021-04-09,815.208740234375,827.0992635592838,810.9270499359757,816.0752714479611,1478880
2021-04-12,811.005859375,816.487705958817,803.5638387173524,805.1416846647576,1150640
2021-04-13,795.5820922851562,815.5586965127513,789.6159854230725,814.9585900608034,2210540
2021-04-15,781.9954833984375,806.2932025474713,777.3315214214846,802.817800812353,2366280
2021-04-16,799.4397583007812,803.2812541038936,781.4001365468383,786.3213035478834,1883800
2021-04-19,791.926025390625,798.8791492510011,785.4409269028114,797.0742479230191,1018760
2021-04-20,792.1900024414062,807.2199837683712,782.6627971447771,807.2199837683712,2073740
2021-04-22,778.047607421875,796.5622137304406,766.963370564628,796.5622137304406,4088620
2021-04-23,770.4132080078125,778.4576551482768,769.4540219209233,777.7949869281962,1372000
2021-04-26,781.7615356445312,782.8921725361561,772.1717120111159,778.4459887781269,3047240
2021-04-27,777.51708984375,784.5142225116452,776.173256176613,783.0777340671049,893020
2021-04-28,770.7886352539062,779.9312512974154,769.7320993661846,777.3316571335852,1737520
2021-04-29,768.8667602539062,778.7463157255479,767.8161357786132,777.087713355983,1604140
2021-04-30,759.8606567382812,771.9719270114599,757.3330843226523,768.7478247507698,1955660
2021-05-03,769.0623779296875,772.2398440906637,758.1554604437612,762.2251582382622,1280960
2021-05-04,770.9190673828125,774.3388149369512,763.1570269956234,769.225487867651,2115920
2021-05-05,771.04248046875,773.8728475742608,766.7654218858675,771.5922198177406,706440
2021-05-06,778.885986328125,781.3180112634968,769.9149298473536,769.9149298473536,1406380
2021-05-07,780.9244995117188,782.636733699337,776.4354725925427,782.1917552802869,753320
2021-05-10,782.1334838867188,785.0547352356969,776.6683938503897,784.1229195262183,953160
2021-05-11,785.9911499023438,789.6671693985963,778.5482839099853,780.3490130705075,1201260
2021-05-12,778.8999633789062,785.3993539740339,774.3387081440471,781.3389837124092,1211520
2021-05-14,802.486572265625,804.1568334681783,773.6398736812921,778.8580181015546,1931640
2021-05-17,793.8114013671875,806.0204948039006,792.0712425572732,802.2932324001831,1214060
2021-05-18,800.4575805664062,803.642042173514,794.0000484226316,797.6434792605108,1108780
2021-05-19,812.9788208007812,813.7079391784594,800.7556801226367,800.7556801226367,1768740
2021-05-20,805.3380126953125,815.322385715468,802.3864478968629,813.4750770807022,985060
2021-05-21,815.20361328125,817.6682840292168,805.100431038286,809.9971271352598,1345200
2021-05-24,808.8299560546875,819.441017894114,806.0554386230409,810.6819282407876,1144120
2021-05-25,816.0888061523438,827.396398270561,811.706929367613,815.198906273691,1439040
2021-05-26,817.2626953125,820.8059143546398,809.1885351559115,816.0885987811046,916060
2021-05-27,826.8326416015625,833.9749879231099,812.3242654337657,817.6682144162334,2393260
2021-05-28,815.7765502929688,829.9844628042447,815.3386242740715,827.9181344771572,1063240
2021-05-31,824.449462890625,826.76501089699,811.390054227326,815.7579396448442,1140460
2021-06-01,827.38232421875,829.7817606734452,814.3672198881948,819.9511178369117,1155020
2021-06-02,822.4903564453125,829.9308906610137,815.8092542491048,816.0934511937171,1485240
2021-06-03,829.2879638671875,831.8761069128886,818.1341576054976,822.3273281171432,1007980
2021-06-04,811.92822265625,824.9549864280514,809.7477491474348,824.2398020368739,4036440
2021-06-07,816.8551025390625,819.5317403142105,808.513010543585,814.1528148130701,988720
2021-06-08,814.5281372070312,820.6012625141955,810.8381262216298,816.7388678834009,948940
2021-06-09,818.001220703125,821.1904025199366,812.5431272608141,813.4749427737279,837560
2021-06-10,817.9524536132812,823.4921046384717,814.8728096252826,816.5034870602102,841060
2021-06-11,817.03466796875,820.4171635885801,809.0490004085391,820.4171635885801,979940
2021-06-14,818.949462890625,821.395478922584,811.4996014688826,813.5402799762003,730460
2021-06-15,823.9486083984375,825.1227051418792,815.851128644465,822.1408838784657,943920
2021-06-16,837.0126953125,841.8255024428372,820.6057679550814,822.3365995185754,2339240
2021-06-17,841.3851318359375,847.4535915312179,833.9748555729515,834.6737171837668,1515740
2021-06-18,823.2893676757812,843.2442358364127,819.9977562546475,841.3829363862184,2953400
2021-06-21,822.2876586914062,825.1250211848187,815.9443287320913,821.4606609961887,803600
2021-06-22,812.3825073242188,826.8908835529799,811.1455084219276,823.259111649366,1410640
2021-06-23,811.369140625,818.1341312657522,809.2818826928312,815.336352533949,741680
2021-06-24,820.9178466796875,823.2590446414425,807.0640857102735,811.3807281030645,1300900
2021-06-25,815.6508178710938,822.3272560819871,812.3102385149826,818.6116528010211,780000
2021-06-28,815.6251220703125,820.9294865545995,813.172110848948,815.6670378448168,809000
2021-06-29,819.962890625,826.9864286712094,814.8565019463684,819.5319031169901,1421920
2021-06-30,821.5352172851562,826.7533617102554,818.832929391814,821.8613299841592,1031340
2021-07-01,822.1502075195312,825.8215632038065,818.576674272276,821.3954391697099,534000
2021-07-02,820.0908813476562,823.7249849128524,814.68636227836,823.6784055078648,614460
2021-07-05,821.9242553710938,825.2158666550532,816.4241888074428,820.2353396082826,686440
2021-07-06,813.9456176757812,821.7612326590419,811.4716198750679,821.6540829611903,1251020
2021-07-07,825.446533203125,829.3159226869739,808.8276376009127,810.6796098176037,1090380
2021-07-08,820.8782348632812,824.649744552765,817.1137206150589,820.7431034125739,597360
2021-07-09,821.6749267578125,823.7249323079409,817.6681313350883,817.9034170324355,538820
2021-07-12,821.9266357421875,827.2356644982771,818.6746082292981,827.2333326842157,666020
2021-07-13,824.2794189453125,826.1943501113878,820.0489964645823,826.0545550176482,500080
2021-07-14,817.1883544921875,824.2794581154269,816.2705297037511,824.2794581154269,1017220
2021-07-15,821.0157470703125,822.690671927454,813.0090943915898,816.5034028202069,556780
2021-07-16,822.52294921875,825.3556481010205,817.1067711723631,822.5602013674015,733700
2021-07-19,827.1005249023438,831.4125040475336,817.6682233698075,817.6682233698075,1028040
2021-07-20,831.9296264648438,834.3010812608796,824.7033918802282,826.9840196788956,891880
2021-07-22,838.3917236328125,840.7981555182688,824.6567713654255,831.9295849931549,2266340
2021-07-23,845.3408203125,849.0704146518796,833.1479923019491,835.3890361946084,1504620
2021-07-26,843.3560180664062,847.3814682735072,839.1371979232488,841.9816128091294,1069900
2021-07-27,849.1681518554688,859.5532542238387,837.3527376609096,839.1930505986736,2783140
2021-07-28,839.6846313476562,854.195338307859,834.0215086116868,854.195338307859,1752740
2021-07-29,834.662109375,847.9521398648916,828.3840135603172,836.3044456359781,2710720
2021-07-30,824.7802734375,836.5816974661469,822.5625477729407,834.6621596166176,1667400
2021-08-02,825.33935546875,834.0122247258519,823.4920469429068,829.1201927638149,639480
2021-08-03,851.8705444335938,856.3385845623028,822.5136877546208,823.2684561581302,1262560
2021-08-04,841.3060913085938,854.9385593325638,839.4308008674789,852.3364822312418,816440
2021-08-05,848.3599243164062,851.8705557581039,838.7272571321865,845.6227158010722,759280
2021-08-06,839.5961303710938,848.3249632405785,837.702242422633,847.9522142431548,767480
2021-08-09,848.059326171875,849.582853742565,839.5960929801756,841.8953752195312,612720
2021-08-10,851.3672485351562,855.9051857911637,842.5988890844676,848.418072743575,1229340
2021-08-11,846.4519653320312,853.3101143266083,839.8151111622091,853.3101143266083,699700
2021-08-12,844.8702392578125,850.1862632987184,842.3613211490887,847.0576514031546,489880
2021-08-13,851.1925659179688,852.1476996592172,844.7700678314962,847.9382067535067,822460
2021-08-16,852.3900146484375,861.8828864685561,846.8876160021279,851.1925997034319,899420
2021-08-17,872.7640991210938,875.7878361272379,852.6764893122663,854.9407943460402,1504020
2021-08-18,881.0781860351562,883.7804738921567,873.5794140112157,873.6236616004052,799760
2021-08-20,911.83984375,915.0942030533479,864.5036205331461,864.5036205331461,2862140
2021-08-23,932.79638671875,936.241784220758,911.2062338049216,917.8384249389863,2974840
2021-08-24,921.5586547851562,941.0871988842104,916.2077104002412,936.4747001802618,1661680
2021-08-25,927.6154174804688,946.9575862703646,921.8451449325764,921.8451449325764,2003180
2021-08-26,934.2709350585938,937.3924945419683,922.7560398065906,930.6484905704806,1264080
2021-08-27,929.8285522460938,936.4747342370305,926.9702031715638,936.4747342370305,702080
2021-08-30,919.8067626953125,937.5229171560413,917.1045317333168,934.1450857984161,2679160
2021-08-31,907.0177001953125,924.3587754634453,901.5316242852309,919.9349830238699,4547400
2021-09-01,923.7483520507812,926.690532248305,910.9474908790143,920.0187581666667,2096860
2021-09-02,943.0252685546875,945.3268255423344,920.6802941719757,925.9450745007903,1571540
2021-09-03,944.2390747070312,947.7962854041713,936.5236140353013,943.4633199999518,939560
2021-09-06,942.214599609375,948.0291764959375,939.2700874547929,943.936160711092,681380
2021-09-07,948.98193359375,950.1117827276186,939.5566281542442,939.5566281542442,683060
2021-09-08,924.3424072265625,956.5086994696233,921.7985688751338,945.7928202256869,3447460
2021-09-09,953.116943359375,956.2758120666612,924.3797805248538,927.6224807915821,2207220
2021-09-13,952.88623046875,955.110951498772,942.5314414058614,945.7927958743937,750060
2021-09-14,942.5526123046875,960.196541159608,940.2020866136862,952.7815991699645,1183700
2021-09-15,937.3692016601562,949.0541483136791,935.9109080331189,949.0471528721547,752120
2021-09-16,933.11328125,943.0767252998697,930.4179883786097,936.7566556593632,1025300
2021-09-17,940.0015258789062,945.7462051516245,936.4769608554536,939.0371218076695,1902580
2021-09-20,946.8457641601562,949.7996036064067,936.521231671274,937.6394217352502,1830260
2021-09-21,940.6468505859375,947.1905460328712,931.9157430685995,941.1337447055582,2168220
2021-09-22,928.33056640625,939.9153586500909,922.9679633807718,939.9153586500909,2150460
2021-09-23,924.3145141601562,937.4530916318059,923.4292779478651,931.8156185144956,1074480
2021-09-24,925.490966796875,930.8838270797258,922.4974862952239,928.414492877106,837880
2021-09-27,915.1454467773438,927.1565640558105,913.2305724573064,927.1565640558105,919480
2021-09-28,910.6050415039062,918.7071841296754,906.6122370967286,917.3723629711188,1153720
2021-09-29,908.8346557617188,917.8383006058225,904.8697761163278,910.6050711514737,925900
2021-09-30,905.9833984375,912.7110800032683,899.9545217224281,907.5092010365466,887460
2021-10-01,910.8473510742188,915.2734748529584,896.9679405201017,905.9576513430673,797380
2021-10-04,908.1918334960938,915.5088955686541,902.0930589883875,910.8474854055892,655920
2021-10-05,903.65380859375,912.57589727281,901.2916242494521,908.520190435611,546560
2021-10-06,892.546630859375,914.3092249611194,888.8590089422577,905.9531404664398,1452160
2021-10-07,887.3516235351562,899.3977169583426,883.144519506482,894.5801895652007,953900
2021-10-08,884.593505859375,893.6088102294798,882.3152099393546,887.7872946630063,1744920
2021-10-11,889.1687622070312,894.3333891263325,885.3483407875999,886.2032634478091,776040
2021-10-12,904.5925903320312,906.1906791247042,883.8294363381586,888.4349395323314,1444980
2021-10-13,900.1641235351562,913.4145709005696,895.756653960255,908.5202072017041,1078500
2021-10-14,900.385498046875,905.2006370674978,895.7077654312627,903.5816188011736,843800
2021-10-18,905.6524047851562,913.1791578712304,895.4746639941351,913.1791578712304,1126060
2021-10-19,902.3912353515625,919.3316371880863,898.4590005743433,907.3554969188801,1186040
2021-10-20,898.1607055664062,941.133702218892,887.5752946049523,899.20200261508,4355380
2021-10-21,896.0874633789062,916.9065814256544,887.8665677434823,906.6566094788229,1519240
2021-10-22,885.5369873046875,905.6315927350349,878.236191698176,905.6315927350349,910300
2021-10-25,871.0728759765625,885.2690730809512,866.7912105672968,885.2248254893194,1082920
2021-10-26,906.0242919921875,908.9661695967835,878.7435251212876,880.6741215085441,2133160
2021-10-27,895.9822998046875,915.5665796623042,891.5954386120003,905.067256484529,1057640
2021-10-28,895.3600463867188,901.3522276512897,888.8586563262495,896.2369467509933,629000
2021-10-29,895.7724609375,905.1944914857594,884.3632041706354,895.7653821994494,985500
2021-11-01,892.917724609375,900.4280350730843,883.3165392005931,900.4280350730843,851420
2021-11-02,885.108154296875,897.3707157170305,878.7717628323109,891.0979753451886,698980
2021-11-03,883.3731079101562,890.482692731654,875.0684249925309,889.1649540671527,889580
2021-11-04,890.5440673828125,893.3610023713738,886.8973085929955,891.0508590045517,138100
2021-11-08,898.0872802734375,900.2889403536533,880.6787650689074,893.3609279603955,866240
2021-11-09,892.9720458984375,897.8869924663555,886.3858264290376,896.5645344772664,872960
2021-11-10,893.5448608398438,897.7738026157558,886.3362882495001,893.3091331036072,761180
2021-11-11,888.8821411132812,893.4081020462219,880.2097086665702,893.4081020462219,839120
2021-11-12,902.4813232421875,907.9855891758583,889.2051203664558,893.4081645276805,1330240
2021-11-15,918.2349243164062,919.2909799047713,899.0584511502409,905.1944506475651,1016660
2021-11-16,917.5513305664062,924.0055858680324,910.8991008001161,916.9879666028611,922400
2021-11-17,918.2561645507812,922.4026361686578,912.8792586008501,914.8122145368051,1085520
2021-11-18,914.8828735351562,918.8100766167445,908.9684443452246,914.6235500238851,832140
2021-11-22,895.546142578125,922.4426414175829,887.8684744756937,915.2600245569688,882760
2021-11-23,904.3245849609375,907.3819664535478,891.2723140339158,895.5767043205378,739200
2021-11-24,899.8623657226562,909.4376544993511,893.4081675874911,905.1945550226823,687100
2021-11-25,904.1597290039062,905.6660039849379,891.3195879800281,899.7728103098667,594900
2021-11-26,906.2434692382812,916.231280883567,894.9403359808018,902.7830022411429,1128820
2021-11-29,895.7843017578125,903.4171384664817,886.3363153839789,898.1227025566382,962140
2021-11-30,902.9573974609375,915.7974795545688,892.7221182019737,895.7842190045224,3395600
2021-12-01,914.5199584960938,916.9762232211491,903.3982818766713,905.6660104433555,1096240
2021-12-02,919.489013671875,926.4100053445508,906.4556754507367,914.5199121161174,972000
2021-12-03,910.9156494140625,919.2816247052939,902.2243399113435,914.7273485994955,1508960
2021-12-06,896.5433349609375,915.3591394898949,892.4251782037089,914.6236413086215,698540
2021-12-07,911.9953002929688,916.6815401931287,894.6339175140573,906.4203046481241,1408580
2021-12-08,918.3528442382812,920.5144491603729,906.3755041643763,906.3755041643763,671560
2021-12-09,909.1900634765625,921.6482971200219,903.4241723659861,919.3381538386943,810440
2021-12-10,908.5064697265625,910.380493670765,897.2009769987759,906.1845285647287,788980
2021-12-13,894.9166870117188,912.2426743121487,892.1822800090172,906.1467877434168,1089800
2021-12-14,907.0237426757812,910.9910588316018,891.6825634222016,893.5542853575583,1381340
2021-12-15,905.3406982421875,910.0552530308303,898.1226872364311,902.8867356422397,1298180
2021-12-16,907.8888549804688,910.6327580463361,901.6774636889716,905.430230816768,808340
2021-12-17,899.5205078125,906.7526760632052,895.7653811577942,901.1894785704652,1085560
2021-12-20,890.1668701171875,898.9807049136887,876.9071848622145,895.7654038915094,1426200
2021-12-21,906.1610107421875,909.2466499663558,891.0531994609637,895.1524794575745,693560
2021-12-22,904.7513427734375,911.7925001427997,896.3452550884225,906.6088496616615,732240
2021-12-23,905.5975952148438,909.9067051528743,903.0729603599319,909.6733369952956,951380
2021-12-24,906.33544921875,916.2289353927832,903.8319930380355,905.5975914786825,684400
2021-12-27,910.0198364257812,914.623605967057,900.4539865842574,904.5344474632566,531760
2021-12-28,912.5020751953125,917.8554429253753,906.8446094746492,912.2663474569515,420980
2021-12-29,914.6071166992188,917.0280451998398,907.6248909472852,912.5020840893387,585380
2021-12-30,914.9324340820312,923.3455431792459,911.0028135830306,914.1521614626283,797360
2021-12-31,929.035888671875,934.1865621944945,912.275682894932,913.4448831372338,797740
2022-01-03,927.7276611328125,934.1418030673939,925.8465585660239,928.531471924905,517380
2022-01-04,937.6800537109375,940.4498542968907,925.375078788164,927.7299963034695,700680
2022-01-05,939.8818359375,944.089599118653,934.8538023755584,936.9706328776397,648640
2022-01-06,926.29443359375,939.8817540269262,920.9882003244059,931.1292114239724,614180
2022-01-07,938.3308715820312,941.0252237814113,923.4422693352313,926.4336983668135,979660
2022-01-10,929.1444091796875,941.4446655613772,927.7795364654178,938.337790309233,412340
2022-01-11,931.6879272460938,934.6604793387654,921.6954537741672,921.6954537741672,635760
2022-01-12,929.1019897460938,935.8391068204918,926.8814529013032,935.8391068204918,474220
2022-01-13,929.4461669921875,931.1245761309758,924.0527439071963,931.1245761309758,707660
2022-01-14,914.630615234375,929.6794933160223,908.4946158914308,929.4460676289029,743800
2022-01-17,911.4742431640625,920.0453287356285,901.0032358302436,914.6235909541989,728060
2022-01-18,913.661865234375,916.9809303083794,904.6288194602457,909.0604550365849,724160
2022-01-19,892.795166015625,916.7427664070506,875.5917611842275,913.2092100979876,1647660
2022-01-20,883.2294311523438,899.5370601698381,877.1452843414861,886.3363066662974,1581120
2022-01-21,894.5514526367188,898.7002264020698,877.3810230397795,879.7359409010953,1104820
2022-01-24,882.4585571289062,897.6511978513042,876.9071575648245,894.5514012151449,1068740
2022-01-25,885.9002075195312,890.2989241018348,863.3741078017538,875.6413313874366,1157600
2022-01-27,866.792236328125,885.8649492565778,858.8859178070592,874.5500164294581,1085180
2022-01-28,866.7425537109375,879.2173043955055,864.0953358904404,867.478051857508,748460
2022-01-31,873.2086181640625,878.7882752245102,868.7981614588427,868.7981614588427,595220
2022-02-01,880.2874755859375,885.3084299868593,868.46805546381,876.9071193591834,535820
2022-02-02,872.2232055664062,888.6935294514313,869.3944728466669,887.2791630915616,1208320
2022-02-03,863.07470703125,875.9477667125909,860.9295615722399,868.42099607202,687080
2022-02-04,864.255615234375,867.4779946951807,858.1809073902923,867.4779946951807,898480
2022-02-07,852.0496215820312,868.4208998367262,844.4238070010197,864.2556095395677,969380
2022-02-08,852.7286376953125,858.7208763692104,848.1484635242792,858.28475700164,787700
2022-02-09,854.98681640625,859.8003581246802,849.6310894112855,852.8629073063138,964860
2022-02-10,855.213134765625,858.6571422597395,849.0912924587311,853.3815256800563,1008440
2022-02-11,839.9072875976562,854.9844230541532,830.7044683878787,854.9844230541532,1919600
2022-02-14,833.0736083984375,839.2025294717374,821.7374409719106,835.2304941404853,858340
2022-02-15,857.4407958984375,863.8596577914543,828.4156662776569,833.0736488214113,1003400
2022-02-16,859.1709594726562,867.3554189327963,850.1991487164028,856.4930672747574,808200
2022-02-17,854.5601806640625,867.4780721618332,846.7411100439854,867.4780721618332,2276800
2022-02-18,849.0582275390625,859.5763679421651,839.7139489668671,848.0540252010962,1926560
2022-02-21,853.6220092773438,856.1631612490314,840.3694024925102,847.535502848316,740720
2022-02-22,853.8529052734375,857.7353337766133,836.345403532415,847.9125784524698,1261740
2022-02-23,845.1617431640625,858.4991793487876,840.8408353416619,853.8529948746527,1184960
2022-02-24,836.5858764648438,847.1441302022973,827.8757487617892,835.8904912042439,2242100
2022-02-25,835.1881103515625,843.667230338279,829.7616531183052,839.1907628128314,1619780
2022-02-28,831.607421875,837.7434219304249,817.0323571113396,834.4762100906353,3157460
2022-03-02,841.2933959960938,843.405507259476,823.0221372492305,829.76161380232,1732620
2022-03-03,822.0532836914062,842.9623207983825,819.8397681877565,842.9623207983825,1339280
2022-03-04,819.9484252929688,827.123964750008,802.4644575783992,815.6180785636458,1034100
2022-03-07,817.6004028320312,820.697897461201,803.360111249646,806.1888440357363,1330840
2022-03-08,813.8876953125,826.4614333307759,799.824199455597,815.6179575939774,1954480
2022-03-09,808.3387451171875,819.389634076708,804.5694032606477,819.389634076708,1422440
2022-03-10,832.0764770507812,833.7807839449226,811.8934410618781,815.6179507285271,1329780
2022-03-11,816.912109375,830.6126330130878,812.3177781032526,829.7616305639725,1465580
2022-03-14,818.7861328125,823.9839408969541,808.9233211792371,823.9839408969541,773300
2022-03-15,823.2366333007812,827.8757386377181,813.0272521080866,821.2753625893536,1244220
2022-03-16,840.2938842773438,843.2216617341646,823.6797989491781,830.2330411647094,967800
2022-03-17,862.0186157226562,866.2923318572493,838.5283128205759,838.5283128205759,2017800
2022-03-21,842.7949829101562,866.0636573204698,839.8271501489857,865.1207464251835,806700
2022-03-22,821.7115478515625,842.4885650866231,813.4327621762196,835.749088426507,2804480
2022-03-23,817.7018432617188,827.4043764277237,813.7793013969183,826.6971932000076,1185580
2022-03-24,820.7144775390625,825.0471259647832,813.732193951552,816.9381143755888,863620
2022-03-25,809.07421875,824.0099544672361,805.010274599876,824.0099544672361,1064340
2022-03-28,794.8763427734375,817.9258093701224,791.5737946515551,813.2607479296798,1602220
2022-03-29,797.7921142578125,801.4718491088364,792.9880111841944,796.7596545191965,1675180
2022-03-30,815.5237426757812,817.8597839478637,802.5398398571273,806.5660882224025,1499400
2022-03-31,819.4156494140625,821.9261270386256,811.0402351923328,813.2607722760553,1245620
2022-04-01,827.7438354492188,830.1247087410593,813.2607363223638,819.4156131882681,623180
2022-04-04,840.140625,842.3258254440835,823.2577790301667,830.2329825862207,795680
2022-04-05,849.713623046875,851.4486045512223,835.3436690951221,840.416534709684,795640
2022-04-06,858.8386840820312,860.8777060116348,842.1609464861049,847.441224838945,941160
2022-04-07,857.5020751953125,860.4062570868588,847.9126867784743,855.6917022535062,749740
2022-04-08,869.9673461914062,872.0040084589847,851.9035002912468,855.785929103395,685620
2022-04-11,868.7203369140625,873.1473105934871,858.6618530822423,868.3266900208412,753380
2022-04-12,868.3173828125,872.1455994271074,859.1098424680713,861.599141487122,1098000
2022-04-13,866.6483154296875,874.5027798268994,860.4062494895032,871.0139977708807,546600
2022-04-18,875.0921020507812,880.961699765473,862.7635297197786,862.7635297197786,1075460
2022-04-19,846.1964721679688,882.8002780529769,840.7110837267176,874.101948533834,1318840
2022-04-20,863.0086669921875,868.3714729065146,848.1460219480524,857.9970930972538,1763540
2022-04-21,862.42822265625,879.7189986101014,841.0154837666668,855.2290294035381,3706820
2022-04-22,861.7081298828125,864.6313456566502,844.857940097836,854.7126890011144,2174140
2022-04-25,861.08984375,869.395307076219,845.7108041276895,848.0749861942409,1690140
2022-04-26,872.5103149414062,878.596125314789,862.2884299022775,867.026278418224,1411860
2022-04-27,863.3781127929688,874.8768219550402,859.9194604241801,860.0141942554914,1348600
2022-04-28,873.0765991210938,878.1508168329767,861.1064168236775,864.1125680982768,1579160
2022-04-29,868.4618530273438,884.3478728468854,865.4059060594585,872.237904382086,1267960
2022-05-02,873.6853637695312,875.5544195911972,862.7622283958713,865.5575706314927,831940
2022-05-04,856.97021484375,875.1801057176391,851.4221548497803,866.1308265311943,1217140
2022-05-05,834.0390625,870.7407922276818,829.4078037067205,867.5072335387667,1266260
2022-05-06,805.2186889648438,833.8471036562099,804.2497781316849,829.1139976594301,1799940
2022-05-09,781.951171875,808.0543358143524,779.376123305556,805.1239485868664,2302940
2022-05-10,782.7211303710938,790.2732341161411,777.0546234892703,788.3780944659825,1343540
2022-05-11,782.3325805664062,788.3354561231079,769.1850494751587,782.7211165754812,1235740
2022-05-12,768.47900390625,781.0105896830265,764.0609834450681,781.0105896830265,1435520
2022-05-13,777.1470336914062,784.6967660989762,772.5015472377545,781.2713104800764,1108780
2022-05-16,768.424560546875,782.6925869466425,764.4257862633009,781.8397510665484,1049660
2022-05-17,773.3779907226562,776.5334142005361,765.8566557925565,776.5334142005361,1726100
2022-05-18,774.3350219726562,777.876552257575,768.0999969799847,773.3779672955135,1920180
2022-05-19,762.521240234375,769.6611528031327,758.055794684783,766.1101375033088,1410040
2022-05-20,798.8960571289062,803.5391721776397,769.9028162783352,773.2643061871876,3049540
2022-05-23,805.1643676757812,822.9644424604958,801.2319295317209,808.2747380523963,2063460
2022-05-24,814.298828125,818.6197441057166,798.474458710646,812.4937377276805,1848200
2022-05-25,818.8779296875,833.1980659036959,815.073423277748,818.7002603601649,1630020
2022-05-26,836.3488159179688,840.0206489860125,820.6641756596333,826.0439940818459,2111620
2022-05-27,835.8063354492188,844.6139809014032,828.5171498421124,840.9682313963874,850540
2022-05-30,838.9261474609375,852.1921245129396,835.5125481151457,838.5992636444182,1041160
2022-05-31,838.1964721679688,860.2795769077263,827.0861828242529,838.8384413809182,7190740
2022-06-01,816.8785400390625,845.6325151100928,813.9671228533086,832.9137745660345,1164940
2022-06-02,824.0919799804688,828.0030766353276,806.3842693793888,816.805165920053,1377980
2022-06-03,813.5359497070312,832.3144167559998,811.3850058281985,832.108350421664,1053720
2022-06-06,805.2874145507812,816.6535673072311,803.2122922474773,813.5360257064145,720020
2022-06-07,793.4426879882812,805.4128686402809,786.95660143625,798.3298085765502,1015240
2022-06-08,792.345947265625,794.0634173658345,779.2126449590592,787.9279266246294,1632720
2022-06-09,794.4495849609375,797.1407085916858,781.0367647588145,790.2826838552627,574960
2022-06-10,794.7694091796875,799.3935543252153,783.488621041754,789.3729923513392,896200
2022-06-13,798.5382690429688,804.0033933992878,783.6401301063614,790.7469027494059,2369280
2022-06-14,799.3438110351562,810.1721553550183,794.0634692251524,798.6355049437311,1321620
2022-06-15,796.0675659179688,808.5139040668842,789.3256162762549,808.5139040668842,1295060
2022-06-16,799.4646606445312,803.0180474337225,787.1912487942474,803.0180474337225,1615080
2022-06-17,788.49169921875,798.5619985838022,778.6654059932282,798.2327435583587,2912380
2022-06-20,803.8755493164062,806.5216772783133,783.5241400070364,791.2207732997742,978040
2022-06-21,804.0982666015625,814.9100123646913,798.8013260737613,804.4867447646777,1112620
2022-06-22,794.7811889648438,803.0653100161597,785.7982468361312,803.0653100161597,1047280
2022-06-23,804.3114624023438,807.563991115259,791.2207832970266,796.906202099161,633500
2022-06-24,816.4095458984375,817.2789226509631,801.7411266023162,803.067747407893,607600
2022-06-27,822.4075317382812,824.7267177413331,814.0902714116257,822.0166823864453,1276840
2022-06-28,824.5704345703125,829.1163863947737,807.8505484523454,819.6478029637501,1044480
2022-06-29,829.0785522460938,830.3080101410359,817.3878870862574,822.0167746617387,1939440
2022-06-30,827.7021484375,832.3831451564909,816.5303222860823,829.0785073329192,2056840
2022-07-01,843.1025390625,844.7299600006161,821.118909744956,824.3856656449009,770940
2022-07-04,852.5545654296875,853.9238106972024,838.8124324299434,843.3371012476312,974580
2022-07-05,852.1021728515625,859.5950535498031,848.075001058825,852.5546166264731,828760
2022-07-06,871.2263793945312,873.1096626188622,843.3962617462302,852.1020584231978,1567820
2022-07-07,862.5230712890625,878.8710221849406,861.0377509455183,871.2904635030219,1037580
2022-07-08,872.6715087890625,874.1331166584752,863.3307980990745,867.0263433523087,1176500
2022-07-11,875.9998168945312,877.6865188832863,869.0162321619092,871.764207689742,787640
2022-07-12,858.7421875,875.0806517429846,857.6003497735875,872.5577704533343,523780
2022-07-13,864.6408081054688,868.2060508976579,858.971988205039,858.971988205039,455020
2022-07-14,870.0253295898438,873.7042759613834,859.0998808119842,864.6383980546641,1045880
2022-07-15,889.3652954101562,892.4377834041424,870.6413077757654,871.7641756233559,990020
2022-07-18,882.4432983398438,898.864640442836,878.9917593365384,892.5491088886556,879540
2022-07-19,870.7075805664062,883.5376533000097,863.5415848127994,881.2350659021988,874560
2022-07-20,882.050048828125,884.0826045129253,864.6574240279145,878.8709707242639,1093260
2022-07-21,892.6083374023438,894.9772617883314,880.9437560391435,881.2398715873919,1013120
2022-07-22,899.667724609375,904.1710520852836,892.3998809407171,895.8205938013103,1264000
2022-07-25,888.704345703125,900.6650424942821,886.54860139953,899.6677345914223,719180
2022-07-26,876.9520263671875,889.7679294217984,864.6691890925812,889.7679294217984,2789420
2022-07-27,878.4872436523438,884.5090893860432,869.395338688691,878.5867778145944,899460
2022-07-28,905.5165405273438,916.5367806244642,874.6068219347434,880.0553476401873,2609140
2022-07-29,917.2048950195312,920.2347585536047,900.2410020956409,905.5166013139947,2276500
2022-08-01,912.2822875976562,923.880532412485,905.166029320027,921.1325569256405,1171340
2022-08-02,921.928466796875,923.9278249846858,914.4142460114739,918.0528812740695,1124380
2022-08-03,917.5270385742188,926.0717650230434,902.5601905065666,916.3023231746375,1026500
2022-08-04,940.4629516601562,943.9594862573131,918.9578498202735,919.0952659375608,1765600
2022-08-05,943.8506469726562,948.517416902389,934.7326584327692,939.989288278891,1251200
2022-08-08,931.1270141601562,946.9679804871282,926.2493783268095,943.0687404396492,1149180
2022-08-10,936.64892578125,954.676462259683,924.1173397704773,940.4913717673849,1444140
2022-08-11,932.3896484375,946.7358680919592,928.0308507947368,938.0940367439116,1009220
2022-08-12,925.9295654296875,936.0306909457333,919.7917034417491,933.356166180403,978060
2022-08-16,932.54833984375,940.6808171844108,923.065529459319,926.2493496606018,1321660
2022-08-17,935.0286254882812,940.1762932379382,931.896914581419,932.5033152325566,792000
2022-08-18,926.6118774414062,934.9078551797439,922.932930968871,934.3037679007257,978420
2022-08-19,921.0804443359375,931.9301298100912,916.7737559089752,928.6183780783418,733960
2022-08-22,921.6157836914062,930.0396924941585,916.7737162385108,919.1900074894904,795880
2022-08-23,929.8336181640625,932.8327135427929,912.0903971049619,914.4048409275867,857620
2022-08-24,931.9845581054688,934.1592144198174,917.628911543444,929.5114150158121,675360
2022-08-25,925.1431884765625,937.430769494426,922.1772904456103,931.9822432727509,518180
2022-08-26,925.2118530273438,931.7476782470925,920.4692618862755,925.7756292577178,559780
2022-08-29,930.8142700195312,936.1514631035512,913.6987929271897,919.1425760316237,969240
2022-08-30,944.0565795898438,947.3328203790959,931.4610276895737,931.4610276895737,2195020
2022-09-01,934.9174194335938,949.9387492589807,927.4149960187042,933.356277326779,1581240
2022-09-02,926.80859375,940.3683156055486,925.3019322837958,935.8341616142441,624820
2022-09-05,912.4954223632812,927.7963253957206,910.9461366014608,923.8804865471475,994480
2022-09-06,902.1764526367188,914.7839198836153,897.587875895118,912.5428686961756,1187400
2022-09-07,908.686279296875,914.7388349970489,900.9019681086997,902.1764217016462,1114720
2022-09-08,906.0543823242188,913.3151126559695,900.4281867349122,909.7143590458273,1092940
2022-09-09,902.619384765625,917.7212772343104,899.7553344556458,917.7212772343104,968680
2022-09-12,898.6846313476562,907.7694797650773,894.9844014238065,902.6336677413228,871200
2022-09-13,903.2069091796875,912.8176516754294,898.7699184001581,898.7936307782128,1022920
2022-09-14,905.3436279296875,911.294393424173,894.0770102828466,894.0793815205062,1232020
2022-09-15,900.6177368164062,912.3699389886121,899.1371589893746,909.3827575524332,669100
2022-09-16,871.9632568359375,900.6177593319297,868.947620469254,900.6130168559589,2323260
2022-09-19,889.069091796875,892.6106218425339,865.476955310303,876.3242682725567,1072620
2022-09-20,882.0287475585938,896.4009933931161,880.0601575008262,891.1893597105981,1676000
2022-09-21,883.6040649414062,894.9511897632169,880.815836276183,881.9979272466974,925980
2022-09-22,883.054443359375,892.3738126776739,880.318381972418,883.6040500085728,1558620
2022-09-23,876.3077392578125,883.9025245848138,874.1354541416656,880.8134379867405,716840
2022-09-26,874.2894897460938,894.9749551719445,871.6481619990285,876.3030756195735,2261700
2022-09-27,884.6819458007812,890.4786969650514,878.6672142601915,878.7786046037286,1386280
2022-09-28,892.65576171875,899.1963878164389,877.7196809377291,883.8457452412148,2110340
2022-09-29,899.2034912109375,906.3505179537578,890.3010543909331,897.1211973120534,1743900
2022-09-30,907.0516357421875,909.4300450093156,895.1691321924891,897.8223158596786,1619460
2022-10-03,899.8406372070312,907.0113756849689,889.2941816039322,905.7582054775265,1040920
2022-10-04,912.1235961914062,916.773767151291,902.617072247459,912.0359182254446,745780
2022-10-06,914.4119873046875,925.0721477481042,911.4318617223938,916.3994895488173,1340720
2022-10-07,915.3997192382812,918.1950614878426,908.1318756574747,913.2298053934694,792260
2022-10-10,905.8317260742188,909.9038933776503,900.4258242134171,904.9291519663171,692380
2022-10-11,874.1307373046875,910.3610534027238,872.2498252008689,909.9038671847578,1098520
2022-10-12,887.1810913085938,889.1449387428365,874.1306669450216,878.3971017835379,774960
2022-10-13,888.9933471679688,896.4791712833386,881.4767547967359,890.2417749331183,605540
2022-10-14,896.7800903320312,900.8427727539108,893.0845449430659,898.2416982551264,441300
2022-10-17,896.4081420898438,903.0340169582191,890.34604349011,893.0845340851222,348500
2022-10-18,918.5670166015625,920.5190079551625,899.7174693296602,901.1388239415554,1070220
2022-10-19,935.208740234375,940.3682645815582,912.2490853379331,918.5670461186735,2609600
2022-10-20,950.464599609375,954.3780674311696,933.356234155993,934.2564370148325,2257080
2022-10-21,961.5440063476562,964.152194326793,946.7406006454615,950.4645427211792,1143860
2022-10-24,989.0281982421875,997.3171198023022,964.1545511890719,964.3890723789007,903960
2022-10-25,960.9494018554688,997.2602227079391,957.850830357283,985.4725108878289,1427060
2022-10-27,953.8829345703125,970.0745562190091,943.3057101011219,969.7665844754177,2029480
2022-10-28,960.9518432617188,965.1921949433058,949.9458293905546,953.8829517987496,1298600
2022-10-31,970.5291748046875,975.6097970728038,960.3584470452856,966.6710738154418,1591100
2022-11-01,981.3267211914062,988.2327184364206,970.8437452719133,972.2520911743418,794120
2022-11-02,971.670654296875,986.5717068899417,963.8186036762042,981.3290553074347,866340
2022-11-03,973.39111328125,975.8480242234573,960.3607583957365,963.8328395730983,706560
2022-11-04,973.4793701171875,978.707709489,967.7314897555648,973.3911703254123,377460
2022-11-07,976.0982055664062,987.5248487550529,970.853227171145,974.7280253575723,1354440
2022-11-09,968.4558715820312,993.3561372058249,962.979688844725,982.5418893375949,1044900
2022-11-10,961.5642700195312,972.2735633944807,955.3517116220539,967.4884337102078,779820
2022-11-11,968.5797729492188,977.0395052507804,962.7461368502587,966.3730911540911,716740
2022-11-14,956.31689453125,971.9137720711341,948.0954632621426,968.6037779503706,969520
2022-11-15,955.8568725585938,962.071757685538,946.060238295647,961.025636068774,786820
2022-11-16,957.8753051757812,960.0843724452219,944.8687452928172,952.8351759522124,895520
2022-11-17,952.7803955078125,959.8675047079416,947.6164024642344,959.4052121355636,555640
2022-11-18,949.6395874023438,955.3897948908433,942.7240489009071,952.9710494324387,733720
2022-11-21,941.851806640625,946.5177264759166,937.271643059616,946.1555022973791,996880
2022-11-22,934.78857421875,946.0269497686569,931.7645314977348,941.8518881320897,948440
2022-11-23,932.4818115234375,944.2968599603764,929.8557151262219,938.9112038947499,1034440
2022-11-24,940.6007690429688,947.2231419539025,929.4195841054074,935.3366496042223,1193920
2022-11-25,930.7780151367188,944.82115614216,926.5195242737356,943.6772932417678,1157160
2022-11-28,944.4136352539062,945.8339078821148,927.4727010721552,930.5706314714199,1060000
2022-11-29,958.98583984375,971.0820693712365,940.3410664389936,941.2942758322415,1474460
2022-11-30,961.9716796875,969.366207802563,945.6027069710709,958.9857445782594,6267780
2022-12-01,955.5685424804688,969.8857658736171,950.1114420943039,962.2648615943816,1058520
2022-12-02,941.3513793945312,959.7721608588247,937.9222345169428,955.5684752412533,1392340
2022-12-05,941.3990478515625,946.0602554155794,931.890808102851,941.7612720495401,1699980
2022-12-06,948.9722900390625,952.7327077580503,932.9536145254544,940.865240182637,1362180
2022-12-07,948.9603881835938,956.981681992744,945.0236289656963,949.3965000728344,1139120
2022-12-08,943.9321899414062,957.927680584682,940.3886065058081,948.4432365829965,812480
2022-12-09,964.7312622070312,967.2667734027118,945.7838415964243,951.684209622223,1535100
2022-12-12,976.4367065429688,977.9927695716405,960.1200946891178,965.1244436562241,1621200
2022-12-13,971.7158813476562,983.5190030176267,968.9372970576445,979.9469115115621,982680
2022-12-14,956.2357788085938,974.6875125256503,953.5263114822968,971.565786809494,1633600
2022-12-15,940.7151489257812,960.356008426298,935.7870148324059,956.2357518152807,791080
2022-12-16,940.755615234375,946.5368319480161,932.720067841949,940.1026691930825,1386420
2022-12-19,957.100830078125,958.9285903593776,943.6748556592183,943.6772410097254,1308960
2022-12-20,959.6697387695312,961.2091625399235,946.1103010447042,960.3584069165506,933520
2022-12-21,968.1842651367188,969.7951912242987,956.171407375026,961.0733026225629,1407560
2022-12-22,967.822021484375,974.1799112686996,960.7158298140318,972.035190329018,753760
2022-12-23,959.5363159179688,974.8948903697012,955.8330881794752,962.7414708124157,1488080
2022-12-26,948.3241577148438,964.9171216474854,946.5368901729763,961.5475521741021,667640
2022-12-27,942.5333862304688,954.0529420791509,941.0559233854464,948.4432957898396,805820
2022-12-28,945.7552490234375,948.2478821732307,939.3878175259323,943.2006549385186,706920
2022-12-29,944.05859375,949.2797771873186,935.6012458484066,945.5837054871369,797020
2022-12-30,934.43115234375,947.9667373025798,932.3269821795742,945.5622456744319,852880
2023-01-02,932.3125610351562,939.62604525342,929.4386211005963,934.9386572488929,503280
2023-01-03,940.2123413085938,941.816111402862,928.232878019382,934.0975242071687,628300
2023-01-04,930.3275146484375,943.581918012793,929.3790760405641,942.7240063631979,639680
2023-01-05,942.5333862304688,948.1645006745276,930.3084647770199,931.2855276247973,1027860
2023-01-06,947.7404174804688,949.7040266100704,942.5597264738723,943.6773505851475,787720
2023-01-09,957.2938232421875,961.0399871728401,948.2765000562935,950.1090310624699,722880
2023-01-10,954.3508911132812,962.2172541256247,951.0670777021496,956.2144318069361,633360
2023-01-11,941.6898193359375,957.2557447294303,939.7405224530667,956.5456083989626,650200
2023-01-12,947.1683959960938,950.8263602778989,940.8176617486578,941.6898273902352,661240
2023-01-13,942.9314575195312,950.8263865322749,940.1051660198254,950.8263865322749,695420
2023-01-16,940.60791015625,945.5836348247375,938.9588184892526,945.5836348247375,485300
2023-01-17,950.6237182617188,951.5983957378194,939.5164792196213,940.6221764340479,803740
2023-01-18,944.7900390625,955.2062241460821,942.4070158659165,950.8238700864471,727980
2023-01-19,938.0103759765625,948.2049564785973,934.7003822626813,944.7900655248776,619980
2023-01-20,915.0833129882812,937.3788924694848,912.6907483375435,937.0095122300252,1440440
2023-01-23,923.044921875,926.5193881981111,912.7478882916984,917.4639003504958,758000
2023-01-24,919.4037475585938,926.2335297322663,912.6407551996904,924.6130622141791,754240
2023-01-25,916.7728881835938,922.2538416012261,912.6978951970342,922.1823392686188,823200
2023-01-27,915.8602294921875,924.3271185268718,906.7904285619866,917.9429895952079,895540
2023-01-30,913.4557495117188,915.7315484999584,904.5003871152473,915.3669389373821,996600
2023-01-31,906.3948364257812,915.080944694644,902.164970079862,915.080944694644,2350000
2023-02-01,909.8311767578125,913.9871555983988,901.5096776743687,910.3149374888296,1376100
2023-02-02,903.3850708007812,911.6970865137125,898.4236580662669,911.6970865137125,1418440
2023-02-03,905.7538452148438,908.153507856718,894.5917428174703,905.8062647474125,1111560
2023-02-06,906.573486328125,908.4084024727107,893.8386248902742,905.548774762933,1382680
2023-02-07,904.5003662109375,910.3101492135521,899.829617172124,906.692736057598,797460
2023-02-08,905.3058471679688,908.6396946812794,900.3134246252625,903.165896742431,465340
2023-02-09,905.5631713867188,909.5690475404199,903.2063287488701,905.5012104533861,694680
2023-02-10,906.6856079101562,908.8922899278605,899.5937278734538,906.0255057673929,527660
2023-02-13,906.826171875,915.033290082845,903.1634371700173,910.0765900278794,649780
2023-02-14,909.4999389648438,917.9405890033669,906.8595304912545,911.0202799271176,771780
2023-02-15,917.9859008789062,919.789865929513,902.2150679004457,909.1234505883613,639960
2023-02-16,935.5202026367188,943.6701312090244,912.2213776855332,926.0429137110716,3480140
2023-02-17,906.5640258789062,932.9560089737406,897.0676547396624,932.9560089737406,3768700
2023-02-20,897.1153564453125,912.4596178119323,895.06354779358,906.9786642445063,1306220
2023-02-21,898.337890625,902.3938012405088,894.1104093005213,899.8820851850143,899080
2023-02-22,890.0186767578125,899.9630279655044,887.9692535241198,899.9630279655044,841600
2023-02-23,888.7724609375,897.1678480085341,884.1493604757906,889.341977950697,985360
2023-02-24,890.3403930664062,898.3521454175606,887.1995846117263,893.2167185121954,777500
2023-02-27,887.5690307617188,898.161558600468,881.3373893915842,891.2507904393076,1032500
2023-02-28,889.8209228515625,892.4422485482329,879.8193807885984,887.9240455652024,2183640
2023-03-01,895.0087890625,896.9890954817837,885.3003540048505,891.2507564857563,1278520
2023-03-02,880.8487548828125,896.0166734367001,879.6596286992257,896.0142880864615,781400
2023-03-03,879.3308715820312,887.1829221177823,877.2147747103973,884.0540402922991,920360
2023-03-06,882.4263305664062,884.2946416905521,878.144044878593,882.7670865921317,1058980
2023-03-08,882.5884399414062,885.2360045427064,876.8358470417918,877.1909152018932,914920
2023-03-09,883.4202270507812,885.4839628207712,878.3825405209082,881.7187737187629,1132300
2023-03-10,881.0394897460938,883.1484887667509,874.8102920593975,883.1484887667509,472680
2023-03-13,873.0182495117188,881.713899693385,870.2825432644047,878.3800522370913,729520
2023-03-14,870.501708984375,878.6206856105514,868.0400854916724,874.5695460240639,877580
2023-03-15,857.5714721679688,875.575225777619,852.1691766814887,872.1865734491747,1559160
2023-03-16,879.3665161132812,881.7185879482668,856.3513175065295,857.4117511994226,1660860
2023-03-17,898.7881469726562,899.5912537132824,880.524682853767,881.666160269812,2668600
2023-03-20,902.5867309570312,905.0722078548077,888.967718514209,900.7827661114201,1512900
2023-03-21,902.0886840820312,917.8929106274668,896.97234012597,905.0722338569341,1955240
2023-03-22,896.9556884765625,905.9778405956255,891.1887835305822,905.9778405956255,564960
2023-03-23,907.6673583984375,913.6463849494659,891.7344968038756,896.9556800378172,1133700
2023-03-24,903.3136596679688,910.31495461273,900.2109584929303,905.7895954246931,525980
2023-03-27,900.3538818359375,911.6399061630053,896.7340832845834,905.5488844404257,717080
2023-03-28,902.9752197265625,906.4997206619367,898.3998264109363,900.7828498231669,709620
2023-03-29,908.0725708007812,911.5064867120612,899.6485594754017,902.2126950828402,972120
2023-03-31,939.1256103515625,941.3847117406998,912.9362080770287,912.9362080770287,2968880
2023-04-03,939.1709594726562,943.2006309661236,923.9481762365815,942.9146798033038,1274800
2023-04-05,944.7280883789062,947.1564332588139,934.1927520212269,936.9570822309571,943020
2023-04-06,939.3043823242188,945.5836721689282,934.3834623423304,943.4389511383031,819560
2023-04-10,930.8184814453125,939.6952436103414,929.4267748351664,938.9112196030537,448280
2023-04-11,937.7005615234375,938.6728536220907,928.1875513729483,936.432835049667,882520
2023-04-12,926.5338134765625,938.6729207583764,922.9425809091792,938.6729207583764,1137640
2023-04-13,927.7276611328125,937.9579637922076,925.3875159796977,929.379079977035,923020
2023-04-17,964.8575439453125,972.7501453189335,929.4815734467751,933.6685618225334,3887020
2023-04-18,984.7247924804688,986.5716355179721,962.7414027759921,962.7414027759921,2797200
2023-04-19,982.6969604492188,984.8392380078044,971.7016577552557,984.6581840791118,1797480
2023-04-20,975.757568359375,987.5583050480109,971.3203508033001,981.5673515600572,1044260
2023-04-21,986.721435546875,991.0612182411447,981.4524633609087,985.5781070147192,886100
2023-04-24,995.9859619140625,996.934308755436,982.1095873297962,986.9187835625589,1157360
2023-04-25,994.8258056640625,1007.5059630830054,977.6301587324187,996.9342877530228,3369280
2023-04-26,1012.2069091796875,1015.2276568197905,985.549299003919,991.6389814498103,2497880
2023-04-27,1018.0341796875,1020.5688243891499,1010.9454956229861,1014.1324299515559,2044640
2023-04-28,1047.5970458984375,1051.8430401883343,1017.2014058162989,1019.7023196063926,3330320
2023-05-02,1046.848388671875,1063.8490532452363,1043.3173277217052,1049.455196416342,1783400
2023-05-03,1053.0994873046875,1056.4764670341008,1038.7874304512584,1046.807536940502,1140260
2023-05-04,1044.34033203125,1058.8402009724953,1041.6492554567624,1053.2510780961463,1270680
2023-05-05,1060.038818359375,1062.8718705798283,1047.043329866533,1049.4528052273092,1101520
2023-05-08,1058.27685546875,1073.525270427957,1047.5488660971446,1061.4902337639664,1513120
2023-05-09,1057.7042236328125,1066.0614064464419,1051.7035108631067,1059.0834344041564,865740
2023-05-10,1061.490234375,1065.3366273938393,1057.6149290610333,1057.7040165395154,1208820
2023-05-11,1060.0362548828125,1070.3960225061562,1056.6905386287144,1063.8489163955444,1378740
2023-05-12,1049.1734619140625,1062.423988575226,1046.5666545011675,1059.9977066892116,1339220
2023-05-15,1048.81005859375,1060.0411922228566,1047.1083467497167,1050.417981774786,1451400
2023-05-16,1048.51171875,1058.5536880020104,1045.6040349493546,1053.0657580348586,1545140
2023-05-17,1046.205810546875,1053.8504099575462,1039.8272406677786,1048.511742538102,1335760
2023-05-18,1043.6591796875,1056.6762950840791,1042.243887481158,1051.8622800723067,1023500
2023-05-19,1044.1669921875,1049.455239222965,1035.3069012659405,1049.455239222965,1464400
2023-05-22,1034.7628173828125,1044.592997743694,1031.2630193102834,1044.592997743694,1021900
2023-05-23,1030.3773193359375,1040.3085752340949,1028.374614004522,1032.6061517247263,1109180
2023-05-24,1029.2652587890625,1034.916907365629,1024.1816310407978,1030.377324395806,887280
2023-05-25,1033.8048095703125,1041.367607650492,1025.9074045694163,1035.0131319278423,1630040
2023-05-26,1038.94873046875,1041.223282092528,1028.7550299579689,1034.2887967462689,1263180
2023-05-29,1046.0589599609375,1051.862221827982,1037.5212530972617,1045.8423528033345,1068740
2023-05-30,1038.597412109375,1046.0182358942661,1035.5452839359534,1043.6785726208132,939620
2023-05-31,1043.3463134765625,1052.2642292547996,1035.7353275522225,1038.8644373031357,8495880
2023-06-01,1053.031982421875,1055.4703701848878,1038.5177751434492,1048.781287370789,1197320
2023-06-02,1061.3194580078125,1063.6566529730264,1050.4181112410697,1059.0833385565322,1164960
2023-06-05,1051.0992431640625,1065.3270311583071,1048.9738368010442,1059.037548957988,1630180
2023-06-06,1044.901123046875,1055.7880121474323,1040.6719360857664,1053.0247725230818,1570460
2023-06-07,1076.7867431640625,1079.5308256104072,1047.0433951779862,1047.0433951779862,3136240
2023-06-08,1066.251220703125,1086.8864894431117,1063.2931168790228,1081.2276717339112,1458580
2023-06-09,1062.619140625,1072.5625023434168,1061.0522352146725,1063.9406441078775,1418300
2023-06-12,1073.0126953125,1075.8841800803618,1060.4866187084892,1061.4903220449962,1247040
2023-06-13,1082.7972412109375,1091.7224446385794,1073.1572223073024,1075.8842633282607,1666940
2023-06-14,1094.1654052734375,1095.2365705943741,1083.1533462531966,1084.3568499712558,1447540
2023-06-15,1105.5963134765625,1107.223394050105,1089.531889819087,1094.1653790224489,1475140
2023-06-16,1105.70947265625,1115.6600044097122,1101.3166838107265,1105.5964091162941,1470820
2023-06-19,1097.3475341796875,1114.444456493578,1095.7299734498683,1108.4269378300057,866620
2023-06-20,1105.083740234375,1107.2212525124926,1093.7443592421794,1097.3477016809986,1377540
2023-06-21,1102.0050048828125,1110.578793722878,1095.9105042618173,1105.110138551826,1292840
2023-06-22,1084.7371826171875,1101.9640926326765,1082.8019392242827,1097.595397615206,998060
2023-06-23,1084.9273681640625,1088.9278428377652,1080.9220747741715,1084.737205169114,870300
2023-06-26,1089.4501953125,1092.7814562392066,1083.394126549046,1084.1185794262765,700300
2023-06-27,1089.7606201171875,1100.9651926324425,1083.3988572028209,1089.4765509312792,882660
2023-06-28,1094.904296875,1097.595373456564,1087.0045409056672,1091.3371542219431,1112480
2023-06-30,1102.135009765625,1104.6359234812458,1089.1709002021328,1095.1884189877799,737240
2023-07-03,1089.5341796875,1104.8163250952612,1087.1489154286442,1104.8163250952612,1105380
2023-07-04,1089.125244140625,1099.7617968576244,1084.3810414580646,1095.0922255158812,602980
2023-07-05,1102.404541015625,1104.5274791749998,1087.0045127832698,1087.2934006754108,777760
2023-07-06,1112.0111083984375,1126.1161969651682,1102.6502225854474,1104.0944271991807,1807340
2023-07-07,1102.7080078125,1119.1069224088048,1100.0024748517967,1114.6875718272076,1129280
2023-07-10,1087.0166015625,1109.2646147388098,1085.5604090013157,1100.917070214346,727760
2023-07-11,1100.113037109375,1105.2905708709757,1085.5747366808853,1088.4486892623763,1370520
2023-07-12,1110.1142578125,1112.0375133027774,1098.4138267550823,1104.2869018042543,961800
2023-07-13,1098.5943603515625,1113.0749558158307,1096.481059372381,1110.114265922801,864320
2023-07-14,1113.8690185546875,1116.8513333639326,1097.5952758921405,1098.5941603675603,909140
2023-07-17,1110.62939453125,1126.2556691541058,1105.05719541166,1116.851532718384,835900
2023-07-18,1106.1234130859375,1116.3700009913466,1098.5822403072689,1116.3700009913466,651680
2023-07-19,1104.380615234375,1108.4268084149044,1097.6674392887899,1104.8162976383087,557620
2023-07-20,1107.6060791015625,1111.2912215296453,1095.2365527106833,1104.3831808185807,755840
2023-07-21,1106.38330078125,1118.3895430017303,1103.0255959797532,1107.943154403199,736860
2023-07-24,1098.56298828125,1109.5630590330634,1093.1543909787765,1106.2677624997457,841620
2023-07-25,1096.2908935546875,1113.9631246663193,1091.589941864103,1113.9631246663193,1251520
2023-07-26,1097.590576171875,1102.4094097778107,1092.877636789957,1097.1573618436519,689240
2023-07-27,1074.7431640625,1102.409290538527,1062.7442097414296,1100.445135066421,3587480
2023-07-28,1082.2340087890625,1089.5007507868997,1068.1000081434447,1074.7433727689076,1344220
2023-07-31,1085.71923828125,1090.5668665669937,1079.7690642711073,1090.3743529867181,972180
2023-08-01,1087.6641845703125,1092.3000246910112,1079.542884693518,1088.3670119692015,1300380
2023-08-02,1101.557373046875,1104.245981688224,1083.6637164448427,1092.3000313680636,2093220
2023-08-03,1081.9884033203125,1101.8292906000042,1078.43324859965,1101.8292906000042,899420
2023-08-04,1080.9630126953125,1092.7260869687343,1078.9170562483396,1082.9584313853807,820200
2023-08-07,1081.1939697265625,1085.6372958886643,1066.3042551799158,1080.9629064235235,824920
2023-08-08,1070.119384765625,1083.1027682904946,1063.897247268317,1081.7091016343477,1160640
2023-08-09,1069.59716796875,1076.2332454404116,1066.910909946819,1072.56255894492,745700
2023-08-10,1058.5897216796875,1070.8558203097114,1054.0283962688138,1066.929977673808,1411580
2023-08-11,1051.4964599609375,1059.5647542034462,1047.0483145808703,1058.5899631293248,767260
2023-08-14,1054.2452392578125,1061.008954145664,1045.086622316585,1051.585542861488,815760
2023-08-16,1056.5753173828125,1065.341620726018,1048.7500741413533,1065.341620726018,578600
2023-08-17,1043.0743408203125,1060.4456949979863,1039.9427629735417,1054.2692761950777,1399840
2023-08-18,1050.8995361328125,1053.3065437739779,1032.6062780599555,1043.0744107056253,1313340
2023-08-21,1060.737060546875,1067.560951075625,1046.343083575301,1050.8995915911657,741920
2023-08-22,1060.33251953125,1063.533910014212,1054.56052026517,1060.7369391006862,810440
2023-08-23,1067.9000244140625,1072.0713867637776,1056.6761778663026,1063.8971995829288,1227560
2023-08-24,1070.8729248046875,1073.044050487345,1065.9819273877115,1072.7070929096815,920400
2023-08-25,1068.1578369140625,1072.5842393820253,1064.4389630653218,1068.2300001320364,839280
2023-08-28,1060.7418212890625,1069.4118674974063,1059.0833601191139,1068.3021523555556,830140
2023-08-29,1062.1162109375,1067.7389478561429,1056.6763501846021,1062.4747939591505,1048560
2023-08-30,1068.63916015625,1072.5625353450414,1059.571864235093,1062.1161463657909,1296640
2023-08-31,1058.4285888671875,1072.9958036000112,1043.1994470427082,1071.1183846791823,4661300
2023-09-01,1055.0179443359375,1064.3643742634715,1052.343791625546,1061.4904211044504,716980
2023-09-04,1046.4801025390625,1058.1180057605727,1041.3916564521185,1057.8892930666082,1481820
2023-09-05,1056.890380859375,1059.015786948338,1047.2671711072076,1047.2671711072076,1246260
2023-09-06,1059.2806396484375,1063.8973223761243,1048.2324986527722,1056.8905564033512,1125840
2023-09-07,1054.091064453125,1063.1799854955557,1050.531208641839,1058.0386506061666,823180
2023-09-08,1053.4627685546875,1058.0890880440918,1050.899329426994,1056.4836330679655,609540
2023-09-11,1065.199462890625,1068.7088983642432,1052.9887194702785,1054.750606515992,939540
2023-09-12,1074.3797607421875,1078.0986342553342,1059.9064531873562,1065.548464532992,987580
2023-09-13,1067.7388916015625,1086.482287246886,1066.3066751244692,1072.3482874669103,1016500
2023-09-14,1082.079833984375,1083.6347513909727,1066.6412553287985,1070.155509703302,1621120
2023-09-15,1089.041015625,1092.8297022258146,1074.4377184564803,1083.1534840894124,2322820
2023-09-18,1098.5291748046875,1099.5208899791223,1080.8737534703932,1088.9300582893059,1150640
2023-09-20,1091.83056640625,1098.8735313143156,1085.8515975150842,1085.8515975150842,1149000
2023-09-21,1084.76611328125,1091.334846128381,1075.9323487749684,1090.8534446300478,923660
2023-09-22,1084.7178955078125,1089.8906108756632,1077.3765228654097,1084.1161436518778,766020
2023-09-25,1089.832763671875,1093.2002234020551,1080.7944979951224,1086.5231285329012,688540
2023-09-26,1107.4906005859375,1110.2514899156035,1087.777232566091,1092.7814105865464,1320020
2023-09-27,1101.109619140625,1107.490539288335,1094.7767686227023,1107.464095115469,833060
2023-09-28,1085.004150390625,1102.7919090427688,1080.6402748017194,1102.409232530044,1039620
2023-09-29,1083.4854736328125,1093.022065201144,1079.7835244422663,1085.6060612652027,904580
2023-10-03,1074.2593994140625,1087.7121967907788,1071.3661717944594,1083.4854776583181,1000260
2023-10-04,1106.55908203125,1124.495987628834,1085.6084810587824,1097.8383817420226,4269760
2023-10-05,1103.3096923828125,1112.3840399768667,1096.3918965379494,1107.4641308388814,1360000
2023-10-06,1102.9991455078125,1110.4776751379686,1098.312650418902,1106.7396443842933,776240
2023-10-09,1101.5357666015625,1106.299244050188,1097.5954669484015,1098.175593390208,475100
2023-10-10,1105.685302734375,1108.04177240132,1098.8156941541788,1105.297807447995,793260
2023-10-11,1116.9503173828125,1120.4090981860336,1103.853750647126,1105.6854506307543,1346760
2023-10-12,1110.84130859375,1121.6656747691206,1105.396746078695,1117.9589061309703,1084440
2023-10-13,1133.9097900390625,1136.1001900216656,1105.0762423794583,1110.8361351920043,1815820
2023-10-16,1112.4490966796875,1133.7005761171747,1106.022339395564,1133.7005761171747,1732160
2023-10-17,1122.883544921875,1124.659888392168,1113.4817587695597,1113.4817587695597,763320
2023-10-18,1119.8817138671875,1128.7492082219746,1116.8513294426912,1122.8833035281095,713420
2023-10-19,1161.7349853515625,1166.291375270408,1112.061544017463,1119.590611665811,5848240
2023-10-20,1168.8282470703125,1191.227870309247,1155.4500821690262,1160.175126653041,4158680
2023-10-23,1164.8831787109375,1187.8557599630674,1161.5422807631367,1169.8055556844756,1584600
2023-10-25,1168.010009765625,1180.863406122156,1162.733868207352,1168.8428249461008,2227000
2023-10-26,1133.4886474609375,1167.9088517779428,1127.4904040868025,1167.8799394832874,2538800
2023-10-27,1158.105224609375,1166.3395879367315,1128.4219326400173,1133.7246360256424,2608740
2023-10-30,1163.6290283203125,1167.398439033978,1148.866835027744,1160.177417761603,1452280
2023-10-31,1166.6668701171875,1171.2498216907466,1161.2391153454253,1169.8056172250365,1032780
2023-11-01,1162.66845703125,1178.611267300284,1158.153693633365,1178.6088892315993,1273800
2023-11-02,1174.3131103515625,1176.163842061911,1157.8175201871964,1168.3908877818658,2141360
2023-11-03,1168.8218994140625,1178.6087207837306,1167.7407106410924,1175.8278076613042,954280
2023-11-06,1182.9703369140625,1187.8868753059671,1171.7273031240086,1176.1761942815094,1485520
2023-11-07,1186.864013671875,1192.2457020800066,1174.7150551181344,1182.8460287690318,1059300
2023-11-08,1182.58056640625,1188.9679396969377,1179.5852701318274,1186.8420652937618,726100
2023-11-09,1179.9117431640625,1189.080030492951,1178.236393734516,1185.9143453820748,844460
2023-11-10,1175.55029296875,1181.0196129355675,1171.5785617010515,1179.9116707761082,566340
2023-11-13,1173.04931640625,1183.3816670400054,1170.426663634247,1183.3816670400054,570560
2023-11-15,1177.344970703125,1180.9951869394845,1169.2578731722688,1180.8004231297462,1533940
2023-11-16,1172.90576171875,1182.1398020813524,1171.1086552799093,1178.3677096726065,1388360
2023-11-17,1187.036865234375,1192.4843070863267,1172.0144866815865,1173.7385864513797,1401020
2023-11-20,1183.603271484375,1188.5344345523042,1176.953002618893,1187.1342277552378,1082300
2023-11-21,1187.056396484375,1189.316275179743,1177.646973115021,1183.7227008628854,906580
2023-11-22,1185.9556884765625,1194.1937939713507,1181.5310539047703,1186.8907450785343,736420
2023-11-23,1188.0233154296875,1197.5982533090207,1185.97044741664,1189.0338758260323,736280
2023-11-24,1175.6356201171875,1191.8974487174855,1174.13065931147,1190.7846314479343,808240
2023-11-28,1179.5147705078125,1181.5310159669327,1163.1773203498483,1175.5892926763918,1753940
2023-11-29,1172.15576171875,1185.18377319729,1169.4064765131534,1179.6316962407066,1254300
2023-11-30,1180.369384765625,1185.4369297672479,1167.1806170427778,1172.764440708777,2944060
2023-12-01,1185.359130859375,1186.6448336663793,1176.485367751381,1185.4248844571068,1273000
2023-12-04,1188.48583984375,1194.9243418989179,1175.620963883696,1187.8136787305648,1987840
2023-12-05,1198.5234375,1201.6867444817572,1188.485847333635,1190.8333578486265,1343740
2023-12-06,1216.0369873046875,1222.2903562697966,1203.0576082572595,1204.3628111613134,1592160
2023-12-07,1216.36572265625,1225.8530276668887,1208.4783822555016,1216.037073564266,1201700
2023-12-08,1207.3240966796875,1226.128318530932,1205.704750771184,1217.3276806413744,1401520
2023-12-11,1219.687255859375,1223.4154729324434,1199.9893568009875,1211.7267900700317,1078740
2023-12-12,1214.997314453125,1229.296404242008,1207.9402764343652,1219.6873417081326,1282460
2023-12-13,1219.7333984375,1221.4672481079988,1209.0480236954174,1215.5450254678578,891440
2023-12-14,1207.504150390625,1224.5841506177974,1205.400154428191,1224.5841506177974,2094520
2023-12-15,1186.712890625,1215.2406757769834,1179.5828467917916,1210.2680156727793,3190820
2023-12-18,1186.121337890625,1197.145232089007,1183.430434246006,1190.7846117202535,1326480
2023-12-19,1241.4210205078125,1251.9067583738874,1193.7507280348257,1196.6192735803036,7057320
2023-12-20,1222.331787109375,1255.4838471720811,1220.2595381171298,1251.3708585967568,2889760
2023-12-21,1223.2132568359375,1229.6493802199661,1213.0757887970763,1222.3317068577524,2212760
2023-12-22,1235.515625,1237.5368643294428,1222.4413610463832,1229.2597590761238,1776560
2023-12-26,1244.944580078125,1246.7928149715344,1235.3476465528506,1241.2407382787358,1235700
2023-12-27,1252.6591796875,1254.9725650614919,1245.8432776627603,1246.792959456658,1428320
2023-12-28,1278.4447021484375,1284.4886819157439,1255.325477777173,1259.9352444864392,3155440
2023-12-29,1294.5362548828125,1297.930828936234,1273.367520340349,1278.4496907908497,2068160
2024-01-01,1333.11376953125,1336.6617290369861,1297.44381007935,1297.9308385365869,2632200
2024-01-02,1325.8447265625,1348.7278088814348,1316.1480336578568,1339.3281367230218,2831540
2024-01-03,1297.2099609375,1335.3004350577257,1294.1806584003812,1331.77922905489,2026920
2024-01-04,1320.645751953125,1322.284597904077,1298.0306766187869,1307.72249505179,2647800
2024-01-05,1298.6126708984375,1341.2764126306336,1286.9483627682662,1341.2764126306336,5154128
2024-01-08,1275.6737060546875,1309.6195669204699,1271.631345938768,1306.6973960757236,2064756
2024-01-09,1262.669921875,1285.9011535925645,1259.9181399760262,1285.7550212867338,1626054
2024-01-10,1255.6080322265625,1277.183296368657,1251.882193426811,1261.4036229327216,2052936
2024-01-11,1245.4290771484375,1261.3792582275196,1241.9712466382337,1256.533349130743,1551334
2024-01-12,1241.7276611328125,1246.7683337507804,1232.1818568935346,1245.4290056454613,2214110
2024-01-15,1240.7293701171875,1254.658312653256,1232.4985178471438,1248.7409644587108,1787668
2024-01-16,1238.05078125,1245.2830828936844,1232.8396002530785,1245.2830828936844,1386740
2024-01-17,1238.5618896484375,1245.4045430929398,1229.9413924161024,1238.0504860815922,1603238
2024-01-18,1218.5450439453125,1241.9224068986998,1215.6958802740016,1234.6169809757662,1269820
2024-01-19,1224.4625244140625,1228.2369948843248,1217.4249871243887,1222.441403917165,1882782
2024-01-23,1199.50244140625,1216.6945711841602,1191.2717073428946,1207.83067629206,1381076
2024-01-24,1224.365234375,1227.019515833855,1195.6549290050373,1206.8078337345846,1318076
2024-01-25,1208.8775634765625,1231.2078644336132,1201.8400264815095,1229.7711543535074,1571546
2024-01-29,1216.864990234375,1220.0063000406194,1206.1747392502348,1208.877652097638,1265438
2024-01-30,1213.6990966796875,1232.741834972419,1211.7266079624103,1223.4152890681569,1336068
2024-01-31,1220.4932861328125,1223.2936996983608,1208.6584711098972,1221.9543714713593,1432188
2024-02-01,1201.888671875,1222.879523919314,1199.404779550979,1222.4412459343287,1641132
2024-02-02,1208.5123291015625,1215.622991920159,1199.5754285278601,1201.9861955364393,1508122
2024-02-05,1199.4049072265625,1220.0062338787332,1196.4827366064937,1220.0062338787332,1065954
2024-02-06,1196.4583740234375,1206.8321036147827,1191.1498115690254,1199.2345312645255,1540366
2024-02-07,1217.376220703125,1223.196186228348,1191.6123473290704,1202.960132685287,3094808
2024-02-08,1180.09423828125,1224.3164426511305,1173.3002155947618,1219.4947899452768,3308894
2024-02-09,1193.2684326171875,1200.963386873606,1178.6332041628448,1189.7374764147246,1677638
2024-02-12,1197.6273193359375,1201.961824927386,1188.0085075642305,1197.9682154661477,890538
2024-02-13,1196.7994384765625,1206.1747363686484,1190.7602142066135,1204.9084148062661,621970
2024-02-14,1211.23974609375,1216.2805380749328,1185.9386420861083,1193.219693578483,1018616
2024-02-15,1198.3214111328125,1218.5656951258743,1190.7267193254036,1218.5656951258743,1680952
2024-02-16,1214.9759521484375,1216.3679487112802,1195.903906043113,1200.0308884858532,1493232
2024-02-19,1227.4791259765625,1233.4620641216786,1211.9234391036443,1218.5657691481244,955040
2024-02-20,1240.2508544921875,1241.4230935418168,1219.5914975866035,1230.287478385084,1262888
2024-02-21,1242.3023681640625,1245.9165039766433,1229.8724119236576,1240.250979430323,1786364
2024-02-22,1251.850341796875,1253.2178943069061,1233.21781146969,1250.3119197474878,1504742
2024-02-23,1259.5916748046875,1261.5452873286188,1246.3803462637932,1252.7540309709282,1211238
2024-02-26,1261.9847412109375,1263.9872416464107,1253.6086756166633,1263.9872416464107,1323894
2024-02-27,1269.2132568359375,1270.5563655140768,1253.608799859549,1262.5221574508362,1261744
2024-02-28,1255.635498046875,1272.2900916640822,1250.4340526614073,1270.336479239262,985574
2024-02-29,1267.9921875,1272.8762188201904,1243.987221256883,1255.904209982529,2774576
2024-03-01,1270.5562744140625,1277.9312092317673,1261.3010591252119,1267.9921580305554,1511456
2024-03-04,1264.5245361328125,1270.3853734358315,1258.810124371137,1267.357178771373,1268620
2024-03-05,1239.884521484375,1267.5037415140628,1236.636688461875,1264.9640691612387,678604
2024-03-06,1237.1495361328125,1253.6086972849073,1225.0371150150456,1240.5439139392868,1983280
2024-03-07,1250.7760009765625,1253.2424606881582,1230.2875130450002,1235.6599475997818,1297304
2024-03-11,1275.46484375,1284.9887053058587,1244.7198888828716,1250.7760403304635,2990598
2024-03-12,1265.037353515625,1277.1986633233091,1253.3890100950991,1272.803035035024,1726470
2024-03-13,1261.5208740234375,1296.050952376405,1246.8200109665358,1267.381711737855,3627604
2024-03-14,1276.0753173828125,1279.5917961797854,1257.100807499719,1264.9641458315891,2245994
2024-03-15,1271.6307373046875,1284.4513192209429,1262.619723577071,1278.1265226567323,2533984
2024-03-18,1260.2510986328125,1275.1229504999396,1249.701543040883,1271.6307964815746,1285192
2024-03-19,1219.07861328125,1262.3999455291716,1205.4520948937345,1260.0800307438872,3497728
2024-03-20,1245.5501708984375,1247.8700859309902,1220.0555495464057,1227.8455561763246,1399290
2024-03-21,1247.2105712890625,1251.3132290128458,1233.2910824628477,1245.9163507253998,1807754
2024-03-22,1256.856689453125,1265.9410362514784,1239.0788614853398,1240.64172780574,2027126
2024-03-26,1263.059326171875,1268.1386708029877,1236.7098830857378,1254.2191822153177,1941704
2024-03-27,1253.462158203125,1265.2327210412257,1246.2826562171363,1263.0593510141773,1801192
2024-03-28,1280.7640380859375,1288.7493579825832,1253.755320254264,1253.755320254264,4365832
2024-04-01,1262.815185546875,1290.654164065409,1261.3010881423538,1280.764000644351,1486064
2024-04-02,1281.2279052734375,1284.500182270196,1261.5452360471165,1268.3828796029275,1445766
2024-04-03,1247.357177734375,1281.5453975941032,1242.985993471548,1281.227983248168,3850278
2024-04-04,1245.232666015625,1255.1960421565805,1227.8943549274697,1255.0983853785408,2782752
2024-04-05,1239.3961181640625,1258.1264253362494,1237.6134944883759,1257.638022220824,1532454
2024-04-08,1220.055419921875,1244.0848292266635,1217.5157475828235,1236.1482786427266,2436980
2024-04-09,1222.3753662109375,1231.850339148948,1219.542604235549,1223.9382323645518,867882
2024-04-10,1234.48779296875,1237.1251221620682,1218.1018441906065,1227.8454627380336,989760
2024-04-12,1238.6881103515625,1249.8237266052354,1228.9200468376491,1237.955505588019,2479930
2024-04-15,1247.2105712890625,1258.6148317598413,1225.891822940319,1225.891822940319,2293646
2024-04-16,1243.523193359375,1261.8626345612365,1241.6672377125324,1245.5011305434305,1537722
2024-04-18,1202.7171630859375,1241.8381826281623,1177.3446440885575,1240.592850026036,6077666
2024-04-19,1190.580322265625,1207.0151596320504,1177.0515790020831,1186.819641898366,3702024
2024-04-22,1200.836669921875,1212.2164859219718,1185.769505933189,1189.9941450237245,2504706
2024-04-23,1221.618408203125,1225.8919358680037,1184.8416262792744,1196.0993430042793,2248818
2024-04-24,1221.0810546875,1238.492698056602,1215.2691050556148,1228.3583329687274,1447036
2024-04-25,1251.606201171875,1259.0543487125963,1206.966203934907,1230.7514119056639,6481728
2024-04-26,1212.5828857421875,1261.4476433402763,1206.8685928995594,1257.613631027569,2643128
2024-04-29,1225.7943115234375,1232.9249263295392,1216.123904818037,1221.9847429135457,1243124
2024-04-30,1224.6219482421875,1239.3718180121905,1221.2764583785095,1229.6525242787814,1625278
2024-05-02,1227.01513671875,1241.0322818951017,1223.4497702271665,1224.6218899760802,2223826
2024-05-03,1199.56689453125,1232.2654580356048,1189.8720453578094,1228.3826772613108,2257460
2024-05-06,1200.2017822265625,1211.2152964563786,1195.0979934583188,1208.504635286169,1431992
2024-05-07,1225.2325439453125,1234.8541816223765,1201.2520202484477,1205.8674062788612,2146918
2024-05-08,1240.0555419921875,1244.4511701441882,1213.9991874177656,1222.204383815976,1398140
2024-05-09,1227.5767822265625,1245.379051872323,1221.984590422756,1240.0555056288476,1404310
2024-05-10,1237.2227783203125,1244.9395715800338,1222.69278528206,1227.576816555422,1394832
2024-05-13,1228.9443359375,1241.4718281193984,1223.9626480211505,1237.0029873206968,680762
2024-05-14,1214.82958984375,1230.263057421025,1212.2165853666197,1223.9871486574584,1113494
2024-05-15,1203.91357421875,1220.5192786907328,1201.471558855223,1215.1468448909736,868812
2024-05-16,1205.5499267578125,1211.2153315840733,1182.0821322579732,1206.3557442354686,1944988
2024-05-17,1194.3897705078125,1205.5498289399243,1188.6754781360569,1205.5498289399243,1442356
2024-05-21,1201.8624267578125,1215.9284605226433,1187.7963929929817,1204.4020991450218,2574902
2024-05-22,1205.9405517578125,1214.9027969707834,1202.399629032973,1207.3325483866438,1574654
2024-05-23,1208.382568359375,1214.902797905057,1199.2983415948495,1211.7281775286217,1563326
2024-05-24,1205.2567138671875,1213.6816670894382,1200.5192277871201,1209.749998404581,907544
2024-05-27,1201.4228515625,1210.7513993499244,1199.0297238418977,1209.7745930575888,1071662
2024-05-28,1197.41796875,1205.20797507796,1194.634094666657,1202.033354630154,1043344
2024-05-29,1209.3837890625,1219.5425978665055,1194.1456354760137,1195.464300060019,1739200
2024-05-30,1174.5118408203125,1207.8697975936125,1172.4361275709225,1203.9381286499006,2548428
2024-05-31,1150.140380859375,1184.6705744708404,1145.3052379979824,1184.6705744708404,5065946
2024-06-03,1150.2137451171875,1166.770562520416,1147.7472856130623,1159.8597063473399,2145030
2024-06-04,1185.720703125,1190.7268352255173,1136.7338451618834,1154.5605594710432,3117062
2024-06-05,1225.8187255859375,1257.174184783153,1186.8196853491118,1186.8196853491118,4057558
2024-06-06,1207.0394287109375,1229.799061904874,1197.881870168159,1229.799061904874,1944280
2024-06-07,1222.2044677734375,1228.9444552506407,1204.8905995442942,1209.5059855731329,2022404
2024-06-10,1244.548828125,1252.7540245311416,1224.4510870839879,1225.8918524651717,1590348
2024-06-11,1241.4962158203125,1257.6379618581832,1237.613435086849,1250.3119154784267,1138822
2024-06-12,1239.225341796875,1247.7479529540747,1231.264346569027,1242.497619068467,960816
2024-06-13,1246.2825927734375,1276.9054428619072,1243.059084663478,1266.9908362245237,2162544
2024-06-14,1241.7650146484375,1252.558772009242,1237.6624758649832,1252.558772009242,858944
2024-06-18,1245.5989990234375,1247.8700259347054,1237.6135599681186,1244.9396070871092,519108
2024-06-19,1233.7308349609375,1250.1167849435617,1229.7259528681977,1245.4280668785152,1568614
2024-06-20,1240.421875,1245.9896231012112,1221.0078501821044,1233.2179286839255,1314826
2024-06-21,1220.226318359375,1244.4511610263053,1215.3911751232185,1236.9298006058298,2543088
2024-06-24,1235.6844482421875,1236.6368105636498,1213.4376602864882,1220.2264165667098,1448402
2024-06-25,1228.5537109375,1239.7137708932912,1223.4499217385371,1238.1020166096573,625460
2024-06-26,1237.7357177734375,1243.9628581114512,1224.6464891367036,1232.0458686111876,958712
2024-06-27,1237.491455078125,1247.381618655957,1224.9395182370315,1236.2460032242182,1732622
2024-06-28,1246.23388671875,1257.0032003413482,1234.8297443736883,1237.4915177718,2364066
2024-07-01,1254.26806640625,1265.5013378638819,1248.8467442245596,1250.2142967715574,1849028
2024-07-02,1242.7174072265625,1263.9873888740112,1237.1984276236217,1262.7174929515456,1162200
2024-07-03,1246.1605224609375,1254.9762223543735,1240.8857450789035,1245.476805809524,631912
2024-07-04,1243.05908203125,1252.7539311040243,1241.5451039893217,1250.3119156437824,627352
2024-07-05,1257.222900390625,1259.88479290599,1236.880957220214,1245.7211017867853,1583026
2024-07-08,1271.508544921875,1279.6160838356843,1251.020059335748,1257.2227546729462,1448552
2024-07-09,1286.014404296875,1289.4332264062552,1266.7224795368015,1283.181642129864,1665146
2024-07-10,1277.88232421875,1294.2438287994719,1268.8957544730156,1288.3585473338214,1069980
2024-07-11,1266.5269775390625,1285.281729343656,1252.119085150927,1279.6162053191438,2107598
2024-07-12,1274.2437744140625,1279.5429961044654,1262.9372895770302,1272.290161881423,1451786
2024-07-15,1272.3389892578125,1279.3719463445448,1268.3828763721253,1274.2681576940513,695922
2024-07-16,1284.5076904296875,1290.1979164361776,1265.6635151376959,1283.177537405828,1514138
2024-07-18,1294.2376708984375,1298.1049653702305,1268.5947890677267,1268.5947890677267,1733594
2024-07-19,1279.85205078125,1303.3271640255418,1274.2356755830053,1298.0804027256631,1077872
2024-07-22,1274.654541015625,1295.6910213755384,1263.8160609889094,1279.8521089021935,1490342
2024-07-23,1271.82177734375,1284.1135751566408,1256.2783873583096,1279.2363071756954,1936998
2024-07-24,1252.0413818359375,1271.550692804528,1240.8580658191895,1271.550692804528,2622088
2024-07-25,1222.1124267578125,1259.5544472323015,1211.6680977336612,1253.7165201539894,6938362
2024-07-26,1220.264892578125,1227.999721558632,1207.7514239976376,1227.999721558632,3239386
2024-07-29,1217.013427734375,1225.2161376571726,1211.4463666948038,1223.5658050543,1605802
2024-07-30,1210.78125,1221.989222873285,1207.5051214251102,1217.0381047054032,3429516
2024-07-31,1210.1409912109375,1220.3143347072569,1207.997879976663,1216.8657273826905,1644722
2024-08-01,1223.7628173828125,1227.8519039924427,1210.14086794942,1214.4023127409955,2653524
2024-08-02,1229.2314453125,1238.5426365934013,1214.4023863177144,1221.792258851088,2310948
2024-08-05,1237.0152587890625,1245.8831051884426,1219.3535368770156,1225.7334356476636,2651820
2024-08-06,1235.8330078125,1245.439842037074,1232.1380715722792,1238.4933137943099,1898862
2024-08-07,1242.8780517578125,1245.907851383451,1236.695167686516,1240.784254541333,1299940
2024-08-08,1226.275390625,1243.9617692529362,1220.8068373104063,1240.7841483929913,2850012
2024-08-09,1233.9609375,1237.508052392482,1226.8173937851616,1234.897060222464,540012
2024-08-12,1218.3929443359375,1236.547325376074,1216.0528180745378,1232.5322094808207,950040
2024-08-13,1224.107666015625,1227.704094521442,1218.5899188598662,1218.8362479318007,623692
2024-08-14,1219.1319580078125,1227.679505107518,1212.2347436141517,1225.1915572885157,1123752
2024-08-16,1244.18359375,1248.1248592442464,1217.5308580118851,1226.718885084196,1719668
2024-08-19,1233.197265625,1254.3077165859968,1231.9164265336246,1246.4251857669174,955402
2024-08-20,1240.759521484375,1244.4544575221485,1231.1773447486553,1236.8675703023998,969464
2024-08-21,1257.1405029296875,1258.7416420046445,1242.3114436935512,1246.3758736530574,1249546
2024-08-22,1256.77099609375,1263.6928674621893,1253.8150470633452,1263.6682104980277,1269810
2024-08-23,1246.031005859375,1256.943456372064,1241.4985748005981,1256.7463209394994,1023074
2024-08-26,1241.2769775390625,1253.8151045287743,1235.56209437387,1246.0310810030394,1266798
2024-08-27,1242.212890625,1247.804608839313,1237.3109659998263,1245.7600053132835,782130
2024-08-28,1227.9505615234375,1241.0060038024228,1226.71891602542,1241.0060038024228,1130322
2024-08-29,1233.8870849609375,1241.227643828082,1227.0390640023784,1231.1034940406962,1799588
2024-08-30,1232.014892578125,1240.168409174804,1227.605626105428,1233.887017640116,3808974
2024-09-02,1236.522705078125,1239.5279680561837,1230.192119697345,1231.6454372577343,1751182
2024-09-03,1246.794677734375,1260.7122711932295,1232.630755187753,1232.630755187753,1975054
2024-09-04,1248.765380859375,1252.0661667660268,1238.3949016239624,1243.9866203427703,1005886
2024-09-05,1234.0594482421875,1248.8885078269445,1227.7780563389158,1248.7653432798215,2238592
2024-09-06,1233.221923828125,1241.1291116195316,1225.7582005624622,1235.8823501489617,1673400
2024-09-09,1239.8974609375,1241.4986000049669,1226.103032048556,1229.2559962548792,1167196
2024-09-10,1249.134765625,1255.243678702473,1238.5426151769868,1245.9324875825773,3044078
2024-09-11,1244.8734130859375,1261.9932854301105,1241.2276702617453,1254.800427643421,1959876
2024-09-12,1245.365966796875,1251.3517152765182,1225.733491184243,1246.3758197936013,3109758
2024-09-13,1247.1148681640625,1261.6975983964685,1245.5630430089307,1246.425194823532,1465434
2024-09-16,1256.0814208984375,1259.0373701597819,1231.6455255601704,1246.4252718668924,788794
2024-09-17,1254.7264404296875,1273.6691219848285,1250.7112043948964,1256.8447742236765,1390374
2024-09-18,1279.507080078125,1281.453176014087,1254.307663542687,1256.253639200779,2354058
2024-09-19,1297.7601318359375,1318.845925640262,1279.5071225188865,1282.3892209344797,5068578
2024-09-20,1329.955322265625,1332.2707914965574,1296.2574329080512,1302.5881381961349,4645516
2024-09-23,1342.5673828125,1344.8829724664797,1325.2504960037497,1332.7142192734386,2144494
2024-09-24,1328.4033203125,1363.0865244837512,1317.3678264222024,1342.4933908004868,3080066
2024-09-25,1328.87158203125,1332.4433538150083,1310.002749793889,1322.9103699775515,1437914
2024-09-26,1357.51953125,1360.9434813342148,1334.0936121804768,1334.0936121804768,2317212
2024-09-27,1352.6915283203125,1368.6044114434262,1345.4494771965433,1354.8099825303896,2194334
2024-09-30,1325.225830078125,1349.883395723466,1322.688688595123,1340.030232251032,1766384
2024-10-01,1333.650390625,1335.1037082444504,1316.8260411016124,1325.2505443459672,1105518
2024-10-03,1317.7867431640625,1327.7137570957632,1305.7166180995557,1322.7871754367807,1624730
2024-10-04,1279.999755859375,1319.5110366855004,1276.1324614532793,1311.9486857854645,2066068
2024-10-07,1268.0283203125,1290.764447488212,1264.6042496970517,1283.3499177323702,2205716
2024-10-08,1271.9202880859375,1277.95535094216,1257.0666916978962,1266.4271973524455,2404340
2024-10-09,1239.5279541015625,1271.058076940394,1216.348363177753,1270.5654187710372,4733190
2024-10-10,1237.779052734375,1247.2627229479938,1234.6014314456474,1245.9325698826983,2060004
2024-10-11,1237.4588623046875,1242.483951773334,1229.7241527984704,1241.4986353960355,1256928
2024-10-14,1232.6553955078125,1241.3507640774378,1228.270665638035,1241.3507640774378,1340768
2024-10-15,1223.8861083984375,1232.6554482352317,1217.8510455714754,1232.6554482352317,1590308
2024-10-16,1213.0474853515625,1228.221379870666,1197.873590832459,1226.718748512698,2473286
2024-10-17,1171.885986328125,1219.3043360567294,1165.136593331421,1219.3043360567294,5255508
2024-10-18,1157.869873046875,1174.3246079416886,1145.9722262600003,1172.5264537183543,3278370
2024-10-21,1160.03759765625,1169.5705820617989,1149.371595598221,1162.6733671717966,1497408
2024-10-22,1157.869873046875,1174.9897445875106,1152.844783729371,1159.9636702856576,1934262
2024-10-23,1146.4893798828125,1170.0138068371177,1143.0162361045252,1157.771323824479,1414522
2024-10-24,1112.7423095703125,1152.8200991630483,1091.7304870706475,1152.3274410010129,5910994
2024-10-25,1113.752197265625,1126.4628009248986,1111.9293862617521,1117.8412837518456,2683018
2024-10-28,1119.343994140625,1142.4742706486356,1111.4614635971243,1118.802022054611,1751130
2024-10-29,1117.0531005859375,1126.11808319459,1113.7769718254126,1123.260641717103,1859662
2024-10-30,1121.4378662109375,1131.7590312750538,1113.506021210667,1122.644854725445,1787546
2024-10-31,1114.86083984375,1126.7092935052735,1113.4075222220893,1126.7092935052735,1319530
2024-11-01,1124.3936767578125,1129.6404377433146,1117.5211198839736,1129.6157807811846,243228
2024-11-04,1106.6087646484375,1126.7092421717016,1099.0710705424792,1124.738609478791,1926320
2024-11-05,1114.614501953125,1117.2994650427888,1101.7315383490443,1111.436880671674,1451860
2024-11-06,1121.093017578125,1123.1128439765305,1112.446842347411,1117.3487672486804,1613946
2024-11-07,1114.8115234375,1125.6500025488772,1104.3917315796152,1119.8119554618297,1783914
2024-11-08,1130.9705810546875,1132.128375764199,1112.816201242767,1118.3339482091958,1669990
2024-11-11,1122.7926025390625,1130.5766255152569,1110.5499991635213,1123.2606037350447,1547190
2024-11-12,1111.535400390625,1128.4089436435645,1104.047019849276,1128.4089436435645,2210678
2024-11-13,1101.2142333984375,1109.4416012219594,1094.6865122967579,1104.1701825765565,1526776
2024-11-14,1075.374267578125,1105.9929244490754,1073.2064994834652,1103.0862893841281,2318476
2024-11-18,1090.3509521484375,1093.1837364034407,1068.4276653053694,1079.2661441940772,1383330
2024-11-19,1090.819091796875,1105.352508515384,1085.7693453099355,1096.164481311275,1612040
2024-11-21,1089.3656005859375,1108.4807595167315,1077.443298250263,1086.5821303454063,1655768
2024-11-22,1107.1507568359375,1109.8850338025309,1085.917141073457,1090.8437228951113,1543916
2024-11-25,1111.90478515625,1125.058733676921,1106.6333670183474,1112.6930863056741,4059604
2024-11-26,1115.993896484375,1127.177212656235,1108.7271886273418,1118.3340227434196,634244
2024-11-27,1120.280029296875,1121.6841532021515,1108.7025622224967,1121.5856456230508,874722
2024-11-28,1101.7069091796875,1127.940958554229,1097.6424789948994,1120.3294133546567,2492756
2024-11-29,1100.91845703125,1114.8853633174065,1097.1496703967584,1097.1496703967584,2698320
2024-12-02,1109.392333984375,1111.9294754161563,1095.2284117786974,1104.9337535475352,936544
2024-12-03,1114.244873046875,1116.782134593298,1108.4807969582648,1114.3926945420421,1532464
2024-12-04,1112.3236083984375,1120.7973046239767,1104.2685994386732,1113.9000904416753,1937738
2024-12-05,1116.1170654296875,1121.7826342897367,1094.193777232106,1112.3236216398375,2375568
2024-12-06,1117.250244140625,1129.1478910709484,1110.9935093131064,1116.5851074867835,1291202
2024-12-09,1098.0611572265625,1121.5855837067031,1090.572657182318,1118.3339918307618,1939702
2024-12-10,1090.9669189453125,1103.5543599187113,1088.7746140269428,1098.135119758396,1830596
2024-12-11,1104.071533203125,1110.4514319709879,1095.1790298453886,1096.1643461115564,1469722
2024-12-12,1095.696533203125,1110.4516227686308,1091.2872662099978,1108.4563329312377,1931220
2024-12-13,1110.2052001953125,1112.3483113731806,1087.91241771968,1096.164442171986,1109322
2024-12-16,1102.9384765625,1112.1758172372279,1097.9133872910227,1110.2051845599526,1331372
2024-12-17,1085.30126953125,1100.5736724914586,1083.8479520148044,1096.6570641749793,2997812
2024-12-18,1077.960693359375,1090.7204913828991,1074.2411002568215,1085.301251711803,1932332
2024-12-19,1064.338623046875,1081.0151495965983,1057.934067073419,1076.4580616924086,3107980
2024-12-20,1065.865966796875,1071.5315358369323,1056.948805674852,1064.141663175988,3303524
2024-12-23,1060.00341796875,1073.9948625625416,1058.081978846062,1069.0682806241812,877434
2024-12-24,1067.4423828125,1071.5314694872663,1060.0525106091395,1060.0525106091395,645132
2024-12-26,1059.165771484375,1072.0241980742653,1057.4414678569576,1063.2548584278252,1047852
2024-12-27,1066.900634765625,1068.600281482102,1059.707777010423,1063.6490425688066,925334
2024-12-30,1064.09228515625,1072.5167875934644,1058.722359457214,1071.0388131502948,2470980
2024-12-31,1069.0928955078125,1071.3098572928106,1058.1065941621362,1061.6783659268551,1271114
2025-01-01,1068.69873046875,1073.6253121466052,1062.8114894192877,1069.0682240945891,908580
2025-01-02,1083.9464111328125,1087.6660041301511,1065.6934030649998,1068.5755012833417,1258328
2025-01-03,1099.9578857421875,1102.544341166758,1082.8873280511732,1083.9464950186566,2022900
2025-01-06,1076.4580078125,1105.9681815173587,1069.0681359053203,1105.2785082505006,2276932
2025-01-07,1090.080078125,1091.8783526557518,1073.9455226669593,1079.019925996361,1191638
2025-01-08,1093.65185546875,1096.1398033556145,1081.1630426605898,1095.1791439515832,899000
2025-01-09,1111.46142578125,1119.2207915210072,1085.843202386496,1091.4594570965069,2294636
2025-01-10,1107.4462890625,1122.2753485838236,1104.1701602341943,1119.3440564304115,1619708
2025-01-13,1102.248779296875,1113.9739472497054,1094.464756335124,1106.0175660991604,1609062
2025-01-14,1093.233154296875,1111.7324929422794,1083.4784983137733,1109.0720666135014,1405098
2025-01-15,1083.6754150390625,1093.7503700895413,1070.1519733325945,1093.2330549938902,1447250
2025-01-16,1068.7232666015625,1092.8388571325513,1062.4172187113027,1086.3604510697774,2651618
2025-01-17,1092.3216552734375,1096.8295496329536,1070.324516400083,1074.3149753548487,911802
2025-01-20,1090.7451171875,1096.1643567037884,1085.005697992759,1093.3069154487177,802216
2025-01-21,1082.0989990234375,1103.55428609665,1079.68502213375,1096.1644136451098,1528828
2025-01-22,1087.690673828125,1090.2278151572937,1080.965817999209,1082.0989557854089,896072
2025-01-23,1083.3306884765625,1088.5775702971994,1066.6049672034737,1080.9659051403512,992014
2025-01-24,1087.7398681640625,1095.055889714535,1078.9706494220468,1084.8332332252417,1327200
2025-01-27,1071.4083251953125,1099.5636907109777,1068.3785256458325,1075.0047537911444,1099972
2025-01-28,1062.31884765625,1074.906288093125,1055.569454708936,1071.4083669366823,1442066
2025-01-29,1074.339599609375,1076.4087397760202,1049.9776782390616,1062.3187889057267,794290
2025-01-30,1092.3956298828125,1099.9578605461318,1074.3396359753033,1078.428722798914,1149120
2025-01-31,1139.6168212890625,1175.9750172218776,1088.528194617402,1092.3956092493677,6279774
2025-02-01,1146.5140380859375,1169.5704638724426,1112.052624084276,1139.5183163171691,2493130
2025-02-03,1141.5382080078125,1169.5704076624602,1138.8777819230747,1146.5139829840552,2281742
2025-02-04,1132.8427734375,1144.346389498142,1125.0834074758502,1144.1492540689017,2487034
2025-02-05,1107.963623046875,1132.0792176247346,1096.287647886671,1125.1328092453655,2950590
2025-02-06,1103.2833251953125,1117.8413983122034,1097.149754976323,1117.8413983122034,1973914
2025-02-07,1103.2337646484375,1109.629705146253,1094.5322206330422,1107.646452768869,1585116
2025-02-10,1101.2257080078125,1116.8190057654801,1093.862835066648,1108.1422765308982,1520362
2025-02-11,1088.5576171875,1106.7044243355379,1079.8560734234973,1101.2256655916758,953674
2025-02-12,1087.68994140625,1097.73015625,1076.7572388112103,1097.73015625,1006516
2025-02-13,1079.6578369140625,1095.8460861618257,1077.2282801023928,1087.689984900628,1022294
2025-02-14,1088.731201171875,1103.1841040483637,1075.9391994860957,1079.6577975896296,1921722
2025-02-17,1098.9697265625,1100.7050723973607,1075.9144176136363,1088.7312345560695,1603030
2025-02-18,1101.89501953125,1105.4153410707518,1090.7640392972603,1098.9697705688816,906118
2025-02-19,1093.2430419921875,1102.6883055093438,1089.5740735675631,1093.763669943171,852958
2025-02-20,1094.1356201171875,1098.2012635568024,1084.2441724240882,1093.243132277241,1316934
2025-02-21,1098.201171875,1099.7630557265463,1085.4836146238838,1099.1927980481278,1188490
2025-02-24,1100.9033203125,1109.5553554433584,1088.83034437867,1090.292968762885,968084
2025-02-25,1115.7777099609375,1118.7525884493311,1097.6558386742986,1101.9197585454601,1285668
2025-02-27,1129.5614013671875,1131.3463769798684,1115.5794958949289,1120.636765400028,1502006
2025-02-28,1085.6571044921875,1125.4957354412616,1083.3516219996286,1121.0334175474416,3687132
2025-03-03,1083.6243896484375,1090.788865029575,1066.394883712175,1084.963060864076,1043550
2025-03-04,1064.2628173828125,1072.9891763475705,1050.1321440562763,1070.956294221698,2085044
2025-03-05,1089.3013916015625,1095.424731867092,1046.1656514698666,1046.1656514698666,1693328
2025-03-06,1091.3837890625,1098.9201240940788,1076.0632124453557,1084.3432671388953,2514922
2025-03-07,1109.852783203125,1113.596196229102,1086.4504296469365,1091.2846072574591,1051212
2025-03-10,1114.7861328125,1127.4789966736328,1068.5268671225667,1110.224676472697,1013160
2025-03-11,1116.2735595703125,1126.7104494849111,1107.5225068165055,1111.018013364375,957110
2025-03-12,1088.5576171875,1117.612312096014,1086.6486884101705,1115.0836169686575,717178
2025-03-13,1086.7974853515625,1096.6146088058367,1082.905425199095,1091.8300608760499,584340
2025-03-17,1078.0712890625,1092.4498693180497,1068.9730700332736,1078.6662405875877,820010
2025-03-18,1078.0712890625,1078.0712890625,1078.0712890625,1078.0712890625,0
2025-03-19,1082.8558349609375,1097.4326920123162,1080.9469060633917,1094.011629963969,845086
2025-03-20,1101.4736328125,1105.0434629756967,1081.442710647242,1092.7720885691242,953748
2025-03-21,1124.9256591796875,1127.9748614848907,1106.6300822040896,1111.0675854715148,1585274
2025-03-24,1122.2977294921875,1134.7178714448817,1120.5623836997424,1127.0327686497678,861902
2025-03-25,1117.9842529296875,1130.4539043766983,1105.7623869925299,1120.5376420576047,1484284
2025-03-26,1112.3319091796875,1125.4214480509463,1110.6710078725016,1118.0089451395818,1066938
2025-03-27,1111.6378173828125,1124.504143492246,1103.308132851023,1110.720514701896,1731172
2025-03-28,1115.9512939453125,1134.395516380037,1112.1335574247883,1112.1335574247883,1432302
2025-04-01,1107.646484375,1134.3460686866365,1099.7631043691986,1121.4796216827262,2040110
2025-04-02,1096.093994140625,1105.663211164362,1065.006537031861,1105.663211164362,2601704
2025-04-03,1113.422607421875,1115.1084445420324,1088.3097230517944,1089.8219771727197,635716
2025-04-04,1121.603515625,1131.8421284026278,1099.341556650578,1107.6464257785055,1183470
2025-04-07,1115.0836181640625,1119.2237058059277,1070.956253994831,1070.956253994831,1474570
2025-04-08,1128.173095703125,1131.9165088721077,1106.2829954395036,1118.0585567354983,1747016
2025-04-09,1162.607421875,1171.4081045962143,1126.586526728029,1132.0404709496268,3706748
2025-04-11,1170.81298828125,1176.068655481316,1151.302815719063,1163.0287469381517,2236634
2025-04-15,1174.0357666015625,1180.7292433120574,1162.9792315404984,1180.7292433120574,1561748
2025-04-16,1181.67138671875,1185.0429400120236,1163.6733469596436,1163.6733469596436,1354424
2025-04-17,1198.1820068359375,1201.4543007242992,1169.424846532963,1176.0686937699186,1815842
2025-04-21,1189.6539306640625,1200.363542285862,1185.241242393372,1190.4472800612784,953130
2025-04-22,1193.5709228515625,1199.8677251333404,1184.9933318465633,1192.4305284899517,975908
2025-04-23,1206.5115966796875,1210.7260081958134,1189.95148690616,1199.5207043229886,1165112
2025-04-24,1206.412353515625,1246.9698873824586,1179.539308979272,1207.304841262937,4674476
2025-04-25,1196.6448974609375,1207.404017346985,1183.654618661041,1203.2887444740402,2256568
2025-04-28,1192.92626953125,1199.0743032991143,1183.0100079391366,1189.951391053616,1961052
2025-04-29,1183.7537841796875,1192.9263265911322,1169.7222491460695,1192.9263265911322,1952120
2025-04-30,1184.100830078125,1193.1246043560802,1172.2509453186292,1177.5561213187357,2040862
2025-05-02,1156.136962890625,1182.415056101918,1153.7570358996018,1177.556063713603,1265148
2025-05-05,1154.35205078125,1166.1524269300476,1152.1208918011544,1164.615357880066,1827594
2025-05-06,1168.383544921875,1177.1594123927596,1155.2444980555777,1158.7151896806374,1742026
2025-05-07,1159.4093017578125,1168.1356607155126,1153.9058489902743,1155.7403332461204,1353304
2025-05-08,1160.5496826171875,1165.210398320426,1147.8569400648023,1154.252880545485,2693092
2025-05-09,1152.9637451171875,1164.6649828060067,1136.2548677003483,1141.3617668877937,1816458
2025-05-12,1181.9193115234375,1184.497515476424,1163.1775518240647,1170.019796926772,801500
2025-05-13,1175.1761474609375,1184.894132326367,1161.1942427020729,1180.0351398936523,2333552
2025-05-14,1175.2752685546875,1179.6384478391376,1166.796937572244,1172.5979263598347,1203066
2025-05-15,1189.0093994140625,1197.338962346519,1160.9463305760237,1175.0770034017407,1928224
2025-05-16,1194.3145751953125,1197.190315278282,1178.3989268563382,1197.190315278282,1369102
2025-05-19,1193.81884765625,1200.9089994409587,1188.067367078191,1191.934733601498,845862
2025-05-20,1169.375244140625,1199.7686126223807,1167.292853245145,1199.7686126223807,1555350
2025-05-21,1186.282470703125,1188.9598130221252,1169.3751955849384,1169.3751955849384,1350296
2025-05-22,1170.9617919921875,1182.5142616087232,1160.2026717670492,1182.5142616087232,2161612
2025-05-23,1197.091064453125,1201.8509184901545,1166.2020060845487,1168.1356286975263,1154460
2025-05-26,1216.725341796875,1222.1296561427396,1192.6287768285938,1197.0910947080445,1248708
2025-05-27,1220.1463623046875,1230.6080667303845,1205.916551093214,1214.7916778697358,1584098
2025-05-28,1199.3719482421875,1218.0640788274075,1197.8845088685925,1215.7834110834374,1447242
2025-05-29,1207.304931640625,1209.6848587955783,1193.1742579027368,1200.561824876278,1862596
2025-05-30,1188.0673828125,1218.2128449433944,1185.2412722170063,1207.3049562218825,2134920
2025-06-02,1193.0750732421875,1197.7852976389001,1185.4891086883847,1189.9514265379019,2052718
2025-06-03,1185.6873779296875,1203.040836122467,1181.0267832914453,1197.7356602560121,1468888
2025-06-04,1188.7119140625,1191.8355608200256,1182.4646205474487,1184.199966407394,1174082
2025-06-05,1190.5960693359375,1194.413806150538,1180.2831322297034,1192.4305536704207,1467916
2025-06-06,1198.4793701171875,1201.305480504479,1184.9932783555676,1191.8850318480959,1004606
2025-06-09,1197.537353515625,1203.4871104616243,1190.4472022786863,1202.3467161706849,678874
2025-06-10,1205.5198974609375,1209.238495632403,1194.3641029465407,1197.5373793483952,1351562
2025-06-11,1199.4710693359375,1214.74213756061,1193.9179866309996,1211.0235391803224,1751374
2025-06-12,1182.811767578125,1203.8838241107592,1173.2425506372108,1203.3383812871377,2717158
2025-06-13,1178.4486083984375,1180.0351861197307,1163.574215296088,1171.110550258321,829756
2025-06-16,1184.8941650390625,1187.4723689373611,1172.6476057360549,1175.1266712244417,532308
2025-06-17,1171.110595703125,1183.4562940379,1166.6482775992604,1180.0848616423696,1531068
2025-06-18,1160.599365234375,1172.1518350377612,1152.9637706250746,1172.0525755761396,1308554
2025-06-19,1149.740966796875,1160.5993464822116,1145.3282785584743,1160.5993464822116,1474774
2025-06-20,1170.317138671875,1188.959758788556,1149.740895973908,1159.260603891941,22941194
2025-06-23,1169.6727294921875,1189.4059939807669,1165.6069652445958,1176.5644831444558,1297744
2025-06-24,1172.99462890625,1181.8201260905964,1168.9784944704156,1177.5560851105283,1100860
2025-06-25,1192.1329345703125,1204.2803551672364,1176.068639016484,1176.068639016484,2300288
2025-06-26,1205.5198974609375,1211.5689139916822,1191.5379925458503,1199.8676766595568,3115098
2025-06-27,1219.0556640625,1221.5347296017526,1202.8922293754456,1214.246301125974,2375672
2025-06-30,1222.3280029296875,1227.434901832377,1211.2713471030372,1223.6666740279559,1658010
2025-07-01,1194.959228515625,1225.3524754138627,1192.5296716402586,1224.6583854769713,1077220
2025-07-02,1184.001708984375,1196.8432201391188,1180.0352040966552,1195.157503981087,1475052
2025-07-03,1184.199951171875,1194.4633791071449,1182.5142350631502,1189.9018017811943,1263638
2025-07-04,1196.4000244140625,1198.5,1183.550048828125,1192.449951171875,790114
2025-07-07,1211.050048828125,1213.0,1194.0,1199.699951171875,868414
2025-07-08,1208.949951171875,1217.8499755859375,1203.5,1211.050048828125,711576
2025-07-09,1213.9000244140625,1218.25,1207.25,1210.0,790360
2025-07-10,1200.699951171875,1218.449951171875,1198.800048828125,1212.5,569850
2025-07-11,1201.75,1214.3499755859375,1198.550048828125,1202.0,741064
2025-07-14,1196.449951171875,1207.3499755859375,1188.5,1202.6500244140625,942914
2025-07-15,1208.1500244140625,1210.0,1190.050048828125,1196.449951171875,1064608
2025-07-16,1230.0,1245.0,1203.699951171875,1208.0,2810630
2025-07-17,1224.550048828125,1235.0,1223.050048828125,1229.0,546708
2025-07-18,1236.0999755859375,1238.449951171875,1215.5,1229.5,899652
2025-07-21,1236.300048828125,1239.199951171875,1222.5,1236.449951171875,957974
2025-07-22,1221.75,1238.75,1219.0,1236.4000244140625,774548
2025-07-23,1226.25,1234.5,1216.800048828125,1230.0,720228
2025-07-24,1161.050048828125,1237.5,1155.0,1226.4000244140625,5372012
2025-07-25,1137.300048828125,1157.449951171875,1133.0,1157.449951171875,3178714
2025-07-28,1114.6500244140625,1149.949951171875,1111.050048828125,1137.3499755859375,1879938
2025-07-29,1111.8499755859375,1129.050048828125,1109.949951171875,1115.0,1801922
2025-07-30,1115.75,1119.75,1110.8499755859375,1115.0,929698
2025-07-31,1123.8499755859375,1132.949951171875,1110.5,1112.5,1346218
2025-08-01,1138.25,1143.8499755859375,1121.550048828125,1123.8499755859375,1410024
2025-08-04,1138.699951171875,1143.300048828125,1129.0,1143.0,812794
2025-08-05,1133.6500244140625,1141.199951171875,1125.050048828125,1139.8499755859375,1135934
2025-08-06,1116.6500244140625,1136.199951171875,1113.050048828125,1135.0,1127544
2025-08-07,1117.300048828125,1123.199951171875,1107.5,1118.0,1014230
2025-08-08,1096.5,1126.4000244140625,1093.4000244140625,1122.0,1242852
2025-08-11,1105.0,1108.9000244140625,1087.0,1097.0,1038967
2025-08-12,1091.0999755859375,1109.5999755859375,1089.0,1108.0,758197
2025-08-13,1096.9000244140625,1100.800048828125,1086.5999755859375,1091.0999755859375,813725
2025-08-14,1089.4000244140625,1103.0,1084.699951171875,1099.9000244140625,941698
2025-08-18,1144.0999755859375,1169.9000244140625,1120.5,1120.5,3478231
2025-08-19,1161.4000244140625,1168.0,1130.199951171875,1149.5999755859375,1851158
2025-08-20,1190.300048828125,1192.800048828125,1156.699951171875,1165.0,1652532
2025-08-21,1179.4000244140625,1190.300048828125,1168.800048828125,1190.0,991563
2025-08-22,1162.9000244140625,1191.0,1158.0,1175.0,921658
2025-08-25,1153.0,1166.800048828125,1148.800048828125,1162.9000244140625,931358
2025-08-26,1162.199951171875,1179.0,1149.0,1149.0,3619892
2025-08-27,1162.199951171875,1162.199951171875,1162.199951171875,1162.199951171875,0
2025-08-28,1162.4000244140625,1168.199951171875,1155.0,1165.5999755859375,1065888
2025-08-29,1156.199951171875,1184.4000244140625,1150.0,1160.300048828125,1593255
