Date,Close,High,Low,Open,Volume
2008-01-01,72.38230895996094,72.77989770718285,71.3569464899535,72.40323602792937,2621040
2008-01-02,71.78804016113281,72.60414498379193,70.74175028950661,72.5706629415743,12479500
2008-01-03,70.91332244873047,71.56620611432204,70.1516205815105,71.56620611432204,14037280
2008-01-04,70.99703216552734,71.73361780018048,70.89658605741971,71.27325417328929,7459640
2008-01-07,69.28112030029297,70.24370816173166,67.47731776639546,69.09697866584939,12644920
2008-01-08,71.80685424804688,72.10190868271151,69.89214554986292,70.68732309451522,18334980
2008-01-09,73.01428985595703,73.95176142510245,71.16026101868084,71.7545528558487,20098380
2008-01-10,72.06843566894531,75.23241480578965,71.36323740932895,74.89341795342001,17222000
2008-01-11,73.84923553466797,74.41214001972882,72.07263730282617,72.31956019007417,8302200
2008-01-14,74.62765502929688,76.37914284482048,72.08098326485768,74.2447094492595,23350920
2008-01-15,74.87039947509766,76.18244444825723,73.9329216132554,76.18244444825723,12456840
2008-01-16,70.04910278320312,72.76317880592845,69.06768243048755,70.93844912175014,24563400
2008-01-17,68.78726959228516,69.80844935086125,67.47312999789922,69.56152651682478,26713380
2008-01-18,65.74884796142578,68.05068532449734,65.10432992358021,66.17154670548614,19934820
2008-01-21,63.07453155517578,66.54402541639706,61.94035070205512,66.54402541639706,14869780
2008-01-22,59.697105407714844,74.4958273138102,56.54149845383261,62.731345565159366,23290120
2008-01-23,64.21290588378906,71.14771896855633,57.755207162710434,63.572576923955836,18665740
2008-01-24,63.21262741088867,68.51103928910796,61.73108419994955,64.03292123791377,16283820
2008-01-25,67.3161849975586,70.31066550879041,63.82785244355718,64.61884717508926,12144620
2008-01-28,66.55240631103516,66.96255014256538,59.8477791899178,64.8699704506102,11916140
2008-01-29,64.34053802490234,68.0925312956678,62.78575308854134,66.91231985393132,12190420
2008-01-30,64.1563949584961,65.87440096224506,62.98664376910957,65.87440096224506,7930220
2008-01-31,65.68816375732422,66.53984514526293,63.40725338278006,64.53515041093077,12793700
2008-02-01,65.74884796142578,66.24269363947379,62.15798090870868,65.91625176068547,14574460
2008-02-04,64.76116180419922,67.95862347598947,63.86553790724884,67.95862347598947,10982600
2008-02-05,63.29007339477539,66.85373624533877,62.787849175285885,65.28848438482841,12142820
2008-02-06,62.78156661987305,63.394697254656464,60.74339627066855,62.7732008999913,15731880
2008-02-07,62.434200286865234,63.27960421178193,62.02405648382576,62.7355322524584,33430640
2008-02-08,60.347896575927734,62.902934074095874,59.55480724525293,62.400716326978454,7761320
2008-02-11,59.04212951660156,61.47998336520453,56.52894587104375,60.34790347156492,13853780
2008-02-12,58.912384033203125,60.47554100599718,58.016760359559576,59.847767223928,9261840
2008-02-13,61.45906066894531,62.27516537282796,59.84777194673046,60.257915728622265,11688240
2008-02-14,64.30287170410156,65.07921684362903,62.73552545111237,62.73552545111237,12665300
2008-02-15,65.38263702392578,65.91624214400701,62.45511449857522,63.61440511675598,10884640
2008-02-18,65.15665435791016,66.54403574762334,64.46401097469126,66.04181788711475,3478480
2008-02-19,65.78652954101562,66.8663015623808,65.08551398001116,66.79515461035115,5489420
2008-02-20,64.3342514038086,65.70698276209491,63.154033743672144,65.70698276209491,7939100
2008-02-21,64.48701477050781,65.7069856106808,62.658096242528075,64.45143811493531,5978400
2008-02-22,61.701805114746094,64.43890307808223,61.105424978676986,61.53858414526618,9438340
2008-02-25,59.502506256103516,63.18753611739981,58.39762440748854,62.73135526617904,27321760
2008-02-26,60.88987731933594,61.49881868745274,60.47554430161493,60.68480224037484,12350240
2008-02-27,60.78107452392578,62.21658766874399,60.320710773489594,61.52184960315905,9212020
2008-02-28,61.628570556640625,62.4007330240398,60.76851692660672,61.475809930223036,12499920
2008-02-29,60.967315673828125,61.70180686429073,59.08189917100518,61.10333208791032,13693900
2008-03-03,58.16952896118164,59.84777547086355,57.00605523563875,59.84777547086355,10176000
2008-03-04,56.57289505004883,58.382975263999334,54.12457417810762,58.382975263999334,16964140
2008-03-05,55.77769470214844,56.57287861096514,55.254549914523544,56.16482312219982,12435040
2008-03-07,53.66421127319336,55.66262241838199,52.605363217230384,55.66262241838199,18383840
2008-03-10,54.88835906982422,55.60402408614618,51.27238505406141,52.94226264175899,15564540
2008-03-11,55.79654312133789,56.54150091603286,53.159888468439824,53.783476268389,20753240
2008-03-12,57.35969924926758,60.25792341895359,56.34898606124625,58.341119642152435,12473880
2008-03-13,54.37149429321289,56.290392644139274,53.80650161874708,56.081134678919426,8559700
2008-03-14,55.053680419921875,55.49102882566385,53.36078415178496,54.197816060048254,9006800
2008-03-17,51.31004333496094,53.360771669083164,50.012644819258334,52.10522410039885,17274360
2008-03-18,51.517215728759766,51.81227020749116,48.78012133264028,51.226347303116015,24222920
2008-03-19,53.26033401489258,55.86977769846879,52.10522924363781,53.36077693625558,25308920
2008-03-24,56.16065216064453,56.54150317937041,53.78557304445231,53.78557304445231,12884240
2008-03-25,59.17812728881836,60.0570129597196,57.1274025714406,57.33666045631767,17537260
2008-03-26,60.2327995300293,60.963107634612875,58.44992433274041,58.64243804488431,24661680
2008-03-27,59.9817008972168,61.40465238011716,58.006305369820176,58.642444929727354,17155740
2008-03-28,58.88519287109375,59.69083735182463,57.169281308208255,59.638522858089466,12130140
2008-03-31,55.71492004394531,58.59221638424295,54.00109720382262,58.59221638424295,23602140
2008-04-01,54.8067512512207,56.081131419006184,53.15152007622228,55.24619422984747,15136540
2008-04-02,55.578914642333984,58.634082090969486,54.74188281454597,57.75519611737364,13423660
2008-04-03,55.710750579833984,57.27390784109037,54.62051197916393,55.45336098271114,11518100
2008-04-04,54.149688720703125,55.24620494999931,53.80441430837176,55.244110326527604,23299320
2008-04-07,54.54936218261719,55.35291196357811,53.494703494233846,53.904850491008084,12104000
2008-04-08,54.7649040222168,55.45336456280661,53.99274156704341,55.45336456280661,14698460
2008-04-09,57.748931884765625,58.55038723390863,54.2417656780697,54.7837431445952,15735320
2008-04-10,55.51823043823242,57.55640098315786,55.29014002166048,57.55640098315786,10847260
2008-04-11,55.66470718383789,56.70890227067476,54.49076680870863,56.457790185906674,8359040
2008-04-15,54.545188903808594,55.81747468397279,53.37334287262885,54.838148815091756,17942760
2008-04-16,54.75442886352539,55.83001126631485,54.444724838707046,55.702366998668,11031900
2008-04-17,58.64244079589844,59.21999473151412,55.16039212960172,55.16039212960172,36265280
2008-04-21,61.134700775146484,61.70807182525063,57.838888496096004,58.80147621671022,17950720
2008-04-22,63.12266540527344,63.46585154154962,59.77244964638755,60.68481133074753,13991420
2008-04-23,60.490211486816406,63.145696013054106,60.08634508017439,63.145696013054106,10959740
2008-04-24,60.37510681152344,61.519748155397416,58.93122810515289,61.519748155397416,24423020
2008-04-25,62.79413604736328,63.11221228540315,60.70574535372468,60.88152130240857,10903280
2008-04-28,63.7546272277832,64.82811522768175,62.79412754537736,62.79412754537736,23126160
2008-04-29,65.141357421875,65.61272324959734,63.18854787889676,63.92926652558583,11831380
2008-04-30,64.14602661132812,65.15399836320893,63.340074338232654,65.15399836320893,16181420
2008-05-02,64.82991027832031,66.36817464136118,64.47638593663581,65.02351061126787,11967760
2008-05-05,64.33120727539062,65.60642552120167,63.81143963631799,64.81309867077681,8403100
2008-05-06,64.93303680419922,65.23395317598604,64.1817926408895,64.1817926408895,8619960
2008-05-07,64.89305877685547,65.31812935120294,63.77566472335408,64.79204904647051,6881160
2008-05-08,63.481082916259766,64.11447945458444,61.117927061047865,63.12965832595103,11781360
2008-05-09,61.13052749633789,67.3382746947612,60.73912685717618,65.75372117522522,12408460
2008-05-12,61.78498840332031,62.1574574665948,60.02998481785536,60.02998481785536,5235260
2008-05-13,62.29842758178711,62.91920491474767,61.44828642675862,62.69614737762963,10483240
2008-05-14,61.64820098876953,62.06485895847679,61.02532362165411,61.656620072912595,12053760
2008-05-15,62.22478103637695,62.571992753257824,61.12211235035719,61.12211235035719,4635880
2008-05-16,63.146480560302734,64.29544479245132,62.79295606820161,63.55051313833256,9818520
2008-05-20,61.496673583984375,63.34006079706604,61.02530774468156,63.12962870139472,12626240
2008-05-21,59.343963623046875,61.02952052052193,58.603238458048224,61.02952052052193,28917680
2008-05-22,58.237091064453125,59.2576881633279,56.858763203314275,59.2576881633279,10268020
2008-05-23,58.142391204833984,59.37552674657497,57.74678422029652,59.257685275116394,13286840
2008-05-26,56.71566390991211,58.142393457814805,56.22746626147147,57.65840213998977,7817180
2008-05-27,56.08858108520508,57.65840295887913,55.51199268873864,57.44376450061664,12565100
2008-05-28,56.87348175048828,57.262782422570176,55.427814240939,56.17274567824336,8254020
2008-05-29,55.53514099121094,57.86041332465142,54.880693765334804,57.4479681718004,12834520
2008-05-30,57.60368728637695,58.20131374498184,54.7544409651371,54.7544409651371,13161520
2008-06-02,55.15427017211914,58.079275898577315,54.459840194116936,58.079275898577315,9821940
2008-06-03,53.298248291015625,55.13321667540818,52.460729333711775,55.13321667540818,10400820
2008-06-04,51.13500213623047,53.449755319352015,50.339569026542016,53.449755319352015,9689180
2008-06-05,52.53017044067383,54.28727990355372,49.678814610613934,51.34543659341536,21232940
2008-06-06,51.869422912597656,53.65809622563918,51.261274114601136,52.608038618868214,19993160
2008-06-09,49.81349563598633,50.50581595263082,48.77816990916142,50.503712787202936,11123780
2008-06-10,47.65656661987305,50.28907151418914,47.13679898137292,49.24112036446992,31157420
2008-06-11,50.350093841552734,50.91405037731057,47.233594683475076,48.188955087683986,25568940
2008-06-12,48.88549041748047,49.44313752060904,47.189407865905515,48.664536026087625,24675380
2008-06-13,47.22727966308594,49.38841845801199,46.86323299059657,48.50039464509575,14506540
2008-06-16,48.36783218383789,49.325295921775364,47.55766710149401,47.87752487663802,20103260
2008-06-17,51.078189849853516,51.55587168246429,48.39938974272158,48.39938974272158,25744440
2008-06-18,49.17377471923828,51.85047145862549,48.92125682534008,51.85047145862549,21475980
2008-06-19,47.26095199584961,48.6098227394619,46.80010511067322,47.23359800198923,11940000
2008-06-20,46.221412658691406,47.89435053746959,45.98152017663457,47.2209652024181,12981700
2008-06-23,46.1077766418457,47.13257992095058,45.242900599620064,45.242900599620064,14868460
2008-06-24,44.59687423706055,46.66963174479468,43.85404916718892,45.45333444116096,7222820
2008-06-25,45.21554946899414,45.529094489779794,42.72403389076448,43.769881804211415,25943520
2008-06-26,44.632659912109375,46.24456772680901,43.77409636224614,45.49122025103284,27974340
2008-06-27,42.99550247192383,44.14866986328781,41.91808757918032,44.14866986328781,20918020
2008-06-30,42.397865295410156,42.734557992884824,41.87599450417,42.50729090373035,13423280
2008-07-01,40.62392044067383,42.71771934261929,39.9842050129835,42.71771934261929,20463360
2008-07-02,43.248016357421875,44.19075149014857,40.31880121538766,40.61340494094607,18080340
2008-07-03,41.43198013305664,42.92815264028046,39.77167082849513,42.84398107634192,34043780
2008-07-04,42.09905242919922,42.38103071957319,41.37516537079355,41.50352910162641,28030260
2008-07-07,42.31368637084961,44.190740287262564,41.93069841377596,42.08641932120244,27912660
2008-07-08,42.16007614135742,43.336390910789525,40.40296667102813,42.086423615654304,24163840
2008-07-09,44.5379524230957,44.90200226586678,42.09904516882339,43.30692657177719,46627720
2008-07-10,44.36750793457031,45.306036613676426,43.40372842826633,44.19074572230653,26190300
2008-07-11,44.939884185791016,45.24290696011137,43.563659498515385,43.98031420773617,21049640
2008-07-14,43.41846466064453,45.03247881995346,42.55990112773639,44.93988816283498,19296800
2008-07-15,38.64164733886719,42.919732293749576,38.380710380358245,42.919732293749576,37121580
2008-07-16,38.029300689697266,39.56124657686227,37.55372515806274,38.63534634560957,21831700
2008-07-17,40.34614944458008,41.20260971372241,39.89793121268497,39.93159791155109,46489000
2008-07-18,43.53840255737305,43.89613971544762,40.97955052346903,40.97955052346903,56678300
2008-07-21,45.60905838012695,46.038338487740646,43.9887285038815,44.190744749836895,24730240
2008-07-22,46.34978485107422,49.45365910696923,45.0345838951865,45.0345838951865,45148360
2008-07-23,50.69730758666992,51.1350067955827,47.789137264938866,47.789137264938866,47566960
2008-07-24,51.08871078491211,52.56594519379203,49.89345786237954,52.35551306988649,26460660
2008-07-25,47.40824890136719,50.280649144716016,47.05262133076364,48.53406198023381,40124160
2008-07-28,47.439823150634766,48.597199944916454,46.71593606009732,47.40825640240871,29768040
2008-07-29,43.319557189941406,47.12417037847957,42.212685373259795,47.12417037847957,49470820
2008-07-30,46.044647216796875,46.50549402884197,43.98030883270576,44.190740932383775,36235540
2008-07-31,46.21721267700195,47.50715953245311,44.53796186099106,46.29507154255009,36079500
2008-08-01,46.644386291503906,47.347228828826346,43.19119429829603,46.07201064612027,61370000
2008-08-04,46.6633186340332,47.74493951023569,46.09725576571452,46.72434253082033,20113860
2008-08-05,49.85137176513672,50.29328053538835,46.21089837881634,46.30559219788752,41716340
2008-08-06,51.193931579589844,54.430378971957495,50.40691420748755,51.00875026593291,66547600
2008-08-07,52.71956253051758,53.239330160900344,50.50371240559717,50.50371240559717,37795060
2008-08-08,54.001094818115234,54.501924339546896,51.59796016112056,52.60803507678272,42487040
2008-08-11,55.19634246826172,56.21904591011626,54.333575914374045,55.96652479754315,53257300
2008-08-12,53.241424560546875,55.554074499632506,52.82687306592828,55.217381854653055,27192080
2008-08-13,51.233917236328125,52.60803895701004,51.02138191488016,52.23978268431097,24319980
2008-08-14,49.44313430786133,51.2339105648311,49.03068592333238,51.2339105648311,19485840
2008-08-18,50.65311813354492,51.50536566956247,48.83708787044998,49.19903138169619,30093880
2008-08-19,50.7920036315918,50.9245769047536,49.08539888043706,50.08284836087338,18360480
2008-08-20,52.11141586303711,52.52386427691377,50.562635159178534,51.017169359547175,21819080
2008-08-21,49.08750534057617,52.18716980964224,48.84130012638376,51.85047710713969,13882360
2008-08-22,50.25118637084961,50.41953269387046,48.44146901751884,48.82024744158098,20124380
2008-08-25,50.82777404785156,52.26292268126831,50.682578578824476,50.92878377970442,15062700
2008-08-26,52.66273880004883,53.11306338792954,50.324837924743946,50.50370650298436,28607800
2008-08-27,51.93464660644531,53.36558563014431,51.59795393818464,53.18882021329086,28482020
2008-08-28,51.0550422668457,52.51123221867284,50.41953954719576,51.76630389254471,27136360
2008-08-29,53.73173141479492,54.48928825594782,52.027233338609435,52.027233338609435,24888920
2008-09-01,54.64080810546875,55.13321852318007,52.58698844441312,52.58698844441312,14423480
2008-09-02,56.38108444213867,58.331794583814144,54.08526891363314,54.81336877682409,57122060
2008-09-04,54.84071350097656,56.24429861282329,54.177853585713194,54.72077206928885,50381320
2008-09-05,52.54490661621094,53.87062978834648,52.18717260746065,53.660197640735745,47930240
2008-09-08,54.75864791870117,55.51199210187218,54.331470961090474,54.45983147505976,34216720
2008-09-09,54.4430046081543,55.28052685400619,53.29404368792747,53.44976463058479,35867160
2008-09-10,53.689659118652344,54.2830761174468,52.60803798609581,54.2830761174468,33393840
2008-09-11,52.73429870605469,54.034767867381284,52.52386655353403,53.241437753315225,24340400
2008-09-12,52.38497543334961,53.64756822485597,51.47170075145215,52.824777818432175,26068580
2008-09-15,50.64680480957031,51.13500890497581,48.64559635774592,50.724666883111446,34826660
2008-09-16,51.78103256225586,52.355511342500954,45.27446868014343,48.39938690141484,28293580
2008-09-17,49.971317291259766,52.52386001087764,49.04331084361558,52.51123138611003,33372980
2008-09-18,51.503265380859375,51.934651902641825,45.74794516628332,49.615688860587646,54211440
2008-09-19,54.693416595458984,54.880697854920314,52.82477822224435,53.039419897504295,36326260
2008-09-22,54.74181365966797,55.64035648181376,53.96321226284123,54.964871188555485,22754180
2008-09-23,51.92413330078125,54.36514753870961,51.44224508741933,53.66440809000635,22109880
2008-09-24,53.895877838134766,54.501923419489216,52.557529319936755,52.557529319936755,26159940
2008-09-25,54.73971939086914,55.33523958437983,53.369803959688234,53.664410913387556,34824680
2008-09-26,52.38077163696289,54.71236029966124,51.77472600306589,54.71025392310974,26172660
2008-09-29,50.518436431884766,53.323493534996466,49.88082420669731,53.323493534996466,28521460
2008-09-30,51.75367736816406,52.31974029851343,47.97852452958582,47.97852452958582,46326400
2008-10-01,54.5124397277832,54.922784942658055,50.98349528299915,52.10299573572494,27338800
2008-10-03,53.69174575805664,55.07849244190762,53.16987508092812,53.87061431653002,27906840
2008-10-06,50.619449615478516,53.028896866635776,50.179647233519596,52.60803260578946,30037180
2008-10-07,47.50926208496094,52.60803160948963,46.00467045436588,51.77261581065578,57285380
2008-10-08,46.54969787597656,47.599752262144925,41.034269745114564,46.04255561773189,67626300
2008-10-10,44.09605026245117,46.210893656648786,41.038471893783836,43.77408938394572,90773920
2008-10-13,49.369476318359375,50.08284102639014,44.1528658444322,45.05351499761148,44092840
2008-10-14,48.02061080932617,52.52386026026495,47.38931442740442,51.55587119027583,43950620
2008-10-15,47.84173583984375,48.56351635060657,46.42131926518173,46.92635498513048,32890720
2008-10-16,46.01308059692383,47.19149834943889,43.811959569260836,46.25297304601294,54627240
2008-10-17,43.195404052734375,48.18895757875351,42.29685796213736,47.47348962396877,34234280
2008-10-20,45.46807098388672,46.83587980221935,43.391103717841276,43.559450060747025,24365620
2008-10-21,45.855262756347656,47.2209651219208,45.12085352216543,46.29506510421225,30895360
2008-10-22,44.12761688232422,46.505500586157254,43.7698829046186,45.03247568071336,25920440
2008-10-23,45.21135330200195,47.05263480143983,41.96228006238631,43.138595129687275,34135140
2008-10-24,40.94588088989258,44.19074368363538,38.81841210125713,44.19074368363538,63935240
2008-10-27,39.2371711730957,39.98209940176809,36.27849312017605,39.98209940176809,34216220
2008-10-29,40.0220832824707,42.08431859069492,38.73423980424239,41.66555753828617,47965580
2008-10-31,43.037574768066406,44.61160600542115,40.61339603323718,40.61339603323718,58745580
2008-11-03,45.055625915527344,46.210899527544846,43.76988540336588,44.40749453481859,43100720
2008-11-04,46.82746887207031,47.63132127420575,44.19706684038102,45.43019944127456,42095380
2008-11-05,46.22562026977539,49.15694117160912,45.45333482723643,48.19105536621662,30025520
2008-11-06,44.70630645751953,46.505501854720386,43.403731027566856,44.61582218068215,26108760
2008-11-07,45.865787506103516,46.92636400625669,43.43318943711025,44.86412853330058,27560740
2008-11-10,46.324527740478516,46.91373833103091,44.29596218954682,46.71593162032966,36987140
2008-11-11,43.06914520263672,45.79003441056827,42.72403662552763,45.53751327678244,24708200
2008-11-12,42.366302490234375,44.65369878991047,41.75815374327722,42.08853052838785,38022440
2008-11-14,42.46310043334961,44.569528225404824,42.18743484165135,43.39110694827157,35778060
2008-11-17,39.41183090209961,42.709305094989254,38.14292545734133,42.55358416803802,71692220
2008-11-18,38.513282775878906,39.1719330472237,37.27383786959651,38.719505329112366,50241820
2008-11-19,37.22755432128906,40.992185547898494,36.61940550528363,38.92994973078256,48777380
2008-11-20,34.561370849609375,36.18169745194948,34.047915988242465,36.18169745194948,64849280
2008-11-21,36.04491424560547,36.53101511064388,33.58496560852547,34.93383297596737,62015900
2008-11-24,34.89385986328125,36.07017478449114,34.00583595353569,35.98389683432133,36073340
2008-11-25,35.159000396728516,37.24648672504544,34.860187159727325,35.56302969792475,48339900
2008-11-26,38.13241195678711,38.908903906180406,35.14216964209253,35.773466102728925,48547600
2008-11-27,38.13241195678711,38.13241195678711,38.13241195678711,38.13241195678711,0
2008-11-28,38.83524703979492,39.39289085405732,33.31350724677628,34.09210542155483,55185040
2008-12-01,37.829383850097656,40.8238320771025,37.45691809136209,38.92994296012352,42957000
2008-12-02,37.284366607666016,37.65683241035023,35.567242712642376,37.033955047618655,34729680
2008-12-03,37.05289077758789,37.961955932607566,36.24062260670266,37.961955932607566,39434520
2008-12-04,38.38071060180664,38.66479522126548,36.699356966376016,36.699356966376016,35790980
2008-12-05,37.469539642333984,39.39288892997308,36.40475371786236,38.71950684443165,39840780
2008-12-08,37.79360580444336,40.15044464234887,37.12443006808574,38.906790181781425,49286640
2008-12-10,38.87733459472656,39.559135826913256,38.00404257156177,38.00404257156177,64598740
2008-12-11,38.65849304199219,39.940024109708006,37.96827261177645,38.929949112177056,44658380
2008-12-12,38.7174072265625,39.140374635230856,36.86770707873926,38.08821402675691,32151040
2008-12-15,39.7401123046875,40.34826108198833,38.929947253151425,39.35712425532434,30706780
2008-12-16,41.453025817871094,42.04433958048015,39.23717577934976,39.43497928136982,37878500
2008-12-17,42.179012298583984,42.92815009033166,41.58138588167731,42.22109807805334,51596780
2008-12-18,44.55480194091797,45.02827431795456,41.79182976413923,42.006468263185646,39705300
2008-12-19,44.27912521362305,45.63641171197857,43.45844125022834,44.23282989148906,40583380
2008-12-22,42.865028381347656,44.822048021664635,42.42312279220498,44.27492314641394,23885380
2008-12-23,41.23627471923828,42.843975795439874,40.956399647777694,42.59145471287105,26338860
2008-12-24,41.42145919799805,42.08642549138744,39.64541152851119,41.85074253613629,27097480
2008-12-26,40.941673278808594,42.92394348933214,40.65548546349869,41.875992417347966,16777140
2008-12-29,42.185333251953125,42.507294183697034,40.234626327727256,40.251461284993965,26060580
2008-12-30,42.886070251464844,43.52999207826596,41.88862076408413,42.04644486716047,37710760
2008-12-31,42.01698303222656,43.43319036875243,41.60032831368694,43.43319036875243,20786740
2009-01-02,42.74508285522461,43.433193660940965,42.22110565561461,42.92815779478991,20937040
2009-01-05,43.94243621826172,44.169700079021375,43.26694770980048,43.349016107002385,20118160
2009-01-06,46.31190490722656,46.84219478936499,43.51736639614909,43.94454337564018,36579860
2009-01-07,42.47572326660156,47.35774764293064,41.91807624094019,46.92636116936522,75564760
2009-01-09,42.822940826416016,44.48535346110004,41.03426762236425,42.08642833062999,42827140
2009-01-12,42.24214553833008,43.01232466840349,41.665560365216685,42.59146042229019,36113140
2009-01-13,41.617164611816406,42.59146322217861,41.038476235368655,42.08642737801823,25056220
2009-01-14,41.14158630371094,43.96769159768008,40.693368031474705,43.96769159768008,56650340
2009-01-15,38.92152786254883,40.40296863294339,38.17449316490808,40.40296863294339,58494980
2009-01-16,39.45812225341797,39.75272912250766,38.812097370566555,39.477063582894054,15617600
2009-01-19,39.607540130615234,40.171496759917844,39.20351078179996,39.94002331797088,20296900
2009-01-20,38.40176010131836,38.92994358537635,37.961954514553376,38.92994358537635,16022220
2009-01-21,37.433773040771484,38.163972819245146,37.0360564268975,38.163972819245146,39520800
2009-01-22,37.898826599121094,38.59325003558148,37.120225176041124,37.8777821024662,32599200
2009-01-23,36.71830368041992,38.35335902580306,36.408968191090246,37.566344911158154,31859400
2009-01-27,37.433773040771484,38.04402495888429,37.0360564268975,37.7515244144049,24549860
2009-01-28,38.37229919433594,38.54274870146344,37.682082082718246,37.793610851849564,26349180
2009-01-29,38.86471176147461,39.4581287160677,38.29864880115771,38.92573566817952,46873960
2009-01-30,38.955204010009766,39.35081753465044,37.55793446769829,37.55793446769829,14969020
2009-02-02,37.40221405029297,38.740562744096245,36.90980034536289,38.71951824328367,26159440
2009-02-03,37.80201721191406,38.290221159252404,37.4569087429447,37.68207260079607,22960400
2009-02-04,37.28226089477539,38.82683199182415,37.12653995926237,38.298648490015474,75987120
2009-02-05,37.21492004394531,37.8651544950732,37.0402610068348,37.66524463219125,21546020
2009-02-06,37.8104362487793,38.079792277037384,37.30540051904046,37.58317241805402,23419660
2009-02-09,38.69635772705078,38.80367693930189,38.004037548996784,38.21446964348527,20581120
2009-02-10,39.8558464050293,40.32511239350234,38.77633170015439,38.940468514017,16643980
2009-02-11,39.32976531982422,39.68539614690307,38.17238856047109,39.01411711272791,18642780
2009-02-12,39.30240249633789,39.603318844920196,38.91099867902668,39.35921684897581,14280640
2009-02-13,39.73589324951172,40.14623519634679,39.43497368120668,39.56123422374315,15215800
2009-02-16,38.46488952636719,39.56124239053536,38.21447797651001,39.56124239053536,27995360
2009-02-17,37.04867935180664,38.48382798315808,36.625711937202,38.172386126802415,34365340
2009-02-18,36.884544372558594,37.37274846709739,36.40265619613533,36.82562363162316,15660980
2009-02-19,37.22755432128906,37.54951527029547,36.79827091532055,37.204406655173706,17921580
2009-02-20,36.4678840637207,36.989754779691815,35.92496885309033,36.86770377473407,19994900
2009-02-24,35.962852478027344,36.19432912307406,35.14216839275214,35.89972540295982,15370420
2009-02-25,36.37528991699219,36.67199992400452,36.202734068055506,36.400540739397066,21852620
2009-02-26,36.817203521728516,37.155999348584885,35.3946803975901,36.459466364584635,64875240
2009-02-27,37.43586730957031,37.789394888408765,35.47885145266824,36.657269223272415,27103880
2009-03-02,35.592491149902344,36.90769199233834,35.24738257728472,36.74565834948715,37138220
2009-03-03,34.99486541748047,35.48727585295348,34.510870854768356,35.224235678755555,33429840
2009-03-04,35.31051254272461,35.773462592915614,34.9317340613176,34.97381984570959,34239980
2009-03-05,33.728065490722656,35.9628539456245,33.2966789314984,35.760840875285055,48449580
2009-03-06,33.744895935058594,34.845455057625806,32.57489382543142,33.66914024107859,47417080
2009-03-09,33.61652374267578,34.28780257091194,32.92209725791635,33.62704598853883,35178920
2009-03-12,33.612327575683594,35.1000844685685,33.296679339834846,34.300441628897026,57410880
2009-03-13,35.11060333251953,35.21792256641978,34.184700003427565,34.30043832093151,91452600
2009-03-16,35.55671691894531,35.88288735947734,34.79074410159408,35.35259749794511,54510220
2009-03-17,34.8538703918457,36.152236087424214,34.05212458984305,35.52093977580775,41847020
2009-03-18,35.478858947753906,36.19432691637623,35.02432476934137,35.348388841709486,37820820
2009-03-19,35.032737731933594,36.32058446379673,34.46878120295936,35.71874848429807,48852220
2009-03-20,35.323143005371094,35.42414954453576,34.13209619230869,34.925426345786505,40572140
2009-03-23,37.24649429321289,37.8693749326249,35.43677633696323,35.93550276602349,40899460
2009-03-24,39.63278579711914,40.992178742414325,38.2986468903553,38.56168704756928,75401080
2009-03-25,40.9143180847168,41.11423117985154,39.434980446356896,39.893724166061446,35818000
2009-03-26,41.808650970458984,42.2968550173831,41.040575036857334,41.581387112410034,46312840
2009-03-27,42.1474494934082,42.63355040615165,41.28257331911426,41.286782860736224,45761560
2009-03-30,39.7927131652832,41.24469343552553,39.59069692747964,41.24469343552553,26509680
2009-03-31,40.96693420410156,41.57718943691963,38.062972763783065,40.06628475381574,74405400
2009-04-01,42.086421966552734,42.2968540763855,40.04944068462239,41.455125637054444,25893640
2009-04-02,43.62468338012695,44.270711546018276,42.54937509145729,42.54937509145729,35591320
2009-04-06,44.78627014160156,45.24290747358031,43.78040482766875,44.401178962443936,26945760
2009-04-08,44.05396270751953,44.82203861060256,41.76235719995023,44.82203861060256,53028520
2009-04-09,43.9550666809082,45.45334249873623,43.43740220074803,44.77154120531691,29772380
2009-04-13,46.22562026977539,46.924256401889245,43.769877981783225,43.769877981783225,34222020
2009-04-15,45.56907653808594,46.49287342273076,43.87509731837796,44.394864915187846,62675520
2009-04-16,44.86833572387695,46.62123562349473,44.49586998203846,46.244560340301994,39041500
2009-04-17,45.11244201660156,46.210898015444755,44.466413822507306,45.62168739672227,47042120
2009-04-20,44.91042709350586,46.29507096495219,44.11709702381608,45.03247812045349,22931780
2009-04-21,45.75215530395508,46.295070608218765,43.5510369267996,43.76988493867956,30096100
2009-04-22,45.846839904785156,46.39396464087022,44.82203662081443,45.87419710487111,24182440
2009-04-23,45.97941970825195,46.29506789846879,44.84308750784713,46.08463577165757,28823100
2009-04-24,46.72645568847656,47.25884872710741,45.327080080049214,46.29506917443596,37310260
2009-04-27,46.94320297241211,47.97642556795542,45.87420729777505,46.2950715849106,28785580
2009-04-28,45.11032485961914,47.431390491324194,44.73786238248447,47.06313434399733,29601760
2009-04-29,46.30979537963867,46.71592780534426,45.116642506010876,45.705853048446286,42856300
2009-04-30,46.30979537963867,46.30979537963867,46.30979537963867,46.30979537963867,0
2009-05-04,50.47846221923828,50.798316756667425,47.14732109411727,48.401494836689594,45266140
2009-05-05,50.21961975097656,50.922465410473464,49.03067966158415,50.78989215899529,30463880
2009-05-06,49.32318115234375,50.46161961540067,48.86233432686982,50.08705072393418,24286180
2009-05-07,49.50836944580078,49.99867670710239,49.10013058895243,49.6619840057385,15457680
2009-05-08,48.14897537231445,49.45155077673713,46.9074270839977,48.82025438384261,45138660
2009-05-11,48.273128509521484,49.986045889899614,47.894353250770784,49.986045889899614,33836720
2009-05-12,50.305904388427734,50.66995107357269,47.946962013737746,48.14687189466986,34608840
2009-05-13,49.00122833251953,50.4532088166233,48.273131714062686,50.293281545888455,47519520
2009-05-14,48.97386169433594,49.1990255824046,47.189398386841816,48.494076763599026,19203300
2009-05-15,49.87031555175781,50.16702243798948,48.702416496570166,49.4515544243115,41519920
2009-05-18,57.99931335449219,64.80048259339242,53.07730505322652,53.07730505322652,271500
2009-05-19,59.4176025390625,63.087538744979014,50.768845466311944,58.58429325112301,99306960
2009-05-20,58.104515075683594,59.38394594235193,56.85876054021442,58.79473216205937,29037980
2009-05-21,57.70049285888672,59.13142878018953,56.15170903615664,57.843585166641205,38176700
2009-05-22,57.65209197998047,58.6642700302632,56.444213586426734,57.195451423802375,18276080
2009-05-25,57.3890495300293,58.49381818903509,56.665162504473294,57.86883451935095,16761340
2009-05-26,56.22746658325195,58.58220258473526,55.76451333773432,57.59527540096996,24951620
2009-05-27,59.30397415161133,59.720625586881354,57.54265855591712,57.66259996862579,53941080
2009-05-28,60.60233688354492,61.181025143835214,58.24760123064983,58.96307548996559,70308860
2009-05-29,60.7938346862793,61.4419691748455,59.804807632303195,60.79804743843929,30721400
2009-06-01,60.33720779418945,62.45625449242264,59.625946157299424,61.19366169469001,22222360
2009-06-02,58.82841110229492,61.02532325315901,58.03718416649388,60.37298230642174,19577240
2009-06-03,57.68996047973633,60.09941065818699,56.72828421566231,59.762718004770385,28659520
2009-06-04,58.44962692260742,58.908367396806526,56.90084320079399,57.27962486484312,24262960
2009-06-05,59.70380401611328,60.22567800895301,58.29601255653855,58.87470091244545,20214840
2009-06-08,58.923095703125,59.97314985077438,58.2896930128579,59.762717746034824,15709480
2009-06-09,59.77324676513672,60.18359200666112,58.00351811997083,58.495928556672546,12893300
2009-06-10,63.1822395324707,65.19186356666728,60.39401414094618,60.614965282466656,32476460
2009-06-11,65.50751495361328,66.07568423393033,63.18434902340852,64.18179519537819,36272980
2009-06-12,64.31436920166016,66.45446024379837,63.803020696569995,65.92837994920883,23487560
2009-06-15,64.52059173583984,65.67586848637328,63.213810018027445,64.12708468366172,18419340
2009-06-16,65.07403564453125,65.23396613263206,62.561475273930476,63.466337366962456,27458080
2009-06-17,65.01300811767578,66.6648951748937,63.97136652167978,64.81309502854398,35711420
2009-06-18,64.17548370361328,65.85262795193185,63.41372045896515,64.39222852969758,31335520
2009-06-19,65.60641479492188,66.0293853792383,64.18179176179041,64.60686230027105,17830440
2009-06-22,65.36285400390625,66.87080296611312,64.56228530370811,66.87080296611312,20433060
2009-06-23,62.92091751098633,64.15989477718628,61.688293709193914,64.15989477718628,29413000
2009-06-24,61.7454833984375,65.08754151772409,61.47015151719017,65.08754151772409,23783620
2009-06-25,62.03351593017578,63.524524777292136,61.673475495176774,63.524524777292136,39782340
2009-06-26,63.4652214050293,63.58805720483889,62.30884563805564,62.69006642965625,36775320
2009-06-29,63.86763000488281,64.93081744204108,63.19837033403916,63.74902767975527,36200480
2009-06-30,63.24707794189453,64.5961840969319,62.65829986669221,64.55170984548597,20584840
2009-07-01,63.643123626708984,64.29967627792229,62.82349441646631,63.45251323463831,11854560
2009-07-02,63.55839538574219,63.91843572619294,62.06526695473543,63.91843572619294,13585200
2009-07-03,64.2043685913086,64.59618279601824,62.81714167725516,63.109413964696316,19610540
2009-07-06,60.31587600708008,65.57040282185791,59.301396731825626,64.5961642971672,30500820
2009-07-07,60.45779037475586,61.40661533515544,59.51320536622325,60.99574073121813,20679740
2009-07-08,58.255165100097656,59.936784227650975,57.61767285329417,59.924077299298965,21619400
2009-07-09,59.297176361083984,59.682630612965276,57.818874603038786,58.28481683719078,11691480
2009-07-10,58.405540466308594,59.928316675737214,57.61979849041693,59.513208560990506,21467820
2009-07-13,58.191627502441406,58.5347274771996,57.18350148211729,58.03066446703755,15282560
2009-07-14,57.7150993347168,60.56368104342007,56.85310943125476,58.92654268291349,51070240
2009-07-15,58.52837371826172,58.87782715511135,56.465527465309584,58.87782715511135,42583380
2009-07-16,58.89689254760742,59.59791945655264,57.69180258824067,59.301413680816786,28846400
2009-07-17,60.853843688964844,61.37061372379963,58.202225375420234,58.87783849973272,24977340
2009-07-20,62.42534255981445,62.94423264055967,60.16129823625198,61.46169693939359,22513560
2009-07-21,61.881038665771484,62.673140707540014,61.489224366047694,62.139423718147036,16773220
2009-07-22,61.21388626098633,62.42320975321405,60.69923623884835,62.26648665100119,29869220
2009-07-23,61.80264663696289,62.27705575962336,60.769106936875836,61.82806048805691,25878520
2009-07-24,61.41722106933594,62.1817893308805,60.52981696957056,61.84292270830334,22111200
2009-07-27,60.71617889404297,62.2664889455212,60.36037193698484,61.715831628164594,19702420
2009-07-28,60.33706283569336,61.207519614310286,59.174327358675576,61.165158883912476,32996480
2009-07-29,60.0934944152832,60.898302997021,58.66602708798149,60.898302997021,19905200
2009-07-30,62.02714920043945,62.35118875431032,59.25904284654081,60.09349882823129,37241540
2009-07-31,63.49911117553711,63.939633139947226,62.446510774141245,62.69642233532912,25795680
2009-08-03,63.25979232788086,63.91845859014114,61.84926487425237,63.53723774898406,10928980
2009-08-04,62.22624588012695,63.865504378599084,61.69041548829166,63.749022039942396,19447220
2009-08-05,61.3282585144043,62.6350040245491,60.733126931921966,62.6350040245491,21808440
2009-08-06,59.877479553222656,61.63110665943162,59.38612347470174,60.99573442582924,33306200
2009-08-07,58.88630294799805,60.40272551956342,58.4118872648033,59.72499252262284,28488020
2009-08-10,58.25729751586914,59.94103051545526,57.60709820187377,59.89443628043476,27679720
2009-08-11,58.41825866699219,58.788892599646395,57.60710267539698,58.24247513137562,20270720
2009-08-12,59.56614685058594,59.8097049139291,57.39529172092014,57.81887320963542,18392820
2009-08-13,60.341312408447266,60.77972087790414,59.52379662989423,60.77972087790414,20531280
2009-08-14,60.45779037475586,61.37696152545174,59.76735687127316,61.37696152545174,12256400
2009-08-17,59.56402587890625,60.18033771028254,59.089616687746705,59.68262817669614,26981300
2009-08-18,61.03385925292969,61.62687725492476,59.34377313609516,59.34377313609516,25274500
2009-08-19,61.40873336791992,61.83019491150573,59.767354980042626,61.035979562532845,22003460
2009-08-20,62.69218826293945,63.11364982943725,61.63111443075919,61.80054446241441,14477600
2009-08-21,62.094940185546875,62.90186255171876,61.22236319371159,62.64771102677914,20833940
2009-08-24,62.88703918457031,63.61348005994584,62.13941793703429,63.452523450878836,12741880
2009-08-25,62.984458923339844,63.494868981012836,61.86408396288385,62.20295048072275,9548980
2009-08-26,61.86830139160156,64.32930841643974,61.421426094311606,63.45249823485083,13106840
2009-08-27,61.71582794189453,61.92761870797059,61.16517065742853,61.419322162056304,14838040
2009-08-28,61.747596740722656,62.05469594421318,60.78395131736922,61.63111440193186,9175820
2009-08-31,62.308841705322266,62.81925172893234,60.783945708483905,60.783945708483905,13194940
2009-09-01,61.25413131713867,62.98022492844524,60.47897626564216,62.692192562210565,12314080
2009-09-02,60.94278335571289,61.49767404144628,60.37518574308028,60.658984549396585,6342740
2009-09-03,60.80088806152344,61.33460490908855,60.36036612803798,61.20752916141395,10059660
2009-09-04,61.599342346191406,61.84290042162208,60.3603651375421,60.78394664727924,10667720
2009-09-07,62.156368255615234,62.520648701546904,61.3430923337697,61.84503551134024,15236680
2009-09-08,61.70947265625,62.77266640711278,61.4193203494235,62.46344724416185,14822620
2009-09-09,62.49734115600586,62.77478656367472,61.65653149197394,62.04622575569706,27106000
2009-09-10,62.92515563964844,63.66430985805141,62.690070975892844,63.11365253654077,17774500
2009-09-11,63.16659164428711,63.372028931806355,62.03774978249386,63.113643956404225,14430880
2009-09-14,63.27459716796875,63.70664558038159,62.85948270583748,63.16658183319564,12454780
2009-09-15,64.1408462524414,64.3102763102209,63.204728055352334,63.32545036477499,21756800
2009-09-16,64.24885559082031,65.02189720080818,63.77868620788197,64.80798641919421,23157440
2009-09-17,65.01553344726562,65.18919696798424,64.41404843101658,64.69360733762429,24112200
2009-09-18,64.5728759765625,65.13412009409664,64.00315842045995,65.06211202461489,8229580
2009-09-22,65.50053405761719,65.65514365819601,64.21496889877233,64.38439894223092,13451620
2009-09-23,66.48536682128906,67.72645773298942,64.87151559217128,65.86693487824029,26131400
2009-09-24,68.78115844726562,69.32757567809058,65.48357528250021,65.48357528250021,44450520
2009-09-25,68.13520050048828,68.80022655913848,67.43417363374142,67.89164243019987,11237640
2009-09-29,68.2538070678711,69.24710626635776,67.8196385877684,68.78963744131848,7774000
2009-09-30,69.91213989257812,70.3145410941231,67.95095514198469,68.45078475889274,23977240
2009-10-01,69.6495132446289,70.67034636182466,68.63080010351578,69.46737627509214,17295980
2009-10-05,69.21533203125,69.67915427433792,68.49312482380874,68.66256129579321,10969880
2009-10-06,70.29971313476562,70.52209733518887,67.98060793612397,70.27217929880774,11507280
2009-10-07,71.06428527832031,72.43245200648478,70.73812564375999,70.90755569469562,21686660
2009-10-08,71.4730224609375,71.7928285518622,69.88882537289987,70.31452683556489,16809880
2009-10-09,70.9774398803711,71.58527833983212,70.31453375391794,70.31453375391794,9009600
2009-10-12,72.10416412353516,72.43243720388897,69.67915742713295,70.44160542721048,15601380
2009-10-13,72.10416412353516,72.10416412353516,72.10416412353516,72.10416412353516,0
2009-10-14,72.10205841064453,73.23725396383183,71.42221177178914,72.2206607381912,15642420
2009-10-15,72.95344543457031,73.49139578985698,71.75894887546514,72.4472688648514,18772320
2009-10-16,72.84119415283203,73.65235637884054,72.53198145459238,73.36431758581676,16519700
2009-10-20,71.64033508300781,72.85601181656182,71.1616859603627,71.27393478980228,9388380
2009-10-21,70.36113739013672,72.09570449894397,69.92696885055696,70.31454315722173,12847520
2009-10-22,70.56869506835938,71.03463093664058,69.46738035543636,69.50974109952651,7579740
2009-10-23,71.66577911376953,71.9665184604098,70.36538036916103,70.9499251039589,7576980
2009-10-26,71.70812225341797,71.88179225101314,70.52633249866219,70.78048402994008,8164820
2009-10-27,70.74235534667969,72.008866561835,70.31454028979184,70.31454028979184,19155140
2009-10-28,68.60113525390625,70.72962947789063,67.99117692516062,70.31452146212654,13320900
2009-10-29,68.3321762084961,69.44195775997622,66.51288783112852,67.9848362480028,20490880
2009-10-30,68.64987182617188,71.5005741350944,68.0060259955801,68.7049330381461,15292380
2009-11-03,67.79421997070312,69.44618522569384,67.09530662179111,68.48465341658861,9502520
2009-11-04,68.78752136230469,69.76387364380247,66.98305998697253,67.98483258836393,12550460
2009-11-05,68.76212310791016,69.3741951699033,67.22239982787279,68.6117469836181,19742900
2009-11-06,69.46736907958984,70.03920671527653,68.70492105312125,69.25557832020084,11478120
2009-11-09,72.32443237304688,72.43244774057851,69.46737678043786,69.509737522348,17472440
2009-11-10,72.1550064086914,73.78367813802386,71.65729674816565,72.02369715002975,18728700
2009-11-11,73.52738952636719,73.70317298588343,70.9668339495494,70.9668339495494,15191800
2009-11-12,72.70988464355469,73.78789882664289,72.33077737683422,73.22242112200777,15689900
2009-11-13,72.95134735107422,73.74556289141829,72.24396035539961,72.24396035539961,17245820
2009-11-16,73.00849914550781,74.11828047874674,72.81364883419792,72.98096531706119,12131120
2009-11-17,74.11194610595703,74.4211652984121,72.06393288250342,73.90862876686045,14013800
2009-11-18,74.10981750488281,74.33854865688038,72.50656007524071,72.50656007524071,18930600
2009-11-19,72.83696746826172,74.04205751596567,72.17829478565801,74.04205751596567,11882240
2009-11-20,74.29619598388672,74.61388212372091,72.39007914488157,72.39007914488157,15307920
2009-11-23,74.78120422363281,75.39751615658113,73.50410610457045,73.50410610457045,11746440
2009-11-24,75.26620483398438,75.39751407717517,73.70742140673224,74.12676945789694,8803300
2009-11-25,76.35904693603516,76.62589891434494,74.183951565661,74.183951565661,15749580
2009-11-26,74.60118865966797,76.66826891753739,74.12677934016045,74.12677934016045,16057640
2009-11-27,74.1416015625,74.7070793382643,71.26124559746997,73.78790810812636,14975520
2009-11-30,74.81507873535156,75.69400901169043,73.79848577099294,74.76213105047162,17511280
2009-12-01,75.80838012695312,76.20230781204022,74.1267610869421,75.38479863502774,10975060
2009-12-02,76.54541778564453,76.81650969446596,75.23866597882075,75.40174253394255,23703320
2009-12-03,76.53907775878906,77.26127867493379,75.75968272867267,75.75968272867267,9752940
2009-12-04,75.8020248413086,76.28702744764215,75.18994649778338,75.65800868871695,6778560
2009-12-07,76.13243865966797,76.57084716413561,75.60719515214089,75.82110592707618,9102120
2009-12-08,77.65306854248047,77.8966265851743,75.07557902164336,75.69400432326562,13661280
2009-12-09,76.42892456054688,77.71872941265573,75.88462079863677,76.4839922221171,16068740
2009-12-10,75.61353302001953,76.45646255168572,75.07346918012931,75.87827146375805,12233920
2009-12-11,75.61566925048828,76.20232744112054,74.68167104460184,75.77239237460223,11953200
2009-12-14,74.43596649169922,76.2446610951926,74.08439311215947,75.59658199295066,16142240
2009-12-15,72.04275512695312,74.84686308811663,71.58528624987362,73.55705796649362,17086360
2009-12-16,71.72718811035156,72.38373437418983,70.94991308433337,71.01768768683986,17161840
2009-12-17,70.8016586303711,71.88179295385048,70.6110482117199,71.16170555931156,13195340
2009-12-18,70.48819732666016,70.87365803389619,69.75751667081934,69.95024702443736,12563560
2009-12-21,70.00743865966797,70.78894714283443,69.76600053514407,70.4882078593624,17188860
2009-12-22,69.74481201171875,70.6195088514586,69.55632160340932,70.31452965156527,12548620
2009-12-23,71.60009002685547,72.00884456391378,69.89093737085749,69.89093737085749,20208740
2009-12-24,72.45997619628906,73.02545392508601,71.33960122837446,72.10840274723306,7437940
2009-12-29,71.87964630126953,72.77128330784396,71.44759147840608,72.75857638334847,10404580
2009-12-30,71.69116973876953,71.99826891530591,70.94990210483839,71.99826891530591,8531020
2009-12-31,72.10416412353516,72.60186722019915,71.57892073162823,72.00885569977265,11516440
2010-01-04,72.25030517578125,73.2160705538145,71.69329442583208,72.0088605996023,6100980
2010-01-05,72.3138427734375,73.0678174157911,72.22065431531816,72.43244509043639,16773200
2010-01-06,72.362548828125,72.85601843469938,71.50479240750269,72.60186694784666,13279680
2010-01-07,72.55104064941406,74.906152815219,72.07663142560902,74.906152815219,12247960
2010-01-08,72.64634704589844,73.0000339780519,72.05121555693924,72.51715132778114,14171800
2010-01-11,72.35408020019531,74.06958669218766,72.11475560121674,74.06958669218766,27533220
2010-01-12,71.8055419921875,72.50868241217937,71.1023951088545,72.34772582760687,9814100
2010-01-13,71.55561828613281,71.78858939922179,70.5496122434064,71.371361371389,20693500
2010-01-14,71.32266235351562,72.59340698385022,70.73811775529245,72.43244392907191,20345280
2010-01-15,71.76106262207031,71.96649992425996,70.78047680166122,71.94108606639588,23163460
2010-01-18,74.83202362060547,75.3127927645711,71.25064768913876,71.58527423369851,47002920
2010-01-19,75.36363220214844,75.77027335345275,74.24961060413827,74.76214714800348,33328440
2010-01-20,74.3851547241211,75.82109589055379,73.83026393916842,75.60930511990979,27304220
2010-01-21,72.5023422241211,74.58848291129112,72.22489679125985,74.58848291129112,25046940
2010-01-22,71.03885650634766,72.00885530153963,70.06037780804401,71.83942528616645,18947400
2010-01-25,70.17475128173828,71.07274205684182,69.09885703968072,70.31453396220385,12057580
2010-01-27,67.65444946289062,70.36113546007827,67.21816095908271,70.36113546007827,24215580
2010-01-28,67.48713684082031,68.57785816352128,66.79034330204266,68.19663731047665,34864460
2010-01-29,69.0882568359375,69.34028833853048,65.76102605524486,66.92587514801087,32870340
2010-02-01,67.76245880126953,68.9590753477012,67.13767345038526,68.9590753477012,15034660
2010-02-02,66.88775634765625,68.40417889623737,66.58701063819527,68.06954589110889,20669400
2010-02-03,68.7366943359375,69.14545544914957,66.8411707530107,67.77304888247643,15455340
2010-02-04,68.48253631591797,68.82775625244271,67.15884420552578,68.53548400033365,17210480
2010-02-05,66.64421081542969,67.68833786021638,66.29051735182266,67.68833786021638,18693880
2010-02-08,66.39216613769531,67.30074379475967,65.61277127141548,67.13766724528828,15181200
2010-02-09,66.57219696044922,66.83693545106544,65.71868032523616,66.36675963319733,23947500
2010-02-10,67.49982452392578,68.51218399641692,66.24814048256002,66.71408269305402,27733360
2010-02-11,67.6883316040039,69.17086699880788,67.34946507823757,67.94247665082261,14539380
2010-02-15,68.35757446289062,68.60748595985382,67.03176249503603,67.64595428684075,9604980
2010-02-16,68.04413604736328,68.7345760027005,67.34946260357079,67.98483489228371,14349700
2010-02-17,70.14299011230469,70.35478089582845,68.40418958931023,68.53549884096029,24796680
2010-02-18,71.32054138183594,71.58527984279301,69.92272101531432,70.52209251039228,20008840
2010-02-19,71.75047302246094,72.00885800678363,70.1493354026715,70.73811345372273,14691980
2010-02-22,71.86483764648438,72.84330986108324,71.58527230993023,72.05121453752048,13280340
2010-02-23,72.05121612548828,72.3837226926498,71.26123429690792,71.37560311226262,12945780
2010-02-24,72.030029296875,72.43243039529192,71.47937210061701,71.585267466692,11211380
2010-02-25,71.62976837158203,72.17830579641736,71.24642752077686,72.05123648050387,11673940
2010-02-26,72.21217346191406,73.48080446971808,71.16169313489627,71.58527464165161,18702060
2010-03-02,73.91284942626953,74.38091162250612,72.26300418978488,73.02544569489208,15429300
2010-03-03,75.25560760498047,75.43987099464763,73.8111995397151,73.8111995397151,22295920
2010-03-04,75.44621276855469,75.69400429889437,74.25806343288741,75.18570784836218,27028840
2010-03-05,75.56694793701172,76.03289023969471,75.01629707809397,75.63260256193409,20899300
2010-03-08,75.5754165649414,76.66825769890241,75.09676736297186,76.66825769890241,14745920
2010-03-09,76.71908569335938,76.88004874522743,75.18572260208191,75.18572260208191,24795380
2010-03-10,76.85675048828125,77.08760163654324,73.27536803146788,76.75296862284902,29921120
2010-03-11,77.38623046875,77.7272104968638,76.3759843865167,76.92240817787308,15490460
2010-03-12,76.2976303100586,77.53236774296165,75.66649144384131,77.38835156033764,14944880
2010-03-15,76.77626037597656,77.0918264985948,75.39750064148284,75.39750064148284,15025920
2010-03-16,76.43954467773438,76.6640424271634,74.7197978108367,76.4564850992595,20872500
2010-03-17,76.5708236694336,77.29514435919623,76.16418261687156,76.4395144486778,9589680
2010-03-18,76.28278350830078,76.76990606484576,75.84226163418565,76.76990606484576,7003940
2010-03-19,77.08547973632812,77.29515051110387,76.14512828681751,76.87156901000327,12679680
2010-03-22,77.81615447998047,78.57436246529063,76.15994938570987,76.32937938789999,30611220
2010-03-23,79.80274963378906,80.05690111154289,77.72720293104825,77.72720293104825,20308760
2010-03-25,81.5881576538086,81.75123421390919,79.21821850758678,79.63332659178718,46592800
2010-03-26,82.65982818603516,83.25919327023084,81.03539000355441,81.79360464156889,23105720
2010-03-29,83.23589324951172,84.29272713196738,68.9950773661142,68.9950773661142,26453420
2010-03-30,80.7706527709961,83.44133800120183,80.53980158486026,83.23378069962611,18739960
2010-03-31,81.89949035644531,82.29765156031267,80.36400732996344,80.48048966387734,13652160
2010-04-01,82.1430435180664,82.59839233699967,81.5860328125311,82.59839233699967,14818440
2010-04-05,82.53485870361328,83.0050344319508,81.51402572698142,82.97114713600368,14247680
2010-04-06,81.87406921386719,82.59839645744097,81.55638307364626,82.59839645744097,8842880
2010-04-07,81.82537078857422,82.51157086128255,81.58181267935235,82.17482428992228,10756100
2010-04-08,80.59910583496094,81.74701480776781,80.21788498264372,81.74701480776781,12477660
2010-04-09,82.57086944580078,82.89490907706193,80.07809431973783,80.07809431973783,12415300
2010-04-12,82.77629089355469,83.35659544480652,82.11973831602738,82.11973831602738,9141280
2010-04-13,82.67040252685547,83.14481174976203,81.79359216213774,82.59839444576006,12682600
2010-04-15,82.89702606201172,83.65312066212013,82.35272223190512,82.81019107071,19094720
2010-04-16,83.2020034790039,83.6319384742268,81.58180541638268,82.38660773955598,10465120
2010-04-19,81.92491149902344,82.9711584747595,81.58181146776472,82.59840463174177,12241660
2010-04-20,82.36754608154297,82.89278949846621,81.7088734503336,81.7088734503336,10878640
2010-04-21,82.21717834472656,83.02198067408784,81.96302683895917,82.55603840129471,7889000
2010-04-22,81.92701721191406,83.44555981174922,80.82146918125521,82.12398753173078,13790220
2010-04-23,82.67464447021484,82.89702866370101,81.6940586035379,81.96303056307889,10634120
2010-04-26,84.27579498291016,84.58500773017829,82.92456869282681,82.92456869282681,15796560
2010-04-27,83.8500747680664,84.54686813001115,83.35236522382016,84.2503559158453,8968940
2010-04-28,83.36719512939453,84.15505698901133,82.93726015938009,82.93726015938009,11423540
2010-04-29,84.11270141601562,84.5045156257456,82.44802909782203,83.52604332105578,18792900
2010-04-30,84.73535919189453,85.13988029426667,83.99621155313123,84.63369730653157,14219220
2010-05-03,83.43709564208984,84.08094143662997,83.11094248760423,84.08094143662997,10014140
2010-05-04,82.0477523803711,84.07247185585473,81.84443502767499,84.07247185585473,9177920
2010-05-05,81.17304229736328,81.9079564934497,79.63755928662619,81.83594841061607,16028540
2010-05-06,80.2898941040039,81.15823768241881,79.50626555348116,80.69229533399843,10522460
2010-05-07,78.27999114990234,79.4215466156623,77.76958103139333,79.25211656821902,19571620
2010-05-10,81.92913818359375,82.09010123213639,77.51541944748541,78.92382673221,12853080
2010-05-11,82.52639770507812,82.81019658016103,81.04174224032045,82.09010920691496,13929300
2010-05-12,83.65312194824219,83.9115069501506,82.5560408306263,82.5560408306263,13741640
2010-05-13,83.24859619140625,84.50451385616188,82.60687044246077,83.91996928603055,12744380
2010-05-14,82.67253112792969,83.57264193054237,82.27012994413587,83.19141465378381,9400300
2010-05-17,81.70252990722656,82.46285806005481,81.09469138019357,82.25954071344178,13207200
2010-05-18,80.30257415771484,81.53943124832234,80.06536957367233,81.2429255182692,12243120
2010-05-19,79.14833068847656,79.97219992616742,78.0067817437083,79.5909726436595,18180160
2010-05-20,78.40283203125,79.48084636250543,77.78228657595119,79.37918445784554,6778000
2010-05-21,77.36929321289062,78.36259253807576,76.29127886411652,77.09184779421507,10997240
2010-05-24,77.2845687866211,79.10385068130779,76.71273113611853,77.73568414994227,9621820
2010-05-25,76.40351867675781,77.09183866483671,75.60930330589754,76.74449870691002,11068700
2010-05-26,77.42011260986328,78.50024681867303,76.76567991274322,76.78686028219857,14002780
2010-05-27,80.33648681640625,80.77700883110266,76.71062939925899,76.88005945183248,22619720
2010-05-28,80.34493255615234,81.07349322364512,79.85569646057918,80.33646558010139,11758500
2010-05-31,79.99124908447266,80.42118404951347,78.99794994742305,80.31105518604092,8768220
2010-06-01,78.57862091064453,80.05692303313907,77.85429998838784,80.04421610210596,11365460
2010-06-02,78.49178314208984,78.90265779993679,77.43071565813894,78.27787883500405,18903340
2010-06-03,80.71768188476562,80.90405876107215,78.95982141325116,78.95982141325116,13593780
2010-06-04,79.87477111816406,80.89559767931314,79.63756003541333,80.73464109519442,10188700
2010-06-07,79.49142456054688,80.262346043448,76.59836841378325,79.08266993747405,19238260
2010-06-08,78.90052795410156,80.35340939926431,78.48965338130856,79.63332214066052,11342280
2010-06-09,79.67144012451172,80.29410542579555,78.42822949764233,78.78615637026265,11584680
2010-06-10,81.68572235107422,81.9329778747881,79.41993000038339,80.18300643171511,17020940
2010-06-11,82.97102355957031,83.12875295799257,81.89674246921908,81.89674246921908,21630760
2010-06-14,84.11563873291016,84.19450342952521,82.97102082832642,82.97102082832642,14977960
2010-06-15,83.72132110595703,84.4076665334174,83.25665419983926,84.19451586035322,9121560
2010-06-16,84.2392578125,84.83394988556583,83.89821550696672,84.19449800200628,18168580
2010-06-17,85.09400177001953,85.21762628346087,83.89822325481789,84.53554811424655,15977200
2010-06-18,84.90642547607422,85.17286377707542,84.3373169078468,84.91921399413496,9802800
2010-06-21,85.21121978759766,85.6865480050899,84.83820620797351,85.32845652981247,14203300
2010-06-22,84.70820617675781,85.26026561604063,84.51210470371042,85.04711495200053,8524880
2010-06-23,85.20697021484375,85.41798727153763,84.21582101800335,84.60801742365206,8488080
2010-06-24,85.32847595214844,85.55867580869864,84.40766351626345,85.13450806601233,17653100
2010-06-25,83.0285873413086,84.91923290548158,82.70246704845043,84.4140668150584,14470320
2010-06-28,83.15860748291016,83.72558255425854,81.98840585364098,83.21828941172801,10658160
2010-06-29,81.18480682373047,83.07758531502125,80.8309760242468,82.70669882372314,15902320
2010-06-30,81.80722045898438,82.65556242496525,80.10201518413453,80.78409989601123,17535120
2010-07-01,81.31270599365234,82.26335599752362,80.7840900809314,81.50880093372352,11567260
2010-07-02,81.5450439453125,81.99266160147518,80.99511163764817,81.31271052248306,8225000
2010-07-05,81.64523315429688,82.23352457080927,80.91199434081919,81.03988604174522,5160540
2010-07-06,83.72557830810547,83.97070677584506,81.42355373634459,81.63670440057585,12496060
2010-07-07,82.58734893798828,83.93872327694025,82.32091062577753,83.93232901764085,7933440
2010-07-08,82.94544219970703,83.97495691670974,82.7983677394436,83.5550499006379,6725840
2010-07-09,85.37749481201172,85.76969775320353,83.1330186079216,83.34190859781268,31402360
2010-07-12,87.36833190917969,87.64755876860342,85.55867828390494,85.64393725158111,29738560
2010-07-13,88.35308074951172,88.67067314629884,86.85463189379557,87.47702816836106,12514620
2010-07-14,88.93923950195312,89.98793702424311,88.38291294044107,88.6706676098548,21116060
2010-07-15,87.92889404296875,89.09696181714679,87.60490743264911,89.09696181714679,6477460
2010-07-16,86.92070007324219,88.07384579985592,86.59031268302678,87.98858034119309,9427760
2010-07-19,87.30011749267578,87.98858996228634,86.19812571688972,87.05072835801592,17531160
2010-07-20,87.15303039550781,89.04154184979082,86.79493889925439,87.30010485019065,13369180
2010-07-21,86.669189453125,88.02057040408572,86.3260200021075,87.39603400705712,9284700
2010-07-22,87.7008285522461,87.9459504736448,86.32600439877369,86.53915502691882,11149940
2010-07-23,86.9057846069336,88.20173771661767,86.36438012630018,88.20173771661767,13843620
2010-07-26,87.47276306152344,87.80953821974697,86.71607436605152,87.17861412955374,6072980
2010-07-27,88.10794830322266,88.58541017569532,87.17861460482038,87.52818478815142,13291820
2010-07-28,88.93072509765625,89.09698236436256,87.81594472298089,88.3296386315479,13142120
2010-07-29,89.5488510131836,90.16272593264864,88.80921798942896,89.13533822728955,22531480
2010-07-30,90.67002868652344,91.10059067748149,88.67067445726519,89.4252296141467,23399320
2010-08-02,91.07288360595703,91.43737593184882,90.43343160173698,90.80218459924706,16526680
2010-08-03,90.48031616210938,91.39899493129346,90.02417715954975,91.2284770154442,16220960
2010-08-04,90.15419006347656,90.75953708163055,89.14811881383615,90.16271791016638,14734700
2010-08-05,89.53392028808594,90.69133316247058,88.03121093579153,88.03121093579153,14710560
2010-08-06,89.12682342529297,89.9495818813144,88.73249338858892,89.23552584266255,10920880
2010-08-09,88.75592803955078,89.68952891344615,88.30191612102564,89.09697037544903,5236440
2010-08-10,89.31651306152344,89.61705624666642,88.23371066466424,88.90300029656144,14694540
2010-08-11,89.07564544677734,90.07958307548621,88.58326802031777,89.5658957902653,14670160
2010-08-12,88.378662109375,88.79004133557125,87.30651451443264,88.5385251096438,9938860
2010-08-13,88.9925308227539,89.58295578721467,87.74346461916977,87.8841448301098,10499860
2010-08-16,88.8411865234375,90.67002270620561,88.26141650695541,88.60245884103455,7186680
2010-08-17,90.4206314086914,91.05795624724443,88.71755987220222,89.8643113591654,20131820
2010-08-18,93.44312286376953,93.74365957623253,90.80218301023226,90.80218301023226,38844340
2010-08-19,95.07158660888672,95.470177293882,93.14683644998796,93.14683644998796,20763920
2010-08-20,95.12061309814453,95.48296530765873,94.00796642216942,94.278665411469,8398140
2010-08-23,93.64134979248047,94.97993568109104,93.06157973535247,94.33408943955273,8194860
2010-08-24,94.155029296875,94.63887888094247,92.08533201443917,93.64133550254843,10680280
2010-08-25,93.45589447021484,94.425727215526,92.87185733231686,93.82890806531005,10591220
2010-08-26,92.86334228515625,94.37670662681879,92.35816980377697,92.87399721523055,20388100
2010-08-27,91.1922378540039,93.35784919409666,90.61673501373146,92.93368149085967,11550480
2010-08-30,90.87464141845703,92.83562987260336,90.23092883914836,92.08107479941926,6876460
2010-08-31,90.98334503173828,91.22846694803704,90.04761067132618,90.58901507690594,9390160
2010-09-01,91.62281036376953,91.86793231608074,90.37587773090077,91.03877314570668,9616200
2010-09-02,93.25127410888672,93.57100007813322,92.07255129579158,92.07255129579158,11590660
2010-09-03,93.52837371826172,93.7862841783967,92.43277627621745,93.5305008014281,8118160
2010-09-06,93.96959686279297,94.62610453842682,93.15323269697123,93.70103145443541,9546440
2010-09-07,93.74791717529297,94.46836738794646,93.04238906878116,94.46836738794646,8407840
2010-09-08,92.91664123535156,93.78203241939454,92.56281034901819,93.27473279326408,9969600
2010-09-09,95.69823455810547,95.91777943751326,93.06582308813002,93.57312260681849,26029580
2010-09-13,97.30113220214844,97.83614238256526,95.8325276957424,95.92204732057093,14595580
2010-09-14,99.50725555419922,100.18081243540983,97.4524865284674,97.4524865284674,32697460
2010-09-15,101.2657470703125,101.63023288040559,99.58611881560982,99.71187692541172,25503160
2010-09-16,102.11194610595703,102.9517601563986,100.4088745567617,101.27639923145685,25534780
2010-09-17,102.337890625,103.4206995865111,101.75812058781119,102.11195145288188,21503140
2010-09-20,104.28182983398438,105.29429549827753,102.15459034873686,102.44873930882203,15095460
2010-09-21,105.32840728759766,106.34514019493945,104.66124461800122,104.66124461800122,32710780
2010-09-22,105.79306030273438,106.14902475389887,104.45660805570841,105.29642214543382,25049020
2010-09-23,105.03424835205078,105.80159202876781,104.578109322318,105.362502189699,12380340
2010-09-24,106.37283325195312,106.66058794116466,102.65975243303795,102.65975243303795,27910620
2010-09-27,103.95144653320312,107.03573686250924,103.74895080302468,106.57533065350506,16677440
2010-09-28,104.46085357666016,104.94257606212624,103.2245825756235,103.93224419917668,18864220
2010-09-29,104.13903045654297,105.46695504473466,103.42923504147174,105.46695504473466,15595720
2010-09-30,106.12130737304688,106.53268654428233,103.45053013223588,103.59121033425842,36959780
2010-10-01,106.6072998046875,106.74584643077837,104.97030431998043,106.23428615491264,17730260
2010-10-04,106.31953430175781,107.53875619605157,105.85913465370052,106.6072889604245,13980460
2010-10-05,104.35003662109375,106.98884283347466,103.90881319359688,105.78240931692504,17196660
2010-10-06,104.73157501220703,105.72272425109269,104.44382032870044,104.65697098243247,8219880
2010-10-07,103.74254608154297,105.296416067128,103.44413648677443,104.74222310264855,9012840
2010-10-08,102.55743408203125,104.35855967884756,101.88601083461249,103.81076094646181,14906860
2010-10-11,101.82205963134766,104.05161342340568,100.89058590431584,104.05161342340568,19820040
2010-10-12,101.47248840332031,102.31230240595649,99.73531206968738,102.22917053792797,15619800
2010-10-13,104.07081604003906,104.44382971760193,100.90552724660859,101.67287096999208,20573400
2010-10-14,103.35035705566406,104.69960434461147,102.74074930464924,104.23067030164486,7707260
2010-10-15,101.72614288330078,104.13474251202177,101.45757099550126,103.35248330636891,11726540
2010-10-18,102.2462387084961,108.27627258876818,100.30870002581977,108.27627258876818,16550200
2010-10-19,100.98438262939453,103.29280784636643,100.54529280416997,103.29280784636643,16649040
2010-10-20,99.56478881835938,101.11865875054012,99.2471964575039,100.99076707008011,9860460
2010-10-21,100.82451629638672,101.23802907028968,98.75908601488258,99.33033469022291,14595060
2010-10-22,99.18538665771484,101.45970689928924,98.83795657084502,101.45970689928924,12950380
2010-10-25,98.24966430664062,100.92683603677469,98.00666943546348,99.58398950031294,17259580
2010-10-26,98.10897064208984,99.15767459233847,97.66562019867376,98.3903310317713,10139440
2010-10-27,96.10111236572266,98.30509611896515,95.50855373611294,98.30509611896515,16440660
2010-10-28,96.62970733642578,98.72498170483975,95.53411646359085,96.19487822306274,42138460
2010-10-29,97.19242858886719,97.96403284440953,95.36359250350445,97.19668925981122,16264860
2010-11-01,100.14669799804688,100.86288754584663,97.41197809215014,97.96403748064085,20269600
2010-11-02,100.19571685791016,101.75810809267034,99.88238517582995,100.82024663425014,11122040
2010-11-03,100.70303344726562,101.1144126661469,100.22557153832688,100.6497457814569,7081520
2010-11-04,101.85189819335938,102.52545497753493,100.92895881005761,101.88600307538815,9716320
2010-11-08,99.55840301513672,102.31231228288127,99.13423530201327,102.03095186294135,8510920
2010-11-09,102.24835968017578,102.60218400125629,99.34311555627343,99.75449471047745,13716100
2010-11-10,102.13539123535156,103.15637807952368,101.60251465515445,102.31230339784695,8934340
2010-11-11,100.32148742675781,102.71303802088703,99.5946429172356,101.6771224616379,6728740
2010-11-12,98.68449401855469,101.41708051143094,98.26245337381778,99.96765863843935,12403100
2010-11-15,101.70909118652344,101.97126230401484,98.64611110288412,98.68874383174574,22815960
2010-11-16,101.14424896240234,102.29952840311424,99.11505701851898,102.29952840311424,18299340
2010-11-18,99.76942443847656,103.12227993709561,98.84861208655681,103.12227993709561,16631980
2010-11-19,98.20275115966797,100.77760771511421,97.70824017393865,99.96763798370695,11752680
2010-11-22,101.45543670654297,101.92649776586782,98.30507073304663,98.94452260727329,11021900
2010-11-23,101.1101303100586,101.45970046760682,98.36688272684556,100.82024857390341,11416240
2010-11-24,98.5353012084961,101.19968484689409,97.62088292244191,100.35134275468474,8257500
2010-11-25,99.03190612792969,100.55167108457839,97.71890403707238,99.11503799179472,22687740
2010-11-26,97.95976257324219,99.7544937198185,97.02616828839231,99.15767456445681,15139380
2010-11-29,97.95976257324219,98.81236508366798,97.40983681614755,98.0492886989669,11818860
2010-11-30,97.42691802978516,99.50087665987718,96.28017274037799,97.92142920954652,17253560
2010-12-01,100.90766143798828,101.24657022933276,97.19670742015944,97.56119325162919,16081440
2010-12-02,101.96060943603516,102.3123066893114,100.31295265531651,101.37444517896097,14738560
2010-12-03,102.12686920166016,102.31230922134922,101.11866431279853,102.09915857713808,7923580
2010-12-06,101.5982666015625,103.37807601537294,101.25722422507941,103.1649253431763,9363120
2010-12-07,100.25113677978516,101.88600503653927,99.26425478920918,101.45970376023577,17194700
2010-12-08,97.21588897705078,99.7545142550192,96.56578203095819,99.7545142550192,23488440
2010-12-09,95.15044403076172,97.38426507115273,94.60903958587885,96.90467613298875,36567840
2010-12-10,94.73908996582031,95.16113068499565,92.52019044328678,93.7863060959698,41242460
2010-12-13,95.44884490966797,95.70462825527089,92.9933521122108,95.61936930835014,15823360
2010-12-14,95.4168930053711,97.02191723780946,94.29785202445234,95.78990666567735,11844160
2010-12-15,92.2047119140625,95.06519670392086,91.65478605983402,95.06519670392086,22420420
2010-12-16,93.82038116455078,94.621829607068,91.6547700043326,92.20896293788513,19518360
2010-12-20,92.61396789550781,93.77776875472611,91.7166053789118,93.77776875472611,10322440
2010-12-21,94.38735961914062,94.59837665253085,92.58836785624096,92.63526125308776,12351160
2010-12-22,92.88252258300781,95.49148426806838,92.50950897258566,95.19307468069889,15006480
2010-12-23,93.4004898071289,93.95680991682372,92.67577885182737,92.93368933343827,6526540
2010-12-24,94.5706787109375,94.84138419919292,92.72053263244517,93.31735184975186,7033420
2010-12-27,94.37031555175781,95.06518874385637,93.66266034604365,94.5962547176227,7541260
2010-12-28,96.17996978759766,96.7149734938382,94.43213186208766,94.80514549821612,9350060
2010-12-29,99.23441314697266,99.61808170364345,96.06912478749355,96.1735730261844,16142080
2010-12-30,98.28376770019531,99.89944679275187,97.53986749565526,99.59250933110475,14504700
2010-12-31,100.02520751953125,100.8202618202373,97.71039448251544,98.26245390936447,16497820
2011-01-03,101.9073257446289,102.297388566941,100.19785339069544,101.03340678999189,10796780
2011-01-04,99.99109649658203,101.80074990575072,99.45609279801913,101.7368008089986,16568260
2011-01-05,98.39888000488281,100.16802799242087,97.94273444141675,100.16802799242087,15651840
2011-01-06,99.23228454589844,99.8674758377017,98.43296959196356,98.73138571197264,10870180
2011-01-07,96.74694061279297,99.16619501040262,96.38671553500436,99.16619501040262,15896020
2011-01-10,91.75070190429688,96.77039721982,91.14322123752129,96.17570507193722,40141720
2011-01-11,91.50983428955078,94.58346287441667,90.58902196395525,92.50737772319195,24315180
2011-01-12,94.01222229003906,94.38310232813372,89.80463066942123,92.46474653687213,19810660
2011-01-13,91.35637664794922,94.5280595953107,90.64871487644653,94.1699615331451,18972020
2011-01-14,87.3725814819336,94.1273259276359,86.53916168122066,91.65477715006129,25582820
2011-01-17,88.16336822509766,89.22486077269146,87.4152073840029,87.81806522300512,24561640
2011-01-18,89.92186737060547,90.20536138946866,87.24895628839046,88.96055581804528,16840320
2011-01-19,88.4767074584961,90.1222308283905,87.94596439196847,90.0199161689458,17984100
2011-01-20,90.27144622802734,90.98976297614449,87.21699335243078,88.21240988640878,19277080
2011-01-21,89.27388000488281,90.57623380240747,88.50440931408458,89.69378702736192,16595220
2011-01-24,91.59510803222656,91.82530789836967,88.37227087716884,89.31013254324158,25548320
2011-01-25,88.85398864746094,92.71415081458493,88.24864150157705,91.70594576432778,28221080
2011-01-27,87.43013000488281,89.52327089994344,87.0080958908816,89.52327089994344,37891160
2011-01-28,87.57294464111328,89.0692598416554,87.05285654192602,87.60491593720235,35596840
2011-01-31,87.27665710449219,87.96513599664405,85.09825735662658,87.08056216318579,22236060
2011-02-01,86.94841766357422,88.53851972145654,85.9039742548394,88.53851972145654,17102460
2011-02-02,86.10858154296875,87.96725503113079,85.52454447694429,87.45568838836834,19524340
2011-02-03,87.85855865478516,88.31896479592868,85.68655321581781,86.112854475598,11592060
2011-02-04,86.01693725585938,88.88381593532617,85.47340573157265,87.43439420066743,18506400
2011-02-07,86.91643524169922,87.81806480216335,86.12138750743831,87.17861287399226,17118920
2011-02-08,85.38175201416016,87.8159286399995,84.62506335176734,87.81380155692676,14391980
2011-02-09,86.21089935302734,86.7523037580324,84.46732881408911,85.17499044521816,14715160
2011-02-10,85.93595123291016,87.34913459166793,85.26026080390884,85.94234549227679,23071180
2011-02-11,87.78821563720703,87.81805984782852,85.04710164874656,85.04710164874656,20206840
2011-02-14,89.75560760498047,89.95810332707266,87.39816190545208,87.39816190545208,11844720
2011-02-15,89.82169342041016,90.71692886010172,88.4703189173331,89.94958512677215,15199460
2011-02-16,89.30371856689453,90.4611249118009,88.88594515880365,90.12008260720305,9101580
2011-02-17,93.17242431640625,93.53051589808827,89.31013503078987,89.52328571105427,23609840
2011-02-18,92.76741790771484,95.62363506287637,92.30487817619661,93.10419304265083,39535740
2011-02-21,93.85875701904297,94.12732892124798,90.90875278543766,92.29423201897892,11201020
2011-02-22,91.16239929199219,93.4324523456209,90.60607272961566,93.35998190736967,11592860
2011-02-23,90.12435913085938,91.78267092282087,89.53180058578423,90.59755383267058,12228440
2011-02-24,87.7796859741211,90.31404335035812,87.21057098197674,88.96906351853863,20055540
2011-02-25,87.05711364746094,88.96907513337588,86.0275989265104,88.96907513337588,12619920
2011-02-28,87.4876937866211,90.4163818667906,86.75232138425261,87.98859264970807,21962720
2011-03-01,91.18585205078125,91.65478611657029,87.77544140458328,88.44899828778843,20501160
2011-03-03,93.49427032470703,94.73693574774948,90.80431017184873,91.01106656182242,25337640
2011-03-04,94.56428527832031,95.18881512632616,94.06337994610814,94.21258800416,19709880
2011-03-07,92.64167022705078,93.95680612574087,91.69314721032696,93.95680612574087,12855680
2011-03-08,94.0633773803711,94.57494413411406,91.9318709225803,91.99582001921891,17971140
2011-03-09,94.044189453125,95.436062833652,93.57312837310339,94.21258027542528,18083980
2011-03-10,94.14437866210938,94.42573908465229,93.03386558362072,93.445244781902,14940620
2011-03-11,93.20438385009766,94.51099839592867,92.72053420872845,93.02107741053776,13107900
2011-03-14,94.41507720947266,94.59625004695064,92.59263536121419,92.59263536121419,13082880
2011-03-15,93.13191223144531,94.11454011350274,90.80217718090017,92.5073823861753,27602000
2011-03-16,93.09354400634766,93.99943424567674,92.87399910265685,93.61576568742689,11610680
2011-03-17,92.99763488769531,95.19309069558166,92.34326727328884,92.51591879591453,33521240
2011-03-18,91.62492370605469,93.6242775911278,91.31799279330247,92.9336716539639,9644240
2011-03-21,91.84449005126953,92.8782655376079,91.50344769786014,92.51591332229442,12318700
2011-03-22,91.72298431396484,92.63526878648638,91.31586581387782,92.04271027169213,9430540
2011-03-23,92.26012420654297,93.01467930960641,91.44376010004581,91.65477715660127,9314700
2011-03-24,93.4793472290039,93.73939127854055,92.44343820689596,92.89104936172788,8827620
2011-03-25,96.55937194824219,96.98353963344145,93.78628008508625,94.08468967529782,17802960
2011-03-28,97.91075134277344,98.56085821645999,96.55724342862246,96.55724342862246,21860620
2011-03-29,98.26882934570312,99.06388349411776,97.39491050925102,98.47558570575515,21636600
2011-03-30,99.81844329833984,100.77762118975826,98.30507894019723,98.68874749482804,22194840
2011-03-31,100.0038833618164,102.13751673250512,98.26670053347395,100.18079552156489,37863820
2011-04-01,99.48806762695312,100.82025921274521,99.02979502240899,100.30869894476939,8738580
2011-04-04,102.3464126586914,102.5254584167176,99.75450008113064,99.75450008113064,12644540
2011-04-05,102.13113403320312,102.73648110684114,100.95454477097113,102.31231338913138,16825320
2011-04-06,101.28706359863281,102.09916710048522,100.22344387677634,101.92864917281786,12939720
2011-04-07,100.38330078125,101.37444999845518,99.73745457476288,101.24655830804512,13116320
2011-04-08,100.28311920166016,101.67285908472306,99.97191457212875,100.35132246533301,15440340
2011-04-11,97.88090515136719,99.65005939479947,97.56331277419525,99.12357704531632,22416360
2011-04-13,100.98865509033203,101.61531856394929,96.98355228557843,97.17325949918649,18067780
2011-04-15,100.73926544189453,101.9712760154993,99.92502834697636,101.24656506129215,17181860
2011-04-18,98.55233001708984,102.30591629299154,98.23473763463332,101.40855389054552,20706540
2011-04-19,100.0742416381836,100.55596424391268,99.09162015145142,99.75451562655999,14924860
2011-04-20,101.11653900146484,101.8433769867004,100.09554557644749,100.63054927949989,13096140
2011-04-21,102.7663345336914,103.03277287369545,101.54497884136968,101.54497884136968,32410700
2011-04-25,101.92864990234375,104.06228362099402,101.715499238813,103.29281284797217,12645740
2011-04-26,100.60072326660156,102.2206696802863,99.7758312039274,101.7389470783764,12643700
2011-04-27,100.3193359375,101.41706030694114,99.17045750186062,101.28917514144551,14295300
2011-04-28,99.65858459472656,100.99077616777575,99.32820368654704,100.74139354801227,26769640
2011-04-29,97.8595962524414,99.74172022030193,97.23933355697594,99.11505676039722,18625880
2011-05-02,97.62938690185547,98.71859004944962,96.4293477637459,98.3050772894833,14156740
2011-05-03,95.3060531616211,97.86386101493032,94.7326773807836,97.5611842234917,21480560
2011-05-04,96.40592193603516,97.41625406780794,94.11881282025196,95.66202164681503,26421220
2011-05-05,94.6580810546875,96.97502781627121,94.21259693122725,96.16719145367314,18698980
2011-05-06,97.93206024169922,98.90189301305897,94.8520310146794,94.8520310146794,21551460
2011-05-09,97.1476821899414,98.688763933936,95.84959534124027,98.13457087005555,7797180
2011-05-10,95.76432037353516,97.11143399489377,94.85629655520778,97.11143399489377,13046440
2011-05-11,96.38886260986328,96.72351072275362,94.68153016733244,96.34410279054208,9821700
2011-05-12,95.5000228881836,96.55298766191915,95.27834438191246,95.91779635763,9478860
2011-05-13,95.9625473022461,97.62299260036329,94.88827276585008,95.15044388855614,11646140
2011-05-16,96.04781341552734,96.60414000694809,95.33376392598116,95.70464398370048,12541240
2011-05-17,96.02223205566406,96.9387837327482,95.53412176173816,96.00304927818082,12223880
2011-05-18,96.65742492675781,97.09864833073141,95.61938230835729,96.26309492569214,13870960
2011-05-19,96.93238067626953,97.36720326944263,96.24603540095804,96.79170048265205,15022540
2011-05-20,98.71858215332031,98.9018885658386,96.14797966864265,96.77038234674725,23827740
2011-05-23,96.54446411132812,97.9981532286571,95.7451491061044,97.83615663938227,20092800
2011-05-24,96.14372253417969,97.72956373989925,95.84105228264711,96.08830128889583,9004880
2011-05-25,96.12028503417969,96.64250020646944,95.71956078468433,95.9177893214534,8314880
2011-05-26,96.52312469482422,97.06878975437037,95.49147648834352,96.13092833982797,19899900
2011-05-27,98.20490264892578,98.56086059654498,96.45280402195539,96.55298508900856,11662040
2011-05-30,98.37328338623047,99.22588596664279,97.93632716570575,98.2198146615626,7849500
2011-05-31,102.29312896728516,102.68319179368326,98.6887507041821,99.11079133187384,35393460
2011-06-01,102.2355728149414,102.61071350602484,101.235895824997,101.88600265422244,13143340
2011-06-02,102.0237808227539,102.30042005418161,101.36244005706578,101.79685262504506,13445520
2011-06-03,101.87032318115234,102.47979608615172,101.51371893949486,102.00863948410607,11977060
2011-06-06,102.9293441772461,103.30756223983965,101.37540772385661,101.37540772385661,11685600
2011-06-07,102.72401428222656,103.33781391773203,102.17506257623356,102.23125048423974,8126940
2011-06-08,101.80548858642578,102.52950730412886,101.5007587093584,101.8465527874262,10278780
2011-06-09,102.13184356689453,102.64190106818054,101.21115063218986,101.78388611615753,6459880
2011-06-10,102.11669921875,102.63756024049913,100.72269965524262,102.35660092879648,8743820
2011-06-13,102.5554428100586,102.87530959245089,101.32569330850087,101.71472154583195,7835560
2011-06-14,102.98336791992188,103.65335547314822,102.24854562744099,102.78885710655916,12433200
2011-06-15,102.56409454345703,103.55826907002616,102.31338920401963,102.87531450995867,14077880
2011-06-16,101.27598571777344,102.52950572040487,101.06201788544492,102.18370505207922,8425300
2011-06-17,101.54830169677734,102.274483784682,100.87183723703797,101.60017608594157,14213480
2011-06-20,99.37409210205078,102.07349294048659,98.20486377711151,101.23924852404683,15625700
2011-06-21,100.52171325683594,101.31921358797094,99.50376819996592,99.50376819996592,10157720
2011-06-22,100.39852905273438,101.483472229991,99.95331287989522,100.8199680885541,6183160
2011-06-23,100.87615966796875,101.1225448842507,99.84956779132632,100.23858944318258,8267580
2011-06-24,103.011474609375,103.30540091505533,101.21331625919036,101.5353398196548,16575460
2011-06-27,104.4378890991211,105.11651688915082,102.55760250809512,103.00498199704668,20512380
2011-06-28,104.73613739013672,105.0365537447181,103.93648034162085,105.01061984847207,12193620
2011-06-29,107.59115600585938,108.0190785167421,105.25268611940022,105.25268611940022,20504880
2011-06-30,108.73444366455078,109.14075896532226,107.03138736743524,108.0190717706433,26841200
2011-07-01,108.11631774902344,110.11979016827802,107.11133980270995,109.7912831914121,13304840
2011-07-04,109.45413970947266,109.87774206615718,108.59828816559192,109.57516895423966,14323360
2011-07-05,109.84100341796875,110.3099900875848,108.68905565272922,109.01324253970033,10637280
2011-07-06,110.02037811279297,110.65578490532693,108.71066368628797,109.57516200586085,11785740
2011-07-07,110.906494140625,111.3020058529051,109.5384283221137,110.05496928297364,14778040
2011-07-08,110.61904907226562,111.66292796891639,110.38347405408976,110.91514530909875,15089360
2011-07-11,109.11481475830078,110.83300779350996,108.71498296944596,110.61255650252691,7945000
2011-07-12,107.1869888305664,108.49453991037018,106.34194092545003,108.49453991037018,14721800
2011-07-13,108.913818359375,109.31365014043203,107.11349696425174,107.63003786204727,7441820
2011-07-14,109.3482437133789,110.93675424261595,107.80294755106635,109.16453648475441,9354344
2011-07-15,109.99661254882812,110.32079943332735,108.71066860207489,109.45630107466273,5490152
2011-07-18,111.3149642944336,112.14705185712971,109.79128861624689,110.64498336085292,6209896
2011-07-19,110.40724182128906,112.16865581017105,109.86693037711674,111.84446894366766,17052664
2011-07-20,108.7322769165039,111.6067377719852,108.49453856069736,111.6067377719852,7408644
2011-07-21,107.26264190673828,109.12131488228944,106.87362024479489,109.0997011020482,12881024
2011-07-22,108.39730072021484,109.58598613238013,107.81376820251188,108.06231019684462,12634120
2011-07-25,109.1861572265625,109.46711658548178,107.44635013294769,108.39729711190498,13370428
2011-07-26,107.6624526977539,110.26675771082574,107.03569276695102,109.21855223235278,10581528
2011-07-27,108.50534057617188,108.91598254642108,106.33329122894207,107.92180817922588,11062712
2011-07-28,105.3175048828125,107.95422738921705,104.7339724759057,107.95422738921705,21417956
2011-07-29,105.2094497680664,105.87943732888621,103.97754353907435,105.87943732888621,11990668
2011-08-01,105.46879577636719,107.18698883760285,104.71235974108586,106.64667738383048,8809416
2011-08-02,104.35575866699219,105.44718519848803,103.7398022718831,105.44718519848803,7929976
2011-08-03,104.182861328125,105.77137846542304,102.87531012963308,103.45884919087706,8330268
2011-08-04,102.97257232666016,105.66331974430476,102.65918900619089,104.62592426206099,7318424
2011-08-05,102.23773956298828,102.8320822139837,98.79055614457455,100.4979391683142,12624376
2011-08-08,99.87117767333984,103.73980664363903,98.99586909742457,100.06568849167681,17233492
2011-08-09,100.37906646728516,102.34579492068936,97.22364619692398,97.25606356565942,17963696
2011-08-10,103.71818542480469,106.93844037258317,102.31337564394302,106.93844037258317,13068904
2011-08-11,103.72899627685547,104.75558804638025,102.65917695247956,103.45884054803315,8409216
2011-08-12,101.15711212158203,105.03655116605775,100.30342394497866,104.84204035338857,11413552
2011-08-16,98.65007019042969,103.39400090887395,98.26104197719576,103.39400090887395,12222592
2011-08-17,101.03825378417969,102.10807322719319,98.53120702356996,98.5636243955038,12536804
2011-08-18,99.93600463867188,102.62675830237528,99.10392368517172,101.21113834366754,22888452
2011-08-19,99.60102844238281,100.17375734324041,97.25607509052466,98.33669814708605,17921036
2011-08-22,97.91523742675781,100.27100060348724,97.4073499449259,99.42810947279023,11908996
2011-08-23,99.28764343261719,99.95763103543408,96.24028514571431,98.85539421732884,16145092
2011-08-24,98.55281066894531,99.93600669254758,97.7963746221442,98.98505983854595,12742456
2011-08-25,95.88368225097656,99.28764487067457,95.24611860655168,99.28764487067457,23200840
2011-08-26,94.8678970336914,97.37493714959649,94.26274418851474,95.9593236395501,8523824
2011-08-29,98.65007019042969,98.97425707032515,95.77560923133052,96.06737874235623,11600396
2011-08-30,101.99999237060547,102.65916966389216,99.1579490286948,99.8387466934709,15589296
2011-09-02,102.18370056152344,104.60429853782843,101.14630519773493,104.60429853782843,15190948
2011-09-05,101.63258361816406,102.4430507921526,99.99003549309418,101.53532491904593,11800716
2011-09-06,102.18370056152344,102.96175038216424,99.41730852768818,101.27598126710821,17860792
2011-09-07,105.49042510986328,105.8902569637361,102.19452475581937,102.8753159688462,14746572
2011-09-08,104.53946685791016,105.83621439836503,103.55609601570578,105.83621439836503,8164048
2011-09-09,102.28096771240234,104.97172164069897,101.72985261653409,104.58269340043954,10331416
2011-09-12,101.43807220458984,101.83790399380253,99.95761752323409,100.93017812616286,6985520
2011-09-13,101.08146667480469,102.83207046117843,100.2818031066202,101.79467513624594,7175952
2011-09-14,103.50206756591797,104.40979350613544,99.64424221339256,101.01663471526452,7749008
2011-09-15,104.74478149414062,105.47960378291327,101.92435822561652,105.01493723233638,8736760
2011-09-16,104.53946685791016,105.90104913714815,102.94013961486989,105.09058192436386,10947008
2011-09-19,104.76638793945312,105.25266823416952,103.11303625653713,104.15043158035931,8389220
2011-09-20,106.19281768798828,106.60345308628143,104.38817605813266,104.8204252343568,11835268
2011-09-21,106.87361907958984,107.55441027836821,105.55525764644464,106.49540101409079,12891396
2011-09-22,102.07564544677734,105.68492888751503,100.60600081214365,105.447190509548,10191088
2011-09-23,98.63926696777344,101.57856287212941,97.7963823396565,101.26517956119902,32911224
2011-09-26,97.27767944335938,98.90941746239149,94.9759538750694,98.55281320740556,27785068
2011-09-27,98.86619567871094,99.82794614047951,98.14217698788805,98.98506156418378,16022836
2011-09-28,98.98504638671875,100.5735631882453,97.63426791528427,99.93599311148903,15223752
2011-09-29,101.70823669433594,102.61595604461749,97.82879753891577,98.8878067453772,32532984
2011-09-30,101.0706558227539,102.61594520942784,100.36825095648408,100.68163422736697,19028800
2011-10-03,98.5636215209961,100.47632555650505,97.41816377540962,99.44973370307589,18136236
2011-10-04,97.0183334350586,98.55281944287233,95.20288808023084,97.79638332872749,14963192
2011-10-05,94.81385803222656,98.60684185891628,94.3491848982205,97.02913502741318,16534992
2011-10-07,97.25606536865234,99.4173112657335,96.43479456600112,97.83960439910388,18887004
2011-10-10,98.27185821533203,98.98506675678088,97.26687354929135,97.68831915734708,24125984
2011-10-11,98.87699890136719,100.47631953169027,98.36910480100539,99.56860022044694,9987516
2011-10-12,100.96260833740234,101.5569510036882,98.00170519362892,99.838764343967,17935560
2011-10-13,101.71903228759766,102.91852766430735,101.05985495664457,102.65917552999207,11733404
2011-10-14,102.42146301269531,102.96177459916828,100.57360002519793,101.36245362232839,6670040
2011-10-17,103.31836700439453,103.8478749362741,102.08646068675587,103.0049902777635,7087264
2011-10-18,103.33997344970703,104.04237838121114,102.0108085138268,102.42144392389397,8109020
2011-10-19,106.3008804321289,106.8952230519536,103.58851288247861,104.37737290890698,17378084
2011-10-20,105.80380249023438,106.41975896126151,103.86949114599106,105.46881197568268,11353704
2011-10-21,105.25267791748047,106.29007333674366,104.45301427658231,105.91185529494574,9161464
2011-10-24,104.6799545288086,107.41392948325648,104.3773813986799,106.49539990518034,9743092
2011-10-25,101.14630889892578,106.06314335929024,96.94268295281412,105.43638336258338,82630020
2011-10-28,104.31251525878906,106.87359255728963,103.6857553677648,105.03653383790244,18038448
2011-10-31,105.90105438232422,106.27927243368966,103.12385194317808,104.38818217686244,12851416
2011-11-01,104.23688507080078,106.54942077660563,103.7398011618067,104.84203786827068,13299516
2011-11-02,104.40980529785156,105.46881461730699,103.19950610607395,103.45885828845486,10111820
2011-11-03,104.13963317871094,104.78800693730547,102.03241846327872,103.9559259613227,10505636
2011-11-04,104.38817596435547,105.44718512603347,103.80463693873749,105.18783957789137,6803220
2011-11-08,104.65834045410156,105.32832805181252,103.41562396961817,104.38818469660518,8392808
2011-11-09,103.14545440673828,104.97170972122068,102.72400884321199,104.8204198790321,8604988
2011-11-11,100.29261779785156,103.39400712097512,99.97924108581708,102.79966447212425,9210036
2011-11-14,101.88113403320312,103.70738952194587,101.35163272621567,101.55694713666412,12228564
2011-11-15,102.0648422241211,103.26433111440198,101.55694809562762,101.729851732774,11644292
2011-11-16,100.64922332763672,102.010805594579,99.48214527528732,101.57855641833078,7117600
2011-11-17,99.2768325805664,101.57855816453662,98.68248995300794,100.09810339131663,10777368
2011-11-18,99.04988861083984,99.76310365508955,97.2776710795617,98.37990771478506,11720744
2011-11-21,96.09980773925781,98.55282341306703,95.09482960909978,98.55282341306703,10194036
2011-11-22,95.9701156616211,97.1479972430747,95.09481376407757,96.60768580123334,15218304
2011-11-23,92.09069061279297,95.47303918207018,89.51880926916999,95.47303918207018,25565636
2011-11-24,92.85794067382812,94.01420869761998,88.89205261999244,92.67423342966681,28885188
2011-11-25,93.12808227539062,93.99258061462952,90.5670046262756,92.44729115235977,18906468
2011-11-28,95.2785415649414,96.16465384018679,93.81970035668623,94.23033582211211,10891716
2011-11-29,94.05743408203125,96.29431854691919,93.40906024395365,95.95932803548565,14831024
2011-11-30,95.63512420654297,97.18041359494141,92.76067000422417,92.76067000422417,28214548
2011-12-01,98.01251220703125,100.93019448882822,97.13721016073208,99.19039398866327,13929784
2011-12-02,100.71406555175781,101.12470098059573,97.93686306881798,98.36911227719463,11237028
2011-12-05,99.92520141601562,101.02743809902458,98.98505816887273,100.21697091969429,8753228
2011-12-07,100.95179748535156,101.77306829055377,99.87117453345441,101.5785574783321,11172944
2011-12-08,98.06653594970703,101.0814767179708,97.49380708642089,100.93018686173704,12557000
2011-12-09,95.90528869628906,97.51541956165516,95.2028837649923,96.60769362758583,13606912
2011-12-12,93.37663269042969,97.46139298996647,92.13391621516097,96.84543654832207,12071156
2011-12-13,94.74901580810547,96.26188788814784,92.0690722997216,92.50132146544799,14925880
2011-12-14,93.87371826171875,95.90528811621566,92.98760611155332,94.87869629976039,24306724
2011-12-15,93.22534942626953,94.23032751760111,92.28520607801761,92.71745528681394,26960140
2011-12-16,89.75653839111328,95.2028806246808,88.61108071763708,93.819684586257,29424820
2011-12-19,87.74658203125,89.25945413523706,86.50386566011777,89.05413314002782,32341524
2011-12-20,89.51880645751953,91.11812708012516,87.31433303473949,87.7465822081788,19983568
2011-12-21,94.1114730834961,94.96516141746388,90.29686807487951,92.06909268499034,14986880
2011-12-22,95.7107925415039,96.1322316074782,92.67423756986244,93.25777670195019,13576068
2011-12-23,94.5653076171875,96.49962525208127,94.23031715544778,96.00254135486773,6855300
2011-12-26,95.89449310302734,96.26190098652876,94.45725915494323,94.87870478711221,4564760
2011-12-27,95.02999114990234,95.87287578756089,94.16549273269368,95.15966063600405,6294236
2011-12-28,95.05158233642578,95.74318359203423,93.59274150291284,95.63512130807031,7668340
2011-12-29,92.84712982177734,95.52707355254795,92.06907993978604,94.15468101836319,10930628
2011-12-30,92.25277709960938,93.79806650751435,91.22618535787966,93.75483895383364,7676416
2012-01-02,92.25277709960938,92.89034064500862,90.66426013802366,92.69582984464273,7029996
2012-01-03,94.9111099243164,95.28932794703306,92.93357129608917,93.23614439514272,6878476
2012-01-04,95.80802154541016,96.1646323709597,93.11727454159983,95.5054484592578,9742956
2012-01-05,95.88368225097656,96.54286627119853,95.15966348576212,95.95932718386757,6761212
2012-01-06,97.96928405761719,98.8013651335848,94.86790114948292,95.3109539661879,7954444
2012-01-09,98.48798370361328,98.79055682709055,96.39157242737895,97.66670625920422,8463936
2012-01-10,99.35247802734375,99.91439669259093,98.5528143951087,99.41731276699561,8982772
2012-01-11,99.99004364013672,100.2818131656653,98.33669178960714,99.52537707497602,7719112
2012-01-12,100.85453796386719,101.38404584424397,99.67666291320714,99.78472520752085,7975444
2012-01-13,101.49211120605469,102.23773710199568,99.64424196008082,101.57855972499867,7381684
2012-01-16,99.5253677368164,101.1138846973381,99.03908743842806,100.88694993406433,6383420
2012-01-17,101.23275756835938,101.36243364267239,100.06568609074054,100.26019690441049,7322016
2012-01-18,104.15042877197266,104.90686476557885,101.49209920411027,102.20530764555673,20137244
2012-01-19,105.2094497680664,105.95508225593991,103.80463990643742,105.03655273102866,16842176
2012-01-20,106.01992797851562,106.64669464280225,103.83707462849621,105.90106207768878,14390260
2012-01-23,104.60430908203125,105.41477635281144,103.93432148573304,105.03655829311403,7533728
2012-01-24,105.6417007446289,106.57104047233695,103.85867281314636,104.87446106083674,15063952
2012-01-25,105.94427490234375,106.549421106086,104.98251785452591,105.95507849342528,14819100
2012-01-27,104.64752960205078,108.92679386567703,103.66415875562618,108.90518008745687,14877636
2012-01-30,103.53447723388672,104.38817196166781,102.22692616535998,104.37736837092577,9975016
2012-01-31,106.35491943359375,106.98167946893834,103.70739302249376,104.49624651157916,10653848
2012-02-01,107.44635009765625,107.99747181849348,104.03158384846768,106.87362119198598,12020596
2012-02-02,107.60843658447266,108.06229956175189,106.18201291113766,107.84617496262838,22841708
2012-02-03,109.41307067871094,109.79128870081018,107.0357002540871,107.5219805682147,14915004
2012-02-06,109.72645568847656,111.52028712610257,108.06229372684358,110.22353960138045,17438624
2012-02-07,110.07225036621094,111.39061827175472,109.79129103919277,111.08803857115174,12075708
2012-02-08,109.88854217529297,111.90930166363161,108.6566294665231,110.37482246629183,13861148
2012-02-09,112.93589782714844,113.6707266833468,109.28339370589876,109.29420389237157,17361024
2012-02-10,111.84446716308594,113.6058877195245,111.08803115328728,112.98992476825588,11515172
2012-02-13,112.80624389648438,113.46542132498966,111.49869263183629,112.0930353149672,14614324
2012-02-14,111.93092346191406,113.20605054872894,111.31496050408217,112.92509123747801,13114828
2012-02-15,115.2052001953125,115.60503856729,111.79043460398597,112.49283946133339,19379584
2012-02-16,113.7787857055664,116.24259795794373,113.08718442393166,114.76214988840462,8124264
2012-02-17,114.17862701416016,115.19441530329206,112.40640260202353,114.8161972417897,14219648
2012-02-21,114.98907470703125,115.30245797143479,112.49283856444576,113.68152369817189,14831136
2012-02-22,114.85940551757812,116.46953620446004,113.82201021843709,114.54602225242174,13923108
2012-02-23,115.22681427001953,115.83196039888506,113.94087050168261,113.94087050168261,17095748
2012-02-24,113.38975524902344,115.71309426018298,111.37978629571447,113.94087023668715,16380168
2012-02-27,111.433837890625,114.85942069711805,110.68821857755113,113.8760564105899,15321292
2012-02-28,114.65409088134766,115.28085744633927,110.91513824673646,112.22268933108346,14801148
2012-02-29,111.75802612304688,116.68567758861316,110.94755886768384,115.38892998003232,19988636
2012-03-01,111.0880355834961,112.88186698288888,109.20774907448532,111.7364093320379,12198492
2012-03-02,112.11463165283203,113.46541034744446,109.73726115031415,111.08803984492658,8116696
2012-03-05,110.42884826660156,112.59009389980173,109.26177034819487,112.3847729264084,10051372
2012-03-06,109.66161346435547,112.60090914897637,108.76469775282602,110.18031115091235,11597188
2012-03-07,111.44465637207031,111.95254391062934,107.5327931585433,109.54275591584282,7577636
2012-03-09,113.07637786865234,113.89764859791214,112.30913828199118,112.81702574593953,9315044
2012-03-12,112.1578598022461,115.51859457396945,111.73641420905932,115.41053227782916,11217384
2012-03-13,113.33575439453125,114.0057354305341,112.46043914300525,113.03317465434945,11079428
2012-03-14,114.15702819824219,114.54604988035054,112.69818699693585,114.13540782128055,11721124
2012-03-15,110.39643096923828,114.5460254736946,110.01821296059872,114.11377632096368,14939196
2012-03-16,109.75886535644531,113.44379327134386,109.14290900629996,110.22353186774848,12810608
2012-03-19,107.8137435913086,110.23433482979699,107.0032764498418,110.23433482979699,15299768
2012-03-20,109.22935485839844,110.40723638695728,106.54941154633246,107.19778524742577,6324272
2012-03-21,111.44465637207031,111.92011994382818,108.71067487846825,108.71067487846825,12021572
2012-03-22,108.98081970214844,112.90348611416339,108.08390401231645,111.06642718016585,11280064
2012-03-23,111.07723236083984,112.1146277237064,108.26761277451081,110.11547532574151,8047164
2012-03-26,110.58013916015625,111.62834468395593,109.28339169044912,110.97997094910237,9832916
2012-03-27,112.1362533569336,112.77382362159464,110.65580499240193,111.30417884977928,11857352
2012-03-28,110.96918487548828,112.060611529873,110.23435591684539,112.060611529873,8699492
2012-03-29,110.24515533447266,111.10964710402041,109.14291859979059,109.79129237365073,16225116
2012-03-30,112.35237121582031,113.21686964030661,110.16951797047206,110.6557983342456,11184976
2012-04-02,114.18942260742188,114.53522986843443,111.54189636236123,111.95253836256421,5530932
2012-04-03,114.58926391601562,115.92923905505165,114.11378716459012,115.19441014910329,12920812
2012-04-04,113.80039978027344,114.3299076619379,113.33573982831332,113.51944045261415,4175076
2012-04-09,112.76300048828125,113.74636469665731,112.38478247035218,113.19524965162876,5036740
2012-04-10,113.43299102783203,113.68153959429905,111.48786962792957,113.11962091080673,5834072
2012-04-11,113.7787857055664,114.75134629784102,111.75801300467745,112.78460474096732,7463248
2012-04-12,114.63248443603516,115.51858995245611,113.31411656114818,113.46540640793162,12103288
2012-04-13,114.40555572509766,116.22100770491774,113.22768716696113,115.9292447612177,9833428
2012-04-16,114.49198913574219,114.76214484394356,113.2708800581933,114.30828853064394,17396084
2012-04-17,114.60006713867188,115.82117638371986,112.62252180689997,114.97828518203383,15665808
2012-04-18,116.19939422607422,116.6856745666984,115.19440957897153,115.19440957897153,12000284
2012-04-19,119.74383544921875,120.07882595065145,116.10214111054873,116.70728736978184,16366676
2012-04-20,119.10626983642578,120.59753495373134,118.10129829319779,119.35481841970991,15725100
2012-04-23,117.8635482788086,120.16528060280599,117.4204954759769,119.28997858917285,8437648
2012-04-24,117.10710144042969,118.11208604003077,116.5776067586248,118.0256309293046,8760780
2012-04-25,118.14453125,118.76048115329587,116.27504797174373,117.5717957186405,10778388
2012-04-26,116.81535339355469,118.85773362581696,116.4911664738686,117.78791415261296,9338952
2012-04-27,116.9558334350586,118.0040324763636,115.45376481566365,117.13953406994337,4549020
2012-04-30,117.24758911132812,118.65239893478181,116.78291597016808,117.52854843777925,6039020
2012-05-02,118.846923828125,119.08465561366911,116.85857485296009,116.85857485296009,8978348
2012-05-03,119.74383544921875,120.59753028210791,117.8851691120315,117.8959727041037,13714548
2012-05-04,116.16696166992188,119.66818250174785,115.55101189382547,119.12787105212031,12351888
2012-05-07,115.03231048583984,115.52939439361707,111.60674108650768,114.95667215749033,16712688
2012-05-08,111.37980651855469,115.92923986822548,110.92595013835505,115.17280377376032,11283080
2012-05-09,110.7962646484375,112.94669353905954,109.22935494068328,111.02319280575176,15023992
2012-05-10,111.84446716308594,113.01154514039699,110.22353285637455,110.4504610210747,12084380
2012-05-11,110.34239959716797,112.38477947784126,109.83451212023739,110.92593859038851,8050084
2012-05-14,108.1811752319336,110.61257719185659,106.77636521064476,110.38564898050375,11034848
2012-05-15,107.86779022216797,109.02405816246859,107.19780263656952,107.19780263656952,8019464
2012-05-16,107.02489471435547,107.78133074478036,105.03654593899911,106.76554257997029,16960872
2012-05-17,107.58682250976562,109.46710915521236,106.98167627212264,107.41392546918172,11618520
2012-05-18,108.1811752319336,108.90519402356398,105.68493852465262,105.85783558134051,9614416
2012-05-21,107.51119232177734,109.75888699764943,106.75475616961657,108.11633860526604,8542340
2012-05-22,105.73896789550781,109.14293058197535,105.24188391921597,108.88357840571885,11096812
2012-05-23,105.29590606689453,106.52781230974706,104.21528308425235,105.90105229893445,12695888
2012-05-24,107.99747467041016,108.64584852691708,104.82044013528625,106.54943708597138,11539244
2012-05-25,108.06229400634766,108.74308513946785,107.1113471382116,108.01906645050552,11194572
2012-05-28,109.9533920288086,110.35322386439688,108.06230174821484,108.32165391065034,12206852
2012-05-29,109.13212585449219,110.64499814385503,108.5161693889888,110.25596988351616,10573024
2012-05-30,108.20277404785156,109.22936584450214,107.31666191478072,108.07309797547063,10167280
2012-05-31,109.40226745605469,109.98579987761298,107.0573143920252,107.19779405301522,19039120
2012-06-01,105.98749542236328,109.60758222990782,105.90104690727306,108.9267911046237,11708748
2012-06-04,107.12214660644531,107.7381029776943,104.83122474256416,105.46879489090234,11360968
2012-06-05,108.38648223876953,109.12130452804814,107.72730487535762,108.06229535271139,10710712
2012-06-06,112.36318969726562,113.03317070988848,108.81874082682381,109.11051036861745,25091692
2012-06-07,116.23181915283203,116.59923364872327,113.03317738328502,113.29252956810237,19800492
2012-06-08,116.51275634765625,117.30161634483291,114.75134892711843,116.9017911464378,19322744
2012-06-11,117.12873077392578,118.63079939711439,116.36149107452982,116.94501694737819,13071884
2012-06-12,118.78206634521484,119.05222207579548,116.264222850922,116.44792347123771,11253840
2012-06-13,117.08550262451172,119.38723490228529,116.66405701420403,119.08465518432111,8064732
2012-06-14,115.49697875976562,118.3065982494414,115.11876075154005,116.70727110960858,8642552
2012-06-15,118.33902740478516,118.8037005921269,115.61586259900369,115.62666619124899,9932224
2012-06-18,115.61585998535156,119.30078185924982,114.44878184285756,119.30078185924982,11237464
2012-06-19,115.9400405883789,116.49115566245699,113.74637069228189,115.58342973334103,11860736
2012-06-20,115.4537582397461,116.81534051406636,114.23264903374887,116.0589044515331,9534472
2012-06-21,117.33404541015625,117.72306703465492,114.82699224667948,115.19440668861638,10652656
2012-06-22,117.64741516113281,117.80950860345523,115.64826270582297,115.64826270582297,6168816
2012-06-25,115.99407196044922,118.54433952530638,115.62665751328882,117.8743585619891,6374848
2012-06-26,117.45291137695312,118.43627562575213,115.90761527798458,116.27502972017271,5853128
2012-06-27,118.65238189697266,119.88429451119137,118.0040082254045,118.0040082254045,11937288
2012-06-28,120.43086242675781,121.34205845096501,119.2781513461006,120.07956536262616,12142440
2012-06-29,123.73529052734375,124.03170997043131,121.21030450678296,121.22128002664772,12659172
2012-07-02,126.0187759399414,126.24931548799891,122.95585508396415,123.83411119170675,8201524
2012-07-03,126.43594360351562,127.34713970495805,125.52476090319833,126.44693252611442,8466800
2012-07-04,126.90800476074219,127.53375686321304,126.39203466931004,126.62257421226644,12810284
2012-07-05,128.24734497070312,128.44495795878197,126.34812414583368,126.88605870127067,8381528
2012-07-06,127.67647552490234,129.32320564775148,127.0177834757627,127.80820857428066,15741520
2012-07-09,126.94092559814453,127.73135059807905,124.95386077683818,127.33613809811179,7661160
2012-07-10,129.24635314941406,130.04775370371135,126.79820920432721,127.34711920088274,13543016
2012-07-11,128.88409423828125,130.37712706200892,128.46691719290294,128.86214319426168,12299444
2012-07-12,127.36906433105469,129.74036612705726,126.3810263830944,128.20341820800792,7583748
2012-07-13,128.89505004882812,129.85016153788217,127.88506095811732,128.44494650625316,9508572
2012-07-16,127.9289779663086,130.1355936241751,127.5776675036496,129.10364007937034,12850160
2012-07-17,128.06072998046875,129.26833223489237,127.03975180491479,128.8840951539394,8539356
2012-07-18,128.88409423828125,129.25735579449463,127.36909696940822,128.37909961569883,7117996
2012-07-19,129.41102600097656,129.71840755802376,128.56569656657013,129.2353640813805,4800448
2012-07-20,127.91802215576172,129.32323756788406,127.5667250032948,129.32323756788406,4168944
2012-07-23,125.8101806640625,127.34712876990619,125.38202815435268,126.7762676910424,6094528
2012-07-24,126.04071044921875,126.78723340332719,125.19539441684786,125.71136445201613,5305588
2012-07-25,126.4798583984375,127.52278755410741,125.96388828187189,126.12856130645135,8815704
2012-07-26,124.2293472290039,127.07270459520412,123.61457051766725,126.90803154389283,17705416
2012-07-27,128.3571014404297,129.2573218278078,123.97681062065433,125.59060056466397,13430872
2012-07-30,128.93899536132812,129.9599736096974,128.22541216009472,128.90605539158972,8466284
2012-07-31,129.0487518310547,129.54277087251768,127.31419072502385,129.54277087251768,8391408
2012-08-01,128.77427673339844,129.1804647437199,126.82015191356811,128.56568826818386,7870988
2012-08-02,127.89604949951172,129.36713120402297,126.7543138452138,128.77430563341395,6885460
2012-08-03,129.14755249023438,129.32320101682367,127.29223393803655,127.56668894868346,9951500
2012-08-06,131.79327392578125,132.17751087600217,130.2014351320088,130.23437508819055,12329176
2012-08-07,131.76034545898438,132.2433889187502,131.0797024482615,132.17752240176452,11228764
2012-08-08,131.4969024658203,132.17754559598092,130.5747308628327,131.7384175375225,8053116
2012-08-09,132.7593994140625,133.27536953699286,131.409075235404,131.9579853241066,9873120
2012-08-10,132.2104949951172,133.25342420837745,131.66158488287493,131.73842693813853,15127420
2012-08-13,133.3741455078125,133.8242489973083,131.73839113762918,131.73839113762918,8421704
2012-08-14,133.52786254882812,133.71448660317765,132.45199350306555,133.28633408900177,11225568
2012-08-16,131.74937438964844,133.52785081506676,131.2663309135673,133.49491085490007,8143296
2012-08-17,130.66253662109375,132.23242464860425,129.93797807036722,131.43101065392085,7686156
2012-08-21,130.9479522705078,131.40903123016537,129.1475251022513,130.64055736332227,8340840
2012-08-22,131.0577850341797,131.83723472092007,129.83919385224831,130.50887491659833,9580860
2012-08-23,131.23342895507812,132.73743726366382,130.69549437862852,131.60669050207125,9425048
2012-08-24,130.92604064941406,131.82626129725313,130.25637297552996,130.31126398816187,6708376
2012-08-27,130.4978485107422,131.4968753586928,129.99285402784093,130.64057046077,4046724
2012-08-28,129.40005493164062,130.54179056090922,128.77430281040316,130.1795179542914,8895964
2012-08-29,129.22439575195312,130.81623482872365,128.71940120782307,129.37809323959019,6729628
2012-08-30,130.83822631835938,132.17756169938093,128.66453680371632,128.66453680371632,22716404
2012-08-31,130.7174530029297,131.73843120522062,129.3781176461271,129.61963274288618,12506740
2012-09-03,129.6416015625,131.25539203875815,129.10366693670505,131.2005010239041,7437816
2012-09-04,129.56471252441406,130.05873153007573,128.92798495779076,129.66351900577104,5772588
2012-09-05,130.00384521484375,130.8601502159682,128.96091616530373,129.10363813253238,12158472
2012-09-06,129.13658142089844,130.3112435465041,128.68646446702476,129.56472053136514,5097452
2012-09-07,129.630615234375,130.64060446305086,128.59866156091235,130.4759314322151,11205148
2012-09-10,129.79525756835938,131.0797015446545,129.4000316669248,129.87209960412588,6034892
2012-09-11,130.5088653564453,131.07972647646235,128.0826720935606,129.26832322113435,6311544
2012-09-12,131.56277465820312,131.73842320892328,130.39908793341604,130.69549402518595,6391016
2012-09-13,131.56277465820312,132.0677692669456,130.32223247920226,131.95798724760482,3399760
2012-09-14,134.53787231445312,134.9770004166627,131.94701919164197,133.18754803970828,25771220
2012-09-17,133.56077575683594,136.11870166436998,132.94599924977828,135.91011318846037,21086848
2012-09-18,132.93505859375,134.3732004609417,132.58374806820902,133.56081078446564,10039176
2012-09-20,133.25341796875,133.93406111560876,131.957984804067,132.17754883868275,10491328
2012-09-21,137.2604522705078,138.10576838586988,132.8581829547965,133.64862146635997,23602848
2012-09-24,139.4231414794922,139.8403184443683,136.74445797084266,137.33728345735807,17574880
2012-09-25,139.84033203125,140.27946007857548,137.4800187768755,138.98402697851552,11686144
2012-09-26,138.489990234375,139.7744342482756,137.04087322376287,139.39019725594878,10730508
2012-09-27,138.50096130371094,139.86226071301022,137.27140832822133,138.9840047587684,15861744
2012-09-28,138.13868713378906,139.26943362086382,137.46900625568128,138.74248809520793,11007688
2012-10-01,136.7554473876953,138.7644635736176,136.129695277916,138.1057714996922,8054784
2012-10-03,136.00894165039062,137.62273191740167,135.67959560397003,137.00795531097484,11032228
2012-10-04,138.6107635498047,139.18163804414326,136.44806330695044,136.45903882775758,12652064
2012-10-05,136.6566619873047,140.22457758850388,110.8908142050463,140.0818556040058,14947024
2012-10-08,136.2833709716797,136.98597841834956,135.37217505474686,136.98597841834956,9290672
2012-10-09,137.39218139648438,138.43511046022118,136.56881634616585,137.21653286597453,4310768
2012-10-10,135.6795654296875,137.00792484127354,135.295328460982,137.00792484127354,4295016
2012-10-11,137.194580078125,137.8422966529548,135.78937831355574,136.38220388036817,9812932
2012-10-12,138.5778350830078,139.4231511904055,137.44707503180132,138.32533110229207,15506408
2012-10-15,139.2365264892578,139.4011995017101,136.70055137659364,138.8522894602025,7572068
2012-10-16,138.4131622314453,139.53293336217916,137.90815426942402,139.47804235770937,7273836
2012-10-17,137.9081573486328,138.87424440932134,137.55686027263212,138.76446239793057,6433772
2012-10-18,139.68663024902344,140.05989175802372,137.10675305013413,138.32533066385278,5618460
2012-10-19,137.99598693847656,139.42315307228736,137.66664090759713,138.76446101052855,9055400
2012-10-22,140.30140686035156,140.52097087734742,137.27142610603357,137.27142610603357,8241404
2012-10-23,139.22555541992188,140.41120662205964,138.87425830876109,140.31240012169386,8332960
2012-10-25,139.93910217285156,140.74051608824917,138.10574823636307,138.90716215176067,17011340
2012-10-29,140.65272521972656,141.0699022756224,139.5439294462679,140.04892408158187,5512328
2012-10-30,139.12673950195312,141.57487015878985,138.4570585543809,139.87324909101324,8834904
2012-10-31,139.24752807617188,139.6207896544942,138.3363318762492,139.2255636297255,7492968
2012-11-01,138.01795959472656,139.5768724257011,137.7764444947083,138.92915578330945,7058460
2012-11-02,138.39122009277344,140.08186598314003,137.88622545048895,140.08186598314003,5432772
2012-11-05,139.4231414794922,139.6427054818221,138.48999446959007,138.76444947250246,4022128
2012-11-06,140.4221649169922,140.78445090684596,139.19261177764602,139.19261177764602,7278084
2012-11-07,140.53196716308594,141.61881188803326,139.84034844802932,140.46610062847952,8200660
2012-11-08,140.30140686035156,140.74053489434328,139.53293280086606,139.75249681786192,3867800
2012-11-09,140.3782501220703,141.17966415149817,139.4231520003131,140.13673506173205,4420776
2012-11-12,143.0020294189453,143.5509394147198,139.91715792291728,139.91715792291728,9657456
2012-11-15,141.8932647705078,142.1457687839347,140.30142543652534,142.05793780505772,9442340
2012-11-16,141.01498413085938,142.40921022113938,140.55390507453214,141.17965713685103,12102824
2012-11-19,142.00302124023438,142.25552520822342,140.40020667259867,140.46607319434085,5787948
2012-11-20,143.56192016601562,144.01203709985197,142.33236709112325,142.51899113603824,9353388
2012-11-21,145.7246551513672,146.11986774076402,142.65075860986352,143.84738530088825,12929784
2012-11-22,146.91026306152344,147.36037997023362,145.79049205229376,146.40526855542225,8440964
2012-11-23,147.05299377441406,147.67874583428133,144.7036562179128,146.9981027726319,5249712
2012-11-26,145.32943725585938,147.9202901374501,144.93421127976723,147.7665926357615,5481536
2012-11-27,149.41331481933594,150.13787340127686,145.98812148591105,145.98812148591105,16502672
2012-11-29,153.66188049316406,154.51818556759426,148.29355069949528,148.75462980041937,25199452
2012-11-30,154.5620880126953,154.90240954905602,151.4113364184719,153.9143715009047,15639292
2012-12-03,150.8295135498047,153.94732546556068,150.18179697909966,153.69482146983884,11636340
2012-12-04,150.43426513671875,151.4991450713367,149.53404478475227,150.2037122385389,8679488
2012-12-05,152.0700225830078,152.59698154880547,150.84046953097751,151.2795975354345,9219860
2012-12-06,152.5421142578125,153.3654793941447,149.47919327043164,152.77265381576046,10904552
2012-12-07,152.17982482910156,153.25569394359687,151.0600536292187,152.65189285714285,7936632
2012-12-10,152.15786743164062,152.9263415095782,151.42233331749298,151.499175364837,8324104
2012-12-11,151.68580627441406,153.47525849717013,150.68679260819826,152.65189337647718,13500552
2012-12-12,152.344482421875,152.81655040210103,151.16982033311288,151.77362135840855,7736504
2012-12-13,151.72970581054688,152.8165503358325,151.27960227211003,152.34448235581115,6283232
2012-12-14,151.22470092773438,152.46524285477759,150.47817798738797,151.51013143982354,8373892
2012-12-17,148.53504943847656,151.0380844568692,147.89830846328726,151.0380844568692,12230212
2012-12-18,148.41429138183594,149.78656640866495,147.05299187499688,148.8534193904212,13375072
2012-12-19,151.06005859375,151.33451364206712,148.09594407192495,148.10691959363257,16489012
2012-12-20,150.050048828125,150.84047389858517,149.35841684062964,150.62090988999918,10260748
2012-12-21,148.42526245117188,149.7426464374249,147.99710997541507,149.52308243971606,11086244
2012-12-24,148.4472198486328,149.33646479833914,147.5030972982717,149.30352483682282,5482252
2012-12-26,149.36944580078125,150.36845971704034,147.78858169315112,148.88640212884866,5723216
2012-12-27,149.32550048828125,150.18180561760383,148.57899078173466,150.18180561760383,9858168
2012-12-28,148.78758239746094,149.9622446930985,148.01910822992676,149.545067641701,7024264
2012-12-31,148.99612426757812,149.30351922643467,147.98613523326026,148.64482722984746,5107288
2013-01-01,150.29156494140625,150.42329798704128,149.22668485267263,149.76460595661877,4029212
2013-01-02,150.91732788085938,151.49917791009437,149.97320524947065,151.47722686794856,9709596
2013-01-03,150.03909301757812,151.49919935734226,149.39138977021244,151.49919935734226,9142732
2013-01-04,149.16079711914062,150.40133907193498,147.72265560823942,150.40133907193498,10884508
2013-01-07,146.71267700195312,150.11591922282528,146.22963349037875,150.11591922282528,11004568
2013-01-08,147.16278076171875,147.85441276804585,146.16376717567599,146.66876172894908,9885196
2013-01-09,146.55899047851562,147.66778615322173,146.24061995380546,147.54702861657302,12871964
2013-01-10,148.38136291503906,148.8644064421263,146.33942019716397,146.99811226106718,9130368
2013-01-11,146.95419311523438,148.62288767622178,146.38333203452427,148.62288767622178,10283428
2013-01-14,146.95419311523438,147.21767261445595,146.47114960018212,146.7017025377035,11389748
2013-01-15,146.73464965820312,148.30453795179693,146.0100909846698,147.28355977468684,8263376
2013-01-16,145.0220489501953,146.93225878540406,144.3853078714172,146.1308446760239,9150756
2013-01-17,146.40528869628906,147.29452031431683,143.60584738697509,144.40726143597362,12844144
2013-01-18,145.5380096435547,147.98615390012682,143.88030392326633,147.10789779389464,20224692
2013-01-21,144.59385681152344,145.65875015860453,143.75951636507764,144.91222726376668,10854720
2013-01-22,143.53997802734375,145.13181717181524,142.17867842357086,144.5829071219975,8486128
2013-01-23,144.1657257080078,145.57094075295038,143.67170667830322,144.25355667373816,7079740
2013-01-24,144.97811889648438,145.51605342263218,143.86932328205168,143.9461653281624,6147960
2013-01-25,146.0210723876953,146.4492249760214,143.93521386105033,144.97814312437282,5589732
2013-01-28,147.18470764160156,147.54699356661112,145.88928820899633,146.06493671158935,7368020
2013-01-29,143.25454711914062,147.30550595676908,142.71661259145569,147.27256599341368,11961748
2013-01-30,144.1767120361328,144.5609490523248,141.3992219586387,143.37529804191158,10039632
2013-01-31,141.190673828125,144.45120833820354,140.54295713545937,144.1657643236839,13888384
2013-02-01,140.55392456054688,141.5858648202612,139.68664392852867,141.57488929856484,10484144
2013-02-04,142.03598022460938,142.60684135766186,140.52098301601785,140.77348701782483,10475800
2013-02-05,141.4321746826172,142.1018422910402,139.71956453501096,139.71956453501096,7460020
2013-02-06,140.41119384765625,142.03597299148788,139.90619927088412,141.97009306315383,9873588
2013-02-07,140.85032653808594,141.17967258610952,139.32435383535167,139.70859089137917,9082836
2013-02-08,142.7275848388672,143.46313232756702,140.63075118218353,140.63075118218353,18826656
2013-02-11,144.24258422851562,144.90127628216487,142.71661162400338,142.71661162400338,15167060
2013-02-12,146.05398559570312,146.44919814285035,143.9571519307042,143.9571519307042,15832836
2013-02-13,145.8344268798828,146.53703443430058,144.80247329068715,145.6368138985663,14508832
2013-02-14,148.16180419921875,148.95224274488177,145.35138730615253,145.7905153644793,17684152
2013-02-15,148.58995056152344,149.4791821624573,146.7126808704132,147.48115494055037,12488780
2013-02-18,148.42526245117188,149.50113140039434,147.9861344557542,148.86439044658954,9469164
2013-02-19,148.16180419921875,148.7326787157184,147.44822110443778,148.0959376706947,2374812
2013-02-20,148.6338653564453,149.4791814692262,148.18376179767725,148.75462288668197,6861684
2013-02-21,146.28456115722656,148.74368141337837,145.80151752458698,148.20574676341903,10871872
2013-02-22,144.758544921875,146.31745738841715,144.37430791549903,145.39528589289017,7708384
2013-02-25,144.13279724121094,146.05398233132996,143.61681377633334,145.62582983102155,7552944
2013-02-26,142.99105834960938,145.57093541004377,141.7066142799701,143.7705078876436,11742640
2013-02-27,141.1248016357422,143.59489734698622,140.71861347923283,143.22163575928397,12871336
2013-02-28,137.30433654785156,143.80343872858376,135.98695260054237,142.04692679883817,27887004
2013-03-01,136.67860412597656,138.23750332664235,135.3173045050592,137.22751418270738,17220728
2013-03-04,137.8093719482422,138.3912086004017,135.69057364973398,136.20654377160895,11969800
2013-03-05,138.9730682373047,139.35730532510766,136.8213432258333,138.522964614675,10557580
2013-03-06,138.4351043701172,139.89521035556456,138.10575836447853,139.41216686706989,10933316
2013-03-07,140.91616821289062,141.16867216562244,137.699563751875,137.9630298229241,5950984
2013-03-08,144.31939697265625,144.912222380802,141.2674657844001,141.4431142828192,10596860
2013-03-11,143.86932373046875,144.84638629715005,142.77150363332666,144.31942729007216,8504584
2013-03-12,141.39923095703125,143.96813270899102,140.54292590600318,143.3753071660581,6895724
2013-03-13,139.4011993408203,141.81640352066609,138.80837381645154,140.75151000069602,7913372
2013-03-14,142.5519256591797,143.48507265040266,135.10870076874025,139.40118764926424,31914436
2013-03-15,140.38925170898438,142.69467411539603,139.15968505155624,141.6188049652871,15439608
2013-03-18,141.2455291748047,143.59486683225447,138.32533043474055,138.98402248442977,17561924
2013-03-19,138.6656494140625,141.3553085671858,137.0079437999133,141.17966003741066,20028460
2013-03-20,137.3372802734375,139.08281673171777,136.34924228585882,138.7644462554956,11336436
2013-03-21,133.2753448486328,138.06183725522902,132.56176186550587,136.71152672783165,14452588
2013-03-22,132.89114379882812,134.9440623450592,132.30929369477263,133.71450900204266,29525900
2013-03-25,133.8023223876953,134.66958956679173,133.39612090018696,134.15361946775022,27198976
2013-03-26,134.922119140625,135.58081134147426,132.29832586035,133.05582457155208,13274404
2013-03-28,137.30433654785156,138.57781841781514,133.26436715011022,135.36120058601952,19496092
2013-04-01,136.97500610351562,138.1057661470452,136.34925401798895,137.15066803732046,6708772
2013-04-02,138.3033905029297,139.2694642127339,135.6686220925316,137.22752137490042,6857420
2013-04-03,136.93113708496094,138.68764963814957,136.01994083754343,137.88623542530635,6703616
2013-04-04,135.28436279296875,136.87620177923145,134.6915373178601,135.86619934727378,8181984
2013-04-05,136.3383026123047,137.53492939210292,134.68059667752522,135.0209182824996,12959920
2013-04-08,137.1067657470703,138.09480391473915,135.635684017205,135.89916354214174,8652128
2013-04-09,136.26144409179688,137.90817446706575,135.55884985258305,137.90817446706575,14760408
2013-04-10,138.7644500732422,139.12673603910423,135.89914251065701,137.6227145759592,15144504
2013-04-11,140.35629272460938,140.96009374923617,138.7425026192381,138.8742356641618,25066068
2013-04-12,141.33338928222656,141.80544397449174,139.66469437161848,139.66469437161848,15206080
2013-04-15,140.8612823486328,141.27845931153678,139.42314082039508,140.98203986911875,15923768
2013-04-16,145.64781188964844,146.19672203229598,141.03696669140908,141.17968868894806,13740312
2013-04-17,144.93421936035156,147.51409686447127,144.20966069899413,146.01008853103048,14956948
2013-04-18,147.8983154296875,148.2935413783513,143.59486608781125,143.59486608781125,9223784
2013-04-22,153.32156372070312,154.13395333445737,148.13985782945352,148.13985782945352,19860152
2013-04-23,151.27960205078125,153.694806147383,149.04004648098038,153.4313266566199,23863560
2013-04-25,151.40037536621094,152.5970020191037,149.31451706523038,152.01515197469598,25895124
2013-04-26,151.30154418945312,151.99317613687393,149.96220917513168,150.98318711634852,8568744
2013-04-29,152.62994384765625,153.00319198517266,150.73070958996914,151.1149466501038,11675432
2013-04-30,149.80853271484375,152.80558703930166,148.60093056817385,152.37743450707558,12552272
2013-05-02,152.04808044433594,152.37742646695904,149.80852481027398,150.26961728262071,12303268
2013-05-03,149.51211547851562,152.37742313240895,149.0071209351027,152.07002815757136,12286584
2013-05-06,148.31549072265625,149.14983129150045,147.09691313121448,149.08396476785137,7673460
2013-05-07,151.07102966308594,151.47723116329897,147.65681164286985,148.49115228493915,11098464
2013-05-08,153.06906127929688,153.58503136374327,150.73069911538207,151.27960916314382,8653956
2013-05-09,151.51014709472656,153.5850297334664,151.10395902414413,153.48622324569325,4523360
2013-05-10,154.43035888671875,154.7706938623756,151.20277828831362,151.21375380985492,13913256
2013-05-13,152.10299682617188,156.20884727348397,151.67484424510067,154.79265645969133,9593972
2013-05-14,151.29058837890625,152.57504596271414,150.42330780203585,151.51015240337347,6653676
2013-05-15,156.95533752441406,157.2078415129923,151.79558294961615,152.26765096265385,14173480
2013-05-16,158.70086669921875,158.96434619634354,156.11001401326004,156.3295780273434,11660616
2013-05-17,157.84457397460938,158.63499905929962,155.71480037275802,158.63499905929962,12819852
2013-05-20,156.87850952148438,158.9643679405944,156.3625393782601,157.9763297420686,5841608
2013-05-21,155.40740966796875,157.64696533767022,154.80360861688436,156.76870926336565,9206500
2013-05-22,154.45230102539062,156.32957057610088,153.25567452544723,155.34153255981934,5412112
2013-05-23,153.38742065429688,155.1110062704307,152.44329803841038,153.47525162368726,7905248
2013-05-24,153.99122619628906,154.95731328319462,152.44330247389763,154.95731328319462,8264240
2013-05-27,156.99925231933594,157.4274048453746,153.3874214526307,153.3874214526307,8995208
2013-05-28,156.61502075195312,158.26175098571358,155.18785454936074,156.82360926178777,6707916
2013-05-29,157.19688415527344,157.74579427984585,154.54015111166729,155.90145090083212,4933492
2013-05-30,159.21685791015625,159.6889125227007,155.91240861672253,155.91240861672253,15357456
2013-05-31,153.80459594726562,158.23979182968145,153.18981937174124,157.48229328076556,12332896
2013-06-03,151.3125762939453,154.00223601089417,150.7417017011006,153.25571285145364,7890124
2013-06-04,149.9731903076172,152.3335033514929,149.52308677947485,150.9063373249634,5616324
2013-06-05,151.04908752441406,152.46527829569965,148.97420461775152,149.7426787756913,7563676
2013-06-06,149.78656005859375,151.3674235027061,148.86438859943465,150.07199057184894,7116412
2013-06-07,148.4582061767578,152.2456852333005,147.81048968686355,149.6877592346644,9556224
2013-06-10,148.50213623046875,150.84049866631386,147.4372559744247,149.53408992049256,6368012
2013-06-11,145.98812866210938,149.50115313620555,145.39530310188067,147.86539843522954,11820860
2013-06-12,145.77952575683594,147.85440831216266,144.57192371312578,145.351373261114,9815652
2013-06-13,145.03782653808594,146.34408016261384,144.6503800323604,145.59132154626525,7149736
2013-06-14,147.24075317382812,147.99351186073125,145.96771453569636,146.56549190317082,14965212
2013-06-17,147.7499542236328,148.15954864347026,145.53597415876644,147.3625077122812,13070908
2013-06-18,145.55812072753906,147.89386697186256,145.0156929140269,147.89386697186256,12446568
2013-06-19,147.27395629882812,147.58390539940154,144.53968281679786,145.25922633632237,9646956
2013-06-20,140.9419708251953,145.8680766548008,140.49917479556785,145.8680766548008,15138044
2013-06-21,140.64309692382812,142.25929982144208,139.5028916773471,140.98626116372935,17899844
2013-06-24,138.45123291015625,140.33311589677294,138.09700151790003,139.87925270261294,10768052
2013-06-25,140.36636352539062,143.11170474720137,137.7981515538112,138.5951791275939,18686432
2013-06-26,137.8977508544922,141.17445234912603,137.2667719049927,139.8128491258111,10476020
2013-06-27,143.13381958007812,144.50649000333487,137.78705200492436,140.36634433684384,27003560
2013-06-28,148.22598266601562,149.04515808836584,143.7094574006159,143.79802201878587,21082680
2013-07-01,148.05992126464844,149.22226083345504,147.15219481613872,148.11527076792495,9838684
2013-07-02,145.35888671875,148.0599456256743,144.86074110729913,148.0488784258105,9183152
2013-07-03,144.0526580810547,144.94931755217107,142.49179089411007,144.79433620224668,13386260
2013-07-04,145.04893493652344,145.55814773863773,142.95672070361863,144.75003946721458,9591060
2013-07-05,147.8385467529297,148.9455369944342,145.79061480614632,146.14484627820198,9543496
2013-07-08,146.22230529785156,147.7720912289087,144.51753807107653,147.00826546027548,7169296
2013-07-09,148.40309143066406,149.16691730910807,146.6097728578502,146.6097728578502,7040192
2013-07-10,145.96771240234375,148.7573355720993,145.27031674470197,148.3920234325754,7138580
2013-07-11,151.27020263671875,152.03402853596026,147.46215385236212,147.67248468158274,10599568
2013-07-12,154.0376739501953,154.46940279611061,150.9491688378016,152.10044125588814,15634852
2013-07-15,153.97125244140625,154.5468818759553,151.43624246363495,152.98602857071893,8511888
2013-07-16,150.26283264160156,151.54693840170629,148.32560004698516,150.3292493422331,11647384
2013-07-17,146.76473999023438,150.7277560927937,143.44376998152242,150.0635620910513,22633988
2013-07-18,151.4583740234375,152.43253067772847,145.44742612851473,148.31453307553758,13663880
2013-07-19,150.55064392089844,153.19635279241484,149.0340729866259,152.3328951647026,12458420
2013-07-22,151.00453186035156,152.10045487098677,149.66507640871478,149.66507640871478,6460432
2013-07-23,151.34768676757812,152.7646395541755,150.78312449792534,152.29970909988808,7414784
2013-07-24,146.1116485595703,149.66508462656742,144.68362840748787,149.2222885182048,14628748
2013-07-25,144.76107788085938,147.45106900440769,143.94191608572862,146.2665951015639,16267256
2013-07-26,142.6024932861328,145.29248527589579,141.25197044727088,145.23713575769546,9356492
2013-07-29,140.03427124023438,142.3589508418509,139.40329218216448,142.3589508418509,14922224
2013-07-30,138.45123291015625,140.5877290001868,137.28889341842242,139.64678750687847,14691084
2013-07-31,134.99745178222656,137.6652954001974,134.3664727879779,137.48817967488756,26824520
2013-08-01,139.9678497314453,141.20767340461472,135.58417104973225,135.9162681243024,23446608
2013-08-02,139.7574920654297,140.54345228849218,138.7833354283825,139.48074455638923,20015848
2013-08-05,140.0785369873047,140.68738157286325,136.159789134006,139.8239238463003,13598372
2013-08-06,134.75392150878906,139.77964617118917,134.2779103208926,139.70216226295668,19645180
2013-08-07,133.10452270507812,136.01589922470438,132.8388423178293,135.04175582221313,22756456
2013-08-08,135.1634979248047,136.71328414179672,132.83881859931665,133.72441072331208,20461448
2013-08-12,133.32591247558594,135.22993035838314,132.5399520767475,135.06388181582298,15700868
2013-08-13,137.3774871826172,138.3294960753069,132.42924627272365,133.69120432116168,14702392
2013-08-14,137.56564331054688,138.07486952623685,134.75389949205874,137.7095574172526,14303708
2013-08-16,130.159912109375,137.70957980945903,129.49571799453838,135.93839550322804,28059568
2013-08-19,129.45143127441406,130.3148754864495,126.26329422657892,129.960644042496,20018440
2013-08-20,129.46249389648438,130.60269911969482,125.42197997838119,127.29279597458128,25726984
2013-08-21,131.3665313720703,137.12288083901174,130.62485328828654,134.16722219101973,28908596
2013-08-22,130.3370361328125,133.658006918362,126.19688985088116,130.40345284591055,30250692
2013-08-23,134.5103759765625,134.86462094702398,130.248463723128,131.06763917055676,20698444
2013-08-26,135.34060668945312,137.88668391505226,133.4033740178016,135.57307190743876,14607608
2013-08-27,124.40355682373047,132.83881625040598,122.97553684642597,132.24103887466651,54708372
2013-08-28,124.41462707519531,126.63967459937227,116.89816116865133,123.0308893719679,37067552
2013-08-29,126.65074920654297,128.96436148428157,125.75408982501618,125.75408982501618,40771004
2013-08-30,131.5104522705078,132.83884067728061,126.34081279270991,126.41829671121205,36616916
2013-09-02,130.51416015625,133.80191603740258,128.9643736912903,132.39604372084395,19515716
2013-09-03,124.54745483398438,132.1524850134284,123.32976571043751,132.1524850134284,18140008
2013-09-04,124.87955474853516,127.71344679882507,123.79471252127756,125.63231344750018,20941800
2013-09-05,134.9420928955078,137.90883176225842,129.29644339782865,129.29644339782865,33246248
2013-09-06,136.4254608154297,137.26677057764792,129.90528651037891,135.27418842410142,18997216
2013-09-10,141.25192260742188,141.91611660087372,136.91252725542785,137.38852484289814,20298836
2013-09-11,143.2998809814453,143.90872558970946,138.4955408245299,140.14495892044013,12690392
2013-09-12,140.35528564453125,143.02312923807773,138.94940002792873,142.24823612301074,17676536
2013-09-13,139.30361938476562,140.47702604072845,137.48815314624485,140.0231628593635,15503120
2013-09-16,142.31466674804688,143.66520298850716,139.25937629817213,141.14125976166093,12139216
2013-09-17,142.19288635253906,142.80173094182592,140.27778796646592,141.2519447145503,8432088
2013-09-18,144.01939392089844,144.99355049176768,139.73534817720758,142.49174236954917,10989616
2013-09-19,151.25914001464844,152.74250954980016,149.73148816994254,150.5506636009723,29280904
2013-09-20,145.91236877441406,151.97868019355417,140.64309837004967,151.10415527360706,24726152
2013-09-23,142.12644958496094,144.42898068979852,140.16706916633842,144.13009879337793,13985240
2013-09-24,141.3515625,142.65780265405414,139.46967941083437,140.15600783812872,18175188
2013-09-25,137.39959716796875,142.07110320409203,135.76126003081453,141.251927878984,20980920
2013-09-26,137.5213623046875,138.59513711513168,136.82395325423542,137.56563109076154,22582440
2013-09-27,134.8092803955078,138.1523856034421,133.94582258026037,137.70958949573878,16408692
2013-09-30,131.30010986328125,135.6837885177288,130.11563570990737,134.16721729185033,17062428
2013-10-01,135.41810607910156,136.0269506419286,130.48091935918103,132.57313337769017,12997108
2013-10-03,140.85342407226562,141.4733358302551,135.05279320259095,136.22620001468943,9772912
2013-10-04,141.79437255859375,143.33309158644505,140.5877505793551,140.6984495955593,13628376
2013-10-07,140.4327850341797,141.2851756625715,136.87934891734523,140.91986346282286,9922000
2013-10-08,140.06747436523438,144.91608329718773,138.5508896947215,144.01942394449654,11768148
2013-10-09,143.7205352783203,144.10798182731193,137.9309714410201,138.4180498052222,8668760
2013-10-10,141.92721557617188,143.68733275552813,140.2224479086629,143.68733275552813,8345284
2013-10-11,146.41050720214844,146.9529350510889,141.5508179844754,143.31093493741736,13390264
2013-10-14,147.78318786621094,148.1817016252599,143.60984032570144,145.58027472274608,12375720
2013-10-15,144.45115661621094,149.4436798094547,143.1559699500238,149.00088372113038,16143324
2013-10-17,144.838623046875,146.11166197530594,142.2593300736103,144.57294265485012,14551588
2013-10-18,149.7978973388672,150.4510242109966,145.0710549409792,145.0710549409792,21281184
2013-10-21,148.61341857910156,150.28497090110315,146.687253132894,149.2222631244908,11225424
2013-10-22,148.11529541015625,149.21121845997436,147.27398552299547,148.55809151003714,8758096
2013-10-23,146.16697692871094,148.11527682105393,144.75002418169993,148.11527682105393,13544956
2013-10-24,148.18167114257812,149.6096908723851,145.28136289567038,145.28136289567038,12321928
2013-10-25,148.90126037597656,149.43262111744315,146.82012675020653,147.28505726419107,8946872
2013-10-28,147.8717498779297,149.44367048820996,147.31825480204745,149.00087442750416,8382088
2013-10-29,151.98974609375,152.54324116328297,145.13747443031934,147.89388257920612,15222916
2013-10-30,150.40673828125,152.21113753507262,149.60971082083685,151.87904050772337,10188672
2013-10-31,150.72776794433594,151.6687095207894,149.0894307190545,149.70934246681134,18195556
2013-11-01,151.3919677734375,152.3218421870759,150.15214423062844,150.90488941266852,15642444
2013-11-05,149.72042846679688,151.65766136747632,149.0008848179731,150.65030296173586,14258472
2013-11-06,148.09312438964844,150.3735210375214,147.28501630197044,150.30710434157584,4610652
2013-11-07,147.31826782226562,149.99717882107674,145.43638439794216,148.33669344667368,7789140
2013-11-08,144.4622039794922,147.8163892932065,142.724234976688,146.87544773471936,13480760
2013-11-11,144.84967041015625,146.27769049778325,136.53617655350067,142.58034045722678,11216304
2013-11-12,143.01205444335938,146.7979551992408,142.4364114806166,144.4732759775087,8980320
2013-11-13,140.2999267578125,143.34414950636702,139.1154392532646,141.47333355100645,10561084
2013-11-14,142.1818389892578,143.88660677970515,141.25196442055332,141.25196442055332,12626860
2013-11-18,148.07098388671875,148.3366641968479,143.6983732630057,144.21866668556314,14873920
2013-11-19,146.13377380371094,147.98245554813414,145.55814430413167,147.98245554813414,6789036
2013-11-20,143.80906677246094,145.9012805543426,143.11167118720797,145.39206786200043,8370096
2013-11-21,141.17442321777344,142.9345262967786,140.62092828398315,142.70206112719868,12787656
2013-11-22,142.17076110839844,143.22240183033267,140.6098940685498,142.24824501952574,7492384
2013-11-25,146.06732177734375,146.51011775090143,143.4769626294191,143.4769626294191,16150540
2013-11-26,144.56185913085938,146.10057827757416,143.55450070819697,145.6134998660369,14478516
2013-11-27,144.6947021484375,145.84597478483602,142.6024877392336,144.15227418856014,8593012
2013-11-28,144.66148376464844,146.78689952907465,143.4769961508063,145.1485486389092,14773732
2013-11-29,146.41050720214844,148.0931402536972,145.01570238563198,145.01570238563198,9571080
2013-12-02,146.41050720214844,147.22968257472562,145.690963640693,146.56548851799752,6858612
2013-12-03,145.1817626953125,146.60978273591192,144.4954341861568,146.12270435212542,10288280
2013-12-04,145.59132385253906,146.02305266837018,144.67253023224404,144.99356004468575,10476608
2013-12-05,152.34396362304688,152.7424908471731,148.67982929991027,148.67982929991027,32019992
2013-12-06,151.1484375,152.67607579629555,150.163213565736,151.63551586769873,16069232
2013-12-09,154.2369384765625,158.83094746418934,153.32919847237434,157.1925966850635,25265628
2013-12-10,154.24803161621094,155.38822352115352,152.76466190667796,153.28494194417752,25064880
2013-12-11,153.99339294433594,155.3771305948189,152.0783081439053,152.7867710105022,12289776
2013-12-12,153.91590881347656,155.10038283531281,152.8753353992399,153.47311276597696,12867696
2013-12-13,152.75357055664062,155.4214140641027,151.6576476266529,152.27755939609085,25316080
2013-12-16,151.5137481689453,152.963916188297,150.81635242822892,152.32185644630627,21432244
2013-12-17,145.59132385253906,149.58756868534664,144.80536363108658,149.58756868534664,17942644
2013-12-18,147.50645446777344,150.6945918720027,143.8091042385386,144.0194350938636,14087316
2013-12-19,144.47325134277344,151.42515342568532,143.99725378637316,150.32923070541227,10019516
2013-12-20,147.14112854003906,148.02672067934247,143.93085703506412,145.63562460583597,5722468
2013-12-23,147.10792541503906,148.66877884174025,145.45850737010178,145.67990540262858,5531232
2013-12-24,145.52488708496094,147.5617511690512,145.02674163840373,147.35142038900395,3554696
2013-12-26,148.12637329101562,148.82378260384206,145.43639489811122,146.08950838207804,8046760
2013-12-27,148.2592010498047,149.54330696324294,147.03043113261518,147.03043113261518,5464012
2013-12-30,148.22598266601562,149.8864679087268,147.26290663046856,149.84218559964177,4227604
2013-12-31,147.41786193847656,148.84588182869416,146.14482336037898,148.80159952336524,5261312
2014-01-01,147.26290893554688,148.29240169430415,146.78689775329337,147.89388793242833,4492436
2014-01-02,145.45852661132812,149.38834220851393,144.69470059545924,147.22971110583438,7228992
2014-01-03,146.80902099609375,147.4510806564294,143.90871235237103,144.35150839037834,6513184
2014-01-06,146.4990692138672,146.7868839307267,145.45849584085587,146.7868839307267,5963420
2014-01-07,147.0968475341797,148.5470018393105,144.63932144375428,147.69461136814294,7896920
2014-01-08,147.16323852539062,147.66138397536994,146.12266532726625,147.27393751427493,4649480
2014-01-09,146.7758331298828,147.46216164776538,145.4806464897275,146.8311826398109,3777472
2014-01-10,146.57655334472656,149.37724364384,145.30351475659546,146.77581696374597,6150508
2014-01-13,148.96763610839844,149.87537599925645,145.4363488848989,146.1448116611982,4752580
2014-01-14,148.8458709716797,149.66504626479454,147.96027898194717,148.12632748002204,3577120
2014-01-15,150.67242431640625,151.1484354788733,148.24811322225992,149.00087191800705,4627840
2014-01-16,149.01194763183594,151.65765690379226,148.414170223179,151.52482348545246,4501176
2014-01-17,147.22970581054688,149.44368634905132,145.91238468752374,149.44368634905132,43374856
2014-01-20,148.34774780273438,149.82005011246022,147.5396530983278,147.91601894015537,5600368
2014-01-21,149.6872100830078,150.28498749619334,148.33668743842094,148.98981436184468,6251924
2014-01-22,149.90859985351562,151.5912329797651,149.36618549355728,149.55436841275957,7033336
2014-01-23,150.43995666503906,150.79418809669994,148.9455200094261,149.44366556129708,5482740
2014-01-24,149.0894317626953,149.43259599036801,146.9418682705558,148.33667309103808,8842900
2014-01-27,143.73159790039062,147.20754953184655,142.93455691714937,147.20754953184655,17060448
2014-01-28,142.67996215820312,145.2371066845641,141.38477558374214,143.4659224567036,18395424
2014-01-29,142.90133666992188,144.10795842919507,141.8164811036628,143.35519985100782,10970924
2014-01-30,139.8792724609375,141.67260460933383,138.96047874552647,141.14124393283194,11425460
2014-01-31,139.14865112304688,140.8755529212455,138.39589247387866,139.4807481424336,9620984
2014-02-03,138.7058563232422,140.3663414348532,138.39589369718314,139.46968217719575,4776820
2014-02-04,139.61358642578125,140.69844213226222,136.55829644322432,137.63208495128458,7409304
2014-02-05,141.1301727294922,141.6504526792959,138.39589903246002,139.70215277584285,6905384
2014-02-06,143.2445068359375,143.82013623407212,139.37004181332713,141.41797332527833,13466944
2014-02-07,143.4105682373047,144.90500488045683,142.1596640122559,144.44007444114573,4029468
2014-02-10,142.55819702148438,143.94193470994782,140.8091471780412,143.38843963456245,6280820
2014-02-11,142.75741577148438,143.27770913585618,141.53972687320967,143.02309605190186,4464856
2014-02-12,142.90133666992188,144.52860650624945,142.5028229868479,143.1559362529403,6436960
2014-02-13,140.03427124023438,143.46594112833498,139.75752366861337,143.02314501374136,3155200
2014-02-14,142.09324645996094,142.54710969811387,139.33683840977275,140.36634460746586,4249112
2014-02-17,143.99728393554688,144.35151537787462,141.938271448694,142.13753508066793,3650120
2014-02-18,146.2112579345703,147.0968500153053,143.33308367218163,143.57661608915865,5019672
2014-02-19,148.34774780273438,148.83482617300135,145.01571014253014,145.28139048204517,4060948
2014-02-20,146.73155212402344,147.77212562253652,146.3108904396041,147.4068134485374,3448436
2014-02-21,147.0968475341797,148.24810640926634,146.0562741542552,146.08947574888506,3043872
2014-02-24,148.55804443359375,149.00084039315738,145.18172524192116,146.58759700831152,5018984
2014-02-25,148.58021545410156,149.66507122769343,147.4510908840885,149.22227515897245,4020560
2014-02-26,149.97503662109375,150.37355038761083,148.015655873367,148.3366857316677,4551340
2014-02-28,148.24810791015625,151.19271236919445,147.26289753743217,150.99344874714762,4903584
2014-03-03,147.495361328125,148.77946712150165,146.83116727847545,147.27396331157516,3678432
2014-03-04,148.7130584716797,149.18905612519873,147.0636404564579,147.45108700639966,6443868
2014-03-05,148.28131103515625,149.4436505393512,146.6761755293632,149.11155353815263,4006984
2014-03-06,149.5764923095703,150.04143624511798,147.916007210605,149.00086288048726,4948680
2014-03-07,157.51364135742188,158.27746731305194,149.7093602939852,150.46210553694624,22767568
2014-03-10,162.6057586669922,163.14818645247286,154.97859510527059,156.41768205981953,26123852
2014-03-11,160.54678344726562,163.83453871765826,159.30694639778065,162.61684957854055,13000472
2014-03-12,160.6353302001953,162.2847481465897,158.63168082814667,159.68332141981966,7110216
2014-03-13,164.35482788085938,165.937829255635,161.06707242625012,161.06707242625012,11448452
2014-03-14,162.09657287597656,163.8124076064257,160.29217352840797,162.72755185549704,12208480
2014-03-18,162.5061492919922,164.8972452438122,161.24417785509573,162.81611193019938,8102724
2014-03-19,163.49139404296875,164.5651691888983,162.8936166005373,163.83455832062197,6055136
2014-03-20,161.6648406982422,163.49137440608106,161.17776234020587,163.49137440608106,5195084
2014-03-21,162.47293090820312,163.28103908312775,161.88623426543697,162.76075914347777,7525592
2014-03-24,166.1924591064453,166.69060474133207,162.50617600305725,162.61687503303207,11713860
2014-03-25,166.08169555664062,168.38422637778518,165.55033501395963,166.04848045532557,8031092
2014-03-26,165.17398071289062,167.44331028866827,164.742251895862,166.66841726279299,9409312
2014-03-27,165.3289794921875,168.4285519232429,164.27733884593655,166.04852309225393,24554932
2014-03-28,164.93045043945312,166.9562341254169,162.7386047327386,166.03744049071054,12160900
2014-03-31,165.78282165527344,166.7126959688675,164.52085033775734,165.5946387582756,8262428
2014-04-01,163.41387939453125,166.83448163671338,162.1851230392403,166.38061838100128,8051832
2014-04-02,162.04122924804688,165.16293617535828,159.8272488703611,164.93047093831404,10398752
2014-04-03,161.35487365722656,163.391738136061,160.790311410995,162.94894209775188,5559704
2014-04-04,160.61318969726562,162.28474197681547,159.41763503327567,160.635324093129,7422408
2014-04-07,160.59107971191406,162.06338223719118,160.09293406979154,160.51359579503227,11733156
2014-04-09,164.244140625,164.91941549879644,159.79404515375825,161.1888501885456,10520384
2014-04-10,163.7017059326172,165.74963767440565,162.94894723851834,164.86404556984849,7494792
2014-04-11,163.42495727539062,164.897246031248,162.4840156707734,162.51721726662794,5207952
2014-04-15,160.28111267089844,163.56886813732015,158.98592603786574,162.5725769640937,8371868
2014-04-16,160.72389221191406,162.01906519862985,159.65010372785216,160.11504766869402,3572392
2014-04-17,159.1187744140625,159.69440391415174,156.59483134707187,158.57634651221073,12302328
2014-04-21,158.62062072753906,160.84566821845073,157.85679482416433,160.00435841007908,6987752
2014-04-22,161.07814025878906,161.53200353524423,158.8309582751447,159.82724944870844,11395824
2014-04-23,162.28475952148438,163.71277954867224,159.98221455415327,160.49144084468526,21025344
2014-04-24,162.28475952148438,162.28475952148438,162.28475952148438,162.28475952148438,0
2014-04-25,160.82354736328125,163.39175931311254,160.51358469106583,162.31798418626704,6212444
2014-04-28,160.557861328125,161.45452068761003,159.52835503678713,159.90473440744097,4882860
2014-04-29,158.47671508789062,161.06707487090142,157.74610425500654,160.82354243096142,6641236
2014-04-30,159.6943817138672,161.59841270536137,157.55789902783363,158.52097496492362,8786920
2014-05-02,158.7645263671875,161.0781385482854,158.4213621136613,160.1814792042125,5915292
2014-05-05,158.6759796142578,160.09291897709682,158.07820219745295,159.37337533964342,5192324
2014-05-06,159.45086669921875,160.42500994042956,158.10033058474454,159.45086669921875,6184560
2014-05-07,158.43238830566406,160.95633067050824,157.51359480100695,159.07444784973887,6598624
2014-05-08,159.03021240234375,160.07078591240932,158.41030058136772,158.77561275942256,7520428
2014-05-09,167.55401611328125,168.26249246839225,159.40657181216108,159.40657181216108,16376444
2014-05-12,175.38047790527344,175.97824185433674,167.0448355756937,167.1776690059155,17561360
2014-05-13,174.49485778808594,177.11841896376146,173.24395354892917,177.11841896376146,12665216
2014-05-14,171.68309020996094,175.96713631452675,171.41740989433822,173.7974385108886,8501500
2014-05-15,174.5391082763672,175.15903348817173,169.60193556818544,170.25506237222567,9466188
2014-05-16,178.1590118408203,189.07393289925332,174.3841778268849,177.11843831311788,32868368
2014-05-19,179.75306701660156,184.86735613437506,178.88960928931144,180.63865914179615,10522804
2014-05-20,180.67184448242188,181.90060074295744,178.08148504668657,180.6607772844654,6357032
2014-05-21,179.22169494628906,180.32868503243046,178.22540386876184,179.85267389016462,3642388
2014-05-22,177.6940460205078,180.43938688259698,176.67562053044463,179.77519282045245,7806456
2014-05-23,174.8269500732422,177.78260820416358,173.28823114769202,176.8970161334081,9818936
2014-05-26,176.48744201660156,178.01508028976914,174.90444072381268,176.89702295990676,17395232
2014-05-27,178.20330810546875,179.47634698051706,174.53915931552945,177.11845218063615,7619524
2014-05-28,182.31019592285156,183.04080666079625,177.00771082589247,177.0962754360334,14355564
2014-05-29,179.38775634765625,183.9264160269243,178.75677735844684,182.1220166516484,13684008
2014-05-30,175.51329040527344,182.16629858462662,161.62056385474563,180.439396632353,32807544
2014-06-02,181.41355895996094,182.06667236599316,175.6793443320509,175.6793443320509,8083132
2014-06-03,182.5094451904297,183.2843382298969,180.2179811789444,182.2105632804315,3624148
2014-06-04,180.81578063964844,183.6939551384625,180.46153567041762,182.077752160972,2864340
2014-06-05,179.83335876464844,182.05490459346612,178.83980158592135,181.2511220279,7674472
2014-06-06,182.02142333984375,183.30522976021064,178.83981612415192,181.51906430578714,10565276
2014-06-09,182.95919799804688,185.31470141709264,181.96564054810904,183.5062139987869,9339920
2014-06-10,182.33399963378906,183.88571990139909,180.84924421490774,183.33871765720522,4999344
2014-06-11,183.19358825683594,185.2811636105248,180.84924617676674,182.41214089681287,7743772
2014-06-12,187.5138702392578,188.65255885387143,181.48556203703663,184.0866708419022,12732048
2014-06-13,186.52032470703125,191.11969509601457,185.68305968762698,188.44044703392092,12212884
2014-06-16,187.3240966796875,188.17252252082184,185.38163907803747,185.5379312763055,5309880
2014-06-17,189.00979614257812,189.51215518510736,184.72299625418987,186.65429313530223,6988120
2014-06-18,186.39752197265625,190.09266263301723,185.0355762739522,189.13258780596655,5374628
2014-06-19,184.36573791503906,187.53618384776917,183.57312983869627,186.89985432341817,4720996
2014-06-20,183.51736450195312,185.70541475465382,182.93685247418335,184.42160816031748,2969768
2014-06-23,183.40570068359375,184.54437568743847,182.0325805665804,183.9750381855161,5840844
2014-06-24,185.0913848876953,185.9286498977422,184.19830221031197,184.27644149363894,5066224
2014-06-25,183.99737548828125,186.02914700233572,183.75178317313794,185.09140735179994,6330624
2014-06-26,181.38511657714844,184.5555495181839,180.5478514777845,183.08196839424804,21808264
2014-06-27,182.23355102539062,183.52851838095165,181.74235275193996,182.60193950995694,5142960
2014-06-30,183.4280242919922,185.91749782308347,183.05963584668288,183.05963584668288,6176100
2014-07-01,183.81874084472656,184.85695491658825,181.96559699952857,183.7517623688491,7641372
2014-07-02,187.5250701904297,187.9939332190096,184.30996659417153,185.49329860273795,7626724
2014-07-03,186.8328857421875,188.73068635401242,185.61605791854547,187.77062524056115,6062740
2014-07-04,191.26483154296875,191.77835137631484,186.4533375356309,186.83290041327305,5631988
2014-07-07,187.64785766601562,192.16908922356933,186.62080429627778,191.99047539368152,8131968
2014-07-08,185.14720153808594,189.41166584822412,183.08194785798068,188.4404438928484,6732272
2014-07-09,185.3816375732422,186.3975164126974,182.63541101330637,184.86811774941035,5795552
2014-07-10,183.82989501953125,189.33352231610246,181.3515961099696,185.38162885360808,9857544
2014-07-11,181.2511444091797,185.63841894265192,180.58133233551135,183.32755911207923,9198780
2014-07-14,182.51260375976562,183.08194121734766,180.21291868701965,181.96558791724186,4921608
2014-07-15,184.60020446777344,185.04674584946972,182.30051907750985,183.24941951361447,6092036
2014-07-16,186.59844970703125,187.21244400759284,182.61307397069348,185.20300811484586,9589300
2014-07-17,185.716552734375,187.32410438905004,185.2030328852408,187.25712590913884,5039100
2014-07-18,185.86167907714844,186.83290107785865,183.52849776092006,185.06907089379908,7288432
2014-07-21,184.74533081054688,189.09910916290528,184.25413257865472,187.92693806803953,9813656
2014-07-22,187.5138702392578,188.13903902878394,184.64484752729305,185.2923379332906,6970352
2014-07-23,186.7212677001953,188.66372534938301,186.4310185405146,188.23950560475367,7849852
2014-07-24,188.0497283935547,188.44045207973898,185.98447462372343,186.6542866571822,4278600
2014-07-25,186.5426483154297,189.73541623138266,186.24123835616942,187.77063702367008,10665952
2014-07-28,185.2141876220703,187.50271206431287,184.86812079773992,187.21246290930546,3884952
2014-07-30,187.27944946289062,187.97159676875887,184.61136202872626,185.5379408303881,4685380
2014-07-31,186.207763671875,187.52506625191342,184.99093563223985,187.07852485222068,11901344
2014-08-01,182.0661163330078,184.82350434953807,181.2958296024508,184.4327805788431,6828460
2014-08-04,181.51905822753906,183.68478649397935,180.20175579806784,182.85868227349877,7363044
2014-08-05,183.1266326904297,183.7517879311873,180.82694718298447,182.41216371783722,6077104
2014-08-06,180.84922790527344,182.98145990386996,180.2575552272323,181.9767419710629,3381400
2014-08-07,181.18417358398438,182.74706848859051,180.84926753299735,181.49675801585045,3933740
2014-08-08,177.75694274902344,180.35803778120226,177.5001760371453,179.73288265396474,7450680
2014-08-11,177.04251098632812,179.2528828235085,176.6964441137121,178.83983746383169,5626224
2014-08-12,180.22409057617188,180.51433972657432,176.83037360970545,178.8398096734521,6603072
2014-08-13,181.38511657714844,182.13306794830223,179.2082273188022,180.84926146261085,7839820
2014-08-14,184.57789611816406,185.68308884278235,181.586063194784,181.76467703483004,11873224
2014-08-18,185.83935546875,186.31939290861436,183.88573690919293,185.31467479227072,6702168
2014-08-19,183.94154357910156,186.98919380064748,183.58431594338197,185.9844757444052,7892856
2014-08-20,183.2047576904297,186.3417080864533,182.85869085445574,185.0913977024955,9434852
2014-08-21,185.87283325195312,186.47566678797205,183.3052205403646,183.5284912109375,6390480
2014-08-22,189.054443359375,189.500984707729,184.879279026793,186.285881548636,10015288
2014-08-25,188.31764221191406,190.4052174464859,186.92220057721104,188.2171676887435,6656064
2014-08-26,188.10556030273438,189.44518447106245,187.12316379501576,188.55210169217708,4165256
2014-08-27,186.78823852539062,188.88698829067562,186.20774022981496,188.88698829067562,4852968
2014-08-28,188.33998107910156,188.77536163448178,186.20774879143443,186.98919617844882,7991452
2014-09-01,187.81532287597656,189.55683167829048,187.23481085696355,188.86469793229475,4154656
2014-09-02,191.8341827392578,192.2583888808415,187.24597270951216,188.23951639451917,11442252
2014-09-03,191.26483154296875,193.12913625121246,190.1373037184575,193.12913625121246,9234780
2014-09-04,190.19314575195312,191.78953675328927,189.44519433663092,191.5774268567858,6406968
2014-09-05,189.43405151367188,191.01926822831803,188.46281567241934,190.22665987099495,3835208
2014-09-08,193.07333374023438,193.75430663535494,189.6572948279784,190.0033616801844,9788344
2014-09-09,193.2631072998047,194.223182186015,191.52159861185763,192.03511848264998,7661044
2014-09-10,191.40997314453125,193.1291603027566,190.69550416129135,193.1291603027566,4314252
2014-09-11,190.7512969970703,192.70491541624293,190.4498870347708,191.43228346221326,6532864
2014-09-12,191.052734375,191.5662542424854,189.54565720001543,189.8024103200773,6086556
2014-09-15,192.09091186523438,193.12912591212213,189.78006592520674,189.78006592520674,5809088
2014-09-16,190.0033416748047,192.4704798723721,189.33352965949987,192.23604839248748,5076268
2014-09-17,188.97630310058594,191.09737449433783,188.01622830468358,190.8964254376698,7905896
2014-09-18,191.59974670410156,192.23606271510596,188.04973730754705,188.6079140285549,6652568
2014-09-19,192.068603515625,193.12913925139858,190.0926634378123,192.01278584532113,6542108
2014-09-22,191.30947875976562,191.67788083666284,190.0033507186955,191.33181400442177,6534316
2014-09-23,189.52330017089844,191.53273617325053,188.7976705033824,191.13085169825212,4716976
2014-09-24,190.99688720703125,191.4099324735939,188.67486691172692,189.13256903538377,6665496
2014-09-25,189.7689208984375,193.26309893227662,188.0162378497839,190.4498937602675,16595960
2014-09-26,194.61390686035156,196.25494101860681,188.66373738421245,189.7689300505746,9882252
2014-09-29,193.15147399902344,195.88654002984313,192.28072645950613,194.9153179514764,8682268
2014-09-30,194.83717346191406,196.43355072213092,192.26956052187379,192.95053340223825,12035432
2014-10-01,193.7989501953125,194.50225828809468,192.12442009569864,193.35240883541547,5870188
2014-10-07,192.559814453125,193.57569339425456,190.69549596547145,193.12915200234164,5026288
2014-10-08,193.7096405029297,194.24549559690007,191.63322586167644,192.13558490201325,3140384
2014-10-09,198.175048828125,199.36955513477244,193.85476664916845,195.1385730508186,7650420
2014-10-10,193.6426544189453,197.62804415886663,193.1068129733778,197.1591675632144,4266980
2014-10-13,195.76373291015625,196.03166045629766,191.04156612227825,192.90587088182366,5376512
2014-10-14,193.87710571289062,197.8066781853676,193.16265037913297,197.59456829618742,7266240
2014-10-15,193.87710571289062,193.87710571289062,193.87710571289062,193.87710571289062,0
2014-10-16,191.7560272216797,195.13858363611064,190.90760132264717,193.88827321936392,5533084
2014-10-17,197.65036010742188,198.28667606433564,191.36528531219773,192.06859337182678,9977920
2014-10-20,199.55934143066406,203.08701563254348,198.74441158272444,199.60399829445728,9532004
2014-10-21,199.95005798339844,202.22742168171467,198.186227759279,200.94361525094476,16037152
2014-10-22,199.5258331298828,202.3613596436751,198.98997808857416,202.07111050769947,4571544
2014-10-27,200.32960510253906,202.57347257074835,199.63747148876547,200.73148957593537,6724768
2014-10-28,199.89425659179688,200.98828848153838,199.60400740493552,200.72036091391166,5803492
2014-10-29,199.05697631835938,201.50179304251924,198.71090948237352,200.98827319292465,7896188
2014-10-30,200.19566345214844,200.9324539809047,198.06341752665898,198.68858634122654,10738180
2014-10-31,203.58934020996094,204.20333450789096,200.3519157299663,200.9659100278963,10105988
2014-11-03,203.3325958251953,205.25271807893745,202.14926403498862,204.33731381020547,7239648
2014-11-05,203.80148315429688,205.47601332968938,203.23214562013573,204.30384220691462,7524180
2014-11-07,200.82083129882812,202.41720860720667,199.52586398069,202.0599809426727,9028492
2014-11-10,201.98184204101562,202.80793272027157,199.38073296295062,200.8319924973954,6389756
2014-11-11,202.70745849609375,204.80619473935377,201.4794697399,202.26091713020512,5913408
2014-11-12,203.56703186035156,205.38669325827874,201.87018023190032,203.39957885909544,9058664
2014-11-13,204.50479125976562,205.40903482892065,201.81438217035912,204.40431672377917,7388952
2014-11-14,207.66404724121094,208.31153764302837,203.56703584783614,205.00713441231952,8438056
2014-11-17,205.1746063232422,208.53482753176672,202.72978950625716,207.64174475861142,13464084
2014-11-18,208.13291931152344,208.75807445608032,203.6228490951286,205.6322851059358,9189112
2014-11-19,206.87144470214844,209.36091822153801,205.88906189191385,208.76924547181525,3454848
2014-11-20,205.0071258544922,207.18401482259057,203.64516663136857,207.18401482259057,4770372
2014-11-21,208.278076171875,208.75811364885755,204.0805895533919,205.6769805792988,8823808
2014-11-24,211.03546142578125,212.10715802506715,207.21752440491306,208.16642484870943,7316860
2014-11-25,212.8997344970703,214.07190545865424,209.65114912900967,210.54423176640694,12156508
2014-11-26,212.39739990234375,214.31753596964575,208.37852757258375,209.82978702499707,8976428
2014-11-27,211.69410705566406,212.9555782591626,210.54425756815962,212.2411093362162,13211448
2014-11-28,213.7035369873047,215.65715543889866,211.43733413251135,211.66060481269352,9251860
2014-12-01,212.10714721679688,214.88686992421552,211.70526271596356,213.96029114595567,7389128
2014-12-02,210.6112518310547,212.01785453726475,209.69584739788874,210.26518496619255,4517556
2014-12-03,208.33387756347656,210.77869436997761,208.08828525285665,210.32099217617056,6661184
2014-12-04,210.18701171875,210.8233276698277,208.08826199447117,209.8744273334795,6839104
2014-12-05,210.48843383789062,210.85683591130385,208.9143782673595,210.09771014739337,4074180
2014-12-08,207.0054168701172,210.99079306597457,206.5253794561127,210.99079306597457,4057128
2014-12-09,206.91610717773438,208.75809032768456,206.53654428803,206.53654428803,4873344
2014-12-10,207.95431518554688,208.75808417635108,206.5923558717232,206.77096968886184,5565432
2014-12-11,208.4455108642578,208.92554829900456,206.5253883799938,207.619420212627,4818844
2014-12-12,207.97665405273438,209.02602905308368,207.41847731077857,208.31156009790786,4616828
2014-12-15,210.2093505859375,210.83450578042343,207.19519632899627,207.64173770039497,6638628
2014-12-16,206.69281005859375,210.32095822327335,204.73919181607397,209.32740107732,4989956
2014-12-17,205.82208251953125,208.19992084663315,204.51595441878388,206.74866134475315,7064016
2014-12-18,208.54600524902344,209.09302121740325,205.86675671233488,208.22225999203437,6493828
2014-12-19,210.1981658935547,211.88385665357748,208.1998907581254,211.00193481980037,6114108
2014-12-22,215.1659393310547,215.7017807425328,210.4325985791862,213.00021118784468,8295612
2014-12-23,214.28404235839844,217.4544888468186,213.30164588231514,214.27288154949412,7544080
2014-12-24,211.04661560058594,215.4115547793628,210.12003680423823,213.87099522486807,16664812
2014-12-26,211.80572509765625,212.7657862466172,210.44376584355615,212.19644876748362,3366480
2014-12-29,212.48672485351562,213.44678612420861,211.72759903350988,212.12948356224626,3614800
2014-12-30,213.5472412109375,214.2505356653217,210.48843021817396,212.10714262239753,5681200
2014-12-31,212.46438598632812,213.7370316617715,212.05134065526462,213.44678248637325,4992528
2015-01-01,212.56483459472656,213.08952883563754,211.00193993452868,212.33040312116887,3544940
2015-01-02,215.52320861816406,216.41629143736486,212.19648329305844,212.19648329305844,5900384
2015-01-05,213.7035369873047,216.6953559253292,213.24582119104258,216.57255977670118,4796000
2015-01-06,210.3767852783203,213.56955308028793,209.32741042145207,213.0002156068109,8219680
2015-01-07,210.9907989501953,212.40856235992143,209.0371804413972,209.8074670360527,5746112
2015-01-08,215.42271423339844,216.33813221517946,211.70526551729884,213.05605043144962,9525824
2015-01-09,217.83404541015625,218.8052674217472,215.813434844832,217.2200510372891,8985184
2015-01-12,215.9138946533203,217.55494222349475,215.34455718095774,216.43858889440736,4126412
2015-01-13,215.08779907226562,217.0079350515569,213.3797865868222,216.3381230272982,5828348
2015-01-14,215.21060180664062,217.61076148173527,214.27286227787582,214.35100156053952,3685232
2015-01-15,221.7412872314453,222.86880147016933,216.74001841456092,221.03797911966552,11398476
2015-01-16,223.57208251953125,226.59741103464165,222.94692736182827,223.76187076762562,7821308
2015-01-19,224.2865753173828,227.73611030183892,223.92934765412858,226.22903310131204,4239492
2015-01-20,227.9481964111328,229.2989812578222,223.7172144307087,225.50337981538502,8505804
2015-01-21,227.7249298095703,230.62743498420315,227.36768854983166,229.3882990792618,6740612
2015-01-22,228.01516723632812,230.52696222424362,227.41233371375642,228.85243223229995,6470680
2015-01-23,232.82666015625,233.98765671132668,228.71847447296977,229.96878474491075,9987912
2015-01-27,239.8039093017578,240.63000000042618,232.40248005121734,232.8713430762649,9962400
2015-01-28,236.2985382080078,244.07951659654384,235.55058681928946,238.8996472953931,11364940
2015-01-29,244.48135375976562,245.7316639079589,236.89015190786424,240.01594090570597,20567616
2015-01-30,240.5406494140625,244.38092126759372,237.61580910575321,244.38092126759372,10570416
2015-02-02,241.48959350585938,244.03488504048374,234.95892526484002,238.56475266766412,5710352
2015-02-03,237.5823516845703,241.62354599319008,235.61758583385986,240.79745528677117,10200688
2015-02-04,238.3861083984375,241.31097628523037,236.05294055471623,237.33674704153546,6197512
2015-02-05,240.35086059570312,243.9901831814828,238.9777406137203,240.01595461252285,8059148
2015-02-06,235.21566772460938,240.89789578199077,234.44539475972104,240.46252884613602,6903120
2015-02-09,232.2238311767578,234.82494007613286,230.97352080699736,233.76440433535643,5231896
2015-02-10,235.4277801513672,237.18047696085392,229.9688224049074,229.9688224049074,9275752
2015-02-11,236.3097381591797,237.73867623421114,235.1040708066617,236.22042441922895,4161588
2015-02-12,240.23927307128906,241.55657565152814,235.03705486218658,237.8056169916481,5525740
2015-02-13,237.96189880371094,241.5788728746217,237.47068696074487,241.40024543086653,7714500
2015-02-16,238.35264587402344,242.24870867384683,237.22511794097906,240.19462914274163,7388716
2015-02-18,239.97134399414062,241.79097827959035,236.00828932128292,238.35263152212832,5381692
2015-02-19,241.08770751953125,242.22638261382636,237.5153763972102,239.79272658580044,4507004
2015-02-20,239.5806121826172,243.34271765994305,238.56471969475655,241.802144529173,6206024
2015-02-23,238.34146118164062,241.47842527285255,237.1134723886673,240.4848543511586,5581564
2015-02-24,238.37496948242188,239.1229208801685,236.0194526839068,238.96664229128683,5846288
2015-02-25,234.981201171875,239.97132235314976,234.43419894289622,238.89961225609426,4648524
2015-02-26,231.7884979248047,235.773874731393,231.10751134305568,235.24919400277494,12426944
2015-02-27,235.3272705078125,236.34316289054487,233.4182955045571,233.4182955045571,10261784
2015-03-02,241.70169067382812,245.3744825360133,238.45309130888282,241.21047881455326,14385232
2015-03-03,241.88027954101562,243.81157632456743,240.47369064582188,242.57241318037012,6029348
2015-03-04,237.8502960205078,247.67420716780828,236.66695036678385,246.7141322219775,12277624
2015-03-05,242.27105712890625,243.36508912730469,237.22514421812957,237.7833210280546,9702452
2015-03-09,236.4436492919922,241.53423168005403,235.77383725433782,240.47369595376793,5755808
2015-03-10,235.00360107421875,237.1693160995258,233.3178962805408,237.11349842098977,5134836
2015-03-11,235.87429809570312,237.09113964995296,234.43421311701582,234.6351621792033,5465536
2015-03-12,235.4612579345703,237.53768619800414,234.6798105404405,236.68924669677432,7530836
2015-03-13,232.79319763183594,237.560021560896,230.9958576194528,236.66693877307307,5426780
2015-03-16,234.78030395507812,236.19806737949636,232.75969331743573,233.3178700400195,5348772
2015-03-17,236.2315673828125,237.98423687007988,232.83783649993742,236.66693433181663,5369304
2015-03-18,237.45957946777344,239.32388448415477,235.14870576736644,236.70045358701867,5148332
2015-03-19,234.92539978027344,239.74806829640093,234.14395239632785,239.1228994873557,5373572
2015-03-20,235.75152587890625,236.55529490806458,233.52996617134372,234.65749405226606,6483236
2015-03-23,233.93185424804688,236.53296311296373,233.5411305592527,235.762662916508,5446740
2015-03-24,231.7437744140625,235.99709145812375,231.18559775498466,232.9382942682649,8973564
2015-03-25,230.917724609375,233.6974339602159,230.21441644388378,232.21270558884217,10608900
2015-03-26,224.8224334716797,230.460005003801,223.73956240324293,229.27668664989238,35800620
2015-03-27,226.5415802001953,228.52868089409773,225.0791464780173,226.6085586725993,10840896
2015-03-30,231.50936889648438,231.9782318641298,226.1285374400627,227.73608902927086,6955144
2015-03-31,228.33892822265625,232.17918666197565,226.5862452000943,232.17918666197565,5962256
2015-04-01,230.69444274902344,231.49821179011508,226.17321123131939,229.09805184861787,3844196
2015-04-06,230.40415954589844,231.49819129190936,227.69142905189398,231.08514599879769,7151172
2015-04-07,230.58279418945312,231.79960849050084,228.55103645751288,230.69442952917206,6197072
2015-04-08,231.2079620361328,232.74850791409602,229.97997330431076,232.2126800894418,4106144
2015-04-09,235.7961883544922,236.44367885612914,229.96882834920964,231.81081168307466,7002784
2015-04-10,232.79319763183594,235.10404389438298,231.05167529369174,235.10404389438298,6119324
2015-04-13,231.93360900878906,233.60813922230633,231.0405262282465,232.20152294106242,4563236
2015-04-15,230.3372039794922,234.14395274555767,228.89709173123995,232.20150871874154,4893996
2015-04-16,229.89068603515625,230.76144723249888,227.28957688022834,229.5222839222738,5610120
2015-04-17,227.34536743164062,229.48876048533052,226.85416921552317,228.87476612202386,4049012
2015-04-20,224.40936279296875,228.85245492986877,223.8511860736276,227.73610149118647,5188880
2015-04-21,223.9405059814453,226.4857973428471,222.28829739564253,224.3870473692448,6510744
2015-04-22,226.19552612304688,227.9593699901739,221.81942613637392,224.72194504907935,6765936
2015-04-23,226.28482055664062,228.67380578692433,224.63261217316662,227.7472406971242,9627828
2015-04-24,224.71080017089844,227.5128447482628,223.34884071581146,227.49052312906554,7205244
2015-04-27,224.48751831054688,226.06157395185042,222.37760756152397,224.8224243460311,7370704
2015-04-28,224.2865753173828,225.82714857331058,221.06031102930106,223.17022183551106,7942108
2015-04-29,221.7412872314453,225.391757496265,220.5914377477066,224.16376872337796,7863564
2015-04-30,220.77003479003906,222.1543156633632,218.5931457672071,221.26123298732958,15143684
2015-05-04,223.48275756835938,225.3917188809581,221.48448254572605,221.94218464809575,3141448
2015-05-05,220.51329040527344,224.14143891993737,220.111392283299,223.0585679560674,5138004
2015-05-06,216.70654296875,220.47982337157305,215.5678678129152,220.47982337157305,11007696
2015-05-07,212.39739990234375,216.57256443706663,210.81218348988287,216.1260230670933,11736664
2015-05-08,219.25180053710938,220.54676771297665,213.31280609570413,214.67475174789274,11571932
2015-05-11,221.10494995117188,221.65196583837056,217.47680142951634,220.15604956858505,6731344
2015-05-12,217.00791931152344,221.03795197303464,215.90272682618635,221.03795197303464,11107568
2015-05-13,221.0937957763672,221.79710388491887,216.92979205101804,217.8786924620754,7791848
2015-05-14,221.27239990234375,222.12082574251988,217.46563761615724,220.81469774371612,4455188
2015-05-15,221.060302734375,222.72367208542107,219.74301385161252,222.1320129386472,8153624
2015-05-18,225.4698944091797,225.9499318299209,221.4845181573928,222.37760089189842,5713304
2015-05-19,224.95639038085938,227.28957191429285,222.84647954675233,224.68846281619525,4786348
2015-05-20,228.6403350830078,229.2543294109196,225.4028968175675,225.42523206045297,4008840
2015-05-21,228.78546142578125,229.96880696545364,226.64206828753316,228.62918284720828,3934380
2015-05-22,228.69615173339844,229.7455129509171,227.3676749315307,228.7854381951041,4689536
2015-05-25,228.52871704101562,230.19208644350456,227.200253680879,229.61158808770523,4369060
2015-05-26,229.38829040527344,230.01343192461582,227.30070147713167,228.72962557997167,4906344
2015-05-27,231.7884979248047,232.20154329606888,228.04871345344975,228.5845549923306,3218592
2015-05-28,229.83486938476562,233.02762411630383,228.22731758184656,231.98943714089938,9561160
2015-05-29,234.55699157714844,235.3272644155208,229.33245293140106,229.95759439675194,5058680
2015-06-01,231.3530731201172,235.77384358930559,230.19207645887695,234.19977435663577,3841320
2015-06-02,225.23545837402344,232.26849839376538,224.36471090185938,231.84427865248696,4726008
2015-06-03,224.5098114013672,227.066263206201,222.82412062909398,225.28009791057698,5824832
2015-06-04,226.6085968017578,227.25607364708682,222.15434366806642,225.24663737270228,5557588
2015-06-05,225.89413452148438,227.40121177181302,223.82888051177474,225.55922846585577,6753860
2015-06-08,224.04100036621094,226.00577992110956,222.27715627720525,224.2196142116812,3811996
2015-06-09,223.68373107910156,224.6103098759558,222.62319532173498,224.38703919019443,6040260
2015-06-10,226.75372314453125,227.51284899447643,222.60089347153385,222.82416417712216,7986248
2015-06-11,223.31532287597656,227.41233414645004,222.08733421288142,227.2002242882616,9094176
2015-06-12,225.31361389160156,225.69316314860805,221.07147093924317,223.49395238477715,6528344
2015-06-15,224.4316864013672,226.3406479570619,223.27067615986377,223.71721751218348,5999828
2015-06-16,225.1461639404297,225.60386611866974,222.61203349224024,223.27068473768867,6010524
2015-06-17,224.320068359375,226.28484773560302,223.15905802835246,225.28012961541535,9686268
2015-06-18,227.6467742919922,228.58451385045794,223.77303353997448,224.5879769529251,8431716
2015-06-19,230.0804443359375,231.0739879971682,226.20670334415667,228.80781231427991,3742324
2015-06-22,233.7978973388672,235.97478646259088,229.63389371792837,230.43766271266662,5449652
2015-06-23,234.90309143066406,236.934849292734,232.75969822172522,234.88076981223494,5655180
2015-06-24,233.49649047851562,236.17573866642874,232.8043295595272,235.32729917170082,6267396
2015-06-25,237.7832794189453,239.0894074746683,232.7931850623654,234.0434954468633,16573568
2015-06-26,237.30323791503906,239.1117249806911,234.7691211359379,238.22981669238774,5647504
2015-06-29,235.91900634765625,237.05768154268958,230.08047170213482,233.29557544760763,6487836
2015-06-30,238.26333618164062,239.34619364035592,233.98769676781063,234.93659725565718,7290136
2015-07-01,239.42431640625,240.46253055457498,236.6781033014965,236.96833884255423,4971188
2015-07-02,238.04083251953125,240.17784632909647,237.46722949902332,239.57049549336503,4483444
2015-07-03,241.65133666992188,242.07874503795884,237.1073802339426,237.1073802339426,4039288
2015-07-06,243.73207092285156,244.06949418670416,238.50201033313647,239.35682691872657,3267780
2015-07-07,244.4856719970703,245.5316897264832,242.60735443885673,242.60735443885673,4141472
2015-07-08,240.43658447265625,243.07973358813896,239.79548571102916,242.74231029680075,5400676
2015-07-09,241.6063690185547,242.24746787038305,238.468315491845,239.05317712053784,2797964
2015-07-10,245.36293029785156,246.31896280187712,240.35781895324723,240.6502634088961,4900088
2015-07-13,246.5776824951172,248.7709337388167,244.0694973757918,244.0694973757918,7076084
2015-07-14,245.6104278564453,247.87117507249877,244.29448240721746,246.43149675608353,5674116
2015-07-15,246.70138549804688,247.76989250387246,245.37420929005032,245.8690857615498,3849404
2015-07-16,250.75048828125,251.71777938245802,247.01634262236243,247.17382330326367,7310424
2015-07-17,249.8169708251953,252.33638710733436,248.70345747743485,251.80776277112227,3510988
2015-07-20,250.8742218017578,251.71778004587938,249.01839366469034,251.03167502349586,4551268
2015-07-21,247.0050811767578,253.7422878535792,245.89156795910228,251.1666346566259,11028136
2015-07-22,250.68301391601562,251.27913388417292,244.89058079781697,246.63393445475054,7286400
2015-07-23,249.22088623046875,251.20042003046586,247.46627386586093,250.34563070532457,5083172
2015-07-24,249.20956420898438,250.81795388951824,247.55619574476665,248.1523156562397,4761008
2015-07-27,246.51022338867188,248.45603668258366,240.69530036248483,248.32107284719356,3328572
2015-07-28,249.35577392578125,250.57050307958067,245.7453342802389,246.09401594479448,6345672
2015-07-29,249.3220672607422,251.47033989007156,248.57975248725927,248.5909834546826,3943032
2015-07-30,249.8169708251953,251.26788000792735,247.69118759378608,249.01839137759674,9462188
2015-07-31,250.0643768310547,252.16764293723358,248.11856392486052,250.95291374160678,5649500
2015-08-03,246.4090118408203,251.38037666140264,245.970345043381,250.31186946753985,4345728
2015-08-04,244.3956756591797,247.8936413830344,243.38340579872266,247.0163353453895,5390928
2015-08-05,245.68911743164062,246.92633607866964,244.11447551724007,245.67788646514038,4122780
2015-08-06,246.53269958496094,247.74742895759334,244.17073648356734,245.62167315017047,3743712
2015-08-07,245.79037475585938,246.88137122333634,244.87932089872137,246.08279179500167,3227140
2015-08-10,246.24026489257812,248.78217042955546,244.74434954361772,246.31899149840203,3954376
2015-08-11,246.25149536132812,247.18503858169177,243.9007908602707,246.33024942656925,2727688
2015-08-12,240.7965087890625,246.2965251792826,240.17789939172917,244.8343575128584,6005740
2015-08-13,242.3936309814453,243.55209552762486,239.93042473355626,242.26989813691407,3465052
2015-08-14,247.84866333007812,248.26481322647317,242.92227783599998,243.64210319951695,3601660
2015-08-17,245.53170776367188,247.84869226098633,242.0000212560798,247.23008282777508,2500212
2015-08-18,244.37315368652344,246.56640475845217,242.5960524542767,245.55413503294662,1857316
2015-08-19,243.36087036132812,244.51936225213723,241.819976468305,244.03571680728618,3004576
2015-08-20,241.75253295898438,244.01328002416417,240.2453865552499,240.2453865552499,3044852
2015-08-21,238.73822021484375,241.35885229179001,236.4212361271979,239.34557111259613,7758972
2015-08-24,229.23411560058594,235.00404518282892,227.4795173720054,235.00404518282892,14686328
2015-08-25,229.0991668701172,232.21471678712987,226.23106893444725,230.50508350095103,12347920
2015-08-26,227.9856719970703,231.47237936357706,226.9734021164716,228.86297805217146,5573000
2015-08-27,229.92022705078125,232.69834001293307,226.99589183597342,230.57258424446167,13873432
2015-08-28,231.23617553710938,234.56542973365526,229.31287921091655,231.93353898851632,5553136
2015-08-31,231.12368774414062,232.34967546721498,228.44680463463632,229.695268021279,3441460
2015-09-01,224.97132873535156,229.74024687538773,223.37419746792895,229.74024687538773,10469144
2015-09-02,223.8578643798828,228.08690021815232,221.57462795020624,226.0960945616401,8681688
2015-09-03,227.2658233642578,228.3230857189634,224.72390407216201,225.4662325408571,6507368
2015-09-04,224.060302734375,226.29854657217479,220.44987638243666,225.4437436750169,11404592
2015-09-07,221.45089721679688,227.15334504890598,220.44987209246023,225.17379792301293,5381740
2015-09-08,225.85989379882812,227.19834222422557,219.77503005254295,221.95703667926796,7444488
2015-09-09,228.61553955078125,230.5725975146686,226.07362000218723,228.21063432061587,6553120
2015-09-10,227.4232940673828,228.7617425103741,224.11654312875396,225.62370321422844,4463740
2015-09-11,227.31082153320312,229.4478356891313,226.478508010726,228.21061696727816,4301760
2015-09-14,229.38037109375,229.96523267813524,225.73619656468503,226.93966755669646,5060344
2015-09-15,227.90692138671875,229.36908883804998,226.77091876762373,228.98667306635969,4332728
2015-09-16,230.20140075683594,231.26990779712673,227.54700706586073,229.20038935555203,4254052
2015-09-18,236.14002990722656,238.89565302355285,231.95598723884174,232.8220347263439,7841168
2015-09-21,236.85989379882812,237.3210499508102,233.12574817303428,233.48566086113888,4276688
2015-09-22,231.84352111816406,238.44576390028053,230.64005034888413,236.20753398712182,6025212
2015-09-23,236.01632690429688,236.97235953489593,229.14415588244267,229.26787500632722,5161152
2015-09-24,236.51123046875,237.0960919969409,233.04701262697418,235.52145001973165,8252836
2015-09-28,235.38650512695312,238.44580429390248,234.64416286560274,237.32105993402558,5777108
2015-09-29,239.5255584716797,241.5725876173857,230.59507220323243,232.14722483795993,10418840
2015-09-30,240.42535400390625,241.37012823778127,238.74946851103797,240.24538393098825,9027796
2015-10-01,240.16668701171875,242.2474642365192,238.29960024779507,241.86503464918553,5034788
2015-10-05,247.0725860595703,248.52352274791568,242.3149119635539,242.3149119635539,8053372
2015-10-06,244.28318786621094,249.22083150228468,243.61959975560083,249.01837204935376,4758964
2015-10-07,244.6881561279297,247.07260888005482,243.69837551584527,244.7443933506665,4386268
2015-10-08,243.64208984375,245.35169558307018,241.90999471172344,244.7668340748259,3881908
2015-10-09,244.32818603515625,246.3189777607597,242.98972397249207,246.3189777607597,3443228
2015-10-12,243.06851196289062,246.43148657864907,242.4499025716617,244.6768744124228,2217340
2015-10-13,242.12367248535156,243.42838670908301,241.41507816486936,241.94372989352362,1823652
2015-10-14,244.01327514648438,244.40693565029295,240.03169132036584,240.4253518241744,2749148
2015-10-15,243.8782958984375,246.6564086434089,243.16970154448245,244.22695013258465,3925952
2015-10-16,247.45501708984375,247.7811819697035,244.06952558976698,245.1942699473235,4843688
2015-10-19,246.94886779785156,247.9161314134699,246.16154679325228,247.44374430262584,2654220
2015-10-20,246.2965087890625,248.09609964336624,245.46418154320065,246.99384475318973,3851356
2015-10-21,246.31900024414062,248.34353997217465,244.06951165743615,247.19630628487087,7273204
2015-10-23,249.35577392578125,250.52549683858157,246.54391359734439,247.31997606416354,4467048
2015-10-26,247.78114318847656,250.6379824257031,246.76887342511012,250.58174521662718,4887984
2015-10-27,249.8956756591797,250.59301158190002,246.4427164044322,246.4427164044322,8984032
2015-10-28,250.0306854248047,252.84254648446287,248.57977610185333,248.57977610185333,7694760
2015-10-29,248.24229431152344,250.7054730358522,247.4437149748205,249.6932032927734,6702368
2015-10-30,247.35379028320312,250.14316196974596,245.29550247831648,247.89367310311155,8097460
2015-11-02,243.64208984375,246.52144605913472,242.15743295064496,246.330245031767,3156552
2015-11-03,244.04702758789062,245.64415902738014,242.76480258974811,245.4079517367918,2548592
2015-11-04,243.32720947265625,247.01637685371605,242.55114676639485,245.20555471924547,2696444
2015-11-05,242.9110107421875,243.61960511324102,240.58279563122002,242.6073352859007,3596952
2015-11-06,243.14723205566406,244.9693123581479,241.87626548493898,243.10222580721603,5881004
2015-11-09,239.5255584716797,240.61655495695805,236.4212532022247,237.99589523116435,11429432
2015-11-10,237.23106384277344,239.57053749425734,236.74741829863942,238.45705161367854,4402580
2015-11-13,236.6574249267578,237.3210129839736,234.17172939935213,236.06130504203975,3940028
2015-11-16,238.65945434570312,239.5705081068406,235.12776863725367,235.91508955591465,4734732
2015-11-17,238.62576293945312,239.30060952303802,236.46623190431922,239.18813509244055,2567404
2015-11-18,235.88133239746094,239.7616996286184,235.36396657571728,238.828156512976,2446720
2015-11-19,240.44781494140625,240.90894357687066,236.10629144716836,237.32102064665858,3277680
2015-11-20,240.88648986816406,243.00101471982646,238.44580014164876,239.54805508704945,4648160
2015-11-23,239.80673217773438,241.9324878233137,238.23209023002337,241.5950645488042,3408280
2015-11-24,239.42431640625,241.4826039908684,238.91818146542144,239.626775874497,4002252
2015-11-26,239.33428955078125,240.0203944456313,236.44370266347715,238.22080385934726,8791484
2015-11-27,242.80982971191406,243.4396701083318,238.6595063463576,239.5368124816478,6925072
2015-11-30,242.43861389160156,243.16969762637095,240.627764733958,242.76477872789928,5247776
2015-12-01,243.61961364746094,244.04702197033689,241.48259949265866,242.2811789238105,1895332
2015-12-02,242.44989013671875,245.80160615326358,241.11142795586963,245.19425522049332,2562284
2015-12-03,242.2136688232422,243.16970141437176,240.08791322209024,241.2576362321126,3807712
2015-12-04,238.1983184814453,241.5050552556158,237.5459613910136,241.5050552556158,5859828
2015-12-07,238.88446044921875,240.94274826479653,238.69325938647788,240.29039099816794,5814808
2015-12-08,236.027587890625,238.87319641977314,235.52145296305397,238.67073695682927,4902660
2015-12-09,235.62269592285156,237.77096873393927,235.0378343204363,235.54396930591534,3890616
2015-12-10,238.58070373535156,239.16556515272526,234.46415696495188,235.07150777153768,6514340
2015-12-11,235.3751983642578,238.5807191316401,234.39667646402424,238.44575532808608,3033920
2015-12-14,237.33230590820312,238.41204396128168,233.96930397288648,234.17176343895673,5878016
2015-12-15,238.32203674316406,238.99688326086758,235.13903263565592,236.87112771393154,4557416
2015-12-16,240.08790588378906,241.44882987852546,238.29954614518016,239.1206148961459,6842768
2015-12-17,243.00099182128906,243.84454999701674,239.57052190666315,241.57257213563872,4878012
2015-12-18,241.37014770507812,244.06953425909578,240.3578777473215,244.06953425909578,3172128
2015-12-21,241.91001892089844,242.9222888301698,240.48159909639793,241.08895005812929,3097500
2015-12-22,239.89671325683594,242.15746040140525,239.34559950496532,241.70756265797485,2429536
2015-12-23,241.6175537109375,242.4836012894356,240.50406788995087,241.28013043675048,3013968
2015-12-24,241.59506225585938,242.1349449818659,240.31286480872296,242.08993873661262,2146352
2015-12-28,242.32618713378906,242.92230717284335,240.18917271952031,241.59510325522345,7755428
2015-12-29,242.48361206054688,242.91102038541783,240.9877241128649,242.7085609199971,4231612
2015-12-30,241.66253662109375,243.3833731856186,241.26887617255497,242.944733955362,2112560
2015-12-31,243.42840576171875,244.047015104917,241.82001597748805,241.82001597748805,9290008
2016-01-01,244.91307067871094,245.25049396782052,242.07872054210588,243.48465091339585,3195076
2016-01-04,240.80775451660156,243.8445641251715,240.26787176094027,243.8445641251715,5187536
2016-01-05,238.98570251464844,241.77507419922452,238.74949519998603,240.7402873536376,3160872
2016-01-06,240.04290771484375,242.21366956740482,237.692203261498,237.692203261498,4165536
2016-01-07,237.59100341796875,239.54807521022522,236.1288356527617,238.4683095690092,6055428
2016-01-08,238.97442626953125,239.45807183137416,237.82719252580586,238.88444122972206,3488356
2016-01-11,238.13087463378906,238.6707574280871,235.139071058836,236.65747597178566,3288912
2016-01-12,235.51019287109375,239.32309244091417,234.73413030480327,239.32309244091417,4258736
2016-01-13,238.47952270507812,239.06438420816767,233.2719514691789,236.64618413266749,4515148
2016-01-14,236.14002990722656,237.8608939166838,233.8343044425454,236.2300149294703,6279184
2016-01-15,234.43045043945312,237.42225368044882,233.51939660954707,235.74639572520235,5417260
2016-01-18,230.76377868652344,234.27297535202248,229.67278222565295,232.96828846155057,6495388
2016-01-19,233.00205993652344,233.3957204749162,230.8650455852485,231.06747760875797,6405212
2016-01-20,229.06541442871094,249.24332930328276,226.72595459370118,230.57257449085273,9563588
2016-01-21,230.12269592285156,232.4284218595175,227.96319224481687,229.67279817911188,6300804
2016-01-22,231.76480102539062,234.90282636212714,229.90895936408515,230.73001439288413,4236284
2016-01-25,234.2055206298828,235.4539703780377,232.38344028150894,233.93556551112968,10143884
2016-01-27,232.96826171875,235.90382748001636,232.37214182621616,235.8475902724108,4039468
2016-01-28,232.07972717285156,235.4989663102067,231.6973250958448,233.72186482969198,9951972
2016-01-29,236.16256713867188,237.30980089085378,232.8670606808675,232.8670606808675,5360184
2016-02-01,238.38954162597656,240.02042077368907,237.028590111986,237.99588114204596,4609484
2016-02-02,237.0511016845703,239.62675495251793,236.2412638822898,239.57051774178044,6528628
2016-02-03,234.81288146972656,236.5112564872419,234.39673153617045,234.95910373275436,4850244
2016-02-04,236.01632690429688,237.29855184931708,235.19528555391452,235.7463992630173,5675992
2016-02-05,237.37725830078125,239.30058182521444,235.20649654958888,236.8261446384733,7523904
2016-02-08,233.0132598876953,237.99588238801755,231.7648102507251,237.3210358406035,3481924
2016-02-09,230.8087921142578,232.04601086209402,229.59406276083027,230.9549869077033,5535460
2016-02-10,227.86192321777344,231.7310458927651,227.22081080561347,230.32511568599395,7682280
2016-02-11,219.3926239013672,227.87319880420407,217.79549246188117,227.19835221347097,8803600
2016-02-12,218.51531982421875,221.90079729310685,217.30059053428567,220.22492560358765,12542144
2016-02-15,219.01016235351562,222.30566800867533,218.4477903120062,220.44984027169423,10912960
2016-02-16,218.9764404296875,220.8997501725029,216.4007735905782,220.7872757579548,7136096
2016-02-17,219.3026580810547,220.42740242708575,215.72596556876013,219.75255581946712,7503924
2016-02-18,222.5756378173828,222.98054299312776,219.77502194631606,221.7995615548287,6799856
2016-02-19,222.54188537597656,223.28421380438715,218.9876964385958,222.4181662595394,3328660
2016-02-22,222.41818237304688,224.0490615864017,221.12472644521372,221.12472644521372,4002396
2016-02-23,218.2116241455078,221.6870865435175,217.30058407005367,221.55212272855684,6078320
2016-02-24,213.61141967773438,216.60325032748344,212.89159435096784,215.95089317908972,6463468
2016-02-25,212.0480499267578,215.33229781493952,211.04702474645532,214.6012140145754,8463196
2016-02-26,216.1758575439453,218.4253461760363,212.5766757325997,213.7014200486452,6209388
2016-02-29,218.6165313720703,221.034731476292,208.75252992723009,216.19833126784863,8812752
2016-03-01,221.3834228515625,221.96828438716835,218.61654092984242,219.31389062360634,4322560
2016-03-02,226.56851196289062,227.40082555485998,223.82413291386814,224.49897954576926,6358976
2016-03-03,228.5142822265625,229.44782543962916,227.19833695492693,227.3670485912796,4610400
2016-03-04,229.57154846191406,230.5500842072627,223.3966997205068,228.42431480713387,5704624
2016-03-08,228.13186645507812,230.34760698740732,227.08584888065204,230.34760698740732,1913688
2016-03-09,230.52761840820312,231.67485218040147,226.4672802249081,227.87321069563637,6528172
2016-03-10,229.72900390625,230.74127369090422,227.2208188368028,230.5275832757518,2671392
2016-03-11,231.40489196777344,231.87730656321762,227.8732056867657,229.4253583842478,4730856
2016-03-14,231.1461944580078,233.4856404560244,230.6288011356144,231.2474104534617,3008656
2016-03-15,230.9549560546875,232.46212971282043,229.8189809228111,231.22491113026285,7690036
2016-03-16,231.7985382080078,232.65335484658078,229.21164008791902,231.02247563687547,4803548
2016-03-17,229.08792114257812,233.72186209842747,227.45704193159295,232.81080824501174,5113484
2016-03-18,231.33740234375,232.14721271012587,228.4018088736141,230.1114283678794,4135068
2016-03-21,235.20652770996094,235.60018822364043,232.20346585466442,232.3721775033842,5318796
2016-03-22,237.0623321533203,237.6809414701343,234.10424938282208,235.40896365302353,4120264
2016-03-23,236.05007934570312,236.8824065985013,234.07054586521858,236.8824065985013,8464300
2016-03-28,235.6339111328125,236.8711297592855,234.31796590384263,235.07153902987022,11270868
2016-03-29,237.0511016845703,238.33329910555526,234.90282925056732,235.63391299015493,6733952
2016-03-30,239.55926513671875,240.67277841212334,237.0735968374684,237.99588162405848,7814380
2016-03-31,240.95396423339844,242.69731780689096,239.58178175133895,239.9866732023399,20080392
2016-04-01,239.4468231201172,242.13497869825812,237.7259861644919,240.42537271082796,5158648
2016-04-04,240.4815673828125,241.32512552929413,239.34556476172054,239.61549238476465,6179960
2016-04-05,237.87217712402344,242.24744922291907,237.4672856243641,240.47034761671685,6663028
2016-04-06,238.7832489013672,240.00920937915723,237.71474166417315,238.67077445534676,4295376
2016-04-07,237.43350219726562,239.51427898108815,235.53269547046867,239.3455673499674,3911692
2016-04-08,238.299560546875,239.19935595363873,237.15232689516657,237.32103853393477,2962796
2016-04-11,240.90896606445312,241.6175604519305,234.58790871024428,238.51328271854814,4049620
2016-04-12,239.12063598632812,240.92022684981885,238.27707776906686,240.60529295679248,4941480
2016-04-13,243.3384246826172,244.05825003711254,240.58280119996218,241.14517333927952,4974604
2016-04-18,244.69937133789062,245.6441455291722,241.0551834724262,243.73208029382607,4117068
2016-04-20,246.96009826660156,247.44374380322333,243.7433460729061,245.62166354531507,3821352
2016-04-21,245.45297241210938,248.60225668730774,244.9693268350737,246.319020095873,8191728
2016-04-22,245.67788696289062,247.63493093378034,244.1144760118228,245.08176703074466,7809320
2016-04-25,245.9253692626953,247.4437742409923,243.95706651305105,247.4437742409923,5561960
2016-04-26,250.55926513671875,250.81796179999714,245.75661279506446,246.31898490672364,7053796
2016-04-27,252.8874969482422,253.0674670197317,249.4682852665622,249.6594863052838,5763636
2016-04-28,250.5817413330078,255.6993272796015,249.77193102678038,252.8874668693852,8089584
2016-04-29,254.72080993652344,255.54187868300968,248.83839236048814,250.54802548835121,5611940
2016-05-02,251.4140625,254.19217502718772,251.04289144278007,253.68604016540792,3862716
2016-05-03,251.4928436279297,255.3169745238821,250.401847070118,252.37014973715233,4695296
2016-05-04,253.5960693359375,255.2044590341941,250.64924502322677,251.380328753382,5292328
2016-05-05,254.7095947265625,255.2607084271527,252.5500637913748,253.74230368436065,5214248
2016-05-06,251.86395263671875,254.6983022861649,251.3240699750212,254.6420650809792,2733152
2016-05-09,256.7566223144531,257.5551742544424,251.71776259367434,251.94271144317716,6953180
2016-05-10,257.5439147949219,258.12877624700917,255.5643541544706,257.22898094854463,5453000
2016-05-11,256.1717529296875,257.5664247699391,254.1246964944232,255.24944070739238,6147372
2016-05-12,258.48870849609375,259.141065628915,254.75456321592551,257.3414748953808,4221688
2016-05-13,256.6441650390625,258.2412964853402,254.19221692372332,258.2412964853402,5045316
2016-05-16,261.5705871582031,262.267923243635,254.76588305665967,257.5664858270158,4518768
2016-05-17,259.46722412109375,263.0214267167471,258.9836060909421,262.0766525885733,4295424
2016-05-18,256.587890625,258.91610554348927,254.52960332098877,258.91610554348927,4162644
2016-05-19,256.28424072265625,257.04904485971866,254.64210310221227,256.46418333037457,3855796
2016-05-20,256.6441650390625,258.3537709176073,255.00202734413105,256.430447142008,2016632
2016-05-23,255.7106170654297,258.67993103894514,254.91203762716071,256.88034015570486,3463532
2016-05-24,256.430419921875,257.26274710804705,255.44066699064922,256.0817656946035,3259468
2016-05-25,263.9324951171875,264.5285875984768,257.85887620335416,257.85887620335416,5767348
2016-05-26,266.1707458496094,267.4417124351657,262.3466151253809,264.5623559648564,13705560
2016-05-27,266.96929931640625,267.68912463411306,264.69729402201915,266.1707199355582,5775184
2016-05-30,265.3833923339844,268.8138621225779,265.01222125838547,267.01427141380753,3814532
2016-05-31,265.8670654296875,266.76686087748436,264.8547955509161,266.76686087748436,5515640
2016-06-01,264.3486328125,266.1032172754442,263.41508964166707,266.1032172754442,5675632
2016-06-02,264.30364990234375,265.57461644282034,263.4151128964727,264.24741268780565,7910616
2016-06-03,263.5838317871094,266.56440423957724,262.9764808372302,265.46214931240934,4524420
2016-06-06,263.4375915527344,265.9795245300792,263.2014117370474,264.5398464046691,5547308
2016-06-07,264.0224304199219,265.4396190307802,262.6615064760593,264.753514116405,5628504
2016-06-08,261.5255432128906,264.98976120270237,261.16563052320663,264.49488468683415,4742812
2016-06-09,260.8056945800781,261.8854325528606,259.2535420684042,261.50303050283725,4648184
2016-06-10,261.2443542480469,263.79751832865344,260.08586212190323,260.5807660918832,6322312
2016-06-13,259.3435363769531,262.0541535616848,258.92738649360837,259.7596862602979,3323236
2016-06-14,259.10736083984375,260.26585305885834,257.39775485099284,259.8159553007618,3828768
2016-06-15,263.08892822265625,263.3926036663766,259.4109927011891,259.8159115991998,3045824
2016-06-16,261.4242858886719,262.9314320520766,259.8946228748136,262.4140662235464,4727768
2016-06-17,263.1901550292969,264.989745832916,262.1891436286143,262.5153084779397,3761652
2016-06-20,263.6513671875,265.270988271127,260.6707942855772,260.7157730813959,2742764
2016-06-21,262.4366455078125,264.41617939604487,261.21065749982364,264.314963372629,2670968
2016-06-22,263.52752685546875,264.3148476783404,262.2903084195276,262.2903084195276,3803840
2016-06-23,267.71160888671875,268.10526935656384,262.6277705966347,263.1451639122611,3926732
2016-06-24,261.3680419921875,263.6175302140678,258.01629904967126,260.90688592287285,11173964
2016-06-27,260.9294128417969,262.9652109592299,259.37728771312084,261.3905689774381,4163788
2016-06-28,262.5040588378906,263.88749980639346,258.6911866789321,261.221861331226,4034980
2016-06-29,267.1575622558594,267.43195754517376,265.19096033085674,266.40293333914275,5420668
2016-06-30,269.021240234375,269.83303723235474,265.7512464468659,267.7749886432944,16278892
2016-07-01,268.5753479003906,270.976404650458,267.95794447314466,269.833044293283,4304876
2016-07-04,268.18658447265625,269.7186760024223,267.86643802811875,269.42139117948,7249852
2016-07-05,266.5401306152344,268.5295941592509,265.7169168343615,268.1865860910482,2136328
2016-07-07,271.1249694824219,271.8338471181719,265.4653373342202,267.06604137613584,4832616
2016-07-08,268.65533447265625,271.11355884648805,267.8321207302794,270.9992228291005,3118868
2016-07-11,274.3493347167969,274.84098528368406,270.07317788142245,271.20509353958835,5102532
2016-07-12,274.8980712890625,276.67027942384055,273.38884155709667,276.67027942384055,7046032
2016-07-13,273.8919372558594,274.8523486629517,272.8743578384861,274.36072610578987,6687072
2016-07-14,274.4864807128906,274.8981015551389,272.6227979831533,274.6351231233729,3459668
2016-07-15,279.82598876953125,280.35194567337186,273.2859734337005,275.2754371049469,5774216
2016-07-18,280.6834716796875,283.21030877340934,279.58586268560606,280.1232363725688,4438484
2016-07-19,278.60260009765625,281.4381392385101,277.57357582256117,281.03796313152867,2586004
2016-07-20,281.76971435546875,283.21035956653054,279.3801023822436,279.6659424706232,4690332
2016-07-21,280.94647216796875,283.5304774721146,279.55157826007775,281.42667788523374,9112904
2016-07-22,281.4496154785156,282.3299974295039,279.3229539065573,282.032712551162,5620272
2016-07-25,285.14263916015625,285.71431936049663,280.58064232706874,281.9526748078857,9872884
2016-07-26,283.2789611816406,284.84535922137235,282.44430257367446,284.10217502089444,5665992
2016-07-27,282.8558349609375,285.27978062695695,281.26657563820095,283.78196777805476,10734736
2016-07-28,285.4856262207031,286.12591916348026,282.5357789358083,283.09601432518565,10646528
2016-07-29,284.9710693359375,285.8400342055487,282.4099537950821,285.3826901508198,3395676
2016-08-01,284.07928466796875,287.88665177872895,280.7292337202601,285.6113761606898,5560864
2016-08-02,284.3079833984375,287.3149986565498,283.64482884154233,285.15405885491316,5329396
2016-08-03,283.6562194824219,285.8286038519301,281.4952798804853,283.8048618905175,4733876
2016-08-04,283.7820129394531,285.0854324537249,282.08983419326154,285.0625708316281,4662880
2016-08-05,285.6685791015625,287.1320859101121,283.9535386026538,285.24554136131246,5784912
2016-08-08,285.74859619140625,286.98343087919835,284.5938190546368,286.5032251434096,4728776
2016-08-09,285.1997985839844,286.50324614991666,283.02741388816867,286.50324614991666,4210856
2016-08-10,280.5577392578125,286.0572852242495,278.92272854354866,284.6966977140546,3619720
2016-08-11,280.8664245605469,282.4099607834524,279.4372243541529,280.53486127829007,2856072
2016-08-12,280.9693603515625,282.41000555361825,278.8427268557552,281.5067620456136,4641496
2016-08-16,280.64923095703125,283.198902099803,277.56215814094395,281.9526505359735,3468568
2016-08-17,282.3870849609375,282.98162663408294,280.3518983865743,282.04407692865374,5511036
2016-08-18,286.4117431640625,286.96056166790913,282.30709102446446,283.09599843282183,6111656
2016-08-19,285.1768493652344,285.8400037567626,283.8848469654412,285.8400037567626,4110636
2016-08-22,285.90863037109375,286.85759689827853,283.7819694745148,284.7081022971685,5501292
2016-08-23,286.17156982421875,286.75469460327173,284.9367633270341,286.06867858747444,5314524
2016-08-24,288.5384216308594,289.0872122534124,285.1655086855732,286.30886900600916,5570936
2016-08-25,287.795166015625,289.68171007626023,286.82330998438863,289.0414172900556,8729888
2016-08-26,287.463623046875,288.56126003178673,286.73188366631257,288.126777562173,2521136
2016-08-29,283.1188049316406,287.0977034172491,282.6843225376032,287.0977034172491,2944184
2016-08-30,290.10479736328125,290.52783506647546,284.4565810665193,284.7195595027972,9867608
2016-08-31,295.2613220214844,296.13028692480555,289.3844618558621,290.1848139826859,11161364
2016-09-01,293.5462951660156,294.98694022576876,291.64833392695743,294.52959613239545,5224676
2016-09-02,293.866455078125,294.75828168387693,292.9632116179566,293.9579294838043,3955188
2016-09-06,297.3651428222656,298.16549500646903,294.9983926603637,294.9983926603637,5508884
2016-09-07,294.2437438964844,298.4170085758011,293.40908537780757,297.50232042690976,4016444
2016-09-08,294.8497314453125,296.1874572850953,293.5234224589919,294.98692908532945,2905380
2016-09-09,295.0783996582031,296.01594941924367,292.311473616472,294.9869252613552,4013768
2016-09-12,292.6773376464844,293.7063617845315,290.75648700598316,291.48822633852353,3985728
2016-09-14,290.28778076171875,292.01426625012715,289.3616755224475,291.5569220586626,3849508
2016-09-15,292.6087646484375,293.5920656796441,290.3792120462535,290.87086256185677,3501812
2016-09-16,296.781982421875,298.3026569727747,293.569157215184,293.569157215184,6525816
2016-09-19,295.0212097167969,297.8453035573492,294.52955929509847,296.5876074578748,5894832
2016-09-20,294.6324768066406,296.1302898242744,293.62634216860727,295.59291611667317,3778248
2016-09-21,295.6729736328125,296.8163339330167,294.50675170941815,295.4443015727716,4256400
2016-09-22,298.8514709472656,301.1496080184858,297.39940919128895,298.41698852292495,6555800
2016-09-23,300.1777648925781,301.4926290750529,297.6166493027755,298.6571182127951,4876808
2016-09-26,296.3932800292969,299.30884863570253,295.8330167643309,298.6685557369038,5576772
2016-09-27,296.8277282714844,298.6799660603115,296.0959610552369,297.04495552598894,4056812
2016-09-28,296.1875,297.2736923373866,294.75829955607026,297.25083071309797,4989652
2016-09-29,292.1285095214844,298.645662180085,289.94468053516925,296.8048412284331,16450012
2016-09-30,291.06524658203125,292.92892958570707,289.81899493248267,292.03710290579335,4138428
2016-10-03,294.34661865234375,294.9640498666846,291.8769775371767,292.9288632666404,3900548
2016-10-04,294.8840637207031,296.13031527185643,293.22619129929694,294.6668085170426,2775512
2016-10-05,294.0950927734375,297.28508434659517,291.8769852437404,296.8162955185549,3647020
2016-10-06,293.1461181640625,296.2674971743501,292.4829915620075,294.3237847836154,2895712
2016-10-07,292.8374328613281,294.4724436642542,291.84271498854935,293.61492344391564,3337464
2016-10-10,293.6949768066406,294.5067738464334,292.4144187569709,293.84361923965406,4719312
2016-10-13,288.75555419921875,292.4714740216201,287.3149095024479,292.4714740216201,4519356
2016-10-14,288.5384216308594,289.9561772625719,286.7547683653511,289.4416651183757,4067116
2016-10-17,283.0273742675781,289.5902785993854,281.8954588291053,289.38446817946283,5135360
2016-10-18,287.6351318359375,288.1267823250996,283.32466928634796,284.28508072847086,2610968
2016-10-19,287.74945068359375,288.8127812329417,285.3827006957334,288.37829878208197,3044904
2016-10-20,287.0977478027344,289.830367530172,286.0687236170615,288.1839399987224,3200356
2016-10-21,290.5735168457031,291.0880288768871,285.84001732443613,287.21204940759344,3956408
2016-10-24,288.9385681152344,291.9798895072947,288.36688801363647,290.81366768284846,3255664
2016-10-25,285.90863037109375,289.9561138547017,284.47943028308754,289.9561138547017,5501796
2016-10-26,283.3932800292969,289.2701404926506,282.4214238260607,284.319385074528,5366540
2016-10-27,286.32025146484375,287.44075002707854,279.9288792070363,283.3246533679796,11623860
2016-10-28,287.9095764160156,288.56128622255346,283.5762240085487,286.8691073480886,5320536
2016-11-01,288.0810546875,289.00715972526615,285.16548610129274,287.21208974716,3402416
2016-11-02,284.9596862792969,287.1434876511872,283.89635564312783,286.09160178337,6474432
2016-11-03,286.9719543457031,288.12675926871617,281.6667743882866,284.6966788012314,6315812
2016-11-04,284.3994140625,286.4803520241928,283.95351473589056,286.4803520241928,5734920
2016-11-07,285.71429443359375,286.94912914141133,283.5533546304653,286.2974193526956,5671392
2016-11-08,286.8233337402344,287.6694090718783,283.5761742184876,286.09156650766937,5348164
2016-11-09,286.12591552734375,287.53225428138103,273.3431417703212,274.4064724338162,13645468
2016-11-10,292.3686218261719,293.38620114776927,286.77757419849445,288.98426477045473,10700736
2016-11-11,291.7397766113281,293.1575319810237,289.4073052402631,291.3281558064151,7139320
2016-11-15,286.92626953125,294.75828764756426,285.9887196607242,292.128558936977,12512524
2016-11-16,284.5480651855469,289.9561648525587,283.5647921004978,289.9561648525587,8647744
2016-11-17,281.3122863769531,285.58846957316047,280.15750951249044,283.16455192889504,4815624
2016-11-18,277.0133056640625,282.6386320789368,276.5102104442847,282.6386320789368,6879900
2016-11-21,274.1091613769531,278.8655509432521,271.7424113613552,278.8655509432521,5552520
2016-11-22,273.9605407714844,275.9614210636686,271.9710773325299,275.9614210636686,10017784
2016-11-23,270.919189453125,275.09245403005644,270.08453095492547,275.09245403005644,3532692
2016-11-24,266.51727294921875,271.2736627311857,265.46538710726503,270.7477058531746,15285996
2016-11-25,271.9596862792969,272.85148496287655,264.80223978948027,267.3176323954253,5969960
2016-11-28,270.8506164550781,274.1549445455941,269.3985544239013,269.89020494688555,4130180
2016-11-29,269.54718017578125,272.79431213507087,269.0326680609176,270.90776771390426,3932644
2016-11-30,274.3149719238281,274.86379039928573,270.084539209696,270.97636574305625,6442840
2016-12-01,273.777587890625,276.2129505926992,272.8057317632204,274.9323928076381,4476984
2016-12-02,271.9139099121094,274.85233996474284,269.0783711090984,271.89104829153405,4062672
2016-12-05,273.57177734375,274.16631903858047,269.03264313378327,271.570897082449,4551936
2016-12-06,273.1372985839844,275.05814924352484,272.16544244397363,273.26307936773003,2702964
2016-12-07,270.1988525390625,275.7555937760845,266.86024663864987,274.8294609318925,5628192
2016-12-08,274.2921447753906,275.6756219484312,271.43374393362956,271.43374393362956,4309696
2016-12-09,274.0177001953125,274.93238830022676,271.66236715953204,274.20062106785593,4387952
2016-12-12,270.8506164550781,272.6114081055251,270.0845706194876,272.57710171293166,3425272
2016-12-13,271.26220703125,272.19975681098924,269.50144349159507,269.89017479336803,2526868
2016-12-14,268.8497314453125,271.66240896640073,268.3238024524896,271.4337369049812,4314144
2016-12-15,269.0555725097656,273.1488084579187,266.08283537292766,266.2200330425825,4941488
2016-12-16,270.3589782714844,270.9763816463168,267.90075371224566,269.0555308265165,3255828
2016-12-19,269.0898132324219,269.718661319432,267.6606130346716,269.10125799963043,3160436
2016-12-20,270.2674865722656,270.9763643053565,267.93501504246285,268.91831596886016,4189992
2016-12-21,269.8330078125,270.9763680150954,268.6896476099047,270.7476959745763,2658876
2016-12-22,268.2551574707031,269.7186640709425,267.18041007665755,269.0097863484401,2805716
2016-12-23,271.26220703125,271.948223150191,267.38622712486034,267.7749584266333,4752516
2016-12-26,268.689697265625,271.2279518016602,267.5691984771921,269.5014943251204,4183864
2016-12-27,271.0220947265625,271.41085394886136,268.4381173840635,269.6729520014854,4899296
2016-12-28,271.3765869140625,273.25168677661605,270.06172247356886,272.0969095381908,6507840
2016-12-29,275.59552001953125,276.2243681034669,270.1645592946329,270.9763561686126,8100816
2016-12-30,275.8242492675781,277.1505584853646,274.39504878033927,274.40649354986596,4066540
2017-01-02,273.7433166503906,276.7160534217812,272.58853949917693,276.5674110003977,3708656
2017-01-03,272.09686279296875,274.8523440942658,271.1478682552666,274.58939358259846,3847500
2017-01-04,271.0906982421875,272.57706647379797,270.7019669472392,272.085416014375,6967120
2017-01-05,271.2507629394531,273.1487520388789,270.54188519759475,271.8910558176869,6776384
2017-01-06,272.9544372558594,274.04062964931387,271.70815765597854,272.14264019617485,5525260
2017-01-09,273.3088073730469,275.35543885201014,272.61137440885074,274.14346589065457,4573796
2017-01-10,277.6878967285156,278.2481599962162,273.33171094965337,273.5374934622082,5546116
2017-01-11,282.1812744140625,283.118824119011,277.9508420180656,278.4081860608761,9343404
2017-01-12,282.4100036621094,284.3994394858417,280.2376190185547,282.4100036621094,2916316
2017-01-13,281.8382873535156,283.4847148645178,280.94646082086143,283.32465560325016,3850412
2017-01-16,285.3027038574219,285.7142968207534,281.90692931810395,282.0669885959434,3765864
2017-01-17,283.2103576660156,286.38890501028123,282.69584551038497,285.15407025395353,3559612
2017-01-18,284.1478576660156,287.21206843757363,283.74768161524673,283.7591263823237,4612888
2017-01-19,282.7072448730469,284.6738187692304,282.4099600652463,284.6738187692304,3512412
2017-01-20,282.7187194824219,284.69673854994073,281.266657362592,282.6386898375315,13942068
2017-01-23,284.6166687011719,285.8400585690337,282.5929266693168,282.63864991306053,4793848
2017-01-24,289.853271484375,290.7565149266596,285.66856175550885,285.84006579498583,10261864
2017-01-25,295.1241455078125,296.26750577083214,290.43636842943204,291.00804856094186,15636984
2017-01-27,295.4214172363281,297.2736551974371,294.5295906879223,297.0449831549775,6852236
2017-01-30,293.8321228027344,295.66149909889134,292.82598817110164,295.66149909889134,5319628
2017-01-31,294.22088623046875,295.6043353258229,292.0141954587928,293.2490300592081,6101040
2017-02-01,298.57708740234375,299.56038839246565,292.81456285232997,294.117982384288,10910664
2017-02-02,296.9764099121094,298.5771144224229,295.5815158502219,298.5771144224229,5971636
2017-02-03,299.8005065917969,300.93242208980496,296.4733170512402,297.0449971843895,8005104
2017-02-06,300.4978942871094,301.8470647806845,299.89190785454736,300.08630140175643,4310220
2017-02-07,298.90869140625,301.38977769597113,297.9482519974718,300.9324335720015,3411920
2017-02-08,298.565673828125,301.5498273937809,296.85063341772417,299.00015631490703,4940960
2017-02-09,296.7362976074219,301.82425082866604,295.57007571031005,299.4231942523486,4465376
2017-02-10,298.09686279296875,299.2745293700559,296.816304964533,296.8963345949227,3296736
2017-02-13,299.6060791015625,300.70371599859055,297.0906868004336,299.0001205602705,2795792
2017-02-14,299.8118896484375,300.4750441109476,298.1883238361306,300.4750441109476,2446060
2017-02-15,302.3501892089844,302.76181008620995,298.9772762945043,300.0177453422262,6126940
2017-02-16,303.6535949707031,304.81981674377374,301.904248354064,302.53309643811906,5043700
2017-02-17,314.892822265625,332.4891233719896,311.0968443305384,330.4310751530433,402259960
2017-02-20,322.2217712402344,323.6738331351203,310.79961382143796,311.26837476264825,10566716
2017-02-21,323.69671630859375,325.1259165538296,319.5463132136155,321.52433193583533,6260028
2017-02-22,319.9464416503906,324.4398521352709,318.96314086243,323.57088734990737,5296776
2017-02-23,318.83746337890625,325.0230258331964,317.17959094933855,321.0098479417881,34494980
2017-02-27,318.6773986816406,319.76359103974636,315.2473175507804,318.05999524371447,4681376
2017-02-28,317.87701416015625,319.2833528639104,316.5964562507316,318.517307071903,2928008
2017-03-01,318.2314758300781,319.34052973111375,317.03094752281834,319.32908496255965,3481736
2017-03-02,315.5903015136719,319.2261928169656,314.7099196736023,318.89462949865026,4601988
2017-03-03,314.88140869140625,316.59644904375597,313.0520323155666,316.59644904375597,2492824
2017-03-06,315.7388916015625,317.83124616728645,313.98954506582396,314.83564828822693,3679124
2017-03-07,316.98516845703125,317.28245327257116,314.6984480730848,316.08192507099926,3112876
2017-03-08,318.3572082519531,319.95791255875037,315.8075372945233,317.3739352119327,3782144
2017-03-09,318.81451416015625,319.8435382341528,315.9446971022267,315.9446971022267,3509316
2017-03-10,320.1637268066406,321.97024155728275,318.5744672486719,318.9975049519953,5860704
2017-03-14,322.587646484375,325.66330227399595,321.66154143974694,325.1945134106423,7155020
2017-03-15,323.9367980957031,324.71428859487037,322.5533490371016,322.64479551953696,4271860
2017-03-16,324.1083068847656,325.36600309146945,323.2622315113372,324.27981091295254,4980108
2017-03-17,326.0520324707031,326.42934693087994,323.07929586117496,324.38274327687054,3390464
2017-03-20,328.3959045410156,329.2534246739899,326.07487779828523,326.2349649715472,8142344
2017-03-21,329.50494384765625,330.43107671618947,327.91568443668905,327.91568443668905,5557280
2017-03-22,327.20684814453125,328.60174209321957,326.04062625018753,326.47508082218695,5636544
2017-03-23,327.20684814453125,328.14439798453037,325.3774717097743,328.00720033473743,4922472
2017-03-24,325.7089538574219,328.0185354479491,325.17158024643743,327.68697221740143,3810364
2017-03-27,322.3932189941406,325.6289334309192,321.0669381204581,325.6289334309192,5864084
2017-03-28,324.7600402832031,325.78906452733753,323.13647428082703,324.3255857113794,8061400
2017-03-29,326.6808776855469,328.09866111203877,324.71430368267664,324.8972524841814,8575772
2017-03-30,335.2789306640625,338.4231711838812,325.86909863964047,326.5436699855384,34321092
2017-03-31,329.870849609375,332.48913319968824,328.49881742285635,332.4434099590975,9651392
2017-04-03,327.7327575683594,331.5973206390353,326.0863300409326,330.6597708549709,4149052
2017-04-05,327.5383605957031,330.7740752450334,326.44075165373334,328.20151503313804,5744080
2017-04-06,328.94476318359375,329.97378746883965,325.8691350966537,327.344058739878,6124416
2017-04-07,329.02471923828125,330.43105769641096,326.6808311127531,327.2410942911958,4648360
2017-04-10,327.9500427246094,329.973784886944,327.6070346322113,329.973784886944,3393876
2017-04-11,329.17340087890625,329.56213218045133,327.3440245628026,327.915704661585,4356260
2017-04-12,330.1337890625,331.5629892089472,328.2586896359875,329.0590417179979,3565092
2017-04-13,329.3563537597656,331.32292774114677,328.6131696221339,329.97375710847876,4804236
2017-04-17,328.5559387207031,330.15664271074036,326.600781967247,329.35629071572174,7137056
2017-04-18,330.95703125,332.71779466783937,328.8303702627856,329.287714310439,3638860
2017-04-19,331.3457946777344,333.1180030343613,328.8304021715542,330.8884505857016,4338144
2017-04-20,334.3528137207031,335.2446402191117,332.2490142995769,332.26045906668537,5781372
2017-04-21,342.2305603027344,342.7793787668288,332.32907798472763,335.2332016492135,17258032
2017-04-24,350.5657043457031,351.92629190446246,342.32206561467206,342.57359929182894,20206952
2017-04-25,351.4803771972656,353.4126448078444,349.77675371714037,351.0230331082228,9057780
2017-04-26,354.5903015136719,355.1276752204709,335.79344323070313,352.8295100716079,7795852
2017-04-27,358.6949462890625,359.9183360858963,353.54982553353705,353.54982553353705,16180420
2017-04-28,353.6412658691406,356.7054764067846,351.4917433777149,356.7054764067846,5437728
2017-05-02,352.2921447753906,354.6474779900178,349.94825632857015,353.7556514371945,4007040
2017-05-03,353.1382751464844,355.41355098895684,352.00633169552003,355.41355098895684,2507964
2017-05-04,350.9658508300781,352.8180887325932,348.1760352518841,351.9834302212059,5131028
2017-05-05,350.3713073730469,352.81811508113043,349.02216459571423,352.63516627366045,2757896
2017-05-08,350.9658508300781,352.1549342476252,349.53665060991733,351.69759017717377,3747252
2017-05-09,351.1831359863281,353.4355503217722,350.4742581430915,350.965908682683,3345836
2017-05-10,354.853271484375,355.5850108233366,351.48035900228865,352.15493033307934,2342244
2017-05-11,353.6184387207031,356.7283727981817,352.3836041551269,354.67032449357674,3875744
2017-05-12,354.81903076171875,356.0195591554862,351.2860304544744,353.50416633044966,6147604
2017-05-15,355.2191162109375,356.08805312568074,352.66941764273537,354.44162577159335,2804780
2017-05-16,356.64837646484375,357.1857502117339,354.04150945282777,355.58504582538166,3590376
2017-05-17,356.07672119140625,357.9632657784858,354.7847184065315,356.45403569163636,3472472
2017-05-18,356.0652160644531,357.0713785898186,354.0071677728692,354.21297818484084,3107280
2017-05-19,357.01422119140625,358.9922399132466,353.3554685643046,356.614045122817,2854136
2017-05-22,360.38714599609375,361.30183418390106,357.4372710076014,357.89461510150505,2860052
2017-05-23,358.8092956542969,362.1136234108799,357.8717458645579,361.3018264958476,3080172
2017-05-24,358.27191162109375,360.2613471643252,357.1857194524643,358.79786846837266,3467388
2017-05-25,369.7970275878906,372.5982603242244,358.35197981381316,358.35197981381316,20090804
2017-05-26,371.82073974609375,373.19277199607933,366.12680032584007,367.3959413227038,5443156
2017-05-29,373.16986083984375,376.8514746391244,369.9112846786741,370.40293508580373,5916340
2017-05-30,372.5181884765625,373.5357678631188,369.56831365258955,372.7354157434243,4434184
2017-05-31,374.15313720703125,375.70811806397467,371.1689841802203,371.59202182225124,5318912
2017-06-01,372.415283203125,374.98784368380893,370.5744900076096,374.79347803030413,3359540
2017-06-02,373.707275390625,376.41703343845495,371.86645433245144,373.65010738153967,3213544
2017-06-05,374.00457763671875,374.78204026526464,371.5920763752399,373.5815120185139,2899900
2017-06-06,374.7820129394531,375.89109461779395,372.73540943364947,373.8787695852864,5002632
2017-06-07,375.205078125,376.142627865525,372.8154386621981,375.1136037301537,2554276
2017-06-08,376.1083679199219,379.4584191571069,375.3994901219474,375.9140022531648,4248768
2017-06-09,381.1505432128906,381.8822825287566,375.0449833845005,375.0449833845005,5305272
2017-06-12,381.596435546875,383.2543077013109,379.5955553604869,380.5102434456929,3971412
2017-06-13,383.4144287109375,386.89026074304587,379.82428856383075,379.99579260743275,5051620
2017-06-14,382.1567077636719,384.1575881434178,381.19629634702096,383.02567269421723,3858360
2017-06-15,380.5903625488281,383.1629233932905,378.1321377418974,381.4250212056236,3526692
2017-06-16,381.7108154296875,382.95706692339326,379.1611165163116,380.73895922745527,3755104
2017-06-19,387.1189270019531,387.82780478874133,381.5164616615497,382.1110034209828,3825532
2017-06-20,385.6668701171875,387.3704657815909,384.1347505820063,386.45577755070167,3660264
2017-06-21,388.4451599121094,389.02828474480356,384.0775297925709,384.76354587147426,3410932
2017-06-22,388.2851257324219,392.4012224716348,386.7301446875366,387.5876648415393,6675460
2017-06-23,383.8603515625,389.3713425174459,383.0714162225534,389.1998384758144,5217468
2017-06-27,381.3449401855469,387.59911501312206,378.7380732982203,386.22708274758884,6000432
2017-06-28,381.070556640625,383.025713988103,379.09256558322664,380.73899330757706,4449036
2017-06-29,385.3807067871094,389.7488356473005,382.6115010885334,386.296034004991,9187708
2017-06-30,382.83172607421875,384.67397869331677,380.7345463813973,383.237255871034,4330432
2017-07-03,384.3494873046875,386.41190131101575,381.7193429892478,382.9590996537933,3504332
2017-07-04,383.1329040527344,386.2265109664555,382.82007248393285,384.73185553356507,3766080
2017-07-05,382.06695556640625,384.55806687639193,381.1979632489694,383.074980997131,4014200
2017-07-06,384.2452697753906,385.3691609492795,382.669485583383,382.94758012242056,4571676
2017-07-07,386.3424072265625,386.8985679971285,384.2104906081565,384.8709191474172,5517396
2017-07-10,388.4627380371094,405.0662904394553,384.9172663118334,386.52778744451456,1309252
2017-07-11,389.4012756347656,391.8112867717749,386.3192380815453,388.7408470983646,4410280
2017-07-12,389.5982360839844,390.4672284321271,384.33794705156504,389.3085719679368,5738892
2017-07-13,390.1312255859375,392.39060566917925,389.2274678951386,391.1624185140537,4481004
2017-07-14,389.2969665527344,390.7105500416931,387.4547141253365,390.21232211423313,2443252
2017-07-17,389.8531188964844,391.0813060132753,388.6133621880318,389.8994821256617,2399340
2017-07-18,390.1312255859375,391.1276531629631,388.69447461177975,389.23903748716145,2322188
2017-07-19,392.15887451171875,393.0626039153134,389.7372655517361,390.4672247748411,3987244
2017-07-20,396.46905517578125,397.4191477724291,391.19716852165715,392.5296233902819,3698476
2017-07-21,394.64996337890625,397.47707364881165,393.9431716676752,397.21057702224044,3873508
2017-07-24,402.07696533203125,403.21245433795656,392.78454603611283,396.26051547006074,19678176
2017-07-25,403.1313171386719,407.61531164048984,401.6018963852429,407.61531164048984,11160468
2017-07-26,404.9620361328125,406.68842296658335,401.47446882598615,403.67591612979385,3895344
2017-07-27,414.7178955078125,416.83824240082447,405.8889392994207,406.9201321918505,17961712
2017-07-28,412.13409423828125,413.98794453567024,408.10196418395816,410.6278408716527,9255396
2017-07-31,413.5013427734375,415.03076371589304,409.3649446719625,411.913989005226,7369140
2017-08-01,416.46746826171875,419.23667418422656,410.67418593954085,412.91039857340377,8516860
2017-08-02,415.1813659667969,418.7384355643656,412.9567512693361,418.7384355643656,7397916
2017-08-03,412.4701232910156,415.26249681956745,411.18403152616355,414.33557160345237,4256784
2017-08-04,414.85693359375,416.3631869485102,409.2722152743721,411.78649406289276,3545068
2017-08-07,414.4630126953125,416.29366726801214,413.64035529554656,413.87208658702866,1918660
2017-08-08,411.9950866699219,416.4790816972669,409.26064599671537,415.2856598368205,4035372
2017-08-09,408.8782653808594,411.7981022795457,407.46471016225587,410.3961166529937,3270056
2017-08-10,407.95135498046875,409.2374750079846,406.1902027613796,407.84708721067545,7788444
2017-08-11,405.30963134765625,407.38361511529206,401.1616355248731,404.3711082913451,6359836
2017-08-14,407.1982116699219,411.3114420694111,405.06629511589523,406.2249515664556,3577084
2017-08-16,412.7713623046875,414.75267615875447,405.1937604001196,408.3916352450471,4426832
2017-08-17,409.0984191894531,412.7018237250593,406.3987440419503,411.61269799259543,5454868
2017-08-18,406.0279846191406,408.07880087403777,403.90763766237814,407.8470695845011,3707464
2017-08-21,403.9540100097656,407.6153760384765,402.79535345479553,406.4567194835064,4009724
2017-08-22,404.8345642089844,406.4566832413043,402.4709163626083,405.8310200724139,6609556
2017-08-23,410.7321472167969,412.0066694159703,405.5297906460853,405.5297906460853,3360524
2017-08-24,408.4264221191406,411.31146553059415,407.6501279104876,411.2998959379352,7878276
2017-08-28,408.36846923828125,410.43088339413544,407.46471154217534,408.4032345895759,1507784
2017-08-29,404.6376037597656,407.6153452234237,402.7489880604379,407.6153452234237,4918596
2017-08-30,409.828369140625,410.1643681837377,405.54134043361984,405.9816072383854,2694320
2017-08-31,411.6590576171875,412.4469496966942,407.0128620128757,410.62786464456923,7303436
2017-09-01,409.6082763671875,412.8177494978957,408.10202278427255,412.71348171869977,2295172
2017-09-04,405.73834228515625,409.00574798549826,404.62602072067233,409.00574798549826,3642524
2017-09-05,406.7695007324219,408.982545793416,405.7614753119074,407.1518630057232,3682436
2017-09-06,407.82391357421875,408.4959399902633,402.7489925332423,404.0814474855243,5751632
2017-09-07,409.36492919921875,411.72857708571934,407.8702453787012,407.8702453787012,6946420
2017-09-08,414.25439453125,414.7989573372919,410.3960633767285,410.95222406082746,8311664
2017-09-11,422.5272521972656,423.8365396749777,414.8453540902141,415.4942130329333,11477676
2017-09-12,425.2732238769531,426.3623778401965,421.35698796579646,423.535239317265,6687680
2017-09-13,426.8143310546875,428.4712156694846,422.6779326020227,425.2269771517059,4995376
2017-09-14,426.2465515136719,429.28222583372514,424.41586861779626,426.4203499856693,8154016
2017-09-15,428.4595947265625,429.1200515907161,424.86775941806616,425.4586855741467,3767332
2017-09-18,431.1244812011719,432.05140639134885,429.28222870069993,429.52555787812616,4084928
2017-09-19,428.6333312988281,432.8740249784494,428.13513168381223,432.1556636780106,4241468
2017-09-20,428.4364013671875,431.35621004211396,427.60217435828156,428.23943542289896,3446128
2017-09-21,426.177001953125,428.3552816966147,424.23045349537864,428.23941605374307,7712496
2017-09-22,422.7010803222656,426.1422846460137,421.75098760110654,425.18062233176937,8243524
2017-09-25,417.0583801269531,422.3186689807956,415.4014957819068,422.3186689807956,10149228
2017-09-26,415.33203125,416.3284588937509,413.64038140041606,414.5789045051533,11438732
2017-09-27,411.670654296875,418.4140294668643,410.1644008474353,416.1894146451942,7337220
2017-09-28,416.0272216796875,416.88461619008723,408.61181994645636,411.0913335860004,27646464
2017-09-29,418.43719482421875,422.2144263087253,416.2473453661075,417.13950520876347,6213632
2017-10-03,419.16717529296875,421.98271637272774,416.444332394902,418.97020933656876,4394424
2017-10-04,416.421142578125,419.8739445764254,415.57531768277613,418.9470193842649,6625104
2017-10-05,416.7918395996094,418.2749253247443,415.51731766648686,415.957612719067,3336196
2017-10-06,417.13946533203125,418.1474907276956,415.72591020233455,416.65283530869425,3030660
2017-10-09,416.07354736328125,417.81153210581795,414.9148908682568,416.8382719650022,3062492
2017-10-10,417.74200439453125,420.58071282768253,415.41312179535123,416.88460989707414,3798180
2017-10-11,414.8337707519531,420.65022042158597,414.24284465271796,417.869444966382,5267440
2017-10-12,421.472900390625,422.0869657065413,414.33556502485635,415.98085159983515,5381560
2017-10-13,428.8883056640625,430.22076065244977,422.21443284200495,423.30355864794257,6433464
2017-10-16,430.35980224609375,434.09067062950135,426.8490672892254,431.0202308132243,3274544
2017-10-17,428.9925537109375,429.5602840605336,426.1770128595998,428.7028895963454,2613288
2017-10-18,432.9898986816406,434.49615200860376,426.1538258900386,426.61728845218107,3926720
2017-10-19,428.3321228027344,432.17885656560156,426.53620530226067,431.4373277513782,570008
2017-10-23,431.784912109375,433.26796969462146,425.47023463036106,430.99702008751893,4162892
2017-10-24,432.6654968261719,435.5621380243112,429.3980912121731,431.7154041706845,11328872
2017-10-25,415.9808349609375,431.7153952827994,413.64035457852765,431.0202014095582,21367208
2017-10-26,416.03875732421875,419.4336263106997,407.34883412717386,409.70091233000943,28571464
2017-10-27,415.0423583984375,418.8543269888079,412.2499849035072,418.1359656124706,7472088
2017-10-30,420.59228515625,420.82401644283743,415.3551637368754,416.71078610590996,5422352
2017-10-31,419.0860290527344,419.7812229079504,416.9425146658183,419.7812229079504,4682460
2017-11-01,422.0290222167969,422.90961245087726,419.89710562246006,420.61546697788805,4190612
2017-11-02,422.23760986328125,424.0219579040675,421.0441879718002,422.44617369759567,4737944
2017-11-03,424.23040771484375,426.3855197546938,422.1216588996454,423.07175141116255,3810488
2017-11-06,423.74383544921875,426.38557783898426,422.35344769539597,422.9096084544273,6148244
2017-11-07,422.60833740234375,427.532627258265,421.92474141970246,425.92210612627383,7446376
2017-11-08,423.1297607421875,424.90251086489303,421.5192395038381,422.9559622652068,3283144
2017-11-09,423.570068359375,425.2269528795965,422.0058820204446,423.37310240382715,3113308
2017-11-10,422.21441650390625,425.1805883739327,419.9782038654694,422.14488580089335,7744360
2017-11-13,420.2563171386719,422.48093199668153,415.9576901400468,422.21443533992493,3335872
2017-11-14,417.660888671875,421.51922034296183,417.1163257929254,420.8008589949318,4712468
2017-11-15,417.17425537109375,417.96214741563205,414.33554706486075,416.65285996790806,6148368
2017-11-16,418.9006652832031,420.82404641386626,416.00402399456146,418.0432707767702,4012972
2017-11-17,423.03704833984375,425.9916221516083,420.1635748183512,423.76697923980134,6358772
2017-11-20,425.9568786621094,426.3160451910346,423.8365316897024,423.8365316897024,2392424
2017-11-21,427.8338928222656,428.7028851570434,425.48181457863154,425.7946461616494,2275532
2017-11-22,429.91949462890625,431.0202183046843,427.43998103215836,428.6333745979922,5660796
2017-11-23,427.0460205078125,431.0202179599456,425.9221293604194,430.7884866599672,3232580
2017-11-24,429.0273132324219,430.51039913648316,426.6173021742612,427.08076475131094,5203684
2017-11-27,430.4524841308594,431.48367709247196,427.6832781458629,428.4711702169606,3870472
2017-11-28,432.2599792480469,433.56926676402975,430.05853187538077,430.09329722824117,5090540
2017-11-29,434.1022033691406,434.61200085279137,430.04690610711776,432.17882249557766,3274584
2017-11-30,429.560302734375,434.2528615947623,426.3855952154389,433.0362722605878,5796312
2017-12-01,428.2857360839844,431.0201764755535,427.3356435030187,429.83835261691274,3858148
2017-12-04,425.01837158203125,429.83839393601016,424.0914463822286,429.83839393601016,3641932
2017-12-05,421.8551940917969,423.73224007525835,418.73841971495443,423.14131400083386,3893360
2017-12-06,417.8810119628906,422.063744428468,416.88455618341317,421.7393149918352,6395120
2017-12-07,419.3525390625,420.9630602301107,417.8346877818652,418.6573451851121,4231304
2017-12-08,426.478271484375,429.3980800788934,420.36055977502025,420.36055977502025,8956400
2017-12-11,427.86865234375,429.1084090669733,426.3855664550997,428.23941674403494,3198232
2017-12-12,421.727783203125,428.6797219505115,420.8124276288791,428.4943256022434,2410588
2017-12-13,422.06378173828125,427.54423243485354,420.6154611677025,421.7625480321076,2907460
2017-12-14,425.9337463378906,426.3856110781039,419.89713438778494,422.6779101122073,3683092
2017-12-15,434.1369934082031,437.5086951439413,429.9774278811351,430.0932935313321,12450124
2017-12-18,435.4114685058594,440.05769189165164,419.2714078076658,429.8615157762053,12297988
2017-12-19,436.6976318359375,438.81797887380543,434.7626811517949,435.60850604845945,4952112
2017-12-20,432.9087829589844,441.007779628718,431.8659922313358,440.03451959791624,9343504
2017-12-21,432.9435729980469,436.81347415968287,432.22518338135677,435.6316502584505,6854544
2017-12-22,434.8785400390625,435.6548342191315,431.4257380890787,435.4231029243341,4470904
2017-12-26,432.95513916015625,436.30367318921776,430.25546404183274,435.8865455626704,6785696
2017-12-27,430.26708984375,433.40706026331003,428.9694002255691,433.3606970309569,3489384
2017-12-28,435.2030029296875,435.8634315130739,430.5567787971988,430.765342636035,8700520
2017-12-29,433.8936462402344,435.46940194235106,432.90878831859555,434.91326951072705,6345872
2018-01-01,429.7456970214844,435.82864366306643,428.81877181895754,433.9631953779764,6580516
2018-01-02,433.882080078125,434.4961736610682,430.6842052124863,430.6842052124863,4776316
2018-01-03,429.3169860839844,435.24930153350067,428.98095873627534,434.4961748304612,4531288
2018-01-04,430.9970397949219,432.29472938510474,429.3980882072361,429.3980882072361,2373776
2018-01-05,431.8544616699219,432.8856829671814,429.98904160551973,431.7154285420648,2870868
2018-01-08,431.1592712402344,433.49975182193793,430.49884266192146,432.1788946653121,4570308
2018-01-09,431.8775939941406,433.3027470855921,429.8615430855095,431.4836621160208,5305528
2018-01-10,431.99346923828125,432.8508920031105,430.39454593125714,432.2252005335035,4615888
2018-01-11,433.928466796875,434.72792848468015,430.1512352077226,431.9934877687586,4059096
2018-01-12,432.2483825683594,435.22612395991405,431.0201954276741,434.0327021699105,4336708
2018-01-15,439.76806640625,441.3090851801278,430.9854446418859,433.32592507090874,12576444
2018-01-16,440.32421875,442.60676631143366,436.871416852686,441.08891503865965,6445384
2018-01-17,438.0880126953125,440.8803861118662,437.27695316374223,439.59426611108586,2905496
2018-01-18,448.23785400390625,452.8029491878787,444.4722204704861,445.8510103569492,16649540
2018-01-19,452.3858642578125,454.17021236540484,444.7503287025567,448.4348622883496,11455988
2018-01-22,454.9696350097656,460.68181712202545,452.605987102112,454.19334082453213,8849768
2018-01-23,452.1772766113281,455.7459158403689,450.3234262949387,455.3519839631405,5047796
2018-01-24,453.6488037109375,456.27894841632224,452.01508666391845,452.46697968996216,4790568
2018-01-25,457.6576843261719,458.82793861592864,451.99186579311555,452.7797578098571,8723668
2018-01-29,463.3815002441406,465.07312176361063,458.3645119357739,458.3645119357739,8235892
2018-01-30,462.4197692871094,463.9028551367624,459.78962491634337,462.95276254616755,6397560
2018-01-31,464.7834167480469,466.5909320461448,460.4500531292226,461.00621385844585,6943348
2018-02-01,461.4117736816406,466.9385594097073,460.05615126343736,464.8529777547756,6521420
2018-02-02,451.4125061035156,461.1220518050302,449.9062528747308,460.21829421025774,7346124
2018-02-05,443.4989013671875,448.4579563808711,441.6450511405775,444.4605918297433,7926784
2018-02-06,439.5479736328125,443.07027833806757,425.5282289469061,431.02024984770173,10749804
2018-02-07,433.9864196777344,441.91161936550816,431.5764083351758,441.91161936550816,8364972
2018-02-08,435.87493896484375,439.9650017064996,432.5264332902712,436.5817306824918,5171444
2018-02-09,428.5870056152344,432.1093097829833,427.335651036228,428.21624122192026,6408952
2018-02-12,434.8785400390625,437.04522198791597,429.89631720091813,431.0202083231833,4381108
2018-02-14,436.38482666015625,439.8028635184995,434.4151105045008,437.92584554531885,3577188
2018-02-15,436.09515380859375,439.0728954563366,434.4962021272628,437.9026410369353,4915224
2018-02-16,435.3303527832031,439.0959858741546,434.64675686015676,436.5585398140244,3583520
2018-02-19,435.2377014160156,437.41598121880145,430.80006980323947,436.25732475854426,3654552
2018-02-20,431.7617492675781,437.01046889953074,430.742154171867,436.75557012560296,4084068
2018-02-21,430.4177551269531,433.0015649766517,429.2127353024788,432.8625035560288,2753072
2018-02-22,429.4444274902344,431.02021162192136,426.74478051519253,428.70289865621214,13253596
2018-02-23,435.7822570800781,436.77868458221576,428.795553536417,430.30180681204007,4076748
2018-02-26,442.9659423828125,443.71906904754553,436.47746650203584,437.53182686015606,4788884
2018-02-27,440.88037109375,445.3296004860869,440.28944499730204,443.7074814782021,4787328
2018-02-28,436.6281433105469,439.23512066939276,435.1914204366777,437.8679285067654,4066364
2018-03-01,434.3454895019531,438.7368139321214,432.87400163142496,435.4925762325282,3909840
2018-03-05,433.3259582519531,435.1914066401499,430.61471319971173,434.29924674090904,3781464
2018-03-06,427.8338928222656,435.6316563638405,426.2697066196656,433.33751094252494,4576828
2018-03-07,424.6707763671875,429.49079874085965,423.7206836910104,426.3855936513312,5628164
2018-03-08,429.36328125,430.672568593028,424.5316898910021,426.3392051258472,5518724
2018-03-09,428.94622802734375,432.23680112513995,427.31251107077236,429.8499574543712,4108108
2018-03-12,432.70025634765625,433.21005387665485,429.4907836008661,431.06653941891443,6557116
2018-03-13,431.0781555175781,436.75557242938066,429.8615661793347,432.7466095807355,5124200
2018-03-14,432.06298828125,432.8508803212441,428.23942201327435,430.0932723250201,3680392
2018-03-15,435.8402404785156,437.3928288739507,432.2252095674814,432.2252095674814,5870924
2018-03-16,429.3981018066406,435.9097457232162,427.90344622652805,435.6548469489932,7896336
2018-03-19,428.06561279296875,431.0201866530907,427.1155201895688,429.39806767106296,7838740
2018-03-20,426.26971435546875,430.0701132260342,425.28485635818106,427.56740394145146,3657372
2018-03-21,430.76531982421875,431.76174744309174,427.1503171967135,428.2394429932173,5921140
2018-03-22,432.8161315917969,435.65483999067226,429.88472501627217,430.76531526317297,6673224
2018-03-23,426.7447204589844,429.42119958520794,425.7482647089569,427.92654424767454,7190152
2018-03-26,438.7716064453125,440.28945773302826,424.8793267123723,426.36241264855425,10501768
2018-03-27,438.5746154785156,440.05770133007366,434.72788188268464,438.852709987407,6136836
2018-03-28,437.0683898925781,440.2199298474405,434.73950735006554,436.3384306557413,8837508
2018-04-02,447.5194396972656,448.57382834351745,438.0879878514373,438.0879878514373,4596368
2018-04-03,443.97393798828125,446.24488742156046,442.83844912788766,445.8393577062419,4079884
2018-04-04,436.407958984375,446.0711426194028,435.29563745929477,443.29036709421365,3714108
2018-04-05,442.3518981933594,443.53372220316925,438.01850577403894,440.590745915259,4858892
2018-04-06,445.7120361328125,446.41879970150626,441.63357047058724,443.11662832047625,3720008
2018-04-09,449.3385925292969,450.0221885553002,444.08987288066277,444.6460336630534,4003536
2018-04-10,445.12103271484375,450.25388633025375,443.41781342920257,450.25388633025375,6067236
2018-04-11,444.6575927734375,444.9240894219999,441.54081814952247,443.973996763549,2870812
2018-04-12,446.96331787109375,447.91341049069655,441.65666573903,443.99714608122537,4712516
2018-04-13,446.082763671875,449.55873325892856,444.71554331013135,446.77795758928573,3297172
2018-04-16,450.0453796386719,451.87606267830733,444.8893578978553,444.9241232524872,2847744
2018-04-17,451.5284423828125,452.1077706383717,448.1915059732892,450.36978587169415,2667832
2018-04-18,447.8438415527344,452.68703069708994,447.2529437935896,452.107702528806,2712720
2018-04-19,449.3269958496094,450.67104872001806,447.93660803367453,449.5587271522652,3169032
2018-04-20,453.24322509765625,454.42504899133,447.73960708972965,449.79042330044444,9361380
2018-04-23,448.5738830566406,458.59626220797713,431.0897670428982,458.59626220797713,15304620
2018-04-24,448.4000244140625,451.4241289169752,446.3144429051599,448.4000244140625,5037416
2018-04-25,445.0978698730469,449.09523457710003,443.0702211101214,446.75475423396813,4020592
2018-04-26,447.29931640625,449.3733001083865,442.896421956454,444.1825419133723,7847480
2018-04-27,445.7120361328125,448.51597950762266,443.1861590329777,447.93665119516123,5777008
2018-04-30,450.5552062988281,452.98838510216615,446.963370922472,447.24143718499073,4609552
2018-05-02,456.3948059082031,458.3645220037704,450.94912023222304,451.87604545366645,7100048
2018-05-03,456.0240173339844,457.646136385631,450.9490963577591,456.05878268545047,4152772
2018-05-04,460.7976379394531,461.1452348501442,455.65321497622904,456.51060937426337,6881436
2018-05-07,458.2254943847656,460.51963999291047,457.66933358771337,459.2103524443848,5264128
2018-05-08,455.82708740234375,458.80482909631775,452.94201560291845,458.6541980864057,7100564
2018-05-09,458.4571838378906,458.9438138830668,453.30116270237016,453.30116270237016,4327332
2018-05-10,461.77093505859375,463.23085351574395,459.29142154487465,460.8208424172393,7171672
2018-05-11,466.1854553222656,467.4020446800098,460.2183741866631,461.77096262344577,6057068
2018-05-14,468.5027770996094,469.812064661706,466.336095003492,467.4483883216124,4742916
2018-05-15,472.2220458984375,478.5251258292221,469.6498058850362,469.7309344685759,9826684
2018-05-16,468.87353515625,474.8174488483847,467.43681236541823,470.5420175419879,6841604
2018-05-17,469.8931579589844,473.76305947244174,466.35925552580744,468.98940020381684,6615476
2018-05-18,466.27813720703125,469.18634802616316,464.2736558206302,469.18634802616316,5217460
2018-05-21,461.8520812988281,468.3289598541465,460.2299621899815,467.1934708204514,4848108
2018-05-22,461.1220703125,466.6951905101803,460.1024470438207,463.16128856234934,3960372
2018-05-23,455.93133544921875,462.07221493557415,454.9812427710964,460.63549218207334,5726292
2018-05-24,460.2183837890625,461.20324186111867,453.34754475827395,455.83865635229836,4520744
2018-05-25,465.4786682128906,467.1703180804691,461.12213658425134,461.14530405760587,4759588
2018-05-28,473.2416076660156,475.5125855200529,464.8529466633655,465.2700742814572,5103940
2018-05-29,471.01702880859375,475.6748222226099,470.13646685215707,472.2683834703847,3351244
2018-05-30,474.6668395996094,475.7443675341554,467.2398399848139,468.0277037891029,4866996
2018-05-31,498.9440612792969,503.7365663884612,485.0796565222219,489.7438839887817,39639192
2018-06-01,492.21600341796875,498.60597300086596,489.9771512043121,493.47532220291504,21151356
2018-06-04,477.1971435546875,503.0369774263578,475.27314955201365,501.40449766651335,88796324
2018-06-05,481.2550354003906,482.0362593759464,471.7866304235691,478.08333779946446,17105460
2018-06-06,479.79742431640625,481.53483759751026,476.91724118555493,480.4620425445015,9782000
2018-06-07,480.9284973144531,485.03304038439063,478.82959489067485,483.49382249907103,10563896
2018-06-08,477.9317932128906,480.7069860277791,474.585186933429,480.18226039112056,6180888
2018-06-11,476.28759765625,481.10338972597276,475.4713578521363,478.5263926714254,7091188
2018-06-12,476.64910888671875,478.71302406009,475.37811815815235,478.52644355489304,5234256
2018-06-13,473.75726318359375,479.2027718727511,472.0431651739178,478.5497685984998,7897960
2018-06-14,475.1449279785156,476.9173289842814,472.2531008279559,473.4191578670373,16927576
2018-06-15,473.3258972167969,475.4947748324272,471.62347091416495,472.486341789782,10880816
2018-06-18,470.8887634277344,475.4713727364943,468.54497767242015,473.44241665041386,7487404
2018-06-19,471.90325927734375,475.9144838967749,470.92378280251626,472.24140441388977,10981152
2018-06-20,479.517578125,479.9490419722655,472.2530660805819,472.486277471239,9051712
2018-06-21,479.85577392578125,482.93415285498986,477.39538239919585,480.4154584815014,13510704
2018-06-22,485.86102294921875,487.13201377038195,478.0484405670692,479.70420744742785,7848980
2018-06-25,488.5661926269531,489.23086786644996,483.4588859340162,485.79099984611065,6992336
2018-06-26,488.27471923828125,490.44359674525805,485.0447753616298,486.49067472082106,9161932
2018-06-27,492.68243408203125,494.29156999252297,487.41183358545555,488.1114677963438,19126804
2018-06-28,496.9385070800781,499.072368497938,492.35586916078444,493.24208381922375,37533540
2018-06-29,491.7145080566406,499.07233826269413,490.933284118846,494.804558749155,19458120
2018-07-02,483.5055236816406,491.70288142435055,481.1734097364741,491.6912664037252,9864876
2018-07-03,482.7942199707031,486.2457600141942,481.72148171235347,483.50552611483363,6863100
2018-07-04,490.57183837890625,491.62128965007275,482.5143733430082,484.2051559465542,6097992
2018-07-05,495.28265380859375,496.50701351783215,488.0064703523937,490.90994056131365,9735968
2018-07-06,493.2770080566406,498.0345541816596,492.39085039690565,492.84560118258435,8121344
2018-07-09,495.72576904296875,496.7402613653774,491.5513079309269,494.83961130888133,6182296
2018-07-10,500.5649108886719,501.31123289496657,495.5742098557336,496.71692290626265,10950736
2018-07-11,500.996337890625,502.73375125246525,497.8596562744644,500.250072875595,5857920
2018-07-12,505.12420654296875,508.36587907559215,501.87091898976644,502.0807864694406,8020668
2018-07-13,508.61065673828125,510.91948347526807,504.45953987950503,505.6955145979216,7161188
2018-07-16,505.8005676269531,510.74463791931026,504.6111667124908,508.2609023476687,9017336
2018-07-17,507.6429138183594,508.6340622661499,504.4945599253777,504.4945599253777,6361924
2018-07-18,507.5146484375,517.7293193690846,506.9199479671653,510.0333430000847,17460272
2018-07-19,509.82342529296875,511.54916674633074,506.30191064795264,509.1004472337543,5304776
2018-07-20,510.51141357421875,513.7297421996473,506.32528043795367,509.82345134899003,10006964
2018-07-23,502.90869140625,507.9344082562996,498.61762459773473,501.4044893255483,16880132
2018-07-24,503.6783142089844,505.8355196292567,500.7048688999604,500.7048688999604,5208792
2018-07-25,506.15032958984375,507.6545315685975,503.7365690884135,504.82097920565275,7038616
2018-07-26,511.3392639160156,513.8695730755412,504.9026074392404,504.9026074392404,21281092
2018-07-27,513.5664672851562,515.851950417129,509.4969396984555,513.5198363919277,10554596
2018-07-30,506.0453796386719,512.8318539594798,503.5966600085789,512.8318539594798,7169120
2018-07-31,508.2842102050781,509.7767402845379,501.41614635007716,503.7365882280196,8860944
2018-08-01,503.4334716796875,507.23482914283875,501.8009917698025,504.38966125860105,6071560
2018-08-02,496.7868957519531,502.2673634628591,494.7230090949902,502.2207325717434,8905704
2018-08-03,494.7928771972656,500.71648011891284,493.0088330028107,497.5681266442023,13604008
2018-08-06,493.078857421875,498.4660064144743,491.1665353950254,494.641362360775,5744632
2018-08-07,496.9501037597656,497.7896874970641,491.6095859657115,495.57417940091887,7428456
2018-08-08,498.2211608886719,501.82426536905155,497.45155193743227,498.104555197162,9945380
2018-08-09,494.0583190917969,499.5387866389563,488.4962047853432,499.5387866389563,8944408
2018-08-10,493.1138610839844,495.29441057120704,489.27754472543893,495.22443575999506,5442940
2018-08-13,487.7966003417969,490.6651119391127,485.07971031578086,486.012555912542,10054252
2018-08-14,487.20196533203125,490.91000386936753,486.7588295040042,489.277524046524,4935964
2018-08-16,484.076904296875,486.6422297641996,481.90802683267947,485.7793589488297,10625160
2018-08-17,484.4617004394531,488.12310784984794,483.13234997655024,485.7559780958995,6065328
2018-08-20,488.85772705078125,491.51637118216854,483.9136567402765,483.9136567402765,7811136
2018-08-21,488.82269287109375,492.5424027546232,488.02974006847455,489.2774436454543,7776320
2018-08-23,485.0563049316406,491.3763558233276,484.34505580334604,490.9099330840553,12574552
2018-08-24,482.7126159667969,488.25138645176725,481.8264013019268,482.9807862894142,9714628
2018-08-27,485.18463134765625,487.06199444923163,482.8058865255072,484.38006342880254,12574788
2018-08-28,488.5429382324219,489.33583424086527,484.7998837665969,486.94541732154255,9973532
2018-08-29,484.7298889160156,488.35633752852254,483.3889233825698,487.9132017121669,9873692
2018-08-30,481.83807373046875,486.9220364630783,480.8469253269245,485.9192730391801,21827460
2018-08-31,480.6953125,484.78818383983753,480.0073502770153,482.5610036464672,15771500
2018-09-03,483.9253234863281,484.83482516525396,481.2317204483726,482.607644923953,7661608
2018-09-04,478.5031433105469,484.6015984089834,477.85014002865006,484.35671506122526,7130536
2018-09-05,477.11553955078125,480.4621174650607,474.713479198834,478.9695872716207,5641508
2018-09-06,478.596435546875,480.1822844934296,474.0254976872971,477.8501704356665,10402412
2018-09-07,479.70416259765625,480.4154687323262,475.92614942499745,478.31656619902964,5919300
2018-09-10,476.0194396972656,479.24941179112545,472.2763854587752,479.24941179112545,8598592
2018-09-11,466.51605224609375,477.61690828805786,465.0584811148436,477.2204603276323,18186536
2018-09-12,469.18634033203125,471.40184858922925,463.98574329341596,466.86589833413586,12246008
2018-09-14,473.3258972167969,475.14495769882177,470.8421898745598,471.05208584836134,10334672
2018-09-17,464.6037292480469,471.77497963683123,463.6242527773417,471.3902036100321,9338220
2018-09-18,463.90411376953125,468.71993495909106,461.98011968520404,465.2334358541616,9325736
2018-09-19,457.40911865234375,465.9563211274222,456.27804919209285,465.22169961218793,16712264
2018-09-21,459.4847106933594,466.3877616861953,445.48035626477764,460.33593790407843,22610148
2018-09-24,449.09515380859375,459.93948323768853,446.59980337024876,458.7850982663822,13390792
2018-09-25,455.3219299316406,457.56075361348195,446.5998181293669,449.09516865017764,16682552
2018-09-26,459.0066223144531,461.292105203748,455.9982183159338,457.7822625812278,14726724
2018-09-27,460.8606872558594,463.15781371989624,455.96324813797526,459.2865103965395,18352208
2018-09-28,467.8337097167969,470.02587395867164,461.09389500457917,461.91013485112,14460716
2018-10-01,474.6901550292969,476.21770115829014,465.9097681816109,468.7083051130015,12449588
2018-10-03,473.68731689453125,478.59639953583496,468.0552561751687,473.52405184185886,15332148
2018-10-04,456.5696105957031,470.57396631513103,453.12974250412526,468.2884832466719,17970584
2018-10-05,458.3303527832031,464.09066268656045,452.4650806742054,455.68338075162205,15729180
2018-10-08,453.5961608886719,459.1932343392262,450.09798998207543,458.2603887641338,20128020
2018-10-09,452.5699768066406,458.2603399016002,450.09794198986685,453.4561913957598,12459364
2018-10-10,458.76177978515625,462.2832659903482,451.38063378701924,453.59614193528927,15939932
2018-10-11,451.8587341308594,454.36575654034226,447.2061498807209,448.93191983763023,14359904
2018-10-12,462.1899719238281,465.746445500873,452.89650404072853,453.5961381870324,9600320
2018-10-15,468.3001403808594,468.9414716996674,459.4964104590408,464.09066342831767,12585968
2018-10-16,464.7319641113281,470.6671821741272,463.5076044015881,467.1223806874873,9406004
2018-10-17,460.4991760253906,469.45449853155213,457.91053545290737,467.84533434816456,7940796
2018-10-19,458.9017028808594,461.9567663310357,456.62789187687594,456.83778781703484,9867348
2018-10-22,466.1662292480469,471.08698363095084,463.7641406670108,469.6877153627401,20331160
2018-10-23,462.8896179199219,466.1662493096001,460.1260686649129,460.1260686649129,19428564
2018-10-24,464.6153869628906,468.4750468150849,460.0327775027476,467.3556207672896,18072336
2018-10-25,459.1466064453125,467.2623459206877,457.66569131063494,460.26600406181876,29847056
2018-10-26,457.3741760253906,461.10555834162693,454.5290083965356,459.14660540015313,15155712
2018-10-29,449.2350769042969,458.2486736501937,441.98218046646724,458.05044967779247,17044280
2018-10-30,446.0751037597656,450.56442319376146,442.9384218282231,448.93194339958114,13828704
2018-10-31,445.84185791015625,447.2761135978552,439.6034534644407,443.57971890029273,23449404
2018-11-01,445.9468078613281,450.0979819839995,442.16879473661294,450.0979819839995,19629052
2018-11-02,454.6339416503906,457.09433324980114,445.90018631307134,449.1651458362842,30092868
2018-11-05,456.1614685058594,457.01269575371265,451.96366358095884,454.73888475272486,5705296
2018-11-06,453.9576416015625,460.82570563480635,453.1180578248441,455.9282664554891,8485588
2018-11-07,456.6162109375,458.2486906005524,454.7621918503078,457.3275170351044,958760
2018-11-09,453.6894226074219,457.0709876044661,451.5672047511899,456.6745111790735,10101620
2018-11-12,448.0107727050781,457.5607681765331,447.1012425487042,455.1120484691663,7907764
2018-11-13,449.5732421875,451.8936840538972,445.01394827667957,447.5326425925626,13350420
2018-11-14,456.5696105957031,457.09433623679126,451.6371838758369,452.0919631790261,26110636
2018-11-15,460.6275329589844,461.1289431958827,450.37787416816866,457.53748170400837,10392524
2018-11-16,467.42559814453125,469.4545258406212,461.7585500071684,461.99176139606095,15813216
2018-11-19,469.6644287109375,471.3202239028568,466.8658920029542,468.98810997953734,12286428
2018-11-20,469.3262634277344,470.9937306060932,466.2012534896603,469.45454108306507,5705168
2018-11-21,470.7955322265625,472.00822016687954,467.3556639415635,469.3962637716477,6545604
2018-11-22,467.7054443359375,474.58518036581046,466.45776908856413,469.51283261497196,12974552
2018-11-26,478.0367126464844,478.5497663108099,469.2329827837977,469.66441815627877,18184436
2018-11-27,481.34832763671875,482.2578293184584,475.9261626088342,475.9961374158242,12895440
2018-11-28,487.23687744140625,489.41742662690507,480.43878846417005,481.5815014557874,13021108
2018-11-29,496.98516845703125,498.4660266944414,488.3446746458641,489.97715445604604,31908636
2018-11-30,496.3787536621094,498.50100000871754,492.07601505987924,496.74024269077853,13040924
2018-12-03,492.8456726074219,499.53882853052255,491.3530854565216,496.9735030805526,10799856
2018-12-04,486.3740234375,492.3092418968739,484.7532156721537,491.00323534467265,8157420
2018-12-05,489.557373046875,490.97998540081295,484.135207846754,484.61330261726613,11798844
2018-12-06,489.0559997558594,490.1287380822868,486.2457908721759,487.3418731142042,11730252
2018-12-07,491.5163269042969,493.9417024799803,485.14964484766296,491.3064025006267,9903920
2018-12-10,487.1202697753906,490.86332381013125,481.7913669700254,481.7913669700254,10915056
2018-12-11,480.310546875,483.05078080570365,473.8855614629684,479.4826350235546,18905780
2018-12-12,486.3157653808594,487.36521672741435,480.43884922742734,482.0363132264667,11370488
2018-12-13,490.0471496582031,495.57424871542395,487.71503554660114,488.57790638061795,7064236
2018-12-14,488.7411193847656,493.9417449898282,486.95707495007554,490.88665287657733,6158284
2018-12-17,496.7868957519531,497.34663725446643,489.51071171028065,490.67676867004786,8437324
2018-12-18,498.01129150390625,498.83920339237085,490.35033088712714,495.34103226058704,7413968
2018-12-19,495.2127380371094,503.5966765152919,492.9039679418958,497.4632622184536,9009896
2018-12-20,498.4776916503906,499.17732584492757,490.36192360648676,492.6707506102846,7980476
2018-12-21,492.3442077636719,501.1946256448779,491.85449800198114,497.6731108488575,10220308
2018-12-24,485.23126220703125,490.6767710096591,484.4617101590155,490.6767710096591,5601488
2018-12-26,494.9562072753906,496.04061744447864,482.51435707222674,484.3800481580546,7601916
2018-12-27,490.9216613769531,498.652596393029,489.3824433861694,497.4399085190295,11639868
2018-12-28,495.0844421386719,498.54765409027283,493.35870060950634,493.79016445998525,9415612
2018-12-31,494.8045654296875,498.3727108723416,493.63850854884436,498.3727108723416,5866528
2019-01-01,500.96148681640625,501.6377771770521,491.05000121434915,496.19226760701565,6373440
2019-01-02,496.3904724121094,500.82148907916604,494.338200673776,499.7254068698539,8134232
2019-01-03,492.4958190917969,496.3321350256412,490.4435474962638,495.3876175197931,12771664
2019-01-04,493.8134460449219,496.3904432900096,492.15767933883063,493.3003923745327,7287120
2019-01-07,494.5597229003906,497.98797596200944,493.941735477106,496.20387462530203,5387012
2019-01-08,490.4435729980469,495.22440668633027,488.96265783712545,494.8745895871876,8343460
2019-01-09,493.66192626953125,494.7230495770237,490.3503356200876,493.9417685754992,8568628
2019-01-10,491.72625732421875,495.2944032796998,488.02983370613424,493.70855430655496,7691540
2019-01-11,492.5191345214844,495.34101524540876,491.60963283301396,492.9622703447825,6408040
2019-01-14,490.1287536621094,492.0527478598123,489.38248851209477,492.0527478598123,4855160
2019-01-15,494.8511962890625,495.92399139392467,490.2103126781235,490.9216187626709,5087556
2019-01-16,494.4548034667969,495.5742295844278,491.6679385982917,494.4198445310243,5252452
2019-01-17,497.27667236328125,498.1161992292254,492.8573277849347,495.63252062995673,8240228
2019-01-18,496.7986145019531,498.83921437374846,493.13720669069346,497.9063687180706,5207976
2019-01-21,500.9729919433594,505.25244344498617,495.9239884540794,499.06067005749765,17561512
2019-01-22,498.1045227050781,500.65817579529073,496.5186740167169,500.47159531377133,8796976
2019-01-23,491.00323486328125,498.1045671963988,490.0820612654371,497.67310335286936,7624288
2019-01-24,490.2686462402344,494.79292444656716,489.2541539158474,492.07603451867976,10111572
2019-01-25,488.81109619140625,492.0760558033718,487.4118277862782,488.1114619888422,11262236
2019-01-28,486.0475158691406,490.2220340852441,484.3217742860572,487.41182533182115,15360436
2019-01-29,479.85577392578125,485.7793203965861,478.7829787682147,484.6715663054273,14762788
2019-01-30,474.51519775390625,479.7741259181671,472.95269284824053,479.7741259181671,18514160
2019-01-31,485.0680236816406,487.3535067118279,471.5534348947558,473.652337423961,16579404
2019-02-01,487.5167236328125,493.708497231469,484.2867801438776,485.06800411418686,15654188
2019-02-04,490.8866271972656,492.77566221219325,485.69767382091857,488.5778572335754,7938288
2019-02-05,493.0205993652344,494.1749844730701,489.0443333836847,491.60965892837737,8690288
2019-02-06,495.02618408203125,496.0406765052895,492.91566633899964,493.5336538102111,10875684
2019-02-07,493.7668151855469,496.74026040628877,491.1082281156687,495.58587541374624,7217308
2019-02-08,495.02618408203125,500.22680999026073,491.2948014661005,492.54250530285447,12235644
2019-02-11,498.9907531738281,499.7486902298103,492.845666897153,492.845666897153,7036364
2019-02-12,496.67022705078125,500.9380063694144,495.52751414971846,498.6058927457206,9772388
2019-02-14,492.1227111816406,499.07242266016567,491.0499728461618,499.07242266016567,7441388
2019-02-15,489.89544677734375,491.63291705124493,484.65986285295713,491.4580085219021,8416524
2019-02-18,487.3884582519531,493.94172104604667,486.4789566109789,491.3297648810478,7138744
2019-02-19,486.0242004394531,491.6445606809099,484.65989105663846,487.34182199596336,5268636
2019-02-20,491.6912841796875,492.3092716229483,485.52279702261427,487.06201505662125,4892500
2019-02-21,493.45196533203125,494.39648286412967,488.25139679975877,490.1403749275801,5261544
2019-02-22,487.75,496.2972324775152,487.2019873394035,494.26824762837066,8890708
2019-02-25,495.6674499511719,496.7285731295926,488.61280562542,488.61280562542,8140596
2019-02-26,492.2276306152344,495.5742370612345,490.00050724013244,492.36758023319123,9607428
2019-02-27,487.93646240234375,495.4458567215374,486.980273062688,493.49857604953746,7030092
2019-02-28,484.5083312988281,491.10822497702105,483.4938389848617,488.13477977528237,11645376
2019-03-01,485.86102294921875,489.9538377227032,484.38010769327406,486.5373132764049,9352928
2019-03-05,491.39971923828125,492.33256475385,482.7475543068323,487.15522659334596,11837276
2019-03-06,490.7351379394531,492.1460784390185,487.540152824522,492.07610362468625,8458044
2019-03-07,495.92401123046875,496.7402510796607,488.5778525877414,491.9827615903485,10204852
2019-03-08,496.32049560546875,496.74028751740684,491.9477818069,493.2537884359569,7053460
2019-03-11,496.3787536621094,499.9352272306701,494.9211825274533,497.2066654538685,9224108
2019-03-12,506.3018798828125,507.2347253547292,498.37269337152014,500.704807051312,15097292
2019-03-13,519.2568359375,520.9942494195966,506.55848703789184,507.2347772997415,57166348
2019-03-14,518.8370361328125,524.1425952167641,515.5371177628383,523.524607812304,15379864
2019-03-15,525.4252319335938,527.0343676589749,519.6066194696726,520.2945816439625,12763088
2019-03-18,527.3958740234375,534.4388464471707,524.0259809051141,527.5008077591746,14358720
2019-03-19,528.8651733398438,530.7658235507269,524.958882234809,529.2732933060414,11957992
2019-03-20,536.1529541015625,536.3861654778572,527.3025937584521,529.1566128127208,11711992
2019-03-22,530.8240966796875,538.0186910269213,529.5764498718581,536.386211253541,30403880
2019-03-25,532.0250854492188,533.552631240168,525.4251925926283,527.0576721080071,9199260
2019-03-26,539.0331420898438,539.884340846219,529.9962011793509,530.7657531787601,11786848
2019-03-27,536.2578735351562,542.9277414938923,531.5003843601434,540.7122334781654,13885300
2019-03-28,537.0392456054688,542.2165275131572,533.5527464179826,536.1063999667365,19554328
2019-04-01,539.13818359375,543.849042990525,537.4590727213646,542.2748658720919,9647076
2019-04-02,535.1851806640625,541.0504243430593,532.9929594380892,541.0504243430593,10910496
2019-04-03,534.6953735351562,540.1175379380315,533.6459223604062,534.543808917796,7659452
2019-04-04,532.6431884765625,539.4179913242664,531.7220147943482,534.6954602718166,9211552
2019-04-05,537.692138671875,539.5927884964619,532.1883277575046,533.5409650435482,8351180
2019-04-08,533.9141845703125,541.7384388406234,531.7453639849239,540.8172651492708,6398132
2019-04-09,533.4126586914062,537.0857374429155,528.6901288680372,535.5932075819275,10777600
2019-04-10,521.7754516601562,532.6547386750989,520.2945367706417,524.7255525477113,108128700
2019-04-11,526.4747314453125,527.757394135434,521.682225824947,523.5362450533927,8793300
2019-04-12,528.2821044921875,529.902912275521,525.2153974691115,525.2153974691115,9170444
2019-04-15,533.7742309570312,534.7303634765406,528.0722239641589,529.3898455187641,10219780
2019-04-16,537.5639038085938,538.6949448417743,531.7919221433684,534.2756005702196,8273776
2019-04-18,534.9053344726562,539.8960928710027,533.5877127642023,539.4179980872377,10614856
2019-04-22,529.0867309570312,542.216545136208,527.2910144313832,542.216545136208,20980420
2019-04-23,523.6295166015625,534.0540537748719,522.766645893218,531.1505835160776,15282400
2019-04-24,531.6636962890625,532.6315008375071,524.0376947939376,524.7256570459,12354128
2019-04-25,527.8623657226562,536.1064120147751,526.5797029405738,533.3311620153501,18086636
2019-04-26,531.9435424804688,532.8880600573427,526.3347968068127,528.4336994503647,11707568
2019-04-30,540.4556884765625,541.0503888688434,531.3487729145779,532.8879907609082,12536836
2019-05-02,549.3992919921875,550.2971214989022,540.4672861880848,541.8665542429408,17169300
2019-05-03,552.23291015625,554.5766960579838,549.5626510768036,551.3583674269744,12351520
2019-05-06,543.0210571289062,548.489852912369,540.3624700208802,547.5803512534062,13748092
2019-05-07,541.5985107421875,549.9124742729081,540.584018390416,548.4898619762776,9924204
2019-05-08,538.0769653320312,541.9366251216226,533.587646193385,541.6451108918403,12064208
2019-05-09,534.263916015625,536.3861623018895,529.762982028884,536.3861623018895,9027724
2019-05-10,535.5698852539062,542.1930650664316,534.3688695311495,534.3688695311495,10594200
2019-05-13,533.401123046875,539.4996355514154,531.7220122900769,535.4650667901842,11071632
2019-05-14,533.5643920898438,538.9515987375414,530.6842651766372,535.616664000223,10494744
2019-05-15,533.2845458984375,538.0653800368716,532.2350945021959,535.4534235046133,8956348
2019-05-16,538.869873046875,540.8172109189552,531.7219667508485,531.8502444020327,8050136
2019-05-17,550.86865234375,552.5477629804783,539.0914770365044,539.4179502110662,14758780
2019-05-20,567.2516479492188,568.7325058546844,555.0430110451709,561.5729288221729,17699632
2019-05-21,560.5702514648438,571.2280014505936,559.5791029782932,568.5694141671038,10325176
2019-05-22,561.04833984375,565.7708708140652,558.3664086754228,562.4709521945445,11386660
2019-05-23,543.872314453125,569.0124571647983,540.8405663326236,561.8062478683104,33081996
2019-05-24,553.4922485351562,556.477308634082,545.7495852114987,550.308879053371,13692800
2019-05-27,561.6546630859375,564.8146318106027,553.2357092942016,554.7865422333446,12049024
2019-05-28,563.4853515625,564.3715662355994,556.687262289212,563.5553263670769,7364840
2019-05-29,563.6486206054688,566.8902932889482,562.0861155830269,562.0861155830269,7475216
2019-05-30,568.9307861328125,570.878066831981,562.7506850769797,563.4386472034688,9359200
2019-05-31,565.6193237304688,574.8661334885005,549.6326699697092,572.9538112877012,19785080
2019-06-03,573.0237426757812,573.6534020563761,565.5259621483929,566.0040568964582,8480860
2019-06-04,571.904296875,575.0409786491695,569.2806687659852,572.5339562338887,6442988
2019-06-06,565.15283203125,576.0321203557269,562.8207181836559,572.1141577044942,15634924
2019-06-07,570.81982421875,572.3590421356423,561.8062269551848,565.6891737442734,7970932
2019-06-10,569.0824584960938,576.0204977875577,567.1934802794044,576.0204977875577,7077140
2019-06-11,570.9947509765625,573.6766819919758,569.1174448148734,571.717729068311,7103292
2019-06-12,566.0156860351562,570.9947147907566,565.2227331885914,570.2018188805633,7308620
2019-06-13,570.1318969726562,571.8343515762884,563.4270692370044,568.091297227023,11107948
2019-06-14,567.89306640625,573.4551237768543,565.5376086431253,569.7237416167347,11956920
2019-06-17,564.8379516601562,569.0124125085298,563.741869582194,567.8696995427252,12810020
2019-06-18,563.730224609375,567.1700925638639,560.6401737350036,563.9051331494337,12419652
2019-06-19,566.3189086914062,570.1785116945839,563.601961802449,566.0040505364589,10744276
2019-06-20,569.3694458007812,571.8685612421805,566.6121804767781,569.8387675580584,11171492
2019-06-21,566.5183715820312,570.1556157776743,564.5120092934789,569.2873818470895,13250260
2019-06-24,567.3982543945312,570.3667488538937,565.5327118859869,565.9902891367238,6915000
2019-06-25,569.9209594726562,572.924630677863,563.8901853446262,567.8442447247584,8899800
2019-06-26,579.1195678710938,579.6123786394801,568.348656301547,568.9822292250047,10533636
2019-06-27,577.8055419921875,585.3616114678966,576.3623430918639,579.3190933298736,19879236
2019-06-28,573.4525146484375,580.7856670096708,571.8802982402397,578.2043973785167,12756844
2019-07-01,583.2612915039062,584.0708599843647,574.9308312670862,576.3270518768983,8524160
2019-07-02,585.4789428710938,586.0655951184596,578.955358422334,583.8363165784695,7246828
2019-07-03,584.2234497070312,587.4266051629853,582.6629777371278,586.4175518989457,7463256
2019-07-04,582.8507080078125,586.1593920575878,580.0816981524321,585.4319777002383,7993964
2019-07-05,580.175537109375,585.4671514142849,577.2657651119043,583.1557761191884,7583060
2019-07-08,565.43896484375,580.6919243496003,562.493958896491,580.6801798457741,14607140
2019-07-09,558.2933959960938,565.7204470394637,556.8502545357115,564.0895654216511,16482688
2019-07-10,560.5462646484375,562.7168781274529,555.2663940238054,558.1996554819343,11569148
2019-07-11,564.8639526367188,566.4714026897002,562.1653523339302,563.8901328348591,9097596
2019-07-12,561.7546997070312,567.4100502538699,559.6779851379493,567.4100502538699,8976272
2019-07-15,561.9541625976562,563.8901149273069,557.8710860548592,562.2474887082094,8233184
2019-07-16,561.1211547851562,567.4100786116085,558.9622858779369,567.4100786116085,12770568
2019-07-17,562.5877685546875,565.90825469517,561.1446269221757,561.5317944947249,7759736
2019-07-18,565.9786376953125,569.9913622559529,563.6320285464614,563.8901784689399,10802584
2019-07-19,557.4721069335938,568.043591230543,555.4423132002735,566.7060356479343,8939228
2019-07-22,539.0747680664062,551.4179546783611,535.3201935581627,550.2798263644456,22171296
2019-07-23,531.1549072265625,538.4293945797868,526.1214427579469,538.4293945797868,27802864
2019-07-24,535.238037109375,538.0774569855862,528.2216989422392,529.5709991505546,17363740
2019-07-25,536.446533203125,543.3455403779242,535.0854885978893,536.200127813256,19462008
2019-07-26,534.3932495117188,538.2299206406512,533.3490200224468,534.6044213939515,12829828
2019-07-29,526.6494750976562,533.5133064978517,521.6629309180272,533.5133064978517,9976492
2019-07-30,528.5150146484375,532.9618272674588,525.6169296029485,529.1603321266407,10394136
2019-07-31,528.3741455078125,531.9762129180881,524.2910691275863,525.6403691824073,13891840
2019-08-01,521.3695678710938,525.6403845374091,515.5499664413785,523.0826037966106,18241676
2019-08-02,519.6213989257812,521.885853747385,512.0300957179829,518.8352619763797,27825536
2019-08-05,511.3847351074219,516.2539484851798,507.4541652723642,515.5617103304894,19822440
2019-08-06,513.6961059570312,518.6591601759717,508.5100780913158,508.5100780913158,24890940
2019-08-07,512.4993896484375,516.7232857169686,508.04083268721024,513.9073550046145,18750136
2019-08-08,524.0328979492188,526.344330430518,512.264678256719,515.7845913001687,19711600
2019-08-09,535.4961547851562,537.1387810268285,525.5934766148405,527.2830235767949,30436112
2019-08-13,521.0292358398438,533.4545162611435,516.8640057953028,533.4545162611435,15440068
2019-08-14,523.1647338867188,524.560954788577,516.9697090210367,524.560954788577,14254052
2019-08-16,522.7540893554688,523.9978036165516,517.2161263425445,519.5392463981394,15247560
2019-08-19,517.8614501953125,526.1097582345807,516.6529121392165,525.2884450526802,8498200
2019-08-20,521.0880126953125,522.7775597018247,517.8614253497914,518.4245885885427,10270592
2019-08-21,522.3199462890625,525.9219564479085,519.5861126439371,522.0969726193119,10472712
2019-08-22,510.17633056640625,521.1467286081944,508.5219596175598,521.1467286081944,13992044
2019-08-23,507.5011291503906,510.8567915589678,502.08049660446767,507.1022170688697,20099616
2019-08-26,529.43017578125,531.7767848218606,508.51017910031067,515.0571954075102,25280244
2019-08-27,530.3218383789062,533.3606852829382,525.6638543370474,529.3949393713024,20660832
2019-08-28,527.4003295898438,529.7117621817896,522.4372748771021,527.9869817918346,13662588
2019-08-29,522.5780639648438,528.8552428496694,521.0175919432236,527.0483654324626,14783716
2019-08-30,522.8126831054688,530.3335755800415,521.4164623623241,524.1150624150544,19233320
2019-09-03,518.823486328125,521.1818397444979,515.3504936777196,520.9471788531226,11428676
2019-09-04,527.4590454101562,533.6188941219866,516.0193263739,517.8966136003626,15060704
2019-09-05,524.5023193359375,533.2434383878528,522.1205339734669,527.7523959129559,17296252
2019-09-06,527.0248413085938,529.5357585274138,521.252218102298,522.824434521849,12870004
2019-09-09,527.8931884765625,530.544810839071,520.0320482532893,527.0483863125846,10643404
2019-09-11,528.2920532226562,533.6188437670291,525.9102109046887,533.6188437670291,15209116
2019-09-12,532.8796997070312,537.0918511828582,527.5528517244627,528.1512484461009,18132300
2019-09-13,529.7351684570312,532.0817771523073,525.1710260027697,528.2216173066286,15371340
2019-09-16,526.6142578125,530.9554846438077,525.8750988627331,528.4328798634532,11030184
2019-09-17,518.9173583984375,527.6349871490413,515.8081017474592,527.4941677053483,10656556
2019-09-18,513.37939453125,521.9210285507819,511.56077251885495,520.3136357268855,12959884
2019-09-19,516.7467041015625,519.5626344290797,508.74474583810155,516.2069726640718,10623310
2019-09-20,562.9983520507812,567.8323889249855,518.7882667286926,520.0084918037558,46150034
2019-09-23,590.0548095703125,601.9990259889202,576.7964692478935,591.1342725834617,41920410
2019-09-24,588.4357299804688,592.2606570407256,576.1160320139354,586.6522841206372,23379048
2019-09-25,581.8181762695312,586.6052927052262,577.3126987284841,586.6052927052262,15608976
2019-09-26,583.13232421875,598.3852823975101,580.245983751487,581.8651783015406,30671560
2019-09-27,583.9301147460938,588.2948300591239,580.8326025676147,585.8308908027933,14873170
2019-09-30,576.0689697265625,581.958980713596,570.9299193855561,576.7025999329295,18218458
2019-10-01,586.0890502929688,588.9988223558357,573.0888028676151,577.9697607420014,18768352
2019-10-03,574.2387084960938,583.7424748995876,570.8595571784742,581.9355401462227,16298876
2019-10-04,558.3521118164062,581.771280644511,556.2871417682871,580.3868042772141,18403632
2019-10-07,557.0380249023438,572.5021544363127,554.3394247024072,563.7492918949891,22513220
2019-10-09,576.3975830078125,577.218896161916,558.4929447903068,561.825118128903,17427270
2019-10-10,563.4443359375,575.3650643760363,561.8720620026531,573.4174246482614,11556858
2019-10-11,562.6229858398438,574.4498720542698,558.0001203673316,569.4750725288449,17186318
2019-10-14,565.2510986328125,572.5255853907075,561.9658465486018,567.4099671158152,12267802
2019-10-15,574.0040283203125,574.9191828789968,566.4009810786976,566.4713908040401,8400374
2019-10-16,573.0887451171875,579.6123285319942,567.9262061586029,578.0401122162933,10586816
2019-10-17,572.5726318359375,577.1954403972161,569.3342997552063,576.0925455562403,12243614
2019-10-18,576.7965087890625,579.0727081264757,572.7368636442526,575.1303934350403,11233806
2019-10-22,581.6305541992188,589.9375274936453,578.4860636323751,589.9375274936453,20006228
2019-10-23,582.7098999023438,586.5348837972401,578.673744126423,585.1738392021521,10190214
2019-10-24,580.128662109375,588.5999434656467,575.5527745862923,585.7136029545736,13107494
2019-10-25,576.7965087890625,585.17389170195,572.5726124675804,581.9590487375407,12993542
2019-10-27,580.8795166015625,582.8507023580967,579.6123707718469,581.93549055641,1750082
2019-10-29,583.13232421875,590.1017413439165,580.8795567100916,581.0203761632293,14232568
2019-10-30,585.8777465820312,592.6125016781333,583.3668868857455,585.197253017049,12011366
2019-10-31,577.4300537109375,593.1758227045142,575.9047578912121,590.2659932281141,13217706
2019-11-01,581.9824829101562,583.7189505403854,576.1393925084834,581.4896721363116,11512260
2019-11-04,580.4805908203125,586.652183246112,576.8199155710081,584.9860681295921,9935176
2019-11-05,581.7243041992188,584.2117323692574,576.819914869348,582.4282868182578,12367810
2019-11-06,589.773193359375,590.876088022733,576.3506026590062,583.1087900813925,12130336
2019-11-07,593.0819702148438,595.8979011785106,586.6522840972428,591.8148241972985,16963034
2019-11-08,589.2804565429688,594.630736665573,587.3327595622947,590.8761621641329,13251496
2019-11-11,593.57470703125,595.3346636640764,586.8868718265097,587.8490043685568,14286610
2019-11-13,590.1956176757812,596.0386508248519,588.341762301031,592.2605876417102,9293496
2019-11-14,597.8690185546875,599.3239045940849,590.0313105652474,593.128880101697,11055218
2019-11-15,599.746337890625,603.0785112026424,596.5549267440329,602.5387796761992,9279012
2019-11-18,592.3075561523438,600.4737090272521,590.7352824081387,599.3238936196514,9130292
2019-11-19,596.930419921875,598.3853060707402,591.8617214719953,593.8329074426197,10570578
2019-11-20,597.6109008789062,602.1163786880904,594.630718915401,597.4466497074234,11054258
2019-11-21,602.3040771484375,604.0171130529868,595.2642506559785,596.1559734697408,12019526
2019-11-22,593.57470703125,602.444899918746,592.2840721671773,602.444899918746,7688010
2019-11-25,596.5548706054688,600.4971848007813,593.2931073282402,593.2931073282402,7893556
2019-11-26,598.4087524414062,600.6145418689523,594.6072002297224,600.0044006450324,8716002
2019-11-27,599.98095703125,603.4304605528322,596.6018059423545,598.8545733349515,9580666
2019-11-28,593.8328857421875,602.1633475418895,592.2841009140271,600.8257346038157,12366040
2019-11-29,598.3617553710938,600.6849324587029,587.5908438884416,594.9591726089602,15567626
2019-12-02,594.0440063476562,597.8924217898808,590.688344369846,597.8924217898808,8946204
2019-12-03,589.1866455078125,595.5694110316595,588.4357420268182,595.1939306460306,6991906
2019-12-04,587.4266967773438,589.8906364553098,579.2369962354693,587.8256088861997,11395614
2019-12-05,584.5872192382812,590.758812330611,582.3110199795079,589.2804372111162,12772494
2019-12-06,584.7984619140625,591.345478221121,581.1142398881755,586.1594493253795,13774650
2019-12-09,583.343505859375,586.5818377233568,580.8092139825931,586.4175865521222,8265350
2019-12-10,586.4175415039062,588.3652382738749,584.3525142934607,587.1215241467681,9788900
2019-12-11,586.0655517578125,588.529491014452,583.1322907380037,586.6991246800403,11054642
2019-12-12,593.0350341796875,595.7805553403286,588.0602343970305,588.0602343970305,12913148
2019-12-13,593.15234375,597.1415790384191,590.9934749343191,593.692075276485,11775186
2019-12-16,590.1017456054688,596.0386777513587,585.8074397368464,595.6866864062299,11327576
2019-12-17,596.5548706054688,598.2913954710336,589.1630529731027,591.3454105892805,12427354
2019-12-18,606.5279541015625,609.6489552071322,597.7516602644894,602.1398071830259,17447172
2019-12-19,604.8619384765625,612.6995893576817,603.5947352848934,612.4649284655493,13018376
2019-12-20,608.5695190429688,609.930563640282,600.7553573687194,604.8384338704038,15026044
2019-12-23,611.2446899414062,611.9955933217868,604.8619252727884,609.648984451688,10195782
2019-12-24,605.0261840820312,610.6345564363445,603.993641791985,609.4612519864668,7179208
2019-12-26,596.2498168945312,606.2933141819715,593.527785015859,605.2842609233043,14949758
2019-12-27,598.38525390625,600.2625409773284,596.038645067402,596.9772886029411,7092992
2019-12-30,601.7409057617188,604.838417918225,597.9394109655406,601.6704960397008,9334190
2019-12-31,597.0242309570312,601.6470390790353,595.4050937156526,601.6470390790353,8357056
2020-01-01,600.0748901367188,600.7319521674547,596.3203154356722,598.9015855426417,3673698
2020-01-02,603.8998413085938,604.4864935733194,600.2625972672947,600.2625972672947,6137166
2020-01-03,595.2877807617188,603.078511159896,593.0350132124888,601.7643872078022,10855550
2020-01-06,582.4049072265625,592.1903133017114,580.0817870634089,591.3455110840575,10890186
2020-01-07,591.6270141601562,596.7191439268851,587.7081888231003,590.8291900640809,14724494
2020-01-08,590.0783081054688,592.3545073236031,581.9825072468697,585.2207817581034,11332110
2020-01-09,596.6957397460938,598.7607670956565,592.8003459437307,593.6920688094804,9546316
2020-01-10,601.9990844726562,603.9702705198725,598.4322500461258,602.656146488395,9214580
2020-01-13,603.5477905273438,608.475669065864,598.8545728716101,601.9990057848498,7451568
2020-01-14,605.1904296875,606.6218840193036,599.5585683798225,604.9557687996801,7886290
2020-01-15,602.7265014648438,604.4629691505863,597.9628738963246,603.7355547591026,11787448
2020-01-16,604.3221435546875,605.8943599089495,600.4267502379332,601.6939532966338,7150400
2020-01-17,599.8637084960938,603.031630848718,596.9304470584786,601.5532556261076,16918814
2020-01-20,588.9518432617188,612.3944404735919,587.8254596653878,612.3944404735919,22178450
2020-01-21,584.0005493164062,586.6522288488544,581.2081076231883,586.6522288488544,14984804
2020-01-22,582.3579711914062,588.9988864287145,579.3308683565425,585.7371226829231,18368310
2020-01-23,584.2352294921875,585.1738730893281,577.7351340400406,581.9590302271733,11508920
2020-01-24,584.094482421875,588.529550616879,581.5366441794079,584.7749761312849,11831756
2020-01-27,569.3811645507812,579.6124023422368,568.700670881138,579.6124023422368,18888552
2020-01-28,574.0744018554688,576.2333279639586,569.4046728696126,572.0094317712312,13412158
2020-01-29,580.0113525390625,582.8976931540368,573.6285873248966,575.0600417741084,13788350
2020-01-30,575.4120483398438,581.4662540699409,571.2585043427957,581.4662540699409,12111984
2020-01-31,575.5293579101562,580.9265587194457,572.6899380465566,577.9463193968909,11178268
2020-02-03,559.8070068359375,562.2239680184797,552.7202025721546,561.7781352716668,13077010
2020-02-04,577.1719360351562,579.1430645543282,562.2474808234078,562.2474808234078,20897704
2020-02-05,584.1414184570312,585.7136351060344,575.9986962860053,579.5655306827654,18020682
2020-02-06,581.8651123046875,586.0420299307528,580.6448299565886,584.1413112705239,11827550
2020-02-07,582.9915161132812,585.2442836657888,578.0167164992741,584.774961866538,6815448
2020-02-10,582.099853515625,583.3435104578182,575.4120178419629,583.3435104578182,9219834
2020-02-11,582.2406005859375,588.9988458126763,581.043864396887,583.5078037917209,11613520
2020-02-12,586.1829223632812,588.0132888231077,583.8598023925165,584.3994766249358,6297930
2020-02-13,582.6160888671875,591.2985420910227,578.9553559431969,591.2985420910227,9112140
2020-02-14,572.2674560546875,585.9012756093621,570.2259179300254,583.4607681708192,14688858
2020-02-17,571.2349853515625,578.6737237075957,569.9677822393647,574.9191496689414,10152690
2020-02-18,569.4046630859375,571.868602489359,564.8287756224404,571.1176990816059,10529116
2020-02-19,575.95166015625,577.2657840441602,569.7097149143162,573.7458707268178,10012268
2020-02-20,571.2115478515625,577.2658104928316,569.8035824601166,577.2658104928316,11123414
2020-02-24,567.8558959960938,570.108663579976,563.1861669446151,567.3865741903065,16568084
2020-02-25,563.3269653320312,567.4100419735544,562.2475023029928,565.06343303239,13886680
2020-02-26,562.8341674804688,565.3919483690503,556.4514024717835,562.0128543321754,13814786
2020-02-27,562.9280395507812,564.3594940317898,554.2690748037786,560.8395803475998,20655098
2020-02-28,552.69677734375,556.1462807918768,549.1533751702827,551.6877241104229,24313056
2020-03-02,553.6119384765625,563.7258453542536,547.2995836997,563.2799553066203,14664898
2020-03-03,554.64453125,556.3105892811459,548.1678674344143,551.4531200645863,22369550
2020-03-04,539.1803588867188,553.7997449682985,531.7885402568453,553.0253525109262,34288870
2020-03-05,540.3536376953125,546.7598916608061,536.317481712778,541.1280301158022,19549708
2020-03-06,532.63330078125,535.4492314676005,516.7232809453184,527.9870036907204,23053566
2020-03-09,519.6799926757812,524.8894526024798,499.8276598880697,520.9471384748896,34420590
2020-03-11,522.7305908203125,525.6403627695427,512.4993537003041,518.6005364824506,35538240
2020-03-12,479.318359375,506.86755538269665,470.9409765149213,504.520946329999,59000770
2020-03-13,502.0804748535156,507.5480278856494,431.40059595231014,459.9588154723774,66342364
2020-03-16,469.0871276855469,486.68669475729075,466.97517963693764,485.7480511801311,31986322
2020-03-17,457.6356506347656,474.01499201491634,448.06150362668956,473.07634846637194,42676838
2020-03-18,411.5483093261719,466.0365603638305,405.9633682927627,462.2819858593888,61181406
2020-03-19,420.3011169433594,431.75257990406965,373.1108174022066,397.5155501127912,67220048
2020-03-20,414.34075927734375,429.2417271324141,386.97930277170536,410.6565944310716,88637464
2020-03-23,362.105224609375,393.6436549106781,359.03117258619227,372.923086237358,50276954
2020-03-24,360.29833984375,380.1506456075637,346.71146844763916,373.22814928322845,61057272
2020-03-25,402.09149169921875,407.11324118217766,354.4553243137846,361.5890221044721,47228042
2020-03-26,422.90582275390625,440.0830162057227,394.69959668433665,408.35684832202224,57043156
2020-03-27,424.47808837890625,463.9949878655967,409.2955116542943,443.4856204119873,55235936
2020-03-30,390.3114929199219,416.2884435239327,388.598456863378,413.0031908692906,39268444
2020-03-31,404.5084533691406,409.9994952753606,393.2916513766016,400.70692976660973,35211092
2020-04-01,389.372802734375,405.4235837255242,384.8438363726704,405.4235837255242,29103504
2020-04-03,381.95751953125,396.10758266875996,380.1506421347104,395.63826088834674,34996280
2020-04-07,420.5592346191406,425.8156442719075,396.741154339688,410.18723476338096,60412638
2020-04-08,417.18017578125,443.5091183321205,406.47961540697383,412.97973977807317,56219352
2020-04-09,434.1461181640625,436.8916678356267,417.6963950757781,428.4907962968376,44457146
2020-04-13,420.2072448730469,444.30693549799935,415.9129677669094,438.34654315434824,34158056
2020-04-15,405.1654968261719,436.70392694035843,395.638270188847,436.70392694035843,57978752
2020-04-16,412.8858642578125,418.02494383011566,401.85680167178396,405.963367528284,53854396
2020-04-17,427.2236022949219,431.7760292013969,416.40574120536894,429.4294203470415,55883462
2020-04-20,443.43865966796875,450.9947572965215,438.81585172548915,446.32499999031035,66232986
2020-04-21,432.5504150390625,438.3465273636032,426.1441615055157,434.1226314896498,33178006
2020-04-22,435.81219482421875,437.87722212078177,425.8156466077217,431.37712690533596,38289354
2020-04-23,448.1788024902344,449.8448889424776,428.2795492052033,438.8158280242218,40901222
2020-04-24,440.2472839355469,449.79799921406226,434.59196229347486,437.8772147082203,33284568
2020-04-27,436.3284606933594,449.3286796121365,434.7327551975769,443.57948785854603,27421072
2020-04-28,437.1263122558594,442.94588507296226,432.71467611722056,442.94588507296226,29441436
2020-04-29,458.5743103027344,465.89574742581436,438.39347329964994,438.81587436939395,55877778
2020-04-30,470.16650390625,478.2388434002249,465.6140773911777,469.97879240111695,43793134
2020-05-04,433.1839904785156,450.54889583897614,430.60272076277147,449.3755914227288,26722324
2020-05-05,427.76336669921875,443.03978578733006,426.1676610974413,440.2238549454614,29672858
2020-05-06,444.1661376953125,445.8556846210887,425.04127543393423,431.30670964924263,33785846
2020-05-07,434.1226501464844,442.71123306359993,432.40961417704415,441.3971377975876,21831730
2020-05-08,436.02337646484375,443.0162821639889,434.2164991424776,442.10109900072626,20807484
2020-05-11,429.8049011230469,447.73299971268557,428.96012760733186,439.75452906791025,28550784
2020-05-12,423.1170654296875,426.80125876739015,408.8262108106579,422.85894416726836,49568418
2020-05-13,435.36639404296875,450.5489433315582,432.76163504822887,446.3250469878248,44346966
2020-05-14,419.43292236328125,427.55218423834214,417.6964258749994,421.45100048960614,39554890
2020-05-15,416.82818603515625,418.82280377084584,410.6565926419704,417.9310808544853,24349628
2020-05-18,392.6581115722656,416.75777553507623,390.14722265195235,416.75777553507623,46649964
2020-05-19,389.8421325683594,407.0427579367431,387.70669563786913,404.0156268466613,47460692
2020-05-20,402.25567626953125,405.4940079297994,390.5695814225198,392.5641989383781,40014306
2020-05-21,403.4055480957031,414.88047185278396,400.0029650403494,404.2972709751579,48478908
2020-05-22,393.6905517578125,408.4507270202932,390.968491245374,398.9235009041949,42047432
2020-05-26,400.0498962402344,409.131261214064,398.33686028728056,402.2087649675398,38005152
2020-05-27,424.1026306152344,426.98894232520496,402.2791682229265,403.56980309558986,56025754
2020-05-28,443.6264343261719,445.855712890625,428.93666761995934,431.77605879934214,75488806
2020-05-29,446.6300964355469,448.20231298640044,433.39521612409544,443.03977325566706,53025166
2020-06-01,463.525634765625,466.975138147154,453.4117282042264,457.58870320952275,39190230
2020-06-02,469.79107666015625,471.66836367977726,457.6825811126261,463.07978129403654,41623594
2020-06-03,479.7641906738281,491.0279134189217,476.57280829174397,478.7082166664756,50546088
2020-06-04,470.1195983886719,487.60180477057173,465.1447706972614,482.48624357473096,54275882
2020-06-05,484.9736328125,489.22101768790736,470.6358586678473,470.77664946785956,35195984
2020-06-08,476.78399658203125,500.60207635862537,472.3254397765604,497.48107513674483,49812664
2020-06-09,463.3613586425781,481.87610743294215,459.724115075395,478.70818561636327,61844146
2020-06-10,465.4967956542969,469.25136989122666,459.0905705496124,464.62856182005817,36497730
2020-06-11,454.5850524902344,463.87764640176897,452.89550558547944,462.2819409344013,30897714
2020-06-12,461.2259521484375,463.0563184407581,435.53058620580003,435.53058620580003,42644876
2020-06-15,445.7852478027344,457.11937939675147,442.5704053091752,454.30344892818835,32009936
2020-06-16,464.8162841796875,466.4823707044604,446.79431707491733,457.5887175924836,45399970
2020-06-17,459.5833435058594,468.8055277490931,456.7674128844295,464.1592307656828,36957838
2020-06-18,478.6847839355469,481.00793261483733,456.18079750648394,459.93537197155786,40870126
2020-06-19,484.9736328125,489.502599287932,475.024034343267,477.7460948423048,47877752
2020-06-22,482.8147888183594,490.8871006460482,480.49164024155635,487.83650902775486,29694474
2020-06-23,489.17413330078125,490.4412792401308,477.08906834901717,487.6253484502353,28830512
2020-06-24,484.5747375488281,496.30778204153586,483.4249221046453,492.0838860241611,39429246
2020-06-25,482.8147888183594,492.3185550138119,472.6070399417622,479.599946032517,70646790
2020-06-26,495.81494140625,498.88902179436724,482.4627604935179,488.5639432624048,39969138
2020-06-29,505.0137023925781,508.0877255441643,486.6866647619592,486.6866647619592,46005956
2020-06-30,500.2265930175781,506.18701382212964,495.7446045247775,504.05157686994005,35746130
2020-07-01,509.0263671875,514.3766466858967,498.0912046019977,500.2265842264046,34846718
2020-07-02,511.2791748046875,521.5338445648514,509.3079888920198,511.70157587813475,36954496
2020-07-03,504.0280456542969,514.2827712185729,502.1742477492664,512.9686474672412,27597254
2020-07-06,517.6619262695312,525.5934758544685,516.2539609215634,519.9850461775757,35558216
2020-07-07,518.6709594726562,521.7449826558448,512.9921775805042,520.6655769716945,24349850
2020-07-08,521.1114501953125,527.9401053148263,518.6005900184334,519.5392336202767,30056350
2020-07-09,527.9635009765625,530.1927793787049,519.6565285836284,524.7017375990034,20114484
2020-07-10,518.6474609375,525.6403665577927,516.0427595666558,524.6548023285476,17562978
2020-07-13,506.98486328125,522.3551518926464,502.78445617988746,520.9002658027489,29922114
2020-07-14,496.9413757324219,501.65808273150617,492.78788926665464,498.7013324798028,26612674
2020-07-15,494.2662353515625,506.39819169263524,492.83478103169523,502.268137185342,20974394
2020-07-16,498.6778869628906,500.0623633164109,485.32564776813393,494.50091160665426,23662456
2020-07-17,515.5264892578125,518.131248067734,496.6832655158154,497.03525685281795,28405738
2020-07-20,531.7650756835938,541.0811017326555,527.5881003054764,532.6802302555951,65124096
2020-07-21,534.3463745117188,543.4511718756413,532.2109373408518,540.6822190038718,47512422
2020-07-22,528.6205444335938,537.1387456989274,524.4905473860325,534.3228151841231,24718012
2020-07-23,530.5213012695312,536.8571446988085,523.8803872541275,527.9869524397702,20149122
2020-07-24,525.218017578125,527.0014633432479,516.8406348638099,527.0014633432479,19598440
2020-07-27,506.63287353515625,517.6619356269359,504.68517664387554,516.1835605267947,37970094
2020-07-28,509.9884948730469,513.625738462488,497.2463978081153,506.3981720009027,35596450
2020-07-29,499.63995361328125,510.8567555703038,495.3926258947282,507.3368422338065,33592086
2020-07-30,493.0929870605469,508.58060729076846,491.2391314770147,504.05164021993915,26956266
2020-07-31,484.715576171875,496.4016431166518,478.73169459877215,496.4016431166518,37726696
2020-08-03,470.26043701171875,481.96999284156607,466.03654087089495,481.50067104814116,31783542
2020-08-04,488.8690185546875,497.97387207837903,470.7297212287493,473.07633000855367,60306168
2020-08-05,482.2516174316406,495.5099577022493,478.7082150803843,491.8257359010433,33221360
2020-08-06,488.4232177734375,495.1345430262976,481.6415400765288,486.686749875138,33646888
2020-08-07,489.90155029296875,491.47376686755183,478.9898184246819,485.67765408588997,24836784
2020-08-10,493.0929870605469,499.3584219683568,489.87814401626537,489.97198546519223,22172854
2020-08-11,500.60211181640625,502.64365019809463,492.0839096477145,492.0839096477145,20136148
2020-08-12,499.2174987792969,500.2969616689791,491.8491705713791,499.82763994133467,20666432
2020-08-13,497.0352478027344,502.80787125031327,495.83845436261447,501.21216576023863,19892740
2020-08-14,485.48992919921875,500.2501346730193,482.13432405010917,500.2501346730193,20924512
2020-08-17,484.69207763671875,491.3799131306168,478.8020949132237,491.3799131306168,19561012
2020-08-18,495.8384094238281,498.25542779956186,479.64680968400603,482.4627400735403,24040824
2020-08-19,500.57861328125,502.08047739398137,495.721144178593,499.82770987001334,17715624
2020-08-20,497.01171875,501.6814471101626,493.7264665958451,495.11094280185284,19216734
2020-08-21,509.51922607421875,510.9976012093681,499.6399792206857,500.01545957859184,28924302
2020-08-24,524.2559204101562,527.0248730965624,509.51920497169823,509.6834561376323,36779740
2020-08-25,525.4995727539062,528.9256446549074,519.1637287407374,525.1710704248815,27601738
2020-08-26,524.9129638671875,531.1549669560468,520.7125565166635,526.1097574179178,25190062
2020-08-27,521.9326782226562,530.2866278326834,519.1871575930952,528.3624202207837,20645996
2020-08-28,523.0591430664062,527.987021937826,513.9073680194839,521.8623495672438,38696610
2020-08-31,523.6926879882812,539.156874754563,516.582451682256,530.0989416360911,38501166
2020-09-01,529.0664672851562,536.7163779506684,520.0085339846637,529.3949696161559,28877884
2020-09-02,532.28125,534.5574489258748,525.9688383755839,527.5645437110246,19761682
2020-09-03,530.756103515625,537.8193631422315,529.3950586620753,533.7362858718485,19833362
2020-09-04,525.3118286132812,528.1746796717621,518.3189234673122,520.9471136637823,23661370
2020-09-07,521.1818237304688,525.4057196454388,515.7846233946738,523.9039129028847,17615466
2020-09-08,522.0969848632812,525.0772239620587,517.6619170125938,522.8244565294918,14624918
2020-09-09,514.611328125,520.9471721101231,512.1473887974521,516.7232761200411,15728872
2020-09-10,511.81884765625,518.5301141796133,508.7447673360432,517.6618804166565,15188088
2020-09-11,506.23394775390625,518.5301554324836,502.64362469091986,514.5878410356801,20794730
2020-09-14,496.5189514160156,513.4380244050636,493.8907609209879,510.62209374105055,21650590
2020-09-15,502.4089660644531,505.0606455825363,496.58936452774776,501.2356616131116,16505110
2020-09-16,513.2738037109375,514.3766984950968,501.3999391233684,502.2681730049296,18710112
2020-09-17,508.5570983886719,513.4380566374269,505.9289077286529,508.7448385694432,18318686
2020-09-18,496.21392822265625,512.5932120936574,491.47373253365083,512.4993706561594,23481778
2020-09-21,492.4593200683594,502.8078299639194,488.7985876146743,495.13443104510935,19842878
2020-09-22,485.935791015625,496.6128616983899,483.1667810068784,494.6886538246024,18620678
2020-09-23,491.4972229003906,495.1344666124728,485.44296061835774,490.9105706887645,16079828
2020-09-24,483.58917236328125,491.37990243378863,481.0548232995543,487.1560064243291,19809510
2020-09-25,489.971923828125,493.70300895266837,481.3598808778943,492.7878544248384,20321544
2020-09-28,494.75897216796875,497.01173951245516,489.3383402613192,492.2950329494226,16152422
2020-09-29,498.6778869628906,502.12739063423913,493.2571974148736,496.542449919064,12644446
2020-09-30,506.2104797363281,510.1058735748433,493.72653137074684,497.4811057537944,18813842
2020-10-01,519.5157470703125,520.9472014859948,511.6076861454463,511.6076861454463,21203080
2020-10-05,522.9887084960938,531.272249282624,521.4164920079463,521.885813782931,16940126
2020-10-06,536.9509887695312,538.7813550050377,528.5501182046952,532.7036614165081,19371990
2020-10-07,545.46923828125,546.6894634500271,533.9004449573068,537.3265168641198,21248778
2020-10-08,559.3377685546875,564.5941500278699,545.9855283881011,553.7997481570128,35060674
2020-10-09,578.931884765625,580.5510219349521,559.2672914004808,563.6554384348242,44972388
2020-10-12,569.5923461914062,583.2495974868191,565.8142832352581,577.993216868941,19220546
2020-10-13,562.4586181640625,573.7223399596518,560.8394810720472,569.4750125733826,18353952
2020-10-14,568.5833740234375,569.8974980103345,551.6877888275285,561.0977140541319,22582918
2020-10-15,548.7545166015625,571.1646326312607,546.2905771427999,569.8505086704837,28246896
2020-10-16,562.8810424804688,564.8287392462653,550.5144255387363,553.7996778650545,25822848
2020-10-19,564.852294921875,579.612443128351,559.7131866592525,579.612443128351,42359556
2020-10-20,574.4263305664062,576.0455249712081,565.9551073888936,566.7060107276666,27411978
2020-10-21,585.1034545898438,587.1215612095448,573.3704098014836,577.5473852041913,35640752
2020-10-22,578.8145751953125,586.6522260188214,573.9805379368148,581.9355192055275,21913060
2020-10-23,579.98779296875,585.9246667765954,577.8288672674448,583.6015472248514,15866230
2020-10-26,568.3017578125,582.8976537882775,565.3450076670365,577.1719509586338,19571976
2020-10-27,578.720703125,580.0817478101144,562.1771095891534,575.3885297857607,24317780
2020-10-28,567.6915893554688,578.2044082359921,563.8900945580718,576.3271211962649,16571186
2020-10-29,557.1788330078125,565.274634275238,553.0957561542585,563.4677567547632,23060024
2020-10-30,555.4657592773438,562.8575765623673,552.0866084300397,554.9964375449613,11522716
2020-11-02,570.34326171875,574.919148821616,552.6263654999615,560.5344255991714,21926080
2020-11-03,585.6901245117188,587.0042484837927,575.1538728897765,575.5997056890911,28164230
2020-11-04,590.125244140625,593.5982369266958,577.2658153328814,587.5908949567215,23404822
2020-11-05,595.6631469726562,598.8545578144142,587.7550868796309,594.1613402766837,21433928
2020-11-06,613.7086181640625,614.8115128550263,593.926694288577,594.2786856127307,35705724
2020-11-09,629.1493530273438,631.683644879372,617.251999733036,617.251999733036,26288440
2020-11-10,654.0703125,654.7038854472203,634.3118769492141,636.8696577432816,41517356
2020-11-11,652.3338012695312,663.9964936221253,643.2055153396971,657.0035874697567,36116194
2020-11-12,643.7686767578125,651.6767947555835,638.277634728093,646.4438453363422,27053948
2020-11-13,637.7144165039062,642.4076340016087,632.1763969405164,642.4076340016087,22472480
2020-11-14,642.830078125,645.294017696049,640.7181299212436,641.9384124934011,1835066
2020-11-17,661.0162963867188,662.9639934034395,647.9456951197303,650.3862029649898,31059900
2020-11-18,661.133544921875,665.9675819990694,656.6046357390742,658.4584337876634,18862776
2020-11-19,645.0123291015625,656.7922934488355,642.0321474773897,652.2164064328234,20266882
2020-11-20,658.7634887695312,660.9927670919261,640.6476805971731,644.2145144549543,20405362
2020-11-23,654.5161743164062,668.1499955953007,645.4817296181714,664.0903505455744,25246636
2020-11-24,674.9785766601562,678.1699877539248,658.0126397537434,660.8050814930978,40154400
2020-11-25,658.3646240234375,687.2748345700994,655.642534749748,681.1267306342913,24152602
2020-11-26,669.557861328125,672.068721139696,650.9492431709206,664.0902516848253,27943126
2020-11-27,676.2222900390625,678.6393087169566,664.3484831196216,671.9749622113578,17994580
2020-12-01,672.678955078125,680.0472843806386,669.0182221425813,676.2223002740692,17147574
2020-12-02,660.3123168945312,671.9750100449071,654.6101025691662,671.5995296698675,17892150
2020-12-03,646.3499145507812,672.068770296672,644.8715968170392,670.6608049957712,37933222
2020-12-04,650.292236328125,657.7309749620275,644.5196129022133,648.1333676333063,26912322
2020-12-07,644.0267944335938,647.6405491215281,637.3858799759179,645.3174292921782,24316318
2020-12-08,645.9276123046875,651.7941347687995,640.694662808648,645.3174710523165,19457896
2020-12-09,660.4296264648438,661.7672394522077,645.3409761432729,646.256130754381,22069074
2020-12-10,650.4096069335938,657.9891654833402,645.669468198078,656.1118782779669,19727966
2020-12-11,648.9781494140625,654.7038519414635,644.3787732728526,652.3807321571275,21356384
2020-12-14,643.9799194335938,651.4186585067612,642.0322225052228,649.0720495063766,17222050
2020-12-15,652.9674682617188,654.6804470651109,641.0936033509015,648.039589173004,21561436
2020-12-16,662.0722045898438,664.9351132474444,654.4692147565335,658.9277716157569,16832092
2020-12-17,676.668212890625,678.1700197761012,659.1624863498506,665.7799124550116,21924478
2020-12-18,662.3772583007812,675.6825188147167,660.0072177733983,673.476729446221,22995918
2020-12-21,644.2145385742188,668.2437902644241,641.4220396706218,665.2636084851694,23761824
2020-12-22,644.4257202148438,649.9168193771212,631.2377897458624,649.9168193771212,22851558
2020-12-23,645.62255859375,648.1099298095472,638.7704716341949,641.797574388883,15467394
2020-12-24,655.6893920898438,658.9277235568271,646.2560365653497,652.0756376046711,14952188
2020-12-28,663.0812377929688,666.9062215986827,658.9277516710418,659.3970734314913,11699194
2020-12-29,669.8160400390625,673.3594424922393,666.4369460456385,666.929756844381,14495346
2020-12-30,672.303466796875,675.7764595144706,663.1516918561846,675.7764595144706,16216726
2020-12-31,674.0869140625,677.700668951749,668.8070438923427,673.4767728156231,22145750
2021-01-01,668.8070068359375,677.2313096356779,666.7184905990828,675.82334433498,8810938
2021-01-04,664.5596313476562,674.8847103657695,656.581161197296,674.8847103657695,15740192
2021-01-05,669.5813598632812,671.4821359862643,661.2743872826464,666.0614465172062,14386824
2021-01-06,666.695068359375,675.8233539391875,663.1985867721336,673.4767450713431,22134050
2021-01-07,664.6769409179688,672.3503402164997,662.9404733264646,672.3034194986692,19894842
2021-01-08,671.904541015625,676.7620100038565,667.8918168612887,672.068792181361,13768764
2021-01-11,681.1970825195312,687.5094949074712,674.0869033027515,680.5165888467873,17331392
2021-01-12,695.0654907226562,698.2099234364288,680.0941158925245,681.6663322494109,20388156
2021-01-13,690.2080688476562,702.527765244812,686.1953448193378,700.6504781747692,16934650
2021-01-14,689.31640625,698.3508510638299,683.3325531914894,690.4427900484775,12297166
2021-01-15,688.330810546875,690.6774194825066,678.1699823975387,689.4806260092316,14165236
2021-01-18,696.0510864257812,705.3201911275584,688.4950175952946,689.8560621487961,42825632
2021-01-19,705.78955078125,709.4502835989163,688.4950545633242,700.1342576792703,17360254
2021-01-20,700.2281494140625,704.452045757713,697.4122185182955,704.452045757713,13346052
2021-01-21,692.15576171875,701.3309678474395,689.0347605244382,700.22807315809,26333054
2021-01-22,677.4894409179688,688.9174141700739,675.8937354962824,688.9174141700739,15392364
2021-01-25,686.54736328125,695.0655651563083,682.9336084446834,687.6033372998872,20344718
2021-01-27,661.5560302734375,690.7948027637985,659.9368929001171,688.9644361959613,23556276
2021-01-28,643.6513671875,657.660668912808,629.8298629326889,652.3103888724664,42704446
2021-01-29,652.5919799804688,661.1571030546461,640.3896128610928,652.9908920628578,28704502
2021-02-01,693.0709228515625,695.7695230251846,657.5197988251492,661.8610251914108,26370544
2021-02-02,732.400146484375,740.8244497468951,702.7624638185208,704.4520108141206,42420206
2021-02-03,739.0879516601562,742.3262260643844,723.6941745766645,741.0590801923173,20237254
2021-02-04,741.10595703125,745.28293202521,724.374625342281,734.9578536218381,24484684
2021-02-05,749.7884521484375,759.4799582068102,726.5101036948199,726.5101036948199,27054716
2021-02-08,753.3787841796875,765.7688905776819,748.8967382834162,760.3012804056027,17447580
2021-02-09,756.476318359375,764.0558767520367,744.6728638421628,755.6080845029356,18421366
2021-02-10,742.3497314453125,757.88427102936,735.4272351350116,754.8336794349901,19788006
2021-02-11,737.9381713867188,749.8824463901252,734.1131869963134,742.4671385254098,13648618
2021-02-12,742.4435424804688,747.3949100123509,738.2431356040365,738.6655366501634,9910106
2021-02-15,758.70556640625,762.6478807555916,749.3660516700228,750.9617571555009,10355244
2021-02-16,763.4223022460938,770.1570584841099,754.8806112818046,760.8644641128055,13897358
2021-02-17,744.5790405273438,761.1461230908569,742.9364142166941,760.3013209292764,12794426
2021-02-18,729.4669799804688,753.7074078871578,726.5102293866263,753.7074078871578,14720560
2021-02-19,722.3331909179688,734.1131569660164,719.4703393167695,725.1022010726738,17139508
2021-02-22,726.5101318359375,738.6655776703138,722.4974076102754,725.1256554697951,29451838
2021-02-23,717.6634521484375,731.0625553551015,714.6128604049935,729.2087571348047,18239906
2021-02-24,753.9420166015625,757.4619302598666,711.6092112537973,716.4197599201461,14314332
2021-02-25,753.9185180664062,767.9277617267934,751.8534907785014,755.4907345697208,20109570
2021-02-26,720.1273193359375,745.705355232278,713.838396299704,744.8371214351318,27912846
2021-03-01,731.6256713867188,738.0319245908889,723.0839813510746,734.019200800845,13536018
2021-03-02,735.9904174804688,745.0483510582567,727.9181055063661,739.5103309500354,16110038
2021-03-03,744.7433471679688,749.0376534436969,734.4886764657804,743.4057913877292,11222410
2021-03-04,728.410888671875,737.3045134514473,722.3331372708618,726.7682624483995,16291438
2021-03-05,718.0623168945312,725.3837251381499,713.8853416323224,718.5316386702793,17445822
2021-03-08,713.1343994140625,729.7953215458158,709.8491471627308,723.6941387933427,15117050
2021-03-09,733.3153076171875,734.8171144510841,721.9342540429687,725.1021761718749,15066696
2021-03-10,730.1473999023438,739.1818446705392,728.4578528582915,737.7738792521192,11055016
2021-03-12,728.3639526367188,750.9148882918367,720.4324599613437,750.9148882918367,15631204
2021-03-15,717.4287109375,726.6978155819373,711.1632769776651,726.6978155819373,12230386
2021-03-16,709.6849975585938,722.943338898633,708.6759441932466,718.4847816338411,13722366
2021-03-17,701.8003540039062,722.2862623773389,699.3833352351049,715.3637657106294,21064428
2021-03-18,699.7587280273438,714.3311912554831,695.1359202559715,709.4971543228282,18065540
2021-03-19,702.8093872070312,709.239072875059,691.8038140429976,696.9428647762546,21235020
2021-03-22,689.5040893554688,701.5891249242388,685.3975238709353,701.5891249242388,14015632
2021-03-23,704.0531005859375,707.4791153072955,689.4806359690571,689.903037041624,19761428
2021-03-24,694.0330810546875,707.0097826241127,690.3723482025007,699.711863215433,16368900
2021-03-25,686.7820434570312,701.8942397666535,680.6339393450638,699.3833223085227,23964356
2021-03-26,699.8995971679688,703.5133519771657,691.7803074145046,701.1667430646335,12021258
2021-03-30,729.1852416992188,733.3387853700331,704.710156199965,707.1036858692471,25607644
2021-03-31,701.0025024414062,726.5101302461977,698.3508228723141,726.5101302461977,30774506
2021-04-01,697.7640991210938,703.7010306086594,687.5563512442592,703.7010306086594,35763762
2021-04-05,680.3287963867188,696.9427977714421,671.599423307026,694.5961890247369,16006586
2021-04-06,675.940673828125,686.4534928499669,672.3738398627469,685.2097787113782,15075734
2021-04-07,679.2024536132812,683.6610105003937,667.1643958502825,675.494857402519,25088180
2021-04-08,672.4442138671875,685.6321433399897,671.3647509460704,681.9244901255787,17613592
2021-04-09,667.2582397460938,672.4442683236658,664.1372384555744,669.2528573081975,28157816
2021-04-12,641.5863647460938,656.5811727589755,634.9923707954924,653.7652420680864,22549128
2021-04-13,657.21484375,660.0776955881009,638.7470403386012,642.0322933014007,18600682
2021-04-15,671.1771240234375,674.2746365806134,652.8266523003651,659.3971577872129,34444984
2021-04-16,670.4965209960938,678.169920052128,668.0795025565427,673.4532136090211,15606526
2021-04-19,662.8700561523438,665.3574270719329,644.0502652935994,652.3572374150859,24069242
2021-04-20,653.0143432617188,669.4406057406094,649.5178615884864,668.7835437834024,23186270
2021-04-22,667.6102905273438,669.6283972742164,643.4637057473977,647.6641131302175,38485312
2021-04-23,663.69140625,673.2890137291847,657.1443330487433,661.2743876263875,22713528
2021-04-26,659.3032836914062,670.660848268727,658.3411510909425,663.1516995127441,30170952
2021-04-27,675.2132568359375,676.7620417060148,659.3032935045985,660.4531090088691,20592906
2021-04-28,693.094482421875,694.1269675034093,671.5995202822033,674.0634598220228,24103940
2021-04-29,691.0762939453125,705.6956782769772,685.6790936869959,697.5059791630314,24078552
2021-04-30,662.8231811523438,682.3000352674779,660.5704136638881,678.1699806353948,35232902
2021-05-03,663.8321533203125,667.3286348739072,646.3968954322133,653.7652242902367,22473700
2021-05-04,651.5828857421875,667.8448969755032,649.2128451130202,661.7202247933918,21486328
2021-05-05,658.2706909179688,661.5559432469522,648.461854649096,657.5197875579662,14421612
2021-05-06,657.472900390625,662.1191975224807,654.7038903997003,660.6173334355817,11477044
2021-05-07,663.9729614257812,668.7600204722476,661.8610135011189,663.1281593398147,12048334
2021-05-10,666.3665161132812,671.1301436257389,663.0578319471822,669.7221782894612,11060050
2021-05-11,658.7166137695312,668.4080627904648,654.7273785999583,655.1732113792784,14519034
2021-05-12,656.8158569335938,661.0866738414553,651.817568322028,656.9331873832067,13774926
2021-05-14,650.8788452148438,656.5341951114458,648.7668973798018,654.3987582732472,10604142
2021-05-17,675.940673828125,677.0435685207397,648.2741786243394,654.7742736287217,15120692
2021-05-18,693.0474243164062,695.8868438978811,682.8631649781939,684.7169630254351,22165280
2021-05-19,684.3649291992188,694.0564344586551,681.7133072358827,689.9967900038984,10130916
2021-05-20,672.4442138671875,687.9787520465471,670.4261074634475,684.4353499835448,10684184
2021-05-21,702.715576171875,704.8744450617669,677.2313787137361,677.2313787137361,19341646
2021-05-24,708.6524047851562,713.5802835168118,703.2786932748347,705.5079717486789,22146102
2021-05-25,694.1033935546875,710.4358137074661,690.1376476015384,708.9105179885236,19236974
2021-05-26,693.2117919921875,697.8815210156303,689.9030503651489,694.5962683948438,12283990
2021-05-27,695.8399658203125,698.8201477391202,686.359631255204,691.3579197941298,20439496
2021-05-28,705.601806640625,710.0838525520162,694.0095816003264,699.711852680656,17750020
2021-05-31,711.42138671875,713.1344226207401,698.1161261259302,703.9826481942154,15661054
2021-06-01,709.4737548828125,716.6544014678477,707.3852957514168,713.5099682674916,11030162
2021-06-02,705.8599853515625,708.7697575878392,700.6974455650817,708.6759161441885,10624016
2021-06-03,713.6272583007812,715.6922283086948,698.2334809401569,707.7372470225217,10287260
2021-06-04,704.428466796875,713.6741397648148,703.6071537238228,711.4917821412254,9424476
2021-06-07,703.9122924804688,710.5532074293563,702.1054150028515,708.6759202234664,8091668
2021-06-08,696.0277099609375,704.5928327070137,695.3002382636607,702.3635541840623,9872540
2021-06-09,694.7369995117188,704.9212584250613,690.8650951295572,696.4265463295208,10223442
2021-06-10,695.089111328125,698.8201969180637,691.616118367592,695.5818648698605,11483540
2021-06-11,697.5764770507812,702.363593998215,695.0891057741178,699.7588349760628,7205974
2021-06-14,694.338134765625,697.4122155632496,686.4066419416969,693.7749715049621,8881964
2021-06-15,699.4067993164062,702.1053996157315,692.1558005586704,697.4121817038616,7569602
2021-06-16,696.7550659179688,701.1667018724054,693.7044745108933,698.3507713427973,7702098
2021-06-17,688.0726318359375,694.0095636525376,685.2097805123956,688.025711117241,9283802
2021-06-18,694.50244140625,699.2895009800766,682.8632375342359,689.6684038189413,11938060
2021-06-21,698.6793212890625,700.1342646607563,684.740487133295,685.843381874533,7260472
2021-06-22,696.3797607421875,707.7373262176386,694.5963148555073,702.5747860396584,14366824
2021-06-23,697.1775512695312,702.9502324694557,693.9392193107994,699.2894994221484,7844868
2021-06-24,706.9159545898438,710.2950486019043,698.3508318205394,699.289475411696,14785024
2021-06-25,711.0694580078125,714.3077899327078,707.2679628308744,709.1921707806569,10383176
2021-06-28,707.9015502929688,714.7771263611263,706.3293336661163,713.3691609119579,9356786
2021-06-29,707.995849609375,710.8946247455797,703.3294430527785,710.3290241185672,10971692
2021-06-30,706.0397338867188,711.2717411509619,704.248569309887,706.0868576833274,9679022
2021-07-01,700.7841186523438,707.9722523731766,699.0165447865652,707.9722523731766,16911442
2021-07-02,697.791015625,701.9624783043606,696.1884038647243,699.9592279885684,14827036
2021-07-05,704.8848266601562,709.1505943606934,699.7471249482627,702.2923851387313,7373882
2021-07-06,723.3854370117188,725.8836309647381,705.1440986514599,705.6154516585798,17669032
2021-07-07,725.64794921875,728.4053527828391,720.0859607596334,723.0555076983193,9629190
2021-07-08,716.6686401367188,724.7994793220731,713.3691691629517,718.8133192849504,8420922
2021-07-09,707.9722290039062,714.5711712183235,705.8511404349864,712.9450263307689,10695842
2021-07-12,700.9019775390625,707.9722732102703,699.4879184048209,707.9722732102703,14458978
2021-07-13,707.9015502929688,709.9048007092238,699.5350338486096,705.1912703180354,18178142
2021-07-14,706.6288452148438,710.4939167107168,702.8344306367802,705.8511012750796,9788494
2021-07-15,716.7864990234375,719.6382077481538,706.8645526895766,709.386279784491,10438802
2021-07-16,717.5642700195312,721.1465415214508,715.8910012945706,720.203835466303,5170628
2021-07-19,693.3602905273438,701.773930403735,691.003525433777,700.9019388267574,25111600
2021-07-20,680.2330932617188,685.3472618026042,676.9336222626691,679.6910258042333,24174250
2021-07-22,682.8490600585938,692.1818723641803,681.1050769943755,686.3370837252376,13207114
2021-07-23,680.0445556640625,686.9734219007363,676.5329987523337,684.1688945045134,13126684
2021-07-26,676.1795043945312,680.6337674613171,673.1392428632075,674.0348251175094,13167166
2021-07-27,678.6304321289062,683.4146762367266,676.909982297063,676.909982297063,22401430
2021-07-28,668.0487060546875,678.1356153737547,661.7796874249065,676.4152227582431,20670342
2021-07-29,668.496337890625,674.0111445269004,666.1631637456323,673.2098675073402,13702230
2021-07-30,672.3614501953125,674.8596440599179,663.6414198722055,668.8498934318305,11655488
2021-08-02,670.5703735351562,676.3915717214235,667.553702752938,676.3915717214235,13258786
2021-08-03,676.2501831054688,678.7012534350654,664.6077860390765,664.6077860390765,12033120
2021-08-04,690.673583984375,695.010008632311,678.7483298952376,679.2196829021093,22053948
2021-08-05,699.888427734375,710.3524979182542,686.9498120607694,691.521912735186,18822408
2021-08-06,703.5650634765625,707.0294965017797,694.7743185624155,699.2757627054266,13339270
2021-08-09,708.8677978515625,710.4939427084024,695.717037465009,703.2586855676107,10998048
2021-08-10,710.6353759765625,716.3387358814329,701.8446308455032,701.8446308455032,14838346
2021-08-11,704.649169921875,715.9145185385829,702.8109391856917,714.0526971362598,12585786
2021-08-12,707.6893920898438,710.6117576183266,701.986032407233,705.6154274221107,8597674
2021-08-13,719.37890625,721.6414236044736,707.5008339845297,707.5950815667134,16658428
2021-08-16,721.452880859375,723.5268455398996,717.1399894581244,719.355383052083,6252778
2021-08-17,713.9348754882812,718.3420147931824,709.5277361833801,715.1367911869571,8282666
2021-08-18,713.1571655273438,737.8324862175572,710.9653623345046,733.7552708223984,22985932
2021-08-20,713.9820556640625,716.3624116591169,700.4542457052221,700.4542457052221,13150406
2021-08-23,718.624755859375,722.6548469325011,711.1066986965757,721.0993590527876,10843054
2021-08-24,734.7686767578125,737.4318329482019,719.9681797566745,721.1701530270047,18381314
2021-08-25,734.085205078125,737.5732289348242,729.6544751811401,731.5870110560837,7727974
2021-08-26,732.8596801757812,740.4955758934537,727.5097775020628,730.5971627211032,11119002
2021-08-27,729.8665771484375,734.6744125830311,728.3582704659445,731.5399034221944,6382138
2021-08-30,739.1994018554688,740.0242696719821,731.3513622649991,733.2367744170297,9049166
2021-08-31,745.3976440429688,746.316759375633,736.347631940255,736.9604138541697,12062576
2021-09-01,744.3134765625,753.2220593604493,742.1452643698544,742.380940859016,12422558
2021-09-02,748.97998046875,750.3940395885777,740.6134640097692,741.9568086659631,9618524
2021-09-03,742.8759155273438,753.2220908183579,739.2229297927742,747.6129786344094,10735334
2021-09-06,737.9973754882812,745.1855088006523,736.2298017229441,744.7141557965624,7876896
2021-09-07,739.6707763671875,745.6805277762566,733.0482429756335,736.4891432682685,7245496
2021-09-08,743.0408935546875,744.9734293804592,737.9502580513881,740.9433381454963,6724080
2021-09-09,739.3643188476562,744.4784874906934,735.7820474847764,741.9096366054056,8250948
2021-09-13,733.2131958007812,746.623165884882,732.3176135764846,736.2533996920364,8959164
2021-09-14,729.9137573242188,737.4318151343691,728.9945843931664,735.3107265002338,9758506
2021-09-15,729.0888671875,732.8596913104491,723.5268785908661,723.5268785908661,14822998
2021-09-16,735.287109375,737.337541011451,724.139656651742,724.823095505086,10260550
2021-09-17,745.7511596679688,748.9799162069082,734.9335738064987,739.5528562168905,20498102
2021-09-20,735.2400512695312,745.5391040127337,734.3680596255008,737.1961779552523,8781610
2021-09-21,731.5162963867188,739.3879263437849,720.675176926526,736.253417253087,14774996
2021-09-22,722.9141235351562,730.6679154491995,721.170140328731,730.1258479537283,10582202
2021-09-23,740.0242919921875,740.9669980966361,726.8264065299064,726.8264065299064,13664304
2021-09-24,754.8955078125,757.9121213321778,742.3810611942257,744.2664734131317,20806702
2021-09-27,765.9957275390625,770.897810110691,757.9356029703401,761.5649979543558,16415462
2021-09-28,761.2586669921875,769.2480771309301,745.6804277090266,769.2480771309301,12773790
2021-09-29,751.2659912109375,757.2757421502743,747.1652429970269,752.7507647153568,16263036
2021-09-30,751.784423828125,757.1578593891942,746.1989024381242,747.5658376084796,15975348
2021-10-01,746.0103759765625,748.9799229152986,737.7852890768855,746.1518048929627,11128596
2021-10-04,747.447998046875,754.8010931257268,746.4345776186594,748.9798952523944,7051028
2021-10-05,752.0201416015625,752.9864382935298,742.9701867669335,750.3939967219402,10257178
2021-10-06,761.18798828125,766.8206337423082,748.037227778634,752.279404873787,18600830
2021-10-07,759.1140747070312,767.2213240201912,757.4643390588012,766.7028471812472,11265724
2021-10-08,755.4139404296875,764.534609996916,754.2355578618747,759.821079725665,7245562
2021-10-11,770.0965576171875,775.3756882238539,753.6934501337035,754.117679343109,13080848
2021-10-12,768.1168212890625,773.7495240446331,765.9486090418776,765.9486090418776,8176946
2021-10-13,772.7361450195312,776.7897694446709,768.3054151667559,771.6048862748339,6225644
2021-10-14,795.361083984375,796.5865903079762,772.0762336831153,772.0762336831153,14757288
2021-10-18,787.3009033203125,813.0838882393446,785.7690061395716,803.656828665555,28856456
2021-10-19,795.9738159179688,797.7413897297765,787.6308905415203,789.7283884495815,8987540
2021-10-20,788.9743041992188,800.7110068447181,784.5435739487706,796.1624383298337,10908568
2021-10-21,790.1290283203125,792.7921266433679,782.846590210941,788.0079398970752,9738190
2021-10-22,792.2265625,805.0709318756508,787.5130324538897,791.9201715393611,12175554
2021-10-25,781.031982421875,796.586632645123,760.6695542358173,796.586632645123,16426766
2021-10-26,779.0286865234375,788.9742235171688,776.0120157547155,777.7324657471921,12090656
2021-10-27,774.3388061523438,784.8264114145786,771.7463644021283,779.0287459397207,13249642
2021-10-28,751.1481323242188,777.7324531391627,748.1079284772308,777.7324531391627,17797750
2021-10-29,746.0811767578125,755.1075993311177,735.3107708842346,749.4513626320083,12406874
2021-11-01,756.6629638671875,759.3496528452123,746.4110365243052,747.0944753318818,8122320
2021-11-02,757.346435546875,764.5345688234207,754.1883934504956,756.9929207955695,13237722
2021-11-03,745.421142578125,758.8311692987985,742.6402060439535,756.5686519935621,10207338
2021-11-04,751.3131103515625,753.1513986057339,749.4984127632714,751.8080540293735,1096808
2021-11-08,754.2826538085938,756.3801516865756,740.2363111035764,750.4411152717126,18943580
2021-11-09,741.0847778320312,751.6195062096148,739.5764711993187,751.6195062096148,12695476
2021-11-10,733.07177734375,739.5528813067634,730.5971740124177,739.0815282912715,13714126
2021-11-11,729.7958374023438,732.9067555433203,723.8096200707171,730.6207051122044,7999404
2021-11-12,732.0111694335938,734.8628779447374,728.263936301421,730.5971105100259,14914092
2021-11-15,734.0144653320312,740.8962076814116,732.671120778542,736.3005158933319,9533594
2021-11-16,729.6544799804688,733.9909047790219,726.6378091240701,732.9539511431711,8245406
2021-11-17,721.5471801757812,727.7690166290893,720.4630452833957,724.4224219074129,7598878
2021-11-18,725.600830078125,727.5333658981037,718.9311735251589,719.3082789458317,9152874
2021-11-22,714.2647705078125,731.8697938820641,706.5817509858955,728.7117517378113,15261272
2021-11-23,714.359130859375,720.1332056646206,705.3091178661842,707.9722740799199,11235214
2021-11-24,715.5374145507812,724.1631395648294,713.6520026301317,718.3419417674652,30802286
2021-11-25,719.2611083984375,722.7255990804623,710.3289918021417,714.0055683250943,10251652
2021-11-26,702.2688598632812,710.1875558943357,699.9592186107286,707.0295137482107,18624936
2021-11-29,707.6187133789062,710.6353841808863,689.1181075503487,704.578509449115,12990996
2021-11-30,703.9893188476562,720.6987602207474,700.6898477413481,704.6727577043933,25221542
2021-12-01,709.2212524414062,710.3525110684709,701.8916907981912,704.672684807749,8677634
2021-12-02,719.1668701171875,720.6045198431761,707.0295298546821,709.1506184442461,11203110
2021-12-03,713.4163818359375,723.974643385286,710.3525872256938,719.1904562937043,8124694
2021-12-06,708.8206787109375,715.8909738535327,705.780417276696,713.1571033831123,7029532
2021-12-07,719.1432495117188,722.1127964287651,711.6959066302215,713.6048517584302,12427534
2021-12-08,732.3883056640625,732.9774969070223,723.0554933602959,723.9981993490317,15295534
2021-12-09,719.685302734375,732.8124720248737,717.399252235877,728.3346186107864,11747744
2021-12-10,717.6585693359375,720.2274203001268,711.0124456704003,718.7662374341234,7779384
2021-12-13,712.28515625,724.7760117810012,710.4232772233948,719.2847373701072,10322142
2021-12-14,708.1842651367188,714.5711210612225,705.6390050632396,708.2078558011126,9191100
2021-12-15,707.029541015625,718.0356226964593,704.979166854322,708.4436000976563,10115148
2021-12-16,707.07666015625,715.0425377735647,704.2014182160223,713.062878087037,13210432
2021-12-17,694.3265380859375,709.8575959379563,691.804753583747,705.6154190698012,14994768
2021-12-20,671.9844360351562,687.2326945331013,666.540285707213,684.4045764486029,21156668
2021-12-21,679.5968627929688,683.8154496514587,674.0348736871176,678.512727743081,9118750
2021-12-22,681.1994018554688,686.2900377884157,676.7215479001186,684.5460545263543,8577484
2021-12-23,680.680908203125,687.138479323267,677.2635986900005,684.9937999928487,9779166
2021-12-24,678.2297973632812,684.4045097382653,673.092038502922,681.3407154453598,5561024
2021-12-27,683.8389282226562,685.3472347473958,670.3346538020076,673.516286425491,4705098
2021-12-28,688.5525512695312,691.4277933368824,685.0645272282895,688.5053699344523,5450678
2021-12-29,685.2765502929688,688.6467357641378,682.236346446049,686.313561420056,7668702
2021-12-30,688.8824462890625,691.4041734660912,681.1051213737225,687.4683872135461,7215918
2021-12-31,697.3196411132812,699.8649588260537,688.8824108886321,688.8824108886321,6325736
2022-01-03,716.2916259765625,717.8706470806869,697.8381437970827,699.9592323800526,9069184
2022-01-04,720.4866333007812,722.5370072923005,710.706058793291,716.4565422354243,8857352
2022-01-05,737.5967407226562,740.9669262268131,720.2745177335752,724.3753234130993,14332638
2022-01-06,725.7658081054688,732.8361033622195,721.1937068547206,727.2977054110981,9628930
2022-01-07,730.8564453125,738.4923411912954,723.9511120889158,727.7690600283134,11179384
2022-01-10,734.9100341796875,740.9669086620635,728.4760542857628,734.3679667274141,8856496
2022-01-11,738.0916748046875,739.4114286828302,729.5601970054279,736.0413007606705,8389198
2022-01-12,733.731689453125,743.158749844934,731.5398864043873,739.0815347178345,21085530
2022-01-13,720.2274169921875,732.9539485751646,716.6451455357324,732.9539485751646,41963896
2022-01-14,728.3110961914062,729.9843648109774,715.9852037890422,721.1700867657897,11208968
2022-01-17,717.16357421875,733.4252523722478,716.0559061999937,721.17007463338,22989372
2022-01-18,720.8165893554688,731.0213935128055,717.8706330478201,722.584163140058,12341152
2022-01-19,715.7259521484375,725.7657942364514,713.3220633147214,723.0555144398223,14317626
2022-01-20,711.271728515625,720.4631126813339,707.0766750041462,720.4395220143421,15197846
2022-01-21,717.210693359375,721.0758223748787,700.2419858309755,707.0294803499766,11537694
2022-01-24,700.7369995117188,717.045802980662,691.7341680698587,711.7194906811166,11868508
2022-01-25,701.3968505859375,704.6727309016017,680.6337280414132,687.5390609588932,13594248
2022-01-27,695.2221069335938,699.9592277528617,676.3915769867721,683.461872216599,28617838
2022-01-28,689.7073364257812,700.7605422088453,688.175439044347,696.4241172520702,24925208
2022-01-31,700.2891845703125,703.0466458693592,691.3806581950349,694.1851857519612,12842546
2022-02-01,705.6154174804688,715.0424771662465,694.515031685183,711.035976799791,14739484
2022-02-02,721.7357177734375,723.5268822561961,709.6690920265137,712.6621721816252,13969290
2022-02-03,714.2647705078125,725.8600430187671,711.271690409028,720.5809123345272,10564762
2022-02-04,718.3419799804688,722.5134425691704,713.6755737209854,720.4159447111513,11579958
2022-02-07,692.0169067382812,715.9851948747348,688.1753683456964,712.732847722172,12268042
2022-02-08,689.0473022460938,696.8717497515614,680.8929306890893,695.9055107216591,13981130
2022-02-09,705.8982543945312,706.8880842052619,691.4748638344604,694.7743348957019,11308342
2022-02-10,718.8604125976562,723.7624950584774,707.8072083194695,713.6284060687299,14314530
2022-02-11,715.9144897460938,718.8133221924129,706.7938207393594,707.1473354879786,10711104
2022-02-14,694.6328735351562,706.7702129435663,692.5589664240902,702.315950234209,14656620
2022-02-15,715.419677734375,718.7662728603503,694.3266288816413,695.7170973549718,13135066
2022-02-16,714.4533081054688,723.4090150848546,710.3289693649622,723.2204623776469,10032264
2022-02-17,710.09326171875,717.3992328814719,707.9721733166695,713.2041798674937,7351208
2022-02-18,712.8507690429688,715.042572218916,702.5281258071822,706.2282932562887,7796128
2022-02-21,717.4464111328125,721.500035545746,704.9320231334966,708.9149330866851,7468066
2022-02-22,712.072998046875,717.4464340862633,701.349716634838,702.2217657692433,9536196
2022-02-23,707.4537353515625,719.143255330156,704.9791320800717,718.8604550353416,9029562
2022-02-24,669.0384521484375,695.2220764796741,663.2643779636765,683.4147184860057,23630766
2022-02-25,686.337158203125,690.9564410653753,675.3781998927237,678.7247950089024,18318654
2022-02-28,672.2672119140625,678.0648767919523,666.5167283664347,672.1493736648225,24880832
2022-03-02,647.7568359375,659.1400219678923,638.4004907463168,653.5309099707796,38505560
2022-03-03,646.2249755859375,656.1233887787199,642.4070277192203,650.9385056777386,17527922
2022-03-04,644.1038818359375,653.2952654406216,630.1518443846742,641.0400873010428,21219364
2022-03-07,624.4484252929688,628.0071056230031,611.3683806347518,621.4788786255517,27054458
2022-03-08,625.8626098632812,628.7849757909518,608.9881474676985,613.7959256166312,39212492
2022-03-09,646.2957153320312,647.9689840571638,621.6439289720977,626.8995267377292,23134694
2022-03-10,656.453369140625,672.6208017566486,650.5850466885873,672.6208017566486,22273206
2022-03-11,658.3859252929688,664.1128184896867,647.0262714123913,654.2379956768514,15150780
2022-03-14,679.9503173828125,683.461874342599,666.9645187550191,666.9645187550191,25018126
2022-03-15,671.2066650390625,683.2261664144108,665.4325908489442,680.3980484437407,18867928
2022-03-16,682.5899047851562,685.818661546651,676.9572015299387,682.0478372907245,13364108
2022-03-17,697.6259765625,702.2216679560918,693.1481234097697,693.831562191484,14823954
2022-03-21,700.6661987304688,704.0363840160599,694.2086859754128,700.9018752184372,12257876
2022-03-22,704.2720947265625,706.0867922644604,686.8555668964469,698.2152201990917,10461814
2022-03-23,697.2489013671875,715.8909348939266,694.5857455007667,710.3289466691576,31188256
2022-03-24,679.9974365234375,692.7239678896223,676.179488621224,691.0035178824776,20160044
2022-03-25,674.458984375,684.4045206537181,668.8498724570427,683.9331676780613,16366462
2022-03-28,675.3546142578125,677.8056268891377,660.6483658552339,674.4590320331405,15754886
2022-03-29,684.310302734375,688.2932125360271,674.0347844043956,679.2196673613525,12377448
2022-03-30,696.164794921875,698.8986653551722,685.3708571813181,693.8316205717845,20109742
2022-03-31,693.0538940429688,699.8177983000435,690.956396141668,693.3602850103366,14295714
2022-04-01,709.857666015625,711.7430781431566,693.0303857926908,695.905627779534,14568556
2022-04-04,780.937744140625,811.717063305218,736.5127198672889,744.7378074469077,97450970
2022-04-05,758.0534057617188,785.6039635434355,755.1074497312442,785.6039635434355,30922582
2022-04-06,730.997802734375,749.3570369637367,729.3480672023461,748.367149613952,27027860
2022-04-07,714.9246826171875,726.5199552317692,713.4870329119532,726.4964221040401,40781732
2022-04-08,713.9348754882812,719.1668825923216,705.7569119587439,712.7329022513939,41256322
2022-04-11,705.21484375,711.743071674605,703.8479084623203,709.8576595642086,20799066
2022-04-12,703.9656982421875,710.2582492196703,697.6731472647047,699.4878447883538,27435402
2022-04-13,690.508544921875,708.1136252624533,689.4244675595777,702.3159604262024,28892520
2022-04-18,657.74951171875,674.812524605193,655.204251584592,668.7791832735278,45620376
2022-04-19,632.6500244140625,654.9686367877854,625.4854812537209,650.8914215025658,74096022
2022-04-20,638.3534545898438,640.9930201454939,629.4212798259513,638.4241115163253,49325736
2022-04-21,647.803955078125,650.3728633361902,637.882009394674,643.396816232816,52446270
2022-04-22,638.9661865234375,648.275409311217,635.9259823498029,641.0401514622819,20659148
2022-04-25,643.7503662109375,646.0600074417596,623.2465105051525,636.3265563864292,20935488
2022-04-26,646.7199096679688,651.3862583590679,639.696738427719,646.696319002576,17016842
2022-04-27,646.9556274414062,649.9958314841875,639.2018355378302,641.0401238712799,18054334
2022-04-28,646.3900146484375,649.9958771059432,642.0299987940285,646.6964056485527,20773722
2022-04-29,652.6353759765625,662.1331507788793,646.4842536262624,650.6321256538644,28401476
2022-05-02,661.6382446289062,662.9344654994779,642.0064363833634,642.0064363833634,19494316
2022-05-04,639.1546630859375,661.5910542057965,636.3265451076811,659.8941949264841,29055916
2022-05-05,637.717041015625,648.1103980505561,634.6768370727809,648.1103980505561,17862912
2022-05-06,621.0547485351562,629.256302866679,618.8865360778649,626.899537687403,26731268
2022-05-09,622.115234375,625.2497432763752,610.6378005386687,612.7588890005939,32762434
2022-05-10,632.1079711914062,637.7406165931875,619.8527930454914,619.8527930454914,20113812
2022-05-11,635.6666259765625,638.6832965972832,626.2631569127929,637.7405906244459,17102924
2022-05-12,621.3378295898438,632.6626236497726,616.5456302942334,629.9446381510659,22382290
2022-05-13,615.7588500976562,628.4664728943592,613.6846362784827,624.6756703354284,16768238
2022-05-16,622.3152465820312,625.605408619412,612.8739803701748,619.4065745401037,9804356
2022-05-17,626.5591430664062,627.9896433930419,619.0251513965757,625.8915646058682,16641444
2022-05-18,626.511474609375,635.7620550776511,624.6518125336729,631.3513457143408,15732384
2022-05-19,613.70849609375,618.1668770716954,609.5362035355004,613.3031411080406,20537506
2022-05-20,629.873046875,631.4227554014492,616.235623483687,621.3139107579532,13919350
2022-05-23,621.7908325195312,634.1646375371703,619.4543369215359,626.5591671247424,19486320
2022-05-24,628.9194946289062,631.8043604633406,618.4053513281642,619.8835234734662,12870796
2022-05-25,633.6162719726562,637.0255843609352,630.945958254076,634.1884487939494,12887112
2022-05-26,651.688232421875,653.7386394755416,638.9568029884944,639.9820065153276,26992428
2022-05-27,663.7760009765625,665.0395630030812,653.619425612307,654.1201239977923,24031718
2022-05-30,668.3059692382812,677.3419401588538,666.8277389241902,672.4543971200447,12624674
2022-05-31,662.2977905273438,669.8556472006675,658.0301544750445,665.6118178963071,13485388
2022-06-01,665.1111450195312,667.7814007740827,657.6248829243622,658.0301797269549,12091896
2022-06-02,660.4619750976562,661.8448036920564,657.3625577893001,661.4871786180153,11475020
2022-06-03,658.1732177734375,667.9244382979387,656.265884021382,666.7562196576873,6957244
2022-06-06,657.2910766601562,661.3680261315227,648.8034757768829,656.2659312604004,6173266
2022-06-07,649.7332763671875,655.3122629058549,645.6801918610423,649.447187925843,10253966
2022-06-08,652.0220947265625,658.5070182393969,647.0630150259678,654.8354238246392,5986588
2022-06-09,656.9334716796875,659.0077439136636,647.1345784473186,649.5664175892898,7311816
2022-06-10,644.2496337890625,652.284265420143,640.6733830742902,648.5411346467891,9155430
2022-06-13,632.5672607421875,634.1885061587722,623.8412432885393,631.1367603523557,10892572
2022-06-14,625.60546875,632.2811368616616,622.2676346941691,625.2478436725895,11870356
2022-06-15,623.4358520507812,627.4174578035411,619.1205443832129,620.6702530488095,11810470
2022-06-16,610.9666748046875,629.6823862479333,609.3931012603357,624.6517704624724,12169192
2022-06-17,614.9959716796875,619.4066813040621,606.341432505013,607.9626779543335,14723922
2022-06-20,630.4453125,631.804276093931,617.0939768542414,622.1245344678745,15936840
2022-06-21,637.311767578125,645.6324879546275,631.3513494840091,637.4786476433186,13220684
2022-06-22,634.3076782226562,637.5024389608913,630.9459792160602,635.2613450946317,8159698
2022-06-23,636.6441650390625,642.7714629667031,628.7048767964377,634.4268779504439,15372244
2022-06-24,645.5371704101562,649.2803014817805,638.2654600440085,638.2654600440085,8013432
2022-06-27,646.7053833007812,656.1228441820276,644.6788410858295,653.2618434079781,9804164
2022-06-28,641.7701416015625,644.2019805157319,638.1938907844877,640.8641464197954,9770574
2022-06-29,640.8402709960938,644.0827616334888,634.7845096609898,634.7845096609898,9994046
2022-06-30,642.771484375,645.6324850472922,637.0494830304154,637.0494830304154,12475822
2022-07-01,645.5133056640625,648.4935148314867,634.2123757840744,640.8403144066574,11472452
2022-07-04,646.4193115234375,648.5888689086767,640.0297313219548,645.4894513235824,8487480
2022-07-05,644.9649047851562,657.720199413584,642.9145559000513,650.4008176888062,14325718
2022-07-06,653.85791015625,654.8831137807998,642.3423699603694,642.7715317342753,15049078
2022-07-07,665.5641479492188,666.6131582487012,655.3837073000407,658.0301562111644,17743142
2022-07-08,666.1839599609375,672.3351227251833,665.063413064503,672.3351227251833,12474030
2022-07-11,670.4993896484375,672.2875151453804,664.3482262975119,664.7058513969006,7462880
2022-07-12,663.6568603515625,670.0702473708574,662.5124483588017,670.0702473708574,9876974
2022-07-13,647.46826171875,664.8011452694456,645.7516730110386,662.7984681449834,15945610
2022-07-14,644.225830078125,654.5254205437689,643.3675066196522,649.4471328634177,10372410
2022-07-15,649.4710083007812,650.829971959293,642.1992983624361,645.1556423987495,13595646
2022-07-18,642.5569458007812,651.4021714699085,639.9343617973317,642.7714975727254,20332220
2022-07-19,642.7953491210938,647.8021002959769,637.5263162684527,637.5263162684527,15792538
2022-07-20,650.9014892578125,653.7862965510992,646.2284984158268,648.4457854807201,20347862
2022-07-21,648.8511352539062,653.0234280582213,647.587514934586,648.7557918441202,12640278
2022-07-22,663.9905395507812,666.1362899478933,649.6378652026506,651.3544538788992,12729592
2022-07-25,665.9456176757812,669.7602854650822,659.603767400395,665.1826957593632,10143126
2022-07-26,664.5866088867188,668.5204847778867,661.0342230315166,665.6594841297646,8527964
2022-07-27,669.6649169921875,670.4278388800545,660.0567112160138,662.2739984270091,9212778
2022-07-28,675.6014404296875,679.0108111298214,672.811976477653,674.7431751714034,17420406
2022-07-29,683.8744506835938,685.9725293208875,674.862345835351,685.686440917439,20019736
2022-08-01,689.5726928710938,690.6693748619084,681.8956861065625,686.1633221238942,13193036
2022-08-02,681.990966796875,688.8335144097854,678.5577896176425,687.5937592176848,15036510
2022-08-03,683.5884399414062,684.6136435268376,675.6730161083258,679.4638188508909,10975498
2022-08-04,682.7777709960938,689.8348705353858,673.7417429578877,686.6401099732526,12012206
2022-08-05,680.4652099609375,685.1858146324166,677.65188091548,683.3023457549848,9268982
2022-08-08,697.1543579101562,698.322576561432,680.4889941699752,680.9181559096791,15357736
2022-08-10,699.180908203125,701.6604188502597,690.9555312237387,696.8205477108023,17353102
2022-08-11,708.4314575195312,710.9586981735217,703.114810936651,708.8129475754125,18301766
2022-08-12,708.1692504882812,710.1481210606156,703.782347572579,708.0977138252404,8850370
2022-08-16,716.2753295898438,719.303210148897,709.5519900459353,712.7706156133897,12563756
2022-08-17,719.9708251953125,721.3297888625858,708.455285937919,715.2501624814931,12384350
2022-08-18,720.8291015625,721.8781700746134,715.083293426438,715.2501734921445,8342138
2022-08-19,711.9361572265625,720.9721272046115,710.4817920204175,720.0184603696848,8063702
2022-08-22,701.112060546875,709.6950627568181,699.8484402467471,708.0023389119602,8234066
2022-08-23,698.9424438476562,703.7822564500827,691.5991976062035,692.9820261528414,14966884
2022-08-24,702.3040771484375,703.567697327946,695.7952894524211,697.0827745853405,13455520
2022-08-25,698.489501953125,708.956031619849,694.746370827924,705.6658690115484,11823040
2022-08-26,698.608642578125,706.571795737017,696.7489805705271,701.922669821625,7706176
2022-08-29,686.3541259765625,689.5012153178989,681.2043010854942,685.209713977746,8653178
2022-08-30,708.6221923828125,710.4579895600864,688.1183536283256,689.7157340758961,10135400
2022-09-01,701.9703369140625,710.2195202264792,695.6999657458512,698.4417579343628,22403136
2022-09-02,708.3360595703125,710.7202267179742,698.6563176679234,701.9703449274967,12038086
2022-09-05,712.8898315429688,714.7733002788336,707.6684706426263,708.6221374875614,12131932
2022-09-06,710.171875,718.4211168271452,708.7890463771504,714.7256576526923,12238696
2022-09-07,706.810302734375,710.4818973100721,701.5651343649718,701.5651343649718,9776206
2022-09-08,714.1057739257812,715.2501858646065,706.7387202942595,710.5295229964582,11164690
2022-09-09,714.5825805664062,719.5416599770733,712.4130233416942,713.4381686705282,15128888
2022-09-12,712.1746215820312,717.1575078450126,710.4818395539021,715.2501740475525,11080492
2022-09-13,721.4967041015625,722.8318610861717,714.5588121115665,714.72569218284,13001966
2022-09-14,728.9114379882812,733.7989806697682,711.6023611114497,712.4130128707517,20219760
2022-09-15,725.12060546875,734.7764828490489,720.9721777289864,729.5551798448076,13539372
2022-09-16,711.7930908203125,722.2595611522394,707.1439649549646,716.7283050974717,20560046
2022-09-19,716.4899291992188,721.9258421620923,705.7135048876463,710.005005930882,12076038
2022-09-20,725.12060546875,726.6941791395338,719.9708391235822,721.9258446307442,10781668
2022-09-21,724.0000610351562,725.5020980521249,717.6343460850792,719.0648464427238,9072304
2022-09-22,708.5745239257812,720.0900636646711,707.024815175607,716.203859311254,12048144
2022-09-23,689.5726928710938,703.3293260130257,685.2096552411647,702.0657057519676,15806252
2022-09-26,680.2744140625,684.9473466801295,676.1497933151521,679.6545073301754,8923486
2022-09-27,674.1709594726562,686.640165791492,670.9046619921036,683.0162432245896,12639700
2022-09-28,662.5839233398438,672.6212322291279,660.8434696594633,670.4278100680706,11816132
2022-09-29,659.1506958007812,668.6158279671512,657.457972008847,665.8025572298395,14410388
2022-09-30,677.7472534179688,682.5632599121722,650.8776985303382,657.4580238203428,15781756
2022-10-03,673.8610229492188,676.0783101815036,668.091349719865,672.3113142029307,11541112
2022-10-04,692.8389892578125,695.2231564610397,680.0360230179241,681.6334034026448,11538526
2022-10-06,685.209716796875,697.4166423509788,683.8745597582272,696.1530219764036,12549198
2022-10-07,682.2532958984375,684.2321080699908,677.2703516235181,681.9910142286817,13297994
2022-10-10,674.7193603515625,679.9645285239068,666.7085347690978,671.3815260600707,13109302
2022-10-11,667.8767700195312,675.6729851295851,667.3045349666569,668.0913217848547,14521620
2022-10-12,672.2398071289062,674.6477810770621,666.2793891277179,669.0926598585132,9225050
2022-10-13,664.5150756835938,670.547030389517,659.9374862642428,668.5443532083033,14714234
2022-10-14,686.1632690429688,689.9779362787879,674.8384756866307,675.6729341444661,12849920
2022-10-17,689.763427734375,695.0324022595614,680.4413108100514,684.2559782848099,18410500
2022-10-18,688.4759521484375,697.5596524823972,686.6401550420235,695.2470219349817,10561108
2022-10-19,695.5330810546875,704.473707696787,693.0297055948997,698.0841282151256,12967040
2022-10-20,690.8363647460938,692.7913703603108,687.8322905581717,688.5475407736568,7898078
2022-10-21,685.9725952148438,695.0562957955253,683.7791729681034,692.3621751392511,10492606
2022-10-24,696.677490234375,697.6072921187055,693.4588646555635,693.4588646555635,2167794
2022-10-25,691.837646484375,699.8961432239248,689.024317560162,696.7013242666228,13773394
2022-10-27,693.506591796875,699.6815617847648,692.0045547652451,698.3225980731793,15937276
2022-10-28,695.556884765625,699.5146254248026,690.1687020571595,691.4084573046788,10474278
2022-10-31,713.6765747070312,714.2964814517877,699.6338534113054,701.8988122143068,12830528
2022-11-01,721.5681762695312,729.0783026704862,714.7256283012133,716.9190504022735,19073756
2022-11-02,722.0211791992188,728.7207123849373,720.781423883552,723.3563361282185,12720406
2022-11-03,718.850341796875,724.9061037583452,713.819725259821,714.1534854156013,10332352
2022-11-04,713.8912353515625,722.927206250495,710.2911193999335,716.7760428968928,10818060
2022-11-07,719.4462890625,720.9721327271889,711.4831360055423,720.0184658849572,9835834
2022-11-09,719.231689453125,723.8092787202978,717.1574756828504,722.4265083449185,9269790
2022-11-10,727.0518188476562,728.124694133708,712.8898883546585,713.867362024291,12774182
2022-11-11,768.250244140625,780.576377495058,733.3698647448987,736.7076989797584,56722338
2022-11-14,770.10986328125,776.2848329880451,761.9798299231547,768.6554980201036,19195390
2022-11-15,771.9933471679688,773.9722176054245,765.4368873016565,773.9722176054245,11030202
2022-11-16,778.621337890625,782.9605105647372,768.6555073266483,771.8264613525328,13578150
2022-11-17,771.5880737304688,777.9776537258907,769.5615315286467,771.5642087746223,12100930
2022-11-18,769.5615234375,773.9006962296316,765.4369024168923,772.947029321154,10459232
2022-11-21,761.6698608398438,768.6554821672339,758.2604902049189,766.5812684070451,8344816
2022-11-22,760.54931640625,765.0076973092594,758.6419826973942,762.9334835423198,8546314
2022-11-23,762.5282592773438,765.3177234503468,760.0725552522447,765.3177234503468,10185738
2022-11-24,774.9259033203125,778.1922008552546,762.528233453746,765.7706660329841,17197960
2022-11-25,771.349609375,778.0490841395193,769.656827416289,777.0954172798976,8410496
2022-11-28,763.052734375,766.4859119591684,760.0963902445886,764.3163546688984,16105980
2022-11-29,761.9083251953125,768.8224102997547,759.5241579179186,761.6222367634671,12638236
2022-11-30,766.9627685546875,769.0847124122583,761.5507203326856,761.5507203326856,15184806
2022-12-01,772.2317504882812,780.5763356278582,770.0860000238185,773.4238340796494,20446366
2022-12-02,766.3190307617188,771.8026154718403,765.3892288111468,767.7018594170172,7811078
2022-12-05,769.1084594726562,769.8952462754767,761.1214995010791,767.6779591792395,11592622
2022-12-06,768.250244140625,769.4661345447124,762.9335393965137,763.4103728586365,12353092
2022-12-07,767.9163818359375,771.8025859712274,765.0553812269693,769.6807004691251,11674720
2022-12-08,772.2317504882812,775.3311678258384,765.317665658346,767.7018328410823,14803634
2022-12-09,777.7392578125,779.5511900818294,772.470224663853,775.3312254959412,11963384
2022-12-12,783.7949829101562,788.4917807480546,773.1377669512682,774.8543557286715,14434808
2022-12-13,785.964599609375,790.1130273451414,784.3910259401073,786.7751931922048,17031702
2022-12-14,792.6163940429688,794.1661027393981,786.7751843410429,788.2056846762084,14227640
2022-12-15,778.0968627929688,796.025789235593,775.8319038594764,790.1369076499547,18182648
2022-12-16,781.8399658203125,784.4386847996653,767.2250091628113,772.4940419865575,14647958
2022-12-19,784.2717895507812,785.1777847156434,775.4265060787108,783.9141644757467,9604542
2022-12-20,778.8597412109375,780.2902415101346,772.5655049701468,772.5655049701468,7174698
2022-12-21,771.3258056640625,784.295710909055,766.056830770618,782.483720449019,9269198
2022-12-22,768.679443359375,776.0464974253202,767.2250779461384,773.5192566700209,9747096
2022-12-23,761.8129272460938,764.912344484807,755.9955245814168,756.7346396673765,10693152
2022-12-26,776.9762573242188,781.5300401454731,758.1652006292264,762.6951184946212,9907322
2022-12-27,777.7630615234375,780.0756922122324,769.370804090205,778.6690567581684,7926772
2022-12-28,777.1431274414062,778.668971095147,773.9483086185304,773.9483086185304,8691870
2022-12-29,782.6267700195312,783.6757803336872,768.1786931046973,772.5178658873727,11012896
2022-12-30,776.3563232421875,784.3909545086317,772.4701193337285,784.3909545086317,7122640
2023-01-02,776.6185913085938,781.8876240414891,771.7787785152973,775.8079977530128,4381378
2023-01-03,781.6968994140625,783.4373531364218,773.5191941595414,773.5191941595414,8378030
2023-01-04,767.7257080078125,784.7486386361,766.2713427241154,779.6226791250333,10351600
2023-01-05,762.7904663085938,771.5404069069949,757.8791165715504,770.086041564191,10941436
2023-01-06,760.2632446289062,767.2726728794629,752.5385080146694,763.8871671135968,9092462
2023-01-09,761.741455078125,768.4409884980028,758.1652041153169,761.0262048855634,10729340
2023-01-10,747.8179321289062,762.9335293972048,746.2443584416409,762.9335293972048,16371766
2023-01-11,758.5942993164062,761.9798049560592,743.8601350009088,747.6509374060124,15195798
2023-01-12,762.6473999023438,764.793150338241,755.3756900918031,757.116143753472,9250070
2023-01-13,763.2434692382812,767.6541786268239,756.2578475922829,762.3374740467607,9244546
2023-01-16,755.924072265625,773.0900760272971,753.5399050765038,770.0860020861218,14748094
2023-01-17,767.1773071289062,768.1786456773613,752.2047259814012,758.0698003765312,10786354
2023-01-18,780.7194213867188,782.7697702722315,762.7904373209807,765.3176778578492,19090642
2023-01-19,783.9618530273438,786.7751819861904,778.6690134445145,780.5763472190265,11172162
2023-01-20,791.9965209960938,795.8350536750739,783.628128603465,783.9618887463284,18843404
2023-01-23,797.7900390625,802.3199568687802,792.2111109418594,794.523741548887,15444400
2023-01-24,808.4710693359375,811.7612315986808,798.6959841567062,798.7198491107571,24983940
2023-01-25,786.1314086914062,807.255093713291,784.5340284181789,806.5160368561992,14704142
2023-01-27,770.4674682617188,780.576313547689,758.141277709878,778.1921464323937,35179948
2023-01-30,769.6806640625,774.9973682507888,754.3504582164704,760.5492925760243,18512822
2023-01-31,764.6024169921875,773.7575957088371,760.5493327736446,772.3270953964102,18596244
2023-02-01,776.0703125,793.9277020960948,765.7945282680649,774.3775304528876,17302790
2023-02-02,764.5308837890625,774.615922678675,757.5691272119083,766.7958426273043,17497106
2023-02-03,790.9713134765625,791.7819070211033,766.2713186286738,768.1786523402574,14411100
2023-02-06,787.609619140625,796.0257408337278,784.9631703174185,791.5434949438096,11167672
2023-02-07,788.77783203125,793.8799846268713,778.4782416446502,791.2574007771387,10264588
2023-02-08,788.6824951171875,795.453506556593,786.7751613925993,788.8017034749743,8444826
2023-02-09,787.0374755859375,792.3303152489482,779.8849738231639,791.5435284136015,11777336
2023-02-10,790.1607055664062,790.8282840439417,783.0558754551093,786.2030228196041,8172116
2023-02-13,790.7567138671875,792.37795918471,784.176447400358,789.1593335042546,5736944
2023-02-14,798.0761108398438,799.888101207429,790.5659841071957,793.9276831656449,10908592
2023-02-15,796.4548950195312,800.1264891181806,789.9937788120059,800.1264891181806,11438712
2023-02-16,793.5701293945312,801.9862520672572,792.0204205644081,797.8377658130619,8062500
2023-02-17,789.5885009765625,795.4297105872607,783.4134730352146,792.0203398669221,8956270
2023-02-20,782.1737060546875,796.0495472403609,779.5273154398191,791.5434946051596,8086706
2023-02-21,785.1062622070312,792.6640606208473,779.1458441823803,782.0068448342128,12389296
2023-02-22,769.7045288085938,782.9366569962647,767.2488831161078,781.5300216069451,10359102
2023-02-23,764.4832153320312,771.9218053803947,759.1665108161459,769.1323413881594,27882010
2023-02-24,757.6644897460938,771.4688530962277,755.8763643023361,771.4688530962277,17061740
2023-02-27,759.5480346679688,762.4567071501139,752.109444288434,756.210200427787,14312972
2023-02-28,762.7427368164062,765.4607222697427,757.5452408300099,759.1188144191628,18993992
2023-03-01,762.0037231445312,769.1323599867575,760.9069829193231,768.6555265335729,14137256
2023-03-02,755.5187377929688,765.7706569845689,754.3505191214605,760.0725205307256,17391814
2023-03-03,770.51513671875,772.4701421036207,757.2114726299689,761.0261399983818,14986234
2023-03-06,775.9510498046875,781.7445293080197,771.5403406574333,772.4701425461348,27004710
2023-03-08,777.5007934570312,781.7684294872995,772.4701773525009,772.4701773525009,20099774
2023-03-09,777.572265625,784.8439755691008,775.8080051837403,777.2146405457819,20700166
2023-03-10,757.521484375,769.4899925243316,755.7810306125891,767.9164188307088,27387000
2023-03-13,747.9371337890625,764.74551295794,746.220486797538,757.1638494360685,26443550
2023-03-14,745.9343872070312,755.1134310129781,743.5264132368087,748.7477161708149,33185612
2023-03-15,735.2294921875,754.7796632118132,732.702251674645,752.4431677162465,37264754
2023-03-16,739.997802734375,743.43098010609,730.5326709044617,733.8466399201144,21753342
2023-03-17,749.89208984375,753.015313821424,734.3234670343408,742.6680518870038,22950876
2023-03-20,744.694580078125,747.7224605983594,736.8983654450165,747.6509239452256,26503114
2023-03-21,753.1345825195312,754.5889478504047,742.0482046127244,749.5583315818516,33050494
2023-03-22,751.3941650390625,756.2817078446221,746.3874138723917,755.3041760006272,14177324
2023-03-23,745.3621826171875,758.3320285410612,743.1687604957214,747.5556047386536,28364178
2023-03-24,744.1701049804688,750.4881479348417,741.4521195021886,743.8601516091904,31477748
2023-03-27,747.4125366210938,753.1345377814802,743.3356457186419,744.9091611134247,31872006
2023-03-28,753.4921875,754.7796727275228,745.8151806668153,746.57810253838,39276302
2023-03-29,757.1161499023438,763.8871613832831,754.3028209998779,755.3041595699877,39763612
2023-03-31,767.4872436523438,769.1084306917847,759.3095389728885,760.8353826125519,34711228
2023-04-03,767.964111328125,770.4197569503907,764.2447872556036,766.5336110244177,40025398
2023-04-05,788.5632934570312,789.6361686862244,770.5628312783447,771.8025865684156,43365392
2023-04-06,794.5713500976562,795.9303136900837,785.3923068513528,786.0837502279942,44637344
2023-04-10,790.804443359375,796.788726678052,788.682557705265,793.0932672933991,31813286
2023-04-11,793.1170654296875,796.0257377040135,787.2996626738299,791.0666584029038,42361542
2023-04-12,803.4166870117188,804.9902024635124,795.2628467041831,795.3581901107616,26955504
2023-04-13,807.0167236328125,809.2102039991697,800.1980404379042,805.0379114436955,35330086
2023-04-17,794.7145385742188,820.1535933305584,788.3488231976595,820.1535933305584,32405148
2023-04-18,791.352783203125,799.76890525009,789.8269394436471,796.3118627322405,29637226
2023-04-19,794.2614135742188,796.4548938972878,790.184522710508,793.9276534592501,24741168
2023-04-20,797.2178344726562,799.8642251220588,794.5952505707652,797.1224328609908,32922716
2023-04-21,798.5053100585938,799.6258570616012,793.0932618640777,795.835054291986,20128618
2023-04-24,804.9663696289062,806.539885029707,798.266836628449,804.4179995408308,35675852
2023-04-25,793.5223388671875,804.7517308612116,792.449463683906,804.7517308612116,50353068
2023-04-26,797.170166015625,798.6960097364179,789.1593409634457,791.5435081566887,27392750
2023-04-27,801.5570068359375,803.5835489412633,794.3329686308052,796.5502557521912,47790392
2023-04-28,804.7041015625,806.3253468996592,796.311844661402,803.3212729452993,27916272
2023-05-02,804.5372314453125,810.1400244335966,802.0338558548026,805.2286166588559,32221184
2023-05-03,807.3505249023438,808.709488521685,800.9132736670591,803.4404558943662,29407270
2023-05-04,823.8728637695312,827.0437596677278,804.4657072988427,804.4657072988427,56854638
2023-05-05,775.1642456054688,791.9964300758073,773.471463714909,781.5299599957198,62770416
2023-05-08,784.1287841796875,786.9421133218316,777.2385637532259,779.6227311267021,37244524
2023-05-09,784.152587890625,789.6361724213288,781.9829724673335,786.7275000943098,43688938
2023-05-10,787.7765502929688,788.9924989029713,778.7167145222807,784.1526276261354,46340550
2023-05-11,788.3010864257812,804.8949148247207,786.4176174612977,793.9992814402478,35734618
2023-05-12,795.2628173828125,797.6469845314512,784.0333668298418,785.3446587615931,22478760
2023-05-15,799.0775146484375,801.4378169308125,793.9753618355751,797.2655242649522,18512260
2023-05-16,803.7125244140625,815.6659975303612,802.1024409467374,815.6659975303612,32722086
2023-05-17,799.3945922851562,805.0298248824222,793.0031552839979,805.0298248824222,30466868
2023-05-18,802.59033203125,806.9569850906413,800.1508477393617,804.054022606383,49646942
2023-05-19,803.517333984375,805.0298023074691,796.0281292502103,804.0540086077025,30460332
2023-05-22,800.6632080078125,806.444774191139,796.5892213665118,802.5903768830128,28334032
2023-05-23,798.7847290039062,804.834662082721,796.9551157476753,804.5419358732687,22470074
2023-05-24,788.34375,797.5893714368774,787.2703412008862,794.0765379580262,33588112
2023-05-25,785.3187866210938,790.4173446250281,779.3420499896171,788.2949456035906,29776930
2023-05-26,788.34375,789.9049960888849,781.7327238934007,789.9049960888849,26635066
2023-05-29,797.955322265625,800.638755021639,792.7592087447078,794.5400442125162,21816292
2023-05-30,798.565185546875,801.4437889322099,794.5644551182551,797.0282985264424,37125928
2023-05-31,785.9287109375,797.6870143381575,782.903773974879,795.2231707231413,43334270
2023-06-01,782.5865478515625,790.3441196825829,780.6349604504364,790.3441196825829,50366938
2023-06-02,783.8062744140625,787.8558420140796,781.1228417907962,786.7092367925081,17859710
2023-06-05,782.7817993164062,788.6853399027409,781.8303646255,787.7095461014384,18697242
2023-06-06,780.3422241210938,785.4407223172565,776.8537497753255,784.3673730836603,32182852
2023-06-07,784.3917236328125,786.7580709463149,778.6833544439988,782.3181620686603,24949026
2023-06-08,784.879638671875,793.3202779988876,782.2206246628023,782.2206246628023,37395522
2023-06-09,785.8067016601562,789.6610989170485,784.0502848067327,788.392578942783,18212578
2023-06-12,781.0253295898438,788.3437826048995,780.3666211723103,786.7581177849708,13408292
2023-06-13,782.3426513671875,785.0260842218926,775.8048212278158,775.8048212278158,27926108
2023-06-14,781.4888305664062,786.489773605773,780.7325665763877,785.7335096157544,20113968
2023-06-15,771.8772583007812,783.5379457160846,770.3891490409759,782.5865706534042,35377476
2023-06-16,781.9767456054688,785.1236567436356,772.8286788576276,774.36556598281,15779272
2023-06-19,782.6597900390625,787.5875366034007,779.8299643189309,786.0018717472997,24829146
2023-06-20,784.294189453125,786.001828434827,776.073139409904,782.6597469107545,20005626
2023-06-21,798.0040893554688,798.8091310830382,786.0018385553669,788.4413228463519,24308946
2023-06-22,801.9072875976562,808.7134847025468,799.6873925627804,800.1508707684897,56596140
2023-06-23,801.8585205078125,809.8600412336733,797.2479188250923,798.9555579013182,21339218
2023-06-26,797.979736328125,805.3957448061436,794.6375951778294,802.5903378501325,16130314
2023-06-27,809.2257080078125,816.2026568247795,799.4434118454338,801.5901103512194,33831864
2023-06-28,817.7883911132812,819.6180044665053,810.1527928076142,814.7878133024485,59562950
2023-06-30,830.1077270507812,833.7181757156055,821.2523871565302,831.3762469714703,40699016
2023-07-03,839.0850830078125,857.4787716694673,834.3036697324546,835.5234119396658,44104116
2023-07-04,843.183349609375,852.3558346178194,836.1576823050692,840.8658394694583,38795188
2023-07-05,816.3978881835938,839.1826490767143,814.0803779608528,837.3530357429714,37165754
2023-07-06,817.2272338867188,823.4966965754397,810.1039516999073,816.2514401746153,52156544
2023-07-07,810.10400390625,817.2272865521144,808.1036385790705,812.3483176771764,19926336
2023-07-10,808.1767578125,818.0810882353678,804.8834538938545,810.3967124251951,38398442
2023-07-11,804.2492065429688,817.7151481450297,802.8342937187628,811.3724888813749,50670426
2023-07-12,796.711181640625,812.9825901381562,793.8814154880679,807.6400835992547,70958358
2023-07-13,800.6875610351562,808.6646631432802,799.1995112798835,808.2987404818275,41913546
2023-07-14,802.3463745117188,806.7862239611089,797.7113544096444,806.7862239611089,24727214
2023-07-17,819.1300659179688,820.6425343015101,796.7355877017634,805.0298344812674,49252928
2023-07-18,818.4469604492188,831.3762268885059,814.787734098477,828.4488458079126,81076818
2023-07-19,822.155029296875,823.9358648393088,817.2272826681524,820.2034417561749,32935134
2023-07-20,823.9358520507812,825.5215169029885,819.6667543717617,820.2278476925492,56210948
2023-07-21,817.5931396484375,824.4481141575233,816.3733975334912,819.666701243846,42154248
2023-07-24,818.8861083984375,821.9354637982487,814.8365406043993,818.93488617329,32179444
2023-07-25,827.7658081054688,828.9367724913978,818.8861089978083,821.9354643998514,55992596
2023-07-26,824.88720703125,829.2295010476054,823.5699093169246,829.2295010476054,24794358
2023-07-27,816.3246459960938,830.8883554050667,813.5435981500048,829.3758870454686,59741302
2023-07-28,801.8585205078125,814.2511131439686,800.6875560868556,810.6406643284031,41015684
2023-07-31,805.6152954101562,808.347565553735,799.5165844784608,805.0542616506194,34565006
2023-08-01,811.006591796875,813.5436317592228,805.029854994642,807.2009722956286,35394188
2023-08-02,800.3948364257812,805.7617021378712,796.8088062478844,801.1266817501572,28116322
2023-08-03,794.61328125,805.6885168221038,791.8566519118978,800.1508990360519,57673946
2023-08-04,806.1032104492188,808.2011908800869,794.9060007494003,797.784604285571,37388304
2023-08-07,805.6397094726562,811.4212754913166,803.8345148702808,811.4212754913166,28300918
2023-08-08,804.9810791015625,807.7620675113249,801.1511004818985,805.8592577562493,43773828
2023-08-09,805.2737426757812,807.2253300557892,795.8085319711986,806.4934847882862,33361236
2023-08-10,798.1260986328125,807.1034131295677,795.7598106781471,803.5905794193144,50781118
2023-08-11,789.8074951171875,799.3702620772539,788.5389155798756,799.3702620772539,28225822
2023-08-14,785.9530639648438,787.9534291800102,780.7569504924528,786.0018417393167,31304410
2023-08-16,783.659912109375,785.3431920097205,771.511327950847,772.3895065635418,34137542
2023-08-17,779.3176879882812,785.4651765891522,777.7076045071784,779.4640213134669,52884040
2023-08-18,776.1219482421875,778.8297997017655,773.5604896671308,774.560702076671,25633366
2023-08-21,775.5120849609375,780.8789506008055,774.2923427700583,780.8789506008055,21837270
2023-08-22,772.1943359375,779.6591817131617,770.8770382395467,778.8541399832026,32273570
2023-08-23,774.09716796875,776.0243963546683,767.5837566158286,770.8770605135924,36498588
2023-08-24,770.5355224609375,778.7809316164952,768.9986354650463,777.3660783913687,43145792
2023-08-25,761.8509521484375,769.6573019623183,760.3384837835425,768.2180300384731,30069756
2023-08-28,769.779296875,772.1700034813238,761.8509726321106,761.8509726321106,28867238
2023-08-29,775.9024047851562,777.0489505012675,771.5844699029132,775.609619021279,35538932
2023-08-30,770.2427368164062,782.5621323355975,767.8032525551803,782.5621323355975,28084204
2023-08-31,766.7055053710938,772.4139344313643,762.6315784562223,770.3891505282477,100075772
2023-09-01,768.2911987304688,770.3891791528985,760.8019934792544,766.4860040843595,43226776
2023-09-04,773.0969848632812,776.4634255142088,768.3887683043368,775.7559988980507,25073638
2023-09-05,768.3887939453125,774.9754017029198,766.2908135772075,774.9754017029198,38712082
2023-09-06,778.439453125,780.6349890316516,768.3887895527622,769.3158055137819,56320910
2023-09-07,785.9287109375,787.4655980869475,774.3655782087565,778.4395054199038,34208342
2023-09-08,792.0518188476562,796.6868392775522,784.343024204318,784.6845877601036,34502210
2023-09-11,796.150146484375,798.4432379796503,792.344527026552,794.7352336317114,31573022
2023-09-12,798.638427734375,801.5658090618458,792.8568615241653,800.1508961753565,39033340
2023-09-13,802.0537109375,805.810493174693,794.5888646829375,795.9062220231269,46420094
2023-09-14,801.5657958984375,805.0298518341791,797.7601764121316,802.224444774757,23538848
2023-09-15,810.7625732421875,814.7877221690707,805.0297853766267,805.0297853766267,173411202
2023-09-18,794.8084106445312,807.4693104505612,793.369079160152,806.8594393701605,37056288
2023-09-20,762.92431640625,780.1470998444163,761.3142924601547,780.1470998444163,115474648
2023-09-21,757.8745727539062,765.4857518300857,749.9218897000842,757.703820765085,72841442
2023-09-22,746.3114624023438,763.265878709705,743.4328589450887,760.6312236885273,61704250
2023-09-25,746.9700927734375,751.7026684930673,744.0427116129929,744.0427116129929,40208754
2023-09-26,750.2146606445312,751.3612064181046,744.0427531088374,744.0427531088374,27575308
2023-09-27,744.9453125,747.701941684312,739.163746591669,743.066921491163,39338538
2023-09-28,743.408447265625,750.1902257638557,740.798210886611,748.4338089191366,55354188
2023-09-29,744.677001953125,749.1412105802158,742.725414511259,743.4084224697343,32053782
2023-10-03,735.7728881835938,745.0185099157792,734.7726757912006,745.0185099157792,38971694
2023-10-04,746.2626953125,748.9217094807261,726.6004272600466,729.4058343151046,54649430
2023-10-05,749.28759765625,756.996391814985,747.7507106461433,748.9460936796582,48512674
2023-10-06,748.458251953125,753.8006991042687,746.409049269468,753.3128022116446,17759356
2023-10-09,739.7736206054688,746.4822024905967,737.7000589318837,745.5064087618508,16454972
2023-10-10,743.9695434570312,745.9943274148624,739.2613266667726,741.8716226135862,33266292
2023-10-11,751.166015625,752.4101764773297,745.7503722327934,746.5309953199876,31333360
2023-10-12,756.1669311523438,757.2159213053872,747.2628135210143,749.4583493753147,22025336
2023-10-13,749.28759765625,755.6546754590972,746.4577720643798,751.3611592971675,39745300
2023-10-16,746.2870483398438,748.653336272846,741.847198687393,747.2140643142009,17856084
2023-10-17,751.9465942382812,759.045517161287,748.9216576201674,759.045517161287,32902558
2023-10-18,741.4812622070312,751.9466261611034,740.6762204664743,751.9466261611034,31216200
2023-10-19,739.1393432617188,744.6526017447364,733.4065550091384,734.4799638634047,30252364
2023-10-20,742.9693603515625,745.0185033352898,734.2847724424435,734.2847724424435,21094010
2023-10-23,734.7970581054688,745.8722925262706,731.8940361791566,743.3108341218467,22376136
2023-10-25,730.1376953125,742.969407332529,727.6737921968416,742.0911691081274,28311996
2023-10-26,713.98828125,727.9421196207295,712.4513942199533,727.5761969734671,55561798
2023-10-27,716.793701171875,721.1115765760937,715.6959332102402,716.9644531654734,31940532
2023-10-30,724.5756225585938,726.9419104431438,713.2564391096424,713.915087966083,23310982
2023-10-31,720.3797607421875,733.7969252666779,719.1600185126883,733.7969252666779,32634824
2023-11-01,719.4039306640625,720.8432025991686,713.4271940410481,713.4271940410481,33877466
2023-11-02,720.501708984375,727.2102910047137,715.8179109035378,724.5268581965781,45225154
2023-11-03,723.9169311523438,727.6493538630892,722.892359707244,725.9904927074558,18095340
2023-11-06,729.161865234375,730.8695042630269,723.5510512830901,730.8695042630269,25593730
2023-11-07,725.6245727539062,728.917876412396,720.7211857059559,728.917876412396,41952848
2023-11-08,727.7225952148438,728.6495516152239,722.5752594490218,724.0145313824314,31399546
2023-11-09,724.843994140625,728.2348535514684,723.7950039624681,725.0147461329475,22116740
2023-11-10,727.6981811523438,729.893717065978,722.1117858174081,722.1361449262588,14015186
2023-11-13,726.380859375,729.8692742316414,724.9659465881866,727.9908832570526,20605914
2023-11-15,733.9920654296875,737.1877542035244,732.1136743858714,733.8456725451414,41245460
2023-11-16,735.919189453125,741.1153027300907,733.6748758922803,736.5778382780429,29713838
2023-11-17,734.3335571289062,735.5045215125105,726.4784295403834,726.9663264037417,23701874
2023-11-20,734.38232421875,738.187943520663,732.6015483395801,738.187943520663,19331452
2023-11-21,740.60302734375,742.5790334832698,737.7488425760062,741.1153428785065,24959972
2023-11-22,737.9684448242188,741.6032527332757,733.5773729330349,741.6032527332757,29123650
2023-11-23,742.237548828125,743.4816501399391,735.9924449287422,735.9924449287422,13046220
2023-11-24,747.5067749023438,748.0190904336469,741.5300383065145,742.1886871626735,16469192
2023-11-28,745.8235473632812,750.0194484500588,744.4330532230562,749.0192360634164,28489338
2023-11-29,760.7044067382812,762.5827977514604,747.9458918445226,748.3850109332752,34042488
2023-11-30,760.5336303710938,767.1933746991155,752.4101359415714,765.5833508355901,69491440
2023-12-01,758.874755859375,763.9244762352556,757.2646724663837,760.0944979577868,22153536
2023-12-04,785.2212524414062,786.4897724208628,767.7789389401372,774.7802472731576,50662456
2023-12-05,792.1981201171875,799.6629660147279,788.6852864934763,798.4432238456999,52230820
2023-12-06,794.1985473632812,799.3946013731434,788.7584853611401,799.3946013731434,38613060
2023-12-07,795.4913940429688,797.2234516809085,788.5388639411003,792.8323800376232,20450386
2023-12-08,806.5911254882812,807.4693637250911,795.4914710926644,795.4914710926644,33728038
2023-12-11,805.5177612304688,811.7140278783821,803.5661736805464,805.0542830104524,23187620
2023-12-12,797.5162353515625,808.0792148106705,796.174518919424,807.0790023745317,36581476
2023-12-13,795.7109985351562,798.1992606022619,788.0022043468377,796.4672029312892,29346914
2023-12-14,805.10302734375,809.3964840405941,802.5903465660563,803.0782434332697,35172366
2023-12-15,808.2255859375,813.8119812905358,803.3709763336568,805.0298376075443,138837130
2023-12-18,807.8108520507812,812.2019240341507,805.4933418373363,810.2503364859865,18014754
2023-12-19,806.4447021484375,809.2501089902684,802.1268270077724,805.0297893949266,24008446
2023-12-20,808.4451293945312,814.275473281921,802.3219997332391,808.9330262740693,34232520
2023-12-21,822.9356079101562,824.4237171525765,805.1517912300869,808.445095026968,36589240
2023-12-22,815.2024536132812,822.5453251522922,813.3728403950282,821.4231385553417,48578850
2023-12-26,820.862060546875,822.5696995823856,814.0803417377398,816.3734331909077,18045856
2023-12-27,831.0347900390625,832.5960362517212,818.9837012159904,820.3986140974329,27009078
2023-12-28,831.9861450195312,839.8656914521523,830.4004801778285,833.9621511838195,44076470
2023-12-29,833.9376831054688,836.6943121938716,827.4730499031008,827.9609467485625,25011426
