Date,Close,High,Low,Open,Volume
2020-09-01,76.57105255126953,77.37751485763948,75.80704229543477,75.99804773788888,16505345
2020-09-02,78.6724624633789,79.49739307720705,76.08912107623445,77.26139492511199,30959608
2020-09-03,77.50019073486328,78.78100827557304,77.13114111390705,78.32512137126106,11884498
2020-09-04,76.00227355957031,77.2830849046319,75.41613675948565,76.93574763214345,17373558
2020-09-07,76.47987365722656,76.82721687680865,75.13393708406477,76.00228629971497,13069001
2020-09-08,75.9371566772461,76.41474993167678,75.43785704760633,76.34962491717944,9597878
2020-09-09,76.08911895751953,77.2613927737549,75.28589474186715,75.98057530375219,20122483
2020-09-10,77.10942840576172,77.47847799641393,75.61152366853156,76.41474786256991,19635358
2020-09-11,76.04571533203125,77.41337035061359,75.58983425175133,77.32653305490729,31182063
2020-09-14,74.46096801757812,77.06601584326792,74.1353370393669,77.06601584326792,14143608
2020-09-15,75.24248504638672,75.50298511490885,74.24387985786056,74.6129294734274,7858789
2020-09-16,74.6563491821289,75.30761114048863,74.15704952516053,75.11223019743254,13201491
2020-09-17,73.07160186767578,74.41754433080631,72.89793320217798,74.39583795594534,10765947
2020-09-18,74.63463592529297,75.11222919951906,72.6374314350832,73.41894930805417,23788415
2020-09-21,74.02680206298828,74.54781404478688,72.78940302286996,74.24388940725918,13331596
2020-09-22,73.2886962890625,74.0050891732259,72.29009694882046,73.2886962890625,9039386
2020-09-23,71.16123962402344,73.76628745081489,70.68364634467093,73.76628745081489,8404497
2020-09-24,69.18573760986328,71.66052916259889,68.81668804206326,70.44484270394311,20770480
2020-09-25,69.79358673095703,70.5533923039748,69.33769985382432,69.90213038424528,8761400
2020-09-28,73.0064926147461,73.39724866868944,69.9021446738749,69.9021446738749,16915185
2020-09-29,70.90072631835938,73.54919251232756,70.55338899965231,73.37552385297403,13468026
2020-09-30,70.53167724609375,70.87902045617925,69.59820304256557,70.748764544071,14349950
2020-10-01,71.46516418457031,72.0730074993616,70.68364630366403,71.53028920242824,14856837
2020-10-05,70.70535278320312,72.24667026482315,70.40142820624175,71.20465239775118,10360105
2020-10-06,70.85731506347656,71.37832698468787,70.27118401320186,70.81390231076763,8989183
2020-10-07,69.29429626464844,70.85732036754261,69.03379028454245,70.77048896675453,17614061
2020-10-08,68.72986602783203,69.94555864521615,68.59961598151665,69.55479672852822,12953710
2020-10-09,68.59961700439453,69.18575399929534,68.03518638791299,68.90353574661907,11980039
2020-10-12,69.38111877441406,70.68364261915784,68.83840050577082,69.12061282769129,20670634
2020-10-13,69.663330078125,70.33630425472839,69.1206118174142,69.46795503759112,11179799
2020-10-14,68.18714141845703,69.81529629208153,67.86151044373213,69.66333399276918,13362234
2020-10-15,67.62271118164062,68.18713580246212,67.12341157262624,67.99176076704076,15536883
2020-10-16,69.01207733154297,69.98897033057455,67.44905324418907,67.77468424386628,18673957
2020-10-19,69.35942840576172,70.50999022303431,69.20746607769821,69.44625981546125,18793008
2020-10-20,68.25225830078125,69.6416193162272,68.12200828196366,69.46795066151388,13701957
2020-10-21,71.09609985351562,72.13811759023693,68.27396529342462,68.42592756289567,36573148
2020-10-22,71.68225860595703,72.02959599486204,69.98897264064992,70.40144094273673,39056262
2020-10-23,73.87483978271484,74.41755814367484,71.50859126225188,71.68225995998486,29149043
2020-10-26,74.69977569580078,75.09053173422116,73.65775174151838,73.83142043760843,36760149
2020-10-27,75.32933044433594,76.13255484193031,74.46098101750341,74.69978064320522,23610507
2020-10-28,75.0470962524414,75.78519540633295,74.48267164455004,75.78519540633295,14060472
2020-10-29,74.50437927246094,75.24247843877653,73.91824239201853,74.26558560099579,17654072
2020-10-30,74.24388885498047,74.67806354029256,73.5057895344015,74.02680151232443,22904945
2020-11-02,75.13395690917969,75.72008807330623,74.65636353677858,74.9168695479857,13423596
2020-11-03,78.12974548339844,78.45537645920243,75.48127903575184,75.54640405313857,27441682
2020-11-04,76.89234924316406,78.15145454848683,75.82861899672365,78.12974817156787,19461431
2020-11-05,77.73898315429688,78.06461410356117,76.67525303115218,77.28309629200491,10248002
2020-11-06,77.47847747802734,77.91265207850854,76.89234058960375,77.39164020238314,8815864
2020-11-09,79.90985870361328,80.19207102422227,77.76069201422541,78.10802934899493,15228920
2020-11-10,80.71308898925781,81.12555136922745,78.82442810325217,79.5842337330005,13815795
2020-11-11,82.34124755859375,82.92737864498827,79.84473734707552,79.84473734707552,15502357
2020-11-12,82.27610778808594,82.90566333981414,81.25580214675215,82.71028240614122,26079694
2020-11-13,81.993896484375,82.47148974795253,80.84333490998608,81.88535282851056,11968619
2020-11-14,81.62483978271484,82.44977620668614,81.19066519699088,82.05901436843881,1162700
2020-11-17,81.10384368896484,82.16756802019358,80.69137542675404,81.19067508336104,16872514
2020-11-18,80.49600219726562,82.36295082998114,80.21378396468745,81.10384552729832,16685757
2020-11-19,82.40636444091797,85.61925546537412,77.45676903989963,77.50018767986596,64832376
2020-11-20,83.29642486572266,84.22990506780619,82.10244458655312,84.01281774432081,27479934
2020-11-23,84.5555419921875,85.05484169350039,82.71029372408168,83.36156162915317,20909280
2020-11-24,84.44696807861328,85.83632301559553,83.90424992615095,84.6640553395982,15308572
2020-11-25,84.79434204101562,85.72781648950003,84.03453629871206,84.44700462865399,19854793
2020-11-26,85.81464385986328,86.46590584935598,83.73060196016422,84.7292072107088,24879552
2020-11-27,83.53522491455078,85.81464182369021,81.92877635637097,85.81464182369021,46793847
2020-12-01,83.51351928710938,85.29363666875757,83.20960054172181,84.59895599678863,18193922
2020-12-02,84.29502868652344,84.75090970272008,82.2978241658673,83.73059812151712,15836732
2020-12-03,83.99110412597656,84.70749110416679,82.92737390248136,84.6640783512653,21308517
2020-12-04,84.3818588256836,85.51071405003022,83.68718412350445,84.3167338084631,14838659
2020-12-07,84.01283264160156,85.64098785644876,83.57865791764232,83.79574527962194,22078115
2020-12-08,83.18787384033203,84.49039766594709,82.97078653606285,84.22989761192008,15896364
2020-12-09,83.66547393798828,84.55553549169173,82.97079332967279,83.75231122235415,18701467
2020-12-10,83.68717956542969,84.83774110322696,83.14445541449773,83.79572321784207,13612880
2020-12-11,83.83912658691406,84.77260660430912,83.42666428721961,84.22988840297216,14876364
2020-12-14,84.36013793945312,85.5324116032701,83.70887610152577,85.09823704465187,20316890
2020-12-15,83.7088851928711,84.53381576606486,83.07932965895297,84.4035657398811,16084083
2020-12-16,85.18509674072266,85.46730911986513,83.6003602527337,84.53383468629941,35024972
2020-12-17,86.12069702148438,87.05630825624029,85.36329601171336,86.12069702148438,23058726
2020-12-18,86.38803100585938,86.78900559531884,85.5638017679948,86.12071259859664,20310375
2020-12-21,82.64556884765625,86.07614129465092,82.17776626073336,85.98703920531078,21609326
2020-12-22,84.78410339355469,85.11824980043554,82.42279849254288,82.62328875381841,23934507
2020-12-23,84.628173828125,85.40784883862331,84.20491926242156,85.31874070599056,9836093
2020-12-24,84.65045166015625,85.65289704747718,84.40541334865964,84.76183380953988,12945145
2020-12-28,85.34101104736328,85.6751574424026,84.65043820522827,84.73954632771904,6879688
2020-12-29,84.51679229736328,85.8311040274639,84.20491987375252,85.36329539204776,8549660
2020-12-30,84.73957061767578,84.94006092931537,83.2247744011995,84.65046246964283,19132583
2020-12-31,84.58360290527344,85.09595945863482,83.78165404287012,84.87319521431536,23272111
2021-01-01,84.42768096923828,84.60589722905372,83.98215240543546,84.20491668733688,3074621
2021-01-04,83.95988464355469,84.82866782478118,83.7593943577737,84.65045155170104,7133203
2021-01-05,83.75938415527344,84.42767696931602,82.95743519556937,84.42767696931602,10478882
2021-01-06,87.39045715332031,88.03646999242781,83.3138656616596,83.75939425809305,54265234
2021-01-07,87.79143524169922,89.90769616057777,87.10086830637049,88.21468984262236,40129922
2021-01-08,90.68736267089844,90.88785294563571,88.01419123636421,88.54882794041826,29487917
2021-01-11,90.68736267089844,91.33338151805808,89.75175146023786,90.88785294563571,12726089
2021-01-12,90.75418853759766,91.22199715296706,89.08345643170945,89.57353905801023,31454127
2021-01-13,91.33338165283203,92.04622857833333,90.26410824314608,90.79874494798906,23792586
2021-01-14,91.37791442871094,92.4471876599801,90.70962168060122,91.75661486121318,12024674
2021-01-15,90.44232177734375,91.66752531633956,90.21955749752634,90.86557028327616,13530190
2021-01-18,87.21223449707031,89.99678782802818,86.67759784037942,89.66264142831324,26118654
2021-01-19,88.94979095458984,89.1057271433641,86.9894666977816,87.12312283509256,19382828
2021-01-20,87.39045715332031,89.37305578172816,86.94492855688686,89.10574345816275,21158179
2021-01-21,86.9449234008789,88.08101883726412,86.4993948308662,87.52410812474824,12509109
2021-01-22,86.52166748046875,87.4572786713436,85.98703683058875,86.87809395658996,16720401
2021-01-25,84.73957061767578,87.68006094546453,84.47225221644607,86.63306739898842,9393599
2021-01-27,85.69744873046875,86.58850596356768,84.33858886714033,84.65045527300379,18874916
2021-01-28,83.447509765625,85.0736875812975,82.7792170159349,85.0736875812975,16072463
2021-01-29,82.1777572631836,84.20490964172288,81.53173848257619,84.07125350091249,13415015
2021-02-01,84.16036987304688,84.40540816950785,81.30898218949389,82.17776531852456,9485240
2021-02-02,86.52166748046875,87.16768631396678,84.29402466546571,85.09597366171965,10803602
2021-02-03,92.00167846679688,93.56102853959898,86.65533536004682,86.65533536004682,73411707
2021-02-04,91.48931121826172,92.51403055533626,90.97695457115843,92.00167390823297,23523019
2021-02-05,92.26899719238281,92.8036278794325,89.66265370905221,91.62297831397095,28755118
2021-02-08,94.6971206665039,95.07582116501096,91.64524870964318,92.00167519647785,28436890
2021-02-09,93.8951644897461,96.88020814121079,93.56101808291949,93.56101808291949,27738169
2021-02-10,93.76151275634766,95.34314288407677,92.22444273927196,93.80606682413281,34189378
2021-02-11,95.23175811767578,95.69956070938709,92.8259049949769,93.04866928490954,20504448
2021-02-12,94.74166870117188,97.57077618972681,93.80605754173835,97.57077618972681,25066544
2021-02-15,94.65255737304688,95.98914901479357,94.2515829019566,95.34313022485496,8599603
2021-02-16,100.48899841308594,102.4270550924403,95.03127301264344,95.0758270816289,80200957
2021-02-17,102.49385070800781,103.00621330494744,98.99645690162997,100.46669849903296,39034960
2021-02-18,105.3675537109375,106.16950289282161,101.80332438190712,102.91714604722911,44291912
2021-02-19,103.45176696777344,105.18933333298412,101.91469088866195,104.0309517275981,36335681
2021-02-22,100.22168731689453,104.20917078991232,99.6202224853683,103.56315188885296,25800846
2021-02-23,100.73404693603516,102.07062676078239,100.08802801620665,100.5781107095729,18293559
2021-02-24,99.24151611328125,101.66964930970059,98.7291594509993,100.75631208810671,11421326
2021-02-25,101.38006591796875,103.71908514486081,98.37274167112197,99.66477951157047,30696079
2021-02-26,95.4767837524414,101.24638051338508,94.09564412952278,98.68459151903517,38070699
2021-03-01,101.24640655517578,101.93697352282356,96.85794828838662,96.90250236049557,31441940
2021-03-02,100.26622772216797,102.18199818065605,99.50883276914925,102.02606801344528,18223787
2021-03-03,101.35778045654297,102.53843607833407,99.66477419728037,102.4716019541811,19350542
2021-03-04,100.31078338623047,102.44932420951739,99.3751721537217,99.3751721537217,22865747
2021-03-05,98.12769317626953,100.68948249194528,97.7267186658678,100.68948249194528,17342685
2021-03-08,99.89739227294922,101.59902812722989,98.46801938628217,98.85372474418116,15749448
2021-03-09,98.0142593383789,100.78225516093178,96.76639292412217,100.05622256170813,12585004
2021-03-10,97.62854766845703,99.35287575012119,97.10671388696221,98.9217921910442,10661165
2021-03-12,99.85202026367188,100.23772564543417,97.74199290474684,97.87812747429798,18173078
2021-03-15,101.71247863769531,102.77883842243904,99.71589364020471,100.28310563691478,30092241
2021-03-16,101.8486099243164,103.09647627682557,101.41752635886479,102.16624493944151,14767699
2021-03-17,100.03352355957031,102.09817253332233,99.53437582772509,102.07548651786529,12571132
2021-03-18,100.30577850341797,101.41751633306274,99.89738715026142,100.28309248838164,14232655
2021-03-19,104.45779418945312,105.3199490867084,99.44363616758461,100.69150262957332,70334403
2021-03-22,101.4402084350586,106.36361560197741,100.82762444588707,106.36361560197741,29180881
2021-03-23,99.37555694580078,101.64440471582878,99.14867216879797,101.44020595466888,38455903
2021-03-24,100.30577850341797,101.59902291728307,98.422636152176,98.49070035192821,24398959
2021-03-25,98.19577026367188,101.37215763951365,97.71931461915338,100.30579778955216,20272124
2021-03-26,97.37898254394531,100.73687637144545,96.26724455598618,99.53438815577472,25184863
2021-03-30,100.44192504882812,101.50828482106441,97.74199351429841,98.42264790236702,53328751
2021-03-31,97.85543060302734,100.3284772073556,97.4016610356015,99.78395126458715,20694060
2021-04-01,99.23942565917969,99.53437462978823,97.44703351105781,98.30919440769945,11229344
2021-04-05,97.17476654052734,99.37554995353155,96.8117533847226,97.65122823149449,14484908
2021-04-06,94.92860412597656,99.37554909678275,94.61096915604662,97.65122738961163,25301732
2021-04-07,95.54121398925781,98.10501722146927,95.08744437713462,95.70003458442979,22841720
2021-04-08,94.83785247802734,96.87981527882903,94.61096772238271,96.17646884354494,20468881
2021-04-09,94.52023315429688,95.94960621353782,94.38410473137652,95.01938096274536,11773021
2021-04-12,91.27577209472656,93.77150472156696,90.07328396908676,93.77150472156696,18544315
2021-04-13,94.72441864013672,95.01936761813745,91.8656667684963,93.09084702129125,19831072
2021-04-15,94.29334259033203,95.92691433887877,93.95301539916163,94.33872078008355,10159348
2021-04-16,95.22356414794922,97.46971968593434,94.04376210893876,94.15720449433125,22020846
2021-04-19,91.2984619140625,93.93032921386667,90.75394210194862,93.40848926462213,18404990
2021-04-20,92.43287658691406,93.34041567047937,91.50265148811695,93.0227806840175,14467660
2021-04-22,92.31944274902344,92.97741110738475,91.29846118548312,92.5690197128974,11626459
2021-04-23,95.8134536743164,96.60755030231394,92.56900296799789,92.70513135665465,38318040
2021-04-26,97.92350006103516,98.2184552194019,94.47484993264202,94.47484993264202,19139358
2021-04-27,98.30921173095703,100.05622600191239,97.92350632235997,98.0369487275565,15270611
2021-04-28,100.23772430419922,100.6007436635009,98.15038299080716,99.28480694866764,16383579
2021-04-29,99.89739227294922,101.4855857369445,99.39824452476483,101.2360149401741,14761969
2021-04-30,99.85202026367188,100.8730018394076,98.30920489126669,98.80835267033295,16897105
2021-05-03,100.19235229492188,101.12258369053141,98.35458783169027,98.69491504004014,15528063
2021-05-04,98.9444808959961,100.6007448171814,98.33189687544147,100.46461024789063,20857434
2021-05-05,99.01255798339844,99.98816143368575,98.37727559284451,98.94448761680741,23178237
2021-05-06,97.74199676513672,99.55707519368805,96.9252139341463,99.12599775969362,18823613
2021-05-07,97.35627746582031,98.37725893608592,96.87982190822036,98.17306633481878,12509591
2021-05-10,99.76126098632812,99.89738938888308,97.53779143185564,97.74198403568808,17845577
2021-05-11,101.37213897705078,102.18892784468427,99.10329126914107,99.82932376660084,22995780
2021-05-12,102.52926635742188,106.63587870174592,101.21332961736118,101.37215020543512,55645370
2021-05-14,103.84518432617188,104.36702424803406,101.57634266278374,103.34604272991977,18820793
2021-05-17,103.64100646972656,104.82080250928328,103.05110229530408,104.798116491078,10996347
2021-05-18,105.77371215820312,108.83666922994317,103.68637694750662,104.77542889787144,52885042
2021-05-19,106.06865692138672,107.99717750871059,105.00230340269884,106.27285568072544,28081040
2021-05-20,103.89056396484375,106.6131812232254,103.64099317801609,106.18209769545763,10707136
2021-05-21,103.43679809570312,104.02669606078081,102.55194499344309,103.48217012790639,21702883
2021-05-24,104.82080841064453,106.36363006549875,103.64101230466585,103.91326915703357,22028927
2021-05-25,105.6829605102539,106.38630086935115,104.88886377691797,105.72833254272966,9165363
2021-05-26,102.37045288085938,106.09136009967332,102.0755038566004,105.81910324936929,18322114
2021-05-27,103.59559631347656,104.18549418628353,101.30406285990804,102.8695700560657,51194207
2021-05-28,102.30237579345703,104.82079442433538,102.00742065167395,104.82079442433538,15307498
2021-05-31,102.39312744140625,102.8242109972193,101.53096648442387,102.55194802273968,13102261
2021-06-01,101.82591247558594,103.45948411969016,101.59902769597822,102.68807340716653,15733731
2021-06-02,103.20991516113281,103.52755632009509,101.6897858797739,101.73516406743188,7995532
2021-06-03,102.68807220458984,105.02499033089653,102.39312322548267,103.93593847781854,10291328
2021-06-04,102.62001037597656,103.52755565941372,102.00742023311219,102.55194617224576,6142487
2021-06-07,107.20308685302734,107.90642723334297,102.96034009028006,103.14184668958953,18058790
2021-06-08,106.20478820800781,108.4282639868875,105.29724908345075,108.4282639868875,22511761
2021-06-09,109.8576431274414,111.40045225495956,106.09134590982022,107.08964140955972,39865778
2021-06-10,109.65345764160156,112.53488978981082,109.01817525320978,112.53488978981082,32690784
2021-06-11,111.7634506225586,112.89787437880956,110.71978322866482,112.89787437880956,29142097
2021-06-14,112.8525161743164,113.35165776448687,109.85764201471945,112.51218900575824,18732629
2021-06-15,112.3533706665039,114.12306449572677,112.10378757083431,113.69198096872711,15026686
2021-06-16,109.88032531738281,112.30798746943418,109.33579939927886,112.01304464953934,30706682
2021-06-17,108.83665466308594,110.74247685721427,107.42996172303123,110.74247685721427,22261167
2021-06-18,105.72832489013672,111.1735592388868,104.41238833214094,110.7197897098243,49278209
2021-06-21,106.56781005859375,106.84006686292959,103.64099402019312,105.22918743382125,11719831
2021-06-22,106.20478820800781,107.54341087858693,105.29724908345075,105.29724908345075,10961545
2021-06-23,105.38801574707031,107.08965177174997,105.274573345425,106.97620937010466,10721151
2021-06-24,104.88886260986328,105.7056453503491,103.50485561401878,105.38800419869155,12964208
2021-06-25,104.75272369384766,105.63757680676869,104.09476767253787,105.0249928182088,7736431
2021-06-28,105.20648193359375,105.50143704257954,104.68465437599279,105.27455228467844,9989595
2021-06-29,107.08963775634766,107.95180481973088,105.11574514976864,105.5468163721735,61089570
2021-06-30,105.4560775756836,107.81568180076675,105.27456482402822,107.61148303247629,17437744
2021-07-01,104.73003387451172,105.70564332679342,104.45777706932402,105.52413058381043,15924813
2021-07-02,103.43679809570312,104.86616482155051,103.27797136441758,104.73003641565369,9549992
2021-07-05,104.50315856933594,104.77542770848041,103.6183054083702,104.04938898004971,6849185
2021-07-06,103.82249450683594,104.59390519856743,103.59560973334354,104.09476362059885,5343938
2021-07-07,104.7981185913086,105.02500339648476,103.82250900533566,103.82250900533566,7228897
2021-07-08,104.88886260986328,105.79640172357797,104.16282393331933,104.41239472773346,8740010
2021-07-09,104.48046875,105.02499469918739,104.36702635680626,104.84348194636245,2990856
2021-07-12,103.91324615478516,105.16111235227243,103.55023299555519,104.68465681145271,5578309
2021-07-13,103.75445556640625,105.22920686567748,103.59562881014209,104.54855241985999,8264289
2021-07-14,104.34434509277344,105.02499948293872,103.66369070260814,103.75444708315445,9228746
2021-07-15,104.54853820800781,105.02499379345504,104.0493842966876,104.82079502560984,5376823
2021-07-16,106.1140365600586,107.31653087737118,104.59391338243344,105.1157533260116,15903784
2021-07-19,105.7964096069336,106.47706399293816,105.04768485861341,106.11403847297204,13725925
2021-07-20,104.9569091796875,107.22575671585207,104.79809477587025,106.5904867912974,14178067
2021-07-22,105.8417739868164,106.40898593412746,103.77712496046159,106.40898593412746,10378326
2021-07-23,105.72832489013672,106.15940840460335,105.29724137567008,106.0686520369336,6660369
2021-07-26,105.59220886230469,106.79470317889454,105.29725371014861,105.93253604896735,12963701
2021-07-27,105.20648193359375,106.56780279028621,104.66196836205985,105.72832180048063,10832912
2021-07-28,103.5048599243164,105.45607894748804,103.18722491407496,105.27456619347149,13828088
2021-07-29,101.28137969970703,105.00229297406636,101.13012316261346,103.45947137199663,28609665
2021-07-30,103.55021667480469,104.79051276066996,101.7653884971731,102.27965820639955,34142169
2021-08-02,103.45946502685547,104.06449113812363,102.43091940677083,103.76197808248955,9575755
2021-08-03,105.54679107666016,106.0005606209438,103.51995624071724,104.39725141190428,20959435
2021-08-04,106.03081512451172,106.84759782909146,105.18377619375676,106.27282800605406,23323277
2021-08-05,106.00055694580078,106.3333261904527,104.82076109528266,106.03081317141869,6621382
2021-08-06,105.87956237792969,106.78710148402624,105.6073055698155,106.18207541329521,5340311
2021-08-09,106.75685119628906,107.08962047741981,105.30479839317786,107.08962047741981,16415005
2021-08-10,104.42750549316406,106.54509690592522,103.67122284574937,106.54509690592522,11925263
2021-08-11,106.69634246826172,107.0896118663514,104.3972508420137,104.63925141688125,31279965
2021-08-12,113.13987731933594,113.56339065296619,106.66610316648986,107.08961650012012,58107755
2021-08-13,111.77857971191406,113.32140129741768,111.08279718689698,111.44581041016596,26776843
2021-08-16,109.32819366455078,111.50629711971442,109.1466932494775,111.3247843953556,21308655
2021-08-17,110.87103271484375,111.17354576454319,109.50972399119628,109.53998021988123,15962459
2021-08-18,109.2677001953125,112.53484326818148,108.99544340144271,111.14327845459161,25227527
2021-08-20,108.0576400756836,108.93493515262901,107.11985717047548,107.27111366898828,18720467
2021-08-23,106.2728271484375,108.84418783684039,105.39553199858705,108.60217495725108,13112745
2021-08-24,106.84761810302734,108.48119613143862,106.1518355525534,107.27114380341048,11029463
2021-08-25,106.18207550048828,107.36187141566784,105.90981869215052,107.21061489786086,12001351
2021-08-26,104.73001098632812,106.12157588075827,103.82247187499203,106.12157588075827,12115246
2021-08-27,105.48629760742188,105.78881065608628,103.91323221622444,105.1535406394635,8051699
2021-08-30,106.18207550048828,106.69634519917457,104.54851003188786,106.00056275540516,14512401
2021-08-31,106.09131622314453,107.1198679016421,105.84930333942238,106.18207259320117,43248333
2021-09-01,106.2728271484375,107.57363560560448,105.66780110410741,107.57363560560448,11817591
2021-09-02,106.33334350585938,106.54510019180856,105.3955480704281,106.12158681991019,13545023
2021-09-03,106.21233367919922,106.96861628212919,105.51655122264623,106.48459049253914,12286475
2021-09-06,105.33503723144531,106.69634590065802,104.66951101057651,106.30307648991695,13950485
2021-09-07,104.66950225830078,105.3652846484646,104.33673302104843,105.33502842351947,12485031
2021-09-08,106.42427062988281,106.88604792147315,104.79266129088353,105.43914824645891,25370295
2021-09-09,106.82447814941406,107.22468763337392,105.83935578417402,106.14720730621843,5078350
2021-09-13,107.07076263427734,107.31704635896756,106.3319114602067,107.28625619593981,7522483
2021-09-14,107.19388580322266,107.80958878029631,106.82446652228028,107.07075021841158,8434427
2021-09-15,109.53356170654297,110.2108324734242,106.9783918561869,107.13231759986486,20064238
2021-09-16,110.48789978027344,111.842453913844,109.77985134224743,110.18004827625873,16214883
2021-09-17,110.08769226074219,111.07281447356253,108.8254962050449,110.5494694723619,21219226
2021-09-20,108.97942352294922,110.33396501941063,107.80958539790959,109.10255910389708,7833069
2021-09-21,108.30215454101562,109.84141196051128,108.02508068960104,108.39451249148715,9481007
2021-09-22,108.82550048828125,109.25648755881933,108.24058767447826,108.24058767447826,9165634
2021-09-23,109.74906158447266,110.05691308961845,108.9794328216082,108.9794328216082,10295913
2021-09-24,108.45609283447266,110.51869550999783,108.24059927610621,109.7798568737385,7093411
2021-09-27,108.36373138427734,109.07179236169252,107.80959616166939,108.67158289389177,5205649
2021-09-28,113.2585678100586,116.30630533663222,108.42530151056476,108.88707878490833,38873626
2021-09-29,120.09288024902344,120.86250903163314,112.33501209910943,112.98150528710565,53686662
2021-09-30,116.92201232910156,121.90920455562026,116.15238351246255,120.03130523241678,23618199
2021-10-01,118.12263488769531,119.13854748785528,116.7680931051563,117.47615416141998,16994903
2021-10-04,117.99948120117188,118.86146789731238,117.01435891694395,118.21497474357963,10757286
2021-10-05,116.95278930664062,120.12366251862247,116.58336998203832,117.99949200727623,17200858
2021-10-06,115.50588989257812,118.3073437859668,114.98254480439306,118.18419565982812,8929507
2021-10-07,115.9368896484375,117.93792456650951,115.50588999633099,117.59928287746229,6733699
2021-10-08,115.56743621826172,117.07591592921582,115.13644917313673,116.36785504664621,8165175
2021-10-11,119.10775756835938,120.12367017061328,116.55259976996292,116.98358692170146,12982042
2021-10-12,119.04618072509766,119.84659969070324,117.99949056377694,119.38482240897167,8539966
2021-10-13,122.77117919921875,125.91126195539617,119.53873848887238,120.12365132109319,33075614
2021-10-14,126.003662109375,126.80406875171404,122.06315913270133,123.2637753594667,19185455
2021-10-18,125.48027038574219,129.2668336327249,124.46435797921872,129.17448820836648,38546365
2021-10-19,122.30939483642578,126.09597052489598,121.29348245271298,125.60340314900228,16174177
2021-10-20,119.66187286376953,123.29452298768483,119.04616987756386,123.1405972411334,21909934
2021-10-21,119.47715759277344,121.50896972912916,119.13851597346012,120.83169901701058,16946547
2021-10-22,119.72342681884766,121.2934742628018,117.75318250132408,120.6162035615598,7705870
2021-10-25,118.61518859863281,120.06208818167407,117.29142460825082,119.72344651209615,7862419
2021-10-26,117.2298583984375,118.79989359538592,116.79885876527726,118.58440004206086,8525850
2021-10-27,117.13750457763672,118.12262694657491,116.0908144093606,117.07593677829881,9862679
2021-10-28,114.4592056274414,117.66085664822539,114.05899611821559,117.4145729097394,11095238
2021-10-29,113.93582916259766,116.15235714606766,111.62694323679393,115.07487704735925,12988035
2021-11-01,115.59821319580078,116.05999034571744,113.62796903342584,113.65874666084949,5475153
2021-11-02,114.212890625,117.75318238291779,113.9973971102544,116.1523573107261,10946890
2021-11-03,113.2585678100586,115.32118299000136,112.67365493982753,114.21291252097272,13957727
2021-11-04,113.93582916259766,114.42838397753107,113.44326182115638,113.87424885003661,830214
2021-11-08,116.4602279663086,117.19906657480696,113.65877423327491,115.50588328103076,11947323
2021-11-09,114.8593978881836,117.19906173617397,114.0897691500599,117.19906173617397,10381150
2021-11-10,113.53562927246094,114.82860299390012,113.01228425741517,114.48996135248345,13857851
2021-11-11,112.15030670166016,114.05898354309828,111.2575298138919,113.90505778932891,8851354
2021-11-12,112.05796813964844,113.10465843584252,111.01127784345435,113.10465843584252,9590673
2021-11-15,115.9368896484375,116.21395101110475,112.05795541203213,112.18109101177076,24821341
2021-11-16,115.50588989257812,117.8147763344334,114.8286190416027,116.36787666950622,23206330
2021-11-17,117.63008117675781,119.3232646860848,115.13647863423527,115.13647863423527,18359498
2021-11-18,118.5228042602539,119.72341986423544,117.6300400959094,118.12259488342434,10742933
2021-11-22,119.56953430175781,121.29350795332329,118.21499252303589,119.69268243487612,25095721
2021-11-23,124.27964782714844,124.61828948715949,118.92303674712893,118.98460454171925,19671538
2021-11-24,125.17241668701172,127.72757394793501,124.3719978289939,124.49513341030027,18120478
2021-11-25,125.75736236572266,126.21913970611085,123.9102530041698,124.74144971156618,18537454
2021-11-26,124.37203216552734,126.18835138704277,123.63319342069346,125.63422859167349,12814537
2021-11-29,123.2945327758789,125.60341915744968,122.21705246447921,122.52490398202198,16066147
2021-11-30,127.29661560058594,128.9897991212709,123.32533562631136,123.32533562631136,37739647
2021-12-01,127.57366180419922,128.52800650381363,126.03440424127929,127.45052620976968,20332817
2021-12-02,132.06829833984375,132.99185287368883,127.14267415933676,128.6819317157452,33758843
2021-12-03,126.89636993408203,133.26889268228658,126.5269506855572,131.23708055214595,47614182
2021-12-06,124.37203216552734,128.06625094272124,123.9718226260289,127.66604140322278,11322446
2021-12-07,126.71168518066406,127.41973362493512,124.46436667623324,124.74142802168626,8049102
2021-12-08,126.09600830078125,127.85075974751489,125.3263793744496,126.3115018948516,8788449
2021-12-09,125.11084747314453,127.11188226926748,124.43357666283566,126.52696941638935,5755422
2021-12-10,124.77222442626953,125.75734679179669,124.2796569802507,125.75734679179669,6164402
2021-12-13,125.84971618652344,129.08215746258222,125.41871650047528,126.52698709144295,21648126
2021-12-14,130.68295288085938,131.23708804855346,125.11083609842183,125.66497126611591,48042035
2021-12-15,129.2052764892578,132.77635902270407,127.94309281174544,131.2063113080918,15207306
2021-12-16,128.18936157226562,130.4059024277594,127.01953587537811,130.1596187186479,13410737
2021-12-17,129.266845703125,129.6054873790901,126.24991088748021,128.18936540424895,15209414
2021-12-20,129.2052764892578,130.92924995916496,127.75837689478752,129.75941171362155,22539246
2021-12-21,127.2042465209961,130.37511970628577,126.09598855651839,130.19040378228425,17566511
2021-12-22,126.54498291015625,127.45537332437229,124.316078414905,125.44622969184269,14750231
2021-12-23,130.81443786621094,131.59926172282826,126.85893329315509,127.14146477200701,15932489
2021-12-24,128.9622344970703,131.03416142581236,128.61690695536828,130.720231942019,8975969
2021-12-27,129.4017333984375,130.12377378117984,128.71109107426716,128.9622372213719,8648187
2021-12-28,129.0878143310547,131.0027894867993,127.64374622279412,129.74707142370767,15736206
2021-12-29,128.4599609375,129.27618282386268,127.26702617044118,127.45538899770187,17172943
2021-12-30,128.9308319091797,132.72938363914648,126.60775892025941,128.45993770003452,87481206
2021-12-31,128.33441162109375,129.46455041628576,127.80073390332305,128.08326540866432,9842223
2022-01-03,128.7111053466797,129.9354253855693,128.17742770854383,128.96225152163333,7410054
2022-01-04,132.2270965576172,133.7339606407281,129.02501836464614,129.52731065029093,14784090
2022-01-05,131.0027618408203,132.6979757587171,130.6260490561568,131.85036879976872,9565107
2022-01-06,129.30755615234375,131.03416840517284,128.4913471153008,130.43770746372513,5615931
2022-01-07,128.836669921875,130.90860986378135,128.3971737033251,129.9354232420746,11908249
2022-01-10,128.08326721191406,130.1238094591627,127.73793956823343,130.1238094591627,11085710
2022-01-11,127.98907470703125,129.21340761371346,127.76932657726553,128.42858374038872,7208789
2022-01-12,128.67970275878906,129.77845605846977,128.30298989652061,129.33895984812733,11018139
2022-01-13,130.59466552734375,132.79217191842886,129.684275131995,130.34351938502647,20522807
2022-01-14,130.43771362304688,131.63064833609718,129.68428789576492,130.5632803196523,14183654
2022-01-17,129.5587158203125,131.56787249745122,129.21340099802526,131.3167263160807,7574539
2022-01-18,128.80528259277344,130.50049686468458,128.45995501665374,129.49592497118817,8475422
2022-01-19,128.49139404296875,130.21800692639195,126.23110336852594,129.3390014491562,13724367
2022-01-20,134.76995849609375,135.20945475697528,128.96226181564984,130.0296171771199,30170343
2022-01-21,135.05247497558594,137.65809250827255,133.7339735656194,134.2990492481264,29509593
2022-01-24,134.36183166503906,136.7163030143096,132.79218409885868,135.86869588333712,12850189
2022-01-25,137.40696716308594,138.2545744283759,133.07473663914917,134.04792339392847,27389035
2022-01-27,134.89552307128906,137.68950368897507,133.3258753446652,136.8732817616003,28512473
2022-01-28,131.97596740722656,136.55934358893703,131.37950641832217,136.55934358893703,18932049
2022-01-31,135.2408447265625,136.08845190685744,132.60382899763616,133.10612135757222,19907759
2022-02-01,133.70257568359375,136.2768079324812,132.66661850040578,136.24540987136805,8622355
2022-02-02,134.36183166503906,136.74770107516304,133.89093739518495,134.89550928277546,9921099
2022-02-03,132.6666259765625,134.98969941510626,132.47826314691824,134.36184034805925,4594389
2022-02-04,131.66201782226562,133.95370556396898,131.28530500383485,133.10609852904395,7329263
2022-02-07,134.14208984375,134.55020078483773,131.85040173501915,132.50965885322432,7869237
2022-02-08,131.8817901611328,135.24083330989606,130.90860358609498,134.36182814112385,9074237
2022-02-09,131.44229125976562,132.88637220293995,131.03418031723155,132.22711508239834,9833985
2022-02-10,133.13751220703125,135.429187443788,131.88179414904963,131.88179414904963,19180334
2022-02-11,130.46913146972656,133.10613468893905,129.99823712530815,131.9759831528042,20071130
2022-02-14,126.73333740234375,129.93541576797156,126.35662455470944,129.93541576797156,12109375
2022-02-15,127.73790740966797,127.98905356240611,124.94393999174399,126.82751697654415,19046061
2022-02-16,126.67314147949219,129.70606409489187,126.28594869562035,128.1573323456229,20270061
2022-02-17,127.1248779296875,128.3186876093701,126.47957398080584,127.93150786578958,16405551
2022-02-18,126.28600311279297,129.15761414395467,125.9956215285019,126.99584810327357,14600643
2022-02-21,127.86700439453125,128.4155102295618,126.18921643436637,126.28600154209622,10682638
2022-02-22,127.86700439453125,128.06058773873588,123.76932616622136,125.31804543483821,13606058
2022-02-23,127.8024673461914,128.73815293052974,127.51207265782351,127.99605067635933,6493463
2022-02-24,123.31758880615234,126.47958095579588,122.5432292762876,125.18897298685918,13145037
2022-02-25,127.31849670410156,127.70567651561345,123.99517815853048,124.25330240911998,10920938
2022-02-28,134.96534729003906,135.67517913300023,126.5118666975131,127.41528188196651,31938385
2022-03-02,136.09461975097656,137.54655378858567,133.061682995169,134.06190947257502,20502615
2022-03-03,140.57945251464844,141.54740836826605,135.96552698665622,135.96552698665622,19805555
2022-03-04,138.77264404296875,140.3536337463144,136.126886880847,139.35340719685422,12794317
2022-03-07,137.3206787109375,138.86939760786257,134.77172036299322,135.83647445118555,17635653
2022-03-08,137.03030395507812,144.16091852005871,135.38478660613595,138.09505819777232,28410490
2022-03-09,134.28773498535156,139.3856382700507,133.31977916403176,138.83713259705104,22830958
2022-03-10,134.77171325683594,136.4172434089816,133.61017414538702,136.15911923019036,16516553
2022-03-11,137.0948028564453,137.4497252388401,134.06187989844616,135.0621061552017,12992850
2022-03-14,137.70787048339844,138.09505024150454,135.25571013415492,137.0948238317161,12598659
2022-03-15,135.2879638671875,138.7726075170415,134.4168062369093,137.57878481134557,14528285
2022-03-16,135.09439086914062,136.67539355920016,134.83626664129994,136.32047110482625,11933774
2022-03-17,136.5140838623047,137.288443509568,134.0619230980623,136.80446544784215,28464621
2022-03-21,132.22279357910156,139.3856654266677,131.96466935071086,139.3856654266677,17797415
2022-03-22,134.67494201660156,135.1911904775599,131.67428886460536,132.28732242434262,13285297
2022-03-23,135.57835388183594,135.9010058487745,134.41681467810238,135.1911741472581,9408783
2022-03-24,135.99781799316406,136.2881995416521,134.22323199325328,135.51383999318838,11188958
2022-03-25,135.2879638671875,136.03006597029162,133.3843095045516,135.99779552412744,9842670
2022-03-28,136.998046875,137.28842842863946,133.90058236870829,135.2879886190003,12823578
2022-03-29,136.3527374267578,138.3854344786713,135.32024054666712,137.9982547130089,10470515
2022-03-30,140.09548950195312,141.12797322997847,136.6753863323227,137.51427361751826,54218485
2022-03-31,139.9019012451172,140.19228277035975,138.5790228995846,139.0952713097296,10326026
2022-04-01,145.2256622314453,145.6773697543804,139.45018388110242,139.45018388110242,39663961
2022-04-04,146.7421417236328,147.19384930137218,144.58037580946123,145.83871343940973,9907530
2022-04-05,150.3881072998047,151.38832065480412,146.41948494611302,148.38765433231802,17167487
2022-04-06,152.71119689941406,153.8727362425042,149.16202483727523,149.29108038803733,17153675
2022-04-07,149.29104614257812,154.8083994250629,148.41988855290703,152.2594412878881,11913911
2022-04-08,150.09771728515625,151.06567334649054,148.8071092033772,150.35584152726094,6746769
2022-04-11,149.00070190429688,152.0013682444036,147.3874418428141,150.03318571789706,12413822
2022-04-12,150.42034912109375,150.77527154745462,147.51648132675317,147.9359315227953,14769907
2022-04-13,148.09727478027344,151.8723007273551,146.83893717416092,151.61417648978883,11015439
2022-04-18,149.12974548339844,149.58146614158926,146.83892425727996,148.09726175270117,19069923
2022-04-19,147.03250122070312,150.58167291767694,146.16134352083077,150.16222272774067,15036942
2022-04-20,146.48399353027344,147.77460140278686,144.19315930506525,147.29062345059432,9814641
2022-04-21,146.6453399658203,147.54876822832225,145.35473191331585,145.90323770988144,11134333
2022-04-22,145.48377990722656,148.54897387264657,144.99980191268656,145.22566881313324,12032249
2022-04-25,143.80599975585938,146.4194863160647,142.93484194537228,144.51583155963613,11042683
2022-04-26,149.45240783691406,149.83958762169033,144.7739537097366,146.48401198197092,15389155
2022-04-27,147.96820068359375,150.25902182415876,146.77437787554362,149.29106590114026,12680209
2022-04-28,152.03359985351562,152.4530500243044,148.452171000031,150.6139364910294,18378146
2022-04-29,146.9679718017578,152.51758303987376,146.51626429689364,151.71095311780044,9026331
2022-05-02,149.42013549804688,150.51714696613155,145.77416553957107,145.77416553957107,12634353
2022-05-04,153.32423400878906,154.51804383158358,150.29131033696038,150.35583811383555,23124643
2022-05-05,150.8397979736328,155.29239784437837,150.25902179418904,153.8404639601402,16481935
2022-05-06,153.8404541015625,154.3244320319604,149.35558406929695,149.35558406929695,17715186
2022-05-09,158.19627380371094,159.03516110301555,152.0658859750728,154.22765168889657,54118806
2022-05-10,157.2283172607422,160.26124071347016,156.48621505842783,158.61572344267893,30997494
2022-05-11,154.356689453125,160.03536909174818,154.03403749931098,157.4541534612361,15412618
2022-05-12,152.22720336914062,156.09902704213917,149.80731357351655,154.22764297444138,26538994
2022-05-13,152.48533630371094,154.7761575641517,150.4203556826348,154.7761575641517,15074553
2022-05-16,151.77549743652344,153.51782613544333,150.35583387036084,151.9690938904291,7960529
2022-05-17,154.00180053710938,154.42125075825876,150.1945043531079,151.58191056364362,15470937
2022-05-18,147.0647735595703,153.743666849421,146.5485251455149,153.25968888452252,19181550
2022-05-19,147.32289123535156,148.1940489077994,143.0316175110809,143.90277518352877,15085602
2022-05-20,147.80686950683594,150.42034252997985,146.32266522548855,148.90388092957656,15148281
2022-05-23,144.9352569580078,149.7105085638087,144.67713276577012,149.7105085638087,11572501
2022-05-24,146.48399353027344,148.19405158710217,144.9352614575089,145.19338565776002,16336858
2022-05-25,145.0966033935547,148.0327418778199,143.61241205423693,147.3874378706182,11062614
2022-05-26,146.61306762695312,147.83914788680866,144.48357224496138,146.4840120748605,14150454
2022-05-27,144.99978637695312,147.5487447523397,144.16089915354414,147.51647430466392,8430491
2022-05-30,147.29063415527344,148.35538835322885,144.74168867330593,144.8707442184398,9305758
2022-05-31,150.2913055419922,151.74323955470817,147.2583688381838,147.29063928996382,26351545
2022-06-01,147.90367126464844,150.3558317114397,147.2261099431949,149.80732593824106,10282009
2022-06-02,145.54832458496094,148.0327423956291,144.90302057550198,148.0327423956291,10071898
2022-06-03,145.8386993408203,147.19383507177844,145.19339536143616,145.8386993408203,16082518
2022-06-06,145.06431579589844,146.7743605551062,144.25768595523783,145.83867519143627,12693293
2022-06-07,145.19338989257812,146.00001983642576,144.3544894994795,144.51581548824905,9103195
2022-06-08,144.9029998779297,146.16133726513945,143.9350440020016,143.9350440020016,11240130
2022-06-09,145.0966033935547,145.6451091739274,142.61218559157683,144.9998051667257,9468041
2022-06-10,144.83847045898438,146.77438236422583,143.2897514377855,143.2897514377855,9019239
2022-06-13,143.4833221435547,145.51603209119781,142.9348164443473,143.16067018769837,10186775
2022-06-14,144.5158233642578,146.67760223457898,143.257485834774,143.4833396056117,17023962
2022-06-15,143.41879272460938,146.03227878841045,143.19293898386223,144.7094005331548,5898563
2022-06-16,139.61151123046875,144.74168566725655,139.1598037031383,144.1286390187448,11883333
2022-06-17,136.385009765625,139.96645253201345,135.6751779289632,138.22412370157664,19675226
2022-06-20,134.38458251953125,136.09464105729367,133.15850207007446,134.9330883938618,7402273
2022-06-21,135.73968505859375,137.5465413940754,133.77151586221325,134.90079778970363,9459619
2022-06-22,135.93325805664062,136.3204377392644,134.35225575354457,136.03005625948165,10257637
2022-06-23,134.57814025878906,136.61083714142458,133.02940819637075,135.57835347605976,13114525
2022-06-24,134.8362579345703,136.8044402749284,134.06189842979424,136.8044402749284,9499105
2022-06-27,136.5140838623047,137.67562333319964,135.28800348018348,137.67562333319964,17545390
2022-06-28,135.70742797851562,136.51405792815316,134.44907737983547,135.2234500087331,6770087
2022-06-29,136.22366333007812,138.74035139982345,134.51360521033178,134.93305541007976,41502918
2022-06-30,136.73992919921875,138.5790430941607,135.77197313569724,136.4818049565308,22260722
2022-07-01,133.25526428222656,137.38521214480917,132.4163639044977,136.19140247553528,11133663
2022-07-04,135.96551513671875,136.9012135909108,132.31955890884527,132.31955890884527,20178279
2022-07-05,138.19183349609375,139.35337264460938,136.12685312860785,136.1591235752645,20083997
2022-07-06,135.80418395996094,138.19181597634665,134.35225036183417,138.0950177773902,19203527
2022-07-07,137.1593780517578,138.933964150091,136.8689833584204,137.6110856252904,14069302
2022-07-08,141.19252014160156,141.57969991500306,137.22389792456337,138.09505569690262,17142257
2022-07-11,140.063232421875,142.77350385370235,139.51471354249355,141.9668738884272,10826079
2022-07-12,137.77239990234375,139.99869338463145,137.54654613480983,138.8048836458867,8503695
2022-07-13,138.38543701171875,139.83737100608684,137.7401330142218,138.41770746309098,10210005
2022-07-14,138.64356994628906,141.4829103393964,137.35296187021703,141.4829103393964,10898403
2022-07-15,135.0621337890625,140.03096938677314,134.73948178586718,140.03096938677314,22067479
2022-07-18,135.67515563964844,137.0625617594528,134.80399793192,135.7396834089723,15155654
2022-07-19,135.5138397216797,136.4817957196917,135.25571549646114,135.44931194756091,14922395
2022-07-20,135.0298614501953,136.9980438936788,134.54588345216592,136.3527398963063,14181034
2022-07-21,136.998046875,137.57880998227895,135.15891993947096,135.4815719451787,12461554
2022-07-22,135.5138397216797,138.06278526494722,135.19118772234236,138.06278526494722,9272199
2022-07-25,134.15870666503906,136.15914647566262,133.83605465917256,135.51384246392962,6635194
2022-07-26,134.93307495117188,136.15915527848057,133.64246684426683,134.1587153385267,11451315
2022-07-27,135.93325805664062,136.1591117774428,135.12662824753255,135.4492801711758,9209354
2022-07-28,138.22409057617188,138.61128342041906,135.54608988549177,136.1591233409806,13192642
2022-07-29,138.06277465820312,140.54720536522768,137.35294293994286,139.6437772107408,15433067
2022-08-01,141.28929138183594,142.06366398143794,138.19184036965444,138.7726165371704,12136557
2022-08-02,143.64468383789062,144.16093234711957,140.2568374590312,141.93462542090782,17748747
2022-08-03,144.28997802734375,145.03208028525293,141.74103236837752,144.12865202035238,12406038
2022-08-04,142.48312377929688,144.6771468043573,141.3860991380236,144.5480912600866,9712267
2022-08-05,144.32223510742188,145.03206684666253,141.22477080869902,143.0638844922407,14099223
2022-08-08,143.19296264648438,146.0323029202333,142.6767141862596,145.19340245455393,8392041
2022-08-10,144.22543334960938,145.12886150864404,142.32179194168202,142.45084748065446,8585266
2022-08-11,143.80599975585938,146.4194863160647,143.06389749924296,144.96755225567154,5040626
2022-08-12,147.16159057617188,147.51649991852003,143.2574959091325,143.90279994475924,13279062
2022-08-16,147.6778106689453,148.38764240904408,146.5162714020772,147.90366443232998,11298246
2022-08-17,147.4519500732422,149.0329394724212,146.93570167050416,147.67780382616172,11225465
2022-08-18,149.29104614257812,149.5168998689757,146.96795486054162,147.09701038170004,11360485
2022-08-19,148.67202758789062,149.68206407181478,147.07549777882588,148.86751210525574,9829530
2022-08-22,147.2384033203125,150.39887545256252,147.04291880938902,148.63943530816334,9190493
2022-08-23,148.2810516357422,149.12817776257629,146.09804166587654,146.5867728667093,8903751
2022-08-24,149.51913452148438,149.84495526636246,147.59679742977565,148.15069004453238,13007225
2022-08-25,147.4664764404297,150.52918618086437,146.6844986874794,150.20336543155514,12124365
2022-08-26,150.17076110839844,150.65949217721425,147.6619442733464,147.6619442733464,7966045
2022-08-29,147.95521545410156,149.16074963929475,147.01032727611053,148.73717999106987,7517013
2022-08-30,149.6168975830078,150.0404672430478,148.63943525569152,148.70459675930968,7214498
2022-09-01,147.33615112304688,149.9427173110094,146.61934807289342,146.65193545331542,13109081
2022-09-02,146.0980224609375,149.1281581593186,145.83737646090174,148.2484447649965,6897237
2022-09-05,145.5767364501953,146.9777685451835,144.46893777285663,146.61936036122756,18055474
2022-09-06,146.65191650390625,148.57425351606423,145.96768766490518,145.96768766490518,14103701
2022-09-07,146.2283477783203,147.89002556378966,145.3486344498154,145.3486344498154,7866745
2022-09-08,146.2283477783203,147.85745144506257,145.6092804303505,147.27097147349943,7187735
2022-09-09,145.25091552734375,147.36875073078195,144.99025623538412,147.30358922221262,9162027
2022-09-12,145.93511962890625,146.4238507907682,144.79474691789503,145.67447361539155,8778919
2022-09-13,147.7923126220703,148.24845641566125,145.83738792208356,146.1632087054147,11278383
2022-09-14,151.5392608642578,151.96281730225192,146.42386364811273,146.6193614330965,25072958
2022-09-15,154.8300323486328,155.25360201511066,151.40891415102806,152.12571721708514,23606369
2022-09-16,153.55934143066406,155.3839299054271,152.09314787134713,155.35135578094034,29399642
2022-09-19,151.9302215576172,155.1558417470824,150.9527592871513,153.75480984121185,13920046
2022-09-20,151.63697814941406,153.95031087516077,151.24599588444187,152.48411743825446,20162973
2022-09-21,147.95521545410156,152.71219069307375,146.1632012373417,152.38636992639016,14468837
2022-09-22,143.42626953125,147.53161565554598,142.80721550413662,145.96767364354378,26264530
2022-09-23,131.989990234375,143.19821865541257,129.09017762440132,142.2533437898824,87162722
2022-09-26,130.88221740722656,136.42117120607887,121.43341386800792,130.3283246788779,167547134
2022-09-27,133.48875427246094,135.47626608575104,131.1428476004607,134.10782163189089,54127095
2022-09-28,135.34593200683594,137.10537198232385,131.9899889435239,133.716828283799,52877873
2022-09-29,135.54144287109375,138.21317058384346,134.27074714724978,136.16049704267286,36761869
2022-09-30,138.27833557128906,142.51400576772332,134.8898047172143,134.8898047172143,62897614
2022-10-03,137.36602783203125,139.8748448519208,136.1930678773838,138.79963376977395,11740863
2022-10-04,135.8346405029297,138.37604453917814,135.54140718468778,138.21313419400425,19179333
2022-10-06,134.43365478515625,137.4312032127164,133.97749775329382,136.09533275482931,20692745
2022-10-07,136.45375061035156,136.68182251366514,132.93488339827266,132.93488339827266,14282850
2022-10-10,136.16050720214844,138.11543200480776,135.24821956705327,135.508865601262,16834226
2022-10-11,135.76950073242188,137.78958668415092,134.5965540141663,136.8447118340828,17807162
2022-10-12,140.46131896972656,140.72196494194864,136.42113405045538,137.1379369894244,35288330
2022-10-13,139.418701171875,141.60171092123582,138.96255740024554,140.07034270716338,16436903
2022-10-14,138.57156372070312,142.0578429959014,137.85476074244326,142.0578429959014,23365190
2022-10-17,138.05026245117188,140.07034864465987,137.49636977423378,138.11542395592667,9520537
2022-10-18,138.37608337402344,140.1029361690386,137.85477807777085,138.76706566063328,13256574
2022-10-19,139.38613891601562,141.34106368830845,138.7670714501803,138.79965883279135,11595367
2022-10-20,141.73204040527344,142.0578611878143,138.37608369356627,138.50641996119157,16371066
2022-10-21,141.60171508789062,142.6443389234952,139.45129265509004,140.33100610207887,11634491
2022-10-24,142.6117706298828,143.52407157976984,142.44886021946309,143.2308381440876,1132859
2022-10-25,142.38368225097656,142.9701623122423,139.61420559392096,142.61175414766836,20622687
2022-10-27,145.9025421142578,146.52159626848595,141.63428476348187,142.9049937093915,24298489
2022-10-28,147.7923126220703,149.2259187656546,145.44639237594095,145.83738792208356,11669879
2022-10-31,148.67202758789062,150.04047224017344,147.7271393520731,148.54169131863213,11755682
2022-11-01,153.23350524902344,153.72223638637456,149.7472257874549,150.30111842491672,15220278
2022-11-02,152.02796936035156,154.14580426470715,151.73472272667868,153.2335035005256,12884449
2022-11-03,148.60687255859375,152.22347549312332,147.72714579022488,151.83249318367177,9358215
2022-11-04,147.36874389648438,149.51915312563978,146.61935343848467,148.5742781509978,8059667
2022-11-07,148.57427978515625,151.1156845909124,147.5316559118845,148.11813598362545,14862038
2022-11-09,142.5465850830078,150.52919384765624,142.09044131381455,150.52919384765624,22831150
2022-11-10,140.0377655029297,143.4588834878986,139.1254647220685,140.75456852443466,16217631
2022-11-11,139.48385620117188,141.9600857303896,139.15803547961593,140.75455171216842,12123886
2022-11-14,141.01849365234375,142.58647516479903,140.28454630340454,140.75160000506364,18460862
2022-11-15,144.12110900878906,144.45472268705015,139.88421800982834,140.11774486965604,15258103
2022-11-16,144.8550262451172,145.0885530563535,142.41964418560138,144.08771222982145,9825807
2022-11-17,145.6557159423828,147.0902436881611,144.28789463271823,144.72159506564407,9449665
2022-11-18,145.68910217285156,145.9893626520408,144.68826105844025,145.68910217285156,5828998
2022-11-21,146.15614318847656,146.4563900388288,144.45470817041658,145.1219354598873,4712051
2022-11-22,145.3220977783203,146.2562050511364,144.7215905495293,145.78915141472837,4366445
2022-11-23,143.553955078125,145.98933741718193,142.95344779832308,145.6223569754213,13510578
2022-11-24,147.29043579101562,147.45724262656603,143.52059859262124,143.72077222519175,7622243
2022-11-25,147.19033813476562,147.39051175259416,144.52142896251323,147.2904249436799,10989671
2022-11-28,147.6573944091797,148.25788806848166,146.2228531207708,146.2228531207708,4526153
2022-11-29,146.35629272460938,148.29125444013263,145.82251907621284,147.6573939905452,6476054
2022-11-30,149.4589080810547,150.09276855595334,145.2220176428188,146.35629856888167,17317951
2022-12-01,148.05775451660156,150.02606980690254,147.12363349374965,149.4589292634917,13241961
2022-12-02,146.65655517578125,147.79083607238692,145.82252111216732,145.82252111216732,12880949
2022-12-05,148.05775451660156,148.29128137862068,144.9217777666541,146.5898461736127,16477957
2022-12-06,149.12527465820312,149.55897503994868,146.38964593647455,147.82418708773824,11299945
2022-12-07,147.4906005859375,149.52563571284807,147.09025334478534,148.6916015850714,5813973
2022-12-08,145.3220977783203,148.02435994572042,144.7215905495293,147.99100672870435,11176439
2022-12-09,144.9217529296875,146.08940061444483,143.92091205703835,145.72243377267068,6020031
2022-12-12,143.82083129882812,145.45553254198273,143.1869573011441,144.12107811499206,8194429
2022-12-13,144.3212890625,144.6549027555943,142.1528000573871,143.82086852285855,8235450
2022-12-14,146.25621032714844,147.15697799021547,144.32126212813748,144.32126212813748,10055353
2022-12-15,144.35464477539062,147.05692116594773,144.05439787634035,146.45641379307102,5385778
2022-12-16,142.2528533935547,145.5889898575196,141.8525197328337,143.45386795049166,11166617
2022-12-19,146.05604553222656,146.25620555933713,142.45301572173398,142.81999613359608,7758862
2022-12-20,144.98849487304688,146.05605581713039,142.71991938263574,146.05605581713039,6541929
2022-12-21,144.1544647216797,145.62235936324367,142.68655650534143,144.82169202689502,7005861
2022-12-22,143.45387268066406,144.78832731025165,142.01933123890254,144.18782001198232,6961415
2022-12-23,140.9517822265625,143.65405851099382,140.4179948994629,142.386323790214,4554651
2022-12-26,141.35211181640625,142.95346017627642,140.75160448460804,141.1185849581445,6864331
2022-12-27,141.88587951660156,143.58730088428965,141.31873906070555,142.08603954968487,13115851
2022-12-28,143.95428466796875,145.72243966273862,141.78579602291245,141.78579602291245,16815549
2022-12-29,143.95428466796875,144.45470512452022,142.45302329831438,142.82000372969492,22536873
2022-12-30,142.5864715576172,144.62152029502326,142.28622469625702,144.1544666051798,4643134
2023-01-02,143.4872283935547,143.78747523211143,142.1194070739663,143.15361476192567,5959394
2023-01-03,143.85418701171875,144.25452063181064,143.02015298037207,143.62066019789623,2873110
2023-01-04,140.8183135986328,143.7207493605034,140.45133318889518,143.7207493605034,9954542
2023-01-05,139.31707763671875,141.38547972943184,137.84916930576648,141.38547972943184,21273509
2023-01-06,138.85000610351562,140.31791438966187,138.48303921306027,138.8833729002729,11510471
2023-01-09,139.51722717285156,141.41882228276637,136.2811774489931,139.58394718859387,52485126
2023-01-10,141.31874084472656,141.7524277092686,139.4504990637242,140.05100632010164,17248326
2023-01-11,141.41880798339844,142.15276880667344,140.18444030526683,141.58561479327494,9164361
2023-01-12,142.45301818847656,142.7199118040185,141.0518436753478,142.48638498095926,21179555
2023-01-13,142.78663635253906,143.68739045569615,142.3195826915757,142.51974272851416,6560245
2023-01-16,143.88758850097656,144.05439534747092,141.91925956747775,143.45388798513608,8362194
2023-01-17,145.72244262695312,145.92260266878105,143.3871471155429,143.88756758227365,13000571
2023-01-18,146.35629272460938,146.8900799477789,144.38797779187115,145.655712265819,11171369
2023-01-19,147.29043579101562,147.62404946211643,145.88926108734714,145.9893479036324,11586815
2023-01-20,148.95849609375,149.39219655769003,147.45723465495522,147.45723465495522,10112645
2023-01-23,150.19287109375,152.32800672056902,149.15867686454348,149.45892373678328,14393610
2023-01-24,147.4238739013672,151.1937110504553,147.12362703121343,150.96018419869407,6150893
2023-01-25,146.38966369628906,147.62403141349242,145.32210279424223,147.25705099023878,5790331
2023-01-27,146.28958129882812,147.75747588651234,144.78831991719818,146.32294809277386,10458603
2023-01-30,141.35211181640625,146.022703280742,140.48472440360905,145.45556274645628,24288177
2023-01-31,144.55479431152344,146.92344303334647,141.55227152276478,141.8525183717311,20997546
2023-02-01,144.48809814453125,150.12616421514514,142.5197691799559,150.12616421514514,20246369
2023-02-02,141.9192352294922,144.85503793928174,141.01848112784987,144.12109065552775,12820663
2023-02-03,143.35377502441406,143.55394863361974,140.38461912809495,142.2528473233297,10815686
2023-02-06,144.82168579101562,145.02184582909695,142.15277668507494,142.41965673585005,6948201
2023-02-07,144.688232421875,145.58898653161347,143.5205846861616,145.45554650601284,10035526
2023-02-08,144.79067993164062,145.64439856331302,143.73206327030283,145.37120582214587,12432719
2023-02-09,145.37120056152344,146.12247015117657,144.790674692026,144.790674692026,7011082
2023-02-10,146.2249298095703,146.4639682561618,144.68823621627578,144.72239052085766,10892159
2023-02-13,147.5225830078125,147.86407046847873,146.15663316514758,146.22492787824876,7710133
2023-02-14,146.83961486816406,148.23971907962257,145.3029212241949,148.23971907962257,6010681
2023-02-15,146.49810791015625,146.976184755529,145.47364561707823,145.64438933259123,8107497
2023-02-16,146.56640625,148.13725402971698,146.15662410164413,148.13725402971698,3963115
2023-02-17,146.02003479003906,147.45427925790682,145.47364932839443,146.15662420787046,6491149
2023-02-20,147.385986328125,148.2055506353256,146.29321539164465,147.24938301348513,6841917
2023-02-21,148.34214782714844,149.40076451664484,147.5567377812464,148.58120016650338,6701434
2023-02-22,146.60055541992188,148.4104415648906,145.4736441300237,147.5225686952353,9128659
2023-02-23,145.6444091796875,147.45429558979203,145.20047267982622,146.83961535115034,10345874
2023-02-24,146.87374877929688,147.11278720057862,145.06386262646237,145.06386262646237,9808830
2023-02-27,149.7080841064453,150.22031525265143,146.53226211609467,147.82990323702288,17763618
2023-02-28,151.79115295410156,152.3033840664326,149.40074109655666,150.6642417279416,36559278
2023-03-01,149.50320434570312,151.79116741979297,148.4787420234098,151.31309056078658,12896085
2023-03-02,150.4935302734375,150.93746677828824,147.38600252980476,148.88854188989518,79708558
2023-03-03,151.68873596191406,153.97669930076643,150.52768408702215,150.52768408702215,9951869
2023-03-06,155.1377410888672,156.2646523786242,152.30339266164776,152.98636751663273,15659957
2023-03-08,155.75244140625,155.95732555218117,154.14743917307143,155.00115785235332,11591495
2023-03-09,154.21575927734375,157.39158188483984,154.01086122098062,156.40127370112887,13941653
2023-03-10,154.7279815673828,155.82073871602623,151.7911837036902,151.7911837036902,9605434
2023-03-13,154.42062377929688,157.11838300053887,153.9425469021958,155.75243318578143,13209653
2023-03-14,153.80596923828125,155.5475611006565,152.9864047707884,153.77182882431376,9583405
2023-03-15,155.9231719970703,157.1183780473036,154.14742617773885,154.76210635403362,12228069
2023-03-16,158.55262756347656,159.06485874412846,155.95731735677637,156.70858697603376,18437817
2023-03-17,156.8793487548828,159.81614675328564,155.92319489043695,159.7819924459147,33711025
2023-03-20,155.3767852783203,156.67444033000632,153.87424609962673,153.87424609962673,9281411
2023-03-21,152.40585327148438,155.5133807611446,151.92776249950276,155.2060476110679,11272787
2023-03-22,153.0546875,153.4644697016345,150.80087844342964,152.30341781447655,7589846
2023-03-23,151.72286987304688,153.32785803559025,151.10818971213516,152.98637060121254,17091298
2023-03-24,151.89361572265625,153.15711646856008,150.8008586963383,152.30339787063053,10371666
2023-03-27,150.32278442382812,154.52308316513924,149.94715653665588,152.23511985089755,19983733
2023-03-28,151.68873596191406,152.37171092247664,149.3666183169691,151.10821002446812,8689166
2023-03-29,151.92774963378906,152.78146819521777,150.63010853654453,151.6887112156208,19743258
2023-03-31,154.14744567871094,154.86457495763776,152.30341881170108,152.98639378395086,10202058
2023-04-03,153.39614868164062,155.27432952098545,152.8839175436375,155.27432952098545,7643214
2023-04-05,154.11331176757812,154.76213246051762,152.78150217841952,154.76213246051762,12019382
2023-04-06,153.84010314941406,155.30850202953937,153.43032097000156,155.17189870629483,4282875
2023-04-10,156.43539428710938,156.67443270456383,153.66934059827685,153.805930009634,4145643
2023-04-11,158.0062255859375,158.4501620085276,156.02559578179918,156.332942795204,5106602
2023-04-12,155.2401885986328,158.14283170431878,155.06944488653363,158.04038269802749,9118795
2023-04-13,157.90379333496094,158.21114038097508,155.03530427645617,155.24020230713228,11428621
2023-04-17,161.6260223388672,163.84569089398852,158.65508412873695,158.8599682736517,21815047
2023-04-18,157.28912353515625,162.20653721041873,156.8451870753379,161.79675505334015,13482833
2023-04-19,157.05007934570312,158.0404013297247,156.16222027521127,156.40125872129906,8264190
2023-04-20,157.6988983154297,159.0648480385687,156.8451797384678,157.66474401428755,7308750
2023-04-21,158.14283752441406,158.68920908614407,156.81102818393092,158.31358124279708,5030650
2023-04-24,158.41603088378906,158.6550832275729,157.05008101147303,157.7672102525032,5725067
2023-04-25,159.0648651123047,159.7478400471835,157.5281715088274,157.97210799553073,8338703
2023-04-26,162.75291442871094,163.572478701301,158.45016725971539,159.85027127847908,13581018
2023-04-27,161.14791870117188,162.75292079847864,159.47463578949584,162.54802277473237,9794457
2023-04-28,162.03582763671875,162.51390460487372,159.20147845223886,161.83092956741652,10585487
2023-05-02,163.9822540283203,164.69938315842754,162.71875337089386,163.02608648656354,6732907
2023-05-03,163.70909118652344,165.27993914138614,163.09442484303554,163.91398923112675,4789217
2023-05-04,163.12855529785156,164.392056108697,160.4649503563751,163.67494078667346,9189783
2023-05-05,164.63113403320312,164.93846723395924,162.68464411120667,163.0944402390979,3896441
2023-05-08,167.15811157226562,168.18257395166663,164.6652503366911,165.1774815263916,8758321
2023-05-09,166.23611450195312,168.62652695482996,165.75802367428074,166.680051022234,9166941
2023-05-10,169.13873291015625,169.34361703839195,167.05565395455585,167.4312956990607,9689409
2023-05-11,169.75341796875,170.1973405402782,168.42160856868543,169.17287818414852,12616726
2023-05-12,165.10919189453125,170.47054239935463,164.69940970919228,169.95831119389072,13853807
2023-05-15,166.13363647460938,167.77277893519954,165.51895631499315,166.2360854837386,12187763
2023-05-16,164.32376098632812,167.02152022480897,163.91397881831438,166.338545313066,11418509
2023-05-17,163.09442138671875,165.2116409237202,162.17239410070454,164.5286659830642,11560929
2023-05-18,160.94305419921875,164.59696750377654,160.22592492381412,164.59696750377654,14497723
2023-05-19,159.61123657226562,162.20654688041654,158.45018474213322,160.94304603111698,10071694
2023-05-22,160.05517578125,163.2310120584913,158.89412393136692,160.29421423326585,12566129
2023-05-23,159.88442993164062,161.55772686395764,159.37219872902207,159.85028952189577,12458561
2023-05-24,161.0454864501953,162.4455766535102,160.39665196022608,162.41143624571805,8877971
2023-05-25,162.51388549804688,164.11888776350065,161.3869879348625,162.34314175875699,12502747
2023-05-26,162.06996154785156,162.47974373971644,160.3625241691138,162.4455894340773,6811801
2023-05-29,160.15760803222656,162.7870585193954,159.88441530345955,162.68460950921286,13638297
2023-05-30,160.5673828125,161.1137682449711,159.61121525325495,161.1137682449711,9469926
2023-05-31,159.71368408203125,160.6356974555005,157.08423338911513,160.49910802800892,48104157
2023-06-01,159.13314819335938,159.8844177877725,157.1183778408206,159.09899389104802,8804790
2023-06-02,160.22592163085938,160.5674091082888,159.20145919857106,159.81613943697624,6617781
2023-06-05,160.90887451171875,162.5480169575494,160.36250295988128,161.48940036467818,27428302
2023-06-06,160.70401000976562,161.8650618574297,160.1234701907728,161.48942007986503,6898603
2023-06-07,163.36758422851562,163.9481239872794,161.28451920085763,161.66014704429134,11153571
2023-06-08,165.0408935546875,167.6361899349407,163.40175095417158,163.40175095417158,19300834
2023-06-09,167.26055908203125,167.67034125106701,165.14333962937977,166.3385457279108,11037141
2023-06-12,165.0408935546875,168.31916486055894,164.73354650106302,167.3288567764766,8188909
2023-06-13,165.45066833496094,166.2702326510021,164.90428286082698,165.27992461118905,6443218
2023-06-14,168.35330200195312,168.8313788430837,165.34820985655787,165.34820985655787,10297426
2023-06-15,168.3191680908203,168.66065556018305,166.50929561932645,168.66065556018305,9732749
2023-06-16,168.3191680908203,168.93384831470536,166.98737251837,168.28502768098048,9702361
2023-06-19,166.0312042236328,169.5826822292354,165.55312732632123,168.31916748104217,10431647
2023-06-20,169.8900146484375,170.5388352769703,166.47513998213725,166.54343469643112,13426365
2023-06-21,176.34410095214844,176.92464069156637,169.88999416892037,169.92414846953045,31172093
2023-06-22,173.16830444335938,176.2075374182848,172.587764618682,176.2075374182848,7430965
2023-06-23,170.81202697753906,173.91956846280198,170.4363991036553,173.20243922923038,5593393
2023-06-26,169.71926879882812,170.91447491712972,168.7972554294561,170.74373118594377,7305362
2023-06-27,170.4364013671875,170.77788883625004,169.13874620571764,169.44607936980967,11142907
2023-06-28,170.84617614746094,172.45116440347113,168.31916064880906,171.29011261703656,17808717
2023-06-30,174.2610626220703,177.36859033155736,171.56330321156588,175.1830760326838,17659979
2023-07-03,171.08523559570312,174.12446875380957,170.4022606033051,173.8512898729798,12467239
2023-07-04,170.4705352783203,172.45116530240972,170.1973425344528,172.45116530240972,8637967
2023-07-05,172.96340942382812,173.4414863399855,170.40225331192545,170.53884274649576,5340907
2023-07-06,179.41748046875,180.03216058856634,173.7487977741642,177.5392997052413,16705046
2023-07-07,174.4659423828125,179.31507555954087,173.953711179228,179.31507555954087,13149183
2023-07-10,170.74374389648438,175.1147865192667,169.71928143310546,174.46595195536315,15319047
2023-07-11,173.13414001464844,174.4317951251512,170.77788212872616,172.10967764769785,7486045
2023-07-12,172.1438446044922,173.9878714424815,171.5291643601087,173.47564022135546,9390877
2023-07-13,166.0312042236328,172.24627336448654,165.07503653384902,171.93894020123776,30591450
2023-07-14,163.94813537597656,166.91907350387189,161.66015827405363,165.962905835254,72085831
2023-07-17,164.5969696044922,167.29471520799498,163.367609086726,165.62143207091017,11474161
2023-07-18,164.69940185546875,166.4409795339021,163.64078518992608,164.59695284022914,14940593
2023-07-19,166.13363647460938,168.14840677512777,164.28960989091996,164.59694302314844,22954874
2023-07-20,166.81661987304688,167.90937693760495,165.48482437173544,166.61172184430976,10249082
2023-07-21,166.7141876220703,168.2167408951869,165.4165323982937,166.13366167582222,18466409
2023-07-24,169.00213623046875,169.48022700543905,165.860454417756,166.6800326483507,14825562
2023-07-25,171.52915954589844,171.76819799668274,169.48023471890025,170.02660633566995,10500017
2023-07-26,171.4267120361328,174.6025483249977,170.74373708778168,173.40734216538326,12898171
2023-07-27,171.22181701660156,173.06585774680394,170.53884205619204,172.1096900231984,10836773
2023-07-28,176.34410095214844,178.35888509948828,170.81200743864454,171.97307302232144,17518458
2023-07-31,181.70547485351562,182.3542954402767,176.99294533838665,178.93942099382957,24269734
2023-08-01,171.9730987548828,178.93943771869112,171.0852257577562,178.93943771869112,31395702
2023-08-02,169.75341796875,173.33903621520383,168.42160856868543,172.72435602249402,20825405
2023-08-03,169.85586547851562,171.15352066997042,168.08013337739058,170.060763522752,10882019
2023-08-04,168.933837890625,170.094903551911,168.4216067181882,169.37777435243552,7406390
2023-08-07,169.34361267089844,170.02658753772224,168.0118172386557,169.92415242382606,6345966
2023-08-08,168.159912109375,170.77109086883735,167.56804775720715,170.77109086883735,15171726
2023-08-09,167.35914611816406,169.55253908751402,166.94136035413342,169.2043819230633,18442141
2023-08-10,168.36880493164062,168.96066925869135,167.15025489560347,167.49841204875693,9962450
2023-08-11,170.10958862304688,171.46739583716763,169.065117176323,170.94516011380568,23866073
2023-08-14,170.24884033203125,170.80589741896063,167.6376617993314,170.49254749510652,9188486
2023-08-16,172.7207794189453,173.1385651937841,169.23920768436912,170.31848642215675,9191471
2023-08-17,169.69178771972656,173.24300195108097,168.6473162791048,172.7207662307701,15301142
2023-08-18,167.81175231933594,169.6569881138339,167.18506659354685,169.6569881138339,12292241
2023-08-21,172.12887573242188,172.47703285499276,168.29914738414223,168.71694726446697,9129526
2023-08-22,172.54669189453125,174.18302769171174,171.7807348193587,172.6859490900803,11107830
2023-08-23,173.800048828125,174.07857738525158,172.1288916519164,174.07857738525158,8487619
2023-08-24,171.50221252441406,175.92380536120953,171.1540553850357,174.07856968919404,18982087
2023-08-25,168.50807189941406,172.2681722048601,168.0902861247093,171.39777927149532,12851343
2023-08-28,173.0341033935547,173.3822605432399,168.89103897892085,169.20437474701725,11908665
2023-08-29,174.8793487548828,176.16752744637805,173.1037415270438,173.8000558647765,12363321
2023-08-30,172.05926513671875,175.19267956757722,171.60665799672898,174.9837937721173,6748007
2023-08-31,170.28366088867188,173.80003946243374,169.5873466166537,172.58148948640186,20715819
2023-09-01,175.61044311523438,175.88897164050593,170.73624350590455,171.98961478635192,13120723
2023-09-04,177.83868408203125,178.60462701760738,174.63564097272558,176.58531261177833,10240031
2023-09-05,177.07272338867188,178.9527662389592,176.16750917687426,177.7690376541931,10893186
2023-09-06,177.2119903564453,179.12685469232045,175.57565457546215,178.7438761585251,10018473
2023-09-07,178.95277404785156,179.44018838836556,175.5756525460174,176.86383116013346,13760453
2023-09-08,180.10166931152344,181.94690476098341,179.0223766430048,179.82314080030426,16781751
2023-09-11,184.17514038085938,184.5232975460406,179.37056866804843,181.28543307654508,17683806
2023-09-12,177.60655212402344,189.62957497453345,177.00307129247358,188.46905125987902,29826173
2023-09-13,179.37057495117188,180.6703702466427,177.60658425241726,179.37057495117188,10692151
2023-09-14,181.18096923828125,181.6451787563568,179.8347644691721,180.29897398724768,10941807
2023-09-15,180.20614624023438,182.1558177774219,178.44214151624487,182.10939399084705,20516593
2023-09-18,185.7766571044922,186.14801905693824,180.20614281849905,181.27381905669424,25627043
2023-09-20,190.0009765625,191.2079243110211,184.24478056942124,184.4768853608079,33369524
2023-09-21,187.16929626464844,190.8365488770833,186.0551820111811,190.3259155386693,20332556
2023-09-22,184.89466857910156,188.37624040145386,182.34151590937657,186.19446389271096,21193988
2023-09-25,184.6625518798828,186.28728529218236,182.62003270915932,185.68381854852012,11951847
2023-09-26,184.15191650390625,185.73022598934287,183.4556022456357,184.8482307621768,7440011
2023-09-27,185.08033752441406,185.31244227969094,183.17707569783354,185.0339137400487,6736870
2023-09-28,186.38011169433594,189.8152591139229,183.64127851520107,185.7766450192306,50185120
2023-09-29,185.45169067382812,187.44778580795298,184.84822400533903,186.56579061302688,16293959
2023-10-03,185.2660369873047,185.6838227551936,182.80571783586754,184.52329886297363,10830728
2023-10-04,184.75540161132812,185.12676358613743,181.41308717183938,184.66255403435017,14120040
2023-10-05,182.52719116210938,185.21960074440537,181.36666734792138,185.21960074440537,14575590
2023-10-06,182.94497680664062,183.31633876036722,180.90245772804343,182.89855302078718,12857229
2023-10-09,182.20225524902344,182.8057220201702,179.88120741145624,182.43436003278015,7853369
2023-10-10,183.78053283691406,184.3375898872273,181.6915901480633,182.20222341642557,7440527
2023-10-11,184.2911834716797,184.8946501942614,183.2235072189426,183.2235072189426,10031916
2023-10-12,186.38011169433594,187.54063542842272,183.22349280423973,183.22349280423973,21872719
2023-10-13,187.35498046875,187.91202343849832,185.03393267841997,186.1016089953512,13105921
2023-10-16,188.51548767089844,189.258225731345,185.77665435414255,185.96233532761664,18336656
2023-10-17,192.32199096679688,194.03957179041325,188.09769583282912,188.97969105311194,19378328
2023-10-18,191.71853637695312,193.52895071524136,189.3974887210578,193.52895071524136,14923328
2023-10-19,191.06863403320312,192.554095941047,187.72631994909239,189.39747699114776,13192888
2023-10-20,188.32981872558594,190.511595094714,186.5193901605729,190.511595094714,22081120
2023-10-23,185.45169067382812,190.46514748349713,184.75537644101027,187.54063337228177,6988219
2023-10-25,185.2196044921875,186.10159977550683,183.64129490626598,184.75539495711936,16817158
2023-10-26,184.70896911621094,185.68381196232326,182.2486642743304,184.52328813755875,11070090
2023-10-27,186.56581115722656,187.35497304127392,184.89465398112978,184.98750155568274,9995487
2023-10-30,186.47296142578125,187.72631857322446,183.50200929876848,186.56579482565687,7679981
2023-10-31,187.67991638183594,188.42265449903817,186.19445431398273,187.0764496302942,7474770
2023-11-01,186.56581115722656,187.86560636821335,186.1480254048401,187.86560636821335,5598615
2023-11-02,188.56190490722656,189.07252402490917,186.5193717702973,187.30853358834267,12924797
2023-11-03,189.76885986328125,191.718545655209,188.56192635704642,188.84044075599212,8684015
2023-11-06,193.2968292236328,193.99314346014918,190.27946753206191,190.32589131447287,9804415
2023-11-07,193.11117553710938,194.13244222820504,191.02223253250122,193.29685652643093,10730361
2023-11-08,192.1827392578125,194.5966344030331,191.8577869306116,194.03957731827447,7435543
2023-11-09,194.78233337402344,195.4322239219262,191.34718547806472,192.4612855839768,13777877
2023-11-10,196.0356903076172,197.75327133560333,194.59665201376825,195.43222354997417,12066023
2023-11-13,197.1033477783203,199.70292369616158,195.61787177768272,196.82481925738213,11352269
2023-11-15,195.10726928710938,199.61010761385643,194.7823311002269,199.61010761385643,19182861
2023-11-16,196.1010284423828,197.6626524629145,194.68137811904302,195.62781166793621,27533260
2023-11-17,198.27781677246094,199.4135340757119,195.81708391422634,196.57423359687,16705395
2023-11-20,198.08851623535156,199.88673394353643,197.66262408777388,198.8456658540607,11156900
2023-11-21,197.7572784423828,198.89299576274402,196.81084493517693,198.75103651323482,9608081
2023-11-22,200.2653350830078,201.21176858634635,197.04745250679923,197.04745250679923,13079580
2023-11-23,199.60281372070312,201.6849789148798,198.04120426649936,200.69122087973707,11382709
2023-11-24,199.1769256591797,200.73854958706073,198.277816729361,199.98139990458165,7250200
2023-11-28,198.94033813476562,202.9626809004553,198.27783750870285,202.9626809004553,15629209
2023-11-29,199.74478149414062,200.12334909564248,197.8992391643196,199.03495641025344,10062023
2023-11-30,197.7572784423828,201.40105322169714,197.09477787562454,199.12960413954548,60354322
2023-12-01,198.94033813476562,201.06981371660132,198.23051294082038,200.1707046925568,20719909
2023-12-04,201.4956817626953,202.6314134898502,200.35996447696922,200.35996447696922,27914088
2023-12-05,210.3921661376953,211.29127505816768,200.21800619648454,202.25283240815514,40709207
2023-12-06,212.3796844482422,214.1305923055446,210.5814664662262,213.89398391625673,29544730
2023-12-07,217.67970275878906,219.95113735883092,212.23771018981935,212.94753530751103,24534268
2023-12-08,216.35470581054688,220.89757509801188,214.31986510250013,219.3832901493333,22206320
2023-12-11,218.57879638671875,220.42433867525176,214.41449509764794,215.78682067417617,19106395
2023-12-12,218.9573974609375,220.80293990995233,217.20648969769593,217.67970645084995,14355329
2023-12-13,224.25741577148438,224.77795708670783,218.24757168897096,218.62613931380847,26878281
2023-12-14,219.667236328125,224.8726209383514,218.7208027626293,224.54136341385583,29972018
2023-12-15,224.63600158691406,225.34582672640323,214.98236813671767,222.41187703994285,41341690
2023-12-18,219.4306182861328,224.21009602853925,219.05203621172657,224.21009602853925,29051897
2023-12-19,221.03955078125,221.8440106058337,218.48418317366347,219.71453519260666,12612164
2023-12-20,214.98236083984375,222.7904371092051,214.083251915294,222.364544928253,20400245
2023-12-21,219.90382385253906,220.70828364201608,210.77073214729836,212.42699072975134,17755207
2023-12-22,219.33596801757812,221.65472725072942,218.1529261188857,220.51900991627056,9735375
2023-12-26,220.85025024414062,223.1690092969115,218.6734504315978,219.57255931637488,6772092
2023-12-27,221.5127716064453,223.21635485658848,220.04579673989343,222.41188057580626,10231881
2023-12-28,226.29226684570312,227.09672669572922,221.56009911109143,222.50653265801378,39164340
2023-12-29,224.4940185546875,225.4877765969156,222.1752594171078,225.0618844192261,12665999
2024-01-01,225.48776245117188,226.6708042268863,223.73685484654334,225.15650497740066,5952776
2024-01-02,225.1092071533203,227.23868246590254,223.50025869733744,227.1440333421052,9128513
2024-01-03,224.35205078125,225.91366018722832,222.03329173181044,223.3582927767964,8284439
2024-01-04,228.51637268066406,230.07799666831647,224.3520709297835,225.25117989401573,19663959
2024-01-05,228.3270721435547,231.8761976172887,226.4815297854987,229.0368972383015,16345257
2024-01-08,229.36814880371094,232.1127999892965,227.52259205187676,229.41545892232975,13585746
2024-01-09,229.32083129882812,231.54494127517927,228.56368163906723,229.60476422641702,8688409
2024-01-10,226.33958435058594,229.13157495819442,225.25119151270593,228.09049224605937,16872195
2024-01-11,228.98959350585938,230.07800074832946,226.38690125504763,227.3806593663708,18812468
2024-01-12,226.6708221435547,229.65208187743065,226.00832158507438,229.51012262969525,11296498
2024-01-15,228.23243713378906,228.56369464172565,224.30474380989224,227.52261199515016,12597366
2024-01-16,226.2449188232422,229.4154622118556,224.9672278907947,228.70563712525774,7478450
2024-01-17,226.3868865966797,228.2797535656175,224.96723636997632,225.72438604583724,13620300
2024-01-18,220.9449005126953,223.07437591493223,213.94129829968784,215.07701562592834,25522629
2024-01-19,222.79042053222656,224.25739521651315,219.95112028190204,222.4118529420878,20931080
2024-01-23,225.20384216308594,233.57978418132433,223.59490814619272,228.09046714595746,27492163
2024-01-24,233.01193237304688,233.7690820859025,222.41187971735664,223.50027250110378,28309825
2024-01-25,232.3494415283203,235.37802606525065,230.0780067359801,231.63961635053522,20651484
2024-01-29,240.34678649902344,241.34054457083627,232.01816873927342,232.30210167999556,26181011
2024-01-30,240.48875427246094,243.18609548080457,238.02802143532537,240.39410514740612,16031367
2024-01-31,245.41021728515625,246.07273234846957,238.87983131863444,240.39413083273567,34369455
2024-02-01,251.56201171875,256.43616733011646,244.4637604977598,245.12627549819547,29929092
2024-02-02,262.2567138671875,266.32636613501074,249.81111981917707,250.33164666173934,33900724
2024-02-05,267.74603271484375,273.8978504956645,260.17456467691045,262.63529756581045,27440927
2024-02-06,259.55938720703125,267.7460312001618,257.71383033008226,267.7460312001618,29668277
2024-02-07,253.5968475341797,259.70132578975324,252.50842599020808,257.52454046752194,27335466
2024-02-08,261.40496826171875,272.6201831604865,256.29420378603714,256.29420378603714,69776717
2024-02-09,258.3763427734375,264.4808503371619,254.68525793895998,263.6763760940796,24496638
2024-02-12,255.82095336914062,261.21563565871344,251.9879093990306,258.5656335167679,19140023
2024-02-13,255.77365112304688,256.34151699461876,250.095050173044,255.82096124448702,22031847
2024-02-14,258.99151611328125,260.2692070882862,252.69773924571786,255.06382294652047,13546941
2024-02-15,271.019775390625,272.6556246236992,261.1085364818021,261.73399788300213,25475670
2024-02-16,264.1877136230469,272.22256745407213,262.98489207246706,271.3565418108068,25129188
2024-02-19,265.9197692871094,267.7961531102356,262.98486736002826,264.7169478495575,11429901
2024-02-20,277.03387451171875,277.8517991008391,267.2188675395623,267.84432891979696,43053543
2024-02-21,269.52825927734375,278.52537036052513,268.71033474873445,276.6970581086594,24651085
2024-02-22,271.93389892578125,272.79992455916624,262.9367879569389,269.5282558520673,26793590
2024-02-23,271.3084411621094,274.4357771990002,268.4697705515504,271.88577201477307,14313526
2024-02-26,276.9376220703125,280.49798560647594,271.4046429374232,272.27069794648384,31012494
2024-02-27,281.46026611328125,282.32629182816953,273.37731049805245,273.37731049805245,36510093
2024-02-28,268.99896240234375,282.56679347848524,267.8923726029107,280.4979465724572,18824161
2024-02-29,272.1744384765625,274.24328545862517,264.04335388069677,269.0471027651922,35043015
2024-03-01,276.8414001464844,278.47721971952257,273.85839703996265,274.2432940356329,15149735
2024-03-04,283.52911376953125,285.79042434711386,277.1301084578074,277.1301084578074,23131460
2024-03-05,283.8658752441406,284.29890273234224,278.81402492199913,281.02720474539547,13220556
2024-03-06,282.6149597167969,283.76965077137754,275.68669592627236,279.3432616477513,15969436
2024-03-07,281.6045837402344,287.6186916680788,280.01686512043574,282.90363692580104,14908694
2024-03-11,274.77252197265625,280.930991326938,273.6659321050381,277.5149607685851,19020659
2024-03-12,274.38763427734375,277.75553447207193,272.07822287411057,274.1470699777203,17906155
2024-03-13,254.32455444335938,273.18480056364444,251.91891155469438,272.6074403972133,39389523
2024-03-14,256.2972106933594,258.26982620397865,250.8604633949919,254.08400151735614,26005940
2024-03-15,255.91233825683594,261.7339831203778,247.92558512304367,257.9811855590836,43817794
2024-03-18,254.90196228027344,256.58591261726286,249.7057785421445,255.9123501019251,12423655
2024-03-19,249.22462463378906,256.4415539185513,248.55103282090707,252.25572906023712,20031514
2024-03-20,254.661376953125,255.14250558117388,249.17652821282425,250.138785468922,11308487
2024-03-21,263.41790771484375,264.1396006126926,257.0189032270688,257.6924656456056,23559105
2024-03-22,265.3424072265625,267.74805008446424,261.10848166980696,263.41789294024113,22097588
2024-03-26,259.8575744628906,263.7547341825046,256.0566757130598,259.9057049477822,28477120
2024-03-27,260.0500183105469,262.5037625186993,259.03965995795716,260.77171123832824,18094214
2024-03-28,266.4490051269531,268.95087964799313,261.39715497256327,261.7339508560076,26646830
2024-04-01,269.5763244628906,270.97160902371144,267.1706816792386,270.15368460411844,8945400
2024-04-02,268.99896240234375,271.06783867412827,267.98860418672155,268.7102970166678,13229425
2024-04-03,269.52825927734375,272.41503100248684,268.0367429332302,269.57636039312524,14499308
2024-04-04,267.1706848144531,275.87912941291984,264.66881041694455,272.1263031337785,23722104
2024-04-05,267.89239501953125,269.38391127901406,264.76505916140906,269.38391127901406,9308711
2024-04-08,271.115966796875,273.47350868923854,268.51786060389315,269.9612464076032,14473340
2024-04-09,270.58673095703125,273.61783520306085,270.3942677745893,272.17444943202213,5780865
2024-04-10,271.8857421875,274.5800797893103,269.431998235586,269.431998235586,8809693
2024-04-12,264.8612976074219,273.7140757042735,264.2839374070603,270.8754051825223,17731780
2024-04-15,263.7065734863281,265.7754499555827,258.2698261882909,260.0500078785577,13378690
2024-04-16,263.8990478515625,265.1499705162229,261.01227613395196,262.6962263025581,9662195
2024-04-18,269.52825927734375,278.9583684998402,267.2188477703814,277.0338540164115,51039603
2024-04-19,271.019775390625,271.5971356708726,264.33210446123445,267.6037735616192,18755469
2024-04-22,272.9442443847656,273.9546320474813,271.0678604953087,273.2810402723375,14965203
2024-04-23,274.580078125,276.3121292139988,270.1055883402888,272.9442292564678,11464036
2024-04-24,279.4394836425781,280.8347683220698,273.6659404707655,274.2433006610986,19324163
2024-04-25,282.23004150390625,283.3847619576783,278.33291136250745,280.9791188171207,22022414
2024-04-26,281.21966552734375,284.9724627185431,280.4498715168574,283.14417991931873,15581578
2024-04-29,282.6149597167969,283.48098534917244,278.66969920735266,281.26777610447925,9804396
2024-04-30,290.4573669433594,292.86301015248813,281.989485227769,282.61497595475197,33288857
2024-05-02,301.7638854980469,305.2761186575185,290.4573625848055,290.55359418487893,44059506
2024-05-03,299.11767578125,304.1695264070101,296.61580102676896,300.22426575945474,27074447
2024-05-06,295.26861572265625,299.06951388910835,291.66015136894714,298.4921830851214,16855909
2024-05-07,284.1064453125,296.6638903361473,283.3847523946867,295.4129676915749,13857464
2024-05-08,290.6016540527344,291.41957848861705,280.9790827264849,280.9790827264849,18754452
2024-05-09,284.97247314453125,292.8629941866145,284.10644750960995,291.3233767435543,11196567
2024-05-10,292.28564453125,292.9592363637171,285.0687150366512,285.0687150366512,11786977
2024-05-13,294.9799499511719,296.03843880546003,286.36776513320416,292.71866889317204,11710605
2024-05-14,297.57806396484375,301.18652876635764,296.1346780442382,296.37524236433916,9957875
2024-05-15,302.9667053222656,304.36196073505033,297.19316174057695,298.2997517205817,11397656
2024-05-16,300.70538330078125,303.688386576277,293.7771195232272,302.6298977539063,19843532
2024-05-17,301.3308410644531,304.0732800009044,299.0214296211425,303.0147911910404,9069551
2024-05-21,313.3590393066406,315.0911198197655,299.261977739645,299.261977739645,21976662
2024-05-22,313.455322265625,315.37983690731727,308.1148058812342,315.37983690731727,10287081
2024-05-23,307.8260803222656,308.5959037215164,297.33748244571444,307.3930821905871,35705284
2024-05-24,306.767578125,310.76096892615755,305.4204239422552,305.9977841250769,15058182
2024-05-27,305.9496765136719,309.3656776936908,302.6298775572808,309.3656776936908,12857918
2024-05-28,300.9940490722656,307.4411842440314,300.224255036425,306.96005563019094,10935739
2024-05-29,305.7091369628906,306.6713942031065,297.4337188238819,297.4337188238819,16812268
2024-05-30,295.1242980957031,305.6609969272611,292.3337286936945,302.72612418264333,22768893
2024-05-31,298.29974365234375,299.7431295087261,294.16204927701864,296.9044589115367,36929443
2024-06-03,324.9061584472656,335.5391188054773,313.3109701933893,322.3561825776395,55218939
2024-06-04,284.7800598144531,322.30809453199925,269.1914798008598,322.30809453199925,73262478
2024-06-05,287.5224304199219,289.68750905069163,268.66221339560076,285.1167874968443,45312613
2024-06-06,289.1101989746094,299.69502859521634,286.84888859160037,291.94884020795223,36508044
2024-06-07,297.67425537109375,298.92517792040184,285.5979105132386,286.8007319513263,38016104
2024-06-10,303.88079833984375,311.1458574923904,299.8393359011547,301.1864900473844,25478964
2024-06-11,304.6025085449219,307.63364225366405,303.25535432201406,304.2657420135146,12238518
2024-06-12,312.3968505859375,314.7543928984678,304.93935593767645,307.82612805958394,20346144
2024-06-13,309.317626953125,315.5722995269135,308.5478034784317,314.6581433275162,11756503
2024-06-14,309.3656921386719,313.69584957140603,307.29684501618414,313.69584957140603,14159988
2024-06-18,319.2769470214844,319.9505388495774,309.84683762274864,309.84683762274864,21653702
2024-06-19,314.94677734375,322.2118369969057,313.1184944931895,321.3939124841981,14235150
2024-06-20,312.3005676269531,315.90903218603404,310.13548889150456,315.139238159734,11749507
2024-06-21,313.6477355957031,317.1599683850773,310.8090652043446,314.3694284715646,17209541
2024-06-24,320.3835754394531,321.3939338444558,310.3760761624653,310.90533528975016,18044357
2024-06-25,315.04302978515625,322.35619103705983,313.50341225331937,322.35619103705983,13979671
2024-06-26,314.3694152832031,317.73731522926727,312.685465310171,313.40715815575624,12946277
2024-06-27,319.036376953125,319.95053307965685,312.10814242769857,316.1496052260905,27061015
2024-06-28,318.4590148925781,324.6174547669297,317.15996186956266,320.43163029977217,21676594
2024-07-01,317.15997314453125,319.22882021322863,312.97414852856855,318.5071273265371,11959181
2024-07-02,318.3146667480469,321.77879850565955,315.6684594751948,317.59297385545085,12684459
2024-07-03,322.5005187988281,324.18446902462546,316.6788740502335,318.60338859400184,9369793
2024-07-04,322.3561706542969,325.91653413618565,321.29768183272773,324.2806851059643,12878827
2024-07-05,326.590087890625,327.07121649074844,320.2873149753119,322.3561620826908,10894118
2024-07-08,326.590087890625,328.1297052841718,324.13634377629927,328.1297052841718,7828162
2024-07-09,328.2740478515625,329.42876827284726,325.3391750489574,327.1674579111914,9214579
2024-07-10,332.9891052246094,334.6730553899008,322.8373031172995,330.0542323971199,10662609
2024-07-11,329.8617858886719,335.58722848657555,329.0919918061902,335.3466641650798,12642065
2024-07-12,330.15045166015625,332.8447600776637,327.2636800560729,329.8617568802923,11380570
2024-07-15,330.8721618652344,332.36364885904266,327.3599287697342,332.36364885904266,5277531
2024-07-16,329.5249938964844,333.90325246346225,328.6108377990558,329.8136593136936,11363095
2024-07-18,328.3702697753906,331.6900688644785,324.2325755582242,329.0919626759959,13908161
2024-07-19,319.6618347167969,328.9476102755095,318.5071143986558,326.73440122669876,12937990
2024-07-22,325.8203125,326.5901065578937,317.0637656040944,317.54489423171816,10678640
2024-07-23,321.63446044921875,327.64856778746145,308.98078448270786,326.3014136168468,15954324
2024-07-24,324.42498779296875,326.0127061955079,317.83352053285915,318.41088068807994,12573882
2024-07-25,326.6382141113281,329.6693183794337,317.9778994220212,317.9778994220212,16271884
2024-07-26,331.20892333984375,332.5079470019478,325.7240458292083,327.5042274328888,11468068
2024-07-29,329.4287414550781,332.84474259417254,325.00235268817204,326.9749681010421,31849674
2024-07-30,336.5975646972656,343.4777273310157,330.34289275077276,331.9787417753903,25813219
2024-07-31,335.0579833984375,337.41549602179487,329.66933697028264,335.1060845142315,17976593
2024-08-01,347.4710693359375,348.81822349836574,336.9343415970629,337.8965987653342,26792459
2024-08-02,344.7286376953125,347.42294607614605,340.6390446451937,344.4880733982467,13771470
2024-08-05,329.8617858886719,341.408873320468,328.6108631631987,339.4362576305076,13566586
2024-08-06,327.88916015625,337.55983383788487,326.44577427148295,329.8617757857939,12273667
2024-08-07,338.76263427734375,339.24376287558783,330.4391154008732,332.7966572785728,12441847
2024-08-08,329.7174377441406,341.6013205432334,328.37028347993913,341.6013205432334,15489731
2024-08-09,332.9410095214844,335.7796801639979,331.30516044516116,334.76929242894147,8720610
2024-08-12,328.2740478515625,330.82402363565944,326.6863292966161,330.0542295986431,12521136
2024-08-13,324.2325744628906,329.52498904945014,322.5004938878338,324.2806755764648,10435954
2024-08-14,320.91278076171875,325.5797341212105,319.95052354804045,324.28068100959285,12385993
2024-08-16,328.5293273925781,329.45105462189156,320.7672642745487,323.0958772879734,13013828
2024-08-19,330.1787414550781,333.0895150662951,329.2084835846725,332.4588533725155,5891370
2024-08-20,330.372802734375,332.45885122025857,328.7233525213954,330.32430168513685,6393840
2024-08-21,326.6372985839844,330.80942509603943,326.1521696600189,329.88766829653713,10118601
2024-08-22,324.06610107421875,327.6560667324811,320.67019881745296,326.00661664951343,18370039
2024-08-23,326.24920654296875,326.9283988912642,323.4354646613108,324.696788039665,7494822
2024-08-26,328.189697265625,331.3430350811853,325.86108449304095,326.4432450886664,7993675
2024-08-27,325.3759765625,331.2945553811804,325.03638039234494,328.9174118000147,9589690
2024-08-28,324.5027160644531,328.8203452824504,323.8235237960453,325.3759421167513,8790600
2024-08-29,323.3869323730469,325.9096087269668,319.02077201008086,322.6107379302654,17653536
2024-08-30,327.3650207519531,330.71242246558734,324.11465075362696,325.03640763417036,22713812
2024-09-02,325.57000732421875,329.7906348625985,324.2601829243074,328.33524809832403,9789776
2024-09-03,324.6968078613281,327.8986767717156,324.0661461336512,326.0066619787629,8434423
2024-09-04,322.9988098144531,324.7452915885911,321.1553259500166,321.349389350449,9025610
2024-09-05,321.39788818359375,324.357162555355,319.7969687757571,322.4651776587907,13912371
2024-09-06,319.9910583496094,323.1929273333883,315.33383205855966,323.14439667019496,23755639
2024-09-09,318.7781982421875,319.40888951970123,313.926909091584,317.9535027745202,18597200
2024-09-10,324.211669921875,325.32746057993097,317.27433188969616,317.27433188969616,15472387
2024-09-11,323.2899169921875,327.21944931343694,322.1255957659335,326.87985315495297,10134008
2024-09-12,328.1412353515625,328.9174298316805,323.33844687730834,324.8908654474657,18410837
2024-09-13,327.2194519042969,331.10048320931446,326.1036613260881,329.69359751727796,10417461
2024-09-16,328.189697265625,331.3430350811853,327.02537607437404,327.2194394762218,7748570
2024-09-17,326.8798522949219,329.88765744656547,324.5512394584593,326.68581849766923,11451846
2024-09-18,324.357177734375,328.820369633207,323.1928861150615,328.4322724267692,6583254
2024-09-19,324.9393615722656,328.2867631381067,323.19290921351785,326.20071459573546,10589610
2024-09-20,330.71240234375,332.7499498015584,324.7938233891335,328.0926942394363,31236123
2024-09-23,331.0034484863281,332.313302461811,330.1302223726458,331.8281735531076,6542941
2024-09-24,339.6387634277344,340.56052026958344,332.1677954213913,334.30234501895177,26145769
2024-09-25,352.9313049316406,355.35694963907457,341.87037098772595,343.32575781218634,40770462
2024-09-26,354.58074951171875,355.2114112035917,346.5761221050723,353.2223648093213,18733959
2024-09-27,343.7138671875,352.4946894946869,342.8406409839551,351.4274294736441,33148043
2024-09-30,342.35546875,346.818660527188,339.2991626189632,343.7138237404699,16356171
2024-10-01,340.366455078125,345.41180793690205,339.541759561718,340.6575502103165,9856291
2024-10-03,333.91424560546875,339.49322845098044,332.41035772586434,332.7984549583506,19350466
2024-10-04,328.7718811035156,337.11610460425476,327.7045915377374,332.79844529221,20121706
2024-10-07,319.16632080078125,329.8876578365,315.33379057900737,329.8876578365,13851446
2024-10-08,317.4198303222656,321.15532873864123,312.7626047706271,317.5653630688947,21148292
2024-10-09,319.9425048828125,321.9315214998303,315.81890929296577,317.2742959717352,9228363
2024-10-10,324.4057312011719,328.04419828595417,320.282135171752,320.3791668826637,20773976
2024-10-11,320.23358154296875,325.375965753249,319.6999515861097,324.50273963751647,6098468
2024-10-14,320.8642883300781,321.6404827793936,318.05051682898886,320.233597028849,5944216
2024-10-15,320.03955078125,323.53248488723676,317.7594389613754,323.53248488723676,12415489
2024-10-16,317.4683837890625,322.75627136266047,315.2853036030097,321.834544161168,22085298
2024-10-17,321.3009033203125,322.02859675812533,314.9457258073824,318.7297257620248,17039729
2024-10-18,322.1741027832031,323.92058465494875,318.4871348482724,321.6404728170671,10569021
2024-10-21,321.3009033203125,323.8235798267147,319.6514826272231,323.0958863889019,8745904
2024-10-22,313.1507263183594,325.6670468704476,311.5012761018391,322.9988377383779,11219831
2024-10-23,307.4747009277344,312.32599008598174,304.51542638517117,309.70631170647965,12541589
2024-10-24,309.6578063964844,311.25872602776803,305.8738064652899,305.8738064652899,8327779
2024-10-25,306.40740966796875,311.93789112123983,303.93326405514273,311.93789112123983,12979410
2024-10-28,308.8330383300781,310.91911623690686,301.50760396350773,305.1460706243707,9610615
2024-10-29,311.0161437988281,311.6468350929653,304.8064994443688,306.6985141069406,15856332
2024-10-30,308.9786376953125,315.7219122819014,307.32918743417565,309.0756397966209,14498110
2024-10-31,311.25872802734375,313.1022417581599,308.39648493724826,310.8706307824063,9900390
2024-11-01,312.4715270996094,313.10221838671697,310.4825103615734,312.859653925497,847672
2024-11-04,306.0678405761719,315.04272539396516,302.33234205434985,314.8971630333092,9249409
2024-11-05,307.1836242675781,308.25091376562034,302.7204324820767,303.0600286328063,7518195
2024-11-06,309.0271301269531,310.82211309991004,304.56393802417165,307.95984055303927,11019250
2024-11-07,303.6422119140625,309.5122601768976,302.42938957794615,309.5122601768976,14504208
2024-11-08,306.84405517578125,308.10537857838534,299.51862001080997,302.57492641705886,15740539
2024-11-11,319.9910583496094,322.5137349280624,303.4966732880847,304.22436674668137,22838987
2024-11-12,313.10223388671875,322.6107493932894,312.228978095161,321.6404915003772,12069181
2024-11-13,308.5419921875,314.9456998341301,307.71726710400867,313.0536852078805,12918639
2024-11-14,307.1641540527344,313.7581757366913,305.68787650685607,310.116709144491,12500377
2024-11-18,307.1148986816406,310.55954597353184,305.1957560685514,309.0340713296706,9408101
2024-11-19,310.0674743652344,313.21687840083814,307.31176836028817,308.0991043517177,13157158
2024-11-21,320.7458801269531,321.58244336994596,308.0498998463446,311.00245479694854,25406386
2024-11-22,331.62115478515625,332.26086904171194,318.87594675133397,320.6474677748641,31523269
2024-11-25,337.32940673828125,339.937490965739,330.83377977003045,336.44364625055215,29419152
2024-11-26,333.4418640136719,339.1501550008722,332.55610352589974,336.5912680090198,13997179
2024-11-27,333.8847351074219,335.90230218547293,331.17822656933663,331.9163652615417,12177260
2024-11-28,328.3733215332031,336.3452260957905,326.94627129421593,333.8847635786304,16920231
2024-11-29,324.1905517578125,327.24153144139785,321.33642109959817,326.1097246328751,13890537
2024-12-02,322.6650695800781,326.70023422867024,321.04117028008017,322.9603130764619,16003524
2024-12-03,324.43658447265625,326.1097110136027,319.121991393978,319.121991393978,23174488
2024-12-04,319.9093017578125,326.01126038118764,316.02178927762765,323.84604150581174,17880011
2024-12-05,323.1571350097656,325.2239294160407,314.49628941083705,319.86010941343886,19785053
2024-12-06,323.69842529296875,327.4875433720301,321.533236415606,321.9269043901318,8802058
2024-12-09,323.895263671875,325.42073828622034,321.53322586726864,322.5666080208651,9376929
2024-12-10,322.7142639160156,326.6018067814595,320.2046041144893,326.6018067814595,14994365
2024-12-11,322.3697814941406,323.7968617437664,321.6808700220342,322.07453801108676,5013051
2024-12-12,323.9936828613281,324.6825942741223,320.69665742135527,322.8126489609099,10414162
2024-12-13,328.5701599121094,329.0130251298961,319.90931411110813,325.4207559781195,14973536
2024-12-16,329.70196533203125,330.93219654595674,326.3557424371423,328.57015862220817,12695136
2024-12-17,324.5841979980469,330.24326169595207,322.8126770283318,327.2415094875619,17360248
2024-12-18,316.46466064453125,323.8952750846275,315.5789001909608,322.8126656258452,15037099
2024-12-19,316.5630798339844,318.72829871520815,311.8390041376026,312.9708108112211,10234715
2024-12-20,310.80560302734375,320.45063380133274,308.6404141037525,316.21862038873473,13973399
2024-12-23,310.3135070800781,313.2660619715534,306.622813465734,312.9708184963825,5984169
2024-12-24,305.1957702636719,311.64216991006674,303.8671145251564,309.13251020893705,4833589
2024-12-26,305.392578125,308.1483140073541,303.8671034657073,305.1957591558654,3775101
2024-12-27,304.5068054199219,307.36093565449187,303.91628846640464,305.83546105660065,3981693
2024-12-30,302.6860656738281,307.06570066198987,301.45583450130414,304.1131458479323,12489142
2024-12-31,303.8179016113281,304.8512837796558,300.32402706924097,302.4892459413778,8402716
2025-01-01,305.4909973144531,306.42598501514124,301.06216511423895,303.8179009486699,4239498
2025-01-02,310.1658935546875,312.18349080491333,303.86711562642375,304.9497251222837,10766571
2025-01-03,311.0516357421875,312.9708083735487,308.6895979123941,311.3469092427495,7636948
2025-01-06,301.16058349609375,311.494525086646,299.97954958605465,310.8055836332998,6722495
2025-01-07,300.2256164550781,305.7862856259597,298.2080492579041,301.1606042010517,10137739
2025-01-08,301.8003234863281,302.98135749734405,298.20805425232334,301.3082309875619,6907996
2025-01-09,300.4224548339844,302.04635398826093,298.8477529130424,301.8003077517057,8244909
2025-01-10,294.9602355957031,300.4224499443515,293.7792016654838,299.24141601413214,6540783
2025-01-13,283.0516052246094,293.8284126954139,282.21504198766627,290.33456804310913,19474228
2025-01-14,285.6596984863281,288.41540449392454,282.2642481957693,283.19923596706604,15954608
2025-01-15,293.92681884765625,297.71593677726395,286.49623475363774,290.33454991501776,12198882
2025-01-16,292.9426574707031,296.83020021116045,291.9092752409322,294.2713132196533,11694289
2025-01-17,297.81439208984375,300.1764301231686,291.02352148093115,292.94266424271996,7593230
2025-01-20,301.4066467285156,303.916306385258,297.1746633761817,297.8143775989845,9435937
2025-01-21,297.5683288574219,305.04814056529756,296.731765633887,302.1447829174239,13911546
2025-01-22,292.84423828125,297.51911708784496,291.1219145103992,297.22387359824774,9723333
2025-01-23,289.6948547363281,294.86182587894416,288.95671600166867,292.7950314149094,12228286
2025-01-24,291.171142578125,297.71596691826517,289.69486505621626,290.6298227991259,11142914
2025-01-27,282.4610900878906,290.3345699509677,279.2624888935155,290.3345699509677,13477947
2025-01-28,279.4593200683594,284.23259290275536,274.93206342904114,282.608693791625,11298068
2025-01-29,283.2976379394531,284.57706633371805,278.819578489645,280.83717561591254,4800024
2025-01-30,290.6790466308594,292.40137038603723,283.29765910866865,283.29765910866865,10969499
2025-01-31,296.87939453125,298.65094552409937,291.2203308710648,292.3029403608713,14141459
2025-02-01,285.2660217285156,300.5208888793994,284.0849877415672,296.8793924487601,6945157
2025-02-03,279.3116760253906,287.38200460710067,273.6034153451164,285.4136347125315,14978897
2025-02-04,281.1324157714844,281.8705544598578,267.7967221488481,276.55596191055747,19836427
2025-02-05,280.6895751953125,286.1517899543242,280.0498309146659,281.0832431899808,15337191
2025-02-06,276.70361328125,286.34864453011835,275.3257602556812,282.9531941859101,21418561
2025-02-07,276.9525146484375,280.6863703116454,268.8376077509713,271.9242678431289,17193482
2025-02-10,267.543212890625,274.81177299284184,266.9457899155755,273.8160781631576,16709670
2025-02-11,260.3244323730469,267.6427652589899,258.88066267671775,267.5432200823015,22083955
2025-02-12,255.943359375,260.97163680229806,252.9065021143263,258.38282401050265,17861265
2025-02-13,258.0343322753906,260.2248732524657,254.9974749258159,256.14251800584253,12257226
2025-02-14,256.2420959472656,260.37422382363246,253.65328305571845,259.27895332495507,11339563
2025-02-17,262.06689453125,262.86343825025756,251.11423607772502,255.7939987958336,8332653
2025-02-18,265.8007507324219,266.74664260240564,259.0798105361262,262.7140906391063,10483635
2025-02-19,261.9175109863281,267.34405992513365,261.17073986921883,261.3698909882591,14602009
2025-02-20,264.6059265136719,265.3029251161644,260.17507193967884,261.61884173647144,15312926
2025-02-21,260.7724914550781,264.6059229446865,258.2832541743191,264.15784807967094,10757038
2025-02-24,258.0343322753906,260.6729177344601,256.14251800584253,256.889289195364,14599185
2025-02-25,254.6489715576172,258.8309023065906,253.80262481244435,257.6858288586642,21287363
2025-02-27,255.1468048095703,256.34165078169326,252.3588561964462,252.90649140148628,13614799
2025-02-28,249.7700653076172,255.8935827076226,246.2353454650596,254.7983122685998,38512868
2025-03-03,251.41294860839844,252.70735494678397,247.430169224503,251.91079603138536,9873539
2025-03-04,252.906494140625,256.04292686867313,248.37607949436824,248.92371470533956,11947033
2025-03-05,263.26171875,266.04968263041764,254.6489641625054,255.8438101664267,14536637
2025-03-06,265.5020446777344,266.14924029931626,259.5776781279337,264.00850229583875,11926868
2025-03-07,262.16644287109375,267.4934164165699,260.4737798512217,264.8548311310374,10043068
2025-03-10,270.13201904296875,273.0693312049393,259.9261461355827,259.9261461355827,30233763
2025-03-11,266.14923095703125,270.67966092147407,264.7054916035951,268.8376193045554,9255499
2025-03-12,265.9501037597656,271.2272743747272,262.465171742211,269.53461134077526,11875548
2025-03-13,266.49774169921875,269.4848264865506,264.35700367887046,268.63847971956704,9270442
2025-03-17,266.19903564453125,269.4848166360113,263.80937397925516,268.837621032986,11987667
2025-03-18,266.19903564453125,266.19903564453125,266.19903564453125,266.19903564453125,0
2025-03-19,276.0066223144531,277.10186233152865,268.63845617582956,270.82899698237094,13089950
2025-03-20,279.14306640625,282.329271798762,275.85725506204517,282.279499209112,13710249
2025-03-21,281.8812255859375,283.922387928078,278.8443379812013,279.7902602682593,26003527
2025-03-24,290.59356689453125,292.684532292368,283.2254306039518,283.7730506524864,19966817
2025-03-25,289.7472229003906,293.97892632763,286.4116388275624,289.7472229003906,16983852
2025-03-26,289.5978698730469,295.47246374903165,288.30344826180465,290.44421662151353,20367015
2025-03-27,294.22784423828125,295.97031032091064,287.7558273599434,287.7558273599434,37203166
2025-03-28,289.1000061035156,292.9832099456927,287.05881342697705,292.6347106705573,10834900
2025-04-01,288.05450439453125,295.67159421195566,285.7644184222802,288.35323107756074,11603556
2025-04-02,285.5155029296875,288.5025875287775,283.27518948037,285.61507849356303,11679536
2025-04-03,297.8123474121094,298.6586941450981,283.8726189644725,288.1043222432194,23478876
2025-04-04,292.63470458984375,299.604568402942,290.842466049525,298.7084491327826,21020875
2025-04-07,288.1540832519531,292.6347100728977,281.0846437461126,282.3790652816582,22847548
2025-04-08,287.7060546875,292.7343017986095,283.42454836825107,290.6931393997307,20831596
2025-04-09,292.1368713378906,298.2106161752945,288.0545162579178,288.70174223803986,21342531
2025-04-11,302.79083251953125,303.6869518740512,291.9875365149689,291.9875365149689,19831004
2025-04-15,303.2388610839844,309.1134851371767,302.3925447518225,305.8774768034877,16563441
2025-04-16,304.4337158203125,305.6783344459066,301.4964037094317,303.13932460417345,7032401
2025-04-17,307.6697082519531,308.4662519764445,300.6998443109704,304.1350036935043,8528993
2025-04-21,318.62237548828125,320.61376533508303,307.12211127748014,308.66542625427246,13369014
2025-04-22,311.20440673828125,318.373421663605,310.7563622968202,318.373421663605,10027268
2025-04-23,313.5941162109375,314.7391592515421,308.11779434298853,312.79754207115434,8225575
2025-04-24,313.04644775390625,314.49021740855954,311.50313292543797,313.54429516775986,8021180
2025-04-25,305.18048095703125,314.0421593186748,302.09382074939464,311.652497682058,11475773
2025-04-28,307.2216491699219,309.6113412383302,302.2431746710659,302.89040066487473,7314824
2025-04-29,301.6457824707031,309.46196313610557,299.90331639361654,307.2216496084228,14678005
2025-04-30,306.12640380859375,308.6654136047348,300.60027897846857,303.139319160806,17619987
2025-05-02,301.7453308105469,307.669727689137,300.9985596268354,304.18479549848337,5688285
2025-05-05,306.8731689453125,309.362406102928,303.33843394978106,303.48778210199885,4342960
2025-05-06,306.2757568359375,309.11349337371746,304.234564062427,306.2757568359375,9124804
2025-05-07,309.76068115234375,311.80184348807416,305.6783260946869,306.6740209679595,14679327
2025-05-08,306.9229431152344,316.0335450818051,302.6912399254866,312.0507656091013,19253478
2025-05-09,298.011474609375,301.74533052439153,295.1239654456683,298.70847320132367,11981497
2025-05-12,307.719482421875,309.76067510394506,302.7410081527219,302.7410081527219,7145884
2025-05-13,297.1651611328125,307.42080665793424,296.7170862641762,303.6869507066233,17988336
2025-05-14,294.6759033203125,299.2560753261487,292.7840587943767,297.9119115861985,10359258
2025-05-15,298.3599548339844,299.10672596925355,289.7969730723251,294.62609915763835,22640626
2025-05-16,298.9076232910156,300.89901310538295,294.22784507277356,298.7084721551,16763668
2025-05-19,302.74102783203125,303.1891026998598,297.7127806478098,300.69986540347344,12575289
2025-05-20,296.61749267578125,303.98562856152415,295.82094894236957,303.0895092648871,21339095
2025-05-21,294.8750305175781,300.9487753192083,294.3771830811526,296.4681483913789,11997632
2025-05-22,289.64764404296875,295.07419347195827,285.31636509524833,294.62611860673996,26158839
2025-05-23,296.816650390625,297.46384598666214,290.4939818129161,290.742905533407,9872024
2025-05-26,295.42266845703125,302.4920774468558,294.4767462132799,298.75822183130276,16469130
2025-05-27,293.28192138671875,296.3188090711636,290.94206267472293,295.7213860524042,17074710
2025-05-28,289.89654541015625,294.3771721719398,289.2493498440265,293.2819017751537,10099453
2025-05-29,291.8381652832031,292.63470900509753,290.09569930363836,290.09569930363836,9773818
2025-05-30,288.5025939941406,293.3814928714183,287.0090516611252,290.7429074936637,21788566
2025-06-02,291.7883605957031,292.3857835767132,287.15838566871645,289.05019978675244,7255782
2025-06-03,287.009033203125,294.1282451220781,286.5111857908039,291.2407362078545,10989055
2025-06-04,287.3077392578125,288.55235783090336,285.8141969701035,287.00904295474896,8580196
2025-06-05,292.98321533203125,293.9789102014689,288.8510877011042,289.74720700635885,13110486
2025-06-06,294.5265197753906,295.7213657308011,291.6888138071318,292.28620639864215,7935393
2025-06-09,299.206298828125,299.85349439560576,294.8750202054539,296.7170617330491,8666186
2025-06-10,299.7539367675781,300.5007079407771,296.96600320878076,299.25608931877883,7273892
2025-06-11,294.1780700683594,300.10243648577847,292.7343003103094,299.8037401705528,10941604
2025-06-12,287.7558288574219,294.52654208782354,287.25798140265124,293.8793464738611,14071159
2025-06-13,284.2708740234375,285.21679626660983,280.58679099720223,281.33356211985574,16028417
2025-06-16,287.4073181152344,289.2493597017619,285.067429093764,286.71034993803204,11067299
2025-06-17,287.3077392578125,289.1995837978671,285.9635755078309,287.40731482089893,7286868
2025-06-18,286.0631408691406,287.0588357978688,284.2709021519089,286.26229200936535,11904855
2025-06-19,285.216796875,286.4116124420774,284.0717235088663,285.56526575735916,13573824
2025-06-20,291.8381652832031,293.23213198961594,283.822803545488,284.3206509682208,33014151
2025-06-23,289.00042724609375,292.1866628878672,286.8596894178061,290.14547023460153,6833477
2025-06-24,284.7189636230469,293.43129383934337,284.12154061669014,292.18667523701527,15007849
2025-06-25,289.1995849609375,289.84678054430844,285.26657809967486,285.26657809967486,10838516
2025-06-26,292.2364501953125,292.9832213627622,288.5025943580641,289.548061838015,10232220
2025-06-27,297.9617004394531,299.4054702067547,292.8836503446992,293.7299970915244,15523628
2025-06-30,298.60888671875,299.7041571576951,294.9746065048743,299.10673415588906,8415241
2025-07-01,296.2690124511719,300.20201955504535,295.7213923975074,299.7041720930967,12349270
2025-07-02,293.58062744140625,297.46383121093766,292.1368577797957,296.26898525745344,10826029
2025-07-03,292.43560791015625,297.6630061999666,291.8381848855099,297.1153557664586,10373094
2025-07-04,292.7342834472656,293.8793264379326,290.3943944921318,292.4355871492465,14193884
2025-07-07,294.6260986328125,295.3728697667514,292.23643708144687,293.4312830502273,6220756
2025-07-08,296.4681396484375,297.1153352194654,291.78836172956767,292.88363213464305,6254288
2025-07-09,298.3599548339844,298.70845410768237,295.12394658115113,296.9659881253876,5650646
2025-07-10,297.9617004394531,301.3968600175447,296.7170818077094,298.7084716184994,9307817
2025-07-11,297.2646789550781,299.6045678797713,295.67159153810763,297.96167748964876,7073217
2025-07-14,296.9162292480469,299.1565427573042,296.16945807829444,298.2106204544724,5484223
2025-07-15,296.766845703125,298.708462866234,295.5720300833778,296.81664867865373,6173407
2025-07-16,295.7711486816406,297.6629932416953,294.42698491744886,297.6629932416953,8144630
2025-07-17,295.3231201171875,296.9162380705697,294.5265459473976,296.26901206192866,8318287
2025-07-18,292.8836364746094,300.2019997599263,292.2364408939913,295.2235254687169,8702106
2025-07-21,295.72137451171875,295.9702982276377,290.9918239092586,292.7342899206913,5298012
2025-07-22,296.5179138183594,297.5634116413173,293.2819055597572,295.82094565591615,7775653
2025-07-23,297.9617004394531,298.3599723243717,295.8209624700933,297.56342855453454,5310964
2025-07-24,298.061279296875,300.05266912964356,295.2235427079403,298.55912675506715,6294709
2025-07-25,290.84246826171875,296.46813801927027,289.64762230162154,295.8707150392217,8202572
2025-07-28,290.6433410644531,293.97892512362023,289.49829798371746,290.74291663369047,7037396
2025-07-29,291.8381652832031,292.63470900509753,288.55235406144953,289.24935260775356,6586034
2025-07-30,287.7060546875,295.2235390588018,285.3661655856799,291.7386068945326,10515572
2025-07-31,289.7472229003906,293.03300399529746,283.72328076432893,283.72328076432893,14283621
2025-08-01,289.9961242675781,291.53943912636953,285.0674226191103,290.3943961292473,6697683
2025-08-04,286.7103576660156,290.29483498526287,284.47004414838773,289.94636608036706,10397121
2025-08-05,284.76873779296875,287.40732316730765,283.87261847155884,285.86400824633483,15561914
2025-08-06,283.5738830566406,287.15839061828996,282.8271119140552,286.3618468873437,12985269
2025-08-07,284.3206481933594,285.06741932017036,282.1799103737402,283.275180770302,8893659
2025-08-08,283.6236877441406,285.01765447481324,282.379069165648,283.5738847692835,6172968
2025-08-11,283.6236877441406,285.16700262699317,282.0803424750923,283.6236877441406,8755499
2025-08-12,283.4245300292969,286.31203898704456,282.77733446076303,283.17560631938426,13184438
2025-08-13,286.95928955078125,288.1541052291097,284.8185211529888,285.7644434862551,9928283
2025-08-14,287.4571228027344,288.9008621409508,285.9137775135009,287.80559170031324,8464495
2025-08-18,289.1000061035156,290.0458979803741,287.2579645516817,288.25365940281404,9836105
2025-08-19,288.0,290.1000061035156,286.54998779296875,290.0,7196772
2025-08-20,288.3999938964844,289.0,286.95001220703125,288.20001220703125,3106073
2025-08-21,284.0,289.54998779296875,283.6000061035156,288.3999938964844,7389271
2025-08-22,283.3500061035156,284.54998779296875,281.79998779296875,284.0,6824793
2025-08-25,284.1499938964844,284.6000061035156,282.20001220703125,283.3500061035156,7426789
2025-08-26,279.8999938964844,283.79998779296875,278.8999938964844,283.0,22905910
2025-08-27,279.8999938964844,279.8999938964844,279.8999938964844,279.8999938964844,0
2025-08-28,274.45001220703125,282.0,273.6000061035156,282.0,12455072
2025-08-29,275.25,276.1000061035156,272.25,273.6000061035156,12841075
