Date,Close,High,Low,Open,Volume
2008-01-01,179.58738708496094,180.45385763468033,177.53043188902822,179.32366488232026,4502158
2008-01-02,182.5899200439453,184.89927750025512,176.46052031355492,178.72090583708132,10764075
2008-01-03,180.47268676757812,183.64099638665613,179.5986736823437,182.33750715260712,5993773
2008-01-04,179.9867401123047,193.94083036758784,179.09765389719303,193.94083036758784,5185640
2008-01-07,181.049072265625,182.94024883440613,177.8920707471345,180.73261298192216,6612148
2008-01-08,185.6941680908203,188.51587235694706,181.98337779551042,182.31489788865076,15484183
2008-01-09,184.93695068359375,188.89262528221576,183.93108255463036,184.59790017191696,10546073
2008-01-10,181.5539093017578,188.74192614354538,179.17297666068393,187.02403371665798,9382993
2008-01-11,183.45265197753906,184.97464469115135,179.24833993547026,184.19857535957428,6831815
2008-01-14,185.58494567871094,191.10404266069784,183.91979018706877,186.76034525453903,14452685
2008-01-15,182.5974578857422,188.191894852175,181.36554390814942,188.191894852175,10085447
2008-01-16,182.00221252441406,183.3170095549143,176.761899127629,182.71423685834904,17714860
2008-01-17,182.06253051757812,185.20069490044665,178.94696950632894,184.07050194926677,10439292
2008-01-18,177.9938201904297,182.8649498513699,175.19848404959143,180.07714410526862,9762815
2008-01-21,165.47129821777344,179.3010621386407,153.0542630571687,177.59071221578913,20268942
2008-01-22,161.0447235107422,171.78908626729162,137.88333641781304,143.91102771696362,16339193
2008-01-23,175.08543395996094,177.96741783349844,163.87771077280243,170.99037439822283,12340172
2008-01-24,176.5471954345703,180.80802230693996,173.29601424409864,177.85445014065004,14721243
2008-01-25,181.38816833496094,185.26096027320898,177.81676278503568,183.844453996176,14037072
2008-01-28,184.73556518554688,186.78386891443543,175.6838487963442,183.58961711813825,9114160
2008-01-29,178.13543701171875,188.38098858684924,177.28895007818824,184.46803513974442,9513170
2008-01-30,177.59640502929688,181.9924856433757,175.76768910829423,181.6491094346452,10367140
2008-01-31,173.07655334472656,179.4930100131643,170.57306271114268,172.09032754632605,11590430
2008-02-01,174.45407104492188,179.25343008755158,169.05577759223814,179.25343008755158,8707570
2008-02-04,181.56922912597656,184.26039418404517,176.4823877317642,176.80180799388953,7714390
2008-02-05,177.9597625732422,181.5932143352841,176.48241620607288,180.79465136602585,6614650
2008-02-06,174.2823486328125,176.08311179324144,170.69680916619112,175.60396920003524,9791590
2008-02-07,172.11428833007812,177.20113091565938,169.55888907928005,175.68386603755872,11433480
2008-02-08,175.05299377441406,177.12126893944486,168.99189157977028,172.11427571260134,8801220
2008-02-11,163.7852783203125,181.02625079181615,159.84835634246812,181.02625079181615,8656480
2008-02-12,163.8690948486328,168.97590780314397,160.69879928673322,168.97590780314397,6209390
2008-02-13,169.083740234375,170.81262379801078,163.78527902382206,165.30254387617993,5526180
2008-02-14,176.23484802246094,178.29514176283692,170.81259911789977,173.63951860229352,5897790
2008-02-15,183.32212829589844,183.98892161816403,173.5397309455099,173.92703451168455,9199160
2008-02-18,179.96810913085938,186.8397385871518,177.70817495315833,184.86728750377213,5913730
2008-02-19,180.85853576660156,183.19033814755855,179.39716408760825,181.97653122164917,5196210
2008-02-20,176.49838256835938,180.3634242331917,174.11865625872417,178.24723733832158,8509480
2008-02-21,174.0028533935547,178.4787946988953,169.69460346091836,178.4787946988953,7750050
2008-02-22,168.8002471923828,171.8507514502238,167.69822637695805,171.61118011837877,6860760
2008-02-25,169.76649475097656,170.81261026669125,164.90324930603694,170.38937287766322,6969190
2008-02-26,169.6547088623047,172.09032847731075,167.7381625143254,170.0939209543721,5025960
2008-02-27,166.73194885253906,172.09031147618978,165.38238773584598,170.43728036165243,5723730
2008-02-28,162.83499145507812,167.3788170756253,159.42112716805255,166.95557964171786,13776620
2008-02-29,168.62855529785156,170.49320531697984,155.32050788830247,160.51116753495526,24012050
2008-03-03,153.49978637695312,163.89708042417902,151.72697547813704,159.7924669433852,12664830
2008-03-04,149.78643798828125,154.92119120888134,148.61254963678726,153.70737227830278,12689030
2008-03-05,147.64231872558594,151.08812008688696,144.78346166804786,148.61258205004214,18636300
2008-03-07,146.91563415527344,148.53271937115957,140.1877383811449,147.73415636378775,13408120
2008-03-10,150.56105041503906,152.3658104467441,142.55945857899783,144.53989124612127,15396930
2008-03-11,151.2837371826172,154.60176467882604,147.74210088962047,148.53268245707693,9158680
2008-03-12,144.3522491455078,156.51835769120547,141.9964905866663,154.12266854287068,16347940
2008-03-13,135.43228149414062,142.04837831344835,134.1585726421642,140.54707610131487,12035200
2008-03-14,136.78184509277344,138.94994037593892,134.15856312159622,135.75568887304377,12791620
2008-03-17,130.66888427734375,135.7078155012639,127.79005552140487,135.7078155012639,13595690
2008-03-18,127.17514038085938,132.16216186436327,126.25280119280757,130.96431749701253,12817860
2008-03-19,128.17335510253906,134.1106689137808,126.74392054358334,129.6067741905271,15698870
2008-03-24,131.2997283935547,131.76289640069086,128.1693628624902,129.76648887946828,7787250
2008-03-25,138.87005615234375,140.13578346161324,132.96069672738886,132.96069672738886,8490040
2008-03-26,136.84971618652344,143.2621751071965,134.96112278289522,139.34922188810447,8200210
2008-03-27,131.4913787841797,137.4326891049646,129.8742814930616,135.75570202938368,21323720
2008-03-28,133.98287963867188,134.77346128009094,128.7802429393027,132.4775929896883,12850380
2008-03-31,127.79002380371094,135.35641219108876,126.9715017013753,133.6794252191049,10361210
2008-04-01,129.6227569580078,131.2598014224287,126.33266898651719,128.16936639366546,9052460
2008-04-02,132.2579803466797,136.63411370434912,131.52330395895694,131.92258539913902,8951830
2008-04-03,130.88844299316406,133.3599959894534,129.76646316339028,132.2420128731635,6013970
2008-04-04,127.90579223632812,131.7828109160678,127.09125483203881,130.88842454906802,9383220
2008-04-07,133.63153076171875,135.75571128627018,124.68363079972588,129.28734605094138,10473750
2008-04-08,133.70339965820312,137.5125486488931,131.6311398460374,134.95714943971817,12816600
2008-04-09,135.24061584472656,135.88744984089152,131.84273900800403,133.99885639025482,6854370
2008-04-10,132.70516967773438,137.30889624431413,132.1222222041712,136.39453836156278,7675230
2008-04-11,133.12840270996094,134.95710606381928,130.98824818287406,134.8772449140016,10418310
2008-04-15,133.8192138671875,134.95716876271092,130.17377123471974,132.88089975385745,5713560
2008-04-16,132.960693359375,136.55422561233107,132.40170189037963,134.95710016657281,7885420
2008-04-17,134.41812133789062,137.43270412645424,133.75930926658367,134.15859078678244,11811200
2008-04-21,139.0298309326172,139.58882262679091,132.56146539760758,133.7513287206456,10872640
2008-04-22,138.3470458984375,139.98809923364837,137.75212035036074,138.55068336688456,5551190
2008-04-23,135.436279296875,139.3252769096655,134.15857372073143,138.63053105213052,8243080
2008-04-24,134.2943572998047,136.55429237262877,133.75932147611297,135.7078174221581,7759740
2008-04-25,139.624755859375,140.05199001067683,134.95715391055938,134.95715391055938,9429000
2008-04-28,138.6984100341797,140.6269464656963,137.36081459791967,140.5470852931926,5431690
2008-04-29,143.38597106933594,144.30032909992437,138.15139654616226,138.55067803907025,13827580
2008-04-30,141.7169647216797,145.41831162948944,138.15138423224897,143.66146346920496,8399990
2008-05-02,145.53009033203125,146.93555648569267,143.73730854447544,143.73730854447544,15728100
2008-05-05,142.13623046875,146.80781663249147,141.0342096472552,146.80781663249147,13404480
2008-05-06,140.33547973632812,142.45566368430624,138.55069081109795,141.50537169396776,8142150
2008-05-07,141.22586059570312,142.13622185849798,137.5364915327105,138.94995134616423,12539370
2008-05-08,138.4149169921875,140.53909735450387,137.62035075957778,139.3492341774687,7590660
2008-05-09,134.32627868652344,139.20948330933325,133.06853229682002,136.87368425216005,9038920
2008-05-12,132.77708435058594,134.15859504246754,129.04779629584428,132.96075044387408,6698970
2008-05-13,133.184326171875,135.11684702465823,131.866702194783,133.36001099350108,12101370
2008-05-14,132.621337890625,133.99087040899354,131.84274633479288,131.84274633479288,4846080
2008-05-15,134.2464141845703,134.9571347024037,132.9607273843208,132.9607273843208,6057740
2008-05-16,136.2588348388672,136.87371969404677,134.2464522793618,134.2464522793618,6750980
2008-05-20,131.98646545410156,135.91539317164631,131.38354660960135,135.7556830403839,6482160
2008-05-21,132.72116088867188,133.9389767079873,129.44706007918452,130.93238766517945,9411950
2008-05-22,128.22923278808594,131.60316585036347,127.77006156635238,131.60316585036347,8554590
2008-05-23,125.63790130615234,129.74251408511734,124.91918739202997,129.20747840949556,11728030
2008-05-26,122.81500244140625,124.89525576854057,121.89266309625185,124.81540677484493,8843250
2008-05-27,117.74012756347656,125.74971326736475,116.98947641366303,123.77726173459229,14487480
2008-05-28,121.15396118164062,122.57939880882577,116.21085513673677,119.60076275774286,11388370
2008-05-29,118.35933685302734,124.73842005924327,117.63434552300231,123.30464170630536,11949880
2008-05-30,117.0511245727539,120.6153061208283,116.26943663809172,118.67526350913498,8673280
2008-06-02,112.98873901367188,121.34432645087008,111.49015596969464,115.59302177212122,12061790
2008-06-03,112.44195556640625,114.18355370887848,109.52175690245967,110.97172699887548,9244330
2008-06-04,107.83688354492188,113.1629093118012,107.33060709635417,111.38081868489583,9136480
2008-06-05,109.72832489013672,110.89477530782798,104.65745266709844,107.83687086222518,11186030
2008-06-06,108.15685272216797,111.93974882768877,107.57362126998451,110.42497366285201,9630180
2008-06-09,104.86808013916016,105.95353383961206,102.0653283815937,105.30549753656493,9006700
2008-06-10,103.60845947265625,105.0422378056371,101.28769001180186,103.91222533539074,11992080
2008-06-11,106.11554718017578,107.30631041598065,103.82718002792352,104.4954624904021,7657900
2008-06-12,108.50920867919922,109.30710077219157,100.17387336965756,103.0373694463309,12235480
2008-06-13,108.15685272216797,110.1657541906528,107.11999955390066,108.3836635802099,13074070
2008-06-16,107.45616149902344,110.55457085853361,106.60157279605531,108.13255226547591,6875270
2008-06-17,112.39336395263672,112.90369453343588,106.52865352083653,107.33059981062605,10930420
2008-06-18,109.40025329589844,113.30060881977589,108.95878174014817,112.19895083359381,8600480
2008-06-19,105.34599304199219,112.16654704202772,104.49544624007842,107.73561511573976,8638620
2008-06-20,101.17023468017578,107.33060935525856,100.53435466106072,105.71052468574523,12016530
2008-06-23,97.55339813232422,101.08923117535339,96.41933763333029,100.85027017103134,9910660
2008-06-24,97.75187683105469,100.68017860845065,97.04308967494012,99.18564927330769,10703480
2008-06-25,96.72715759277344,98.58214908997618,92.36102374830594,94.77495261098944,15161940
2008-06-26,99.11273193359375,101.23099089455044,96.19252661683082,97.99892373066203,13360230
2008-06-27,94.0621109008789,97.30632797716385,93.16296348405709,97.30632797716385,10107830
2008-06-30,90.04431915283203,96.79602204033962,89.18566997771141,96.79602204033962,7878630
2008-07-01,83.05365753173828,91.8426175260643,81.89529649564771,90.31973983265782,9552870
2008-07-02,87.35089874267578,88.45660460064772,78.22172598840493,78.22172598840493,12143830
2008-07-03,89.14110565185547,91.83450007486216,84.26465360303501,87.4035675941156,20565740
2008-07-04,91.11760711669922,92.32862256020104,87.07954582296331,89.02364854713034,13738650
2008-07-07,94.91673278808594,96.5570639130206,91.53480286504512,91.53480286504512,11352800
2008-07-08,97.82476043701172,98.825163198224,88.69963418201253,93.9649092704425,15733380
2008-07-09,100.26703643798828,102.47035251649214,98.1771257888075,100.04022557934213,11215310
2008-07-10,100.16577911376953,101.82231412570415,97.20912349761727,98.58214494200465,13646470
2008-07-11,98.8940200805664,101.98433363978421,96.80006133637046,100.80167254415242,14261980
2008-07-14,101.89522552490234,103.58821102967704,97.21318184206923,98.74416135274974,13086900
2008-07-15,95.73078918457031,101.66029794922419,93.34521510938144,101.66029794922419,11899050
2008-07-16,92.00865173339844,97.82880354395861,90.40881946466496,95.990010285594,13217050
2008-07-17,99.76075744628906,102.38934690772416,94.20792099751526,95.17996927551013,15274250
2008-07-18,105.27713775634766,106.08718000405136,98.50113608474317,101.25528096296212,14381200
2008-07-21,109.56228637695312,110.57078518766545,104.58457247667792,106.0750474936962,15258050
2008-07-22,113.68133544921875,114.8599485000351,108.16900343203386,108.95069129905423,18523660
2008-07-23,125.0137939453125,125.53627454049547,116.64605789243626,117.45609996113375,17998330
2008-07-24,119.78905487060547,127.50064838339986,118.45653187527314,126.20458816725842,23457650
2008-07-25,116.96605682373047,122.154376564776,115.24471700312678,115.43102326401228,20916970
2008-07-28,114.81945037841797,121.90327922255496,113.56793641528084,113.56793641528084,22257740
2008-07-29,106.81624603271484,114.92071187820294,105.7915428862616,113.24393052958222,23743080
2008-07-30,112.42984771728516,113.22368590932642,107.33063164428502,107.73565289577289,15774740
2008-07-31,114.80326080322266,115.9089607370533,108.78869368305563,112.59589038219914,18850520
2008-08-01,121.87492370605469,123.12238349118051,110.9758023630104,112.74168875965499,20020950
2008-08-04,122.35688781738281,125.31353716993688,119.80524724109328,121.39698970145199,20132270
2008-08-05,127.8570785522461,128.47271863434526,119.07622265110444,122.35689656354504,20382430
2008-08-06,123.00492858886719,132.76592844658484,122.09767280501246,128.99518251695778,29935170
2008-08-07,123.3856430053711,125.91297090188564,122.02071141432585,122.7051981130092,19255860
2008-08-08,122.94820404052734,125.04621037058557,119.48932038809144,125.04621037058557,19437840
2008-08-11,129.44068908691406,130.01177030888556,124.17946906614699,124.17946906614699,16712000
2008-08-12,126.04662322998047,131.61566380386708,123.54359559668973,129.32324270985734,18468010
2008-08-13,125.83196258544922,128.63471426324452,123.31678481136314,125.8400709186751,15952190
2008-08-14,117.87737274169922,127.81658402562076,117.61815324245855,127.81658402562076,19758430
2008-08-18,117.86518096923828,119.69992585083969,115.43909644895989,116.64606364048971,19824950
2008-08-19,116.84454345703125,118.17706645406425,114.38607455767537,115.83604478464527,12389550
2008-08-20,116.92554473876953,119.72424208023017,115.83603696866972,117.78013334431829,12479950
2008-08-21,108.7967758178711,116.80809341144823,108.05963438223996,116.25727059818377,20000570
2008-08-22,108.87776947021484,110.39254435104438,106.03451358384027,108.79676031027493,22535390
2008-08-25,109.93488311767578,113.14669773455701,109.5460662910326,110.97579039551313,12358750
2008-08-26,111.03251647949219,111.70079898008738,107.75184232352868,109.27471361379507,16861130
2008-08-27,107.81663513183594,112.51487058613993,106.77167364252826,110.53432358891703,12747800
2008-08-28,106.06289672851562,108.70768459684686,105.3500554809755,106.14794771728528,21443360
2008-08-29,113.7177963256836,114.19977253594128,108.22166811033267,108.22166811033267,26616360
2008-09-01,114.66959381103516,116.2167776757496,110.24676947390996,112.59588735960858,16822410
2008-09-02,123.36944580078125,125.39455156783194,115.02600756847944,115.02600756847944,32085130
2008-09-04,124.31718444824219,125.28923267112202,118.38362746997723,121.51443283933715,25526720
2008-09-05,123.11428833007812,124.51971231624702,119.0762266792323,122.43789752232894,27862810
2008-09-08,128.93849182128906,130.41681661835716,126.36660492213488,126.36660492213488,18162660
2008-09-09,126.24105834960938,128.78864514905538,125.63758071912797,128.78864514905538,20039510
2008-09-10,126.9052963256836,128.28642020069404,124.34151738298193,124.82754780220137,21169520
2008-09-11,124.66146850585938,126.01829188795074,122.32448846068637,125.65376294928059,17952650
2008-09-12,122.60391235351562,126.69057305708746,120.53426082612727,126.35035687560969,22024870
2008-09-15,120.70440673828125,121.70480954003467,113.89195993390241,120.59910963722565,22133240
2008-09-16,128.04742431640625,129.60675809681123,115.02599781091997,115.02599781091997,31851640
2008-09-17,124.00128173828125,129.60677319576635,122.44600194316386,129.60677319576635,25739370
2008-09-18,126.90121459960938,128.61040414384718,115.43101402861826,119.07620394531148,26752670
2008-09-19,126.8323745727539,131.2268566582067,125.25684867786815,129.44476601514828,32792550
2008-09-22,126.925537109375,129.19365814910213,125.3945575706056,127.98669060446578,18509600
2008-09-23,121.76960754394531,127.02273240857875,121.24712679412843,123.9364731910709,21782090
2008-09-24,122.96846771240234,124.58451053602761,120.20623281167725,122.7214107392208,20613440
2008-09-25,121.1013412475586,123.7299249333993,118.91422919540847,123.1345432629555,23392930
2008-09-26,116.2289047241211,122.23536215533605,115.6011269677487,122.23536215533605,21995190
2008-09-29,113.84738159179688,117.86114224922012,109.51770496502337,117.45206697547638,18599280
2008-09-30,118.53755950927734,120.29129585887108,109.76074470624265,112.19087189531075,22297620
2008-10-01,121.86681365966797,123.53144456996272,114.6209797157359,120.27507122599864,27509950
2008-10-03,120.1819076538086,123.69343344119014,117.53712053684556,117.53712053684556,22453270
2008-10-06,116.11551666259766,119.72425666008995,115.12320988235949,119.28682688812826,17822350
2008-10-07,113.92030334472656,121.91137571060216,111.94785216718422,117.88951834216131,30591760
2008-10-08,106.78787994384766,112.19086070541833,105.38651019879853,111.35651810921004,36496300
2008-10-10,109.55821228027344,111.3808073089656,95.67813685355199,100.7692552668287,40092370
2008-10-13,121.15805053710938,124.09849611296113,110.4897810023423,111.62384780504927,25623250
2008-10-14,123.8028335571289,128.78053512189075,121.74937314125441,125.76313464887681,32862040
2008-10-15,121.51850891113281,124.50351314726507,117.86116800657649,117.86116800657649,24593970
2008-10-16,124.79106903076172,126.27750219027666,114.70200237916755,117.86116261865418,42410260
2008-10-17,114.9814453125,126.7716035288548,111.78987708627206,126.28557326770607,25248640
2008-10-20,116.28968048095703,122.31639768214356,110.82594865898336,115.0260163633403,30953910
2008-10-21,120.50189971923828,121.90732373968481,115.02601769285172,117.45614482720774,28087600
2008-10-22,112.78217315673828,119.80523761672796,112.03288164230045,118.26616236566363,25793370
2008-10-23,107.43187713623047,113.15888304166096,106.43957021669024,110.65180073531553,39793950
2008-10-24,94.34967041015625,106.35855054798135,89.1046480453324,105.30549314448373,56288010
2008-10-27,85.27720642089844,96.37073573918182,79.78916847029102,93.12246430756844,55117660
2008-10-29,89.06819152832031,95.99000063974368,87.34279768811923,93.96084715486481,35811180
2008-10-31,89.89038848876953,95.34196931080687,86.31000326613677,93.1508097454077,42932920
2008-11-03,100.47764587402344,102.44604887575751,93.55988401155334,94.28892330481266,29298820
2008-11-04,106.986328125,108.09204025037153,99.1167706012088,99.64329930184306,38777990
2008-11-05,103.077880859375,111.78583543099214,102.22733398730371,111.78583543099214,36100190
2008-11-06,98.55785369873047,102.44605954773287,97.20508442373207,99.9430254101527,46117130
2008-11-07,101.15403747558594,102.05723295664252,96.03861810728624,97.28608405580829,33260620
2008-11-10,105.37435150146484,106.52055584639092,101.33628421175692,102.87536572236993,21899500
2008-11-11,99.01957702636719,106.09124959630381,98.33914440582409,106.09124959630381,31740150
2008-11-12,95.4837417602539,99.87012181581913,92.85110412953641,98.03132222518217,45924780
2008-11-14,94.90457153320312,100.36425563530103,93.56394615600915,97.28609201137336,38588160
2008-11-17,94.60484313964844,96.3140329264629,90.80574268742113,94.77495128495426,23674860
2008-11-18,89.78913879394531,93.47482751234723,88.86163690926445,92.42582422804199,36780860
2008-11-19,87.56961059570312,93.31685454072682,86.31809075917887,89.74861980783521,29265110
2008-11-20,88.05970001220703,92.08561133813153,82.72557206774138,84.97344074551067,28114400
2008-11-21,95.87255096435547,98.01510994598281,87.90578018436231,87.90578018436231,36650180
2008-11-24,92.94424438476562,99.01146517926502,90.42501253757244,97.20506827457123,54269450
2008-11-25,86.82437896728516,96.39503039087897,85.8644808523796,94.59268757127762,41450190
2008-11-26,89.50967407226562,90.31971637156215,84.48741428868011,87.80858647976939,51878600
2008-11-27,89.50967407226562,89.50967407226562,89.50967407226562,89.50967407226562,0
2008-11-28,88.17716979980469,89.90660590604988,85.45947477835297,86.26951719331366,43218640
2008-12-01,85.54450225830078,91.2350433040807,84.89241809339345,88.29459258326501,52079380
2008-12-02,84.00138854980469,84.64942489666474,80.64376575521926,83.83938255315599,47199410
2008-12-03,88.87378692626953,89.59067608372263,83.84747921115336,85.05444049343266,44484720
2008-12-04,94.68585205078125,95.17997839045294,88.9426546190466,89.50968180548979,46807810
2008-12-05,91.87094116210938,97.93410780779969,90.74903093207027,94.61293586810835,47797020
2008-12-08,94.67369842529297,97.20508073612967,93.3978842126843,94.77495371772643,39952840
2008-12-10,96.32212829589844,97.04306541433118,93.15486008649428,95.1799657405485,42085520
2008-12-11,97.11192321777344,98.98716694657749,94.37803044536855,96.47603704350612,40859770
2008-12-12,98.56999206542969,99.7972056152748,92.04915547234833,94.36992485530577,31712630
2008-12-15,97.58580017089844,101.98433025589472,96.5894453889361,98.82516394300177,45421700
2008-12-16,100.34398651123047,100.85026293156967,96.80005156885603,96.80005156885603,39890860
2008-12-17,97.3427734375,102.06532112850283,96.39502551025267,100.45738680520277,35341750
2008-12-18,104.97742462158203,105.71051185674835,97.37517650206019,97.46023365614546,50271830
2008-12-19,104.28889465332031,107.24959834751168,102.68096633198884,103.6854170795095,44556150
2008-12-22,103.11431884765625,107.16452978802657,102.47033679136892,103.52339410791778,29188170
2008-12-23,102.40555572509766,103.6854241628396,101.25529703402304,102.22734541349651,25515770
2008-12-24,104.15118408203125,104.98148483840323,101.47399408906475,102.06532767501146,26877010
2008-12-26,100.69635772705078,106.03453359136455,99.36384084439268,104.90047929979697,24848860
2008-12-29,103.02116394042969,103.40188475104513,97.65868252349918,100.44522957980682,25527640
2008-12-30,104.63317108154297,105.98189854459658,102.03293582460716,103.28040181163422,27519810
2008-12-31,104.39825439453125,105.95353410964955,102.87537093252887,105.95353410964955,27040780
2009-01-02,107.88548278808594,109.35571155440417,106.29375261970202,106.52056347706775,24161650
2009-01-05,110.23055267333984,111.59547190936112,109.19369956513468,109.67971750695733,26931910
2009-01-06,107.15644073486328,112.49056196600456,105.14348527311347,112.49056196600456,35970960
2009-01-07,100.44929504394531,109.32735807448354,98.83326458084981,107.33060673452741,37268580
2009-01-09,98.91426849365234,101.39299602282905,95.28933033653654,98.82516334376785,24996510
2009-01-12,93.87579345703125,99.08436523851705,89.78102974080761,97.61008862842985,40927670
2009-01-13,95.171875,96.09532279457311,92.37723133433919,92.74985007775177,22844560
2009-01-14,96.95396423339844,98.13257107532428,94.88835390979422,95.58499077766916,17225460
2009-01-15,92.93211364746094,95.17998255663358,91.69679774420992,95.17998255663358,18848400
2009-01-16,94.30107879638672,95.30958372430698,93.2358711524468,93.55988932118738,16210980
2009-01-19,92.8632583618164,95.82801645226652,92.2719308826608,94.2079316850609,21402920
2009-01-20,90.14961242675781,91.93980524992008,89.28286737336916,91.69679007676595,18013440
2009-01-21,87.58177185058594,89.89849322114904,86.67452228962273,89.10464908278972,23453440
2009-01-22,88.31890869140625,89.4286688384946,86.35455987289147,89.09654853763794,23947180
2009-01-23,84.36589050292969,89.99568092962885,83.52344593186048,87.4399989550597,43595270
2009-01-27,88.10426330566406,88.61864197273583,85.86449650906009,85.86449650906009,38194150
2009-01-28,90.1131591796875,90.53842644917583,86.29786063362937,88.4849724029182,34353520
2009-01-29,89.04391479492188,94.28893818741992,88.18526563393925,91.53479274490928,35923120
2009-01-30,93.23587799072266,93.88391437573327,87.22131694416636,88.68749169458998,28335200
2009-02-02,88.76443481445312,92.26381722823412,87.90173780580379,92.26381722823412,25800050
2009-02-03,88.48091888427734,91.77779063919263,86.36670808875263,86.36670808875263,28290850
2009-02-04,88.8454360961914,90.69637946270996,87.97464313117584,89.10464937443903,19596770
2009-02-05,88.67938232421875,89.89039782536302,87.64657712345773,89.30716636233879,16521600
2009-02-06,90.61133575439453,91.04875935530234,89.10465652242296,89.91469885444499,13306740
2009-02-09,92.9563980102539,93.47887873269937,90.40071564983757,91.12975492526611,15696460
2009-02-10,94.29703521728516,95.89686766131506,92.58784532291548,95.0746751505321,18732300
2009-02-11,93.87579345703125,94.36991971130355,89.67572647584844,93.72188345582559,16529950
2009-02-12,93.90010070800781,95.30957874131892,92.74984214024265,92.89969798614571,19717850
2009-02-13,96.87295532226562,97.68705178595543,94.4509305849102,94.4509305849102,23079310
2009-02-16,92.08964538574219,96.54893164507202,91.34036005998964,95.62953201906902,26650050
2009-02-17,89.00743865966797,91.37276668549774,88.4039611491809,91.37276668549774,25742350
2009-02-18,86.74742889404297,89.50967616571083,86.26950689274392,88.94264901499459,21865720
2009-02-19,85.75919342041016,88.57813758738627,85.13545729475248,88.13261796347831,28702260
2009-02-20,84.57245635986328,85.57690697473909,83.83936914504889,84.87217420387655,24872000
2009-02-24,83.25616455078125,85.10306040405263,80.6923793770496,85.10306040405263,23881530
2009-02-25,83.968994140625,85.78348729953879,83.43841120265058,85.45946911898528,21451430
2009-02-26,82.87138366699219,85.45946875311584,82.21929932171808,84.16340221658328,25935300
2009-02-27,83.05365753173828,83.92040276992255,81.50647955186193,82.89974747725054,31330010
2009-03-02,80.55870819091797,82.21929745893974,79.78917044044891,82.19499717757604,29765340
2009-03-03,78.92646789550781,81.57125545606553,78.45259390139428,80.59920718816068,29948750
2009-03-04,77.51700592041016,79.87017806411329,77.03502971167426,79.54615987352224,32641740
2009-03-05,75.6863021850586,79.22214136125034,74.7669086016329,78.56600287961662,39906360
2009-03-06,76.23307800292969,77.59394925443114,73.80699919601845,74.9289094627353,34055320
2009-03-09,72.52308654785156,76.10347205123985,72.21527269692643,75.49594032274098,30241710
2009-03-12,73.81510162353516,75.65794901806409,72.66889107344412,75.65794901806409,28733960
2009-03-13,77.20108795166016,77.4157486842752,74.74666057109367,74.74666057109367,27138500
2009-03-16,79.95523834228516,80.27520237809799,77.31045034224458,77.43195176082338,26738790
2009-03-17,76.95806884765625,80.83412433853363,76.67455526998478,80.2751931567438,31748750
2009-03-18,77.7883529663086,78.97911601192483,77.34283345585878,77.34283345585878,33178570
2009-03-19,78.46879577636719,79.06012316397691,75.81995413118989,77.60205080730194,36346870
2009-03-20,77.33473205566406,78.45258809909195,76.54899011015672,77.48864205574992,25116640
2009-03-23,82.911865234375,83.40193726391877,77.86530002702023,78.16906582686556,41955060
2009-03-24,83.61661529541016,87.889589669759,83.02933586313638,83.83937816424016,49523400
2009-03-25,85.0503921508789,85.82397783808587,82.80657155494981,84.16339485776703,44390960
2009-03-26,88.74012756347656,89.50966519947367,84.91267313459736,86.16824104609965,61469300
2009-03-27,91.07305908203125,91.8588011281306,87.91794693727063,89.50967714354059,47121700
2009-03-30,82.81465911865234,90.64371718509126,82.13827466976345,89.99568099758527,36695200
2009-03-31,86.43961334228516,87.88958980510975,80.60731123740914,83.60041729739169,57944790
2009-04-01,87.27799987792969,87.8652792423812,82.89162058240011,87.17269043566324,41162770
2009-04-02,92.91590881347656,94.77495451496128,89.19376324349084,89.19376324349084,54598560
2009-04-06,91.10951232910156,96.71905809022788,89.78104336588328,95.22048097466083,43532540
2009-04-08,91.02851104736328,92.26382689382125,86.70288777139838,88.29461805706428,40749110
2009-04-09,92.3691177368164,94.12285996787367,90.18605409762694,93.17105784219792,51455970
2009-04-13,98.65504455566406,99.63519491853135,93.55987815520628,94.02970413480172,38229470
2009-04-15,104.88428497314453,106.11555286419902,96.04672573071893,96.41529650061658,46068910
2009-04-16,102.1341781616211,106.99847973432234,101.25528304639424,105.71051550043558,44285690
2009-04-17,105.69432830810547,109.76074459454925,103.4140631671741,105.22450223546515,41972610
2009-04-20,104.87212371826172,108.70767451470121,103.28849571390218,106.11554161896268,31771450
2009-04-21,101.56310272216797,104.09043695718223,100.49790128575764,102.92397405177067,32374050
2009-04-22,99.74456787109375,103.52341622749154,99.06818324114637,102.46225653188996,26714150
2009-04-23,102.54729461669922,103.75830376599004,97.32251865142356,99.90655528029939,23673550
2009-04-24,106.20869445800781,107.3305985287835,101.98432089469689,103.24393684539092,32576230
2009-04-27,103.53958892822266,107.73560757574646,102.46628553532881,104.41442976652446,39037480
2009-04-28,100.08881378173828,105.18398621923922,99.63924010667242,103.36138506129433,26923940
2009-04-29,103.57201385498047,104.65342581497659,100.60725593075298,100.85027110426206,26359680
2009-04-30,103.57201385498047,103.57201385498047,103.57201385498047,103.57201385498047,0
2009-05-04,110.67200469970703,111.21878560302969,107.14022056035074,107.35082706196059,26068980
2009-05-05,108.9668960571289,112.27187019716057,108.19735832723093,111.38081870342721,33063880
2009-05-06,107.12403869628906,111.5428208719049,106.12769014036523,109.67972113266897,31127410
2009-05-07,110.93527221679688,111.68050952665585,108.14062921476008,111.68050952665585,22238920
2009-05-08,107.29415130615234,111.38081311125731,105.79962231594742,110.95554585984729,29102550
2009-05-11,101.91951751708984,111.2998022472324,101.02037010868813,108.95068462325303,47713180
2009-05-12,104.91263580322266,105.30550684239142,100.44930066738874,101.25529504076098,36138280
2009-05-13,102.17874145507812,106.11554776742527,101.66031484589215,105.30550541805562,32428530
2009-05-14,102.66072845458984,103.35331127537339,98.7806244508185,101.23100405177625,30001780
2009-05-15,106.39905548095703,107.3265449665285,102.63235156692002,102.63235156692002,31352870
2009-05-18,127.70719909667969,136.73512266762214,117.05109519111258,117.05109519111258,586240
2009-05-19,142.0773468017578,149.355576036542,121.50632287769123,133.49494920700923,88024960
2009-05-20,144.2807159423828,147.42772642208115,138.67926545904712,140.94738679913252,42963400
2009-05-21,138.69544982910156,144.10652670339934,137.70719718985902,142.56745120832463,33942350
2009-05-22,140.29931640625,140.9392567108723,135.76308718431082,136.6541262506359,27543220
2009-05-25,139.51763916015625,141.1660782440454,137.3021729256184,140.68814388253838,19427370
2009-05-26,136.85260009765625,142.60794708539214,135.27706191665808,138.1932190936978,23269550
2009-05-27,145.23248291015625,145.78331811811256,138.5293876195293,138.5293876195293,24888350
2009-05-28,148.20126342773438,148.8047408757936,143.1749503904834,144.18750308065654,33875450
2009-05-29,151.38475036621094,153.27215040321138,147.99472532774942,148.3187496630101,27538230
2009-06-01,152.02471923828125,165.22435947454133,149.26652568553337,165.22435947454133,24863020
2009-06-02,154.46697998046875,157.22922740122814,147.32645458211772,152.28796404914436,29940300
2009-06-03,152.2515106201172,156.33007679854234,150.505870353372,155.12310925335078,22318310
2009-06-04,152.52285766601562,153.52731455742105,149.1287908464072,151.07288740238576,18597230
2009-06-05,147.23731994628906,153.7460119878823,146.61763815787762,153.50299685589948,29529250
2009-06-08,137.37911987304688,148.23773552176252,136.43541370603748,148.1567263505958,29202040
2009-06-09,142.8590545654297,143.7825022545129,136.00609155467023,136.88904701865357,27424340
2009-06-10,144.68328857421875,148.23293769726718,143.31201259528794,145.27627074344684,24852900
2009-06-11,139.47415161132812,145.3627804675253,138.36230662064733,145.3627804675253,24158870
2009-06-12,134.62322998046875,141.93665734054278,133.91494627072092,140.83305628976947,26690980
2009-06-15,135.22447204589844,137.8681738141574,132.5972329354159,134.16203997434764,22146030
2009-06-16,141.19131469726562,141.82135681880007,131.6871478301134,133.12429986000626,26333860
2009-06-17,136.9086456298828,141.49189791960836,136.117998542876,140.750663919244,19302210
2009-06-18,140.28123474121094,142.37313511450228,136.63274665165358,139.82826047723748,30383330
2009-06-19,142.0354766845703,143.7155845794397,138.12344787796667,141.26953608869474,21372910
2009-06-22,139.63059997558594,144.95096478049223,138.85644060625833,142.56257322848683,23360990
2009-06-23,140.6641845703125,142.0683983636167,137.08159771694034,137.95047377336692,20581410
2009-06-24,141.3889923095703,142.48024019071198,139.59769197876116,141.98608404189812,14681970
2009-06-25,140.33888244628906,143.30379354642747,140.0094534649004,142.48020852604571,24184620
2009-06-26,144.06561279296875,144.86860065097957,139.185869013864,140.82480773521547,24410100
2009-06-29,145.3751220703125,146.59814643510202,142.93730466756875,144.5350617573987,23879140
2009-06-30,143.74026489257812,146.85341466413593,142.73549035605336,146.84518333960654,23204390
2009-07-01,146.5610809326172,147.7511548101106,141.74722524919,142.56257898308002,17933070
2009-07-02,144.90565490722656,147.42170080789322,142.6655029175305,147.00990834753597,15760670
2009-07-03,149.04002380371094,150.05715155818956,142.56253724294797,143.63318745447748,20745030
2009-07-06,136.1798095703125,151.5314362626268,134.5038107741138,148.24532699025448,38145200
2009-07-07,134.767333984375,139.76237928077032,133.35076670509204,138.36228722108194,35622590
2009-07-08,130.18408203125,134.23611856912294,129.01047093750017,134.23611856912294,38775930
2009-07-09,132.1071319580078,133.81606807433835,129.3110577656,130.53820376355245,27925520
2009-07-10,127.13270568847656,133.2560582798973,126.09087114452355,132.51482422436274,18080560
2009-07-13,127.37154388427734,129.6322808070452,124.41075464784099,126.42030416448374,19032760
2009-07-14,130.34054565429688,130.94588107660618,129.0516458033905,129.3028331732989,15304860
2009-07-15,134.8208770751953,135.71035048277054,130.62060064526418,130.95002965536852,14263530
2009-07-16,132.1195068359375,136.71511273593364,131.38239472745173,136.05624220936642,17090780
2009-07-17,137.86402893066406,138.60937242782197,133.1737058357854,133.4207838748618,18382380
2009-07-20,141.89956665039062,143.2543674042196,135.15029455807135,138.36227081815787,22836640
2009-07-21,140.96067810058594,143.30377823863353,138.3622686441979,141.8213228469211,20470230
2009-07-22,139.50706481933594,143.8802992267181,138.6217134439337,141.6566222054792,18256050
2009-07-23,142.24549865722656,143.3038085351686,140.21536438570377,140.83305321559672,16199720
2009-07-24,139.89414978027344,143.71146176331916,139.27646102507387,143.30379120629863,16009690
2009-07-27,140.94009399414062,142.31547932801223,139.59764652823995,140.83302393114474,13469350
2009-07-28,138.50640869140625,143.369677069025,137.71576156879874,143.369677069025,18234730
2009-07-29,136.4474334716797,138.35403456292502,133.52782645248874,136.0562256098163,22374180
2009-07-30,141.88723754882812,143.6332339089749,135.8997704574851,136.79336580484613,35454850
2009-07-31,149.2047882080078,150.07779896492363,143.3038065317036,143.3861700679691,37298300
2009-08-03,152.1202850341797,153.51625522214286,148.3276792264866,149.8924858653494,20452310
2009-08-04,152.97679138183594,155.49285008469232,151.2349171544605,154.01039457539747,21143620
2009-08-05,151.8319854736328,154.31509335864322,150.7366160864585,152.77911561604608,16060330
2009-08-06,147.96937561035156,152.77499903393132,147.33933366418177,151.78669966677,21399520
2009-08-07,143.57559204101562,148.24531805161206,141.65663724931818,145.83221973988935,18468450
2009-08-10,140.91128540039062,148.02705974311075,140.00945876358995,148.02705974311075,15173500
2009-08-11,142.41842651367188,144.5391551947429,140.47476557646792,141.32717899495657,14983390
2009-08-12,140.23590087890625,141.64835840290627,137.6498450342397,140.76299466358648,18132910
2009-08-13,148.047607421875,149.06885715520173,142.11779904289486,143.30376323207238,17255080
2009-08-14,148.3070526123047,149.47243231673366,146.68047992824756,148.65707871823628,18003360
2009-08-17,141.11720275878906,146.72169384028473,140.4665634333306,145.98459415713413,17764560
2009-08-18,142.8467254638672,144.9509793882092,140.6765706557715,141.117191705766,17143070
2009-08-19,139.27647399902344,143.91326204139432,137.5387089698418,142.97437554870777,17077320
2009-08-20,144.38682556152344,145.3627719061079,140.82482247437363,140.833053801385,13086470
2009-08-21,146.25633239746094,146.85342391962018,141.69366493907356,143.79793092791778,16561130
2009-08-24,147.43820190429688,149.4806893474443,146.50754675912447,147.42172668425636,13407320
2009-08-25,143.92970275878906,146.72577721037646,143.38614623727392,146.51575902464228,19068840
2009-08-26,143.27908325195312,145.99691626147685,142.73963608307173,145.99691626147685,14059340
2009-08-27,144.4403533935547,145.69219365000689,141.82134633986828,143.30380197715203,14964560
2009-08-28,146.7422637939453,148.16294041661092,144.9509638578877,148.16294041661092,17242710
2009-08-31,143.54261779785156,146.08750488660684,142.9743547290864,145.36274609711958,13536820
2009-09-01,142.74375915527344,146.6804944753804,142.1507769460857,145.0333244647278,14452090
2009-09-02,142.8425750732422,144.12736557855126,141.24481826698025,142.56255920760486,10257870
2009-09-03,143.88031005859375,144.6956638067587,143.07320020400005,144.0450245601766,8141010
2009-09-04,145.15274047851562,146.10810213521592,143.55910544642654,144.31680217063044,11168520
2009-09-07,149.3448028564453,150.04896456623536,145.85691961364776,145.98868367281196,15435350
2009-09-08,155.99111938476562,157.30061654779587,149.72775883936882,151.1278508570879,33064000
2009-09-09,156.0487518310547,157.1152927540143,154.09273772016834,155.6575439821142,15133650
2009-09-10,154.96168518066406,158.54016417745106,154.10104008315898,157.30890822252434,15544830
2009-09-11,158.16952514648438,160.4096776830117,154.5333897964643,156.4358819839248,15730190
2009-09-14,161.1302947998047,161.78916532936324,157.35415195265256,158.86954537380012,20335210
2009-09-15,165.37998962402344,166.35594846265417,161.42679144494076,163.86871809756806,21787620
2009-09-16,171.85748291015625,172.8704889559701,165.95237988337743,168.8308054783057,25738170
2009-09-17,173.10105895996094,176.46953057103335,171.5897877870359,173.7764045738327,31467900
2009-09-18,176.88958740234375,178.0590766082494,171.26450027728984,171.71747454606913,39998710
2009-09-22,178.7797088623047,179.95331998427974,175.4236025476045,176.2471875360909,18926230
2009-09-23,176.38307189941406,180.17156783819772,175.8353934165731,179.95331832094251,17880240
2009-09-24,178.4955596923828,179.3685577139931,174.18409204897745,174.68236998352066,26885360
2009-09-25,176.1236572265625,178.96502296237065,175.42360494999812,177.07077494952864,12405000
2009-09-29,172.29397583007812,178.47086319898804,171.71746885569513,176.35013438237755,20299040
2009-09-30,180.77281188964844,182.75353309785893,171.7339727379624,172.95287519680465,29648950
2009-10-01,182.0740509033203,184.07124703667515,178.74265109473495,180.49276921532973,29251450
2009-10-05,175.6830291748047,182.42407011625048,173.92466722815342,182.42407011625048,32553460
2009-10-06,177.7831573486328,178.50790350855578,172.8992924011773,177.8449237021904,30294870
2009-10-07,173.09286499023438,180.32394057932774,171.7998430223762,178.31439108679422,26530130
2009-10-08,174.26646423339844,175.80245473976476,172.6728293134285,174.18822265522184,19955940
2009-10-09,170.2803192138672,175.41948152630087,168.58784551880962,174.71119792979113,35045440
2009-10-12,178.94033813476562,179.95334428868532,170.21856237788475,172.8458008566954,29287260
2009-10-13,178.94033813476562,178.94033813476562,178.94033813476562,178.94033813476562,0
2009-10-14,187.1555633544922,188.27153004219412,179.1297318060197,179.97802332370236,27478890
2009-10-15,191.78823852539062,192.71066228818844,187.3655910138593,189.33395869809775,31846380
2009-10-16,201.4777069091797,203.75491887451886,190.24813023927362,192.22472916304773,51979710
2009-10-20,203.49551391601562,205.81389523349088,201.50242707230134,202.60191862354037,23720870
2009-10-21,196.51564025878906,203.42551871153688,196.01325284755376,203.42551871153688,22230480
2009-10-22,191.4629364013672,196.40032467414127,190.6681672902336,195.41613452333345,19938160
2009-10-23,193.9171905517578,195.9885061410947,187.1637966617564,189.63455144348194,17689410
2009-10-26,189.87753295898438,195.51085160090864,189.01276615599969,194.7778614200171,16560360
2009-10-27,181.41519165039062,192.6365379435525,179.94097994205072,189.01276875454334,55845720
2009-10-28,182.25523376464844,183.8653438831662,174.32410651100952,182.72879260729263,53992560
2009-10-29,180.8798370361328,183.11175768620055,178.11259121784394,178.11259121784394,36680960
2009-10-30,180.45159912109375,189.34219824060358,179.58272292421094,182.42408883741612,39272250
2009-11-03,173.19992065429688,180.1180293335897,172.12925768640628,180.1180293335897,29840820
2009-11-04,178.8249969482422,179.9533042624818,169.44436525160654,175.42358722154978,36301530
2009-11-05,176.1854248046875,179.352110156003,171.6639386006688,179.352110156003,31956440
2009-11-06,181.60049438476562,183.32590598302582,177.48256934202718,177.89436184630102,35324450
2009-11-09,190.92349243164062,191.48352423384188,182.0122961534583,182.42408867869239,29647600
2009-11-10,195.09906005859375,196.1697231263667,191.4835222275964,192.55418529536936,41833010
2009-11-11,195.86911010742188,196.38385075869067,191.89531479300882,194.7778624401141,22420760
2009-11-12,188.90159606933594,195.86911879653258,187.4479689083437,195.18966362009797,22259290
2009-11-13,189.41632080078125,192.14238517068287,186.34023028856768,187.44795313135756,21043670
2009-11-16,193.17185974121094,195.4037680014923,187.16380881488914,187.16380881488914,18478550
2009-11-17,193.60423278808594,194.3660513927317,189.14452574001905,194.34957617472654,19729730
2009-11-18,191.71412658691406,194.27959853711195,190.65993873017348,193.34482146422982,14662960
2009-11-19,187.8885498046875,191.8211755179318,186.95790734796546,191.81293162553277,16901590
2009-11-20,192.30299377441406,193.21306433381883,184.5654210144494,187.85976132659013,26760130
2009-11-23,191.07174682617188,193.29542412499072,189.91048879707475,193.29542412499072,21826520
2009-11-24,189.88162231445312,193.54246345316224,189.25982422204856,191.07170860056868,23249160
2009-11-25,191.24468994140625,193.04833064424366,189.44926799806842,189.7539904450797,15058220
2009-11-26,185.68959045410156,191.84589340377792,184.93601570267705,191.84589340377792,19342730
2009-11-27,184.72189331054688,186.87145088653182,176.49428634863736,182.97177500373436,26620130
2009-11-30,184.4459991455078,188.78217411362382,182.7123560610106,187.77739930497242,27829100
2009-12-01,188.73275756835938,189.25985151023465,184.73836495397651,184.9772116616341,17561300
2009-12-02,190.1616668701172,193.68248780678744,189.5563313772363,190.23166455940589,17971870
2009-12-03,193.9171905517578,194.72430026172037,189.8363257292454,191.81292452786238,24354640
2009-12-04,191.7346954345703,195.60143295177568,191.1705417333939,191.89530053795255,21757810
2009-12-07,191.21585083007812,193.52189135481683,189.9475228863624,192.30709844707033,18355880
2009-12-08,190.02577209472656,191.8664851553542,187.68267165878257,190.6269982199957,24811510
2009-12-09,188.9221649169922,190.98935876773947,187.44795327872166,189.23513124216325,18696060
2009-12-10,189.17337036132812,190.412857291636,187.0361661933714,188.60097273074885,16619380
2009-12-11,186.66139221191406,191.48347799935732,186.13017646389142,190.2481007219421,20011940
2009-12-14,185.05130004882812,188.1850346773335,184.5365594672543,186.70670123508248,19594840
2009-12-15,179.58270263671875,186.1302005405831,179.12972839635762,186.1302005405831,28383370
2009-12-16,177.284912109375,180.36512469910036,176.74135553099677,178.6767728449276,27712020
2009-12-17,178.4049835205078,179.41800214617624,175.032401848623,177.1696059869796,28004020
2009-12-18,176.68780517578125,179.62388761485235,175.50596275038447,177.24372754586628,18490050
2009-12-21,176.72076416015625,178.46265111003717,175.84364404851928,176.98842679494558,12814370
2009-12-22,178.38438415527344,179.17090929454136,177.48255762509712,177.48255762509712,9524630
2009-12-23,182.0122833251953,182.42407582140615,178.79618493514135,178.79618493514135,14132130
2009-12-24,182.7576446533203,184.07126385035693,181.29166422845557,184.07126385035693,11181160
2009-12-29,182.84410095214844,184.2771433733066,181.83521686935666,183.25589345130666,8265300
2009-12-30,183.19003295898438,184.3059998493266,182.19762394420627,183.00061189934465,11239390
2009-12-31,186.8714141845703,188.08208502791624,183.57707448935068,184.0712304703971,24604130
2010-01-04,188.6997833251953,189.42454211644312,187.36557970213394,187.36557970213394,11031470
2010-01-05,188.76979064941406,190.248124131934,187.78560059851998,190.0834096547254,11613740
2010-01-06,189.90223693847656,190.65993365490746,188.18917857514623,189.17747809366867,14527930
2010-01-07,188.83978271484375,190.24811847193294,187.867958531389,189.91868952731645,8576510
2010-01-08,188.27561950683594,189.74572154566522,187.78558549389285,188.93036798373873,10453820
2010-01-11,186.72320556640625,190.47052009792878,186.39788594939313,189.17748552328848,14145340
2010-01-12,181.45225524902344,186.95379707805833,180.87573568908738,186.70671906193002,22917720
2010-01-13,179.20382690429688,180.7768770049996,177.7378468569438,180.7768770049996,21719690
2010-01-14,177.67611694335938,181.10634306374595,176.70428007320086,180.20040707092454,20723990
2010-01-15,176.52310180664062,179.40975877284808,175.98364205387992,178.55323587656113,20611920
2010-01-18,177.5978546142578,179.79270293329984,176.477778601662,179.12972309373578,19222170
2010-01-19,178.97325134277344,180.11803397093013,177.6472790122976,178.7014667892947,12277070
2010-01-20,177.88198852539062,180.08508068833484,177.28077505564627,179.8709405674251,16830720
2010-01-21,174.9376983642578,178.00143566590225,173.96586149892042,177.8120020617734,19265470
2010-01-22,171.9110107421875,173.4881704443025,169.08610773520965,172.9651985077959,27193180
2010-01-25,172.2610321044922,176.00010226859536,169.29199929525527,169.29199929525527,15378040
2010-01-27,163.69985961914062,170.3503054768688,162.33682755276737,169.65849714534397,38068910
2010-01-28,164.98468017578125,172.9528684124514,163.97579598352195,172.9528684124514,27952460
2010-01-29,169.37850952148438,170.26798291041354,161.0150040911541,163.89342990654345,46487190
2010-02-01,166.4671173095703,176.9060596468177,165.993558450272,176.9060596468177,22047160
2010-02-02,162.9339599609375,168.4396242144143,162.58804316818046,167.20424659343092,24086260
2010-02-03,164.61814880371094,166.0264719022128,163.3580649505639,163.58866771016545,30450710
2010-02-04,160.42613220214844,164.4452314139196,159.77550551839582,164.38758699311393,35357120
2010-02-05,157.10650634765625,159.77213573681104,154.23391823345375,159.77213573681104,26878830
2010-02-08,160.3143768310547,161.2456911532865,155.93513548715654,157.2886410880335,18885130
2010-02-09,161.45262145996094,162.09005779848482,159.35820040799638,159.85490634508764,13836980
2010-02-10,158.26963806152344,163.08350077816354,156.8747380581827,163.08350077816354,19731930
2010-02-11,158.74977111816406,160.5999827650837,158.19926642593813,159.26716796985568,12427940
2010-02-15,156.87472534179688,159.3582302284744,156.1545129668233,159.3582302284744,13325010
2010-02-16,158.99400329589844,159.35825275184152,156.8747475141505,158.44762911198382,8070150
2010-02-17,161.99485778808594,162.46258649129487,159.5444737484216,160.1860406933277,13468360
2010-02-18,160.79864501953125,162.25562980092323,159.54860631786275,162.0817789253062,13103230
2010-02-19,157.7274169921875,160.10329963279224,156.4649735462084,159.3582531125031,15863020
2010-02-22,158.6421356201172,160.18605224735012,158.12888202717198,158.94429990434742,11528650
2010-02-23,158.2737579345703,160.14466027747935,157.83500644427855,158.52211093309126,10625770
2010-02-24,159.0477752685547,159.77213078376607,157.2886261601842,157.78533213760366,8173590
2010-02-25,158.41864013671875,159.7721457358039,157.57010173186444,159.35822825980438,21615960
2010-02-26,163.43942260742188,168.21603306033336,158.53036818331756,159.35820300411817,43215190
2010-03-02,164.4617919921875,166.47758030419243,163.4311417270989,164.78464705304395,19347350
2010-03-03,167.42132568359375,167.71106030389478,164.6646340996291,164.6646340996291,15843680
2010-03-04,168.27401733398438,169.26741676835726,166.56039288848987,167.4710164051912,14301070
2010-03-05,169.474365234375,170.45120437328086,167.31371559553585,169.29224054207756,12685070
2010-03-08,171.02655029296875,174.88012069949872,168.30710964478894,170.5339875223514,38664790
2010-03-09,169.25912475585938,172.0240902174437,168.26158221181086,168.26158221181086,14305280
2010-03-10,168.6506805419922,169.72272528834154,167.75247406166767,169.72272528834154,12767630
2010-03-11,169.3542938232422,169.93791884596462,167.08189144487554,168.87829136168668,11979800
2010-03-12,169.53228759765625,170.75334901250832,168.76655049290036,169.0438680844182,12033430
2010-03-15,166.8170166015625,169.27155683395955,166.48588767352268,168.83693590517854,8997490
2010-03-16,166.8791046142578,167.6365679931421,165.3682958096538,166.97844076053556,12857170
2010-03-17,167.8269805908203,169.04389901204394,166.8625584049539,167.22680781426698,10777370
2010-03-18,168.02149963378906,169.74754087800082,166.43620143197984,168.05047688556357,14269070
2010-03-19,170.4056854248047,171.0182878321157,168.32368104143615,168.87832893929829,12889130
2010-03-22,168.9569549560547,170.02072577140456,166.39480508120403,167.64897437542638,11151560
2010-03-23,169.5861053466797,170.2566495568142,167.10674400305064,169.04387452827424,13650500
2010-03-25,169.6688995361328,170.66644208346037,167.65312362215766,169.26325589704595,13646480
2010-03-26,171.59776306152344,172.02409753666848,169.29638301273454,170.10765769100155,13422710
2010-03-29,173.43553161621094,174.25922318960068,171.61015438955422,171.7757188211028,11231550
2010-03-30,172.40077209472656,175.66244382903025,171.7757526633549,173.43556578546966,11929880
2010-03-31,172.04066467285156,173.75427644387065,171.6391642184634,172.60358637331888,9997220
2010-04-01,174.06056213378906,174.50760005513314,171.80057638579723,172.1896598006952,7681450
2010-04-05,177.01177978515625,177.3387780795043,174.2592315050736,175.0870663340763,11075350
2010-04-06,175.7948760986328,177.79823503450874,174.84701423598563,177.479523146446,12359300
2010-04-07,174.74766540527344,176.74275053899837,173.51419949286273,176.35366712680278,13004150
2010-04-08,173.50592041015625,174.65661046065702,172.81468531554617,174.25925323008892,11497010
2010-04-09,174.35032653808594,175.91493415304737,173.31138959068963,173.84534669242328,12367190
2010-04-12,173.18307495117188,175.08709792780246,172.18967550346528,175.08709792780246,8614120
2010-04-13,173.34451293945312,174.83874904756703,170.7823626101563,173.5969965505932,17619090
2010-04-15,170.0414276123047,174.59451958876897,169.5405910317859,173.56799975936954,13016220
2010-04-16,169.5157470703125,170.10764596097619,167.65724922822668,169.70614555037938,9466180
2010-04-19,168.2532958984375,169.28395891213202,166.56037508711358,168.87417205753343,9250600
2010-04-20,173.70872497558594,174.39168617558875,167.30542213898278,169.07698814813426,24993280
2010-04-21,174.32546997070312,175.41820544018157,172.73602852216135,174.67315910334435,15633000
2010-04-22,184.03598022460938,186.1717958477205,172.3635153567919,172.3635153567919,65306760
2010-04-23,187.14035034179688,189.90531580036352,183.03429642416359,184.60717763833418,31784560
2010-04-26,186.39117431640625,188.66357717736562,185.52608832264985,187.42182477128796,12145600
2010-04-27,183.5972137451172,186.67676042655256,182.87700146102193,186.42840744287085,11094760
2010-04-28,184.78929138183594,186.41598378780765,180.67495127468513,182.45479110280968,18684250
2010-04-29,188.24964904785156,189.1602724801089,185.02109802759009,185.43501547284197,21393940
2010-04-30,190.45999145507812,191.96664448326516,188.74636705932164,188.74636705932164,19146310
2010-05-03,190.1660919189453,190.8159453501328,188.50214830952893,189.5741929942751,13160890
2010-05-04,188.754638671875,191.71828925011803,188.17515674467856,190.81595220407226,13397620
2010-05-05,188.4317626953125,189.16026139844035,185.47639887786374,187.0906742934246,16717010
2010-05-06,191.36231994628906,192.0576982358659,187.28108729026263,188.7463586111096,17751300
2010-05-07,184.2884521484375,189.72317710589775,183.6427420023678,188.3489809111958,16085350
2010-05-10,191.05184936523438,192.47985675650153,185.61296889329142,186.2628222157545,14791690
2010-05-11,189.3961944580078,193.62643094111246,188.84154663817307,191.5609744523598,18377970
2010-05-12,192.40538024902344,193.63057232787844,188.9119160638524,189.57418649060784,20204040
2010-05-13,191.87144470214844,194.45842897777746,190.9152963244167,193.0511120581871,17762910
2010-05-14,184.13116455078125,193.20837042822046,183.08395399631948,191.64376310511636,33008880
2010-05-17,186.32493591308594,188.08408505974285,177.2684201675686,182.95151125231897,25703050
2010-05-18,188.74636840820312,190.23647384304073,184.71894683311245,186.08901266342951,18901340
2010-05-19,183.2950439453125,188.16686002063508,181.2958283820859,187.0906722116503,20415020
2010-05-20,187.71156311035156,188.91192118602865,183.87040968913,183.94491179832363,17039960
2010-05-21,188.01785278320312,188.74635151542512,182.98048464220076,183.94490671368118,15706440
2010-05-24,184.70652770996094,191.31265962385712,184.02356641103702,188.91193071959052,15195470
2010-05-25,178.4066925048828,183.77934548565764,176.99110191749398,183.77934548565764,17355820
2010-05-26,179.9381866455078,180.96470642487787,178.11695247003507,179.78916980139007,16500270
2010-05-27,183.7296905517578,186.0972990105189,178.58882996190368,179.64018388373785,21781920
2010-05-28,185.3853302001953,186.99133175984693,182.38442900054682,185.76612714071175,13567960
2010-05-31,187.81919860839844,188.29105796417306,184.60719494124882,184.60719494124882,11989040
2010-06-01,182.9225311279297,188.4152236380625,182.2975243834655,186.3539102405526,14423360
2010-06-02,186.94581604003906,187.67017158634968,182.95151512530654,183.13363981606244,12342500
2010-06-03,189.35064697265625,190.89456339522653,187.50872215375728,187.50872215375728,12587190
2010-06-04,193.77545166015625,194.3756370152635,188.6635686271222,189.5741920696798,19478740
2010-06-07,189.3051300048828,192.05767825524998,184.84310082999878,186.36217065103554,14925200
2010-06-08,189.06092834472656,193.00556092598626,187.80261582745135,189.40861746823205,14018340
2010-06-09,189.78753662109375,192.83582419115226,188.57657358956465,190.83147246609425,18141760
2010-06-10,194.32655334472656,195.25774863759216,189.2446811612839,189.2446811612839,24496840
2010-06-11,195.4164581298828,219.6524781166598,194.26394879157672,219.6524781166598,15063270
2010-06-14,195.8423309326172,197.09087391122222,194.2555538177121,195.8423309326172,10187660
2010-06-15,197.44581604003906,198.29349129729908,193.7544610272569,196.2515597462075,15305340
2010-06-16,197.23704528808594,201.85541607240117,195.87574897871684,201.85541607240117,14141550
2010-06-17,196.33091735839844,197.26209990644983,194.050952468946,197.01155277379658,10331080
2010-06-18,198.14732360839844,198.76115825040972,195.42474415352532,196.24736591535873,15597620
2010-06-21,199.41676330566406,200.6653062696954,198.34777421567537,198.34777421567537,8879250
2010-06-22,196.6399383544922,199.9345933438632,196.26829106681018,198.3478159138952,8514510
2010-06-23,196.2223358154297,196.9280373838197,194.46435162560505,196.2599159722642,10849420
2010-06-24,196.8904571533203,197.5961587214463,195.25774015355492,196.25991589883523,12123400
2010-06-25,192.15098571777344,196.6774894663091,190.8314494397097,196.27244189758906,13022720
2010-06-28,192.38902282714844,193.2951519736801,189.99631736372854,191.0820131544784,10718170
2010-06-29,191.34507751464844,194.49775840599966,190.50992890837193,192.50175374673307,14208420
2010-06-30,192.251220703125,193.0863693705959,189.9963218496251,190.39718964187105,10610400
2010-07-01,188.93150329589844,192.00066430633933,188.24249548373572,191.34090249789256,14219900
2010-07-02,189.1653289794922,190.40552510291664,188.52226101906876,189.1611491588113,8907340
2010-07-05,189.78753662109375,191.58310117715163,188.20492631193287,189.16952201324474,6192550
2010-07-06,193.15313720703125,193.67092518078545,189.4409088827938,189.82924986310945,10143910
2010-07-07,192.4265594482422,193.67092249609283,191.33251700616376,192.83577403730268,8912210
2010-07-08,196.82781982421875,197.66714826169374,193.33690472398345,193.33690472398345,17562290
2010-07-09,197.83834838867188,198.64426371722644,197.10341355377736,197.512640949272,9803290
2010-07-12,200.49412536621094,201.43783459447576,197.93439293405777,198.3519672233263,14948170
2010-07-13,202.86593627929688,203.53405766447824,199.60884930529593,200.51917090499137,17615470
2010-07-14,205.82237243652344,207.0333353726504,203.52571375845775,203.52571375845775,18159640
2010-07-15,203.76373291015625,206.53225257479733,203.27516536913166,206.32346542353758,8162390
2010-07-16,204.5279083251953,205.8432777017536,202.78245062797393,204.19385394777717,9528070
2010-07-19,205.0498504638672,205.69709826082243,202.60705105661114,203.68856694091727,7630370
2010-07-20,204.5279083251953,205.85580442232285,203.7971532241552,205.04987625450968,5076900
2010-07-21,203.50485229492188,205.70546442663766,203.27517876738412,205.07492311039906,5055340
2010-07-22,206.80364990234375,207.73484507911303,201.91802601881818,202.7030676575862,11585880
2010-07-23,208.5198974609375,209.1003318578933,206.78279957767958,207.20037387994196,14843460
2010-07-26,201.28334045410156,208.98341160898306,200.61105194412224,208.62012400487188,15780730
2010-07-27,203.37120056152344,204.3525026656993,200.485760764858,202.10177118541182,23112370
2010-07-28,206.39028930664062,206.94983737118713,202.36904653053477,203.32946237768707,16576370
2010-07-29,206.53643798828125,207.35071304782667,203.45057024524985,205.6136022659253,15800230
2010-07-30,209.02932739257812,210.62446419995206,204.64897727498595,205.4465456786729,26944870
2010-08-02,215.99867248535156,217.13864220115937,209.78933176260264,210.45327338936107,20585770
2010-08-03,217.1845703125,218.53750701182867,215.38482603883762,217.0509434736299,16001370
2010-08-04,216.7335968017578,217.9737802141822,214.88372026167178,217.96960039339228,9779810
2010-08-05,220.95529174804688,222.3750292079289,216.30350749703268,217.1386561746274,22437960
2010-08-06,218.75465393066406,221.7236011876743,217.8067520817266,220.06166357298528,12794400
2010-08-09,221.38536071777344,221.7444939876591,218.4748800643164,219.22650871112629,8402850
2010-08-10,219.61485290527344,223.40225493995072,219.14717171891564,221.32274304037003,13309390
2010-08-11,217.10520935058594,221.06383079813563,216.35358075490547,219.22649379828462,9961780
2010-08-12,232.53878784179688,233.42404335547806,215.15934679584132,216.2951367052007,64002190
2010-08-13,238.03823852539062,240.49775741290264,232.50537872712516,232.50537872712516,40721170
2010-08-16,235.6288299560547,238.40150384070282,234.6391554520628,237.76680825797484,15501900
2010-08-17,235.3824462890625,238.52261302209084,234.80619174525228,235.92946757494482,12544710
2010-08-18,235.06927490234375,236.73957208415976,231.01043949744042,236.134084258409,15230490
2010-08-19,234.31765747070312,235.9127944140071,232.39264599343545,235.09851940159848,10875610
2010-08-20,232.7476043701172,236.656094356179,232.17970934377664,233.84164718048854,9755310
2010-08-23,235.78334045410156,237.3909913264469,231.3779111667647,233.00646114363653,13250210
2010-08-24,237.6666259765625,238.42661441638532,233.5493486533922,233.5493486533922,19905960
2010-08-25,235.80844116210938,238.39322763605713,235.09437978541123,236.84819730744175,9216230
2010-08-26,239.36611938476562,240.9236889298966,235.9294908856662,236.3470652058178,22642910
2010-08-27,233.3739471435547,239.31184197296417,232.58890535226158,238.98614724369546,12367930
2010-08-30,233.84158325195312,236.3887760176922,232.7057935097787,234.3969641484553,9183040
2010-08-31,231.03550720214844,233.00644554735058,228.9643296220671,233.00644554735058,13063890
2010-09-01,231.8790283203125,232.69748321045637,228.60107991184972,231.7537611143505,11380730
2010-09-02,230.4258575439453,234.24249283330883,229.74938920437748,233.00228388629233,10757500
2010-09-03,231.6201171875,232.92294700687262,229.7786256788508,230.6388277453175,6371210
2010-09-06,238.77731323242188,239.85466194515647,231.7537112143319,231.7537112143319,15331120
2010-09-07,236.9358367919922,239.0571215015811,236.19674756690333,238.94021394354522,8915520
2010-09-08,241.8507080078125,242.69421634718964,234.6099830803176,235.93368662824577,24261960
2010-09-09,249.21255493164062,250.1019903650852,241.94675080999352,242.19313089868365,32230550
2010-09-13,262.95074462890625,264.4080749855071,249.79715302834217,249.79715302834217,49114260
2010-09-14,259.6936340332031,264.40806441561483,257.43456817706056,263.4100556744026,24448530
2010-09-15,255.58053588867188,260.958895139936,254.16495283476522,259.39717126951024,18165620
2010-09-16,258.4617919921875,262.4036943135046,255.55546575543872,255.80600013502394,32196770
2010-09-17,258.2905578613281,262.23663978343694,257.225748577384,262.23663978343694,13313900
2010-09-20,259.6393127441406,260.87531613336347,256.8081472771242,258.8960183931984,13964290
2010-09-21,258.7916259765625,261.3179449407912,257.7017633659842,260.1487422079846,9449940
2010-09-22,262.96319580078125,263.81506355533463,258.7457062038454,260.2155501863983,19799750
2010-09-23,262.1907043457031,264.32450266589547,261.08830219881696,263.73988851586836,13751230
2010-09-24,262.3536071777344,263.90697142146587,260.8461445058832,261.8274594543047,10802760
2010-09-27,265.6315612792969,267.23503243814696,262.6542542596423,262.6542542596423,12317840
2010-09-28,266.4708251953125,268.07847578580515,264.1866809045844,265.4936902831577,14599770
2010-09-29,266.8884582519531,269.33543766180566,266.0950568455506,266.4124174081116,14836720
2010-09-30,270.625732421875,273.4861061094795,265.15967375966807,267.1640252513751,30806190
2010-10-01,273.2731018066406,274.59680498685475,269.00132556563074,270.53799568220757,16451380
2010-10-04,272.2291564941406,275.594803666953,271.0223608890317,273.5111123999775,12102230
2010-10-05,271.25628662109375,273.5195579406508,270.3543372423883,271.840900903745,9620340
2010-10-06,270.0285949707031,273.753376206067,269.29783992040853,271.8408787095876,7865720
2010-10-07,268.9095153808594,271.1644270120771,267.91568641248784,270.2541180090683,8527160
2010-10-08,271.2061767578125,272.9182468600677,268.50030316471634,268.75083757640476,9432630
2010-10-11,272.676025390625,273.38590681746854,271.0182676077072,272.0914111598801,6559420
2010-10-12,270.05780029296875,272.7427997987328,267.38116042837726,271.84085058697485,7547160
2010-10-13,276.06671142578125,276.8517531266762,269.1683760277217,270.5839589817866,15432970
2010-10-14,272.3796081542969,277.6744487202574,271.2730512377663,276.85183934978176,6700620
2010-10-15,264.3787841796875,274.01222508495994,263.092648366844,274.01222508495994,14198900
2010-10-18,264.5542297363281,268.03263127899254,261.6395688696813,265.99486637052905,17299680
2010-10-19,260.28240966796875,267.5816001060975,259.37210077359094,265.9781291040289,11811670
2010-10-20,258.4242248535156,261.72725209280435,256.8917341910734,259.3136602197767,12889050
2010-10-21,266.8383483886719,268.0367846403493,259.4013508172538,259.56418543109345,12952060
2010-10-22,267.7654113769531,269.0849607889915,264.82569669713814,267.24762318490747,12025260
2010-10-25,270.52130126953125,271.62367787046855,267.91561665690267,267.9991366005198,9432490
2010-10-26,265.64404296875,270.0870394284086,265.0761480642945,270.0870394284086,14037350
2010-10-27,266.2370300292969,268.4000618505705,263.62719064744465,265.52714862009054,8411000
2010-10-28,266.2746276855469,270.2541234605821,264.3329222569504,267.0805431197879,19709480
2010-10-29,263.1219177246094,266.2745986144038,260.40350493464763,265.59395046168754,9741720
2010-11-01,267.1180725097656,268.7507766101049,264.59175339926264,266.82994525832817,8783170
2010-11-02,267.40203857421875,270.58813235680134,265.3016532073168,267.1640181771662,12948750
2010-11-03,273.3106994628906,274.4297953666306,268.1745159263654,268.5002360668787,13392290
2010-11-04,286.74407958984375,288.04272946679134,274.4423322872584,275.43198127893476,19974730
2010-11-08,286.0509338378906,293.5547317457642,285.05710496886127,292.71958314904793,17527910
2010-11-09,273.30657958984375,279.6077619750514,272.3503180599045,278.10450457742684,39874860
2010-11-10,268.46685791015625,274.9225656693612,267.9991767399039,273.17710817918504,23510530
2010-11-11,265.2390441894531,271.75737347446375,264.41640949231333,269.08491300917933,23159970
2010-11-12,252.78274536132812,265.1596524194165,250.71574769788202,264.7629517790848,27246230
2010-11-15,264.1992492675781,265.13461156704165,251.3797139094073,253.21705091671865,38057580
2010-11-16,257.2759094238281,266.24539840860393,255.6724381740606,264.9008212198584,31881610
2010-11-18,255.97720336914062,259.8147118705208,247.62153827787688,259.5641520203719,43440440
2010-11-19,249.78878784179688,256.2235970106849,248.46090453952286,256.2235970106849,22096350
2010-11-22,253.8726043701172,254.72029233067428,248.92017988521962,250.6489433958807,22722140
2010-11-23,246.65277099609375,251.71376919677988,239.7168683686686,251.71376919677988,44970820
2010-11-24,238.100830078125,248.5485199394103,235.03582402819828,246.83229597787758,34672020
2010-11-25,235.6705780029297,240.85684350826202,231.7537291541443,239.77116055735976,46879080
2010-11-26,239.08218383789062,243.0032130166215,233.15262309845465,236.43893112312813,40665000
2010-11-29,240.50189208984375,242.28076245574235,237.2656916832253,239.8629912598199,18550930
2010-11-30,249.8931884765625,250.53624378347183,238.45582121335394,239.88809813786676,31774970
2010-12-01,258.9085998535156,260.85866465598906,248.46088293811138,250.46105461656225,28775250
2010-12-02,258.82928466796875,265.04276726851475,257.81455661483295,260.8628696219976,20127970
2010-12-03,256.4532470703125,259.3136206134741,254.553263760185,258.311432174873,16717370
2010-12-06,246.56512451171875,258.060959081108,245.1161536903081,257.2007569036397,31659450
2010-12-07,239.22833251953125,246.78641733982187,238.0173568252089,246.61937742104868,38866190
2010-12-08,234.25921630859375,238.85253427542892,233.1735331656647,238.01738555418618,34752920
2010-12-09,224.3960723876953,235.2613634912169,222.69236216045067,235.09432358173166,43130530
2010-12-10,228.2001495361328,229.21067209252163,221.7736756630606,224.1538540034625,52261980
2010-12-13,229.2357635498047,232.1713232700979,225.07255978881793,229.29005025065746,42073330
2010-12-14,233.23191833496094,234.25916019122906,228.87662185540802,229.5990426571924,24181790
2010-12-15,225.32725524902344,232.421838318544,222.98466961204483,232.421838318544,30594750
2010-12-16,230.7473907470703,232.08778792170457,223.6026751940889,226.24174779528022,45922940
2010-12-20,225.5277099609375,229.6658599691372,224.65496847890148,229.6658599691372,24810450
2010-12-21,229.14390563964844,230.91859648059332,226.26263266789954,226.26263266789954,19613340
2010-12-22,229.244140625,232.839449697703,227.99559738386765,229.49885486423975,18938400
2010-12-23,229.35263061523438,231.16073404748667,228.42144829984355,230.0833854692656,11988360
2010-12-24,230.1127166748047,231.2526865766027,227.99561150952442,229.33185462304098,11545630
2010-12-27,229.7660675048828,231.44890408511395,229.2983863507173,230.8768293610595,10204450
2010-12-28,227.87033081054688,230.9186185072414,227.57802366446035,230.9186185072414,9764330
2010-12-29,230.1001434326172,230.7682776346566,228.09997162098833,228.41315236005605,9241550
2010-12-30,229.63661193847656,232.20888367722247,228.98101728560457,229.74936514550163,21062540
2010-12-31,234.83546447753906,236.13411458638265,229.92060623305585,229.9999463788507,19624140
2011-01-03,235.687255859375,238.1843672563065,235.10684700992746,236.57251124850734,11060070
2011-01-04,228.46327209472656,236.7145451755276,227.75757043684976,236.7145451755276,31035310
2011-01-05,224.9221954345703,228.5300429959547,223.9868332119986,228.41310997477868,25213120
2011-01-06,219.00938415527344,226.6593492086799,218.23270199093332,226.6593492086799,37167080
2011-01-07,217.21795654296875,220.64625041194626,214.39515045171757,218.63353940909136,44430600
2011-01-10,212.72073364257812,219.97816523185807,211.79371806425834,217.126125249434,29547190
2011-01-11,218.2117919921875,219.52713566669433,211.71015747063083,212.64969958958335,34477870
2011-01-12,222.95962524414062,224.57145594327744,214.6081391511462,219.47704432920824,41769810
2011-01-13,213.85650634765625,223.3187286931368,213.37628571194838,223.3187286931368,28050330
2011-01-14,208.85397338867188,216.1364578044771,208.06893162825406,214.357612610387,26839080
2011-01-17,210.1400604248047,211.71014367470363,207.95197544379172,209.1211782405113,16030680
2011-01-18,213.34288024902344,213.96507460140245,210.45744040005022,210.45744040005022,11847170
2011-01-19,208.9333038330078,214.28659668121418,207.72234091006007,213.95672215898972,22819750
2011-01-20,211.71435546875,212.54532426965113,205.70545501747853,208.03552680881654,28013320
2011-01-21,216.87974548339844,217.72325373879968,210.62447778054107,211.20073236280547,29086400
2011-01-24,225.07672119140625,226.10811744977988,220.14516986655678,220.47922419982018,36693320
2011-01-25,223.64862060546875,228.61355944177564,222.81762637658457,226.24174058165625,41470240
2011-01-27,221.60667419433594,226.48811851839054,220.6880056863787,224.57562119092194,29786890
2011-01-28,218.82147216796875,223.37301673565224,216.34107981210724,221.28932506123653,28302770
2011-01-31,220.6796875,222.56713174484236,214.71673894949694,215.46836769294308,26079810
2011-02-01,216.6417236328125,222.14952972188954,215.9026089590047,221.53152790773464,26786520
2011-02-02,214.9463653564453,219.94471736433235,213.79803606119475,219.2014483826786,21956200
2011-02-03,221.46054077148438,222.06602866113613,213.89827559952943,215.05078485448809,21769030
2011-02-04,220.96360778808594,225.07255015913364,219.64408419982243,221.14734150156193,29249880
2011-02-07,222.43763732910156,224.4712219706504,220.02404583198822,222.12445662882143,17458040
2011-02-08,220.3289031982422,224.23739241287362,219.14298100745478,222.48357530783278,25097770
2011-02-09,215.55186462402344,220.0616620894242,214.21562173031236,220.0616620894242,19473280
2011-02-10,208.29444885253906,215.88594778791304,206.80788512515093,215.30969312238514,28514130
2011-02-11,216.52061462402344,217.30565627601348,207.53858816488653,208.6201039749434,26488500
2011-02-14,225.33984375,226.0664190907779,217.97382559581212,217.97382559581212,26170250
2011-02-15,228.5634765625,230.58454751095684,222.99304933596974,226.32528429586887,28975160
2011-02-16,229.7535858154297,231.5867177903774,227.4694409321931,228.19183638159066,17009500
2011-02-17,232.21725463867188,232.8394363127633,228.8307329377369,229.83292152485078,16081310
2011-02-18,230.5886993408203,235.0734429719315,228.7972893913787,232.38426362417042,26082690
2011-02-21,233.16091918945312,233.75804727591014,229.2023236715691,230.6179064185065,18315610
2011-02-22,227.7700958251953,231.92078555016158,226.65933387088276,231.67022566826432,19700870
2011-02-23,218.61273193359375,227.23562776758124,217.92372399760242,226.32531865868862,31528330
2011-02-24,211.17984008789062,220.47921449024037,209.8101969924582,219.17638480718946,37517520
2011-02-25,215.6896514892578,218.79222527957256,211.60994268586626,212.96287925265645,31609310
2011-02-28,219.68170166015625,222.32910877448293,215.77318636260762,216.30351394443665,26445970
2011-03-01,225.93690490722656,226.9933545178658,221.10138790455463,221.89896900308892,18161160
2011-03-03,224.02859497070312,227.0894214940003,221.78204336803395,224.6549563732307,28700950
2011-03-04,225.87844848632812,227.828513205398,224.90967311434474,226.158216113022,17552410
2011-03-07,219.15550231933594,224.1872669702093,218.05727999510404,224.1872669702093,15342560
2011-03-08,220.6671142578125,221.72356384165434,218.82559756989403,219.47701237082558,13918430
2011-03-09,219.42274475097656,222.56709131404412,218.57508221538453,222.12446359656533,15533520
2011-03-10,216.28262329101562,218.41224211995734,215.05077395451593,218.41224211995734,14394580
2011-03-11,214.22817993164062,216.72108655492056,213.2969718048793,215.29298942141705,13732700
2011-03-14,217.30982971191406,217.89026410429096,214.28241604439427,214.84197681916524,12226670
2011-03-15,214.00682067871094,215.84415772410065,210.49501941895613,213.79803353658536,14295940
2011-03-16,220.80911254882812,222.0326022316836,215.1551655067497,215.1551655067497,18196070
2011-03-17,218.60012817382812,222.98465796528026,217.86519338805388,219.22648957260702,20404270
2011-03-18,216.3243408203125,220.6462497138206,215.4683186825784,220.14515550326325,11578130
2011-03-21,215.6854705810547,218.34959646858107,214.51624223305734,217.8401426049461,10688970
2011-03-22,218.85484313964844,219.81943867773936,216.7210447503429,216.75445782800924,11912100
2011-03-23,220.70053100585938,221.14731302590462,216.72103616217035,218.63353336708633,12688430
2011-03-24,221.37701416015625,222.62555717623084,219.81944476884883,221.14732791738527,8893740
2011-03-25,226.39625549316406,227.07690365432475,221.14734338178226,222.81764061423294,15233710
2011-03-28,229.60324096679688,230.5135754575451,225.5945374920272,225.90771824745343,15428240
2011-03-29,231.16079711914062,233.25284852136565,228.92257941420425,228.9810459352888,15582890
2011-03-30,238.52676391601562,239.74609914323221,231.7787748805656,232.16293607532828,22426060
2011-03-31,230.94369506835938,241.23273433095002,230.33402727330156,240.49779931409088,48157790
2011-04-01,227.12281799316406,231.67020807068104,225.91604768019621,230.94363289312528,31112850
2011-04-04,230.7765655517578,231.67018053166464,227.6865315041027,227.74499801382566,15845550
2011-04-05,233.52841186523438,234.15059345330465,228.99774120388338,232.54712251967146,17637000
2011-04-06,233.62030029296875,235.84597862836006,231.76629471817853,233.74141316126583,21141460
2011-04-07,234.91896057128906,236.76463187040125,231.7537401906044,233.3405174585308,15238690
2011-04-08,232.02513122558594,235.9210804432623,230.6429615429715,234.25914316266775,12049980
2011-04-11,232.5220947265625,233.67457843677732,230.70981097012725,232.14626764522882,11324650
2011-04-13,235.42840576171875,236.33871475665237,230.4175137249881,231.16080827739296,15569850
2011-04-15,234.52227783203125,237.93385304218833,233.42405528255182,235.3448870454682,13672440
2011-04-18,229.7952880859375,237.51623201111482,229.4027672653405,234.84377206141414,10581700
2011-04-19,228.27536010742188,231.2234339644611,226.75122903978348,230.08346415804763,11032690
2011-04-20,233.4365692138672,234.0086439562531,227.45690228061224,229.83705536098003,19305390
2011-04-21,238.948486328125,240.10517506636506,234.61406391146863,235.51185867379112,17996100
2011-04-25,243.76316833496094,247.20815618120076,239.854679149856,239.854679149856,12606890
2011-04-26,245.01174926757812,246.3354528175836,240.97381244916318,244.23924691664016,14745840
2011-04-27,243.0658416748047,246.7697237709429,242.2933139081556,245.5336946363323,15225750
2011-04-28,238.49758911132812,244.87393180847593,237.60815374823363,244.61503776244712,18966690
2011-04-29,234.2257843017578,239.5999638498697,232.58890007663672,238.51428079464654,11658890
2011-05-02,224.88043212890625,235.4283619826593,223.98684258509329,234.67673341426172,20646010
2011-05-03,215.77732849121094,227.8034626089278,215.0507533248416,223.82817281046917,51171950
2011-05-04,218.45814514160156,220.80493600033853,214.00681461182836,216.46215337255558,22676620
2011-05-05,217.33905029296875,220.7214172093318,216.0529398776037,218.39134562073207,17188540
2011-05-06,221.30601501464844,222.4418303414462,217.38916611858795,217.38916611858795,14598950
2011-05-09,219.0803985595703,222.55877463414072,217.30570752640392,221.89902549459933,10878290
2011-05-10,219.39352416992188,220.39568709171502,217.89442137759838,218.85901688893088,9979430
2011-05-11,223.40228271484375,224.5464323839573,218.14085597082556,220.26211537028027,22769520
2011-05-12,220.6002960205078,223.8031089361423,219.72340027165512,222.06598574686424,14504050
2011-05-13,221.28515625,223.819835429784,218.39972891411716,220.8467083115195,18406430
2011-05-16,218.4999542236328,221.91570928201844,217.98216611754373,220.47925252639303,13822430
2011-05-17,201.66331481933594,219.38098767207572,200.51916542097726,219.06780697602673,80113800
2011-05-18,196.74014282226562,200.26447118319808,194.4601905510226,198.76538086929014,58824570
2011-05-19,193.94654846191406,198.65678587772564,193.14063315185285,197.4625295417828,34026530
2011-05-20,196.32827758789062,199.5983755315152,195.4779645918469,195.61334024586904,26997180
2011-05-23,190.3465118408203,195.78255576495621,189.37351383947527,195.78255576495621,24033650
2011-05-24,188.00711059570312,191.88213879426462,187.49100219037155,190.3676639482021,24855500
2011-05-25,184.27166748046875,188.65858248786978,183.17599735956634,187.660216043236,34547150
2011-05-26,185.1473388671875,187.21177224047142,183.3748035763632,184.84275012506149,40873720
2011-05-27,189.06890869140625,189.71193654514786,186.22186310575876,186.45029498104194,26039190
2011-05-30,189.2931671142578,190.70611686847693,187.40641539576586,189.68236896213065,13539840
2011-05-31,194.42459106445312,194.9533900826369,190.20688957901396,190.53685964995535,20564070
2011-06-01,197.0685577392578,197.72849778598118,194.68262362651888,195.34256367324224,25424640
2011-06-02,197.49163818359375,198.81151855299592,194.090399063119,195.27491668678405,19906680
2011-06-03,195.6556396484375,199.33608603398542,194.68265460450908,197.5339348218731,15729010
2011-06-06,196.04905700683594,196.4509494183695,192.26286384243863,194.85186172900927,13405530
2011-06-07,196.2986602783203,197.7031536305219,195.02954257913083,195.73178925523163,12526900
2011-06-08,194.16656494140625,196.54404352603305,193.42201170972984,195.78256510905481,14453350
2011-06-09,191.51406860351562,195.38910914352044,190.8456723619815,194.1665325944111,19949120
2011-06-10,189.76695251464844,192.47863581969548,188.27785891260487,192.04290588235577,14751640
2011-06-13,187.8251953125,189.69079998238746,186.98335132353048,189.43275223285485,17059570
2011-06-14,188.6966552734375,190.07153285761382,187.89288326779192,188.7601214900448,15920730
2011-06-15,184.65663146972656,189.16199687201282,184.08552590377292,188.97163695678378,20552870
2011-06-16,186.598388671875,188.26516441613032,182.86717923970141,183.73441748285316,23779200
2011-06-17,187.24562072753906,187.93941125719562,185.18965627966287,187.82941692685185,12198680
2011-06-20,184.46202087402344,187.9816972920185,179.37285969052041,187.82940937317395,15482450
2011-06-21,181.77996826171875,186.97488966022925,181.1623216703498,185.12197570638878,16470300
2011-06-22,181.1030731201172,183.14212503890278,179.64358280456648,182.9052112239477,14625190
2011-06-23,182.86715698242188,183.59056333600805,180.72235797217212,180.76465156560377,9463560
2011-06-24,193.4219970703125,194.437288639306,183.90361440449973,184.18705636878457,27608460
2011-06-27,196.79786682128906,197.11936787657604,191.38295660484647,192.48286125116556,22791310
2011-06-28,198.07545471191406,198.76077628859045,196.27753774909547,197.2293761411759,17301420
2011-06-29,201.32858276367188,201.9081443892189,198.41383654334294,198.9976326920384,18677540
2011-06-30,203.45223999023438,205.85087794215133,202.04352513031176,202.04352513031176,27865900
2011-07-01,204.7763671875,205.5547578159591,201.7050982682572,204.62407926264467,18739400
2011-07-04,206.1131591796875,207.20459463331937,204.9201855393437,206.90000589344717,9574540
2011-07-05,209.26055908203125,209.69205439129078,203.8625750977211,206.3585036389788,15940790
2011-07-06,206.7688751220703,209.5947869262454,206.15124147507916,208.98137489256848,10108580
2011-07-07,210.06854248046875,210.45350963541492,205.60125033029522,206.95074617879862,13821540
2011-07-08,209.69631958007812,212.78873535733132,207.95762160971432,209.9332205190371,14722650
2011-07-11,206.02857971191406,208.96447326547414,204.83561878751883,208.96447326547414,12102030
2011-07-12,203.07151794433594,205.174023401578,201.73471244883345,203.39725349878967,13952420
2011-07-13,205.6901397705078,206.57429023281148,204.0741267754228,204.30257157983928,8140370
2011-07-14,208.73602294921875,210.61008364329754,204.16295698678596,205.00481383499817,15270140
2011-07-15,209.39596557617188,211.43500488095128,208.55834324167105,208.55834324167105,13043910
2011-07-18,209.55250549316406,210.15321402837003,207.58537546484104,209.2690635011063,6776210
2011-07-19,212.5898895263672,212.95793156624669,208.64293945473267,208.96444046915386,11027960
2011-07-20,209.09983825683594,213.94786440719514,208.18183741141425,213.55020648264934,9809450
2011-07-21,207.71226501464844,209.78093307693308,206.78157353077404,209.2352088472916,7842670
2011-07-22,211.38421630859375,212.1118442212928,208.13951299781766,208.9813568425202,12400210
2011-07-25,212.59414672851562,213.63481966093752,209.17176077068808,210.8850645563908,13838330
2011-07-26,206.95498657226562,214.03243645985103,205.51665599136348,213.0425263616396,25320140
2011-07-27,203.4776153564453,206.84923820869304,201.4089604358028,206.77309425311563,18543260
2011-07-28,199.3868408203125,202.6357788101097,198.4096212914292,200.98592849576988,19799270
2011-07-29,198.38845825195312,201.0282316206772,197.53392372148107,199.50528792913096,11077080
2011-08-01,198.4138641357422,201.62050887635053,196.85284827241105,200.10602113359636,11195130
2011-08-02,192.66053771972656,197.85545910715112,191.93713131892994,197.67777694463973,13644640
2011-08-03,192.79586791992188,193.55734617482588,190.23648609597774,190.36762720635386,12104420
2011-08-04,191.02334594726562,195.44411075944873,190.55801315451527,193.6588848157602,11950660
2011-08-05,189.08580017089844,189.85995609718842,184.48736690026766,186.56025605215456,20169060
2011-08-08,187.57557678222656,191.6579024385066,184.44508931622522,185.19809856812932,15078220
2011-08-09,188.0155487060547,193.66734639028775,182.5414202614635,183.17597908044885,29536660
2011-08-10,192.24169921875,193.48967001411157,190.71029939103613,192.48283465950232,14737300
2011-08-11,190.05885314941406,193.18511963323357,189.60621093039327,191.63679431537665,13660260
2011-08-12,185.88343811035156,192.73667891213012,181.90687186554987,192.7282098649071,22806370
2011-08-16,185.8791961669922,190.15611618738023,183.20558538379032,184.4450871138994,27203690
2011-08-17,183.6201629638672,188.96315022348816,183.01945451852296,186.5602906218471,18874550
2011-08-18,175.84893798828125,184.86813716054075,175.14246972811986,184.78352415339378,22263180
2011-08-19,172.38848876953125,178.4379446837708,171.4451066250587,173.44608686014186,28269740
2011-08-22,174.45716857910156,175.55283872553767,169.80795828082168,173.09074710637367,20180230
2011-08-23,174.605224609375,176.15354989070008,172.35466549899493,175.87434242257908,17086370
2011-08-24,168.34848022460938,176.0689467903969,167.3627915100969,174.86750392006346,31650290
2011-08-25,165.8102264404297,170.01945890789779,165.11643592696134,169.21568697678453,36511880
2011-08-26,159.72691345214844,166.88050785588487,157.92899685654154,166.16979218992128,31415580
2011-08-29,164.02078247070312,164.98531146749235,161.74059466150618,162.87011516662707,21877780
2011-08-30,166.9989471435547,167.8450254848877,162.67125177998912,167.07509109584325,29507680
2011-09-02,168.6614990234375,170.9924491375946,165.83982188997723,168.4542139474876,29550280
2011-09-05,169.7698516845703,170.5694019287679,166.00057105506286,166.9185717528307,26481160
2011-09-06,167.4981231689453,168.95761340995273,163.47925121790908,168.66993697438997,32404740
2011-09-07,171.56353759765625,172.8241990260455,167.79849140498348,167.81118206422326,25046770
2011-09-08,171.23355102539062,172.59997211897942,170.1548063636991,172.32076473251252,24303920
2011-09-09,165.21372985839844,173.27262131169573,164.1392066945816,171.75391215979414,36514780
2011-09-12,157.6582489013672,163.37774725464618,156.98561811002364,163.37774725464618,34519740
2011-09-13,155.073486328125,160.70837170448323,153.81705935785774,159.0627429805076,40065080
2011-09-14,154.55740356445312,156.82912243293765,153.01331277413604,155.50924194466515,42356430
2011-09-15,160.58990478515625,161.1610102881429,154.83234746033864,156.33836598206037,37918130
2011-09-16,164.61302185058594,165.7425422664891,159.07120539802509,161.89711724447164,57707590
2011-09-19,162.18902587890625,163.5046717627202,161.1821903882001,163.16624552338374,16373720
2011-09-20,168.42884826660156,169.20723891462356,160.92412341216698,162.10864102360887,23820310
2011-09-21,170.02793884277344,171.2462810225138,168.42885101484768,168.7926585682813,32603240
2011-09-22,163.9319610595703,167.00745208137278,163.29316759395707,166.0217762061483,27418300
2011-09-23,165.00645446777344,167.6843001526961,159.9088366640957,161.68560667997232,37517600
2011-09-26,165.09950256347656,166.7578218941449,162.59933936305072,165.15873424784732,24401740
2011-09-27,168.9872589111328,169.7910309218046,167.32048319662104,167.95082047189126,17630570
2011-09-28,166.62245178222656,170.2902074179005,165.91598353033075,170.06176262938223,22320190
2011-09-29,165.18411254882812,165.9836499023031,161.74056735551477,165.49293580426522,25805020
2011-09-30,161.68980407714844,164.02498865228728,161.20754611715114,163.6907840796611,23917760
2011-10-03,157.50596618652344,159.4857866464615,156.60912510177195,159.2446511915616,20078410
2011-10-04,151.21115112304688,158.45358104473766,148.06373805836694,156.5245230902736,50595240
2011-10-05,145.39012145996094,153.32634165473772,144.67941864225546,152.30258102365275,62754520
2011-10-07,148.25831604003906,150.42005308897058,147.43339733708837,149.16362613481212,29985040
2011-10-10,148.5756072998047,149.3201604906121,145.71163630355827,148.90557738934288,32689920
2011-10-11,149.2947540283203,152.80175233883512,148.35984108375422,150.3311922417607,39354610
2011-10-12,158.39010620117188,159.06273697052825,148.67712992014881,150.62309988476804,53725530
2011-10-13,159.6846160888672,163.62734474730468,158.63970869121576,159.14736092308067,41069620
2011-10-14,159.50270080566406,161.30483898739658,158.15742636138702,158.30549266083534,23597460
2011-10-17,160.05267333984375,163.54698178620956,159.32927981438334,161.09334631280322,24612620
2011-10-18,157.92478942871094,159.53656802049747,155.50923880301033,158.20823142110694,18018620
2011-10-19,162.30746459960938,162.74319448351352,159.57462191984885,159.7353788904386,15555360
2011-10-20,163.7204132080078,164.13921790595845,159.62961825654278,160.0780387984237,21594800
2011-10-21,164.83721923828125,166.45746657977782,163.81347161923136,164.25765760855052,21746120
2011-10-24,161.4952392578125,168.28501429045286,159.54925605866475,167.10050951365014,25165530
2011-10-25,155.66148376464844,165.83134865952306,154.57850456131504,162.43011024054732,66183590
2011-10-28,161.58404541015625,163.2212050099628,159.92996062791156,162.87008816269332,28314390
2011-10-31,161.28793334960938,162.5951229594051,158.89352987158912,162.3539875112528,29915310
2011-11-01,160.87338256835938,162.5317022850348,159.57042722036311,160.12037313974824,20925820
2011-11-02,161.55018615722656,162.85314100626076,159.48575312280136,159.65496619395608,16533380
2011-11-03,163.69500732421875,164.13919327599072,161.04677806434887,161.17791917049604,28629820
2011-11-04,166.3517303466797,167.5996883987639,165.24335665769624,166.212120163312,25322200
2011-11-08,168.9872589111328,169.55412996939887,165.83138965148035,167.2697205511246,24294080
2011-11-09,157.54403686523438,170.69632461537944,156.71064908862513,170.31559190086605,94152450
2011-11-11,152.15452575683594,157.78517688355095,150.71196043121262,157.52288171605628,54231820
2011-11-14,148.3260040283203,154.57852296336804,147.25148083251645,154.4939228684262,28123030
2011-11-15,146.34194946289062,149.22284542352557,145.381655112723,147.64068292400626,34040170
2011-11-16,149.4132537841797,150.60199320333905,145.36476452014065,146.20238699515616,31890660
2011-11-17,148.6940460205078,152.19258850801995,147.7675891288326,149.22284502670908,28578790
2011-11-18,146.08815002441406,149.4174800285637,144.11256380103933,148.072205295941,35137650
2011-11-21,141.4812469482422,145.90201224809343,139.98791892116745,145.7793272514971,28185380
2011-11-22,142.9449462890625,144.59479662386724,140.89743806456997,142.25962483538456,28518380
2011-11-23,140.04290771484375,141.63352641123163,137.6781200122501,141.63352641123163,29181030
2011-11-24,139.93292236328125,141.15973360419156,137.82618225417596,140.11060452844114,31828920
2011-11-25,143.03802490234375,143.74450610935054,138.33383064747593,139.5183353482941,41738460
2011-11-28,150.56813049316406,151.27459878730738,144.77672232199103,145.61011013295982,25489820
2011-11-29,149.0113067626953,152.04026864009796,147.82256777843793,151.27880333058354,30152190
2011-11-30,149.1171112060547,151.8711010414192,146.2023772893095,148.03836620950776,80068770
2011-12-01,154.33740234375,156.75296573223517,153.14020695875755,153.64785921770175,24461390
2011-12-02,159.64230346679688,160.67028564129038,152.44640242507836,154.36700403953685,32783180
2011-12-05,161.68980407714844,162.19322174257837,158.21665596609844,159.46039220890984,29149520
2011-12-07,164.5961151123047,165.8187048115107,161.93942898694345,161.99866068219114,33426470
2011-12-08,158.03900146484375,163.61466873726351,157.37060511283408,163.29315476761815,32063030
2011-12-09,157.84017944335938,159.47735230022153,153.98629780236786,154.85352316165168,37919700
2011-12-12,149.98855590820312,160.47146765627534,149.16363714436636,159.29119748353665,41127410
2011-12-13,151.2661590576172,152.9625377983621,147.7803065974783,148.74061402943417,31436850
2011-12-14,151.0376739501953,155.67417962632567,149.84470039551144,150.94037029370492,43558460
2011-12-15,146.94688415527344,149.9208620003339,146.07965899567938,148.61365956621447,44368240
2011-12-16,142.06503295898438,150.79655568506342,140.88474992865406,148.23293906271664,50521620
2011-12-19,137.75001525878906,140.87204646222145,135.10602039275636,140.87204646222145,41792820
2011-12-20,133.553466796875,139.5183085721054,132.927364197956,138.07997802283091,33988040
2011-12-21,137.36080932617188,138.33379415156531,134.9790969820395,136.63318151331197,29947570
2011-12-22,141.38816833496094,142.06079914416617,134.36994923876412,136.21862856075316,34376160
2011-12-23,139.38719177246094,143.13954767723592,138.58765434096685,141.71814206118742,26774370
2011-12-26,140.9270477294922,141.7181289508505,138.94299289136976,139.02337137045092,16405640
2011-12-27,139.06568908691406,141.21048814604066,138.19845092955322,140.8720619300815,15426610
2011-12-28,136.2355499267578,138.33382078002145,135.58406593271218,137.8346376138647,17801920
2011-12-29,137.81349182128906,138.50304786439258,134.52648149652205,135.37255999650017,36163040
2011-12-30,136.98431396484375,139.5986929629674,135.84210303045174,138.57916700393002,20779220
2012-01-02,137.7119598388672,138.41844103246817,136.33708234323043,137.82617578316462,14464990
2012-01-03,144.31137084960938,144.67941290453481,139.01068995170525,139.09529004942962,21341020
2012-01-04,143.49913024902344,145.00938336335682,141.7350639307117,144.84862639408226,22241630
2012-01-05,143.19454956054688,145.40281493048153,142.1454204979837,143.49491671906227,21344840
2012-01-06,141.5277557373047,144.47633940565274,140.28401948688847,141.7181285367051,21137420
2012-01-09,138.524169921875,140.59282457878842,137.4961750121109,140.59282457878842,26127920
2012-01-10,144.0532989501953,144.57364179655443,139.51831836046435,139.58178456646115,28087310
2012-01-11,146.113525390625,146.68461802123676,143.2664667339613,144.3409899896455,24529370
2012-01-12,149.28208923339844,150.29738082843673,145.55088003425297,146.4308088840504,25162480
2012-01-13,150.27197265625,152.28564321220233,149.7558643587215,150.33542594895212,20468290
2012-01-16,153.68170166015625,155.24695208421102,147.92836514947604,148.58830536142267,21265790
2012-01-17,156.01687622070312,158.4197490645779,155.25964522945202,155.50923684731026,22716470
2012-01-18,157.8232421875,158.3012785634936,153.98627342970715,156.524508706021,21712160
2012-01-19,159.42654418945312,161.8082569133424,158.64815362300044,159.06273668007995,17022890
2012-01-20,163.5343017578125,164.47767111389587,160.34458189005366,160.58571738426383,26377250
2012-01-23,164.18153381347656,166.43210569869368,162.53168333752163,163.4539057945768,16830570
2012-01-24,172.66769409179688,174.12295007939602,163.01393574095982,163.46235629305497,51131380
2012-01-25,174.12295532226562,176.48774314578515,172.5915553253999,173.8902759921062,33818960
2012-01-27,172.65077209472656,175.1382448847986,170.73017033550045,174.66444300290544,21060520
2012-01-30,167.96771240234375,174.18639392510715,166.69013864160314,170.4848008544461,20774550
2012-01-31,174.42752075195312,175.3920495822932,170.23096633477883,170.8951409570657,29751020
2012-02-01,175.7855224609375,176.6950543876133,172.81155665353785,173.53072863842667,27568480
2012-02-02,175.35821533203125,178.81021696576462,167.7181279424907,177.25343571235524,55330560
2012-02-03,177.94297790527344,179.16555446038004,172.30385823011898,175.13822598867432,24481860
2012-02-06,182.97714233398438,185.07541312447879,180.37968839226616,180.37968839226616,31648070
2012-02-07,182.1691436767578,185.14734334850428,181.51765967447184,184.60585367274422,21732080
2012-02-08,184.25474548339844,185.121983716971,181.50076866542355,182.87986788127648,24978160
2012-02-09,184.78350830078125,185.46037356949185,182.54986195112807,183.11673290201048,18499690
2012-02-10,183.75979614257812,186.89874022753796,181.9195727763653,185.12198307854194,22965380
2012-02-13,180.15126037597656,184.4874125243574,177.33805205198044,183.9374537740928,56126600
2012-02-14,186.1499481201172,187.65173219238818,180.08780175648445,180.08780175648445,36543090
2012-02-15,190.4226531982422,191.00644940902822,188.04094023604293,188.4216729660803,26676630
2012-02-16,198.85801696777344,201.1508819383511,188.60353916045742,189.71191258147186,42827580
2012-02-17,204.50137329101562,209.11249781017804,201.1128252991753,201.1128252991753,50345570
2012-02-21,207.4965057373047,209.4044167769594,204.32794606721495,204.750985293027,27876680
2012-02-22,190.79066467285156,208.90520493600914,189.2592649510762,207.7968443820228,63344440
2012-02-23,191.25604248046875,196.55248910362047,190.1138313714348,190.73569956899632,44543300
2012-02-24,186.61105346679688,194.85186189067653,185.71421241098002,192.90587895081296,36297520
2012-02-27,179.60975646972656,187.82940503769683,178.6156117664421,187.39790970079824,29408220
2012-02-28,188.78125,190.7906862745098,180.26970304601332,180.97617130653532,44586320
2012-02-29,190.16038513183594,193.49815823680103,188.08326078065127,191.63678804313292,35696060
2012-03-01,187.72364807128906,189.33119189353684,184.99081840941497,189.00122182854358,22623660
2012-03-02,190.0884552001953,193.07511127481075,184.95276541429288,188.3709168766108,31101180
2012-03-05,184.11087036132812,189.0731243868397,183.15057610976356,189.0731243868397,19686120
2012-03-06,181.7249298095703,191.46752086650014,178.93710337492672,181.9914465382915,44398420
2012-03-07,181.1919403076172,183.0744701359672,178.1841374341106,180.63775992239894,35286120
2012-03-09,188.3709259033203,189.77541938019635,185.13044354118855,185.29120052964393,22974790
2012-03-12,195.51181030273438,196.67516817462328,192.99472174313988,195.05069909545614,36567100
2012-03-13,196.92474365234375,198.82842001418166,195.99405226694813,198.09233595217978,18007900
2012-03-14,199.2345428466797,200.89286223133595,197.32241026397637,200.55020150384027,22802380
2012-03-15,194.53880310058594,200.3513705707012,193.41353017339003,199.50529215858685,27417960
2012-03-16,188.497802734375,199.2472304513293,187.40636726911228,194.598033733164,40578470
2012-03-19,182.54566955566406,189.26775647543698,181.9068761616213,188.67550411182117,22683990
2012-03-20,185.06695556640625,186.37837964168926,180.90001694935467,182.75293067319,26379790
2012-03-21,188.9166259765625,189.43695595027842,184.13627508490038,184.77506843294182,23060820
2012-03-22,182.80369567871094,190.84144041892733,181.91531078329226,188.42165569652008,30745480
2012-03-23,183.3240509033203,186.54337321164888,179.9778090812962,184.10667605231208,30728320
2012-03-26,179.15286254882812,182.66831718701664,178.52253828659386,182.642935868412,20093020
2012-03-27,180.1427764892578,183.7597693879825,177.48186922196314,182.32989482926874,38470940
2012-03-28,175.9208526611328,179.48706999354613,174.5840472493464,179.36861953478692,24367160
2012-03-29,174.40638732910156,175.98009385892894,173.20495740570504,173.4460928771614,25090990
2012-03-30,177.3676300048828,178.51407546281308,174.9436237980295,174.9436237980295,25032100
2012-04-02,180.24855041503906,180.97195679755612,177.6764775631547,177.6764775631547,20297730
2012-04-03,183.81480407714844,184.71587982090114,181.22157119136537,181.23002732942712,21628480
2012-04-04,182.96868896484375,184.36047864090796,180.7731144787341,181.9068564390388,15237090
2012-04-09,177.7145538330078,181.81380512565266,176.83463788906442,181.73766116043444,13896030
2012-04-10,182.00840759277344,182.49913468494194,177.25768495236596,178.52256821200922,19318620
2012-04-11,182.63026428222656,184.4027997073114,179.1232783240728,179.80436529464612,25933200
2012-04-12,188.46820068359375,189.01391196371236,184.02628902325011,184.02628902325011,33620420
2012-04-13,187.1779022216797,193.21044474560944,185.73957166659926,190.36762108762895,27182620
2012-04-16,191.64523315429688,192.305173340353,186.2218798724902,187.15255846070963,20681450
2012-04-17,194.9618682861328,198.8030720186624,187.92250167258496,194.344234577824,55740650
2012-04-18,193.90003967285156,197.96544060251284,192.50400242442691,196.54825655598472,18500350
2012-04-19,191.97943115234375,194.4965197246551,190.7187696044255,194.34421888920573,19747410
2012-04-20,191.25181579589844,193.53200358379567,189.36929885179353,191.63678306827592,19024070
2012-04-23,185.56192016601562,192.86356795084015,184.61430358279694,191.63675685761905,21607120
2012-04-24,185.35037231445312,187.4570989386857,184.0304793722427,185.7184142953068,17626560
2012-04-25,183.7470703125,186.7294913657834,180.27392226147467,185.2234729186342,24860580
2012-04-26,182.95176696777344,185.12196017242277,180.8069550828168,185.12196017242277,19133070
2012-04-27,179.83395385742188,183.48900557515688,177.76106450519862,182.07605629572095,25322120
2012-04-30,180.90003967285156,183.58634145753314,179.9608920336283,180.2993311753183,17221600
2012-05-02,181.11154174804688,183.50594518922142,179.82127734134454,181.48381831277112,13934080
2012-05-03,176.3312225341797,180.0285814322265,175.60359451086615,179.45325425153516,22939970
2012-05-04,168.89842224121094,175.05363822583536,168.0311969341448,174.9098064286218,24320340
2012-05-07,171.6016387939453,172.60000517604107,158.72432364947124,164.64687284668832,38693170
2012-05-08,165.43795776367188,173.35301828514434,162.68820271898917,172.26158273248265,30371610
2012-05-09,159.3250274658203,165.40833345757957,158.72854062203874,163.80078960081715,34001410
2012-05-10,155.94493103027344,163.5215641009522,155.02693035251966,159.9088059806273,41622790
2012-05-11,156.8291015625,159.46886218775205,154.07089047099004,155.59382134855386,36830270
2012-05-14,155.65728759765625,160.38262849893283,153.43633167218698,157.4552042992266,29719730
2012-05-15,157.40440368652344,158.36047631155517,154.40929213864766,154.49390513400868,26559600
2012-05-16,154.63775634765625,156.08454321533478,152.48870993244108,155.17077697305416,28987000
2012-05-17,156.38490295410156,157.53979167962575,154.2062407988011,155.27230781944684,28710190
2012-05-18,164.1857452392578,165.5775478858767,153.9905103801474,153.9905103801474,88722070
2012-05-21,170.0194854736328,171.75394911818321,165.8313991485907,165.8313991485907,38849830
2012-05-22,164.03347778320312,172.60002304460832,163.3862282131912,172.17698377244014,41395000
2012-05-23,165.4083251953125,167.00741283552688,162.48935733271568,163.56388050252977,34534760
2012-05-24,169.38418579101562,170.06045473202698,165.87355534322697,168.6820597014579,32104050
2012-05-25,172.894775390625,173.8510427874836,168.35896954164747,169.06109551870446,29159720
2012-05-28,181.02734375,181.51839284896548,173.76057952267544,173.9371757907922,35316050
2012-05-29,182.6512908935547,185.21426382843026,181.32027228261475,182.20761802324137,48415290
2012-05-30,180.7602996826172,182.46606943091018,179.3646579381291,181.04458368610503,32384070
2012-05-31,177.1290740966797,179.96342238316018,175.5309919367126,179.19237459060722,40737620
2012-06-01,174.73406982421875,179.2354212111814,173.76488046634879,177.46502848182683,26260160
2012-06-04,176.2503662109375,176.95247919419435,170.0647759363024,171.62840393675992,29318990
2012-06-05,179.42926025390625,181.77685763078674,177.55550458380588,177.81394457590756,32970970
2012-06-06,185.93360900878906,186.77357845716455,180.5707686048842,180.9153640401046,33459450
2012-06-07,186.76927185058594,188.58272936852504,185.7871603733238,188.06583620155598,35579490
2012-06-08,187.760009765625,188.80673126233805,183.62909720620863,185.3564124633871,29803650
2012-06-11,186.49786376953125,191.0724351888025,185.69667358670804,189.53035309986097,28149690
2012-06-12,190.0602264404297,190.55127563621147,183.72387116664171,185.65363995234546,38566440
2012-06-13,191.77456665039062,193.32096049866286,188.3242615614317,190.39186021508104,31091980
2012-06-14,185.244384765625,191.1413645393323,184.7145696704621,190.56416001835404,33236270
2012-06-15,188.07443237304688,188.6559486445376,184.96441073752376,186.8123355485374,28244050
2012-06-18,179.87722778320312,192.2785471881943,179.33017899109177,190.90876277787143,53583960
2012-06-19,180.97137451171875,182.3196269080906,177.12477219783145,179.87726356438415,37168690
2012-06-20,182.3842010498047,183.23278066671853,180.62243182392191,182.09559222466342,25115340
2012-06-21,187.66522216796875,188.23811499481474,179.62309829024656,180.93258451007316,34033180
2012-06-22,185.8948211669922,188.19502894778816,183.3706276941669,184.96439782664692,35627920
2012-06-25,182.2075958251953,189.53035972360743,181.05318678906474,186.17911888885888,43573040
2012-06-26,182.04391479492188,183.6549187025141,180.5793645929769,182.0353045106387,26383570
2012-06-27,182.06976318359375,184.22351739882166,181.19965121301178,183.33617171378557,19443200
2012-06-28,180.76893615722656,183.02176824472363,178.679791525768,182.46609586645474,27841960
2012-06-29,185.99819946289062,186.94585652836602,183.24139683442382,183.49984995641455,25872690
2012-07-02,187.9753875732422,189.29778281762933,186.084384852529,186.9286529178865,23629020
2012-07-03,188.44058227539062,189.87497687821138,187.5618468261503,189.0996305759526,23044680
2012-07-04,191.66688537597656,192.10625963508247,188.6774735681954,188.6774735681954,33471910
2012-07-05,192.412109375,192.94623625336413,190.57280787141093,191.24477818466693,18782280
2012-07-06,191.48167419433594,192.60594074478072,190.02143565328876,192.60594074478072,21904250
2012-07-09,190.34449768066406,191.16722022864604,188.8928562872038,189.35807456242642,21137340
2012-07-10,192.0287628173828,192.5284354826991,190.56421225792482,190.71928943118354,17667680
2012-07-11,191.1414031982422,194.05759525070775,190.4005111126444,190.8226517337264,24675290
2012-07-12,191.35675048828125,192.86869015534674,189.01346484826806,189.09100999064842,19749170
2012-07-13,187.67384338378906,192.4164145624467,187.04495080845655,191.41706941159435,17027690
2012-07-16,189.48301696777344,190.9001779435164,187.65662423929075,188.23814057496728,18541930
2012-07-17,189.4528350830078,191.54197925830582,187.9882848755884,190.82261958106918,13473830
2012-07-18,188.28121948242188,189.75438018693296,186.2782304428643,189.09964355664738,20777200
2012-07-19,185.92068481445312,191.0207734392713,185.5674659529631,190.74939829313806,20951570
2012-07-20,183.67214965820312,187.24738940286102,183.24571054682633,185.30901068500728,19267410
2012-07-23,180.32525634765625,182.96576154081598,179.77389570625644,181.94918255310952,15895700
2012-07-24,180.484619140625,182.19038894866773,179.22682078408525,180.484619140625,16448600
2012-07-25,178.3610076904297,180.4630739426012,177.55550570386202,179.73510395415315,17127660
2012-07-26,173.7993621826172,179.51973309265452,173.07569074535294,178.76160737050773,24636420
2012-07-27,167.2174835205078,178.09824094146842,166.3990463974878,176.69400212373043,42134890
2012-07-30,175.03564453125,175.74638094273217,167.21751771399556,168.10055186985596,34443090
2012-07-31,172.7397003173828,176.17278510145948,169.5607701016197,175.57404825843798,48379270
2012-08-01,175.17776489257812,176.15987637410717,172.75263533256145,173.16185392714593,19820020
2012-08-02,173.27813720703125,174.88915430180154,172.0892738170373,174.88484258681223,21311770
2012-08-03,172.76126098632812,173.5409190382753,170.14659995364573,171.52930661684016,20063360
2012-08-06,173.87255859375,175.50079609944945,173.23074410533727,175.29834269669578,16064040
2012-08-07,177.57705688476562,178.49455839656676,173.269547924553,174.1267380010836,25271900
2012-08-08,177.53826904296875,179.9633983925342,176.8835324939249,178.58930215161317,22909420
2012-08-09,169.60813903808594,179.2354227021041,169.14293392644635,178.09393563354536,42898490
2012-08-10,162.62998962402344,171.7834458318026,161.61773557154208,169.1127982608171,108902910
2012-08-13,164.24961853027344,164.63299312686988,160.11010884476326,162.99613188034704,53428630
2012-08-14,164.57699584960938,166.2655319785075,163.5173391944869,164.63299556863706,36635290
2012-08-16,163.2071990966797,165.73139281781403,162.82382452276465,165.23603195960393,27216820
2012-08-17,163.4311981201172,165.16712369552624,162.16478944128065,163.25458867628225,28632600
2012-08-21,164.9862060546875,165.2317372241923,162.7506078175636,163.92656251455415,19716500
2012-08-22,164.73204040527344,166.52827719010753,163.4268658873265,163.685319020137,25303710
2012-08-23,164.70619201660156,166.26120934149242,163.6939249415995,164.89572343257947,21831520
2012-08-24,163.15550231933594,164.02562748995516,162.2681565786552,163.68533062187714,18012150
2012-08-27,158.9039764404297,163.63362522317468,158.36123934078296,162.84534385331455,20736720
2012-08-28,158.87814331054688,160.19623987130817,157.67204617830544,158.7101573132399,24599940
2012-08-29,157.64622497558594,159.96365386154852,157.18100662482377,159.2916834842029,18804350
2012-08-30,158.49046325683594,159.1193557951057,156.37547507985892,156.96560162044136,21627450
2012-08-31,158.28802490234375,160.6571547199367,157.53852258478403,158.43016690739097,27903670
2012-09-03,159.43812561035156,160.67006672906388,158.73168790793576,159.37781418164514,15997080
2012-09-04,161.53158569335938,162.11310203095027,159.46398665467402,160.2393330078125,17181080
2012-09-05,157.6763458251953,160.84236725080095,157.4049838276916,160.25224068044122,19033670
2012-09-06,159.71810913085938,160.66575310039585,157.39635577182364,157.39635577182364,19561570
2012-09-07,163.0004425048828,163.8576325517748,162.19062874508748,162.6515353428075,24267990
2012-09-10,160.33839416503906,164.11607439982495,159.9248638829133,163.5991681199041,19432850
2012-09-11,160.0411834716797,161.2602026615864,158.94707257054284,158.9556828556559,18557340
2012-09-12,160.18763732910156,161.7038756751298,158.95138442243294,161.10082707986138,19625090
2012-09-13,160.89405822753906,162.39307596885266,159.72241534990243,159.72241534990243,16407420
2012-09-14,169.84506225585938,170.1465931221132,164.63298726140872,165.3221781348918,37985040
2012-09-17,179.1536102294922,179.95480060186205,172.81726810639378,172.81726810639378,53902050
2012-09-18,185.17547607421875,185.8172905886172,177.52102559986102,179.19234088252156,44354080
2012-09-20,182.92697143554688,186.07575913496927,180.9153591580434,181.69070543910303,31870400
2012-09-21,190.6675567626953,193.19175035720124,183.93921764785756,184.00813935922093,42035570
2012-09-24,189.37960815429688,194.07910149485332,188.16488760507167,190.82262612769793,29149940
2012-09-25,189.22885131835938,193.40714000198125,187.11817469130767,190.6675707875042,30847570
2012-09-26,192.0287628173828,192.97642013875435,187.0708284621162,188.49661301462834,28369700
2012-09-27,193.60098266601562,195.12153270254984,192.13212063030832,192.97638864991922,27464560
2012-09-28,193.028076171875,196.25009738531767,191.75305728790508,195.5092053691987,22346820
2012-10-01,195.57382202148438,196.3104023474383,192.99362845022756,193.18315988955086,15900770
2012-10-03,197.8783416748047,198.34785855730033,194.10064803804727,196.5042453137646,25948710
2012-10-04,202.0824737548828,202.36675776710592,198.51154528598568,199.006906167915,24480430
2012-10-05,201.5440216064453,203.5340884310595,173.18768577680132,202.4528995905248,39747760
2012-10-08,195.5135040283203,201.63446975114354,194.81137805961228,201.63446975114354,18144560
2012-10-09,196.64205932617188,198.66228170595363,194.46675981690012,197.61985894665642,19485380
2012-10-10,191.55921936035156,195.031070386947,191.12416991229895,194.52709922092671,21841000
2012-10-11,195.31536865234375,196.7411530156145,188.78949543978717,191.85643960664717,29460140
2012-10-12,193.98866271972656,197.6672789399818,193.41575668407336,195.53505681169432,17758970
2012-10-15,195.08274841308594,195.5307198085713,192.18379061406642,193.66557451106445,14254380
2012-10-16,192.01580810546875,196.8531450454101,191.5893689562325,195.59965845245628,15137550
2012-10-17,190.79676818847656,194.34615071874674,189.71128086055643,193.51049308101278,21075700
2012-10-18,196.26734924316406,196.74116472368266,190.13344739894185,191.97276218182284,24274450
2012-10-19,194.5055389404297,196.40946346069694,192.4594724252189,195.5608837696222,19700000
2012-10-22,193.0582275390625,194.69077696688285,191.705663539036,191.8564289679936,13785660
2012-10-23,192.51979064941406,195.38428124273236,192.16226007372322,192.97638550992025,14004630
2012-10-25,189.474365234375,193.8680289526635,189.0996141160538,192.95913786693856,28767350
2012-10-29,186.7477264404297,189.91374780432096,185.8129913156722,187.19139928833062,21364870
2012-10-30,178.7012939453125,189.51314306817366,177.94747994674313,186.85971621575268,45981440
2012-10-31,181.7984161376953,182.17318047124428,177.25831101527282,178.50317430836463,25377620
2012-11-01,182.2506866455078,183.03465634476035,180.78182467453664,181.9491557933422,14382330
2012-11-02,185.43394470214844,185.99822731115398,183.07773682997862,184.36137920259154,17604300
2012-11-05,184.77059936523438,185.55025742382784,183.344814972195,184.61121049387293,12145950
2012-11-06,187.2172393798828,187.5919905067815,183.5817012447152,183.5817012447152,15070250
2012-11-07,190.99493408203125,192.08904497802374,186.4720499244606,186.80373650911875,28982660
2012-11-08,193.17453002929688,195.29383007779546,188.00122105835501,188.58272421211097,27559100
2012-11-09,185.6579132080078,195.5048705411904,185.05055298065434,192.68345795765953,62456180
2012-11-12,188.69471740722656,189.09101397556128,182.987268611217,186.5237294297479,31728480
2012-11-15,185.5416259765625,187.97967748399196,184.22352936287945,185.39517225787253,17207000
2012-11-16,181.64332580566406,186.94155596798421,181.01012153446723,185.5416157145976,18348140
2012-11-19,180.38983154296875,182.9829467997437,179.5714075974161,182.9829467997437,18300990
2012-11-20,178.0293426513672,182.53500655388746,176.86632310251383,181.77688075933466,18897210
2012-11-21,177.5554962158203,178.70990527771065,175.83249290715818,178.41699787015136,23015420
2012-11-22,180.7818603515625,182.16887888339966,178.1241213075745,178.1241213075745,18180930
2012-11-23,180.01080322265625,181.90180603329568,178.7874722118888,181.77688458827228,13757250
2012-11-26,180.21754455566406,181.74670483049746,179.19235541898172,180.613827980222,13539140
2012-11-27,182.2205352783203,182.9011158512385,180.4846098431183,181.0618144164725,15647840
2012-11-29,183.6592559814453,184.533679767637,181.4021255106887,183.3405045274611,20991170
2012-11-30,186.9717254638672,188.41043182209157,184.84381507023372,185.13672251300366,21590680
2012-12-03,189.8792724609375,190.39186700065395,187.24739119751976,187.8073620187446,18628530
2012-12-04,192.93763732910156,193.7689834117593,189.73716129481505,190.21960019987085,22339070
2012-12-05,195.7159423828125,196.68083318869265,193.42435793934365,193.66557735444562,23558250
2012-12-06,198.7656707763672,199.69178246312774,192.97637837352366,196.5085405572995,23499050
2012-12-07,199.54104614257812,201.5569703798228,198.14972912474383,199.5582798596074,25831160
2012-12-10,199.88992309570312,200.4542056474348,198.2401531538293,200.07515594843693,13614690
2012-12-11,198.90350341796875,201.4664629170074,196.6549836053264,200.7040386957992,20557710
2012-12-12,197.70602416992188,199.69177922139002,196.97374248782813,199.0068869670769,18423190
2012-12-13,194.92335510253906,200.29913003454573,194.27722887662117,198.36075135679204,18254110
2012-12-14,199.88992309570312,200.47143936185776,194.1695524362194,195.22920897293582,20181840
2012-12-17,201.9618377685547,202.36674462028992,199.174892381155,199.76070722891583,18967760
2012-12-18,204.40850830078125,205.20969855729933,196.33622858051442,202.4528957968201,41036170
2012-12-19,204.37405395507812,207.46254347480436,203.55131821650258,205.46816484483767,21278390
2012-12-20,205.1450958251953,206.6570355411355,201.81108839565846,204.04237468195126,18314370
2012-12-21,201.11328125,204.7488065214862,200.51453122716362,202.89227131192303,15685940
2012-12-24,200.84190368652344,203.22825402772582,200.29915338692356,201.59140598941985,10549750
2012-12-26,204.2491455078125,205.03741381473063,200.12685653313636,201.30710970862768,15353080
2012-12-27,205.7567596435547,206.5450278971941,203.5470057298253,204.24913170269926,19723060
2012-12-28,204.99432373046875,206.5321073962114,204.09836776026802,206.2434985471459,11036230
2012-12-31,205.51124572753906,206.4761234839733,204.05961737757283,204.17591538181225,10006870
2013-01-01,209.0391082763672,209.6938449130446,206.54936859620054,207.18257294603313,17202300
2013-01-02,211.11529541015625,212.27401626270972,210.04704170196865,211.06791912589375,14660120
2013-01-03,212.92877197265625,213.8591954238918,209.8790484693608,211.92942680516546,20103090
2013-01-04,214.22962951660156,214.76806808753406,211.12391952019527,211.92942151903466,13705950
2013-01-07,212.58413696289062,215.28925154860974,212.08016587204588,214.5139053417079,10264490
2013-01-08,214.80252075195312,215.3754135680364,212.1878600763239,212.61861090345994,16123870
2013-01-09,217.33966064453125,218.82144470757476,214.85853139562613,214.85853139562613,22474110
2013-01-10,218.74391174316406,219.82939921205076,217.31381568818153,218.81713203019646,21504650
2013-01-11,214.60435485839844,219.68291052960902,213.93238465429852,219.59675511042846,14156720
2013-01-14,215.3538818359375,217.09410571728043,213.2388936918307,214.60006788652043,17721580
2013-01-15,214.50100708007812,216.87444853408212,212.80815934887758,215.80618166492732,12219330
2013-01-16,209.55169677734375,214.81547315579706,208.8280252947684,213.65244049972594,14390080
2013-01-17,212.7779998779297,213.8634872976483,208.7418664791925,208.95724190619427,14091240
2013-01-18,214.6905517578125,216.8959942020446,213.48875309904327,214.08319142801457,16073730
2013-01-21,215.32803344726562,216.35752107011814,214.52251837268818,214.94465890812407,11849060
2013-01-22,212.3127899169922,216.1507683709688,211.44697651356054,214.5139204211251,12954000
2013-01-23,213.6868896484375,214.69054655505184,211.25314981826492,212.87708904047201,15042750
2013-01-24,211.85617065429688,214.02715847436386,210.25377707325467,213.6524073631113,17650270
2013-01-25,216.55569458007812,217.51196206557069,210.89563481657515,211.90359030472024,12460930
2013-01-28,214.6474609375,218.28731097867217,213.91088064439808,217.52918525519178,18349860
2013-01-29,212.1405029296875,218.39070258903382,211.50300002162368,214.5613208432763,46331240
2013-01-30,209.8704071044922,214.2554471312442,209.0519832065566,213.3939455238444,23715290
2013-01-31,210.03411865234375,211.64081092169957,208.15173952710916,209.86182094015592,25528120
2013-02-01,207.8243865966797,211.2488614991236,206.84658678911867,209.43109218100867,14516810
2013-02-04,202.6768798828125,209.28029760122413,202.02214334039067,208.2680305012343,18596650
2013-02-05,204.30516052246094,205.0891303687534,200.56624561080096,202.45293678453714,22375350
2013-02-06,202.34091186523438,205.71799714860015,201.76370727005062,205.46816742504762,13866580
2013-02-07,200.43699645996094,203.65900452997025,199.8813241611516,201.0744993296129,13760530
2013-02-08,196.95220947265625,201.84122094477928,196.0863960857627,199.8683878999471,17646650
2013-02-11,197.6586456298828,199.17058535966166,196.19409533049497,197.27528419895546,14811360
2013-02-12,197.83526611328125,198.8001438899895,196.3190277291006,198.23156271184288,13296820
2013-02-13,194.2427978515625,200.14838858278495,193.19176467992682,198.3176973901658,27599120
2013-02-14,190.88723754882812,195.4747314962762,187.37662073202384,193.83788351588674,60922460
2013-02-15,192.412109375,193.63975199765082,189.97405784542823,190.1334335658773,21127420
2013-02-18,194.93199157714844,195.4575081352156,192.54562820899366,192.54562820899366,18380120
2013-02-19,195.8624267578125,196.42239763322664,192.71793750490883,195.46181845629022,13692360
2013-02-20,194.0144805908203,197.03834664878326,193.54496376920818,196.85312694901802,16094270
2013-02-21,190.4392547607422,193.2305250418159,189.54329876368496,192.9246956145885,19310510
2013-02-22,189.18577575683594,191.72289138985377,188.67318120134252,190.4780282875644,18284310
2013-02-25,191.33091735839844,192.89023339699804,189.62083588693167,190.39188362124344,16887440
2013-02-26,189.39254760742188,190.90879914889905,188.5525912616582,190.21959509781615,16446360
2013-02-27,190.68479919433594,192.34319273570281,189.27193681307634,190.6029554743002,14100300
2013-02-28,179.26991271972656,192.69211281382007,176.6940306601254,192.45950363889642,58729590
2013-03-01,179.85142517089844,181.68642823613828,177.98627953281346,179.79542544986913,21676800
2013-03-04,180.8722686767578,181.65623833268714,178.8908122538865,179.82985904236554,18279980
2013-03-05,183.3749542236328,184.2752219892032,179.31297656287816,181.94916985640938,19059400
2013-03-06,186.82525634765625,187.3723051864697,184.05983014868895,184.44751642417341,21540750
2013-03-07,186.61419677734375,187.11816791388839,184.80503793655672,186.27821163782303,11774640
2013-03-08,190.3488006591797,191.16292608694022,187.4713880956825,187.57046552494415,19462340
2013-03-11,189.93528747558594,191.33953950211756,188.98333174461408,190.34019434034693,14154810
2013-03-12,190.1204833984375,191.9425640618226,188.0744170456425,190.13340539695207,21840370
2013-03-13,187.75137329101562,191.0853807061676,187.04924729324688,189.27192328517248,21052580
2013-03-14,194.27294921875,194.82860836239007,186.53235575293152,187.72121918542885,33666130
2013-03-15,194.87168884277344,195.88826772058042,192.76101223178816,195.04398655980776,22161680
2013-03-18,193.82064819335938,194.63046189216192,192.4034873659276,192.7782385010075,11219240
2013-03-19,189.8362274169922,195.53506661516337,186.95881453021696,195.21631515242626,40393960
2013-03-20,182.67283630371094,190.3617425153039,181.8027242161015,189.4873187121329,23048180
2013-03-21,182.59100341796875,185.99823143362983,179.21390482896064,183.15528603948107,32310360
2013-03-22,179.5326690673828,183.4998811264976,178.8477767223253,182.91836478960752,20894740
2013-03-25,177.31858825683594,183.07342656153577,176.85768168336796,183.06050456160082,22640640
2013-03-26,176.63372802734375,178.14996659194873,174.635050516977,176.60788402278334,16268370
2013-03-28,178.56776428222656,179.19235828926057,174.97100510698164,176.5087756911641,18801120
2013-04-01,180.10557556152344,180.73877995026996,178.02505436734205,179.62313662637848,11155370
2013-04-02,184.40013122558594,185.05056922066908,178.81760384713118,179.3818864133587,15282510
2013-04-03,181.31166076660156,185.82162287102867,180.1055504514186,184.03830797137937,23043560
2013-04-04,178.12408447265625,180.65690154141248,177.24966078420206,180.09261898679526,15062340
2013-04-05,177.18505859375,179.53695462745034,175.91865000357143,178.12409232115579,16152430
2013-04-08,175.20359802246094,178.45146314000002,174.77284716877304,177.24536600786305,10811270
2013-04-09,171.2880859375,177.98627005315225,170.57734960988688,176.1986433729323,18252900
2013-04-10,174.29470825195312,174.76853678808246,170.24134141522492,172.21417440778092,18994350
2013-04-11,175.94879150390625,176.6078397459197,172.989535414366,175.29835354609583,18848870
2013-04-12,179.34744262695312,180.6569290744451,174.02336768772093,175.74637132819342,20632180
2013-04-15,184.90411376953125,185.94652346333004,177.69333561362177,177.72780304302907,18089020
2013-04-16,188.07443237304688,189.00916749335096,184.3613621819111,185.05056616495668,14838250
2013-04-17,193.42005920410156,195.54796951584632,189.09962858035118,189.09962858035118,24644810
2013-04-18,198.11520385742188,199.2265482355876,192.545599405374,194.13075912699748,21382190
2013-04-22,200.48007202148438,203.3144069100786,198.69675714257315,198.69675714257315,14450260
2013-04-23,197.06851196289062,201.8756929797044,195.2162885840514,201.59139584400614,18770200
2013-04-25,201.12188720703125,201.84985721781322,197.62849086922023,198.9207434594169,20535590
2013-04-26,197.1072998046875,201.12190128754023,196.17687629715033,200.29916550339198,11550470
2013-04-29,195.86672973632812,198.95953105748234,194.88031968197993,198.31770330482968,13964420
2013-04-30,195.06980895996094,197.49924988119398,191.7142695553996,196.59467053508655,14814500
2013-05-02,198.0980224609375,200.45852879811858,195.1430646787681,195.9916444122621,20143690
2013-05-03,190.71926879882812,197.5768156254308,190.04729846017796,196.85315728311124,36583570
2013-05-06,191.77890014648438,192.3345724416337,188.06582980303682,190.0085072602545,19604120
2013-05-07,194.4237060546875,195.04398835810866,191.12846453368348,191.25338596651127,12903980
2013-05-08,194.2427978515625,195.81934760901603,192.24841922550402,194.6993927209073,14795230
2013-05-09,197.36573791503906,200.4542142247817,193.320981023254,194.6993890356781,22585460
2013-05-10,197.59402465820312,200.126841685394,196.74544498270512,197.27527324507787,18603240
2013-05-13,196.2242431640625,199.76070391270662,195.39719575954268,198.57613909166093,12807580
2013-05-14,197.54664611816406,199.74778985424186,195.2507498122893,195.84087638877716,19822490
2013-05-15,205.27430725097656,206.1401206446926,198.59766924050112,199.01549808052397,27233960
2013-05-16,208.4274139404297,210.1288850745207,204.3482028209929,204.63249996252438,22683930
2013-05-17,208.90126037597656,209.75415187351476,205.72662840890646,208.5221974881818,16893270
2013-05-20,207.7769775390625,212.9632215497158,206.97578725307116,209.34491697188884,18149490
2013-05-21,203.3747100830078,209.25875505233608,202.78888209869532,208.48340879023087,19350270
2013-05-22,203.57286071777344,206.94994591013307,202.0695312652472,205.03741102456857,15125760
2013-05-23,187.6006317138672,202.88367874306144,185.481344596743,202.88367874306144,63821860
2013-05-24,185.32623291015625,189.35806751498262,183.2758678980836,188.84116126074494,34747060
2013-05-27,186.26527404785156,188.0916533051522,184.94716445416245,185.56744668220261,22382280
2013-05-28,187.0733642578125,189.8841174117764,186.43216433582893,187.56524438441517,21430960
2013-05-29,185.0092315673828,187.9078129261905,184.28457282495205,187.54329891017568,16838910
2013-05-30,183.45013427734375,186.2038053612519,182.6156937742042,184.4558616567602,24345150
2013-05-31,179.7786102294922,183.4896788552256,179.36577932682056,182.86604980836793,20767490
2013-06-03,181.8076171875,182.87044027506855,179.19010422349197,179.89717864823587,21804450
2013-06-04,178.14926147460938,183.05050617922217,177.51684020896946,181.8208056086618,18890680
2013-06-05,178.46107482910156,179.5722014310158,176.72630575449426,177.95601971963706,19682800
2013-06-06,179.95864868164062,181.55725911165,176.24317111981847,177.71442882456313,24860940
2013-06-07,177.7935028076172,182.2599760702015,176.9898080874487,178.7465307483663,18938650
2013-06-10,176.68675231933594,179.80054127437037,175.76886644142556,179.1856910933214,14601870
2013-06-11,175.45266723632812,177.95600226762542,174.09120455970557,176.11143820217166,27831190
2013-06-12,176.20367431640625,178.21951200006404,173.0942810442706,178.21951200006404,31892330
2013-06-13,177.3235626220703,178.81677397543808,174.3722684659912,174.7894819926536,21107870
2013-06-14,179.69956970214844,180.8546036641955,178.39080641457332,178.83438320251364,18141370
2013-06-17,181.45187377929688,182.172123055304,174.9871342598479,180.28804777058662,25618850
2013-06-18,179.50189208984375,182.25994567136394,178.94413756301228,181.2059149311595,15409980
2013-06-19,179.6951446533203,180.25289921749408,178.19314103099035,179.53703266020344,15403450
2013-06-20,175.4570770263672,177.4114230026053,174.5611446901266,176.4627911294207,26521840
2013-06-21,174.71485900878906,176.44961463006092,172.7121962068631,175.14524749171292,26461690
2013-06-24,171.14431762695312,174.53918905607813,169.52373987048063,174.183440380242,21810540
2013-06-25,167.57374572753906,171.23651025903237,166.99842022383822,171.1047614424322,30781170
2013-06-26,166.89305114746094,169.14605013509814,166.19475548859785,168.11835557011275,20557680
2013-06-27,167.98660278320312,169.52373509625204,166.9764926242916,168.7771226116791,19891950
2013-06-28,171.6142120361328,171.9260265029937,169.5237081340012,170.22639976017996,15660360
2013-07-01,177.04249572753906,177.51681831964652,171.71962856703345,172.42232026473343,15135150
2013-07-02,174.7851104736328,178.21949278510243,174.11754734393398,176.65162813534135,16265170
2013-07-03,166.77883911132812,173.56418499715963,166.25621310548905,173.56418499715963,25313640
2013-07-04,166.8842315673828,168.94838574429664,164.48191315413555,167.0599145292099,28494530
2013-07-05,166.40115356445312,169.32170204234936,165.85656047518864,168.74198040025928,17580390
2013-07-08,164.5346221923828,165.29879212788737,162.50559661419246,165.04405988090056,15419820
2013-07-09,166.418701171875,167.98657912704888,165.1846047608331,165.74675539147592,22886230
2013-07-10,164.80694580078125,168.97916224901212,163.84513904207589,167.50790429461617,19184670
2013-07-11,167.8855743408203,169.34805334194633,166.88863913727226,167.8548418828429,15679190
2013-07-12,166.30892944335938,168.6409776803854,165.2461197495716,168.29403460826012,14990890
2013-07-15,167.96900939941406,168.39501511974538,164.07787569642628,166.15958746241208,23207480
2013-07-16,160.53370666503906,163.3752060811073,157.8854478122529,163.3752060811073,30413700
2013-07-17,158.69354248046875,161.53064587004556,157.23545943214575,161.2671481889165,24112260
2013-07-18,160.23504638671875,160.8191506940659,157.31449804452618,159.2468900256419,20494950
2013-07-19,159.09756469726562,160.65225433467992,157.98643834154777,160.65225433467992,14077470
2013-07-22,160.2745819091797,161.16172196634395,158.63205062417728,158.7198787094849,9686870
2013-07-23,163.45863342285156,164.23159559059604,160.97726563997517,161.44279601753163,14172240
2013-07-24,158.21481323242188,160.4765906716457,156.90605020221375,159.86174050409872,26278990
2013-07-25,157.94253540039062,159.5104134987957,157.14761951575534,157.57800796437124,29959130
2013-07-26,155.0526885986328,160.1428029932114,153.862513054892,159.07120137358714,26165140
2013-07-29,152.83924865722656,155.4699362271116,152.20682750544034,155.22839225225695,16545080
2013-07-30,151.3679962158203,155.821280795522,150.93321168480904,153.20816411159052,27908980
2013-07-31,150.0592498779297,151.06058128122476,148.4430682099325,150.88491169169993,30356230
2013-08-01,147.8457489013672,151.34162237663875,146.24712524317786,150.89804572591746,23616550
2013-08-02,147.6173858642578,150.10754584336163,146.2471444927265,148.26737799809672,25310950
2013-08-05,147.7623291015625,148.794392865306,145.42148882582543,148.26738414817237,17653750
2013-08-06,144.17422485351562,147.24848943779543,143.44078726263626,146.2471580807392,25454280
2013-08-07,150.73558044433594,151.86866060320168,143.69991138629953,144.4904311806031,30640510
2013-08-08,146.1724853515625,150.9068520770033,144.92961004744745,150.04606178221297,22000410
2013-08-12,141.00770568847656,146.6599573541513,138.34187647124912,146.17245996288213,54399680
2013-08-13,142.29013061523438,142.9093769231353,138.34190096852976,140.0722737544497,40050290
2013-08-14,142.68101501464844,144.3455134693893,141.24050298545876,142.6458730563074,22630340
2013-08-16,137.95541381835938,141.76749837248337,136.40950286533004,141.49520853329292,33161930
2013-08-19,134.4331817626953,137.72703619953333,133.59874131924195,137.72703619953333,27358320
2013-08-20,136.50173950195312,137.16928927840766,130.75286628606045,131.75419765210728,24469990
2013-08-21,135.97032165527344,145.0086528527107,133.77441857105626,144.0512423246469,32616310
2013-08-22,137.4415740966797,138.06959913786767,132.83456048997795,134.62642484305712,39523490
2013-08-23,136.9453125,139.37398094066234,135.4521009814459,137.59968737484974,22294020
2013-08-26,136.78280639648438,139.20707853960408,135.71998342268836,137.99933186165472,17001610
2013-08-27,133.51092529296875,135.46528465917189,131.885951433245,135.44331758376825,23246040
2013-08-28,131.56536865234375,132.80824416577374,127.59956737290318,131.75421314119055,25272130
2013-08-29,130.68258666992188,133.91496306326277,129.33869501969448,132.89606078906723,20084810
2013-08-30,133.41868591308594,134.03793220308845,129.14545360392054,130.5596157535003,21562390
2013-09-02,133.19032287597656,135.26765236223693,132.66331409022982,133.51092960428582,13421710
2013-09-03,129.6154022216797,134.79334643088973,128.33738477550156,133.94571749324993,21050700
2013-09-04,131.24473571777344,132.7642969199963,127.86305296363054,129.64612522009637,23858020
2013-09-05,143.8887481689453,144.44650272940115,134.68352615888637,134.91629135055854,41009330
2013-09-06,143.57254028320312,144.75393724124757,140.26551070025255,143.87557598784525,24826830
2013-09-10,143.4803009033203,148.89099546496772,142.38234945289003,145.812348711816,21510870
2013-09-11,148.4474334716797,149.1237619210072,140.73980618162358,142.54922804308387,28928540
2013-09-12,145.6674041748047,149.9977314435467,144.57824496935282,149.3213896318624,19021980
2013-09-13,145.9045867919922,148.0917111147601,143.2651069646268,143.8755744625796,17630960
2013-09-16,144.6090087890625,149.76060267376147,143.63842329869195,149.05791094841192,22536660
2013-09-17,143.49349975585938,145.80797697502842,142.92695296002938,145.10528524881965,16469200
2013-09-18,147.00694274902344,147.4065987459952,143.7789623140435,144.49043281752282,13959810
2013-09-19,158.7857666015625,159.68609502080676,153.11155982481387,153.1862130335253,33437450
2013-09-20,153.49801635742188,162.01372125321203,148.65385485777782,159.3171593287482,50467260
2013-09-23,145.33804321289062,150.55111516605376,144.3455040992338,150.12510941725108,24899540
2013-09-24,144.4860382080078,145.29412899821594,140.20842295245868,142.29453104650463,27959960
2013-09-25,148.6758270263672,149.5146636881445,144.06882623111125,144.07320892381742,31710460
2013-09-26,147.2221221923828,149.1105934231475,146.18564900045703,148.02581679822805,16402440
2013-09-27,144.1127166748047,148.32006057986453,142.94009867196448,147.61297290255098,16454000
2013-09-30,141.8465576171875,142.99720866587614,140.24353767557454,141.7499373473045,16838130
2013-10-01,144.3455047607422,144.78468539439766,141.767503182892,142.50094073829752,12547570
2013-10-03,145.82554626464844,146.24715593439768,142.75128172548693,144.3147637617564,17636560
2013-10-04,144.9866943359375,147.3890127658688,143.1728763045749,144.92959871322,20201430
2013-10-07,143.44078063964844,144.49042878969829,142.29892171182215,144.16104331373393,11363520
2013-10-08,141.20098876953125,147.5207919667518,140.3182312885136,147.1474856974881,26710340
2013-10-09,141.32830810546875,142.10127023057893,138.2408691025166,139.7384765185536,34175100
2013-10-10,143.4320068359375,144.01172851043407,141.2404996819105,141.43812293271856,17336910
2013-10-11,145.175537109375,146.8532102070005,143.26071613927292,144.9295970472101,15976780
2013-10-14,145.56202697753906,146.59848681606283,144.37185124018907,144.60022033950898,10581410
2013-10-15,142.5404815673828,148.75050286550737,141.51280037630002,146.15932611062107,23221460
2013-10-17,142.40870666503906,143.5944862518966,140.53779300676345,142.79079164533965,19848640
2013-10-18,146.2120361328125,146.85323616517348,142.9093888809937,143.08505847034502,16838070
2013-10-21,146.82244873046875,148.88220658404134,145.98361227088634,146.43158501003475,14555250
2013-10-22,147.14749145507812,148.60997072421878,145.8079956513019,146.68635707088805,13665340
2013-10-23,150.7751007080078,152.3868995140474,148.00387201053337,148.61872221074347,32879400
2013-10-24,150.92881774902344,153.265261930203,149.9933608575121,150.90246798329602,21267920
2013-10-25,151.16159057617188,152.80851803089115,149.3214225612138,150.63896452498923,14223140
2013-10-28,147.16064453125,152.73824408012186,146.80930537657616,151.51732242394533,13060010
2013-10-29,152.87437438964844,153.27403034644365,144.5431178200951,146.77416278739926,30146060
2013-10-30,151.17034912109375,154.4598208973503,150.61699068426452,153.54192165776678,14466420
2013-10-31,157.81956481933594,158.40366917020677,149.82208916053105,150.89807368113088,33459510
2013-11-01,165.04408264160156,166.0102854311286,157.1651807211439,157.4901835154738,34197760
2013-11-05,164.77618408203125,167.58254137987043,161.6360452115759,164.455577392401,21888850
2013-11-06,158.94386291503906,165.60184285336504,158.45636544784298,163.55086342047207,23159300
2013-11-07,153.94161987304688,160.56447258126497,153.4497396151623,159.05368984477272,31283760
2013-11-08,153.21255493164062,155.2942803238603,151.95650470754174,153.62538581433614,17637190
2013-11-11,149.7034912109375,153.97232724273192,148.90417929035806,151.9301401028109,18516020
2013-11-12,146.94544982910156,150.8146302242425,146.59849336814048,149.74742447770996,24334250
2013-11-13,149.06231689453125,152.59771602374252,145.16239029370976,145.64109562878963,60408150
2013-11-14,151.35044860839844,152.90954811359862,149.82210837116213,151.34605251258486,18331450
2013-11-18,155.2591552734375,155.4699668331097,152.14098304501493,153.30480921223065,18948610
2013-11-19,160.16038513183594,160.74010676633668,154.85508914450838,154.94291722678707,28702840
2013-11-20,157.72735595703125,161.15295990229586,156.5239917791464,159.77392613283632,23355560
2013-11-21,154.85069274902344,157.10369146753536,154.15239717357318,156.56349448151738,23675930
2013-11-22,152.65478515625,156.42734495161005,152.39567020716467,155.2591229318963,17754460
2013-11-25,158.6891326904297,159.1239306322317,152.839256827775,152.9666095617537,22735900
2013-11-26,156.80941772460938,159.8178073205366,156.43612496094102,158.10500577188662,16048660
2013-11-27,154.91656494140625,157.9908292284504,154.31928574180455,156.87532012283043,13691010
2013-11-28,154.9077911376953,157.283759935733,154.65745496389897,156.08479200023135,18432410
2013-11-29,159.81344604492188,160.47659968303375,154.67942340283423,154.67942340283423,23401810
2013-12-02,160.05056762695312,162.80423830493555,159.19417357999885,160.47657330456622,17459790
2013-12-03,159.29080200195312,160.7225215813688,158.56614332152057,159.41815472040895,14806910
2013-12-04,159.62896728515625,161.1573205413339,157.84149909293654,158.71986026029037,15426920
2013-12-05,163.0194549560547,165.36467785199642,162.163047388348,163.37519018504574,23662450
2013-12-06,163.33567810058594,163.9988451748197,162.0620568887183,162.6725110263522,14500680
2013-12-09,166.0849151611328,168.9966709610962,165.57546411274913,167.85481224866828,18775040
2013-12-10,161.9083251953125,166.7656616668257,161.29347502222132,166.4274974223077,18864240
2013-12-11,157.802001953125,161.87759794390118,156.48006387697498,161.61848296269622,20710400
2013-12-12,156.08480834960938,157.92937253548112,155.60610302483948,157.22668077882852,15817310
2013-12-13,153.15106201171875,155.46993508363673,152.8436302253207,154.41590430598828,16462210
2013-12-16,152.14096069335938,154.7584735117663,151.72373373115818,151.96527771807723,13021320
2013-12-17,150.92881774902344,154.1524019827279,150.4325414899415,153.73079232835985,17632770
2013-12-18,154.89022827148438,156.2516909656779,150.63896280036252,150.63896280036252,23581260
2013-12-19,152.0487060546875,156.2077467163752,150.41934984273146,155.67194586841754,18373200
2013-12-20,153.818603515625,154.41589607953327,151.08251705390637,151.51730154337534,15023660
2013-12-23,154.45542907714844,155.71587527748753,153.27403216958294,153.27403216958294,13320010
2013-12-24,154.52569580078125,155.64560096251674,153.88887857376886,154.51690361109146,13339310
2013-12-26,154.01625061035156,155.61925717105646,153.4497038654743,153.9767259634153,16332130
2013-12-27,155.47872924804688,156.47128180821878,154.15240850695835,154.15240850695835,10695570
2013-12-30,154.99562072753906,157.11246099902618,154.16116687893236,156.41856155951584,10861570
2013-12-31,155.16249084472656,155.73343363039803,153.68685055499145,154.5432580321349,10753080
2014-01-01,155.03517150878906,155.9003579586776,154.70138991307667,155.64562566635064,5904780
2014-01-02,153.06320190429688,158.63202151687926,152.14971224888308,155.10978489492192,19451900
2014-01-03,151.04739379882812,152.4835230646238,150.2876198718886,151.69298987360145,13759590
2014-01-06,148.2805633544922,151.42948107443553,147.7403663360185,151.245032709016,13907830
2014-01-07,145.93093872070312,149.49708328014665,145.36878805225973,148.69777131951852,17352910
2014-01-08,145.5576629638672,147.38465636928936,145.01747925545553,146.18130548411585,14248790
2014-01-09,144.03367614746094,146.04951363762726,143.17288586252405,145.19311944787853,14791100
2014-01-10,141.25367736816406,145.456639487568,140.53781075021834,144.0117313680279,20473070
2014-01-13,144.16102600097656,144.49919022403952,141.42932224559533,141.42932224559533,15564850
2014-01-14,142.95330810546875,144.84177962564698,142.58879404651793,143.6120791105631,10197000
2014-01-15,144.1127166748047,145.6322776731704,143.34853337974644,143.34853337974644,13624980
2014-01-16,143.7174530029297,145.083311616944,143.38806755809148,144.41574853765928,7241970
2014-01-17,142.43067932128906,144.4465169501302,142.0310233108212,143.5725517222357,11207380
2014-01-20,144.21376037597656,144.56949566104265,142.00028595566343,142.4306878548921,9468650
2014-01-21,145.76406860351562,146.9235120605985,144.59584635759944,145.27218837423115,12351890
2014-01-22,144.6529083251953,145.62788976801292,143.63400614297134,145.28093335024923,9821920
2014-01-23,145.65863037109375,146.0714611817097,143.71306365040573,143.9633863908081,9241310
2014-01-24,142.39991760253906,146.23836527218947,142.1188489797716,144.84176073743973,16616560
2014-01-27,140.05470275878906,140.8891432903308,139.0489753451403,140.35334237593378,15688040
2014-01-28,140.21279907226562,142.99720239699192,138.627350177244,140.80568214497643,18296910
2014-01-29,138.22332763671875,142.45262594115283,137.902720944572,141.67967712869535,17594550
2014-01-30,133.2122802734375,136.84869558208024,132.63695468422776,136.585184506987,20955320
2014-01-31,133.8490753173828,135.17979208557318,132.89606085910586,134.43319305879177,13174950
2014-02-03,130.73089599609375,134.30142304029798,130.43663909487452,133.9500839189789,14150230
2014-02-04,133.10687255859375,133.68659426397036,128.8380358782641,129.47045711999667,18002040
2014-02-05,133.66021728515625,134.38047987600424,131.85079542406876,133.41427723041005,13227190
2014-02-06,132.18020629882812,135.08318408351792,131.17887491102798,133.69538496583573,16116300
2014-02-07,134.17848205566406,134.8021245441545,132.06164127694302,133.51532831540447,18203400
2014-02-10,132.99269104003906,134.6396185195242,132.39539837139276,134.42002818892618,10494640
2014-02-11,133.48455810546875,134.1696787973219,133.0278065099904,133.06733115728244,7118720
2014-02-12,134.60885620117188,135.26762711243373,133.33961781216436,134.13454704226388,15539930
2014-02-13,131.80247497558594,134.89870604855327,131.40721514149342,134.65276600055228,13251910
2014-02-14,129.56707763671875,133.0541732609876,127.8103549404717,131.95622157583318,45823350
2014-02-17,129.43531799316406,130.42787052258083,128.52621085707324,129.11910739812072,16601150
2014-02-18,131.837646484375,132.61499144579238,129.21573734667822,129.73396732095648,13981720
2014-02-19,132.46124267578125,133.07171008936822,131.57849886132007,131.74538961906978,9753850
2014-02-20,130.05018615722656,131.84643360385562,129.6768798833519,131.49069831066703,10363320
2014-02-21,131.93862915039062,132.1933479768671,130.43662574461638,130.43662574461638,9430050
2014-02-24,132.6764678955078,133.28253929514685,130.80555416666192,131.82006032597806,10295950
2014-02-25,132.2812042236328,133.59874604497287,131.67513284137982,133.2473935176451,9445490
2014-02-26,133.54605102539062,134.81089348795777,132.21973023900077,132.63256113727562,31769610
2014-02-28,134.6747589111328,135.2149559968621,133.33526313785515,134.31902361651856,13109410
2014-03-03,133.36599731445312,136.9013962768335,133.0805191624234,134.38928235808302,16179310
2014-03-04,136.17674255371094,136.5720024442082,133.07173225119467,133.33524331243598,17249460
2014-03-05,138.482421875,138.9567309979414,135.26761685516422,137.02433915198455,25001030
2014-03-06,138.55271911621094,139.0885200562611,137.20003518106063,139.0885200562611,22604310
2014-03-07,144.89886474609375,146.1988490851437,138.98310101337248,139.13242082203442,51525570
2014-03-10,148.6318817138672,150.28760109203867,144.051231442872,144.40257054871472,44180640
2014-03-11,148.4236297607422,152.6154462003671,147.6481898314749,149.77068348134,25625230
2014-03-12,145.7915802001953,148.35274725303924,145.1180600263771,147.05000694534556,17206710
2014-03-13,146.4119415283203,150.3024342819449,145.5966098491684,146.22582997658768,29306490
2014-03-14,146.59361267089844,147.89193115035178,144.80788554792076,144.98513980658564,17043720
2014-03-18,150.77212524414062,151.45450270063876,146.66893558895174,146.66893558895174,29193580
2014-03-19,151.4412078857422,152.38503128342134,150.35116461301138,151.54312772281463,17798490
2014-03-20,148.70278930664062,151.18863518077026,148.2198026337746,151.18863518077026,14052620
2014-03-21,150.84744262695312,151.70263889547823,149.68206495987283,150.47966847504338,16902930
2014-03-24,152.9256134033203,154.19291082833055,151.62730865844762,151.62730865844762,16494770
2014-03-25,154.50308227539062,154.8841626510333,153.1471712266098,153.56369433546138,16789650
2014-03-26,156.6388702392578,157.21490593717988,154.33913581504038,155.455764477323,20279380
2014-03-27,162.79806518554688,164.28691682293407,157.74663083523058,157.74663083523058,48585150
2014-03-28,168.55406188964844,169.79476037691683,164.52619341210365,164.52619341210365,33298740
2014-03-31,169.94985961914062,171.81977826927567,167.0696540006568,169.71057721220012,25924470
2014-04-01,167.81851196289062,171.35450966286402,165.5010492960442,170.86266564576408,22272160
2014-04-02,171.47413635253906,171.92610216535374,167.30004823146777,170.15366812241194,19202730
2014-04-03,168.04449462890625,171.74888941319878,166.92786586828643,171.39439443336653,20425470
2014-04-04,168.62940979003906,169.47131343578286,165.735911137667,168.29264292270094,20800500
2014-04-07,170.36639404296875,170.65884733249158,168.23946471623927,169.24089444800526,22630300
2014-04-09,175.91409301757812,176.53444227835948,171.04433441719496,171.04433441719496,26631730
2014-04-10,179.729248046875,180.78828394613268,176.37492668318728,176.80030709437975,28796540
2014-04-11,176.7249755859375,179.87548438215066,175.8609220341387,178.57274417410974,20895560
2014-04-15,174.05746459960938,177.66437460779818,172.6040691286118,176.8003075453413,16863520
2014-04-16,173.64535522460938,176.76926463408614,172.8211664109522,174.23026167009542,19376260
2014-04-17,178.77658081054688,179.19310395035586,173.94226466358978,174.33220237086633,21513800
2014-04-21,183.633056640625,184.2268204923725,179.19310018460538,179.19310018460538,18872420
2014-04-22,181.54600524902344,184.06729404997708,180.80602152273875,183.80142620811304,18364100
2014-04-23,183.0215606689453,184.1559174837563,180.86362417766503,181.2313983270155,23265390
2014-04-24,183.0215606689453,183.0215606689453,183.0215606689453,183.0215606689453,0
2014-04-25,184.7984161376953,187.12917144762915,181.04528616266867,182.56072335992067,22655730
2014-04-28,186.65504455566406,187.78940138179502,183.5754481925929,184.33316004008347,16889200
2014-04-29,183.07470703125,188.31225267654023,182.56069955542102,187.8558514685556,16514320
2014-04-30,184.20907592773438,186.7968280822261,182.02011873986723,183.44249331395451,22114870
2014-05-02,181.51498413085938,186.53096239700238,180.79713695560616,185.66247346734923,15446470
2014-05-05,181.19151306152344,183.43364117166576,180.3451741351307,182.07329472084916,13172760
2014-05-06,181.8694610595703,182.8930406534973,180.85031687805127,182.54298113823867,9841880
2014-05-07,183.9609375,184.77625556611702,181.14276023947028,181.8251511566657,19519520
2014-05-08,185.37445068359375,186.46005843605272,183.55770306043124,184.90917862745525,19363440
2014-05-09,192.5971221923828,193.65615808275564,184.33315071232374,184.33315071232374,27635400
2014-05-12,198.7519073486328,200.7104395132255,193.9042988628662,193.9042988628662,26436870
2014-05-13,201.7118682861328,205.956842110802,200.32050099233265,202.05749240328709,32756640
2014-05-14,202.2834930419922,205.23459767414607,200.92758193027285,202.23474406864275,28870930
2014-05-15,201.99102783203125,204.09579336752688,201.37953589178716,202.94370847515677,21093980
2014-05-16,214.21640014648438,222.17462597955404,203.91856169226864,208.26102010673074,79653680
2014-05-19,227.58941650390625,229.95562811502944,217.03456735555713,217.03456735555713,36044700
2014-05-20,223.91604614257812,231.74578046897898,222.47594330027567,231.36471359232556,23419880
2014-05-21,217.9473419189453,224.2129026457834,217.30040729052416,224.03566194900205,23542300
2014-05-22,222.5867156982422,224.92190645030328,218.98425448541136,219.3387359223064,20116860
2014-05-23,244.01992797851562,246.10254394879954,221.31061068836567,223.32674954606003,89947940
2014-05-26,239.44699096679688,251.2336671137506,232.98646098999905,251.15391082332084,43472930
2014-05-27,233.0175018310547,239.27862809652996,231.89645121106983,239.03048837883048,21141040
2014-05-28,231.32034301757812,234.48414408099129,229.54350071649608,233.69542504376918,22103120
2014-05-29,231.87747192382812,235.54535194909678,229.96555875694224,232.0067335421792,38177620
2014-05-30,226.60073852539062,233.5308961285982,225.5979818149148,232.01117459383323,23614930
2014-06-02,235.73248291015625,236.35643124028533,225.21467746946666,227.20236010759368,22338560
2014-06-03,235.77703857421875,239.5964303619585,233.65121305055143,237.64439531148682,31312470
2014-06-04,239.1151580810547,240.10007063034067,233.73592196792913,233.73592196792913,19581210
2014-06-05,240.4744415283203,242.71168471303685,238.07673659367194,239.28005010981607,21508380
2014-06-06,244.2091827392578,245.53726976325737,242.02985134099478,243.7813300274667,23003760
2014-06-09,241.361328125,246.1433550128782,240.40312744722755,245.56398987815172,16762200
2014-06-10,237.6132354736328,242.30168922855958,236.3029655216656,241.90949773262935,15604840
2014-06-11,240.42539978027344,243.6698879801115,237.45279074772284,239.1463300249766,20880260
2014-06-12,240.7775115966797,241.5529725067276,237.9965370772586,240.4031370875949,17608610
2014-06-13,232.45237731933594,241.55294370753867,230.50034212948952,241.37466497179756,18537170
2014-06-16,230.0234832763672,233.0807706087507,227.02858262384933,232.71977927302046,17379420
2014-06-17,236.49905395507812,238.19705430140002,227.60350479442306,228.5483223140736,22808210
2014-06-18,235.4517364501953,239.26220659421185,232.340970934967,235.31357994397072,25021300
2014-06-19,232.23403930664062,237.84054462878225,231.3382388444177,235.93755347924218,21446630
2014-06-20,230.24185180664062,233.8651482278161,228.86028677584906,232.37216578481497,15397210
2014-06-23,231.76602172851562,233.93643062367272,228.80679609503719,230.32205649740249,17948990
2014-06-24,237.38148498535156,238.3263024516319,231.76603116714898,231.76603116714898,17354830
2014-06-25,239.9396514892578,241.04490362339226,235.95536334584685,237.45280698593598,23118070
2014-06-26,236.43222045898438,242.22592615612044,235.2645681022984,240.66162126565084,17973090
2014-06-27,235.21995544433594,237.97865143911375,234.24393790301028,236.69512077650703,10927310
2014-06-30,239.43601989746094,241.28109878017673,235.80826241150672,236.20491492909127,15140470
2014-07-01,238.89678955078125,241.46385151853391,238.56699830658772,240.5725120687043,9828620
2014-07-02,240.8621826171875,243.24650451092805,239.97973815880752,240.66608687104954,16497960
2014-07-03,240.3228759765625,242.48882375128858,238.63379794838556,240.66158923216858,14368590
2014-07-04,240.49224853515625,241.97187500152017,237.10070910912106,240.7507445423234,15306300
2014-07-07,239.29788208007812,241.88722186541779,238.43328180193188,240.4031341959076,13937420
2014-07-08,229.5376739501953,240.39420669226027,228.1828480822524,239.1463099805983,17690110
2014-07-09,230.16610717773438,233.07631598646506,226.8904323736052,230.8568897279294,18223190
2014-07-10,226.90826416015625,236.37874472478597,223.28050648844666,230.2463256633993,37386490
2014-07-11,216.17205810546875,226.72997319290957,214.9910362541406,225.64253815978822,22975720
2014-07-14,214.90635681152344,217.56700514987537,210.92653012540526,215.70410928838496,16142970
2014-07-15,224.40359497070312,225.0498214544751,216.34143199842183,216.34143199842183,20244400
2014-07-16,229.390625,230.535999213033,226.0391806786433,226.22190685899452,21653240
2014-07-17,231.94879150390625,233.78940946721707,225.7851721836485,227.91547272019076,16169410
2014-07-18,228.40570068359375,230.41121415301066,226.19072193000738,230.10816204848086,13962750
2014-07-21,224.9027557373047,230.14383557047893,223.95792458311115,228.272017458414,12814270
2014-07-22,224.9918670654297,227.20238474667875,223.142340716778,225.33058035557377,10256470
2014-07-23,226.431396484375,229.337171488378,224.35011310452794,226.57846149372818,15629540
2014-07-24,227.92437744140625,229.15887747050985,225.52221150951166,227.20238118676565,12997790
2014-07-25,222.8838348388672,228.8068017024983,221.3284521635125,226.62300960836006,13895680
2014-07-28,221.91226196289062,225.68708404101866,220.60645329142807,223.29830149939804,12536680
2014-07-30,220.11624145507812,223.43202479999994,216.62219296703591,222.0326291457084,24264520
2014-07-31,217.41995239257812,221.23042265115583,216.95199107611975,219.00207428923693,18349440
2014-08-01,217.2372283935547,221.49782941660615,214.81278426318744,215.25845394008203,20333530
2014-08-04,219.39427185058594,220.07168487508895,217.5670234230766,218.64555004443636,13946260
2014-08-05,220.5084228515625,221.40867062366564,217.62493975090197,220.74462721557143,17961890
2014-08-06,216.26119995117188,219.6884006840023,215.80216075084425,218.82380046579163,12928410
2014-08-07,217.13914489746094,218.2889664908789,214.3938185060886,215.2584186254813,15579810
2014-08-08,215.52139282226562,217.96811494400782,213.03010101363242,214.9910448300078,32789900
2014-08-11,215.2094268798828,217.48233124662576,214.36710470103026,216.59545298274574,12536370
2014-08-12,216.51968383789062,217.3887451107967,214.09970086051766,215.70411434855117,12331020
2014-08-13,211.15382385253906,217.1569944845769,209.68756691963898,216.14977673969162,20923880
2014-08-14,210.5789337158203,212.45075190026492,209.47366796110182,212.22791704977197,15800260
2014-08-18,215.8110809326172,216.52861618795563,209.82127936085308,209.91041873692618,16556210
2014-08-19,217.68734741210938,219.4477343807128,216.53751209113503,216.96981219850377,15948060
2014-08-20,215.23617553710938,218.22661525586557,214.67908844192144,217.93247163751525,16065950
2014-08-21,219.94244384765625,220.77584395691184,214.82169007562024,215.1693118752231,27963970
2014-08-22,225.03643798828125,227.20238599577303,221.0298721188482,221.0298721188482,26474960
2014-08-25,223.38302612304688,229.7338056760918,222.09503417612112,225.50886567194166,26784130
2014-08-26,222.47830200195312,223.63703224927133,219.73742268413824,222.82146274741166,14312180
2014-08-27,223.280517578125,225.97681379719765,220.5173600240798,223.7306483230905,14200130
2014-08-28,219.3318634033203,224.95175104164315,218.64552834874027,223.90442466631993,14700480
2014-09-01,223.22254943847656,224.3456456308703,220.4192836068734,220.78473597426367,15193550
2014-09-02,224.7957763671875,225.86538084332759,223.19136285259796,224.36347624798918,16508080
2014-09-03,223.280517578125,225.44646577117686,222.2465606197685,224.8715616561874,15715840
2014-09-04,221.60032653808594,223.6370265164605,220.69561768619712,223.36963560517,12428860
2014-09-05,224.2386932373047,225.5088545254357,221.5958753407441,222.03263651653302,16913550
2014-09-08,228.70875549316406,229.25248662942593,225.32166331793644,226.15061596749433,17875080
2014-09-09,228.83799743652344,230.84797204472017,227.46980185607654,228.8068244962729,12975200
2014-09-10,227.2870635986328,228.44135997678438,225.11665454919924,227.20238527589956,16289770
2014-09-11,232.02455139160156,232.54154346387173,228.47257702576775,228.47257702576775,15981320
2014-09-12,234.45790100097656,235.402718498622,230.63404772374074,232.19389152477086,16374410
2014-09-15,233.82061767578125,235.661235702592,231.25801691513655,232.97829541913507,17437540
2014-09-16,228.45916748046875,235.67009895360422,227.2915152059243,234.33309004062818,15687360
2014-09-17,228.39230346679688,230.68305190577183,226.12832131922184,230.2685824118081,13044950
2014-09-18,233.5665740966797,234.2439735149462,226.75672831246965,227.6480676747054,20121200
2014-09-19,228.89593505859375,234.5916065832022,227.73720477985154,234.0657196289104,15558510
2014-09-22,231.88636779785156,233.976559483969,226.60517987791894,227.3806542950098,14346980
2014-09-23,227.84417724609375,233.9498576881528,227.21578132550076,232.63066555945989,19379150
2014-09-24,221.61814880371094,229.3594422879311,218.88620518947425,227.32272866034697,23106290
2014-09-25,211.9337615966797,222.8259295694402,210.56109137776374,222.3891683905562,28369080
2014-09-26,217.95474243164062,219.27838186981202,209.4692018725218,210.34717164936623,28118450
2014-09-29,218.3513946533203,220.8738865649953,216.23892481382669,218.46727311734608,13845560
2014-09-30,217.99485778808594,220.69561476240807,215.73084836359126,217.13470503230195,18632180
2014-10-01,216.00271606445312,218.73465960461917,215.00886784493196,217.93245967189716,10544750
2014-10-07,210.92652893066406,216.01162120953128,210.29813309945348,214.33589899296976,13002440
2014-10-08,214.92417907714844,215.6862703362705,209.11264329347537,209.11264329347537,13589310
2014-10-09,221.01202392578125,222.70111560173768,216.23890608134386,216.23890608134386,17279230
2014-10-10,218.48507690429688,222.22871270852207,216.87621605477204,218.80595958463738,12525220
2014-10-13,221.53793334960938,222.3356858625177,216.70241473786564,217.219393184173,13926640
2014-10-14,224.93394470214844,226.75673209624537,222.1529701978112,223.240405325945,17315970
2014-10-15,224.93394470214844,224.93394470214844,224.93394470214844,224.93394470214844,0
2014-10-16,219.83993530273438,227.71937184103925,218.59206566119616,222.85711408648586,19073950
2014-10-17,224.786865234375,225.95005651833893,220.61539014535563,221.76522548431169,14633000
2014-10-20,229.02517700195312,231.19112491617744,227.5366284410547,229.69814250816856,18824230
2014-10-21,230.33544921875,232.372162751536,229.03853532471098,229.96553579861836,15022310
2014-10-22,229.5421600341797,232.96043881555926,228.63746474121902,232.5504303321173,14511170
2014-10-27,231.55210876464844,233.52196088636603,230.05466535632505,231.03514396945886,13429580
2014-10-28,236.80654907226562,237.4795145716406,232.28301860947008,232.46127014210566,22963480
2014-10-29,235.6478271484375,238.78979273678,234.5113749826349,238.61154119790868,17372970
2014-10-30,235.1353302001953,236.4768003914326,233.70920887676706,236.1960262955215,15544270
2014-10-31,240.9111785888672,241.53512696308707,235.848378026196,236.3831870324536,20770240
2014-11-03,242.75177001953125,244.53890942733742,240.14904764575473,241.1963875029657,17780640
2014-11-05,247.96168518066406,249.55719016427722,242.80528400073638,243.60302289178443,26605100
2014-11-07,244.44981384277344,247.88147573994002,243.33563966846728,247.34666669596947,18163030
2014-11-10,244.1824188232422,246.81185350956213,243.60302650111305,245.92051418507725,12068890
2014-11-11,244.25816345214844,246.232476697961,241.10727582551476,244.93112896242528,17405950
2014-11-12,244.7662353515625,247.0346786101745,243.83031277680814,245.38569548452614,16233230
2014-11-13,242.38189697265625,246.21021135568387,240.21594893364107,245.662019171846,16859020
2014-11-14,248.49203491210938,250.1900352240139,242.44429437823493,243.335633695802,50846690
2014-11-17,262.1072082519531,263.06094774351465,248.87973752187304,249.04017205273922,49164120
2014-11-18,262.5662841796875,265.5299710200079,260.6365269861008,263.5645798396488,32898390
2014-11-19,259.42425537109375,264.5494556148569,258.8047953191278,262.8559166267856,20735930
2014-11-20,264.8169250488281,266.2876295289354,259.60258443615874,262.72227214612116,18099509
2014-11-21,272.30413818359375,273.641147045379,264.95058944377496,267.3126329926259,21009207
2014-11-24,275.2901306152344,276.18146985815144,272.79436441415766,274.3542080892625,18631463
2014-11-25,271.3682861328125,276.27065274108026,268.2931543797459,276.2260694510026,26776620
2014-11-26,272.97265625,275.2010044642857,270.6106125831604,271.76934277398243,11131807
2014-11-27,272.61614990234375,274.9781937764896,270.83347117445726,273.64118473057476,15378080
2014-11-28,286.4764709472656,287.45694970439064,274.53252870992964,274.88905902119717,27760604
2014-12-01,284.8720703125,291.4234201733628,283.0893915586064,287.7243399978183,18449916
2014-12-02,284.0698547363281,287.72432422019864,277.6967567794178,284.2481062810315,23776383
2014-12-03,283.4013366699219,287.8134498116858,281.9751883729968,284.9165971341728,13699078
2014-12-04,285.4960021972656,286.1199506649936,279.92513088369486,285.0949157836006,13809486
2014-12-05,283.0447692871094,286.3872914903181,281.66320432372254,285.2285613404785,11391988
2014-12-08,278.9001159667969,283.9807618490691,278.36530684210686,283.9807618490691,9814223
2014-12-09,273.239990234375,280.2370076099327,272.3040950599451,278.7217474607837,14926558
2014-12-10,281.61865234375,282.73282642771557,270.3431888528056,270.52146758684637,15381613
2014-12-11,279.92510986328125,283.9361369078522,276.71630998883893,279.524023479735,13151866
2014-12-12,277.51849365234375,282.4654158360597,275.4238408784985,279.5685631407357,11727933
2014-12-15,276.8054504394531,281.6632612369648,274.13143213657054,274.7999367122912,15117938
2014-12-16,263.4798583984375,277.20647587949935,261.1623711662164,274.62159778266175,20951938
2014-12-17,268.961669921875,273.10639278359815,255.81441347996065,262.41031974610854,28290440
2014-12-18,273.73028564453125,278.63265145737154,271.4127981836129,277.0282245068058,18921827
2014-12-19,271.10089111328125,278.0979113092839,270.5215259050246,277.6967976719792,14130478
2014-12-22,274.26513671875,275.1118928045537,270.3878049950665,273.0172398318494,11565161
2014-12-23,273.8194274902344,278.5435146175418,272.97264432519097,274.1759577486418,12836868
2014-12-24,272.5269775390625,276.27061329510303,271.85847309702064,272.7498123530765,14866629
2014-12-26,274.2205505371094,276.1369247338979,272.79440211106254,273.50748992484534,7373519
2014-12-29,274.13140869140625,276.4934797514858,273.6411829250795,275.86953132023484,7699059
2014-12-30,276.09234619140625,276.9836854850024,272.7498238404207,274.71078116693883,8113742
2014-12-31,277.96417236328125,278.9446510555176,276.31518918109066,276.3597452664807,6305857
2015-01-01,279.8805236816406,280.7718629290344,276.93911504584725,278.4989587287863,6138488
2015-01-02,280.9947509765625,283.71332531555316,280.1925509422308,280.1925509422308,9935094
2015-01-05,278.766357421875,282.3762705942138,278.1869923351623,281.88604487503744,9136716
2015-01-06,267.3126525878906,277.2956637016277,266.2430617409654,276.31518502414184,15329257
2015-01-07,267.5354919433594,269.6747008749393,263.07879533526904,267.40179648542016,15046745
2015-01-08,271.72479248046875,273.1954968929332,269.4964442186993,271.85848793587155,8939749
2015-01-09,270.25408935546875,274.39881170180155,269.1844713041171,273.3737769368078,11953948
2015-01-12,273.73028564453125,274.35420679071115,268.38225021234183,271.1008240097655,8536142
2015-01-13,271.9476013183594,276.9836624683909,271.10081817920184,274.6661750573147,9484804
2015-01-14,271.591064453125,273.64113372748113,269.40727253788657,270.967116134053,8855660
2015-01-15,285.4960021972656,288.5265779530642,279.8805747937943,285.1394718735011,30729523
2015-01-16,281.1729736328125,285.4959471778241,279.07832098227755,285.2285562869111,21598514
2015-01-19,279.1229248046875,283.401370201684,278.54355964093827,282.15347329327705,9975658
2015-01-20,283.5795593261719,285.05026355698243,279.88050710882607,279.88050710882607,13104643
2015-01-21,290.7549133300781,292.0027830075833,284.3372589864535,285.1394589790268,22617660
2015-01-22,289.3733215332031,292.0027835598814,286.83299888398363,291.37883511918926,12232626
2015-01-23,291.8690490722656,296.4148574981887,289.3732828446939,292.5821095935631,17127278
2015-01-27,294.1865234375,296.0583413973247,287.5460620105842,293.6071583360467,13734088
2015-01-28,298.2421569824219,299.490026653173,292.5375904864747,294.4985207686497,19428852
2015-01-29,291.46795654296875,297.3508014731303,289.7744172816464,296.63771369890384,14911660
2015-01-30,275.3793029785156,294.58765508450784,273.64118036594226,292.983255135608,30252827
2015-02-02,274.08685302734375,278.0087407685695,271.947644004995,275.8695317462208,17639807
2015-02-03,267.6691589355469,278.0978387700288,266.55498490201313,278.0978387700288,23743882
2015-02-04,261.2070007324219,270.03128256860447,260.1819658609873,269.8084477182265,21477507
2015-02-05,259.20147705078125,265.4408526199687,257.7753558247534,261.2961300035979,15722348
2015-02-06,258.75579833984375,262.8114086392355,254.65565915578046,259.3797467556018,15985714
2015-02-09,249.12936401367188,260.98416723460895,247.79235490447508,258.04275807498396,17088719
2015-02-10,256.081787109375,259.2014748676936,245.74227230016243,247.3466722666903,22589681
2015-02-11,254.8784942626953,261.6080953755652,252.87298075470545,259.20146828537025,17366588
2015-02-12,253.40771484375,257.5970198182857,248.05967983022157,257.507880461091,20957180
2015-02-13,273.5965881347656,274.4879273667388,254.34365528384257,256.7056988082685,70540056
2015-02-16,273.373779296875,279.12290156835115,271.59110066357687,276.8499971915029,21372131
2015-02-18,272.482421875,274.4433519204227,269.1844557419265,273.4628732969536,13472484
2015-02-19,269.49639892578125,273.90851142165286,264.549450295152,272.8389207566744,17762135
2015-02-20,269.45184326171875,273.195478976588,264.77231221888974,269.0953130035205,15792502
2015-02-23,264.32666015625,271.5019578861863,262.41028608979485,270.2540882988329,12440505
2015-02-24,264.0592956542969,266.51047898948445,260.3602426069541,264.6386608204918,15046698
2015-02-25,263.435302734375,267.98113831995425,262.9450770306865,266.51043400737376,12845169
2015-02-26,257.9535827636719,264.7277667469959,256.75026929270047,264.7277667469959,18707345
2015-02-27,267.3126525878906,268.2931312653765,258.5775382645084,259.6025730267139,18316053
2015-03-02,269.1844787597656,272.66069672066436,264.4603911720722,272.66069672066436,15085595
2015-03-03,269.7192687988281,272.21500787659545,267.13439035367287,270.5214687022879,14387971
2015-03-04,261.9200439453125,280.7718636347728,260.2710608931862,279.8805243851386,38674148
2015-03-05,261.8754577636719,264.0592497817131,258.2655447232114,262.72224092205886,16803823
2015-03-09,259.0677490234375,262.0537409679674,257.3296537971102,260.27106245798126,13199803
2015-03-10,256.34918212890625,261.38524361590004,254.12083393098726,259.156895417981,14064427
2015-03-11,254.1654052734375,259.2906064363483,252.91753564798884,257.1959535642464,16329314
2015-03-12,255.68067932128906,257.9981669023996,255.01217485759466,256.83940951108616,9969794
2015-03-13,250.24354553222656,259.4243308011532,249.5750409582313,258.48843527816814,13414248
2015-03-16,251.04574584960938,253.00670348270413,249.5750412255487,250.91205037497127,15132928
2015-03-17,252.33819580078125,253.1403958402526,249.12936844137536,253.05125645775124,11350496
2015-03-18,256.081787109375,257.10684913403736,251.3576993845285,253.2295174798234,12394230
2015-03-19,251.00115966796875,258.7557954840635,250.1098203418762,258.48840456684275,11046649
2015-03-20,248.0151824951172,251.71423548196424,246.72272951345678,251.1794264136386,11482652
2015-03-23,244.89549255371094,249.57502425855893,243.82587442628096,249.04021519484394,13058026
2015-03-24,241.15187072753906,246.3662118078641,239.77030549839816,244.04872386088402,17585259
2015-03-25,236.5614776611328,242.53346268183006,236.20494733187937,242.35518391644308,15824629
2015-03-26,228.76223754882812,237.0071264934978,227.4697982181939,235.75925685028383,22253318
2015-03-27,234.95706176757812,236.16037534916342,228.18287716154114,231.61453915290713,19423101
2015-03-30,238.789794921875,240.08224779772314,234.55593321332574,236.29405574270538,12303870
2015-03-31,238.0321502685547,241.8649255969218,237.09625487989868,239.68113342136863,19482636
2015-04-01,243.73672485351562,244.8063156153184,234.55591440599875,237.67560173057427,12383589
2015-04-06,244.80633544921875,245.78681412811116,241.73123115819064,245.5194232163755,12925445
2015-04-07,242.48886108398438,246.32163663830013,240.92901720992433,245.38571399295304,12933524
2015-04-08,244.13783264160156,247.21296415522255,242.31059792867828,242.35515401376728,9913899
2015-04-09,250.3326416015625,251.17939759453287,242.88995319189303,245.11830138631407,13471276
2015-04-10,254.70022583007812,256.12637426715577,249.61958052346375,250.4663638084058,16880558
2015-04-13,255.19046020507812,257.1514177723382,252.56102528707012,256.52746930961365,11985436
2015-04-15,258.4884338378906,262.4549051687699,254.87852003903868,256.1709458873158,17289500
2015-04-16,260.6275634765625,262.2765463535825,255.3686679024686,258.7111897336527,15043998
2015-04-17,260.0482482910156,262.8559617268619,257.77534389092995,259.37974379669424,16819018
2015-04-20,256.39373779296875,261.47438255652196,253.89799869598724,259.37972981360036,13788536
2015-04-21,257.7753601074219,260.2710994959535,251.13487083214002,256.1709328992065,15487948
2015-04-22,253.0066680908203,261.3852521481912,245.47484005538925,258.9786251352737,17741741
2015-04-23,247.4803466796875,256.1709046957866,246.2324771228073,254.0316958552039,13874710
2015-04-24,245.60853576660156,249.21847628972984,244.53894491648418,248.10430215324277,10049508
2015-04-27,238.0321502685547,246.49987365712252,237.18539425060803,246.49987365712252,12394191
2015-04-28,242.8899688720703,243.78130820738068,236.3386193172357,237.9876025278634,12693457
2015-04-29,242.35516357421875,243.69217259783693,240.26051066357996,242.66713778669995,8217676
2015-04-30,240.4387969970703,243.73676357328188,237.72022277724767,240.7507712193907,21635216
2015-05-04,247.0347137451172,247.79235768914705,242.1323469563031,244.227000024555,8012690
2015-05-05,242.48886108398438,246.90100177979016,241.86493985527144,246.90100177979016,7102772
2015-05-06,236.5614776611328,243.87047181767088,234.64510334006508,241.95409749660314,16335660
2015-05-07,232.59500122070312,238.21042793021948,231.43624380976772,235.313575205156,15962706
2015-05-08,233.48634338378906,238.87893533442582,232.015611759509,235.3135780906284,14044596
2015-05-11,246.05421447753906,247.0792764820495,234.06571664859635,234.77877724158637,17198308
2015-05-12,238.3441162109375,245.47483039646454,237.40822085469347,245.38569102884227,12792368
2015-05-13,244.49436950683594,245.11831792397683,238.92349864492738,240.57248186035588,9245732
2015-05-14,250.42178344726562,251.26853944861364,243.29106915456845,244.22696452487844,13101418
2015-05-15,256.21551513671875,257.0177151367715,251.3577046450629,251.3577046450629,18247889
2015-05-18,258.2655944824219,258.48842933529716,254.3882626020884,258.399289953843,13266119
2015-05-19,257.1068420410156,259.6917206720076,255.1013285374243,257.77534654221273,14541041
2015-05-20,260.8059387207031,262.76686926655964,257.81994600599904,258.04278087722287,11807544
2015-05-21,258.71124267578125,262.72226969401044,257.10684274909676,262.05376519097223,12118415
2015-05-22,251.7588348388672,271.8585282608212,250.2435469154936,261.16245501777246,69490117
2015-05-25,247.4803466796875,253.40774747600568,246.1433377541338,249.75327817403854,20356833
2015-05-26,247.0347137451172,250.28809717375336,246.00967885685102,248.68369710529504,9675703
2015-05-27,250.24354553222656,251.00118948972536,244.40528313327624,246.90102266225026,12176680
2015-05-28,250.55941772460938,252.54510259130433,249.20553041076414,252.54510259130433,13024987
2015-05-29,251.0558624267578,254.2149332079014,250.10815221037922,251.50715825263546,14809918
2015-06-01,251.10096740722656,254.5308041041424,250.5142608937562,251.50711705704447,11567692
2015-06-02,240.31500244140625,252.22922203111256,239.5026755477691,251.64251548218334,21653784
2015-06-03,232.3270721435547,241.26272346736263,230.2059901487391,240.99195700554498,25967877
2015-06-04,232.50758361816406,235.93742041392346,229.0326007189638,234.58353311903304,20210546
2015-06-05,232.68809509277344,236.4789906943874,230.7024101711398,231.96603285670824,13539638
2015-06-08,230.11573791503906,233.545588932108,227.94952346870897,233.545588932108,17384700
2015-06-09,232.50758361816406,233.1393811621684,229.25824860144553,230.16084013137248,15275972
2015-06-10,235.21536254882812,236.97539953772252,233.31991479201966,233.77121056531178,10910978
2015-06-11,229.25827026367188,237.33647623777713,228.03976607415458,236.70465108916517,20857622
2015-06-12,229.21311950683594,230.61213915246697,227.27255319907465,229.30338417008466,11440479
2015-06-15,225.87355041503906,230.70242103778912,224.6099276699509,230.16086056277706,13545280
2015-06-16,229.79981994628906,230.83779474603824,224.7453016295739,225.8735410955858,9896598
2015-06-17,230.25111389160156,231.87576769170443,228.806961877672,231.063440791653,11241061
2015-06-18,232.95889282226562,235.30563644443822,230.34136897100316,231.46962222095328,11598549
2015-06-19,234.80921936035156,237.4718758265752,233.0040360055998,234.5835714410076,12216399
2015-06-22,240.08937072753906,241.35299348554403,235.39588328933735,235.48614796024702,11051382
2015-06-23,241.66888427734375,244.78283610112138,240.31499697046786,243.15815480592565,16180083
2015-06-24,236.79489135742188,241.80426328765353,235.12509153237556,241.62376151015846,8361760
2015-06-25,239.00624084472656,240.0893617653913,233.81633922761756,235.80205173386642,16506503
2015-06-26,239.3673095703125,240.9016988033172,235.62153229685686,238.3744532754798,14588452
2015-06-29,234.35789489746094,235.39586969068375,230.1608496192678,233.54556799602173,15040805
2015-06-30,237.15594482421875,237.69750529759477,232.5076035554853,233.9968741985869,14181965
2015-07-01,241.66888427734375,243.24841946869893,236.97539726221095,237.4718391350101,12072024
2015-07-02,241.7592010498047,244.82800743120387,240.1796655179905,241.80431961846247,8741783
2015-07-03,243.1581573486328,243.69971778602783,240.81141381652648,241.30785569451695,7238541
2015-07-06,244.4217987060547,245.05362385550623,236.47900349960454,237.56212445726146,9458200
2015-07-07,246.31723022460938,247.8967654482583,243.69972022011572,244.0607513336824,12523410
2015-07-08,241.30787658691406,244.6023305110139,239.72834124228575,243.60947421397972,12669850
2015-07-09,241.66888427734375,244.8730732189869,240.9919406239058,240.9919406239058,6469504
2015-07-10,244.1961669921875,244.60234426446598,240.31503380226593,243.92540050727652,8788162
2015-07-13,247.03929138183594,247.62597031653968,241.8042444343212,245.5048748957753,8423083
2015-07-14,242.07505798339844,246.94904670862036,241.1273203553589,246.94904670862036,10337307
2015-07-15,241.93966674804688,245.23414811561395,241.1273398190903,242.57149188440732,7483918
2015-07-16,245.68545532226562,246.18186970609173,241.9848240908454,243.47409478723463,8354120
2015-07-17,244.69259643554688,247.3101066539238,244.15103594849046,245.8659545367436,5571891
2015-07-20,241.39813232421875,245.50491305029482,240.22474672754743,245.50491305029482,6418930
2015-07-21,238.554931640625,243.51918508225282,237.8328694307149,240.9919398026599,5638653
2015-07-22,242.39093017578125,243.1581384403561,236.38870236158837,238.01338354743618,11322177
2015-07-23,243.74481201171875,245.50487637131346,241.21756694938793,242.3458062709473,6376216
2015-07-24,237.6072540283203,244.015660310716,236.56927913034127,242.52638958362334,7796401
2015-07-27,233.27479553222656,237.74260714745864,232.91373687875057,237.56210536562858,6788558
2015-07-28,233.95175170898438,238.1939156652478,233.18454334665614,234.89946186280136,10788886
2015-07-29,228.89723205566406,235.30563783468315,227.7238602376452,234.67381270558903,9997136
2015-07-30,231.78549194335938,234.22250007189695,228.8972155985116,228.8972155985116,10536937
2015-07-31,243.74481201171875,247.08441142149653,232.4624187961253,232.8685959698488,20534806
2015-08-03,253.67337036132812,255.43343508393446,243.60947904633198,243.69974371965478,21901780
2015-08-04,260.4878845214844,261.70638842501427,249.47625838241223,254.98207145194831,28858887
2015-08-05,257.5996398925781,263.3762206855232,256.56166505043257,260.93923986634366,10169558
2015-08-06,260.89404296875,262.47357797818347,254.53078437727984,257.7801190485239,15372143
2015-08-07,253.8990020751953,260.397672511114,252.90617336671292,260.397672511114,13845614
2015-08-10,255.20774841308594,258.14117080863866,252.81588643030895,254.57592334069648,14694901
2015-08-11,242.61660766601562,261.2551459810508,241.44324962040355,257.96066465123755,39233644
2015-08-12,231.37936401367188,241.39813636252924,230.20599216982612,241.39813636252924,29724325
2015-08-13,234.0419921875,237.24620891259244,233.0040173506035,234.44816942776419,16360033
2015-08-14,242.34580993652344,243.15813675135186,233.99683883070279,236.3887007196054,14852873
2015-08-17,252.49998474121094,254.4405510541904,244.4217793946192,245.5049002667002,27500063
2015-08-18,257.05810546875,259.94640993038604,248.70913223313863,253.4477386641613,27728824
2015-08-19,250.92047119140625,258.0960856121462,248.70911069711497,256.24575625806915,15452575
2015-08-20,244.1961669921875,254.21494010757422,241.89456923570808,250.60457340256366,14577599
2015-08-21,241.44326782226562,242.70689063085783,231.24399313409336,236.0277178898036,19030056
2015-08-24,221.49595642089844,232.59784879029417,218.7881818251786,229.89006042212057,29561705
2015-08-25,228.67156982421875,229.98032478931393,216.62196737973923,225.6478826872284,23492839
2015-08-26,221.76673889160156,228.62644011287577,221.13492756732856,227.90436412551207,16325529
2015-08-27,225.15147399902344,227.45308535532425,223.93298359095002,226.68587697907233,21076926
2015-08-28,224.7001495361328,230.97315766101488,223.34626229598044,229.70953507918728,16644381
2015-08-31,223.2560272216797,226.86639345111487,221.13493155290485,224.74529778234003,21645114
2015-09-01,215.8096466064453,220.99954805483685,214.546010164234,220.99954805483685,19689080
2015-09-02,208.09249877929688,219.32976158762884,207.68633530862562,219.01384901463175,23655457
2015-09-03,209.62689208984375,212.47005002578348,208.49865262757334,209.98792320878854,14680299
2015-09-04,203.21849060058594,209.31098382172556,202.18051578300327,209.31098382172556,20466346
2015-09-07,199.56300354003906,205.33958413417244,198.7055305223943,204.97855301170955,15424783
2015-09-08,206.1068115234375,207.8217301722282,199.6081405391752,201.2779406228312,16189253
2015-09-09,209.0853271484375,211.65771857614845,206.78372971280086,211.16129046892038,18237115
2015-09-10,205.29444885253906,207.41554454079764,202.27077537108508,205.20419795944667,14195882
2015-09-11,207.6863250732422,210.5746153331174,205.79087727358274,208.40838730887023,13650937
2015-09-14,212.33465576171875,213.01159940389215,207.59605026650505,208.99506988148744,10671222
2015-09-15,210.2135772705078,215.22296338449283,209.9879293714315,212.2895406965008,13193410
2015-09-16,213.73370361328125,214.5911629188233,212.10903590293785,213.3726586929519,11272509
2015-09-18,218.42713928222656,222.44366863437193,216.17066057063332,216.62195631295197,16049395
2015-09-21,221.36058044433594,222.03752411541953,214.13984795277756,216.21581129859143,9602436
2015-09-22,214.7716522216797,224.24886330488957,213.23724937222218,223.79756753902242,13667322
2015-09-23,216.48660278320312,218.33690456245472,210.84540523071664,212.10902797349164,13614082
2015-09-24,215.7645263671875,217.9307407145974,214.86193476035757,216.1255575009375,9299508
2015-09-28,216.1255645751953,219.91644669347386,215.40348851160527,217.52458436606565,8588230
2015-09-29,218.3369140625,221.49598482934658,209.58177783458774,213.01162885022657,24488685
2015-09-30,214.04959106445312,221.49597171691292,212.74083600729963,220.99955735804608,17011911
2015-10-01,212.24441528320312,218.3369087569316,211.56747156389994,217.70509737340635,11590498
2015-10-05,216.62197875976562,217.8404828992711,214.13985191980998,214.90706027023262,18307463
2015-10-06,216.71226501464844,219.1492597639694,214.54603674778633,219.05899508817922,10087077
2015-10-07,219.826171875,220.45798319722593,215.76450995324967,216.75735238176077,10608795
2015-10-08,219.6005401611328,221.3154587009491,217.6148413854363,218.83333178821476,9230511
2015-10-09,219.73590087890625,223.66217946574872,217.20864189039006,221.5862162333085,12171416
2015-10-12,220.72877502441406,221.72161750515278,217.795352371062,220.32261156536393,7566962
2015-10-13,220.0518341064453,223.39142026090528,218.47229881167124,220.23234967135713,10200698
2015-10-14,220.45799255371094,222.75960382820986,219.51026864392261,219.9615644321595,7895820
2015-10-15,224.7001495361328,225.55760870040535,221.586211638273,222.03750738499045,11582401
2015-10-16,231.78549194335938,232.10140448519311,224.15861010572755,225.51249738938012,11738832
2015-10-19,229.70953369140625,232.05627706914058,228.80694220342428,231.6500998815862,8969153
2015-10-20,230.0254669189453,232.05629794963951,228.53618256629693,229.70955436074448,8811740
2015-10-21,225.4673614501953,230.97316138545742,224.33912206520878,229.2582430292593,8606466
2015-10-23,228.71669006347656,230.02545881064276,227.45306742012409,228.35565895750554,7544810
2015-10-26,226.776123046875,231.0634328358209,225.9637961747931,229.93519341767723,13085058
2015-10-27,224.56478881835938,227.63359469449472,223.9329774641497,225.7381606318657,6565348
2015-10-28,218.4722900390625,225.1514620797847,217.7050817034256,223.8427070711579,12310403
2015-10-29,213.86907958984375,218.24665441458868,213.417783784095,217.97587417664843,16114932
2015-10-30,213.95932006835938,216.9829933615271,212.19926937943288,215.44859054996178,8669606
2015-11-02,213.82394409179688,214.81680035873936,210.03306213407478,214.81680035873936,7611610
2015-11-03,212.96649169921875,216.35121030147099,212.1090324078059,216.03531149540058,8323201
2015-11-04,215.71939086914062,217.0732782595327,213.91420768195115,215.8999064333686,8418352
2015-11-05,211.11619567871094,215.71941891346196,210.39413332792816,214.81682720252698,8906564
2015-11-06,219.32977294921875,220.95444068851893,210.30385636694638,212.65060018731947,30821077
2015-11-09,222.1278076171875,224.11350646626428,212.65059541834086,213.01162656455284,22806485
2015-11-10,217.70509338378906,223.165775373921,216.71225087714552,221.0446795833264,11767845
2015-11-13,216.84762573242188,218.24664542712196,214.54601446339333,217.97586520033252,9082062
2015-11-16,224.1134796142578,225.06120347508264,215.8096402942022,216.1706713971575,14051479
2015-11-17,223.7073211669922,227.13715803888346,222.66933262106377,225.64788749042825,11273394
2015-11-18,217.52455139160156,224.47450318364756,216.12553181280808,223.4816607976143,10397889
2015-11-19,220.14205932617188,221.13491547606608,217.88558059682427,219.3748648216656,7325199
2015-11-20,219.2846221923828,225.55763093565182,218.4271629435828,220.18721377479432,13718619
2015-11-23,219.05899047851562,221.3606019381743,217.11842394196444,220.1420977029269,10552151
2015-11-24,217.88560485839844,220.23234850721127,217.1635426025681,218.87846111884727,6651669
2015-11-26,218.87844848632812,221.04466267370609,217.52456117610342,218.38202038475495,13629888
2015-11-27,225.3771209716797,226.09919701003506,219.14924440733137,219.32975997380646,15149912
2015-11-30,224.4293975830078,228.35567658263992,221.13494372627187,225.33198919005383,12865469
2015-12-01,225.8284149169922,227.36281787809486,225.0160879883069,226.41510771878026,9501537
2015-12-02,220.77389526367188,226.23456303972299,220.00668694891974,226.14431214957523,10881754
2015-12-03,217.6148223876953,220.68362806655136,216.98299730164817,220.36771552352778,7155630
2015-12-04,217.6148223876953,218.56253247185865,214.86191547940916,216.62196620029582,11115170
2015-12-07,215.40345764160156,219.28460387628292,214.81677867101922,219.28460387628292,7531729
2015-12-08,212.96649169921875,216.57685820828777,212.37981265047713,214.90707196131652,8254434
2015-12-09,211.5674591064453,214.99730983678356,210.8453968663357,212.47005067903672,7408777
2015-12-10,209.35609436035156,213.68853628772965,208.13760410644892,213.011592666966,11713559
2015-12-11,205.15907287597656,211.11616915628636,203.1733741158733,210.21357755874354,12872949
2015-12-14,203.94056701660156,205.5201022991836,202.18051617050108,202.9928430925614,12464883
2015-12-15,204.34671020507812,205.023653830456,202.18049611285036,204.88827061436174,10404430
2015-12-16,205.15907287597656,207.23503630481602,203.30875734652278,205.56523634037987,13030720
2015-12-17,208.40838623046875,209.7622735739472,206.24217198988492,207.59605933336337,14539096
2015-12-18,204.43701171875,209.71717845755435,203.80520030898896,207.55095020235902,18871084
2015-12-21,208.00222778320312,208.4986559089057,204.43699378081016,204.79802490543682,9557098
2015-12-22,206.1068115234375,209.6269134961998,205.33960310176727,209.085352990026,9155574
2015-12-23,207.28016662597656,208.4986708607685,206.60322288941563,207.82172712420754,7914311
2015-12-24,206.06167602539062,208.49867072088387,205.42986462618208,208.36328748264472,7257958
2015-12-28,206.60321044921875,207.5509343778299,205.7908835232405,206.7386074518516,8756879
2015-12-29,205.97140502929688,207.55094036506213,205.3395936494818,206.5580978460542,7263286
2015-12-30,203.80519104003906,207.3252928575124,202.94773175347044,206.69348147648583,11702877
2015-12-31,202.586669921875,204.48211767910954,202.1805064803116,203.94055724205566,11558305
2016-01-01,205.6103515625,206.60319397369335,202.63179678401266,203.08309254522428,6449426
2016-01-04,199.2019500732422,204.84314719681868,198.6152710813718,204.84314719681868,14092071
2016-01-05,196.539306640625,201.09739664441614,195.8623629897388,201.09739664441614,15074848
2016-01-06,195.72698974609375,198.4798830487351,195.3208125168933,196.67469988768266,11921123
2016-01-07,189.13807678222656,193.2448714089495,188.6416486365866,193.15460673794036,14342279
2016-01-08,188.5965118408203,191.8007147714939,188.28061304466956,191.34941897203154,11745840
2016-01-11,184.3994598388672,187.28775009793483,182.91017549027848,186.65593875570977,19287860
2016-01-12,179.97674560546875,185.0312636833616,179.25468339930157,184.8958804628187,20318816
2016-01-13,181.3306427001953,182.6845300686063,175.10276631448662,181.73681992868222,23788247
2016-01-14,176.95306396484375,181.87218481961824,175.3735288609513,177.81052312389474,20256636
2016-01-15,166.3476104736328,178.5325953038467,163.36905587175661,178.5325953038467,29090426
2016-01-18,163.3690643310547,169.82258815890776,161.69926451813708,166.8891657330739,35653244
2016-01-19,165.12913513183594,169.50671002452225,163.82038002934326,164.40705907694007,24501774
2016-01-20,156.7350311279297,163.05317254145334,154.79446463132953,163.05317254145334,28655794
2016-01-21,158.49508666992188,161.24797996597232,155.29088381223428,159.75870937065145,28697205
2016-01-22,166.61842346191406,167.34048576118877,160.9320933341647,162.37623170516966,21432409
2016-01-25,165.12913513183594,170.40930165002828,164.7229716548493,169.5969609235997,17534650
2016-01-27,166.43789672851562,168.0625644723099,163.41422292856382,166.43789672851562,16569813
2016-01-28,167.20506286621094,167.79174178833952,164.72293642690144,166.25733910762048,20241030
2016-01-29,162.376220703125,167.65638698665285,160.75156686738222,166.25736727480358,24259147
2016-02-01,155.92269897460938,164.22653894409183,155.3360199433106,164.22653894409183,22915269
2016-02-02,152.89901733398438,160.11975040803236,152.17695504454386,156.23861739869585,35957332
2016-02-03,149.8753204345703,151.45485555013875,147.34806149517016,151.45485555013875,24132003
2016-02-04,146.98704528808594,153.2600540562525,144.59516932172937,152.80875826325556,23811109
2016-02-05,151.81590270996094,152.8087589681158,146.40035316901736,147.75424055425324,22732245
2016-02-08,155.38113403320312,159.66844401185764,152.13181262864288,152.94413953666933,22289005
2016-02-09,150.77792358398438,155.60678018993886,149.9204643523153,151.63538281565346,19008384
2016-02-10,143.5120391845703,150.01069480824904,142.60944774315792,148.92758783304467,32294785
2016-02-11,139.22476196289062,151.18410132112922,137.37444632655883,143.96336812370214,72749830
2016-02-12,139.72119140625,142.2935693679543,133.80921329213984,140.93968188101866,41187889
2016-02-15,151.50001525878906,153.44058181392404,142.60948192117647,143.51207357890544,35956266
2016-02-16,141.1653289794922,154.1175247052878,140.4883852399375,154.1175247052878,33816243
2016-02-17,143.4669189453125,144.27925957449602,136.5169670153837,139.90168520584774,32447698
2016-02-18,144.234130859375,147.7542323567079,141.1653113596285,146.17469716156677,21024178
2016-02-19,148.65679931640625,149.19835965988926,141.79711300951408,142.51917510422257,24592575
2016-02-22,148.88250732421875,150.5523075809774,147.75426762977565,149.78509907977323,15815058
2016-02-23,143.06076049804688,148.92760556579012,142.6094647236051,148.92760556579012,20200068
2016-02-24,141.07508850097656,145.04648655747397,140.17249678154928,140.80430823065706,19440950
2016-02-25,137.01341247558594,142.699742510992,136.29133641558187,142.24844669504637,22713124
2016-02-26,140.71401977539062,143.24127891728523,137.69034628964803,140.35298865760038,30051402
2016-02-29,143.2864227294922,147.93476416260063,138.09652080385703,142.78999457341862,66981910
2016-03-01,146.26499938964844,147.03219413228248,143.1059281880252,144.8659793887238,23588231
2016-03-02,163.5044708251953,165.35478645015323,155.69705861245168,155.69705861245168,53333757
2016-03-03,164.94859313964844,166.61839288834702,161.11257934570312,166.07683249080884,33507048
2016-03-04,170.04824829101562,171.35701710096438,161.11259715127147,165.53529038761866,38860711
2016-03-08,165.49017333984375,168.73949479652967,163.7301087234607,168.73949479652967,27928279
2016-03-09,165.53529357910156,166.07685404693217,161.2931158226111,162.46648765460756,29453018
2016-03-10,162.9178009033203,166.75381560603006,161.92494453010704,166.75381560603006,20472928
2016-03-11,162.5567626953125,164.85836039930876,160.25515121886053,162.46649802076314,21869157
2016-03-14,164.0460205078125,165.53529111348206,163.0982965894525,164.67783186256761,14369755
2016-03-15,167.25022888183594,168.06255582571205,163.95576122621608,163.95576122621608,22369600
2016-03-16,167.1599578857422,167.7917692373429,163.91063646074386,166.97944232420693,19237834
2016-03-17,168.19793701171875,170.86057926894293,166.97943293805415,169.6872075262388,21560986
2016-03-18,172.62063598632812,173.29757965686275,167.88203029258577,168.64923862817338,21144216
2016-03-21,177.63002014160156,178.08131591748347,174.2001694904084,174.2001694904084,20678069
2016-03-22,178.26182556152344,178.9387692028963,175.55405099603195,177.6300142507328,16728809
2016-03-23,177.4495086669922,178.35210023951512,176.27613686822147,177.72027512078554,13362780
2016-03-28,169.9580078125,178.93879183616713,169.3713149856295,176.72744508246848,19760603
2016-03-29,171.04107666015625,172.6206116688912,168.46868556552127,170.13848522659342,16804848
2016-03-30,178.3069610595703,178.9839047129685,171.94368796313668,173.5232231543991,20709407
2016-03-31,175.3284149169922,179.39007703862134,173.61349641906392,178.57775012327733,30132473
2016-04-01,176.592041015625,178.03619308448106,173.2975871848941,174.83199015026938,21752206
2016-04-04,175.73458862304688,178.21671561990476,173.79402211630375,178.08133238360375,15732565
2016-04-05,166.39276123046875,175.5991924784686,165.44503732866266,175.01249969522942,36635637
2016-04-06,165.9414520263672,167.43072248558653,164.45216779469462,166.97942673764695,16350631
2016-04-07,164.22653198242188,167.56611800796168,163.3690727528508,165.89633188141892,19430601
2016-04-08,165.26454162597656,166.03173628822356,162.64701749827967,163.9557726759001,15805231
2016-04-11,169.912841796875,170.49952073500134,164.27164519007306,165.94144489466748,18990364
2016-04-12,169.5067138671875,171.71806064531677,168.15282639823624,170.13852526487364,14563344
2016-04-13,173.2073211669922,174.9222534569598,172.21447867828383,172.8914223729528,17573045
2016-04-18,168.55897521972656,172.84628516507436,167.5210004261504,172.80115283221141,13985439
2016-04-20,169.05538940429688,170.27387965645357,166.16709938100118,170.00311322649867,20163005
2016-04-21,175.41868591308594,178.17157932132469,171.4924068782081,171.9437026857823,31008152
2016-04-22,180.65371704101562,181.8722213031456,172.89143695110428,174.74175262704185,34049763
2016-04-25,177.85565185546875,182.81990493872365,176.72741251836536,181.37575307825017,23835613
2016-04-26,181.3757781982422,181.78194166136126,175.59919750121517,176.86282022479773,21809451
2016-04-27,177.0433349609375,181.33064501565133,176.45665593611645,181.33064501565133,22801603
2016-04-28,173.34271240234375,178.89364500496995,172.57550406492845,177.58488999330933,24555479
2016-04-29,170.58981323242188,175.1027712544436,168.2882018866998,173.2073233762125,21021661
2016-05-02,167.88204956054688,170.09339638360055,167.43075372839488,169.32620173241563,14469844
2016-05-03,166.1219940185547,170.90573246280147,165.7609490992508,168.78463660081442,16247931
2016-05-04,162.42135620117188,166.43788607992735,161.69928016429952,165.62555914623024,17826594
2016-05-05,162.78237915039062,164.9034608678299,161.11257940111773,162.69211449328554,17742028
2016-05-06,166.39276123046875,166.9343079083191,162.5567470627643,163.32394163283254,18336962
2016-05-09,170.3190460205078,170.95085743741302,167.02459192149473,168.3333470934675,13863696
2016-05-10,171.04107666015625,171.76315256149698,168.51381789168985,169.32615844536778,13845979
2016-05-11,166.97943115234375,170.13850147144214,166.16710429355703,167.34046225125925,18128414
2016-05-12,170.13853454589844,171.04112624110212,167.34049478178443,168.87491168159576,17398341
2016-05-13,166.84405517578125,169.64208074496807,166.34762706388312,169.64208074496807,15546644
2016-05-16,159.5782012939453,166.9794498291801,158.08891685632008,166.9794498291801,30937008
2016-05-17,159.6233367919922,161.20287215950853,158.17918466128077,161.11260748666828,22183140
2016-05-18,162.42135620117188,162.87265200266023,156.64477545110273,159.66844905760186,25345278
2016-05-19,155.8775634765625,163.36907636259795,155.15548745638054,163.36907636259795,25480517
2016-05-20,154.65908813476562,157.68276196523067,153.9370120444085,156.59965471592295,16720624
2016-05-23,151.99642944335938,155.87757632074283,151.8159138665532,155.5165451671305,16193112
2016-05-24,152.98927307128906,153.80159998569462,150.1912336595285,152.3574617187009,14816798
2016-05-25,158.04380798339844,158.6756194021345,154.74934010238275,154.7944724406759,18900887
2016-05-26,166.2122344970703,167.43073864307723,156.59963964729866,158.04379168905095,30700988
2016-05-27,176.81768798828125,182.68453335700104,163.8203745265608,166.07685351452997,85585820
2016-05-30,179.48033142089844,184.03840763378872,175.64431741473476,180.69882172408992,46075949
2016-05-31,184.98614501953125,185.66308871716734,177.0884685471102,179.43521220789722,39457647
2016-06-01,178.9387664794922,188.00981389032032,177.44949600011967,185.88871833731974,41868032
2016-06-02,181.01473999023438,182.59427521916757,176.5017821932824,178.57774553437113,23499884
2016-06-03,179.78025817871094,184.85542708680984,178.6829107845095,183.80381877961048,24568749
2016-06-06,181.8834686279297,185.2669330564443,180.23747549912412,180.55752351712462,23623536
2016-06-07,192.17100524902344,193.08545212425716,183.02653649668633,183.30087334992686,66063192
2016-06-08,192.67391967773438,193.7712529428883,189.79341811253656,192.17097119481187,35163093
2016-06-09,191.9881134033203,194.59429250765632,190.47928168187417,192.03383853649933,27858182
2016-06-10,188.33033752441406,193.40552064404167,187.7359526167781,191.43946537722812,25598224
2016-06-13,184.53536987304688,185.26693011498517,183.07224938917028,184.26103303815114,21192525
2016-06-14,189.9305877685547,190.7535982180963,186.3642510139247,186.86719951864177,23918910
2016-06-15,197.56622314453125,198.93789326964486,190.70787251896328,191.80520582838415,48362742
2016-06-16,197.52052307128906,199.80664023646602,194.82290760705064,197.52052307128906,48122379
2016-06-17,195.18869018554688,198.89220296241405,193.49697177374014,198.20636777978504,26486677
2016-06-20,197.42906188964844,198.16062213273548,190.11348736548027,190.2049376283728,32633757
2016-06-21,195.6916046142578,198.8921682411265,194.91431929496395,196.6060513647917,18960306
2016-06-22,194.68569946289062,196.83465481808642,193.35975452075576,195.69159642773747,16395548
2016-06-23,198.93789672851562,199.34939498253428,194.54854946116592,194.77716115265966,20666649
2016-06-24,193.17689514160156,194.18279224793983,185.1754852836654,188.2845989614086,47224652
2016-06-27,198.57212829589844,200.12669910670917,192.53678744575984,192.76539915872007,29021651
2016-06-28,197.42906188964844,199.94379063233126,196.97183848188794,198.20634726418174,21784062
2016-06-29,198.61785888671875,200.08097947120788,197.61197569406545,199.25796890992575,18019568
2016-06-30,200.08096313476562,202.91573984989722,199.2579526406816,201.17829650686014,30600995
2016-07-01,200.81251525878906,202.09273514898095,200.1723913603428,201.909848586575,15346865
2016-07-04,203.921630859375,205.15613958717327,203.00718408422085,203.32724603686498,16534518
2016-07-05,204.37887573242188,205.887707488703,202.59570712408456,204.15026401460037,15357018
2016-07-07,201.2240447998047,205.38478101988468,200.58393475518142,204.74465702190892,12917872
2016-07-08,199.62374877929688,201.95559102150634,197.97774166989305,201.31546706820654,16017389
2016-07-11,205.4761962890625,206.1620313994755,203.00719268224594,204.47031316580075,15831791
2016-07-12,207.30506896972656,207.7622923304685,204.97322703927273,205.7505123338739,19374179
2016-07-13,208.2195281982422,208.95108841004154,204.79035278669886,207.5794182454242,18377333
2016-07-14,212.1516571044922,212.92894246401707,206.66497631730704,207.57942311517124,21208021
2016-07-15,211.69444274902344,214.34633299477647,211.0543327538435,212.97466273938323,15068302
2016-07-18,209.17970275878906,213.8433869590138,208.67675423470982,212.51742795370927,11816985
2016-07-19,209.95700073242188,212.2888290193716,207.57943335930077,210.3227738882783,19767339
2016-07-20,211.37437438964844,212.83749486587777,209.5912059021727,210.91715098499563,18051608
2016-07-21,206.34490966796875,212.24310254284964,205.20185119661207,211.83159033048085,13306837
2016-07-22,204.37887573242188,206.5735426421675,203.09865569396223,206.1163192065245,12341622
2016-07-25,210.23130798339844,211.2372050172015,203.64729399431158,203.92163081747157,18427070
2016-07-26,207.30506896972656,212.33452593788792,206.57350880186954,210.3227459412933,14162638
2016-07-27,209.63694763183594,211.23722967482706,207.3965555623188,208.26527730927214,17626617
2016-07-28,211.23721313476562,215.03216181537016,209.68265634825357,210.4599277648341,26838284
2016-07-29,209.7740936279297,212.7917709059172,208.8596468135911,210.32276729787324,15577230
2016-08-01,207.853759765625,212.74604175796125,206.0248661714767,211.05432355538454,16071228
2016-08-02,208.5395965576172,211.14576157844067,207.8537614542398,209.68265506324613,16145066
2016-08-03,207.25936889648438,210.77999478111028,206.48209746127634,208.95110111706592,14838944
2016-08-04,206.34490966796875,209.13397512874914,204.10451785477974,208.9053634344778,17810908
2016-08-05,212.83750915527344,213.88911747523693,207.48798938034147,207.89950163483772,21264296
2016-08-08,213.29470825195312,215.71798660144975,211.87731297343512,213.9348181977305,16972827
2016-08-09,215.03216552734375,217.63834456247864,212.74604846261184,214.20916896538077,19854185
2016-08-10,211.69444274902344,216.63245008709853,211.28294446307572,216.49528864289977,16279843
2016-08-11,207.71658325195312,211.78588263963107,206.75642528289274,211.69443237907737,16673286
2016-08-12,222.4849090576172,226.73708109296945,205.20185617904977,207.5794234385408,86616475
2016-08-16,225.63975524902344,226.69136352193368,221.89051766557148,224.2680850043485,27709873
2016-08-17,225.18252563476562,228.42881458179485,223.39935715644984,225.3654122050171,18294050
2016-08-18,227.14859008789062,228.97748377282807,225.45687180133436,225.77691982418753,14314950
2016-08-19,236.38450622558594,237.75617647447717,231.81227206261525,233.18394231150646,39822529
2016-08-22,233.0010528564453,238.1219466836824,232.26949260873968,237.5732730095654,19769886
2016-08-23,232.95530700683594,233.91547887447229,229.52613173195613,233.09246843649117,17583721
2016-08-24,232.63525390625,234.2812748447582,231.81225739034633,233.13820242301352,11560293
2016-08-25,228.7488555908203,233.686876556593,227.33147424973555,233.092477779778,21230706
2016-08-26,225.50259399414062,229.25181762737105,224.81675887123066,228.8860444764929,16531983
2016-08-29,227.7429656982422,228.47452588833423,223.35361851103997,224.81673889122405,11786129
2016-08-30,230.66920471191406,231.26358954905834,228.42881284829605,228.7488608554696,15323228
2016-08-31,230.89779663085938,233.91547359531873,229.70901310506028,231.58363167035697,15601566
2016-09-01,230.44061279296875,233.04679197137287,229.66332736688975,230.3948876584902,12175873
2016-09-02,232.81814575195312,233.3668054243358,230.12051670434266,230.44057864491168,11380257
2016-09-06,237.8476104736328,239.127830370375,234.09837313505162,235.19572042180246,16620963
2016-09-07,243.97439575195312,247.17495956080327,238.12194179711037,240.40805880343189,30862337
2016-09-08,245.3917999267578,248.36375197305034,244.0658409280391,245.07173797120146,14339143
2016-09-09,241.50540161132812,245.43751162596283,240.8195665222615,245.43751162596283,11455826
2016-09-12,231.12644958496094,236.61313088074635,230.257727837132,235.47007227745772,18989750
2016-09-14,235.51576232910156,235.92727455204744,231.35504054910078,233.18393415027944,12754966
2016-09-15,234.098388671875,236.24734430547687,232.45238158585562,236.24734430547687,7783662
2016-09-16,232.54380798339844,239.58504506682996,231.72079754818185,235.88154694507983,18013477
2016-09-19,233.7783203125,236.20159876643706,233.3668220405759,234.09838227585814,11433295
2016-09-20,232.68096923828125,234.4641375832232,231.9494090586423,234.4641375832232,9914599
2016-09-21,229.66329956054688,234.32698364566411,229.2060761778236,232.72670180613275,12817180
2016-09-22,235.8358154296875,236.33877789513505,233.2753756469204,235.8358154296875,20797370
2016-09-23,232.77243041992188,236.65881527790242,232.08659533556934,236.65881527790242,12730223
2016-09-26,230.12054443359375,232.68099840662774,229.20609758274958,232.22377498120565,8800173
2016-09-27,227.69725036621094,232.17803404910535,227.05714040484756,231.49219895764085,11345387
2016-09-28,232.04087829589844,233.9154970491562,226.8285342637642,228.61170275457974,17277539
2016-09-29,226.09695434570312,234.78419829427412,222.66777910284614,233.18391651427422,27870695
2016-09-30,229.7547607421875,230.89781925334265,224.77102842422119,225.73120036426172,14826293
2016-10-03,233.45828247070312,234.6927773402435,231.0349899578693,231.35505193516767,9314647
2016-10-04,237.52755737304688,239.5850626823418,232.08660167913717,233.91549528739932,21532806
2016-10-05,238.53347778320312,242.23697653969916,237.344680077469,239.58508612953,20868556
2016-10-06,234.82992553710938,239.5850600286019,233.77831730534703,238.9906751938407,11081154
2016-10-07,236.56741333007812,237.66473281566905,233.41256050725946,235.2414542232811,11934100
2016-10-10,234.6470489501953,238.0304852867077,234.14408647798737,237.16177759113197,9399844
2016-10-13,228.29164123535156,233.50399923101912,224.81675450937453,233.13821213388664,18050638
2016-10-14,230.5320281982422,231.85797317748302,227.7886879846337,229.5261312052458,12133951
2016-10-17,231.5379180908203,234.50988403020867,230.4405847635686,232.0408666022045,16865537
2016-10-18,234.92138671875,235.65296093198174,232.08660989757172,233.09249304572478,20218355
2016-10-19,233.54971313476562,235.92728045714713,233.04677854453405,235.92728045714713,9546481
2016-10-20,237.93905639648438,238.57915237984187,233.45825893283077,233.8240320528494,14179531
2016-10-21,236.38450622558594,237.52756476632862,234.18983940870055,237.52756476632862,8833390
2016-10-24,240.4538116455078,242.23696626844344,237.11605829994238,237.11605829994238,14483254
2016-10-25,239.08213806152344,241.9169009470481,238.44201410928713,241.41396634650738,9079178
2016-10-26,236.6131134033203,242.19124455668106,234.82993095122313,238.12194506687064,15020687
2016-10-27,233.54971313476562,236.01873072083532,232.5438300009513,235.92728045714713,10938008
2016-10-28,235.92727661132812,236.6588228955042,232.26948937704395,234.00693273198854,11430184
2016-11-01,236.79600524902344,238.5791597290552,234.55559947150795,235.01282286229062,10000632
2016-11-02,229.5718536376953,234.09836214633935,229.11463027412825,232.36091894612437,13716294
2016-11-03,224.6338348388672,231.17213736517988,223.90228861365304,229.66329188063855,12902390
2016-11-04,222.07342529296875,226.23414733880253,219.74158301181188,225.18253903227676,12657669
2016-11-07,231.08070373535156,232.1780371054698,224.49668956129142,226.78280656293387,11224419
2016-11-08,231.03497314453125,232.36093213682778,227.37718602834886,231.99514505319925,9367228
2016-11-09,237.75616455078125,238.7163225141712,214.8949948824369,214.8949948824369,31761606
2016-11-10,257.23388671875,259.8858048985602,242.55702599733252,244.15730797846476,50227559
2016-11-11,249.64395141601562,264.09219824737653,247.35783464480667,254.90201998979617,57937113
2016-11-15,254.3991241455078,259.19997009503993,247.54077278903333,251.61004451651965,48658808
2016-11-16,253.4846649169922,260.43443829340845,252.52447902996238,259.70289201379677,27532708
2016-11-17,253.71331787109375,258.0569408909711,252.02158542937926,254.21625253176546,19500760
2016-11-18,252.20440673828125,256.04509431569693,251.33569905515907,254.3533622183424,13389671
2016-11-21,235.3328857421875,253.8504331416713,233.96121556444797,253.43892092566895,26002028
2016-11-22,235.3328857421875,240.1794425408534,229.6633045115169,238.48771040696772,25631435
2016-11-23,236.52166748046875,238.07623825731983,232.95533041753689,237.57327575577264,16190033
2016-11-24,239.3564453125,240.49950379059217,232.77243126935923,235.74436935904828,28927720
2016-11-25,238.62490844726562,241.87118349021904,236.24734113785496,240.9567366717305,19303589
2016-11-28,231.85797119140625,235.6986446668893,226.78278904903414,231.76652093706272,22315183
2016-11-29,231.08070373535156,234.55560436851832,230.44059376556186,232.49809906704007,12656706
2016-11-30,236.24734497070312,237.893338108006,231.08071199040938,232.26949566440138,16501691
2016-12-01,233.7783203125,238.6706163046835,232.86387350673493,237.4361075355603,12986151
2016-12-02,232.36094665527344,239.03639739672343,231.3550495541323,232.22377125783524,21139754
2016-12-05,234.92138671875,235.7443832902708,231.5379362143236,232.63526962746846,8406973
2016-12-06,236.9331817626953,237.8933397817603,234.4184529533602,236.3845080774998,10048459
2016-12-07,233.7325897216797,240.27087825850657,230.12051397623642,238.07621168829397,22193202
2016-12-08,237.6647186279297,238.21339229132298,235.9729864602594,236.33878750698943,9047721
2016-12-09,243.83721923828125,244.3401816925986,236.6588067008789,238.48770019286928,16004173
2016-12-12,241.09390258789062,246.30626071269808,239.85939377867803,245.89474847405964,14296268
2016-12-13,243.37997436523438,243.92864794570198,239.17351412391275,242.2369160337175,9084137
2016-12-14,240.40806579589844,243.47146825481124,239.8593921170823,243.24285654752973,8672531
2016-12-15,242.69418334960938,244.61452727591973,236.84172921294657,237.6647257794503,12274497
2016-12-16,242.09979248046875,243.56291295498664,240.54522174378687,243.56291295498664,11017555
2016-12-19,238.9906768798828,241.87117871997125,238.53345347965603,240.81957048078996,8371299
2016-12-20,232.77243041992188,240.40805265370315,231.58364681637403,239.44789469829,12765309
2016-12-21,233.5039825439453,235.92726084336076,232.3609241096267,234.18981760453647,8778450
2016-12-22,228.42880249023438,232.49808776466867,227.10285748440972,232.49808776466867,12981595
2016-12-23,227.8344268798828,230.25771940209341,226.59993200556565,228.38310057070262,10557157
2016-12-26,223.30792236328125,227.05716010322644,222.759262614521,226.78282325217037,8592983
2016-12-27,227.4686279296875,228.56596123355268,222.3020093992577,223.67367951742668,8756536
2016-12-28,226.55419921875,230.89782160538599,226.0055255464661,227.92586944610875,11747088
2016-12-29,226.46273803710938,227.5600853287707,224.4966830540253,226.46273803710938,10658616
2016-12-30,228.7946014404297,230.71494542658778,226.09698599576132,226.55420942547974,10538497
2017-01-02,222.75926208496094,231.94944192335248,221.84481521918252,230.89783360904804,25988990
2017-01-03,223.94801330566406,225.3196834907621,220.47312666609628,223.1250167759455,15963085
2017-01-04,222.11912536621094,225.31968921271744,221.47901538757986,224.77102949675552,11225978
2017-01-05,224.35952758789062,224.86246216437283,222.85068199839162,224.03946562708305,11970913
2017-01-06,224.86245727539062,227.6972478703781,224.49668414529245,224.9539075345904,12354302
2017-01-09,225.91409301757812,227.10287669185487,224.95392105168722,225.31969420376407,8329253
2017-01-10,227.05712890625,227.69723883519703,225.31967172385097,226.508455279524,9352013
2017-01-11,230.57774353027344,231.5379154130204,227.69724183538273,228.291626644376,13415303
2017-01-12,229.7547607421875,232.68098774007453,229.1146507666108,231.26359239557192,11282323
2017-01-13,229.43470764160156,230.98927843951196,227.78871448462834,230.44060475161987,9333736
2017-01-16,233.86976623535156,234.46415106673066,229.25180716124635,229.57186911866626,13234727
2017-01-17,234.098388671875,236.5216671920207,232.63526816133526,235.42434773914283,9480201
2017-01-18,236.24734497070312,237.11605271833972,234.6470630123854,235.10428642904762,8048897
2017-01-19,236.29306030273438,239.58507454190266,234.5556168702215,235.19574082748036,13029151
2017-01-20,229.5718536376953,238.213372418443,228.8860185923447,236.3844789641747,15341756
2017-01-23,232.40664672851562,233.36681865129415,228.70314838163523,229.52614491353071,9339939
2017-01-24,233.09246826171875,235.01281199555154,232.26947177770464,233.27536877225512,13540202
2017-01-25,237.0246124267578,238.67060543952257,232.45236465272703,233.68687336565088,16343545
2017-01-27,243.65435791015625,245.25463978971368,237.29894156866186,238.03048783663615,18039379
2017-01-30,241.3682403564453,244.98028841755954,240.865277880064,243.10568366871428,11884795
2017-01-31,238.07623291015625,241.27679674979848,237.43610897954701,238.80777919653653,8899165
2017-02-01,247.5407257080078,248.63804497231715,239.21925539684744,239.58502848495056,27253142
2017-02-02,249.91830444335938,251.47287519817445,245.71187140176988,248.59237329997217,20139955
2017-02-03,253.80465698242188,254.71910363399854,248.7294892288503,249.64393588042694,15366890
2017-02-06,253.34747314453125,258.3312193350924,252.3873151734,256.0451023498261,14725291
2017-02-07,254.12477111816406,256.0451150624732,252.66165059360935,254.07905993886976,10981984
2017-02-08,253.4846649169922,255.3592697001857,249.2782040424706,254.30766145823077,13622088
2017-02-09,252.25015258789062,256.31942405912866,247.6779186381616,254.94775387420995,16080181
2017-02-10,252.7073516845703,258.6055161685802,251.47284305550357,254.9020181880786,37580487
2017-02-13,248.40948486328125,254.44483974311083,247.08355365536266,254.03332749189607,19853043
2017-02-14,247.0835418701172,249.6439818028501,245.16319796721635,248.72953498305947,13306738
2017-02-15,245.94046020507812,249.1867349472152,244.20298908559104,247.76935367258062,12201568
2017-02-16,247.35787963867188,253.30178432499855,246.5805942137345,253.30178432499855,21794688
2017-02-17,246.3062744140625,250.23838486259558,244.79744263296047,247.952267646773,17830528
2017-02-20,246.58056640625,248.31800969113058,245.0717348142932,246.80917809917378,9229363
2017-02-21,247.5407257080078,248.27227188421404,245.66609328309542,246.90060187380402,7754157
2017-02-22,249.0038604736328,251.19855518947284,246.44342051408952,248.638087323227,12617613
2017-02-23,247.3121795654297,249.64400803826993,246.53489410558123,248.45523821029357,13146194
2017-02-27,245.30035400390625,248.2265949254406,244.70596916547944,247.63218218031213,9645350
2017-02-28,246.16909790039062,248.04370273998413,245.07175054125622,245.89474710725574,7941592
2017-03-01,248.50091552734375,249.9182968911301,246.7177331216887,246.90063364262303,7656892
2017-03-02,244.43162536621094,251.19855420228672,243.70007906827422,249.6439834357931,14220808
2017-03-03,242.37413024902344,245.89475625834027,241.6425839201774,243.47147764899614,10120034
2017-03-06,246.7634735107422,247.22069690879556,243.56290972436864,243.79152142339532,9515073
2017-03-07,244.8888702392578,247.72366122891103,243.60865015232878,247.63221095697932,11599142
2017-03-08,246.80921936035156,247.17499254883884,243.24288193586605,244.88887523741153,9122987
2017-03-09,249.8726043701172,250.46698924747943,245.4375315199931,245.98620521705956,15594429
2017-03-10,248.77525329589844,251.9758172569535,246.44342500123955,251.01565923131818,9557026
2017-03-14,251.15284729003906,254.58202332596724,250.37556180722078,254.58202332596724,15734886
2017-03-15,253.621826171875,256.5023280174688,249.32391503884813,249.32391503884813,20055974
2017-03-16,255.40496826171875,256.2279926690051,252.43301629920782,254.21619863939452,18005184
2017-03-17,250.69558715820312,255.58788316871204,250.10120231356976,255.5421719909333,14265642
2017-03-20,250.4669647216797,251.2442500575199,248.5466209233394,251.2442500575199,9678185
2017-03-21,249.04962158203125,253.34750531608148,247.0378272168469,250.92422658531734,11898233
2017-03-22,244.61451721191406,247.81508098851853,243.97439329391258,247.17495707051705,9887203
2017-03-23,245.52896118164062,246.35195770481985,243.88296813528214,245.9861845730403,7998170
2017-03-24,252.84454345703125,255.08494930857182,245.66613040322179,246.44341577457476,20133467
2017-03-27,255.5421905517578,256.7766715084675,251.65579133041743,252.38733766822344,15966114
2017-03-28,257.9654235839844,258.69696979245725,254.6734098324584,256.6394646860909,18673371
2017-03-29,263.772216796875,265.0981480444266,258.92563153192594,258.92563153192594,31008407
2017-03-30,266.1496887207031,268.6187058606545,264.1379228165737,264.27508423397154,19683170
2017-03-31,268.29864501953125,269.7617652599075,263.8178619575706,267.01842527421354,20185269
2017-04-03,268.0700378417969,270.4018936126927,267.2013302424693,269.5788692778483,10509610
2017-04-05,271.9107666015625,273.1909865639527,264.869514948363,268.2072402488918,21936647
2017-04-06,267.7957458496094,272.09362898354965,266.51552593538673,270.1733130655663,18413111
2017-04-07,264.6866455078125,269.57891371189066,263.0406244735121,266.74415087066114,10765502
2017-04-10,264.59521484375,265.509661739421,262.0347467918484,265.0066992027792,10307875
2017-04-11,269.3045654296875,269.8989502304504,264.0922078393362,264.54943121018454,11682024
2017-04-12,265.3267517089844,270.17333682673984,264.3665936655488,268.847377712754,13251421
2017-04-13,266.60699462890625,268.0244041322403,265.1896130322782,265.4182247676508,9944020
2017-04-17,265.09814453125,267.70432371666425,263.81792448251963,266.19549194827835,8146800
2017-04-18,265.4638977050781,271.4992522307079,263.72645434791093,266.1497328123837,13457050
2017-04-19,259.7486267089844,266.78987889124653,258.69701837181645,266.6069783514329,18149995
2017-04-20,260.4344177246094,262.35476144030076,258.0568785502957,259.61142124837005,14514929
2017-04-21,258.0569152832031,262.4462490524087,255.35928588113285,262.4462490524087,12042308
2017-04-24,261.5775146484375,263.2235357499497,256.8681188736263,259.01707458835676,10077853
2017-04-25,261.5775146484375,264.0922435279361,260.61735660258313,262.9034737657637,11531902
2017-04-26,261.9433288574219,264.73238077370286,259.10853785156104,262.5377137683189,13836891
2017-04-27,257.919677734375,263.3149355303687,257.00523104443687,261.9432654954615,22622372
2017-04-28,264.9609680175781,265.8754148442134,258.33122852447224,258.7884519377899,14152004
2017-05-02,263.6349792480469,267.47566664980064,262.5376599237596,265.41816152172527,9754789
2017-05-03,265.00665283203125,268.11579405864023,261.34886588938514,264.6408797191066,13950914
2017-05-04,273.46533203125,274.33406774178076,268.02438976506073,268.8473863869452,24534923
2017-05-05,270.67626953125,278.8148409729773,267.15564355229003,275.24850381387245,34756331
2017-05-08,273.78533935546875,275.0198479951408,268.755882451152,270.76767637555827,11560550
2017-05-09,271.13348388671875,275.1570443394476,269.9904253543127,275.1570443394476,7843574
2017-05-10,269.2588806152344,272.6423171467246,267.9329215472852,271.5907088721628,8699405
2017-05-11,272.5965881347656,273.7853577749013,269.25886300050695,270.58479407501204,11934889
2017-05-12,272.4136657714844,276.7115764150576,270.6762226265053,274.3340094187554,13376269
2017-05-15,275.6142578125,276.1629314696077,272.047920901352,272.87091743366284,10383539
2017-05-16,281.1923828125,282.0153793271964,273.7396471908422,276.1629255589431,17533439
2017-05-17,281.3295593261719,282.38116759057704,279.36350423937927,281.64962129534797,14120513
2017-05-18,277.0316467285156,281.5581412769564,276.16291117637377,278.7690899260999,15471393
2017-05-19,281.6496276855469,288.3250784777504,276.1629466267375,278.4033525550992,55250969
2017-05-22,269.1216735839844,282.9298254095469,268.1158044610904,282.5183411065541,35771221
2017-05-23,264.137939453125,270.58477763715155,262.6748191264334,269.76178117423103,19846852
2017-05-24,258.9256286621094,265.6011076345521,257.5539583412011,265.23530655694657,16435958
2017-05-25,265.281005859375,266.4240642887013,259.29136294568553,259.8400365731021,15018467
2017-05-26,266.1576232910156,268.51053943480326,263.2510433781197,268.0491811196232,12304394
2017-05-29,262.0515441894531,268.37215924978216,261.4056312323968,266.57285041161026,10619968
2017-05-30,266.52667236328125,267.3571115992468,259.32946661374183,261.4978560669827,9643418
2017-05-31,266.0191955566406,268.97190006281346,265.00422978177846,266.6651084670775,10697171
2017-06-01,265.2348937988281,268.87960741656434,262.60514589800863,265.6962520916359,12186700
2017-06-02,264.86578369140625,268.04916716404136,264.21989897922725,267.49553158283413,12004368
2017-06-05,265.0503234863281,267.3571148134502,264.58896522090373,265.7884854473777,7917410
2017-06-06,265.0964660644531,270.30983734529417,264.4505813444107,269.4332453177875,12346121
2017-06-07,268.0953063964844,268.9718984612754,265.00422820386507,265.9269448366653,10864355
2017-06-08,266.2959899902344,269.4332204873824,265.51167532617904,269.4332204873824,8370299
2017-06-09,266.2498779296875,267.03419271351936,263.7124071437522,266.0191987673297,10804887
2017-06-12,262.9281005859375,264.8196583102376,262.32831228201644,264.58897916536813,10326846
2017-06-13,261.91314697265625,264.8196990129335,261.1288321277358,263.3433466270385,9171049
2017-06-14,262.2360534667969,264.1737356848811,260.7597013623393,263.8046546985352,11566255
2017-06-15,262.0515441894531,263.7124229946279,259.60635055330397,261.9131423155351,11925641
2017-06-16,263.8508605957031,264.4967454122064,261.3595141574022,262.6974646815045,19246907
2017-06-19,266.52667236328125,267.44938888303705,263.251011822704,264.45056019383065,14848661
2017-06-20,267.6800842285156,268.51052351478756,263.52785963808077,265.3732927893851,14927701
2017-06-21,268.4182434082031,269.84847098089807,265.97305014020355,265.97305014020355,10537576
2017-06-22,271.7400207519531,273.03181827481654,268.55663742858076,268.74119200002156,26110402
2017-06-23,266.61895751953125,272.70886420247757,265.5578109632208,271.9707022285066,20648597
2017-06-27,258.0376892089844,267.08032870210485,255.40794129111066,266.89577412015467,25523129
2017-06-28,255.03887939453125,256.93046544447867,252.59368587540678,256.14615065104084,17241351
2017-06-29,251.3941650390625,257.71475162672675,250.6559748163252,255.7309164414486,30457363
2017-06-30,252.50140380859375,253.51639774804468,248.8566899629854,250.97892697895597,12235472
2017-07-03,253.6086883544922,254.20844857230256,251.48642306806022,252.91665083569282,8951033
2017-07-04,251.901611328125,255.08499460304392,251.02501936573466,253.74704437814788,7856082
2017-07-05,253.65478515625,254.30069803338208,251.30186911355227,252.73206856553315,10048734
2017-07-06,259.28338623046875,260.85201584496053,253.37800512963315,253.79321073882574,16115817
2017-07-07,258.4529113769531,260.5751481790635,257.62247211347835,258.914269652114,5914038
2017-07-10,263.48175048828125,264.81970100787635,261.3133887041566,262.143828127766,2095795
2017-07-11,261.63629150390625,267.3110213562265,261.1288086165156,265.28103348850965,12400820
2017-07-12,265.4194030761719,266.1114404706825,261.3133314308528,262.69740621987415,7524835
2017-07-13,266.43438720703125,267.5877828226461,264.40439965992005,266.5727890490905,8434324
2017-07-14,269.0641784667969,270.90961175098744,265.050355441867,266.4805549734838,13750192
2017-07-17,270.3559875488281,271.37098152980326,267.2648810354815,270.17143294898597,10549310
2017-07-18,268.510498046875,273.4931614509819,267.5877815587414,269.29481269360303,11913832
2017-07-19,270.63275146484375,271.27866431016434,268.8795956606405,268.97187294698267,9006728
2017-07-20,268.4643859863281,271.509339275319,267.6339185810817,270.35594361144763,6256500
2017-07-21,268.18756103515625,269.6177885906175,265.97304693533266,268.55664202528106,7266604
2017-07-24,271.78619384765625,273.4009480793478,268.23375706519806,268.32600620831715,11195781
2017-07-25,273.2164001464844,274.32364320854447,271.87844976753354,273.12412285154346,10846999
2017-07-26,272.9395751953125,276.4920399477059,272.432092298861,273.3548089535565,12527914
2017-07-27,275.29248046875,276.676555254255,273.3086455746743,274.0468075299808,22286060
2017-07-28,275.98455810546875,277.5070349597165,272.75504980169814,274.04684749139085,15766196
2017-07-31,288.3489074707031,289.59458038279115,274.9695181640625,276.2613156377167,41547584
2017-08-01,285.1194152832031,290.47116003459786,284.15057416480266,289.732998054776,14888804
2017-08-02,283.9198913574219,287.7030066539667,281.7053491284235,286.0421281412921,17005571
2017-08-03,277.32244873046875,283.6430627501046,275.98452662411194,283.27398176073285,14459919
2017-08-04,281.6592102050781,282.6280512615648,274.6004346474779,277.0917522894748,9615344
2017-08-07,287.1494140625,287.7030214892219,281.5669617977321,282.1667219493979,11420767
2017-08-08,280.1828918457031,287.7030265545491,277.9222530559193,286.96486453320665,13578680
2017-08-09,278.9372253417969,283.6892385025944,276.90726565592655,279.3524590879696,15852734
2017-08-10,273.77001953125,279.0294871222404,269.433240357752,277.9222441258044,14519518
2017-08-11,258.4990539550781,279.5831342310501,256.00773599103934,271.74004300674676,67652562
2017-08-14,256.69976806640625,260.57516087107456,255.1311385908251,259.69859700101813,23773509
2017-08-16,261.2210693359375,261.9592313360421,253.00889740870386,257.4840502928353,21074533
2017-08-17,259.1449890136719,262.69745391563237,258.36067419234365,261.86698636417964,12134114
2017-08-18,257.1611328125,258.0376967045368,254.66978667918175,256.5152199159874,12653217
2017-08-21,253.42413330078125,258.96043344130766,252.22461286729865,257.43795653447864,9247153
2017-08-22,252.7320556640625,255.59248258108076,250.2407378917492,254.66976603746676,11814388
2017-08-23,257.43792724609375,258.08384011930195,253.008898901189,253.51638175937012,11317821
2017-08-24,258.637451171875,259.69859778690176,256.0538559609445,258.08384374030123,14138226
2017-08-28,257.7608947753906,260.2983654936467,257.43793832488814,260.2983654936467,10505317
2017-08-29,255.59251403808594,259.1449788000337,254.7159219501365,256.930464454624,10335964
2017-08-30,255.22344970703125,257.6686433767313,254.66981404468342,256.5152474797898,7648702
2017-08-31,256.2845153808594,257.899269303151,253.0088829735544,255.4540761383527,14222467
2017-09-01,256.3768005371094,258.729716489634,255.22340484291607,256.1922459624086,8255209
2017-09-04,256.2845153808594,257.99154658766815,255.03884243756252,257.3917864769174,7168751
2017-09-05,255.17727661132812,257.8993019745111,254.62366915224038,256.6075043048442,9565430
2017-09-06,253.05502319335938,255.26953736341872,252.5013876110757,254.62365264998394,7306781
2017-09-07,253.00889587402344,255.5002137285713,251.9939020107298,254.11613886746412,16102724
2017-09-08,250.79434204101562,254.11612718679922,250.14845736429933,253.6547689209702,7077895
2017-09-11,250.01007080078125,252.3629868367256,248.71824505022494,251.5325475392791,14489224
2017-09-12,252.31687927246094,254.3468390075481,249.59485389061436,250.97892886597822,8375133
2017-09-13,252.2707061767578,255.2234104827706,251.4402668904027,253.70093376460704,10150073
2017-09-14,253.00889587402344,254.30069344590845,251.25571185602757,252.2707057193212,8015217
2017-09-15,250.51756286621094,253.28571273213592,249.04121063923563,249.82552539972968,18404860
2017-09-18,249.50257873535156,252.82436433655243,248.6260148055437,251.90164767838985,17538678
2017-09-19,247.103515625,249.87166566482782,245.85787063434014,249.5487373541106,14331316
2017-09-20,249.17962646484375,251.02505981221256,246.78058564052682,247.426470416659,12355806
2017-09-21,247.74940490722656,250.42527739172783,246.68828645843348,248.90280064701813,8509419
2017-09-22,241.61334228515625,246.7344080443485,240.9213048496397,246.59600618906026,12860892
2017-09-25,238.7529296875,241.56720416511314,234.73910668702516,241.29040043780194,13937050
2017-09-26,238.29156494140625,239.58336256580773,236.21545256534367,238.5222440943021,11728345
2017-09-27,231.04823303222656,239.81404080901729,230.21779371676686,239.81404080901729,17080769
2017-09-28,233.03207397460938,233.9547905501734,230.21778560323148,230.90982303490452,17776419
2017-09-29,234.2316131591797,235.75408990837755,233.49343706762946,235.0159138168273,10073641
2017-10-03,231.87869262695312,236.58453900627472,231.23279379993312,236.58453900627472,10547836
2017-10-04,233.6318359375,234.9697721665863,231.92481870712703,232.20162241832318,14063896
2017-10-05,232.15550231933594,234.46229382060304,229.94097403039675,234.0931987326775,13476692
2017-10-06,236.90748596191406,237.9686044152253,232.61685942343556,232.66298398959333,11932139
2017-10-09,236.99974060058594,238.61449448882948,234.60067204909524,236.9535878797637,8009211
2017-10-10,237.092041015625,238.24543676261857,235.9386311890935,236.99976372405035,9742878
2017-10-11,232.2938995361328,238.47611189963223,231.0943651635342,237.27656344749596,14192548
2017-10-12,231.78640747070312,233.40116152325714,229.29507546267024,232.52458356777828,13404759
2017-10-13,232.61683654785156,235.61566518917294,230.86366674058792,231.6941200428296,15697555
2017-10-16,232.57073974609375,235.01593329247686,230.7714450535157,234.92367007309846,12171830
2017-10-17,231.74026489257812,235.01591158808588,231.27890659967667,232.57071826752335,13505216
2017-10-18,224.9121856689453,228.6491909544294,223.8049284938675,226.98829815204326,20677891
2017-10-19,223.98944091796875,226.29623227654722,222.5130888166637,224.95829610447913,3458869
2017-10-23,226.94215393066406,227.9110092148942,223.57424383926343,225.14285930540154,8901335
2017-10-24,234.7852325439453,235.56954727403462,226.94214156120313,226.98828020642094,17197805
2017-10-25,299.79058837890625,302.6971397527357,258.2222208792761,258.2222208792761,262677081
2017-10-26,295.73065185546875,324.1503100993225,292.9625022281165,304.49645900875095,112804243
2017-10-27,287.0109558105469,298.59106477087056,286.13439203175665,295.4999588667573,27580765
2017-10-30,287.8876037597656,297.4377270163043,286.5958060413772,287.8876037597656,28530254
2017-10-31,282.1667175292969,289.5946028576493,280.78264266602224,288.81028813664534,16455750
2017-11-01,295.1309509277344,296.6073033235756,285.48854986156266,285.48854986156266,34907283
2017-11-02,290.05596923828125,298.17586406574964,289.3177790618267,295.269312403592,23110527
2017-11-03,299.88287353515625,302.18966487004207,288.4411941459374,291.070941899522,26898400
2017-11-06,303.57373046875,304.49644697473406,296.6072321121997,298.5910669682508,17143407
2017-11-07,292.6856994628906,306.0650893711166,291.1170700720896,303.52761887128065,21883541
2017-11-08,285.6269226074219,294.6234097831375,282.95105000235776,293.4238894233395,20242447
2017-11-09,289.4561767578125,293.4238464365646,284.38123601755746,288.9486657883433,21846178
2017-11-10,307.7720642089844,312.33952195316897,285.5807445923362,290.65568512628727,82984969
2017-11-13,305.46533203125,318.15268581558655,304.26581166436176,310.72482813638766,38777555
2017-11-14,303.6660461425781,308.8332648611764,302.1896939145391,304.81944192087786,25647162
2017-11-15,299.8367614746094,305.5575873282275,297.3454154654196,302.6510357568894,17389606
2017-11-16,307.6336975097656,308.3718876580998,298.63721099017835,302.0973981130965,22506014
2017-11-17,311.4168701171875,319.90587458105,310.0327951388889,318.33724500868055,26518142
2017-11-20,307.2646484375,311.0939169528785,305.64989427904464,311.0477923834109,13507662
2017-11-21,305.0962219238281,309.4791255406111,304.4964617975569,309.11004455206535,14189920
2017-11-22,309.3868713378906,313.40069426560996,301.72833465761244,305.2807992754577,22861716
2017-11-23,309.0639343261719,310.6325356400303,306.01895267148956,309.57141718908105,13338423
2017-11-24,306.7109680175781,310.95546967462514,305.8805287748909,310.03275314740074,11716981
2017-11-27,309.7098388671875,310.95551198022946,302.69718667439355,304.40421811381566,13114683
2017-11-28,306.3418884277344,310.67866738898545,305.6037264662368,310.0327545533697,16054996
2017-11-29,303.48150634765625,308.97168178361295,301.91290490815294,306.6648901145686,11264624
2017-11-30,295.5922546386719,301.2669558318676,293.8852233765692,300.62104297839915,27276288
2017-12-01,288.57965087890625,297.39158419047374,287.19557581473885,296.6534220865495,16425620
2017-12-04,289.3639221191406,291.5323116914697,287.1032552579534,290.3789159784303,13887727
2017-12-05,294.4388732910156,295.91522548583526,284.93487539622885,288.34893808680704,15130931
2017-12-06,288.25665283203125,292.870235713975,287.4262135450964,292.224351005948,18658202
2017-12-07,291.94757080078125,293.1932440311561,288.30285657452026,288.3489811478718,12278558
2017-12-08,288.9026184082031,294.20823969042675,287.9799016634686,292.132127014774,16418832
2017-12-11,293.7929382324219,294.62337747962033,290.7479849396696,291.53229962388576,14014369
2017-12-12,293.839111328125,295.73066908673434,290.3327713670646,293.19319844714454,17658856
2017-12-13,289.0870666503906,294.3004373749492,287.1032318177457,291.7168142932328,17540585
2017-12-14,289.7330017089844,291.02479926950247,285.5807771621996,290.0098054151401,13894451
2017-12-15,288.1182556152344,294.6695490448659,287.4262181718031,293.79295701955596,16050711
2017-12-18,294.25433349609375,298.49883570987345,277.18407550341163,284.1967276619506,32119915
2017-12-19,295.08477783203125,297.3454449220676,293.79298013447243,294.76184952694996,14741481
2017-12-20,292.9625549316406,294.3466299943098,292.0398382231945,294.3466299943098,9895770
2017-12-21,292.2705078125,293.6084582594877,291.02483466514565,292.13210594258913,9916409
2017-12-22,295.1309509277344,298.8218178377974,292.0398442587406,292.593479927066,13821639
2017-12-26,292.6395568847656,295.2231801968793,291.8552421621762,293.97750718559905,9329690
2017-12-27,290.517333984375,295.5461226773726,288.85642716981005,292.0398107784187,14276027
2017-12-28,284.5657958984375,292.0398060451524,283.87375844335423,290.93253485338863,20353152
2017-12-29,285.9498596191406,287.8875700493648,285.16554490225525,286.0421369080227,11939569
2018-01-01,283.36627197265625,288.57961510289175,282.6280818011682,286.5957800553425,12182400
2018-01-02,279.8138427734375,285.1194638647723,278.0606866533341,285.1194638647723,14797364
2018-01-03,279.4447326660156,282.76651811398784,278.7988197714657,281.7053714787877,13857373
2018-01-04,284.6580810546875,286.2267105931739,279.7215414402381,280.96721452561536,24517099
2018-01-05,282.67425537109375,287.3339632560944,281.9822178737722,287.3339632560944,14580575
2018-01-08,282.1667175292969,285.5807801223378,281.4285555325138,283.45854326228005,13557197
2018-01-09,280.78265380859375,285.5807914553185,279.85993719646024,283.73535823105146,15574755
2018-01-10,277.8299865722656,282.2128906223059,276.814992634125,281.10561938813856,13064599
2018-01-11,278.844970703125,279.58313272722313,276.81498289824077,277.6454222151202,12298455
2018-01-12,278.8910827636719,281.10559689573716,277.32245333396,281.10559689573716,17594228
2018-01-15,279.2140197753906,281.65921287946657,278.2451505506317,280.45969268775326,18189668
2018-01-16,273.2625427246094,279.9061141711423,272.47822790453444,279.02952205004465,18040940
2018-01-17,283.36627197265625,284.5657922825951,269.9868813443847,273.12411213575047,26277307
2018-01-18,279.8138427734375,293.23935966266157,277.2763718167122,290.65576413399117,40000111
2018-01-19,285.3501281738281,286.04216567142026,279.1217906954988,280.45974112114146,18461642
2018-01-22,282.8126525878906,284.8887650457136,280.5519855368524,284.5196840183606,12622645
2018-01-23,293.5161437988281,295.77678247870296,282.67422420290734,282.7203487673452,35252217
2018-01-24,304.4042053222656,305.9728348296729,291.7630046060991,293.1470795270786,38070520
2018-01-25,288.9486999511719,307.0339510865047,287.7491796252833,307.0339510865047,42466150
2018-01-29,287.9798278808594,292.40885585720264,286.9648340898844,288.94866895097414,23600898
2018-01-30,289.3177490234375,294.2081633978207,286.964833198143,287.9336742652471,25810404
2018-01-31,289.041015625,292.132122301808,284.05835091563483,288.8103364425379,16409938
2018-02-01,282.39739990234375,292.87023878602554,281.42855875060303,292.4088804929918,19515991
2018-02-02,274.36981201171875,282.1206265365911,272.66278051206103,279.49087835161333,23274673
2018-02-05,275.0156555175781,277.18404503443185,267.5877985792661,270.03299179653766,18940578
2018-02-06,269.20257568359375,274.32364169517797,261.0365279102195,262.974238456981,30577218
2018-02-07,270.17144775390625,274.87730871697033,267.58785216900986,273.67778822949987,21463818
2018-02-08,278.10675048828125,279.85990622550503,269.9407037427876,270.26366015310936,18932796
2018-02-09,273.4931945800781,277.3686155633102,272.20139697202603,274.0468301718364,15750824
2018-02-12,266.43438720703125,269.8022967728121,263.11260220224597,265.9730289607853,50839665
2018-02-14,254.8543243408203,266.38828130484956,253.74705320864365,266.38828130484956,45641149
2018-02-15,257.1611328125,260.482890111489,253.05503259697682,253.56251547346776,26058237
2018-02-16,250.6559600830078,259.46792055502834,249.17960788338948,258.82200766798405,30338112
2018-02-19,247.74940490722656,250.97891297864294,236.81520766218748,250.5175546827263,43847791
2018-02-20,248.81053161621094,253.00890914387836,244.33535036543427,248.21077144342317,33458021
2018-02-21,252.17843627929688,252.9166264569757,246.734413954642,251.163470543487,23714454
2018-02-22,251.53257751464844,252.4552942126779,248.6260255476714,249.50258951535204,25584062
2018-02-23,254.71592712402344,255.77707382859376,251.44029418813952,252.31688629389458,15482147
2018-02-26,253.23960876464844,258.3606751695563,252.68597311461218,258.3606751695563,15306032
2018-02-27,246.9189910888672,254.57752832782742,245.39651418703517,251.90165556717136,20824909
2018-02-28,247.28807067871094,248.85670030112516,240.6444993072933,243.82788312257225,26810799
2018-03-01,241.89013671875,249.13346723117493,241.05969745979428,245.71940474993283,22859175
2018-03-05,243.13584899902344,244.5199240407636,238.75294470017957,240.32157434444997,18484565
2018-03-06,236.7229461669922,245.44262980528464,235.29274661784808,245.30422793908966,20778164
2018-03-07,227.58804321289062,235.615688877287,227.03442170193986,235.33887108204266,31262500
2018-03-08,236.95361328125,238.01475990596657,225.41966977974832,227.9110018013453,33133336
2018-03-09,233.67796325683594,237.50723125785774,232.20161116416847,237.13815027445938,21536191
2018-03-12,233.3089141845703,235.52342854692762,228.14169523301803,234.46231001486868,25332474
2018-03-13,235.0159149169922,242.1208299124051,230.31006871046372,231.8786841126399,37647221
2018-03-14,237.18429565429688,237.92248584495516,230.67915475386837,232.98594630140707,25471485
2018-03-15,234.0932159423828,238.7990625032021,233.03209740560544,237.13818376381823,18339890
2018-03-16,232.80140686035156,235.9386377475656,230.77143310512258,231.2789159842761,25728297
2018-03-19,228.78756713867188,234.00092412538748,227.0805499585823,233.35501127285585,18167594
2018-03-20,229.8487091064453,232.75526074458233,226.38852188031177,227.7725967707652,20556571
2018-03-21,228.83372497558594,234.6468425791799,228.00328563773186,232.2939123492087,19533972
2018-03-22,222.8822021484375,228.23396135485922,222.0517487435658,227.91100490637498,26828240
2018-03-23,216.6538543701172,221.12902130586107,214.3932015799437,219.422004091849,27150262
2018-03-26,227.44964599609375,228.695319060342,216.14636744253534,216.60772575084385,30373940
2018-03-27,234.69296264648438,235.754081058573,228.83370685920198,230.67913997903426,31205051
2018-03-28,230.5868682861328,236.39999965009773,229.4796112032747,232.52457874078777,36673566
2018-04-02,227.12669372558594,232.52459166388434,225.97329793360237,232.34005115307468,14993188
2018-04-03,231.14051818847656,233.26276927517668,229.0644057496579,230.26394019688306,19883309
2018-04-04,228.1878204345703,233.44730229487126,226.52692772091262,232.24776788614415,18824449
2018-04-05,239.26040649414062,241.6594753198248,230.67915325662472,233.07822208230888,22880821
2018-04-06,239.6295166015625,241.2442706806591,235.15433537910815,239.58336387528533,24868860
2018-04-09,240.50607299804688,242.44378346440146,237.6917986686555,240.5060729980469,20208874
2018-04-10,242.95126342773438,244.5198928720531,238.52223512236125,240.92130385405304,21201141
2018-04-11,237.18429565429688,242.67447080106953,236.49225819003527,242.67447080106953,14885838
2018-04-12,234.18548583984375,237.5995345889028,232.75527223320674,237.5995345889028,18660913
2018-04-13,231.5557403564453,236.16932360355338,230.4023445446683,234.37002895308896,25654020
2018-04-16,229.7564239501953,231.87867485881543,228.0032681141172,230.0793803787274,16408377
2018-04-17,228.97213745117188,232.98596062242333,227.541937867418,231.97096664730208,15922452
2018-04-18,227.4035186767578,230.58688834674857,226.34240014660722,230.21780731353243,16142387
2018-04-19,227.12669372558594,229.24894479874337,226.2501157395861,228.0032857911242,13166927
2018-04-20,222.5592498779297,226.84989068480016,220.99063441199857,226.84989068480016,15546939
2018-04-23,223.712646484375,225.9271748674278,220.80609470107024,223.2051495166209,12111837
2018-04-24,222.00563049316406,224.58922583639838,221.08291384785505,223.29742816478122,9486349
2018-04-25,218.86837768554688,222.14402447607577,218.4531580257983,221.1751692169703,13124853
2018-04-26,215.17750549316406,220.3447240174783,214.5316066975092,219.97562893457714,24495144
2018-04-27,223.85105895996094,226.8037493454138,215.22365288042027,215.22365288042027,31401889
2018-04-30,227.3573760986328,230.4023438484305,225.604220101845,225.88103791174274,17263193
2018-05-02,222.37469482421875,227.26509549310703,221.22129910417613,226.8960004149708,12887066
2018-05-03,223.2051544189453,224.5892294089252,220.29860257180303,222.3285764078658,12939642
2018-05-04,223.2512969970703,225.050591699804,221.77495876283155,224.68151066112907,12777310
2018-05-07,227.44964599609375,229.01826142843504,223.34355986805568,223.7126408828872,15122614
2018-05-08,230.72528076171875,233.0782108272236,225.6964782794672,228.83370898044868,23293920
2018-05-09,228.83372497558594,230.49461773083254,227.26510951545131,230.49461773083254,11429823
2018-05-10,228.78756713867188,230.86367938871342,227.26509045378964,229.06438492125153,13160967
2018-05-11,231.0021209716797,232.15551679422745,227.03443652620766,228.46465016207463,11958589
2018-05-14,234.0009307861328,236.0309044502706,228.97211415148124,230.6330068146986,18673849
2018-05-15,228.83372497558594,237.55340842074608,226.89601441454178,233.44730814041628,18026861
2018-05-16,224.31239318847656,229.47959728833698,222.0056018725915,226.52690721991146,17222004
2018-05-17,223.9433135986328,226.98828116183324,222.51310006808768,225.32738848376593,11721064
2018-05-18,220.39085388183594,225.14283848861265,219.4681373306531,224.22012193742984,11873041
2018-05-21,225.55807495117188,226.7576093731225,221.72880660985,224.72763562495743,18780730
2018-05-22,234.27774047851562,239.62951368526464,222.3747019007079,224.81989527319507,68713602
2018-05-23,242.85902404785156,248.9028066054089,234.6468377362245,234.96978010337426,71202072
2018-05-24,247.74940490722656,248.85667608105675,240.50607402952045,243.4587783870171,34679642
2018-05-25,246.31919860839844,247.65712073393087,242.25922318989677,247.1034851624011,22317308
2018-05-28,251.02505493164062,253.00891826875326,245.48875499717406,246.73442811424457,18959368
2018-05-29,243.8739776611328,250.01006536565222,242.48990280911943,249.59483164641824,16107543
2018-05-30,246.50372314453125,247.28803785162188,239.8601808141116,240.36766365801304,19320209
2018-05-31,248.71824645996094,253.56250857477767,242.81286589466615,246.2269285535006,31935892
2018-06-01,246.0885467529297,248.94894589802132,244.15083611726135,248.4414629939768,16574717
2018-06-04,242.67446899414062,247.61100850093177,241.10583948986357,247.28805205486574,12933824
2018-06-05,243.1819610595703,244.75059062314222,240.7367675767719,240.7367675767719,14102731
2018-06-06,249.2718963623047,250.425292170162,241.93631591977865,242.6744779731764,18315171
2018-06-07,248.81053161621094,251.80936063922627,247.6571358381281,250.10232925584836,18773700
2018-06-08,251.901611328125,252.73205056882057,246.3653121780563,248.16462066545807,14096549
2018-06-11,252.82435607910156,256.8843036106002,252.04004131346417,252.17844317585272,18219428
2018-06-12,260.9903564453125,262.4205556952455,252.82431013929113,252.82431013929113,31358021
2018-06-13,265.465576171875,267.2648566402497,261.7285570592644,262.0515134999704,26748300
2018-06-14,260.7597351074219,264.40444903797885,259.5601865477208,264.40444903797885,18513730
2018-06-15,256.00775146484375,261.54405148721634,255.22343666319202,260.89813855430833,16949917
2018-06-18,255.4541015625,258.1299741253713,254.16230392791488,256.5152200423708,13542420
2018-06-19,251.53257751464844,255.31572160838502,248.90282929344866,254.66980865613283,20726975
2018-06-20,252.17843627929688,253.516386616975,250.1484766486011,252.08618714627852,14002946
2018-06-21,247.88780212402344,253.51637886066115,247.3803192716449,253.51637886066115,12954943
2018-06-22,251.94775390625,252.54754221765415,245.21193405565162,248.21076297636986,20784133
2018-06-25,247.7032470703125,252.0399975739806,246.5498514854425,250.84047742934456,10934401
2018-06-26,246.7344207763672,250.24076085936412,244.88898751976149,246.59601891393712,16867009
2018-06-27,241.4749298095703,246.68827262935872,240.82901696786595,246.68827262935872,16277655
2018-06-28,237.13818359375,241.7517669321498,235.93864910985826,240.27541463204628,21349738
2018-06-29,239.3065643310547,243.08970815707437,238.2454458352274,238.29157040323327,16244724
2018-07-02,238.84519958496094,241.5210721160359,234.37001840486386,238.9374768775655,21896701
2018-07-03,237.5995330810547,240.73676400254254,236.58453915258235,239.53724364285148,16099030
2018-07-04,237.5533905029297,238.38382977814666,234.83136537736178,235.9847610815728,14206935
2018-07-05,236.63070678710938,238.70681934288174,235.43115819277142,237.968629094271,11215032
2018-07-06,237.32272338867188,240.64448065787337,235.80023253423704,236.30772948571533,16174019
2018-07-09,241.33653259277344,242.12084739024738,238.01477512430625,238.24545429067635,13220744
2018-07-10,243.3665313720703,245.21196478531826,242.12085818631215,243.45880867454855,11487165
2018-07-11,239.07586669921875,242.35149922867757,237.9685955618687,242.35149922867757,12857179
2018-07-12,242.4437713623047,244.05852531048367,240.96741926358334,241.19809839903746,10642215
2018-07-13,237.83021545410156,242.1208422252408,236.95362337696378,241.8440384951327,11976239
2018-07-16,232.15550231933594,237.5995246305111,231.60186672721665,237.1381663302577,8965623
2018-07-17,239.0297088623047,239.7678989911047,231.0943550514551,231.3250341868787,16067598
2018-07-18,239.4910888671875,242.21311417584192,236.3538579725348,239.998599906621,17641125
2018-07-19,240.0908660888672,243.13581954823195,236.39999975796422,239.35267592724136,9958284
2018-07-20,241.2904052734375,242.67448025588553,238.56837987765869,239.81405299367742,6120163
2018-07-23,245.7655792236328,246.82669771282588,240.45995861859078,241.75175626452477,17013119
2018-07-24,246.22691345214844,248.39530294522532,245.0273650589846,246.54986987181078,9320281
2018-07-25,250.8405303955078,251.7632470582398,245.11967582293832,247.28806561217408,13099277
2018-07-26,265.465576171875,267.034177491042,253.0089021146581,253.83934141999072,53496546
2018-07-27,264.5889892578125,274.04683455822254,263.06651247541544,267.1264599481664,32175436
2018-07-30,274.4159240722656,276.39975922344877,266.84966449301976,266.84966449301976,40949610
2018-07-31,270.81732177734375,279.02949387574444,269.24869229558226,274.04682987349605,36510328
2018-08-01,272.2937316894531,274.96960476169346,266.0653933265624,271.74009598093534,33885474
2018-08-02,271.1864318847656,273.4932236295477,268.0953253149419,270.35599248845983,15665209
2018-08-03,276.1229553222656,276.76886823577314,271.74005126953125,271.8323285656148,18254462
2018-08-06,284.6580810546875,287.28782908846676,277.36862529158543,277.36862529158543,31576923
2018-08-07,280.552001953125,287.61080725002546,279.6292852512116,285.9037757196699,23928622
2018-08-08,284.8426513671875,286.8726111747784,279.62927957984994,280.55199626304903,20498279
2018-08-09,292.8702697753906,295.1309369140934,286.18057381854675,288.7641974283611,46464355
2018-08-10,280.9211120605469,301.1747268369414,277.27636981268853,293.1009556693506,111510771
2018-08-13,271.4170837402344,279.3985767420014,268.6028093584976,273.12411509137064,58127432
2018-08-14,272.109130859375,275.84615013796576,270.678931334395,273.7700377028855,25294933
2018-08-16,270.0791931152344,275.3386614830397,267.8185259051167,270.81735522188376,31083900
2018-08-17,278.752685546875,279.30632112886894,271.3248001531966,272.20139217127667,21931134
2018-08-20,283.8737487792969,284.8426180788755,280.13675791269776,280.5981162003804,20240462
2018-08-21,283.27398681640625,284.98101810167515,279.90607696978515,284.4735070930412,14139592
2018-08-23,279.07562255859375,283.22784689593,275.24632647579153,283.22784689593,22721004
2018-08-24,277.230224609375,282.0744869494155,275.89227422325683,277.3686264729893,18869585
2018-08-27,284.19671630859375,286.3651059771791,279.859936971423,280.5058498630276,28111768
2018-08-28,281.7514953613281,286.27280068309,279.95218688147946,284.24281307295684,16890236
2018-08-29,285.7653503417969,287.8875873180105,282.1206084053901,283.0894495990796,24320824
2018-08-30,284.7503662109375,286.5035222288314,282.3512972689932,285.39625097591016,19935935
2018-08-31,285.6730651855469,286.6419063525735,281.0133294569413,284.1044357008527,18100140
2018-09-03,282.67425537109375,288.34895721731493,281.2440276478492,288.34895721731493,14708076
2018-09-04,273.4931945800781,283.68922990447584,272.6166307056138,283.0894415872767,42859084
2018-09-05,273.631591796875,275.7538568361043,267.95689043552835,273.58546723129245,22922686
2018-09-06,273.5393371582031,276.6765678496856,271.74002859150545,274.96953657137055,18001336
2018-09-07,269.11029052734375,273.0318360739799,267.08033090453057,273.0318360739799,23716678
2018-09-10,262.8358459472656,270.58666025102946,261.86697655987155,268.18759130582026,23354395
2018-09-11,260.7597351074219,268.92578322281537,259.8831430122202,265.14263926527445,28361400
2018-09-12,263.2510070800781,264.54283271172204,258.36062087710496,262.05148688963504,22717796
2018-09-14,268.18756103515625,269.2486794414181,266.3882806486447,267.6800781936189,15149585
2018-09-17,263.2510070800781,266.2037111537314,262.1437641717629,266.2037111537314,16089996
2018-09-18,252.63980102539062,264.7273944621226,251.34800338034466,262.9742385039119,33901000
2018-09-19,250.51756286621094,260.9904021574425,249.59484624423595,254.1161520600981,40759431
2018-09-21,249.68711853027344,257.853166102781,233.81638168699232,253.00890393457368,39308482
2018-09-24,243.92013549804688,251.90162834681774,242.30538147018265,251.62482463424266,24633374
2018-09-25,249.9639129638672,251.85549882616766,240.64446998315447,243.5971742682174,28948831
2018-09-26,243.4587860107422,252.82435407931007,242.4437920961267,252.82435407931007,23951904
2018-09-27,244.84286499023438,247.84169405718316,243.3665127408442,244.05855021783236,24829383
2018-09-28,244.98126220703125,252.36299515488906,242.21311235158458,245.81170153184996,33803139
2018-10-01,252.68592834472656,253.93160129683503,243.68944214260534,244.98123965776182,17711738
2018-10-03,250.70213317871094,257.16114993765666,249.68713919906094,252.22461006864677,19714943
2018-10-04,250.379150390625,251.6248234092998,245.1658073292863,247.2419196407192,17754204
2018-10-05,238.3838348388672,250.0561939814636,236.21544523710213,250.0561939814636,36628643
2018-10-08,245.21194458007812,247.74941531420876,238.38384714550563,239.6756447965204,21100804
2018-10-09,242.62835693359375,247.42646666862365,239.90633152382694,247.28806480148313,16010883
2018-10-10,257.114990234375,258.77589710850145,241.01360150317515,241.3826825332885,31772330
2018-10-11,241.89013671875,250.51754204912592,240.4599373371637,247.28803414057364,46291120
2018-10-12,243.3665313720703,247.19580007274394,241.2904187821664,245.44264396197426,42967696
2018-10-15,242.85902404785156,245.16581558265608,240.92131352680047,243.9662670891119,21965859
2018-10-16,249.41029357910156,249.91780462054655,242.99742990237974,244.15082568874087,33597068
2018-10-17,240.9674530029297,253.74708452825948,239.9063344630817,252.59368868949466,21631573
2018-10-19,240.92132568359375,243.78175296290263,238.15317570214856,239.62952799073489,28474307
2018-10-22,240.22926330566406,245.4426062655804,239.39882402906164,245.4426062655804,19933462
2018-10-23,235.89248657226562,238.98359272777975,235.2927264308256,238.06087615354122,20206307
2018-10-24,235.93862915039062,241.567191899361,233.2627566723025,240.13699244907744,25636533
2018-10-25,230.26393127441406,235.29273394878442,229.20279873241242,234.83137564692404,33066232
2018-10-26,228.92599487304688,232.98594229508663,228.28008198721224,232.5245839935122,20543437
2018-10-29,247.19577026367188,248.44144329921568,229.20279665425792,230.67914883864037,37768359
2018-10-30,252.0400390625,257.5302142138523,245.44262086285144,246.8266957925292,33401683
2018-10-31,259.6524658203125,260.89813895909464,247.84170368455767,253.7470847524351,28137370
2018-11-01,263.8047180175781,266.665145626705,257.2995760747459,261.12884502545853,29144808
2018-11-02,263.29718017578125,270.1714017606324,261.31334517234296,265.65009617721904,27760214
2018-11-05,272.1553039550781,276.81501206114234,261.5901863977795,264.3122119466791,44619891
2018-11-06,264.31219482421875,275.2463645650419,261.9592504786781,273.21640483687764,40688243
2018-11-07,264.4043884277344,266.5727777247893,263.8507810830152,266.5727777247893,3312160
2018-11-09,261.3594665527344,265.2810119467295,260.62130456572993,264.819653665083,19201007
2018-11-12,256.4690856933594,261.77470604943403,255.45409181951263,261.77470604943403,24044907
2018-11-13,256.56134033203125,258.0838452550225,252.22458919115388,254.94658627595354,25633628
2018-11-14,261.68243408203125,265.4655777838249,256.51521547658695,258.7297296906128,52674807
2018-11-15,263.34332275390625,264.8657995742157,259.42177704388763,261.91312322917736,18445463
2018-11-16,268.4182434082031,269.24868268575915,260.7597071743008,263.8046605783644,24805910
2018-11-19,265.88079833984375,270.81733807281626,263.94308773374235,270.81733807281626,13799970
2018-11-20,261.5440673828125,266.24990016056836,260.6674752290299,263.804706467227,12900924
2018-11-21,264.86578369140625,267.17257514720694,261.17491736212514,261.5440265223136,16167419
2018-11-22,260.8519592285156,264.86575337493053,259.8369654723242,263.85078777781126,12066797
2018-11-26,264.2659912109375,265.0503058417614,257.99153048248974,262.1437545948933,16846820
2018-11-27,267.0341796875,268.0491735841778,262.09764022203467,262.60515124991167,21242956
2018-11-28,262.55902099609375,269.8485053221681,261.12882140046463,267.0342025423697,19837609
2018-11-29,264.2659912109375,267.2648197365623,262.2821564334924,266.94186334044986,27919104
2018-11-30,262.6512756347656,268.41825440840387,261.3133534547272,266.4805439086462,17583510
2018-12-03,264.6351318359375,265.6501258129747,261.3594988945358,264.54288269545276,15772176
2018-12-04,260.71356201171875,265.6962541397115,260.11380185826056,265.6962541397115,11897307
2018-12-05,258.4990539550781,261.3133565251269,255.63862681792867,260.62131906415897,14893748
2018-12-06,254.3468017578125,257.66858684401734,253.8393189381322,256.5151912001319,11083451
2018-12-07,254.11614990234375,255.9154585635473,251.07119633931225,255.59250211678304,10165275
2018-12-10,253.00889587402344,255.03885544153556,249.27187685358896,250.05619157336474,11947887
2018-12-11,259.5140686035156,261.3595019802517,247.61102895538343,247.61102895538343,30927239
2018-12-12,263.2049255371094,263.7585611612904,260.39065100621565,261.8208505561956,21765939
2018-12-13,266.6650695800781,271.2786520987646,263.6662409429319,267.5877860838154,24097152
2018-12-14,266.84967041015625,268.32599454483875,264.86580705590563,266.20375748192424,12156361
2018-12-17,267.12646484375,268.9257735389708,265.09647699063305,266.94191025380235,12728014
2018-12-18,270.1252746582031,271.2786703655396,264.8196544044553,265.6039691172591,13606582
2018-12-19,277.4608459472656,278.66036606071975,271.9245472838076,271.9245472838076,26124125
2018-12-20,271.3248291015625,278.33748151717504,270.49438971950747,275.29252772994727,19222232
2018-12-21,269.3409729003906,273.5854749393595,268.3259789972995,270.9557269683295,15777301
2018-12-24,270.4021301269531,272.2014390384666,267.7262572055097,270.81736392471174,12048877
2018-12-26,271.4170837402344,272.2013984863322,264.95806750496547,270.21756341731486,12684324
2018-12-27,269.5716552734375,274.6004721230124,268.9718951014246,273.770032795681,15304564
2018-12-28,272.0168151855469,274.1390800485386,270.86341955101,270.9095722718354,12876558
2018-12-31,273.03179931640625,275.20018866443667,272.66271835822647,274.2313476293307,9526067
2019-01-01,276.4458923339844,277.46088620135475,271.14027201176316,274.50818188883636,11837127
2019-01-02,271.1864318847656,279.12180111863177,270.44826979006695,275.9845699775439,25559853
2019-01-03,268.602783203125,272.70885480026885,267.6800666879367,272.20137198054465,17548347
2019-01-04,274.6465759277344,275.8922489040995,268.9718747677091,269.5255103304352,19514041
2019-01-07,273.40093994140625,278.199077922102,272.3859741246745,277.7838441541094,14579399
2019-01-08,281.70538330078125,282.35129622243744,271.9707338613184,272.93957508472516,22949961
2019-01-09,281.70538330078125,283.36629017400685,277.5070337872486,282.35129622243744,21109911
2019-01-10,281.9360656738281,283.7353744338692,280.04450777456685,281.52086007010337,16295468
2019-01-11,279.3524169921875,282.53580014226753,277.69153857592903,281.7976100557629,12702551
2019-01-14,277.1840515136719,280.13675579616194,276.3997367987222,277.7376870865231,10372933
2019-01-15,278.33746337890625,280.13677205533617,277.8299805004653,278.66041982840346,9444374
2019-01-16,279.7215270996094,282.9510351469786,278.7526859490288,279.58312524368006,12111480
2019-01-17,274.4159240722656,280.82881600651984,272.75504537803727,280.4135822534241,15974634
2019-01-18,272.1553039550781,276.67661018692763,271.50939099663714,275.66161617755427,9082501
2019-01-21,269.8484802246094,273.816150330554,268.9257636270338,273.03183559079963,10188647
2019-01-22,267.8185119628906,270.3559827911351,265.9269540636487,270.3559827911351,11297989
2019-01-23,264.4966735839844,270.3098043083464,263.435555262901,268.0030131063946,10304608
2019-01-24,265.78851318359375,267.4955445756152,263.43559704802146,264.4967155374153,11532528
2019-01-25,263.34332275390625,268.51054155656976,261.3133630465193,267.21874389567313,11121223
2019-01-28,259.8370056152344,264.4505887115309,255.86930725697349,263.57399665960395,18905470
2019-01-29,258.91424560546875,263.89690888262703,255.17722702829616,259.2833265595042,17435611
2019-01-30,265.2348937988281,267.0341742453332,258.5913231187658,259.46791513873075,18908654
2019-01-31,270.9556884765625,272.01680679579397,265.7423460010644,267.5877789594051,25546487
2019-02-01,262.42059326171875,279.3063237990477,260.20607907164754,273.9545506673769,60015958
2019-02-04,262.00537109375,263.1587667612536,256.37679460451756,260.57514357060114,20642919
2019-02-05,262.6512756347656,264.81966528546883,261.12879887034035,262.2360700585093,13291133
2019-02-06,266.71124267578125,267.35715560956504,261.59017641177456,263.7585662219594,12149759
2019-02-07,265.1887512207031,271.27868655059297,264.4505891875975,267.0341844625439,19733315
2019-02-08,263.8969421386719,265.7423753004808,260.3906303948651,263.52786113812516,19781908
2019-02-11,258.8219909667969,263.85080740250874,258.36063269412875,263.85080740250874,15420017
2019-02-12,254.11614990234375,260.39063977394164,253.42411244173874,258.9604121265788,15326106
2019-02-14,246.45762634277344,247.61102217163415,243.2742425914867,247.28806570773756,26372671
2019-02-15,242.62835693359375,248.07237959404966,241.10585191781496,248.07237959404966,23366091
2019-02-18,239.86019897460938,244.9812650019805,238.79905232398715,243.96627107825483,14781744
2019-02-19,242.5821990966797,246.82670127376358,240.1831302001473,240.73676581612818,19064306
2019-02-20,247.01124572753906,247.56485316172146,243.8739867521001,244.0585413362116,15514595
2019-02-21,247.28807067871094,250.05622072362186,246.64215773793367,249.41030778284463,13760702
2019-02-22,250.01007080078125,250.88663466400095,246.91896459893675,247.19576831172708,12536918
2019-02-25,249.2718963623047,250.425292170162,247.19578390816156,250.33301487371796,20793897
2019-02-26,245.7655792236328,247.47261061533126,242.90515204822958,246.1807848103205,15274303
2019-02-27,246.96511840820312,251.62485462516025,245.9501244093258,247.28807488408395,20571652
2019-02-28,248.2568817138672,249.87163571018988,246.96508414862402,247.0112368725354,31636468
2019-03-01,251.8555145263672,253.3779913286369,249.22576650840494,249.6409720949821,20024726
2019-03-05,255.08502197265625,256.3768196144623,250.24075969657602,250.70211800858365,21533972
2019-03-06,256.60748291015625,260.7135547377915,255.08500620644708,255.86929276112383,22161376
2019-03-07,259.97540283203125,260.66744028411296,256.192259128836,257.8531659092777,14899105
2019-03-08,259.4679260253906,262.28220046596823,257.99157379464634,260.0676861993902,19943319
2019-03-11,265.1426086425781,266.6650853318621,261.5901442615325,263.2510228027378,22931245
2019-03-12,264.7273864746094,267.49553627007566,263.66626801816244,266.849651546579,20828136
2019-03-13,270.4943542480469,271.64774994939376,262.69741620238705,265.83464687823556,23725641
2019-03-14,269.3409729003906,271.92459630453857,268.27985443041746,271.7400417188579,16164017
2019-03-15,275.338623046875,278.01449550878715,269.89460083283126,269.98687812305076,37928480
2019-03-18,275.8461608886719,277.6454415070862,271.8784622959924,275.8000081595362,23782967
2019-03-19,279.6292419433594,282.9049026232781,276.03065299504806,276.9533695540548,27218691
2019-03-20,280.3212890625,281.10560379661007,276.8611018464928,279.3985724715647,18820555
2019-03-22,275.0156555175781,282.7203443153822,274.00068984333,280.78263393523474,17865957
2019-03-25,271.2786865234375,272.6166368872688,269.6178078695777,271.2786865234375,16895511
2019-03-26,280.04449462890625,281.4285695611743,271.9707241906758,271.9707241906758,18303791
2019-03-27,284.9348449707031,286.82643069801344,280.8287734262415,281.6592126474415,35956450
2019-03-28,294.34661865234375,313.4007123157347,285.16557649344344,286.13444589542627,63244736
2019-04-01,297.8067932128906,302.32809908144134,296.23816367362264,296.93020114816846,22372357
2019-04-02,303.57373046875,305.41916348071805,297.2069922092747,298.63719152992076,27897583
2019-04-03,295.73065185546875,306.757125801385,294.807935313018,305.4191755512017,30552104
2019-04-04,296.93017578125,300.5749174327831,293.7006678426015,296.65337207870994,27832294
2019-04-05,292.5472717285156,298.68335933036207,290.65571405937806,298.68335933036207,23117232
2019-04-08,288.625732421875,294.5772655741607,287.0571311451162,293.65454900227616,17394139
2019-04-09,290.425048828125,291.301640858671,284.2889890915302,289.68688681435265,25556039
2019-04-10,286.8725891113281,292.5472906447439,286.04214979213396,290.51733099327777,19237974
2019-04-11,290.5634460449219,291.02480433592973,284.8426201318699,286.96485700687583,14897935
2019-04-12,290.88641357421875,291.94753205219047,287.1494225381647,290.2866534048501,14751964
2019-04-15,291.2093505859375,294.06977754017885,289.50231932622296,291.11707329856046,13864791
2019-04-16,291.3477478027344,294.7156575453613,290.37890669837395,292.1320624943507,14940726
2019-04-18,286.78033447265625,291.3939178982722,284.2428635885675,291.3939178982722,15691168
2019-04-22,286.0882568359375,288.1643690862972,282.6742224752352,284.93486114129325,15665440
2019-04-23,281.6592102050781,289.50230041553897,281.0594501149163,286.08823811912106,17324274
2019-04-24,286.73419189453125,287.84146311077154,280.1367736420477,282.2128860531907,15228591
2019-04-25,282.53582763671875,287.88757252907794,281.79763747837853,286.9648559504591,30842477
2019-04-26,288.3489074707031,289.2716239746094,282.90488572947083,283.18168941701356,14987906
2019-04-30,285.99603271484375,287.88759055582653,281.4285741010484,287.88759055582653,18178758
2019-05-02,284.33514404296875,287.33397330288454,282.02835230457197,284.2428667416171,16640100
2019-05-03,286.0421447753906,287.70302338464967,284.9348735965007,285.11942817934096,12452689
2019-05-06,284.8887634277344,286.3189629602589,282.2590153642783,283.08945471087566,10639216
2019-05-07,281.8437805175781,289.17936017007554,280.2751511241998,286.6880423888606,15219845
2019-05-08,275.2002258300781,281.70536659361306,273.81615093068126,280.45972171141665,22103678
2019-05-09,276.1690673828125,277.73769686795623,273.2163911554094,274.6004660567447,12654440
2019-05-10,284.24285888671875,286.7342051589718,269.8485013641664,278.47587970009425,60739833
2019-05-13,283.18170166015625,289.91754932533485,281.7053495582627,286.0421285777486,40101505
2019-05-14,290.3327941894531,292.2705048256376,281.52086126654973,284.05833210560417,30521436
2019-05-15,287.9798278808594,293.33157236553023,286.9648340898844,291.7629711968172,27932459
2019-05-16,291.3477478027344,292.59342076482216,285.6268939852585,288.3489190446698,18147559
2019-05-17,294.5772705078125,297.06861655725663,289.2255255648795,291.2554851615788,25838962
2019-05-20,318.0604248046875,319.0753905422806,305.4191960606031,306.3419126650158,53207071
2019-05-21,311.4630126953125,320.6901797508285,310.2634922417271,319.1677028184842,33457162
2019-05-22,314.7386474609375,316.1227224030181,307.7721200236859,312.7086596155886,32002499
2019-05-23,315.7536315917969,335.86884219594566,312.98548179347864,325.71895960211214,74413322
2019-05-24,327.8873596191406,329.4098364245817,316.95316193793786,318.291112313097,35703403
2019-05-27,333.7466125488281,334.4847745808242,326.64168331479107,327.6105245016704,31374994
2019-05-28,332.2240905761719,333.7465954476499,329.0868598623257,333.05455801845994,23501608
2019-05-29,321.70513916015625,331.255261667339,320.3210642506827,330.3325450610233,28370210
2019-05-30,326.2264404296875,327.56439075414454,320.6440163015922,322.7201286373579,25712604
2019-05-31,325.257568359375,330.2402318598742,318.01423815558564,326.9645995272601,32588069
2019-06-03,327.9796447753906,328.90236142614816,322.62787130555057,325.1192175262268,18380919
2019-06-04,325.16534423828125,329.59440108655554,324.24262758144215,326.64169652103936,18130636
2019-06-06,310.86322021484375,322.5817324231242,309.9405036050288,322.02809682542,41941144
2019-06-07,315.6152038574219,316.2611167453316,310.03277965406687,310.9554962601802,29739710
2019-06-10,317.6913146972656,320.4594645023272,313.862046432079,319.2599441837642,20500542
2019-06-11,320.2749328613281,321.38217586987423,316.3533873680252,318.38334696323085,16281297
2019-06-12,317.41448974609375,320.1365148026041,315.8458603645328,320.1365148026041,11564970
2019-06-13,319.7213134765625,320.5979055419328,313.53910076908477,316.49180525962754,15509948
2019-06-14,317.2299499511719,319.58289413311434,316.0765542224968,318.7985794058002,10347594
2019-06-17,311.7398376464844,317.18386045594895,310.9093982618336,317.18386045594895,13779496
2019-06-18,313.7698059082031,317.4145481755953,308.0028264718733,309.5714561421867,21957480
2019-06-19,312.66253662109375,318.5217928705332,309.57143026974444,316.5840823100548,16416903
2019-06-20,318.4756164550781,319.49061030736414,309.66368453189125,314.64634834602504,20626861
2019-06-21,322.3971862792969,323.5967347989115,316.6302073169487,318.1526841311932,24749090
2019-06-24,325.90350341796875,327.33370283621656,322.62784270273926,322.9507991336879,17919504
2019-06-25,328.9945983886719,329.40983212977693,324.10421158426936,325.44216194198447,15922634
2019-06-26,330.470947265625,331.25526201362845,326.9184826957806,328.2564330399675,15835579
2019-06-27,334.1618347167969,334.94614951414144,329.6405286885042,330.4248434858488,29658120
2019-06-28,333.33135986328125,336.7915469898897,330.97844388081745,334.20795186565203,22708464
2019-07-01,333.6081848144531,334.9461351855744,330.7939103692243,334.7615805967726,12348793
2019-07-02,336.33026123046875,336.7916196135009,332.50099228311774,334.16187119840123,14482172
2019-07-03,337.8526916503906,338.3602026971552,334.94613987011,337.0222523073215,12626285
2019-07-04,339.0060729980469,342.235581096045,337.89882997417874,338.86767113994784,19252646
2019-07-05,342.0048828125,344.7269078921576,337.7142564970167,340.8976398505773,30019347
2019-07-08,327.8412170410156,339.9749636105128,326.1803383216792,339.5597298511399,27247892
2019-07-09,331.7165832519531,332.17794150404205,325.25756772270785,326.18028422688576,16579914
2019-07-10,326.82623291015625,333.56205286623117,324.150332227122,332.6854608274336,18681819
2019-07-11,335.13067626953125,335.86883827683914,329.4098221561307,330.7938970391396,20048321
2019-07-12,335.499755859375,338.22175288904333,333.56204539951295,334.9461202766894,14661748
2019-07-15,332.2240905761719,336.7915488724558,329.9634518695963,335.9611095892428,15665939
2019-07-16,336.1918029785156,337.7142797554339,330.00959041881566,330.79390517028156,16251836
2019-07-17,343.61962890625,344.68074728012476,334.9922237499162,335.9149402766027,17545177
2019-07-18,335.5458984375,344.9114666440004,334.5309045079361,343.2044633977759,21691056
2019-07-19,328.4870910644531,337.76038110755866,327.70277636689445,336.88381728246605,22213173
2019-07-22,323.735107421875,331.76272451694916,321.75127246982606,328.487092025827,19682038
2019-07-23,315.7536315917969,325.71895960211214,314.6463604088392,324.0580809867516,27956145
2019-07-24,313.3545227050781,318.0603823918798,310.26341686067406,315.4306347881607,20823143
2019-07-25,314.9231872558594,316.6763714508248,311.32459788554775,315.2922964500066,19857643
2019-07-26,316.1226806640625,319.3983129975275,314.1849703691781,314.46177405741594,16139052
2019-07-29,317.2299499511719,319.7674205542571,310.77093387059125,317.3683799658732,17060483
2019-07-30,302.2358093261719,319.90585464169294,300.66720801064906,317.78358957846683,24437235
2019-07-31,306.5264587402344,307.4491753190321,298.86789424076807,299.9751653989555,22741445
2019-08-01,292.6395568847656,305.8805454020069,287.2878119995823,305.23463253420965,40853304
2019-08-02,284.6119689941406,297.3454478153887,283.3201431249338,291.16323484388124,64472348
2019-08-05,277.045654296875,279.4447230466647,269.15643876870405,275.3847757095997,48815899
2019-08-06,278.10675048828125,280.73649817365356,274.27748260351194,275.707681930414,30442970
2019-08-07,267.49554443359375,279.07565499347885,266.480550512465,279.0295022667004,30820114
2019-08-08,271.60162353515625,272.6627419413534,263.5278536807169,267.58780088999146,32929233
2019-08-09,268.83343505859375,274.96949363027403,267.6338868150999,273.4008644499631,23377581
2019-08-13,261.4517822265625,269.018042260979,260.6674674007974,268.41828203859825,24231272
2019-08-14,267.3571472167969,268.7412221808182,262.51288484272203,263.02036773256566,18523649
2019-08-16,268.4182434082031,270.1713992517269,262.328308441001,265.6962464340432,20047399
2019-08-19,264.6812744140625,269.8023405140066,263.8969596364743,269.4332594889878,19831459
2019-08-20,261.7747497558594,265.18878478998914,258.96044681035386,265.0965074844008,23204417
2019-08-21,255.96156311035156,263.527850018126,254.94656928237094,263.4355727321143,28226325
2019-08-22,247.79551696777344,256.79200328412486,246.64212128618993,256.79200328412486,27728925
2019-08-23,250.1484832763672,253.9777516475946,242.39766923937313,246.45761676741031,35212444
2019-08-26,258.5451965332031,265.7423745811457,249.1334761698241,265.7423745811457,64066440
2019-08-27,263.6201477050781,265.7423846522118,260.7597205717981,262.05151819870883,45164811
2019-08-28,262.8819580078125,264.49671208422296,260.3906400425107,264.49671208422296,18979998
2019-08-29,253.2857208251953,262.3283327458518,252.1784495798148,261.3133669565101,27083514
2019-08-30,252.68592834472656,256.46907176409997,246.2269126098703,254.6236386969982,45702652
2019-09-03,247.65711975097656,250.97890500789603,246.31919763075436,250.97890500789603,21241863
2019-09-04,253.8393096923828,254.5313470535076,246.5959796807957,248.85664632409888,27309675
2019-09-05,252.17843627929688,254.99273881325666,250.10232392301592,253.7470657676729,25085139
2019-09-06,252.77822875976562,255.59250318097978,251.07119738468387,253.79319451228451,16675146
2019-09-09,256.51519775390625,257.16111059461406,250.05618198312442,252.77820703586926,18616889
2019-09-11,263.2049255371094,263.7585611612904,256.9765881229972,256.9765881229972,20999669
2019-09-12,264.86578369140625,266.4805377104667,262.1899112344925,264.5889799803403,21964832
2019-09-13,269.15643310546875,269.89459509337627,260.20607116694737,262.97422086021277,27303181
2019-09-16,262.69744873046875,268.00306961362406,261.86698119540796,265.9269570941285,18267680
2019-09-17,252.77822875976562,264.3121864845391,251.90163670905227,262.97423612483476,21533362
2019-09-18,258.729736328125,261.0826806201397,253.1934365714929,255.77706002003393,25478758
2019-09-19,252.87046813964844,258.31451850299464,251.94775155726097,258.31451850299464,23387797
2019-09-20,278.3836364746094,283.87378388146686,247.6571538200453,253.28573125758516,84481749
2019-09-23,289.5023193359375,291.5784315861554,277.1840476861632,283.78146542726284,54178171
2019-09-24,279.2140197753906,290.79410063833734,277.5531131725495,288.9486676301181,40096711
2019-09-25,258.59130859375,274.50816880157225,257.16110923001,274.04681053467885,73063465
2019-09-26,260.0676574707031,267.49551421240653,255.5924767052407,259.74470105604786,79005946
2019-09-27,259.4679260253906,263.9430791261326,258.36065481256327,260.8520009618865,37851718
2019-09-30,249.8716278076172,260.06766247166314,249.2718676883378,259.65242876496825,41094131
2019-10-01,236.1693115234375,254.20842391283287,226.57306449211853,251.67095325671568,79350077
2019-10-03,234.50843811035156,240.5522492474322,230.77144682762923,234.37003624045042,56207921
2019-10-04,230.6330108642578,240.36767378949023,229.3412132588166,238.5222405934097,60029186
2019-10-07,229.8487091064453,233.81637919544815,227.7725967707652,232.06322329935563,39160623
2019-10-09,240.7829132080078,241.75175439519765,225.46581168703113,230.77143225104788,60328507
2019-10-10,234.50843811035156,238.06090295289846,233.07823852290926,238.06090295289846,37577511
2019-10-11,234.87750244140625,241.19810241024118,232.06321412615574,236.39999320844535,43272106
2019-10-14,235.70794677734375,239.3526744405646,234.3700105566092,237.09203572237314,28265136
2019-10-15,238.4761199951172,239.8140421890916,235.10819590850892,236.6306867683307,23444973
2019-10-16,236.26158142089844,241.70563205532144,235.29274022478006,239.26041046297897,30892295
2019-10-17,244.9351348876953,245.44261775852794,235.84637066594962,236.58453268881095,37061013
2019-10-18,248.81053161621094,250.37916113803422,242.85902629674953,243.96626934826307,33203721
2019-10-22,249.59486389160156,253.7470889840681,247.74943051717196,249.50258659106436,27574295
2019-10-23,254.16229248046875,256.3306539098598,247.88780285939464,249.8255133035363,31789622
2019-10-24,242.21310424804688,256.19225491854763,229.433473877811,254.66977818080358,63943183
2019-10-25,259.7908630371094,262.18993197271436,243.18196324164384,245.25807571607703,105518180
2019-10-27,260.02154541015625,262.92812543749824,258.59134584041493,262.92812543749824,12183625
2019-10-29,258.96038818359375,262.97421071580766,257.02267784124143,261.2671795056622,51033578
2019-10-30,267.49554443359375,268.5105383547225,257.6686179916022,261.12880534153425,51469048
2019-10-31,288.25665283203125,293.23931671271544,270.12527773780727,270.6789133154556,128449327
2019-11-01,289.3177490234375,290.6556992199841,284.750319216853,288.2566306739728,44894016
2019-11-04,290.00982666015625,294.3466061014574,288.210546120186,291.57845620081673,31535656
2019-11-05,294.5311279296875,297.11472295260234,288.62571960461275,289.64071342042706,50080853
2019-11-06,293.0086669921875,294.3004928561155,289.7330340807025,294.3004928561155,32157080
2019-11-07,293.562255859375,298.3142403161337,292.31658292278865,293.65453314339504,33926772
2019-11-08,291.57843017578125,296.19201293172716,290.1943553489975,291.76298474964887,25423362
2019-11-11,293.654541015625,294.9463385493148,288.90255643147606,290.3789085381535,20491942
2019-11-13,283.0894470214844,293.97752000481927,282.02832854303927,291.62457573444823,32675829
2019-11-14,282.351318359375,285.5808269027012,276.5382142450198,283.2279105133383,43617772
2019-11-15,297.0224914550781,298.6833983621945,286.08829324643835,287.8876020227116,95199897
2019-11-18,299.97515869140625,304.35806234269216,298.7294857060679,298.9601648456093,39009263
2019-11-19,304.8655700683594,306.15736772340915,297.2070332741468,300.6210679225585,41372145
2019-11-20,303.38922119140625,306.80328403680005,299.9751865050897,306.3419257149402,29972583
2019-11-21,305.7420959472656,307.1261705978562,301.31304016993334,303.8043858046247,34116162
2019-11-22,303.8505554199219,308.00277998741655,302.8817142844698,305.8344185738738,28974967
2019-11-25,310.1250305175781,311.4168280242343,302.97397742961425,303.573737540661,27561300
2019-11-26,309.5714416503906,313.72366665017233,306.8955689490136,311.878233316936,36464072
2019-11-27,316.9992980957031,318.8447314204555,308.2334898031295,309.9866739889065,33971305
2019-11-28,322.30487060546875,323.87349996007293,317.8758425534049,320.04423201686114,42538227
2019-11-29,315.4306640625,321.88968003153553,314.27726835374364,321.88968003153553,23081823
2019-12-02,312.3395690917969,317.7374668334703,310.21733217548297,317.32223309985085,20648850
2019-12-03,310.2634582519531,316.44567076551095,307.5875857308147,314.6463621231703,26482178
2019-12-04,315.4306640625,316.4456579180206,306.2034983924492,308.27961066821064,26789483
2019-12-05,310.21734619140625,317.96816034957686,309.24847682221167,316.4918080910974,30429507
2019-12-06,295.26934814453125,311.5552924963122,293.42391471862794,310.6787285144557,47027528
2019-12-09,292.224365234375,302.32809534233814,290.42505655917836,294.3004776323358,52435239
2019-12-10,289.17938232421875,297.71451103702447,288.11826384579336,292.685722366547,52155809
2019-12-11,288.625732421875,291.3477575725646,284.1967041404589,287.14940843411966,52557951
2019-12-12,296.9763488769531,297.99134278768605,289.31778405876486,289.73301780013446,37804216
2019-12-13,306.849365234375,307.6798326236039,299.8828668225873,300.06742138887665,40955226
2019-12-16,306.2034912109375,311.1861549240896,305.2346219428605,309.98663467874576,35027613
2019-12-17,307.17236328125,309.80211133241727,305.09625084491955,307.4953197364946,26734601
2019-12-18,301.68218994140625,309.6175298139902,300.621043372307,309.1100469706533,26449075
2019-12-19,302.7894592285156,304.1274096176911,299.4215491305117,302.0512971815011,27516289
2019-12-20,311.7398376464844,313.26231454485725,304.81946250926364,304.81946250926364,51839714
2019-12-23,306.7109680175781,312.66250088180504,304.81941040039754,309.75594945286286,30150335
2019-12-24,305.8344421386719,308.3719129032106,303.7583296949584,307.44919626156013,21747782
2019-12-26,304.3580627441406,307.67984798973265,302.7433087652212,307.2646142743806,24616942
2019-12-27,311.1861572265625,312.201151065788,307.2646118797489,307.63369286881056,33477173
2019-12-30,308.55645751953125,311.7398413844551,306.8033014288962,311.6475640830366,22775554
2019-12-31,307.9566345214844,310.3557030739158,306.84936344833966,308.55639461982395,23801635
2020-01-01,308.6025695800781,309.98664444171567,306.4803045634555,308.8332487236844,17379320
2020-01-02,313.0777282714844,313.58523929231825,307.587581446818,308.64869989536055,20324236
2020-01-03,307.9105224609375,311.83206777885346,306.3418930701414,311.83206777885346,21853208
2020-01-06,294.34661865234375,306.06513166169526,293.14709824121627,306.06513166169526,35645325
2020-01-07,293.7929382324219,301.7283060414742,291.0247886357111,299.3753901478996,50966826
2020-01-08,295.08477783203125,296.65340742418846,286.9648824538806,287.9798764159189,44527485
2020-01-09,304.6810302734375,305.7882732895965,299.88289272618823,301.63604862108,40348407
2020-01-10,306.5726013183594,311.83209739016064,302.7433329231734,305.4192055270939,42377838
2020-01-13,305.18853759765625,309.5253171960085,303.6199080001898,308.1873667652825,23615129
2020-01-14,302.65106201171875,306.06512488950636,301.2669870330066,304.3119407225423,26296117
2020-01-15,299.19085693359375,303.75831535781407,297.4377010290209,303.5737607745639,32625740
2020-01-16,298.3143005371094,301.63608631888707,297.4377365596503,298.96021349656695,26653623
2020-01-17,293.4238586425781,298.4987995939435,286.13440363515906,288.8102759595187,58396326
2020-01-20,289.7330017089844,296.60725138895805,289.1793661375981,296.19201767064965,30682902
2020-01-21,289.4561767578125,292.45500537705414,287.88754744719546,289.54842588037707,30591772
2020-01-22,291.71685791015625,292.5011726800728,289.456219054605,292.5011726800728,24994911
2020-01-23,298.2220153808594,299.69833940863447,289.8714132834927,291.578444619568,33293610
2020-01-24,299.00628662109375,302.0051154071618,296.33041425918634,298.4988037824658,22706879
2020-01-27,291.76300048828125,297.114745510239,291.3938913206351,296.099751617364,23309355
2020-01-28,290.7480163574219,295.2693222221329,287.01099710260183,293.3777643902781,26488426
2020-01-29,291.9936828613281,294.99251184755826,291.1632153840342,293.2854804851197,23914114
2020-01-30,286.68804931640625,292.2704732964817,282.0283137464633,292.2704732964817,35802330
2020-01-31,293.839111328125,296.837940265822,284.75034722359743,289.45620749610634,92656638
2020-02-03,275.0617980957031,283.13556758265054,272.52432768551967,279.583103376579,56060158
2020-02-04,282.58197021484375,283.78149057988,274.1391186141177,279.490863847617,51141567
2020-02-05,286.9648742675781,289.41006772518097,281.059493419289,283.18173042194576,35014841
2020-02-06,297.068603515625,298.4988028995822,286.1344068038718,287.14940063719996,57757656
2020-02-07,295.77679443359375,299.8828945612162,293.79295937831165,296.65338646594154,37126803
2020-02-10,293.88525390625,297.85292424951655,292.03982060071627,295.0847742912159,24816396
2020-02-11,299.28314208984375,300.62106429679994,296.23816034065493,296.23816034065493,30188757
2020-02-12,295.453857421875,304.40419126888776,294.57726541542695,304.40419126888776,38930849
2020-02-13,302.1435546875,305.3730627100486,297.11473807447277,297.11473807447277,62516057
2020-02-14,294.7156677246094,306.24962488477,293.9313530059034,302.74331317171124,48205947
2020-02-17,289.9175720214844,296.3304356074742,287.56462775515206,296.14590917971327,36950692
2020-02-18,293.0086669921875,294.5311720233772,285.4885317712715,291.02483178555246,38588583
2020-02-19,295.5922546386719,298.9601644395869,292.7318276804288,297.3915350292061,39846727
2020-02-20,302.32806396484375,303.7582914748914,294.115892519258,294.66952806640313,40150409
2020-02-24,297.9913330078125,305.6959939812919,296.97633913039095,300.5749281875442,45273936
2020-02-25,301.54376220703125,302.7894352017146,297.2992885348877,300.7133229302673,39050709
2020-02-26,302.8356018066406,305.2346424585748,299.1447353771097,299.7444955400933,43915281
2020-02-27,297.068603515625,304.4964604539787,293.42386189201585,302.6510273603182,47010040
2020-02-28,279.5831298828125,290.3327726441814,277.8299739741084,287.8875792852723,59705346
2020-03-02,265.1887512207031,287.8875857271599,262.0976449088045,286.9648691062395,66711413
2020-03-03,267.44940185546875,271.64775096036607,263.2510245914966,270.35595340186495,61949382
2020-03-04,263.2510070800781,270.3559354178277,253.83931564357022,269.24866435043947,73675736
2020-03-05,266.2037658691406,275.3386554959193,249.13350705257528,268.41828030001443,149245973
2020-03-06,249.59486389160156,253.19345333992354,234.32389990228887,247.28807217356456,106043172
2020-03-09,233.86253356933594,242.4438012831832,231.74028244533562,239.95245504918262,101286241
2020-03-11,226.1578369140625,238.52223331889425,224.31240377426448,233.44729218444968,90845604
2020-03-12,196.1695556640625,213.97797485961541,192.47868924765146,213.97797485961541,99767083
2020-03-13,223.2974090576172,229.57188452473045,170.37960834541235,184.543313270758,155701316
2020-03-16,206.08876037597656,213.51661781926572,203.55128969969968,210.2871096858224,75583409
2020-03-17,198.52247619628906,212.13254641225254,195.6620631070977,209.64121434117027,65403057
2020-03-18,198.56861877441406,205.90421327097408,184.63560591166393,203.92037812017247,101356399
2020-03-19,187.91122436523438,202.76696681488636,182.83628321628387,187.26532558036638,93533467
2020-03-20,193.632080078125,199.0299636271187,184.5433161270526,189.66439596548582,77391650
2020-03-23,167.56533813476562,184.08195944019067,166.31966510824245,175.31615184780065,61750037
2020-03-24,169.0416717529297,177.115441690033,160.137462539825,176.19272512579263,67491360
2020-03-25,175.223876953125,180.16041640184082,162.8133414816843,164.24355502959114,71567553
2020-03-26,177.85360717773438,185.46601837989422,170.7948315130008,176.74635018241844,107260359
2020-03-27,180.80630493164062,195.5236310699225,179.92972702613866,186.3887428681026,114740377
2020-03-30,172.4557342529297,179.92974466305668,171.85597406920158,175.31616146656805,60081554
2020-03-31,181.6367645263672,183.15924125257095,173.51685580102577,177.1615834785573,59543412
2020-04-01,172.13278198242188,179.46837602726902,170.93324760437832,179.0070177341398,52954239
2020-04-03,161.936767578125,173.65526589180243,161.4754092659366,173.05550571777286,64448494
2020-04-07,171.994384765625,172.82483823136198,163.87448918645882,170.14895139226192,72130500
2020-04-08,168.85714721679688,179.3761114116015,166.50421693967147,168.76486991983558,80435759
2020-04-09,173.24005126953125,175.31616373481194,169.41078279871797,173.47073043234022,62416005
2020-04-13,169.31851196289062,174.11663591650338,168.94943092012784,172.36347984407118,51847146
2020-04-15,168.25738525390625,177.11545656692928,166.2273973784377,172.54801200620224,72190004
2020-04-16,173.9320831298828,175.22388076799766,166.31967100350863,167.93442509092134,61165773
2020-04-17,178.31497192382812,182.69787550280967,171.90209476627834,180.85244241692268,89851063
2020-04-20,177.62295532226562,182.0981367115512,175.36230234316272,179.00703029880276,81958510
2020-04-21,170.47189331054688,173.65526279191334,168.8571392467122,173.47072228623986,53042420
2020-04-22,174.11663818359375,174.85481435827006,167.33467889763256,171.16394756442796,61503413
2020-04-23,172.27117919921875,175.2238693798212,170.84096571312676,173.24003440460604,50955312
2020-04-24,165.85829162597656,169.77983676873262,165.16625424784314,169.77983676873262,65137305
2020-04-27,166.91941833496094,169.3184869978074,166.5503373466171,169.3184869978074,42996571
2020-04-28,170.05667114257812,171.02552638248466,167.1962440684804,167.93442015981574,49590230
2020-04-29,175.408447265625,176.97706281256552,169.31851151922152,170.70258654526418,57470466
2020-04-30,175.7775115966797,180.76017558492788,175.03933550372568,178.54566138560378,63063889
2020-05-04,165.0278778076172,169.31850458070795,164.2435630265178,168.349649286273,58118177
2020-05-05,157.23089599609375,167.2423762914228,155.75455794965737,167.0116971517105,91050439
2020-05-06,157.87681579589844,159.90678949875755,153.67845245254153,157.92294036224004,73156432
2020-05-07,157.55386352539062,159.21475626425993,155.75456892475648,157.64614081959272,42942399
2020-05-08,153.77073669433594,160.3681697303106,153.26325375887163,159.12249651889485,55932236
2020-05-11,152.66346740722656,155.8468370438411,152.24824772932706,154.9702590394891,54591827
2020-05-12,154.0013885498047,155.47774068066454,148.41896461392113,151.51005664857394,70752542
2020-05-13,160.6449737548828,164.75106001506725,157.32318819634108,164.75106001506725,81720683
2020-05-14,154.97024536132812,158.47657114879559,154.55502572007723,157.73839507571756,48136531
2020-05-15,153.54005432128906,155.24708586003544,151.97143873623375,154.97026803219285,35495540
2020-05-18,143.2978973388672,153.5400436187992,143.02107953032012,153.5400436187992,77349435
2020-05-19,140.99110412597656,145.65082593151678,140.62200902560934,145.32786947863775,71522334
2020-05-20,141.5447235107422,143.25175488515023,139.46861112110233,141.17564249551037,66168767
2020-05-21,140.20680236816406,144.082209764649,139.79158266131563,141.775417971558,61147471
2020-05-22,139.1918182373047,143.5747225122538,137.90000642433293,140.25293679837137,87064198
2020-05-26,139.69927978515625,141.36017238805542,138.5920227430692,140.621996333485,48275988
2020-05-27,146.3428497314453,148.37282331540666,139.1456578614577,140.20677625684698,88195120
2020-05-28,145.97378540039062,149.84919289111,144.58971029088084,147.1271813249821,76968678
2020-05-29,148.83419799804688,149.38781953860195,143.20562081873575,144.03607424887636,58363280
2020-06-01,156.90797424316406,158.15363331338702,150.72577530333763,151.32553551349616,92740893
2020-06-02,157.0924835205078,158.06133865768695,154.27819539042991,156.76952711493598,70419104
2020-06-03,161.3831329345703,165.996716083981,158.7072603397275,159.16861865466856,113168889
2020-06-04,160.59881591796875,163.92058700007948,158.24588593509637,161.38311652590156,83494674
2020-06-05,173.2861785888672,175.13161177068784,162.39812000021774,162.905616941126,201321234
2020-06-08,172.36346435546875,182.23652919734116,171.44074775193792,181.77517089557574,151741826
2020-06-09,170.19508361816406,176.23888050370135,169.18010374885029,173.19391273668253,96654191
2020-06-10,173.19390869140625,174.39344312670394,169.59531946505155,170.28735693777654,67333317
2020-06-11,163.45924377441406,175.68523900237082,162.7210817412624,173.47072474383924,91726802
2020-06-12,165.30465698242188,166.08897164701406,156.6772660695906,156.86180655551328,92758901
2020-06-15,160.27586364746094,164.10514581897712,158.70724831145287,164.10514581897712,63613412
2020-06-16,159.53770446777344,165.12014306218043,156.30819616616233,164.24356505336516,63925976
2020-06-17,159.58383178710938,162.58266071142162,156.16978321226145,157.7845372484296,73866905
2020-06-18,165.7660369873047,166.68875361752524,157.87682106254982,159.07634141820577,58261857
2020-06-19,170.2412109375,170.65643058729367,165.62762798526424,166.36580407352952,76895151
2020-06-22,173.19390869140625,176.93091386002902,170.01053913277886,170.70257660550388,80023958
2020-06-23,177.57681274414062,178.17658700175733,173.3323246910779,174.94707879463772,65487085
2020-06-24,170.33349609375,179.8374661505847,169.6875831869808,179.74520293500228,74668987
2020-06-25,170.93325805664062,172.36347166870377,166.4580767078227,168.11896948055607,73620385
2020-06-26,170.33349609375,174.0243626259696,169.59531997139837,173.47072701432126,49176958
2020-06-29,165.39695739746094,168.94942208634873,164.70491991881048,168.85714479071325,50966428
2020-06-30,164.6587677001953,168.76485358586618,163.55151064151985,167.1039750376217,43613239
2020-07-01,170.51803588867188,171.07165741845782,164.79719560365348,165.58149629073483,54012853
2020-07-02,171.1177978515625,173.47072809643785,169.7798615411945,171.30233836341696,52127276
2020-07-03,170.42575073242188,172.40959984137305,169.22621635391104,172.22504526041928,38048810
2020-07-06,173.51686096191406,175.17775367233276,171.76369095887392,172.17892469613219,43773740
2020-07-07,174.02435302734375,174.57797452891762,169.82598976260454,172.54800086407138,55124494
2020-07-08,177.06930541992188,182.19038523602293,173.8397974017818,174.30115569008754,143063102
2020-07-09,183.712890625,185.4660466279763,177.66909375230995,177.89977291478255,89539723
2020-07-10,180.48336791992188,186.85010666330078,179.7451918431223,182.697882070783,111406477
2020-07-13,177.80747985839844,184.35877312377633,176.79250008120272,183.43605655566887,61949761
2020-07-14,171.6714324951172,177.43841145504763,170.333496192321,177.43841145504763,62239932
2020-07-15,169.59530639648438,175.27000760373662,168.85713033321858,173.4245744853408,58527305
2020-07-16,171.85595703125,172.50185579881574,167.6114552794687,170.70256134647653,46546803
2020-07-17,173.65525817871094,174.85479255302977,170.70256792775993,172.3634605937754,47035238
2020-07-20,176.0081787109375,178.3149700439773,174.16274564450563,175.31614131102555,45672856
2020-07-21,179.37608337402344,181.03697590294774,176.70021113486618,177.57678900082897,59281860
2020-07-22,177.16159057617188,181.54449450969696,175.40843463457713,180.57563924532587,62276152
2020-07-23,182.92857360839844,183.71288838304937,176.37727984230997,177.53067564059748,70801412
2020-07-24,177.11544799804688,181.12927082726085,175.91591360590516,180.57563523718377,65265493
2020-07-27,172.6864013671875,178.2688394614491,172.08664122529507,178.0842989623697,50697767
2020-07-28,174.8086395263672,175.77749467512953,171.39459126459482,173.47070340642705,51488617
2020-07-29,176.4234161376953,180.1604212902248,172.54800912303222,173.1016447306434,73763368
2020-07-30,172.13278198242188,178.54565944101057,171.67142368929265,177.62294285475213,48472816
2020-07-31,176.65408325195312,179.79132801532313,172.2711795756808,173.47071392404175,145892485
2020-08-03,177.39227294921875,179.5606626717008,175.36229916960875,177.1615937906372,72454278
2020-08-04,176.79251098632812,178.82248474547225,175.77751706698686,178.40726508011934,43866676
2020-08-05,176.65408325195312,181.63676114217463,176.23886361431903,177.8536176003141,68888892
2020-08-06,176.19271850585938,179.46836500174723,175.54681975106638,177.43839145259628,59740172
2020-08-07,175.91592407226562,177.25387448129877,174.90094420278726,176.65410020977455,44822338
2020-08-10,178.82247924804688,180.3910946464563,176.88476876325188,177.0231847004732,48784530
2020-08-11,179.9758758544922,181.59062990636363,178.77634145719438,179.92973720853112,43890305
2020-08-12,187.58827209472656,188.46484997638376,179.5606411539899,180.85243865542824,157818228
2020-08-13,186.29647827148438,191.27915642241587,185.23535979983853,189.6182637054387,70443118
2020-08-14,181.31381225585938,188.23418676944178,179.56065634423368,187.3114701676308,56169088
2020-08-17,178.1765899658203,183.29765608724236,176.70023770047607,183.113115573959,54787889
2020-08-18,180.02200317382812,180.6217632949723,176.8847584798586,178.82246885200263,46294169
2020-08-19,181.82131958007812,184.82014870711976,180.76018697970935,181.22154530694652,59296062
2020-08-20,179.69906616210938,181.17541842221428,178.314991198088,179.00702868009867,37504602
2020-08-21,183.0669708251953,185.92739796415137,182.37493336379026,183.6206064261346,68041871
2020-08-24,185.88125610351562,187.12692914432174,183.25152224336867,184.54331985050706,53850253
2020-08-25,191.87892150878906,192.34027982647288,187.03465917310908,188.23419361499467,105394375
2020-08-26,193.632080078125,194.09343836844263,190.2180174661444,192.38640706245232,66749637
2020-08-27,198.9838409423828,199.7681557306466,194.2318558027765,194.2318558027765,80997993
2020-08-28,207.47283935546875,208.44168055085444,200.04496768710206,200.22950819672133,95974037
2020-08-31,195.6159210205078,213.65503353429716,194.093444248154,213.65503353429716,119986476
2020-09-01,201.24449157714844,201.98265357695834,194.87773873225575,196.63090868064836,75048313
2020-09-02,199.53746032714844,202.07493092090408,195.8927326538433,201.38289348624343,47608088
2020-09-03,196.67701721191406,201.38287701451458,195.89271663117165,200.69083963645784,38594129
2020-09-04,190.6332550048828,195.89273680381783,189.9873421218858,193.7704858099913,54435758
2020-09-07,191.83277893066406,193.4475330094728,189.52598738950869,191.46369791589447,35687359
2020-09-08,188.28033447265625,192.38642073233063,187.21920188180508,191.83278511279622,34146789
2020-09-09,179.7913360595703,185.83511855679077,177.62294640668645,185.5583148390082,72715826
2020-09-10,182.8363037109375,185.88127155753463,180.11429233274427,182.4210840226604,67789617
2020-09-11,187.03463745117188,188.0957699063293,181.77515605631282,183.2053694909374,48487971
2020-09-14,183.15924072265625,190.2641555569475,182.09812228983122,189.9873377676556,63605531
2020-09-15,184.68173217773438,185.4660469633751,181.86745765411018,184.4510530148446,51761038
2020-09-16,182.88243103027344,184.58946240686893,181.08313643952087,184.40492189901656,52404964
2020-09-17,180.34495544433594,182.69788557446006,179.92973579302884,181.77516898064965,41223296
2020-09-18,177.7152099609375,181.95969756676655,175.0393235664113,180.8524405426171,55286316
2020-09-21,171.44076538085938,178.54568114272396,170.01055168241285,178.13046144434645,57611375
2020-09-22,171.809814453125,173.74752479098146,167.15009317745063,171.7636758108833,51210889
2020-09-23,169.59530639648438,174.3472910445387,167.01169721482276,173.6091149812729,44320497
2020-09-24,162.72109985351562,167.74990318168628,161.93678500656816,167.10400429101534,46114798
2020-09-25,168.1189727783203,168.62646975765742,162.5365341646898,165.16628227973013,46550127
2020-09-28,172.77867126464844,173.6091105147465,169.18008240817417,169.77984252440754,41921548
2020-09-29,170.74868774414062,174.347276390738,169.0877952612741,173.9320567899054,35688726
2020-09-30,171.07164001464844,172.36345161180455,168.3034904087186,170.74869767501215,37641083
2020-10-01,175.59298706054688,176.4234264409234,172.45574190009728,172.54801919993432,43588724
2020-10-05,174.16275024414062,178.82247167585157,172.59413491215383,177.16157905629137,41694686
2020-10-06,176.79251098632812,177.2538692988399,173.74754330784273,176.33115267381635,31098726
2020-10-07,175.96205139160156,178.22270422754715,174.48571329117527,177.66908271971397,34578053
2020-10-08,176.70022583007812,180.6679099570527,175.82364789121505,176.56182397429785,43351606
2020-10-09,182.97470092773438,183.43605921848533,175.82364742109465,177.16158364836488,64907230
2020-10-12,183.34378051757812,190.03347568198564,182.00584430060414,184.26649709197918,69122798
2020-10-13,180.57562255859375,184.54330646346563,180.0220010869255,183.29763351302248,34948525
2020-10-14,184.5894775390625,185.3737782816147,178.13046067796736,179.05317737240952,40548275
2020-10-15,177.94590759277344,186.85011743372573,177.16159282605108,185.4660424897722,49184123
2020-10-16,180.80630493164062,181.54448098662965,176.79249639185676,179.00701047728668,36893126
2020-10-19,188.2341766357422,188.78781219883868,180.8985828621685,181.036984713174,60220779
2020-10-20,187.35760498046875,188.5571393541893,185.18921537876096,185.4660331695484,39316753
2020-10-21,188.00352478027344,191.27917183161674,183.4822186505022,188.8801028161018,54515523
2020-10-22,187.58827209472656,188.78780639151177,185.5582985583791,186.2964605137514,33721637
2020-10-23,187.12693786621094,189.71054728044632,185.9735420633861,188.23419502101507,32707020
2020-10-26,181.4983673095703,188.23420185865552,180.4833874139383,187.03466736423664,45470123
2020-10-27,179.60678100585938,182.28266760025187,177.39226679215483,182.00584980365429,37794381
2020-10-28,175.73138427734375,179.92974787704932,174.43958659106764,179.92974787704932,46458319
2020-10-29,174.11663818359375,175.96207158051482,171.53302861199637,174.71641248531677,44822673
2020-10-30,174.62411499023438,177.16158561756936,171.7636879239689,174.71639228122532,41519686
2020-11-02,180.89859008789062,182.00584717877408,175.3622905539355,177.3461255884543,52600119
2020-11-03,188.92623901367188,189.8950943373421,182.32882042596245,182.6979014637706,69890201
2020-11-04,191.00234985351562,192.84778318543366,182.74403850909025,187.7728415226591,117577856
2020-11-05,201.75196838378906,203.92035791195278,198.15337946421656,199.3067751537638,138023646
2020-11-06,202.2594757080078,204.70468314336003,200.27564065174627,202.07493520409432,73147085
2020-11-09,202.5363006591797,205.4428524172341,200.2756477274109,205.30445055429377,60359458
2020-11-10,213.79344177246094,216.8384094875556,205.7658098541485,205.85808714957562,135294550
2020-11-11,216.1002197265625,220.85221855043247,210.14870061506213,214.7622835045256,107094861
2020-11-12,209.27212524414062,215.315921719241,208.21099271884975,215.17750578313985,58859905
2020-11-13,211.7173309326172,212.82458808837316,203.08993876779425,207.6112446869388,70676525
2020-11-14,211.90187072753906,214.9006998073035,210.1487147434922,214.07026046318416,7753219
2020-11-17,221.6365203857422,222.9283320494611,213.14753063938838,213.93184536662977,80501583
2020-11-18,232.5245819091797,233.4472985040574,219.514272289589,220.89834718190556,104514060
2020-11-19,221.22129821777344,232.34003573034067,220.52926078852076,228.83370993955293,82284278
2020-11-20,223.98944091796875,226.4346341262471,215.86953251986515,222.83604523867953,84411129
2020-11-23,220.25244140625,227.1266770044819,219.69881991457868,224.6814837373077,57538324
2020-11-24,225.00445556640625,226.06557405771895,220.99063259928036,221.91334922808738,47636611
2020-11-25,224.2201385498047,230.5868775928604,222.92834091425487,226.48079145178602,74767232
2020-11-26,226.4807891845703,227.21896528872557,221.5903883340221,225.1428529155291,64248318
2020-11-27,225.37351989746094,227.21895301842275,223.34354628031042,226.48077695413056,54355703
2020-12-01,228.8798370361328,229.71027627752187,225.37351142225384,226.06554881659034,37003272
2020-12-02,227.8648681640625,231.4634714561746,225.2351342255012,229.15667988925853,56723083
2020-12-03,236.49224853515625,238.98359456841854,228.83371217362085,230.0332465452772,79266442
2020-12-04,243.13584899902344,243.92016382115864,233.95482070472153,237.13819048481605,79252024
2020-12-07,248.764404296875,250.47143566136964,242.67446902414954,243.41263105032633,76053084
2020-12-08,250.8866424560547,252.54754926160783,244.75058258664035,250.01007856561063,65617502
2020-12-09,249.45645141601562,253.6548009007409,248.39533290264214,251.07120554999878,48495641
2020-12-10,248.71824645996094,250.05619678387393,245.0273800867672,248.2107635972771,38676657
2020-12-11,251.3941650390625,254.90047708006213,249.17962252992828,249.17962252992828,50255223
2020-12-14,253.00889587402344,254.8081762980177,251.30186458017621,252.8243412955791,31946501
2020-12-15,249.7332305908203,252.8704612536921,247.42643919766832,252.8704612536921,34890948
2020-12-16,248.57984924316406,252.50139483788814,247.74940992550836,251.71708008712807,24844177
2020-12-17,247.01124572753906,251.11731771279722,246.08852912513373,249.13348264944094,25904699
2020-12-18,250.47140502929688,250.93276327900338,244.51987234445366,247.011218156498,29816205
2020-12-21,235.0159149169922,248.2107650967807,231.64800496292168,247.703282231031,55160758
2020-12-22,237.5533905029297,238.7067862071407,229.06438685630673,235.10818316227991,51189571
2020-12-23,242.67446899414062,243.5049083132559,235.84637169608274,237.09204475429377,29056404
2020-12-24,246.22691345214844,248.07234652556298,244.19692580776288,244.5198822274252,28585509
2020-12-28,253.93162536621094,254.66978739939015,247.28805443129187,247.9800918970511,36870242
2020-12-29,256.42291259765625,258.2683456183793,253.47023665994325,254.94656054926315,45032526
2020-12-30,255.50021362304688,257.1611203511346,251.4402663306243,256.5152074859213,30971894
2020-12-31,253.70094299316406,255.8231799309445,251.53255332947248,253.74706755999904,29467966
2021-01-01,257.8070068359375,258.3606424157864,253.1934239356556,253.65478222568382,24531791
2021-01-04,259.3294982910156,261.9592463253599,256.2845446675077,260.0676884924348,31450608
2021-01-05,259.97540283203125,260.6213157176046,255.59249896884702,256.561340138131,27393072
2021-01-06,263.0203552246094,266.8034989115089,259.65244527080074,261.12879746069757,40765708
2021-01-07,265.465576171875,269.24869169162093,264.81966329046304,266.66509648412483,30546600
2021-01-08,263.8969421386719,268.8796060437408,263.15878013757845,267.68008575219517,32543357
2021-01-11,260.66741943359375,265.92691491234353,257.99154713139995,265.74236034292034,29703173
2021-01-12,269.8946228027344,271.1402959244087,256.42295394726096,258.36066456330127,44307145
2021-01-13,283.0894470214844,284.1967182262562,271.74004388841706,273.1241188148436,78042133
2021-01-14,283.5046691894531,285.3501023493519,280.32128572499755,282.99718633411106,40123498
2021-01-15,280.367431640625,286.8725721076587,278.0144875234509,283.08942858992594,35307601
2021-01-18,271.69390869140625,284.79646725350705,269.61779638299225,280.0444824905079,54969750
2021-01-19,275.523193359375,279.12178261080635,273.4932054949383,274.64660129085075,35803901
2021-01-20,279.16790771484375,281.15177101488257,273.9084397708344,275.707720320465,33759304
2021-01-21,272.06298828125,281.5669577579597,268.9718821173827,280.5058393265329,29995203
2021-01-22,261.7747497558594,274.9695878416769,260.57520110137045,272.66279599736754,44440810
2021-01-25,259.23724365234375,265.7423845095192,255.63862633484962,262.51287636443817,34034630
2021-01-27,254.3468017578125,262.835804960439,251.62480493368676,258.54517879699966,39211107
2021-01-28,260.5290222167969,261.45173876216603,248.67210897698834,250.88662305405947,48717297
2021-01-29,260.2983703613281,268.1875863874432,257.5302204351015,263.5278786085926,42300984
2021-02-01,286.68804931640625,289.6407254424253,260.8981099434261,263.06649951287875,103414068
2021-02-02,307.3569030761719,311.32457316652153,290.65572709388283,290.65572709388283,121434166
2021-02-03,309.9866638183594,313.63137761971683,300.6210674752607,307.9566759641038,66420168
2021-02-04,327.65667724609375,330.33254981107206,305.5114783760777,308.5564319570743,145203439
2021-02-05,362.71990966796875,376.79133815067377,355.38430126089514,357.0913326430714,214955688
2021-02-08,366.3646240234375,376.2838277240696,364.24238705344453,367.24121607921705,79389205
2021-02-09,364.28851318359375,372.3161591044961,358.9367680090433,366.087821870406,63869990
2021-02-10,361.9355773925781,367.14892042173966,358.01403193963114,363.5964559678432,54163507
2021-02-11,359.9978332519531,366.2723222848044,358.24467755125664,361.52030982995075,36392708
2021-02-12,362.7660217285156,368.4868758501748,355.75337001266513,360.78218669182075,53589755
2021-02-15,375.4995422363281,377.80633380146327,365.11898019322,366.7798588564866,56608937
2021-02-16,371.2550354003906,383.6194324003609,369.3634494456045,380.1592450966896,80365431
2021-02-17,379.9285888671875,382.7890161759631,369.2250698635216,371.8548180048004,74161370
2021-02-18,383.1119689941406,394.6459272591487,381.72789400233967,392.2007055797048,67154539
2021-02-19,368.67138671875,382.9273686965026,364.4730376749844,382.9273686965026,66155518
2021-02-22,359.39813232421875,370.0093737150493,355.84566761808173,369.64029268979243,52535049
2021-02-23,365.0267028808594,368.8098466793104,358.93676751738656,361.7049173954127,45462768
2021-02-24,374.85357666015625,378.77512176983174,364.6575706386291,366.3184490685096,39632090
2021-02-25,375.7763671875,382.83514414373684,375.1304542491449,379.236554730663,46988836
2021-02-26,359.9978332519531,370.00931280889614,357.0912819377626,368.62523807270327,64450414
2021-03-01,364.4269104003906,366.96438089697523,360.7821687871212,364.5653122502076,29677890
2021-03-02,363.7348937988281,368.67140506548753,360.36695569253783,364.4730558127933,30534337
2021-03-03,373.7463684082031,377.29883314812025,365.3957939761667,365.8571523018942,46268223
2021-03-04,365.07281494140625,372.3161458392388,363.96557192357517,367.8871174497629,43603653
2021-03-05,354.0002136230469,364.47305253661017,348.87914781939054,364.47305253661017,72179228
2021-03-08,359.49041748046875,362.99672953568995,356.21475643188364,358.42929895000003,39147858
2021-03-09,357.64495849609375,364.38077838806,352.7084190721633,363.04285621835277,28054083
2021-03-10,357.7372131347656,362.62759952374637,355.89178005830894,360.87444373292726,22677399
2021-03-12,351.6473083496094,362.8121850464609,348.3255228967916,361.4281101210432,35336355
2021-03-15,354.23089599609375,356.1686064818256,340.8053807718729,352.9390983919645,42722585
2021-03-16,349.2943420410156,357.87562293258566,347.03370336758877,355.7995106754586,38196452
2021-03-17,339.6981201171875,350.3093613126609,337.7604095714161,348.97143910085157,33143064
2021-03-18,338.72930908203125,346.0187654421977,333.1930088349561,342.7892569647372,39405038
2021-03-19,342.46624755859375,344.0810015477712,329.6404929335134,335.82270518428,60309145
2021-03-22,338.63702392578125,343.9887694435382,335.40751552321933,343.25060735801264,28461974
2021-03-23,343.896484375,348.74074647275876,338.68311311396104,340.20561801480284,41032380
2021-03-24,332.0395812988281,340.5285573063599,330.93231009133086,340.0210744290516,42318999
2021-03-25,327.74896240234375,332.9623057962426,318.5217959851503,332.17799101896577,57495003
2021-03-26,329.5943603515625,334.0233884933698,327.1491389858848,332.17795540777104,40718848
2021-03-30,332.9161376953125,336.145645792198,328.7639129993168,332.2702529713809,39405124
2021-03-31,336.1456298828125,339.42129055006586,330.28640228303425,332.45476366105635,38651025
2021-04-01,342.0048828125,343.1582784972576,335.038384140194,339.28288589191675,31883453
2021-04-05,326.2264404296875,340.66697764794066,322.0742157581561,339.09834817506515,51743981
2021-04-06,323.4582824707031,329.4098156130564,322.3048867577723,328.21029533523836,44147709
2021-04-07,330.84002685546875,335.1306815881509,320.7362969445997,324.1042069148894,48023602
2021-04-08,328.1180419921875,335.2229432069068,326.9184934677523,333.10070620386483,33370259
2021-04-09,325.7189636230469,336.33020464759375,324.05808498718307,327.0107612463938,46473100
2021-04-12,303.43536376953125,317.41451482248533,297.6222322130923,317.41451482248533,75501713
2021-04-13,314.6463623046875,315.79975806093637,304.9578379521971,306.34191285969575,49773360
2021-04-15,316.2149963378906,320.6901494091417,310.1250610256256,315.66136073512536,52992349
2021-04-16,313.63140869140625,318.798627974914,312.47801278701075,316.49183616612305,37766793
2021-04-19,305.5575866699219,306.38802595150435,296.46882281925707,301.86672038815544,53304377
2021-04-20,304.0351257324219,313.6313729310078,301.4515304647906,309.2023444267609,41296147
2021-04-22,310.632568359375,311.5552850502741,298.31429490405594,300.80564123311507,49105833
2021-04-23,310.447998046875,313.63135328518615,306.0189416609871,306.0189416609871,44223940
2021-04-26,317.6913146972656,320.597894519841,313.03160712237576,313.03160712237576,49234985
2021-04-27,325.7651062011719,327.5182903859419,315.93817938432534,317.41453167509485,46003023
2021-04-28,335.3152160644531,336.14565539556196,328.53324323542375,329.4098352932522,56696255
2021-04-29,331.6243591308594,341.3590367059003,328.02576981950733,336.7915780144027,63692926
2021-04-30,326.1803283691406,334.4847780305897,323.36605391416913,326.13420380131885,53832840
2021-05-03,323.50445556640625,325.257611528646,315.015451321035,322.58173893795623,43691860
2021-05-04,324.33489990234375,334.8538639970908,323.13537953048944,327.564408151727,57749307
2021-05-05,327.9334716796875,329.8250575917018,321.1053745199857,328.9484655642957,40872501
2021-05-06,328.0718994140625,331.5782396411792,323.4583160829179,330.3325665099546,36294427
2021-05-07,330.5632019042969,334.02338894446746,325.718940048058,329.87116449626274,38357618
2021-05-10,333.7466125488281,338.63699936872405,331.07071182492035,332.6393413417576,41739324
2021-05-11,336.4686279296875,338.0833821014484,327.33373853268404,329.27144917061275,41892770
2021-05-12,339.28289794921875,344.63464285305236,333.9311248863098,334.76156417703226,53436590
2021-05-14,332.59320068359375,343.71192414741705,331.7627332389305,341.4051327101861,51722170
2021-05-17,353.4927062988281,355.4304166328113,335.5458586270196,336.23789602065114,106555796
2021-05-18,352.70843505859375,362.2124051712965,350.67844719030916,359.8594890068059,70917710
2021-05-19,354.6922607421875,359.3981211047713,351.73958447322957,352.47774650069994,48189573
2021-05-20,354.8306884765625,357.8295176903335,352.4777722032351,357.0913556090366,42898608
2021-05-21,370.1939392089844,373.14661565706973,348.7869012047445,359.85950124299035,192810772
2021-05-24,380.20538330078125,386.8028298570094,373.9770459307781,384.7728419690811,142964052
2021-05-25,380.482177734375,383.3887292557626,376.929713359757,383.0196482649486,56048127
2021-05-26,381.5894470214844,386.38758471017263,379.05197631592506,381.8201261765352,52357719
2021-05-27,392.339111328125,395.9377004523106,380.15924089033814,381.7278703809433,73392997
2021-05-28,389.4324951171875,400.13601235667306,387.5870620813822,397.2294609570944,65137568
2021-05-31,391.5547790527344,393.0772557495267,385.6955232471882,388.46367293556517,38291043
2021-06-01,399.12103271484375,401.70465595207486,392.70816958335416,393.1233751356966,59299647
2021-06-02,403.4577941894531,404.1037070103897,395.98378482308254,397.5062614334923,38657806
2021-06-03,409.417724609375,411.5595835342854,403.69063137062693,406.94995596070123,38909199
2021-06-04,403.7837829589844,411.51302747554973,402.0609913250829,407.4155963050927,36898769
2021-06-07,402.526611328125,407.32246926106285,401.1763082625826,405.1806386250888,20201197
2021-06-08,397.8238525390625,402.759389762753,394.8438873049879,402.5265808669364,31113823
2021-06-09,392.46923828125,402.57312137591043,389.4427227100807,398.1032020538051,27784834
2021-06-10,402.526611328125,403.5043973969269,393.3539344549972,395.6820235893415,27397712
2021-06-11,400.0588073730469,405.5530915634597,396.0079269514609,404.947794125534,26831924
2021-06-14,400.7572326660156,402.71283304405824,388.0458728373202,397.63758782712085,30106015
2021-06-15,399.9656982421875,403.0387644163562,398.56884481410066,399.6863389241924,16413658
2021-06-16,396.6597900390625,402.99218034996164,395.7751049075302,398.5688115304069,19701175
2021-06-17,391.35174560546875,396.6597996856452,387.9527414821173,392.05017227817336,23048331
2021-06-18,384.5071716308594,394.750763179567,374.96200677865454,394.750763179567,45748727
2021-06-21,390.8861389160156,392.0501834035559,372.9598538078958,378.40758769339516,33128978
2021-06-22,389.86181640625,396.1942361573442,388.6046425394178,393.9126973464614,28442965
2021-06-23,390.04803466796875,395.542318994917,386.4627719432385,392.14331475681763,27564829
2021-06-24,388.5115051269531,393.6798513584784,387.6733703486039,391.4448915940095,19214547
2021-06-25,399.3138122558594,401.36254193498246,390.23426519352506,392.05018597361396,29886797
2021-06-28,397.4048156738281,403.3647181805557,395.35608586570766,401.08320787779917,29370660
2021-06-29,392.5157775878906,399.4534936839337,391.6310924629538,398.1031907919887,22275961
2021-06-30,390.37396240234375,395.6819881011448,389.5358276539056,393.9126462015444,18337773
2021-07-01,391.491455078125,394.56454972355107,388.46493926585975,391.3983258308594,16161469
2021-07-02,395.2164001464844,396.1476357869893,390.187733371569,391.39832833660284,16423811
2021-07-05,402.8990783691406,404.6218699202762,395.07670497969434,397.1719850886025,16483761
2021-07-06,400.1985168457031,406.48435742443144,398.75511296932143,402.0144377138472,20195278
2021-07-07,403.0853271484375,404.1562423833844,398.1497615149035,399.8260026130876,14473774
2021-07-08,395.2629699707031,405.45998295037754,393.07456058158573,403.0387646564403,21433043
2021-07-09,394.611083984375,398.10321747096236,392.09673650641,395.7751284799041,16844494
2021-07-12,398.05670166015625,400.664150189174,395.4026742958354,397.17201639903016,12886781
2021-07-13,399.59320068359375,402.1075197461188,398.8481951539509,400.43130703776876,12831125
2021-07-14,401.4090881347656,402.57313261772117,397.078848341982,399.5000665503404,12767351
2021-07-15,402.0144348144531,403.17847935767423,400.1053847121368,402.94567044903,11030732
2021-07-16,400.4313049316406,402.7593939138013,398.0566655374587,402.2937761173692,8713863
2021-07-19,398.4756774902344,399.91910961275704,390.04800731374456,394.28511760642226,14426686
2021-07-20,391.95709228515625,397.6376356206919,390.0946209239352,397.6376356206919,14623321
2021-07-22,393.0279541015625,397.3582221618421,391.9570388985362,396.2872785397621,11799761
2021-07-23,399.40692138671875,400.38473576485654,390.6533129076407,393.81950809125783,17704661
2021-07-26,394.1920471191406,398.3826076275045,393.26081145061534,398.3826076275045,14037519
2021-07-27,400.384765625,403.45783179906704,394.8439023261499,394.9835819851428,24119619
2021-07-28,396.24078369140625,400.8969621131619,392.0967735284206,400.43134427098636,17636515
2021-07-29,411.1870422363281,413.0960921490173,396.24072315361906,396.7063409246574,35263606
2021-07-30,402.1075134277344,413.8410874589781,401.08317702153556,411.1405099517132,35196813
2021-08-02,404.9943542480469,406.670595369099,402.1075182221141,404.8546745927229,16926025
2021-08-03,415.79669189453125,417.1004160397289,403.7837584396201,405.04093217283224,40922962
2021-08-04,425.5281066894531,435.30608021145605,411.1405057108842,417.79883437777056,129761158
2021-08-05,411.46649169921875,430.69650284514165,408.2537172292914,429.2996493224006,58595639
2021-08-06,405.6927490234375,416.26227787017075,404.15621609766015,413.1892120186161,38236066
2021-08-09,403.5975036621094,411.4198770242276,401.36254390422636,407.7880638652858,22196404
2021-08-10,397.12542724609375,406.3912042806986,392.7020582100456,404.5287331076257,27794251
2021-08-11,398.6153564453125,403.13185444051834,394.05230804132174,400.2450186195273,23827946
2021-08-12,397.7773132324219,400.85040801398293,395.7751622132721,400.4313405922518,16847144
2021-08-13,401.5487976074219,402.52658360889035,395.77512558421836,398.19634380101513,20908992
2021-08-16,395.6354675292969,404.1562679556096,394.84391155110245,400.43132539380673,17608693
2021-08-17,392.5157775878906,396.56665784467236,386.69555550028844,395.635422310656,22957877
2021-08-18,390.839599609375,395.1698395422523,389.25648769371605,393.12110981834735,17668574
2021-08-20,378.7335510253906,388.6512050351009,377.2901187133971,386.46279556915096,25541790
2021-08-23,381.34100341796875,384.60032823350696,373.6583092099144,382.8309861603119,26559937
2021-08-24,388.8840026855469,389.9549179704905,380.130393494319,381.340988439202,19012313
2021-08-25,387.6268310546875,392.3295596193802,385.81091020825033,390.1877290376314,16410980
2021-08-26,382.5050048828125,387.2077330761361,381.8065782153454,385.997138220148,15897679
2021-08-27,384.088134765625,385.857476722634,379.47850717586664,382.13253432090767,15090541
2021-08-30,393.63330078125,394.192019407842,385.06592186547226,385.9040282244156,20308691
2021-08-31,396.7529296875,397.637614905615,389.9083705268286,394.70422834831925,26262421
2021-09-01,400.3382263183594,402.80599526773153,395.91485669284106,398.10326629664604,18776721
2021-09-02,400.1985168457031,403.6906505005522,398.33604556311695,401.73504997002544,14372717
2021-09-03,401.73504638671875,404.4356240385694,398.75510941259455,401.595366725582,14233624
2021-09-06,401.4090881347656,404.0165648280189,400.4778525484012,402.29377330943373,10694099
2021-09-07,399.59320068359375,402.01441892158664,395.86825829254474,401.4090930477971,14928735
2021-09-08,401.6884765625,405.45996932623007,397.9635342105474,399.50006724691684,22817464
2021-09-09,402.5731201171875,403.9699734533596,400.43128970267844,400.66409859204043,9662128
2021-09-13,403.0853271484375,403.96998389945685,399.31380599181415,400.52442929923404,9567921
2021-09-14,403.2250061035156,406.71713952819965,402.5265794185788,405.0874772633471,9981562
2021-09-15,413.32891845703125,414.39983369174956,401.781602932353,403.2250067157923,22181568
2021-09-16,431.8139953613281,434.0489553052606,412.30459653485644,414.260197142944,42637448
2021-09-17,422.8741149902344,439.4500982177545,419.38198129743745,435.818284861057,41529478
2021-09-20,407.3690490722656,422.3153699829822,405.69280784008316,418.4972981096885,18376916
2021-09-21,408.62615966796875,411.00082743986803,402.89906655536015,409.88333338026194,17279588
2021-09-22,408.6727600097656,412.3511236797346,406.1118620391689,408.7193104234268,14321143
2021-09-23,418.8697814941406,420.12695529792387,411.6527052498572,411.97864340921683,20516770
2021-09-24,410.4421081542969,420.8253798520407,409.7436814245959,420.08040270798216,10731274
2021-09-27,415.8898010253906,419.5681643850629,411.8389207116295,414.30668922767364,11746892
2021-09-28,414.3067321777344,424.4571950097488,409.37119463399216,418.31106249687934,19241170
2021-09-29,428.368408203125,430.51023887651775,408.9055883837945,411.4664864763132,38635938
2021-09-30,421.8497314453125,432.93142952353054,420.3597487850941,428.3218303042038,26530369
2021-10-01,420.5925598144531,424.22437302899965,413.28235455317855,417.6591733111292,14777309
2021-10-04,431.3017883300781,432.4658328999094,420.5460278724598,422.5947292639287,16246765
2021-10-05,432.7452087402344,436.74951058264475,427.1577949587933,430.23086117096346,16487568
2021-10-06,425.76092529296875,438.6119651330672,422.45502188012944,433.0245515644931,19056690
2021-10-07,426.41278076171875,432.0933236748763,425.66780364024635,430.3239816970877,9984651
2021-10-08,426.5058898925781,432.0933032972844,423.0137565146367,430.13770292182636,16521128
2021-10-11,436.9822998046875,442.29035402555763,427.11119688501145,428.36837061301276,20686981
2021-10-12,449.78680419921875,451.0905283826517,435.91139915307474,437.6807411462377,33763609
2021-10-13,448.5762023925781,452.720183784286,445.1306192857151,452.720183784286,17638983
2021-10-14,456.86419677734375,459.9372629282879,448.8555648330264,448.8555648330264,23431826
2021-10-18,463.7087707519531,466.54902791756194,457.8885483477919,460.0303788249014,20084248
2021-10-19,454.6292724609375,469.5290434103292,450.01964445584633,465.9437803418203,20645100
2021-10-20,465.524658203125,472.60205425609115,449.8799119126141,455.1879376380479,34080545
2021-10-21,468.3649597167969,471.6708347526732,457.9351095550386,470.18085209827126,20808243
2021-10-22,468.3649597167969,473.71956445485785,465.6178033096478,469.90149278390766,24080485
2021-10-25,471.6708068847656,480.00537643919586,463.6156250472472,471.6708068847656,35619415
2021-10-26,477.3048095703125,482.5663136016247,472.6952102650145,472.6952102650145,21107457
2021-10-27,483.45098876953125,490.62145748273514,477.4910581413476,478.37574333682795,29463032
2021-10-28,466.875,484.75470747408866,463.3828663036088,483.8700222367135,28140401
2021-10-29,467.61993408203125,477.3979359503363,454.8154450413455,467.0146366475551,31355893
2021-11-01,480.23822021484375,481.40226473890624,466.54904524424654,473.5333123886215,20679604
2021-11-02,485.8256530761719,488.89871937318054,476.83920626101934,479.40010431487883,26797820
2021-11-03,491.3664855957031,505.0090529917581,479.7725910429911,487.9674529306937,80775924
2021-11-04,493.9739074707031,499.04915257149787,491.73891942176925,494.9516934278215,9796046
2021-11-08,487.2690124511719,497.6988622123973,480.9366219369628,497.6988622123973,36802110
2021-11-09,492.76336669921875,495.4173655652156,486.2912675671633,490.06276058025327,25451967
2021-11-10,488.3399658203125,492.1580090016376,485.6393598757881,489.4108526452648,15805538
2021-11-11,474.55767822265625,486.8965217838589,472.22958916977734,486.8965217838589,23086898
2021-11-12,476.18731689453125,477.7238499092589,468.1321348557006,476.79261433438705,19836221
2021-11-15,471.7173767089844,480.4244635776508,470.73959070718485,477.1651390129126,13328183
2021-11-16,461.0547790527344,472.50896625598165,459.5647963190537,472.50896625598165,19553216
2021-11-17,463.8949890136719,470.6464468307084,457.23666043654316,459.89068746912005,20488483
2021-11-18,469.156494140625,471.39148236459494,458.44728450714973,464.77970377663814,22471070
2021-11-22,452.9529724121094,471.2051951409038,444.66498158059596,471.2051951409038,28800269
2021-11-23,459.14569091796875,461.33410021271396,446.99307797806205,451.8820647684471,20000371
2021-11-24,459.23883056640625,465.61780011174824,455.4207589216789,461.7065992231875,13963769
2021-11-25,456.817626953125,461.38070427561206,452.85987552541496,456.3054587242203,12894211
2021-11-26,438.1463317871094,454.34982487714706,434.9801365610877,452.8132918841274,26305817
2021-11-29,433.11767578125,444.897800234469,423.06031442310393,437.68072445881825,22407465
2021-11-30,428.8805847167969,444.4322320731505,426.5059450801528,435.8183019596321,23026652
2021-12-01,442.6162414550781,444.43216212841014,432.0932912049917,432.5123585662386,17156956
2021-12-02,444.1993713378906,445.27028657030314,438.56540745059795,441.8712823895789,12962679
2021-12-03,440.6141052246094,448.38992793491354,437.7272692674896,443.03532339571154,16653993
2021-12-06,433.3039245605469,444.1993927310052,431.9070711242859,440.6141298941241,14353300
2021-12-07,443.9200134277344,446.71372017449403,436.9357465608352,436.9357465608352,13644942
2021-12-08,457.74884033203125,458.540396262907,447.22588959161516,447.83118703791257,20397660
2021-12-09,455.0482482910156,459.56474641681535,452.6736089932615,458.4472523831347,12560970
2021-12-10,460.6822509765625,461.84629544697117,451.09050748896226,454.9085790357137,13261408
2021-12-13,454.2567138671875,466.03686693088656,452.9064392999439,463.5225194457287,14047645
2021-12-14,454.95513916015625,456.63138028476504,448.6692988857473,452.580499757446,11642447
2021-12-15,451.4629821777344,457.2366539413566,450.2523873332911,456.30541839361456,8639835
2021-12-16,448.06402587890625,456.81763527706426,445.36344818636536,454.7689339050586,11107781
2021-12-17,435.63201904296875,448.296829373176,434.42142408409757,447.0396555810828,12648603
2021-12-20,418.31103515625,432.0933104138991,412.53736317533895,427.4371324999562,22336114
2021-12-21,415.3310852050781,426.738721513962,413.93423177950046,425.6212274058776,16617447
2021-12-22,424.5037536621094,425.8540282297802,418.1247841225314,419.05601972191346,13102553
2021-12-23,430.0445861816406,433.02455145172615,426.2730933914573,429.29960907364676,14471377
2021-12-24,425.5281066894531,431.72081756957743,421.10473771521373,430.78958199605336,13221159
2021-12-27,426.55242919921875,428.8339676477019,419.5681626251519,422.50157732150274,8856482
2021-12-28,429.4858703613281,431.0689538309039,427.483691084808,429.4858703613281,8832210
2021-12-29,423.1534729003906,430.37054917465906,420.35976595551256,429.2996338629338,11757303
2021-12-30,420.6391296386719,423.6190664913065,417.6591643669822,421.6169156458221,28879190
2021-12-31,428.7874450683594,429.67210184039385,421.94285769771926,423.01377295810596,10005842
2022-01-03,438.4256896972656,439.54318373540093,428.4614862699505,430.2308281477865,13124509
2022-01-04,450.25244140625,451.3699355653671,438.6585460768737,440.00884915088545,23296671
2022-01-05,458.5403747558594,460.9615928465408,446.20150383622973,448.7624015742661,24694169
2022-01-06,457.8885498046875,460.40286883985226,452.02174855119335,454.1636074541724,18190843
2022-01-07,457.469482421875,467.4337145771082,455.7932697317679,459.5182120822768,22746330
2022-01-10,469.01678466796875,470.22740794884083,458.6335138454312,459.42506975618335,15832274
2022-01-11,471.1586608886719,472.88142400502176,464.91937103149354,468.4115045144542,16107950
2022-01-12,475.1629638671875,478.1894795606091,473.5333015707297,474.8370257240849,14489616
2022-01-13,476.18731689453125,477.5841418377846,472.1364364600278,474.9301431846433,10450974
2022-01-14,473.39361572265625,475.2560868942461,470.4136504804906,473.99891316961197,8724574
2022-01-17,478.6551208496094,483.2181982388684,472.6486395802748,473.0677069875517,17422211
2022-01-18,471.9501647949219,481.86784612553,470.2739521745942,478.6550721143395,12592506
2022-01-19,480.331298828125,482.05411874693084,465.8971473972718,470.27396597295876,16079457
2022-01-20,476.23388671875,483.45099113725774,473.0676913189305,480.5175762215908,17724642
2022-01-21,468.13214111328125,472.60206056479433,463.75532248525633,470.5533309050689,16947941
2022-01-24,460.1700439453125,471.950168035474,454.44295096430665,467.85273727616396,20233933
2022-01-25,479.26043701171875,481.9144358070053,455.374220501692,456.3054561264398,21791739
2022-01-27,492.57708740234375,494.34640095892695,468.5977704387478,468.9236801670863,35409230
2022-01-28,487.4552917480469,499.51480427323236,485.5462701138926,497.2798160724936,24715250
2022-01-31,501.2840576171875,503.70530401683715,490.80765825608944,492.62357884630063,28674232
2022-02-01,495.6966552734375,506.54557180234553,484.24246976019253,506.54557180234553,32245356
2022-02-02,502.68096923828125,506.82497905661904,494.812016992334,499.7476111794052,21661864
2022-02-03,502.9603576660156,507.24407580859116,500.2132579371295,500.2132579371295,22717677
2022-02-04,493.8341979980469,508.8271243709229,491.04049136388323,504.86937330585766,25332894
2022-02-07,496.5814208984375,511.2483826971255,489.13153554037376,495.3242754795101,52289545
2022-02-08,494.8119812011719,500.67881057078097,483.3112450230529,498.6766314255199,26567546
2022-02-09,498.4438171386719,499.60786155048567,491.459550667789,498.16445784745775,14856155
2022-02-10,503.3793640136719,506.545587611548,497.65229949736135,500.16659000602556,18659370
2022-02-11,493.182373046875,500.7254158465614,490.8542839429186,499.3751127986441,14607095
2022-02-14,466.9215087890625,480.1450368224222,465.33842537259744,479.5863182160546,26153332
2022-02-15,488.71240234375,490.6214238421887,462.917194814761,467.480243298606,23842951
2022-02-16,481.16943359375,491.6923842372667,478.6550861703695,490.2955308729563,19773807
2022-02-17,477.6773376464844,484.2425376060202,476.0010964264141,484.2425376060202,16408356
2022-02-18,479.8656921386719,485.08064558878283,475.02328408194904,475.02328408194904,15111223
2022-02-21,476.6529541015625,481.9144296301384,469.94804632169485,476.37356636628556,16866932
2022-02-22,464.1278076171875,470.5533274385469,461.42723011766594,466.45589656833613,27108772
2022-02-23,464.4071960449219,470.59990698052957,463.05689308359223,468.4114976793301,13899433
2022-02-24,440.1485290527344,454.39645170338395,435.8182889171764,446.9931168381296,32356037
2022-02-25,449.7402648925781,458.0748068411408,446.3412320623623,446.99310837970523,21792287
2022-02-28,449.9730529785156,451.92862500192814,440.56756774116565,444.1062516511127,18069367
2022-03-02,441.6384582519531,446.80680417120226,434.88700053487,445.1305915538927,22003848
2022-03-03,435.259521484375,450.15929134892565,432.6520731257009,446.9930959365198,20358590
2022-03-04,430.1842956542969,438.5188372009064,426.1799655334132,428.64773418310085,20684268
2022-03-07,410.0230407714844,422.73442998798953,403.6440993751081,416.72794874460675,33720472
2022-03-08,410.0230407714844,411.6992819742931,395.7751468524198,407.8812101679056,42510207
2022-03-09,420.6391296386719,423.06031945048284,408.39335882889986,411.60613299934477,32331325
2022-03-10,436.4701232910156,443.8734290255677,429.90489546710614,437.58758892426,34553299
2022-03-11,438.0066833496094,442.1506648431163,430.2308601713591,434.32829125108464,22091309
2022-03-14,451.7889404296875,452.5804963643414,438.1928951431617,438.61196252593584,27750689
2022-03-15,452.4408264160156,456.7710663150074,447.5983898805279,455.3742129012,27204899
2022-03-16,458.8663330078125,460.30973679221927,455.74668812445583,459.099141903301,16211288
2022-03-17,467.3871765136719,468.8771592676486,464.0347224219884,464.68659875780867,22947673
2022-03-21,456.86419677734375,467.4802770667619,455.3742141148338,467.4802770667619,19064060
2022-03-22,459.75103759765625,461.706609667117,444.43220025984135,456.86420148785135,26157969
2022-03-23,456.9107666015625,467.85278550373954,455.56049195868536,464.22097214767933,15800195
2022-03-24,453.6048583984375,460.77535533982467,450.2524046140873,451.649257989312,18174877
2022-03-25,456.9573059082031,459.3784956567696,453.1392343845382,457.9350918898123,11541196
2022-03-28,463.2897033691406,464.3140681960793,448.8090013952748,457.1901216572291,16738684
2022-03-29,460.96160888671875,466.9215108733624,457.88854286176235,465.6177867542614,14301429
2022-03-30,460.30975341796875,465.99029635687214,458.44728218679097,464.96593149591325,16461225
2022-03-31,459.611328125,463.3362705988537,458.354182775319,460.30975483884754,10240982
2022-04-01,473.2539367675781,474.6973405600702,457.2366733006267,457.2366733006267,18527226
2022-04-04,477.1651611328125,479.4932502155485,471.2052303457634,474.27829656735247,16257176
2022-04-05,474.37139892578125,480.8900764070014,472.7883154906881,479.0276052463827,13602384
2022-04-06,478.6085510253906,479.7725955327789,471.20521659077895,472.1364521966896,13738275
2022-04-07,479.539794921875,484.1494226184488,474.9767176387794,474.9767176387794,19620958
2022-04-08,480.6106872558594,483.77691114198547,477.11855363356403,483.77691114198547,13572638
2022-04-11,479.49322509765625,486.1049750110299,477.9101132367034,478.18947254437523,12370288
2022-04-12,477.5841369628906,481.169427992416,469.66866307633074,477.49103614159725,14460680
2022-04-13,482.1006774902344,485.08064275314774,478.4222855331121,478.9344537412433,15440525
2022-04-18,474.46453857421875,479.5863343782584,469.3427427701791,476.79262757605494,14492183
2022-04-19,476.60638427734375,485.12721303086033,470.36712260501565,477.9566873090639,20362934
2022-04-20,474.27825927734375,478.3757184760423,472.13642885725,476.79260665663116,11881305
2022-04-21,480.7969055175781,482.3800173281685,476.978862478602,478.0963565118487,10035638
2022-04-22,466.1765441894531,478.18947767208795,464.68656155476515,477.6307590507531,16760456
2022-04-25,460.7288513183594,464.8728614497352,456.3520322676716,460.9616602376713,14057444
2022-04-26,470.7396240234375,472.97458391362466,464.1744240174396,464.6865922605249,12137213
2022-04-27,463.0569152832031,468.2252616427236,458.0282485838483,465.61781325611173,12367342
2022-04-28,472.60205078125,474.9301397013547,462.3584595327894,464.8262281042895,12154792
2022-04-29,462.1722412109375,477.25827009170274,460.03041058595346,473.16083892009266,12894773
2022-05-02,457.2366638183594,460.96160608979204,448.2036674425135,458.7731968215145,18590895
2022-05-04,446.6671447753906,462.3119197288658,444.6649939419759,458.1679099883815,14645323
2022-05-05,446.9930725097656,460.03037045796714,445.7358988095211,451.64925034840905,14130385
2022-05-06,450.67144775390625,452.6735984668939,438.6119362288258,438.6119362288258,16710020
2022-05-09,443.1750183105469,450.438673074012,441.21941785811185,444.29251240309696,13544947
2022-05-10,442.5231628417969,449.3677216792281,440.9400509743726,444.19937553278925,10884328
2022-05-11,443.7803039550781,446.06184249202244,431.76737066572184,442.5697090695901,14771351
2022-05-12,430.8361511230469,440.47444541152885,424.96937812260853,440.47444541152885,18947096
2022-05-13,414.0738830566406,444.19935888720414,409.5108345296604,437.1685418279946,61403008
2022-05-16,423.7121887207031,429.7652199881417,408.6727397938781,414.3998329246437,27940958
2022-05-17,435.1664123535156,437.354821837337,424.78314043302424,426.78529141730706,16880698
2022-05-18,426.5058898925781,436.37699259137,425.667783565683,435.72511632653266,15644497
2022-05-19,416.72796630859375,419.05605550584846,413.8877088555661,418.17137024326865,14201420
2022-05-20,430.60333251953125,432.09331515214274,422.92063887727875,423.57251516000093,13596860
2022-05-23,429.2065124511719,438.98448693678114,427.9027882035687,431.2552422824462,13499415
2022-05-24,430.27740478515625,434.70077395889433,428.5546416316817,430.6033429344007,17175179
2022-05-25,429.4735107421875,439.26222115340613,427.53466786818933,435.99930806214456,12728644
2022-05-26,443.47088623046875,444.6058200838844,427.96028712166645,432.0743862620898,17055257
2022-05-27,443.5181884765625,449.24007685783033,442.1468124863909,445.83530418702605,10977001
2022-05-30,448.8617858886719,451.0370421360326,445.5515957698212,447.34855034754094,9365470
2022-05-31,442.7142639160156,450.56413133401236,439.7823756392409,448.2942925870972,15441579
2022-06-01,442.9034118652344,446.402767135689,439.4986680873034,442.61969283792894,9424008
2022-06-02,444.369384765625,446.7338062777731,440.87002938261895,441.57935583626335,9370989
2022-06-03,439.30950927734375,449.7129637489278,438.36374068901796,447.5849844251947,11306291
2022-06-06,438.5529479980469,440.3499027156359,431.7434019642079,439.0258323375477,10661432
2022-06-07,438.2691650390625,440.68089229525094,435.52644186174086,436.8032352488327,7672515
2022-06-08,445.74072265625,449.7602391433186,438.0800202062432,441.29562762338475,17168871
2022-06-09,441.62664794921875,445.3624165055338,437.3706893587511,443.51818510053766,12635601
2022-06-10,436.80322265625,438.97847883631295,433.7294747838409,436.9450821701556,8621104
2022-06-13,421.6708984375,429.42618294760035,418.12426650412846,429.3789060668479,13426836
2022-06-14,423.79888916015625,424.886517210218,419.30648858865146,420.8670009093979,11351101
2022-06-15,426.8726501464844,430.7503070587634,424.27178657712926,424.6028113493786,9920926
2022-06-16,417.6513977050781,432.92555402430173,416.2800217617226,430.46655002030155,10780703
2022-06-17,417.0839538574219,423.27872666107095,413.5373215967295,416.13818525457054,14326050
2022-06-20,411.1256103515625,419.4010853677971,407.3425360584267,417.5568251048669,12368534
2022-06-21,426.30517578125,430.27741525368896,413.868325066745,415.665279547109,13801891
2022-06-22,423.373291015625,426.7307867283347,420.5359853295658,424.41364220635995,11066447
2022-06-23,426.9199523925781,431.6961012757673,421.81280758004186,424.6501134606251,12229833
2022-06-24,429.6153869628906,435.3845812009487,428.62234147696313,431.0813167492726,10833364
2022-06-27,436.1884765625,439.64052607470876,433.2092824733034,435.0062658485541,9509175
2022-06-28,439.07305908203125,440.491711938516,433.1620055133448,434.0131914547224,13261290
2022-06-29,434.2023620605469,437.6071347305486,433.1620108471343,435.05354801240566,11800876
2022-06-30,440.63360595703125,443.84921357769304,433.7295063931819,434.1078080786889,16926328
2022-07-01,441.53204345703125,443.37627477071175,435.5736844078601,438.2218536061245,9405495
2022-07-04,447.7741394042969,448.4361600833809,441.5320610921888,441.5320610921888,9186358
2022-07-05,446.54461669921875,453.96890561565453,445.45698863536103,449.3819223593166,12003244
2022-07-06,453.921630859375,454.91467630003484,448.1997137671677,449.3819244644131,12059857
2022-07-07,460.35284423828125,461.77149707106486,455.48214195157067,457.7519807115113,11497832
2022-07-08,462.05523681640625,463.33203019569055,458.8396293570521,462.4808442303567,9057231
2022-07-11,461.7242736816406,464.6561334523463,458.69780240937587,458.69780240937587,7704792
2022-07-12,458.6504821777344,464.7033952876818,456.9008045407598,458.69775906147703,7364457
2022-07-13,460.11639404296875,465.74372839283694,458.27213384761626,461.2986047162549,8208853
2022-07-14,453.35418701171875,462.38626565305754,450.9424597491278,460.21100940450947,9385630
2022-07-15,453.11773681640625,458.1302987936768,448.95636079682373,456.38062113130496,6945602
2022-07-18,463.7103271484375,464.8452609990571,455.9550420444267,458.272157767472,9934786
2022-07-19,470.9454650878906,471.5129031327425,461.53505638903056,461.53505638903056,11724183
2022-07-20,481.0179138183594,482.9094510108322,473.26259978419387,473.8300667144491,19280117
2022-07-21,484.2807922363281,485.55761446071546,479.2682302825926,482.15281292081585,13814893
2022-07-22,485.84130859375,491.98880407908524,483.47688725323644,485.60486645969866,14699129
2022-07-25,489.7189636230469,490.85389747437273,481.5380711043207,485.55761646836356,10229778
2022-07-26,486.314208984375,492.556258440218,485.2738289249796,489.624398970835,8862656
2022-07-27,499.5549621582031,501.2100571289965,484.46994216508864,487.3545247120165,15101546
2022-07-28,503.574462890625,508.3505823988346,500.8317110769329,504.28378928466987,12160734
2022-07-29,499.6968078613281,507.8777291963506,498.1836012182079,506.0334689140187,11921058
2022-08-01,504.8039855957031,505.98619633480314,497.85260953984863,500.35886167166035,8295631
2022-08-02,512.7011108398438,515.3493089753147,502.2976567294788,503.0543177539742,16845027
2022-08-03,511.5188903808594,516.7679519437197,505.655171628876,512.511993525269,24262125
2022-08-04,504.3311462402344,514.4981595024614,495.7719512714804,514.1671635560723,18072293
2022-08-05,502.2503662109375,513.4577579242721,500.31155226985163,506.50632459508563,21110734
2022-08-08,492.177978515625,495.58272221944645,485.98314830777673,495.58272221944645,32566317
2022-08-10,486.787109375,495.10986149988526,485.5576217415171,493.2656011870938,16904151
2022-08-11,496.2920837402344,497.47429451617586,489.15154219857493,491.7996827916567,13862195
2022-08-12,501.9194030761719,502.9597254368142,496.67039893814257,497.19056011846374,12154012
2022-08-16,497.4269714355469,504.89850821055546,496.52847978424455,504.37834706247423,10721167
2022-08-17,499.5076904296875,501.7775003494035,495.9137237044893,500.16968224473044,12054183
2022-08-18,503.4798889160156,505.79703352089945,497.6634466865571,498.27816163878566,9013662
2022-08-19,492.1306457519531,504.7094137454508,490.38099701081967,503.14887253569157,11087222
2022-08-22,483.57147216796875,491.7051167383744,482.3419845367255,490.853901910903,9676954
2022-08-23,493.5966796875,495.5827707550513,480.68691457300537,480.68691457300537,8597965
2022-08-24,491.13763427734375,494.63698972674746,484.5172539177123,490.85391523552954,11930650
2022-08-25,492.177978515625,499.64951545599195,490.38099517324997,493.6439082290722,15473450
2022-08-26,495.3935546875,500.7844469647244,493.88034809833897,495.3935546875,12855886
2022-08-29,486.928955078125,488.9623807185564,481.1597895368773,483.57148799346,9421339
2022-08-30,502.4395446777344,503.62175537109374,489.8608344454169,490.0972765840888,14835308
2022-09-01,504.37835693359375,511.5662325595548,493.92762598529777,493.92762598529777,16670228
2022-09-02,507.593994140625,508.68159334192575,502.4395439797127,507.8777131616108,10017930
2022-09-05,509.6747131347656,511.4716388097338,507.21568018067234,507.8777297346641,7819994
2022-09-06,508.6343078613281,513.2685967845732,505.1349527279727,508.8234731138315,8657868
2022-09-07,503.9527587890625,508.30332884057043,502.72327119466354,505.41874625079106,8445359
2022-09-08,515.1128540039062,516.6733374465072,506.4590488467253,506.9319331126886,12240707
2022-09-09,523.3410034179688,526.7930817113361,518.2811647716557,519.8417059673161,18587927
2022-09-12,524.8070068359375,528.3063043931888,521.3549284374099,524.8070068359375,9677415
2022-09-13,527.7388916015625,529.6304288474462,523.7193749540595,529.6304288474462,16707275
2022-09-14,540.7431640625,543.6750234535912,519.4633718606526,520.1726982673808,21632641
2022-09-15,541.1215209960938,547.1271284429683,537.1020044950002,541.4997937964107,12749947
2022-09-16,531.332763671875,542.871151610006,529.9141108366572,538.2368625915752,14739280
2022-09-19,541.216064453125,543.2494899696948,529.2047920630926,530.2924490091893,11194003
2022-09-20,542.91845703125,546.6069776867555,541.7835231583919,546.6069776867555,8484017
2022-09-21,538.8043823242188,545.9922005856165,534.7375888940823,543.8169443532304,9392526
2022-09-22,536.5345458984375,542.8712074256107,531.5219835769916,536.0143846837367,11869435
2022-09-23,520.7401123046875,537.1965072724512,519.6997900461478,534.1700365315244,12563239
2022-09-26,513.8360595703125,519.2269520381395,504.09465471098065,516.2004810276811,16158750
2022-09-27,507.40484619140625,521.0239369145561,504.2838214038483,515.0182717607147,11066799
2022-09-28,496.38665771484375,510.5259107155886,492.13069874823987,504.00014160187874,12233485
2022-09-29,493.4547424316406,506.64822528844724,491.3740400704196,500.3115644395551,17310168
2022-09-30,501.8247985839844,507.78318697394207,488.15848842562644,495.58274888276674,17466950
2022-10-03,491.563232421875,502.8179019108135,490.3810216656896,498.98749288066523,9351162
2022-10-04,503.8109436035156,506.74280316670263,499.17665438414605,504.0946626378347,8745887
2022-10-06,508.16143798828125,512.4173965270862,505.6078513199719,505.6078513199719,9507322
2022-10-07,501.446533203125,506.55364910926164,497.99445465465504,506.4590953374414,11065307
2022-10-10,501.9666748046875,504.94586892749584,493.88036497509313,497.1905550114877,9649292
2022-10-11,498.79840087890625,504.7567317306741,497.001417383469,501.96670271413166,10825440
2022-10-12,504.85125732421875,505.9861911671905,497.4742739326023,501.2573482590859,8522604
2022-10-13,493.1710205078125,504.8512389762804,491.98880982375175,504.0946356835077,12972765
2022-10-14,498.6092224121094,505.8443176388137,497.474288535822,501.4465282402605,8545479
2022-10-17,514.1670532226562,515.1600985738679,495.77184488543156,497.8525470701915,13485349
2022-10-18,531.947509765625,532.940555155672,517.0989326199887,517.4299285082948,20440781
2022-10-19,523.3883666992188,532.8933295908961,521.6386601529041,532.4677221755691,9540583
2022-10-20,525.2799072265625,526.6039486407994,515.7276096642603,522.0642708738797,11225588
2022-10-21,530.434326171875,535.1158925512549,527.0295821096737,527.0295821096737,11767639
2022-10-24,539.5609741210938,541.4525112783982,535.2104617493467,536.250784095811,3692065
2022-10-25,547.1744384765625,554.4095917069079,537.1965908085093,541.4525497145627,19899324
2022-10-27,548.2147216796875,553.274559949862,546.2758501185651,552.2815145924133,13613533
2022-10-28,539.79736328125,551.0520313525482,536.2507314594284,548.4984448958112,10043644
2022-10-31,542.6820068359375,546.1340852886444,537.5748910714758,543.769663807375,9894639
2022-11-01,545.6139526367188,553.9839820280091,543.4386385801015,545.0937337035314,12069579
2022-11-02,542.7293090820312,547.552763764299,538.9935691471632,544.6681809673819,10241440
2022-11-03,553.1801147460938,556.064697626696,537.1966012320565,538.1423698961975,17557998
2022-11-04,561.7392578125,564.5765635432895,548.9241051401274,554.2203860808812,25759031
2022-11-07,580.8438110351562,588.9301210515242,574.7435919964456,579.7561540508798,44265903
2022-11-09,582.1677856445312,587.3222354881241,577.4389431687815,587.3222354881241,18939854
2022-11-10,572.8993530273438,581.742266711215,569.541885904196,579.8507294333699,11618405
2022-11-11,568.6906127929688,585.9508886854824,566.0424724202394,583.7756325837807,15525267
2022-11-14,560.4152221679688,571.1970082557938,559.564064987439,571.1970082557938,12957268
2022-11-15,568.2650146484375,569.447225345239,560.5097586575258,562.0702421422246,10286417
2022-11-16,567.2246704101562,570.7713023635337,563.6780384567788,567.4138356593622,11555749
2022-11-17,566.5626220703125,570.061977149896,563.8199279891154,566.6098989514293,8167131
2022-11-18,570.0147094726562,572.8992919689098,564.7657056310915,568.4068914128185,12933675
2022-11-21,565.6641845703125,569.4472590238177,563.0633208835276,569.4472590238177,7412419
2022-11-22,566.6099853515625,568.1232498539574,563.8200139638168,565.7115512979567,8048595
2022-11-23,574.6962890625,576.5404915759619,568.4069050431018,568.9270662065175,12435924
2022-11-24,576.3040771484375,578.1483374757161,572.9466101411601,576.6824076810045,8960032
2022-11-25,574.4598999023438,580.4182308398936,573.3722428670565,577.4390365085501,9994513
2022-11-28,575.5947265625,577.7700404458606,569.6836730210467,572.7574208626024,7934274
2022-11-29,575.5474243164062,578.6211720225103,574.1760484101954,574.1760484101954,6942919
2022-11-30,569.7782592773438,578.2428991188328,565.9479082971545,575.500147307022,15606230
2022-12-01,575.1218872070312,576.7297054409339,568.9271141566862,574.8854450469025,14209313
2022-12-02,574.6016235351562,576.5404373574495,571.4805991230346,574.5543466565885,7533838
2022-12-05,583.822998046875,584.48504767179,574.6017533627327,575.5002451590359,11585602
2022-12-06,575.92578125,586.1873471266914,574.838124306329,581.411227401482,12996244
2022-12-07,574.1287841796875,579.6615648076655,571.717085932937,577.7226931086815,7613892
2022-12-08,578.4793701171875,580.512737911779,574.2234115434572,576.6823867404484,10020015
2022-12-09,583.0663452148438,584.484998122909,576.067634445001,581.0802542336061,11202267
2022-12-12,579.8034057617188,585.147021230506,577.864591753399,581.4585007462825,9285187
2022-12-13,583.3027954101562,583.9175681021829,579.2832787818738,580.2290474002932,7455415
2022-12-14,591.5782470703125,592.7604577958726,584.0120984267273,584.9578670071755,14010673
2022-12-15,582.546142578125,595.4085716060209,580.9856014002335,591.6254974536832,10622271
2022-12-16,570.6294555664062,582.2151207914691,569.447244829155,578.8103769582387,9435071
2022-12-19,571.6698608398438,576.4459808837632,570.2984847791784,571.244253410653,8322012
2022-12-20,571.6698608398438,573.6086749893394,567.0355714555637,570.2984847791784,6753785
2022-12-21,561.2191162109375,576.1149718170277,557.6251493131697,573.0412238348187,9217253
2022-12-22,561.2191162109375,566.5153973363823,555.6863352078802,564.6238601165613,8740149
2022-12-23,542.8711547851562,558.6655013213187,540.5067333792975,558.003451782652,13047046
2022-12-26,564.7183837890625,569.0689537978544,539.750128453268,542.8711531546007,13201587
2022-12-27,569.2581176757812,570.39299376433,561.1244734486816,567.8394648399637,9638618
2022-12-28,568.4542236328125,574.0815585274914,566.0898020573286,568.3123929733651,7988631
2022-12-29,578.6212158203125,584.4849926639092,564.7657405160301,567.4611579261255,20130392
2022-12-30,580.4181518554688,586.8966431228009,578.1955611999747,581.8840815153984,13052895
2023-01-02,578.9995727539062,585.6199532316294,578.0538041142315,581.6004365130118,6726084
2023-01-03,579.188720703125,583.1609026908402,576.9188529457435,581.1748116969826,6818062
2023-01-04,572.379150390625,581.6003939526616,571.2442165610402,578.6684767491398,7011191
2023-01-05,572.2845458984375,578.4320416816555,569.3054095001119,574.0815292943545,8241475
2023-01-06,568.075927734375,574.5071426133578,564.6238492843752,574.4598657287963,7972036
2023-01-09,574.7435913085938,575.9730789468689,567.555715294209,572.1900045367088,8878905
2023-01-10,562.8742065429688,575.9730785899777,558.5709132239706,575.4529174039299,10622660
2023-01-11,564.340087890625,566.9882282037652,560.1314064281567,564.1036457604316,7419630
2023-01-12,562.6377563476562,565.4750621129492,558.0980209430805,565.4750621129492,8183715
2023-01-13,567.5556640625,570.203862090674,561.4555033068693,565.4750195048337,7877610
2023-01-16,570.2984619140625,573.2303214640315,568.0285941994754,570.2984619140625,5483191
2023-01-17,560.79345703125,573.1357247063863,554.2676311351354,570.298419138533,13461999
2023-01-18,559.3748779296875,564.7657707637378,555.7336340028968,563.5835599547415,11538075
2023-01-19,557.861572265625,559.6585556526618,555.686316082724,558.9492292196419,7475688
2023-01-20,560.0841064453125,564.2454531299952,558.7600074807929,561.5973129260831,6750607
2023-01-23,567.8867797851562,569.116267446911,560.7935151306456,566.0425194299563,6604469
2023-01-24,562.1175537109375,571.811682022892,560.888066055424,570.7713596355657,7609623
2023-01-25,537.8585815429688,563.5361628309502,536.6290939830234,563.5361628309502,25686294
2023-01-27,510.6677551269531,537.7167133619173,503.3853255328834,537.1965521891551,40163464
2023-01-30,509.01263427734375,524.2867613983544,496.7176433900897,506.93193196678243,40797825
2023-01-31,523.4829711914062,526.7931616144774,508.6816680667604,515.4439373068046,21911943
2023-02-01,498.75103759765625,534.3592477264737,472.2695462189108,530.9545039283581,38218810
2023-02-02,499.4603271484375,503.7636200499666,475.2486763772784,491.98879055290683,39287056
2023-02-03,514.687255859375,516.3423508199595,490.99576525431956,506.931942213324,32317232
2023-02-06,515.822265625,528.4955314115668,507.4521780994977,528.4955314115668,25338586
2023-02-07,517.429931640625,521.4967824365973,511.7080436679747,518.2811463944632,16195947
2023-02-08,519.9362182617188,524.4286185104557,515.916702249691,520.1726603800734,15502847
2023-02-09,520.9293212890625,522.0642551278453,513.3631726640212,522.0642551278453,15061047
2023-02-10,523.0573120117188,527.0295516716327,516.8625392347192,516.8625392347192,13824475
2023-02-13,508.3505859375,526.6985185479009,504.37834655817164,523.9557667151163,18488732
2023-02-14,511.5188903808594,515.065522396235,501.96665124283317,510.6677333322475,18559909
2023-02-15,512.843017578125,515.1128852826321,507.68856722110974,510.7150382520747,12796579
2023-02-16,510.80963134765625,517.1935698172999,509.2964245782404,517.1935698172999,12767016
2023-02-17,502.2031555175781,510.38407746870104,499.1294073905873,509.29642042601847,14192008
2023-02-20,496.67041015625,504.9931624047725,493.8331043175399,503.1489020645839,12570032
2023-02-21,495.0625915527344,500.264318919326,494.0695460550484,498.514612351846,10223218
2023-02-22,488.3475646972656,493.596626297569,484.70637889222513,492.50896938170973,14763050
2023-02-23,492.7454528808594,495.58275875157454,483.618791435906,488.91510150042114,15535085
2023-02-24,492.7926940917969,498.8929128172425,489.52978103166254,495.77188813042636,12253035
2023-02-27,499.0821228027344,501.06821385639995,490.8539240908659,492.84001514453155,11048799
2023-02-28,494.4478454589844,499.7914614948557,492.79275029877584,498.6565275542565,15768010
2023-03-01,507.593994140625,508.2560436730128,494.7315071796655,494.8733955527241,13510198
2023-03-02,504.8039855957031,510.62048552212866,503.62177485660317,506.8846880415459,10376913
2023-03-03,530.7653198242188,533.6971792282246,512.3701100503431,512.6065521869607,27656538
2023-03-06,531.2382202148438,537.1019969258892,528.6846335168734,534.2646912003962,16162268
2023-03-08,534.1701049804688,534.8321545594332,526.2729600942696,529.630427149925,12637578
2023-03-09,528.5901489257812,535.0686414234416,527.738934006682,534.1228727245049,8993423
2023-03-10,517.6664428710938,524.8543191820775,515.4439096534684,523.1046125600982,11522371
2023-03-13,501.2573547363281,523.151920773827,499.7914249608996,517.3354208316443,14373729
2023-03-14,496.9068603515625,503.9055135652345,491.7996866691743,499.03483976503486,14750800
2023-03-15,489.4825439453125,503.14891222270455,487.59100668131737,501.0682096872827,11282329
2023-03-16,496.0556335449219,500.64258819117475,486.4087822245695,490.2864681418889,20040008
2023-03-17,501.0682067871094,502.77057876982445,491.8942395648045,499.9806075016889,18787379
2023-03-20,491.0430603027344,498.0417131884692,487.0708207053534,498.0417131884692,14275315
2023-03-21,493.54931640625,495.0625807877978,488.4422006470023,493.69120478503487,29485180
2023-03-22,493.26556396484375,498.4200139846637,491.89418805496433,493.880336597761,11619538
2023-03-23,484.9428405761719,492.7454313801766,483.7606298482924,491.2322247385441,22097792
2023-03-24,477.94415283203125,487.02353688053415,476.14719832075485,486.5979294788206,14416984
2023-03-27,482.48382568359375,486.26692879064547,474.3502102854361,479.50466048857436,15674218
2023-03-28,480.5450134277344,483.99706291588154,476.5254970283352,483.7133438915386,15833599
2023-03-29,488.4894714355469,489.90812430515643,478.8426203771755,481.39620708749925,24203789
2023-03-31,495.3462829589844,496.4339398922883,491.1848782077965,492.4144235150555,17356345
2023-04-03,498.18359375,499.8386887458472,493.78574681383884,496.29205661188894,14210949
2023-04-05,494.6369934082031,498.9875060154293,490.90119577529373,498.4200679275775,13574801
2023-04-06,499.0347900390625,504.75667812455197,493.3601788352455,495.58271180002174,25125879
2023-04-10,497.7580261230469,501.6357122011066,495.96110033333457,500.54805516972885,17335453
2023-04-11,503.24346923828125,506.6482709704916,498.561960659839,502.0612584406672,26414406
2023-04-12,499.5549621582031,505.0404082306634,497.47425979275084,504.2838049318985,21292441
2023-04-13,504.0473937988281,505.27688145059244,498.56194738894,500.5953152716292,28597560
2023-04-17,514.4981689453125,515.4439376382267,499.3658698586857,499.3658698586857,32476990
2023-04-18,516.2477416992188,518.754051455373,511.1879030294058,515.7748574225958,22283456
2023-04-19,510.998779296875,517.8083249786072,509.0599651502015,514.4981347732645,21156372
2023-04-20,515.2547607421875,515.8695334687824,507.5467807037376,511.85001661448604,25588577
2023-04-21,513.6942749023438,516.7680230720757,510.43136145406214,515.4439238473666,22599418
2023-04-24,524.5232543945312,525.4217461299845,514.0252457859217,514.308964827345,23335611
2023-04-25,531.332763671875,537.1019865035063,524.9015490305807,524.9015490305807,38142390
2023-04-26,535.6360473632812,536.250820070701,526.2729724415733,531.521976860201,23143882
2023-04-27,534.122802734375,536.6291125481928,530.6707243455518,534.3592448781264,17845169
2023-04-28,546.9379272460938,548.971352667809,534.8321016537752,537.0073577193658,16183423
2023-05-02,544.1006469726562,549.3496509930271,542.0672791815007,548.5457707982896,13667511
2023-05-03,539.5609741210938,543.8169327250288,538.1423212531155,539.7028624979448,9699527
2023-05-04,548.5457763671875,549.3023796861156,537.6694376978381,539.2772558287686,12533761
2023-05-05,545.235595703125,556.3483767083491,543.8642196936237,548.7349510540522,18163461
2023-05-08,551.9505004882812,555.733574673191,546.0394470743597,546.3232238183328,12990869
2023-05-09,542.3982543945312,554.6459684581436,541.0741553565239,553.2745925384495,18959065
2023-05-10,541.1688232421875,543.8169638690443,532.7041824334594,543.8169638690443,18561315
2023-05-11,542.3510131835938,548.5457859453637,540.9796371737035,541.1688024380219,16016715
2023-05-12,546.796142578125,549.2551178633527,540.5540351442528,543.5332293428207,11319335
2023-05-15,550.3427124023438,552.3288031592693,543.4858907877809,547.3635185418273,11410243
2023-05-16,554.5040893554688,558.3817750457957,550.4372961352346,552.3288332353558,22178229
2023-05-17,554.5040893554688,558.4763288107494,548.0728747600833,554.2203703354769,23739774
2023-05-18,543.060302734375,561.6919543637448,540.4121623892405,558.287153012746,45656620
2023-05-19,543.9588012695312,554.4568090197679,538.9935164126377,547.599987074534,42293962
2023-05-22,545.850341796875,548.8294780947019,542.3509866163723,546.1813376993675,21484049
2023-05-23,550.0590209960938,552.0451697862326,545.519343043849,547.5054918339878,16120548
2023-05-24,551.0993041992188,553.5110022753847,546.8906229230947,548.3565525203621,17616658
2023-05-25,549.7279663085938,551.2885074965544,545.7084499957997,550.4372927167339,16479436
2023-05-26,554.220458984375,555.8755542117174,549.0660080170519,549.728057653017,9788076
2023-05-29,562.7322998046875,564.056398894281,556.1591966905138,558.0034569491859,18432231
2023-05-30,560.651611328125,563.2051980785457,559.4221237001843,562.7323137812506,15031640
2023-05-31,559.0607299804688,563.8332703864224,556.7950076008431,562.8691231871136,28797643
2023-06-01,561.8568115234375,565.3759725346222,560.169553831175,560.9408598639765,17820226
2023-06-02,566.1472778320312,567.7863399289043,562.0978476064854,563.7369097033585,11323908
2023-06-05,566.1472778320312,568.6540371470996,564.9902893608927,567.4006574895654,12920507
2023-06-06,564.3635864257812,567.7863563449595,562.0978638580726,566.9186002547972,11199940
2023-06-07,568.0755615234375,569.4253323416787,564.9902786080794,566.9185730743186,11113781
2023-06-08,567.400634765625,572.6552488450642,565.3276947192347,568.7986599936411,15971917
2023-06-09,557.9520263671875,567.9791224774418,556.0719274568654,566.9185840392489,18870272
2023-06-12,557.9038696289062,560.651665949061,556.9879179065606,559.2054449706885,8786066
2023-06-13,555.7344970703125,560.5552333084419,553.6615569491656,558.6751344061959,12612098
2023-06-14,555.8790893554688,557.8073838698208,554.6257096905156,556.3129673905737,8948696
2023-06-15,546.189453125,556.023767492567,544.9842689830649,555.348852603707,17934877
2023-06-16,550.7691040039062,554.0954237099354,546.7196738768654,548.3587359338673,12660226
2023-06-19,548.4551391601562,552.215336970729,545.6109518525627,550.7691160969515,17903691
2023-06-20,547.0571899414062,549.0336800950572,542.3810403275806,548.4551564192141,14549152
2023-06-21,546.0447387695312,549.0818259637434,545.3698828124838,547.0571403988516,14946871
2023-06-22,542.7667236328125,548.5998029137497,540.9348202600779,546.0447890802325,14979063
2023-06-23,534.716064453125,541.9471691410787,533.9447583891194,541.8507779506582,12215712
2023-06-26,537.0781860351562,538.4762112446472,534.6196224443274,536.0658432444474,8360264
2023-06-27,545.8037719726562,547.5874798151365,535.7284795993684,538.2352390818655,10694768
2023-06-28,549.37109375,553.4205239875774,548.1659096820828,551.7332662924933,18028934
2023-06-30,552.3117065429688,553.4204993748917,549.7567517407397,553.4204993748917,8718232
2023-07-03,564.4600219726562,565.3277191936658,553.3241329514472,553.9025977654534,15421985
2023-07-04,568.123779296875,574.5835777803604,561.3747484015366,567.1114364319501,24799250
2023-07-05,569.4253540039062,572.4142458484074,567.1114358645187,568.6540479574438,13598114
2023-07-06,571.2572631835938,572.2214104632285,567.9791388940837,569.2325774351127,11323509
2023-07-07,572.3178100585938,574.1497134555585,564.5082405175979,568.8469033396802,11707209
2023-07-10,571.3536376953125,578.2955096754295,569.0879151930579,573.3301866383733,11417363
2023-07-11,567.4488525390625,574.5835657318489,566.2918640690325,573.6676140744553,13221177
2023-07-12,568.123779296875,573.1855524683788,567.1114364319501,567.8827424791843,16029716
2023-07-13,564.65283203125,576.5600264296337,562.4352463905591,573.571193644083,20024503
2023-07-14,563.4476928710938,570.1002737819823,559.88033617268,565.71341543592,12190152
2023-07-17,579.5488891601562,581.2361468497637,563.2548359229304,565.9544364569268,19378986
2023-07-18,571.1126098632812,582.3931446524997,567.6417032420812,581.4289973858464,25757209
2023-07-19,579.8864135742188,580.8023652915784,570.7752096906919,573.3302236106615,17556585
2023-07-20,588.1780395507812,588.9011500146614,577.2831869976956,579.8382008421577,34038351
2023-07-21,593.0469360351562,597.2892073744681,587.1656614867653,588.1298087141655,21040281
2023-07-24,595.5055541992188,599.6031798857839,592.2756257028592,592.9987361181354,11756364
2023-07-25,587.744140625,599.5067488556581,582.537780778133,599.5067488556581,18503305
2023-07-26,593.09521484375,594.2521444866661,587.310331241653,590.0581274138974,9999125
2023-07-27,594.4449462890625,598.9764499129095,591.1186266690645,594.3003595167257,17444742
2023-07-28,593.962890625,597.6748927770809,591.6007181367443,594.3003774643948,11930586
2023-07-31,597.9641723632812,598.7354784405272,592.4685209367213,594.5414611882713,8605483
2023-08-01,589.9134521484375,598.590777115643,588.7082681252145,597.9641167316927,13493453
2023-08-02,576.993896484375,588.6118583315358,572.7998209080405,587.9851391205248,14977497
2023-08-03,569.3289794921875,579.3078804881416,564.0261693529716,577.2349991054857,27774877
2023-08-04,552.74560546875,577.2349691049168,550.9137610058102,573.4747712992396,52725616
2023-08-07,547.539306640625,556.3130240355339,546.3341224464406,556.3130240355339,32736325
2023-08-08,552.552734375,553.6615271889215,548.0694852226486,550.528048802567,25038671
2023-08-09,553.1795043945312,554.3846884999659,547.9730855203012,554.3846884999659,15769111
2023-08-10,553.0831298828125,556.8914646933206,549.6603598426617,553.1795210754018,27325801
2023-08-11,553.565185546875,558.241276326227,551.492245351644,554.8185652442073,18221179
2023-08-14,540.6937866210938,552.456395288408,538.5726508209419,552.4081996934482,28084093
2023-08-16,545.0806274414062,546.0930291373386,534.1375796285616,538.7654746862926,15725767
2023-08-17,551.6368408203125,552.6009880147222,543.7790176471228,545.4662752373399,27910162
2023-08-18,552.408203125,554.6257301288466,547.0571974198606,549.5639568421426,18253227
2023-08-21,551.2030029296875,554.9149463595685,550.2870512589609,552.4081870104123,9380810
2023-08-22,548.11767578125,553.8543633129792,547.1535285942997,551.9742645290513,14073413
2023-08-23,556.2166137695312,557.2289566885623,545.7073844177855,550.5281210292501,18579297
2023-08-24,556.2647705078125,561.1337023758908,554.9149408121432,557.4217589831178,24131644
2023-08-25,549.5157470703125,554.6739114144629,546.8643420837741,553.2276905127146,12271885
2023-08-28,552.3117065429688,554.1918053746803,548.7926045292852,552.2635109517712,9711932
2023-08-29,554.2400512695312,555.6380766224023,551.3476093726454,553.0831215882818,13144855
2023-08-30,547.0571899414062,556.9878951511408,545.8037514005196,556.0237478716156,15281416
2023-08-31,541.2240600585938,549.8531901110308,539.3440199124148,548.8890428168341,27898476
2023-09-01,549.1300659179688,550.7209324523909,541.9471569863232,542.5256806565127,18121168
2023-09-04,554.9149169921875,555.6862229936563,548.0694953146975,551.4922061534426,12108655
2023-09-05,552.4563598632812,557.5181327939658,550.8654934034583,554.9631191092507,14444729
2023-09-06,550.0460205078125,553.6615727898534,547.6356523197853,553.6615727898534,20609936
2023-09-07,558.2894897460938,560.1695887755602,547.635673708293,547.635673708293,12390597
2023-09-08,562.53173828125,567.4006702412167,558.9161860069856,560.169565692688,14032068
2023-09-11,570.4859008789062,571.0643656508981,564.3635309487681,565.9543973420567,10946134
2023-09-12,567.2560424804688,572.9445351099214,563.6887445349923,572.3660702665688,16093060
2023-09-13,575.065673828125,576.560090386674,562.531758819719,567.304299765373,19377172
2023-09-14,575.8851318359375,582.0556976801864,573.8604461806968,576.9939246952075,13178911
2023-09-15,577.3313598632812,579.163263171742,573.8604533120565,577.8616290798742,11756389
2023-09-18,582.2967529296875,586.587220031729,575.6441132571398,577.331370972233,19305055
2023-09-20,579.5488891601562,585.0445402613964,577.9098859106114,579.3078523473552,21314600
2023-09-21,567.063232421875,584.8517022259392,563.6887170242877,578.4883538720975,23453425
2023-09-22,576.7047119140625,580.4166553572468,570.1967178548243,572.2214035789467,18784139
2023-09-25,572.7516479492188,579.9345565537149,569.2807414736828,579.9345565537149,9712784
2023-09-26,573.0891723632812,573.6676371981744,570.0520848628917,572.7034899087656,8327427
2023-09-27,568.6058349609375,572.9926931348808,567.1114185078637,572.1731915193855,9865347
2023-09-28,568.7987060546875,573.8604793320803,567.738108726534,570.052085763523,21960816
2023-09-29,577.09033203125,578.488357330842,570.1002643801689,571.5946808672312,12189735
2023-10-03,581.3325805664062,583.2126794228604,568.4611798159711,575.2102103849722,15322196
2023-10-04,565.2313232421875,578.9222259114165,563.4958699679197,578.48834788113,24914612
2023-10-05,570.9198608398438,573.0409378728881,566.0508697813017,568.8469205566893,13248028
2023-10-06,572.9445190429688,577.4760230117589,570.9680288955789,572.1250173967202,8216780
2023-10-09,564.12255859375,567.8827565818558,560.6998474669198,566.9186092871498,9189597
2023-10-10,570.437744140625,573.6676138901629,564.749251825484,565.9544358882783,10373508
2023-10-11,567.2560424804688,575.5959401945697,566.5329320028374,575.4995490029714,14220119
2023-10-12,565.0385131835938,571.7393486854555,564.0261702883498,569.6182128568753,11983797
2023-10-13,555.4934692382812,560.4587923356951,554.1918351248179,557.0360813206687,19064577
2023-10-16,555.0113525390625,558.0001852843412,551.0101181684682,555.3487805162515,11290293
2023-10-17,555.78271484375,559.1572303451123,554.6739219259789,556.9878989513794,10765224
2023-10-18,552.1189575195312,558.4823059606506,548.9372244520923,557.0360850561344,11777454
2023-10-19,550.720947265625,553.420547925152,546.6715168528941,549.371117512421,11441499
2023-10-20,542.9113159179688,549.5639557633297,541.9471686271559,549.4675645730006,11110988
2023-10-23,533.125244140625,545.7073542311729,531.2451451967778,542.9113036124381,11875035
2023-10-25,536.2587280273438,540.6937819693302,533.7519097953203,538.5726461874272,12134624
2023-10-26,527.3885498046875,533.0770421621733,523.7248019958954,531.6790168695493,19424825
2023-10-27,541.0313110351562,542.3328864238197,530.2810445032903,530.2810445032903,10415296
2023-10-30,544.93603515625,546.3822560251111,536.5479423474799,542.8148994458782,8593704
2023-10-31,545.2734985351562,549.0818921729843,542.95958030296,546.6715239018123,13039696
2023-11-01,546.093017578125,549.2264960926518,543.6343950507638,545.9483719540883,13575575
2023-11-02,551.588623046875,554.8185516709641,547.2499603836425,550.6244757883788,11148516
2023-11-03,557.4217529296875,558.7233281709723,552.8902491112981,555.3488128153236,11371371
2023-11-06,553.7579956054688,561.6158198859742,552.697457080918,561.1337462208361,16499138
2023-11-07,558.96435546875,560.3623807188147,552.0706792493585,554.1918149204695,17923281
2023-11-08,559.49462890625,561.7121557781876,558.2412492696659,561.0372997909418,15434808
2023-11-09,557.6145629882812,560.9890785114845,555.8309140361974,560.1695768517445,12434363
2023-11-10,558.7233276367188,560.1695485020424,554.7703474769183,557.0842655533097,6773038
2023-11-13,560.5069580078125,561.6157508400668,554.5774879637208,560.1695300224528,11282362
2023-11-15,563.7369384765625,566.9186127994279,561.7121938370072,566.1955023239185,11397676
2023-11-16,563.688720703125,566.9185904945721,562.0014629933197,563.7369162968865,8622660
2023-11-17,542.8630981445312,553.902595942704,541.9471464863035,553.902595942704,37173221
2023-11-20,543.5380249023438,546.4786623142577,540.5009374550467,543.7790617204822,12714585
2023-11-21,541.3687133789062,546.3340955532802,540.8866397249625,545.7073762644006,14280013
2023-11-22,538.9100952148438,544.2611004650989,535.246347583391,542.7666840578206,14909071
2023-11-23,539.874267578125,543.2969785663546,538.2834010675289,541.6097208689436,6376210
2023-11-24,540.2598876953125,542.2846322273022,539.1993492596594,541.802558602573,6529851
2023-11-28,544.2129516601562,544.9360621303805,540.9830229183594,543.3933911524404,8153314
2023-11-29,548.214111328125,548.5997937728681,544.8395959006997,547.6356465078894,10299034
2023-11-30,544.502197265625,549.7568119125536,543.4416587556975,549.3229338505354,19758998
2023-12-01,551.2511596679688,553.6133320690648,546.2375824761655,546.6714604840198,10614230
2023-12-04,573.37841796875,574.6317977044337,563.5922992174134,566.9186192117567,26077882
2023-12-05,586.4425659179688,589.3832032666363,573.7158104246026,573.7158104246026,36430152
2023-12-06,586.6354370117188,591.9864427624263,582.8752389993938,591.9864427624263,21439069
2023-12-07,589.7689208984375,590.5884225726319,583.3091221564198,588.1298587031671,10725706
2023-12-08,592.131103515625,594.6860586201612,583.6465599734173,588.1298685759048,17722136
2023-12-11,592.2274780273438,597.6749338019196,591.1186850954592,592.9505885011256,11706255
2023-12-12,590.44384765625,595.7948535613543,588.9011766221438,594.8789018296793,14494836
2023-12-13,597.6266479492188,598.2533671989761,589.7206875955662,592.4202881197557,13977914
2023-12-14,601.2904663085938,605.2434465626046,600.0852822254344,603.5561888461816,15813797
2023-12-15,625.0084228515625,626.6956804527815,597.6266188130294,605.4844420374566,29813572
2023-12-18,625.24951171875,632.1431883165444,619.3682368434937,623.4658627876797,16221796
2023-12-19,631.9021606445312,635.9515322057881,617.2953055873893,625.2495207706708,19964008
2023-12-20,613.6315307617188,636.7228692336894,611.2211626299238,635.0838071346933,22542056
2023-12-21,620.6697998046875,625.6833773355924,605.002406799909,609.4857151061817,19915516
2023-12-22,613.9207763671875,626.1172629150401,612.3781642684246,621.6339545547611,14998068
2023-12-26,615.1741333007812,618.3076118235898,612.8602152382182,615.9454393216356,10153089
2023-12-27,625.2976684570312,626.1654244947468,616.0900742651665,617.777331902043,14417646
2023-12-28,628.0455322265625,629.8773766643785,623.3211872377498,626.9367393678991,16982092
2023-12-29,619.03076171875,626.3100620587661,616.6203934706069,622.3570816705638,13221898
