Date,Close,High,Low,Open,Volume
2020-09-01,826.9752197265625,831.0314203630332,809.3157658137534,816.1915735708362,1148605
2020-09-02,841.221435546875,855.7644974648839,832.3175274807663,833.9993888588407,2006869
2020-09-03,843.2001342773438,854.5278967655806,841.9140262199817,844.7830875955158,888422
2020-09-04,825.6396484375,836.7695342211974,824.1062095840006,833.0101182109586,1069706
2020-09-07,829.4979858398438,833.010070855231,817.1809008627325,826.5794705457786,808757
2020-09-08,835.9780883789062,841.7656048373623,821.3361173692055,831.9713415704756,1438741
2020-09-09,821.6329345703125,834.4941364359526,813.2236871966248,828.805527918458,1685144
2020-09-10,836.1759033203125,838.9459959472138,824.2050574782355,824.9965642717706,659109
2020-09-11,855.1710815429688,857.6443897839149,834.7415313193521,836.9675087362037,1559667
2020-09-14,847.9488525390625,866.6470843339107,840.9246822874704,861.700468555749,1346301
2020-09-15,855.4677734375,861.7004974502805,843.9421341345085,852.1040504421604,724917
2020-09-16,858.3862915039062,864.1738080224385,852.1040530059869,855.764560892283,823952
2020-09-17,847.0090942382812,857.149657186795,843.4474944360222,849.2350714708818,612356
2020-09-18,839.044921875,852.598660824224,836.027498407085,847.8004678001207,1245818
2020-09-21,831.13037109375,842.7054642612615,826.6784168280528,839.9353714615265,875668
2020-09-22,822.968505859375,831.0315143484166,793.0414781105184,831.0315143484166,1265561
2020-09-23,824.106201171875,832.5154481226084,818.3186847768268,824.4524401282133,628723
2020-09-24,795.8115844726562,823.2653025219594,773.9969602023604,821.7318032970946,14778790
2020-09-25,788.5400390625,804.8144176673213,771.6720906951575,787.5012617863403,2252162
2020-09-28,804.3197631835938,807.5350635899242,791.4585615582718,794.4265311641153,1108315
2020-09-29,800.4613647460938,822.5233200760746,793.5361024518206,810.2556884299639,1666687
2020-09-30,802.7863159179688,805.8531936585972,793.8329531104932,800.7582154518439,701139
2020-10-01,810.1567993164062,816.1421926490807,799.0269132245954,808.2770610675018,941061
2020-10-05,816.1421508789062,826.0848365353577,806.2983733848101,813.2236354875018,803756
2020-10-06,821.1876831054688,827.0741680287839,813.4709744756789,817.1809363537984,1211894
2020-10-07,819.1101684570312,827.0742082661482,816.2411069783072,823.6115770114454,637342
2020-10-08,812.2837524414062,827.0741454687724,809.2663289395405,826.3321531133877,1313341
2020-10-09,797.2955322265625,818.4670109149013,794.9211325682948,817.3293255489122,1188895
2020-10-12,783.19775390625,804.2208724021107,778.7952534857114,804.2208724021107,1097157
2020-10-13,778.1521606445312,786.5119538660966,772.6614288923541,781.5653378040457,1142687
2020-10-14,801.9453125,804.9627963814212,768.3578402302052,779.5866337069785,2146398
2020-10-15,796.1578369140625,813.0257852218117,793.1898673449514,801.945353420431,1920570
2020-10-16,791.0133056640625,802.3410677102835,788.1443047839732,793.4371594372964,682969
2020-10-19,789.7766723632812,799.9172348279058,786.5119179879546,791.953195407997,661678
2020-10-20,792.2005615234375,800.6098088202832,781.5653370009561,800.6098088202832,1616359
2020-10-21,776.9649658203125,795.415868006448,772.4635572509555,792.4478983497075,1763644
2020-10-22,772.4635620117188,779.8834861992997,763.0649913741163,779.8834861992997,1861965
2020-10-23,762.4713745117188,781.3179687077424,758.810866728507,774.7884599792518,2252423
2020-10-26,770.5343627929688,776.5198165578463,756.9311685700599,766.7254925639531,2638341
2020-10-27,766.1812744140625,783.3460057665786,762.8670058528566,782.554559376145,2566397
2020-10-28,762.7681274414062,769.8912660000476,757.8215118289457,768.7040661763589,1156097
2020-10-29,753.3695068359375,764.7467219752853,747.1862377384659,756.2880219266416,1126591
2020-10-30,760.9379272460938,767.417981821228,749.2144116535218,753.369580972617,1156735
2020-11-02,757.8709716796875,770.1880567252091,754.0621017824843,762.7681332500143,891886
2020-11-03,780.47705078125,789.2819905138721,760.9379187291521,765.2909043233213,1542962
2020-11-04,782.5547485351562,788.2433576427127,775.4316085324717,788.2433576427127,923658
2020-11-05,796.4051513671875,798.1859209954091,784.5332733343847,788.4905660119856,1373458
2020-11-06,792.6951293945312,800.2634752201495,786.5118600544803,796.8502984677434,1722728
2020-11-09,799.5215454101562,809.1179318694197,793.140398875614,799.3731227809947,1255422
2020-11-10,820.544677734375,824.0073088985098,802.6873458525405,807.4855995529389,1490688
2020-11-11,830.5862426757812,837.9567122569836,822.7211115170956,824.1061880874466,1822930
2020-11-12,828.8055419921875,835.3845656731881,816.290578887787,831.0315192759624,1003690
2020-11-13,822.968505859375,829.9927370321807,815.3012508162795,828.8055370778404,824124
2020-11-14,831.4766845703125,835.6813081149586,827.2226069430166,835.6813081149586,187698
2020-11-17,853.934326171875,857.6442880934059,827.3709625836178,832.0207936019686,2140176
2020-11-18,848.7898559570312,859.425080412668,837.7588780659256,854.52791847035,968393
2020-11-19,837.7093505859375,853.5879745610896,829.0527732991031,845.6733896131268,1466056
2020-11-20,836.42333984375,840.9247484794995,826.08489997692,839.7375485225934,971981
2020-11-23,822.7211303710938,845.277747128056,821.1382374402694,838.1546081723571,1668966
2020-11-24,829.99267578125,831.0314530208274,823.0674136727431,823.0674136727431,874577
2020-11-25,839.9848022460938,855.4182795025547,834.9887324520778,837.0168328179465,2407145
2020-11-26,842.4087524414062,849.4824378748484,839.2429059456664,844.1895222254162,1791878
2020-11-27,837.016845703125,848.4435161006973,832.0207758321988,845.8713000434362,2310173
2020-12-01,842.26025390625,845.8713076184868,831.2293368264679,840.8257836211776,1027637
2020-12-02,866.201904296875,869.8624121654559,841.2214938252482,843.8926785068342,2097626
2020-12-03,848.9876708984375,871.5936803383801,842.3097397494204,870.6043572051924,3804064
2020-12-04,853.7858276367188,861.7004123656802,847.3057734665794,855.8633819746753,1654173
2020-12-07,842.6559448242188,856.7537989055162,838.9459832238773,854.2804911719553,2151322
2020-12-08,844.68408203125,850.323235987095,839.1438966191696,845.6734051679424,2473148
2020-12-09,848.8392333984375,854.7751720935315,845.6733873510226,848.8392333984375,1813714
2020-12-10,846.9100952148438,853.6869952203591,845.8713179537048,851.8072570270641,2302834
2020-12-11,840.6278686523438,853.5879773942526,836.3737913053922,851.7082996929672,1939950
2020-12-14,841.12255859375,849.1360519971489,838.9954896567587,845.8712976618194,1186967
2020-12-15,847.0585327148438,849.2845099064297,833.0595853343609,842.1119167335419,2044843
2020-12-16,848.3446044921875,852.3018971078945,841.4193424147003,852.0051122384151,1618300
2020-12-17,847.2068481445312,856.65493245348,842.5075632219936,848.3445939107531,1650113
2020-12-18,847.9984130859375,854.7752529168915,843.6948208949732,849.8286368699187,1469894
2020-12-21,831.872314453125,854.7751686460539,823.6609447013947,848.8392299749007,2239781
2020-12-22,844.83251953125,846.46486650544,816.3894788505095,831.8723499822775,2263176
2020-12-23,845.8218994140625,849.8286463802501,838.5998519813605,846.3660151086193,1535665
2020-12-24,864.569580078125,870.3076426373833,842.1613851480985,848.7404086685866,2659479
2020-12-28,892.0232543945312,894.8428012567022,868.1310758460543,873.4734450815814,4187861
2020-12-29,889.6983032226562,899.245295843349,880.7943948075621,897.2666495288837,1834129
2020-12-30,893.309326171875,901.2733652369523,881.2890260715751,892.3694571281349,1969826
2020-12-31,894.595458984375,897.6128825171896,884.7022274777742,892.3694818953898,1123846
2021-01-01,885.8399658203125,897.365544198682,884.454889267615,893.3587975488326,798399
2021-01-04,901.6691284179688,907.2093138145847,884.9495433011407,890.3908205377603,1028233
2021-01-05,895.8815307617188,910.0783536294713,889.4014764637367,896.7719457146894,1209912
2021-01-06,900.5808715820312,905.2307025680964,891.3801781572183,896.8709096862603,1214878
2021-01-07,904.3897705078125,906.7146557280773,894.5954472909044,906.4178708634573,1109459
2021-01-08,925.5118408203125,944.3089813607571,908.1986850593767,910.177331432055,4436263
2021-01-11,926.2538452148438,942.3303472012162,916.9541829893284,929.963807211699,2146652
2021-01-12,915.1239624023438,926.0065176309122,911.7107852766844,924.8193177110963,1573331
2021-01-13,916.6573486328125,938.8676653319584,912.6506019691586,917.5972176979888,1996557
2021-01-14,915.2723388671875,921.900755683435,908.6933157483828,920.1694401662226,719918
2021-01-15,900.5314331054688,919.8726893805542,893.7545934118222,915.2723727801758,733660
2021-01-18,883.36669921875,897.514008738461,873.7702522130176,889.4015465155687,936905
2021-01-19,894.743896484375,908.1986674036236,880.9922803081992,880.9922803081992,1420092
2021-01-20,887.1755981445312,901.1745458705481,885.4442825083418,895.436422883808,1147187
2021-01-21,868.9224853515625,898.1075174295925,865.6577311280065,898.1075174295925,1913821
2021-01-22,853.3406982421875,876.2435540504255,829.0528262097581,876.0456773373995,3421388
2021-01-25,853.6375122070312,873.3250683457956,843.8927026892819,856.6549963206312,2534590
2021-01-27,872.335693359375,875.5509936184257,849.9274997082857,856.0613153560965,2745728
2021-01-28,863.2339477539062,874.9079494597996,859.573439830123,873.5723872906134,1855486
2021-01-29,855.2203979492188,873.6217841460201,848.8887057183342,867.1911837548217,2286478
2021-02-01,865.1630859375,887.422856587693,842.952769367609,865.6577475075043,3099408
2021-02-02,856.1107788085938,880.4976190398941,848.7898235994821,878.518972704973,2781083
2021-02-03,856.9022216796875,870.5548682947438,849.185453242774,860.7110914366724,1883217
2021-02-04,854.6763305664062,861.4037162019522,849.8286227674197,856.902307750605,2094974
2021-02-05,854.9730834960938,860.7111457242232,844.5357362769413,857.4958454672075,1766235
2021-02-08,849.9274291992188,862.3929361687402,847.8498748960427,855.7644594925051,1899676
2021-02-09,879.2114868164062,885.4442105232794,853.7858700352963,859.721808876793,4311868
2021-02-10,901.61962890625,905.4780133459616,884.4548964012998,888.412189002648,4993209
2021-02-11,897.6624145507812,912.0571159497117,895.8816448016502,900.0862685570838,2184819
2021-02-12,887.2744140625,903.7466681275814,883.9107516920103,898.3053909795774,984794
2021-02-15,867.8837890625,891.5286380190835,865.6578118320747,888.4122457430892,1715171
2021-02-16,862.6897583007812,878.8157130363569,859.721788948829,867.8837046666977,1634864
2021-02-17,867.7848510742188,873.720790151372,860.7111661872133,860.7111661872133,1496973
2021-02-18,883.960205078125,889.2530596009099,869.3182350225834,870.7032511563493,2387930
2021-02-19,872.0884399414062,889.550019358522,864.9158464194832,888.8080269252196,1120800
2021-02-22,839.9848022460938,875.5509813034228,836.0769637556681,870.6043655898442,1810985
2021-02-23,860.4144287109375,865.0642599875692,839.9354256898562,843.8927186259687,1480977
2021-02-24,862.2445678710938,866.5481597466172,843.5958508943021,860.8100372459193,683427
2021-02-25,863.0855712890625,873.4734647380818,860.4143866111871,863.8770177608601,1885254
2021-02-26,857.6442260742188,869.5655574432998,848.8886803424527,850.8178724788412,2636891
2021-03-01,867.0428466796875,869.6150627574267,843.1012139900993,850.8179226068112,2648545
2021-03-02,869.7634887695312,876.5403283283789,861.2058191984806,867.3890890089235,1583910
2021-03-03,896.77197265625,900.2840577278304,874.0669945082836,878.5189486399048,2127137
2021-03-04,906.12109375,914.9260335210067,882.8719998145046,890.0940467050025,3140379
2021-03-05,893.9028930664062,905.2306548679549,885.394738387164,900.2840392675835,1268992
2021-03-08,913.9861450195312,920.7135905773673,892.0726740274794,893.9523517351759,1396479
2021-03-09,960.9295654296875,973.2466507483861,928.9744396978241,939.8569943694706,11031435
2021-03-10,930.7057495117188,963.6007441131162,926.006464568662,963.3039592460427,2362998
2021-03-12,904.4392700195312,926.303288308199,895.3374846185333,895.3869387012054,28967831
2021-03-15,910.1773071289062,916.8552384583846,892.3694902502973,911.166630288829,4581531
2021-03-16,904.2908935546875,914.0357636784129,901.2734697556957,908.6439399549859,1422174
2021-03-17,879.4588623046875,914.0357198906595,875.7489003401732,914.0357198906595,3809803
2021-03-18,880.94287109375,888.4122493091262,872.8798627177795,885.4442796566458,2657918
2021-03-19,897.019287109375,900.234587257005,872.8797787706941,878.4694785653553,2849173
2021-03-22,890.5887451171875,899.5421078838748,885.7904914295849,895.3374843386381,1660688
2021-03-23,889.3026123046875,901.1249757549379,885.4442278289072,895.139582716145,1642691
2021-03-24,871.2969360351562,885.4442454216183,865.7072359190408,883.4655990631343,1900721
2021-03-25,854.8740844726562,874.8584235881766,851.807206951778,865.7566388007277,2711471
2021-03-26,864.6189575195312,867.5374728161579,858.8313810058496,860.7111190975052,1194885
2021-03-30,862.8382568359375,871.5937430411245,858.7325413844451,866.6471270193248,1276847
2021-03-31,871.4453125,881.388058920399,861.6510490958026,866.6471191557893,1929013
2021-04-01,874.0175170898438,880.5470254884727,867.1417093712402,872.1872330989543,1193426
2021-04-05,865.6836547851562,880.0199559187035,857.99464164156,878.0356944622915,1091002
2021-04-06,890.4869384765625,895.89406315029,859.1356311419717,865.93170252643,1351799
2021-04-07,911.2720947265625,913.7524216038803,891.1814470202883,893.9098065853378,2860132
2021-04-08,901.3507690429688,914.1492796938089,897.8783114847405,914.1492796938089,1342782
2021-04-09,902.9381713867188,908.7421726073484,893.1161132942658,897.4814522615153,1344813
2021-04-12,865.58447265625,898.275192515478,861.6655441384319,893.5625715199022,1485108
2021-04-13,890.73486328125,893.6616607368476,867.866264479109,874.5135517795727,1174856
2021-04-15,901.5491943359375,904.8232135899304,882.9963378235067,887.9569914067848,1464475
2021-04-16,907.005859375,912.313734171724,898.4734993859201,909.7838131055738,1310422
2021-04-19,899.1184692382812,902.7397706052928,881.5081488752694,890.1396982909276,1580387
2021-04-20,891.8759155273438,923.7728815803671,888.3042086317766,909.7838627652419,3593124
2021-04-22,907.204345703125,913.4051626423828,888.0065801262708,892.9176392531336,1988641
2021-04-23,915.5877685546875,934.4879063439598,889.2963056857699,889.2963056857699,3601606
2021-04-26,935.0831909179688,939.4485902487046,908.7917271945457,911.9169631421013,3751088
2021-04-27,921.44140625,939.3493536360011,917.7209160497981,938.5556611709287,1926977
2021-04-28,923.0784301757812,926.6500764841861,906.956306254081,926.6500764841861,1904945
2021-04-29,920.895751953125,927.6422287787268,914.0500257220142,923.0784516612222,830577
2021-04-30,921.3917846679688,933.0989147085787,912.5617972978023,920.6972810734301,1326833
2021-05-03,951.0564575195312,972.2880785589845,908.8413086685783,914.6949039757211,5424609
2021-05-04,975.165283203125,997.0913473151797,935.1327733735297,990.1464324582581,10515809
2021-05-05,965.4423828125,1011.7748997107572,957.4061481741198,982.1598218363282,5475550
2021-05-06,961.771484375,975.7109080131022,953.6360008659951,969.609280242636,1800692
2021-05-07,992.3787231445312,1036.4788838921265,966.732169017773,1021.8946111860706,11010394
2021-05-10,997.09130859375,1009.4929417852145,987.1700020405783,1001.3574583006439,2370879
2021-05-11,993.0732421875,1007.0126664945077,982.7054641998127,990.1464444941071,1297672
2021-05-12,965.243896484375,993.02355361599,962.3666934880904,987.7156185097197,3513520
2021-05-14,970.7006225585938,974.2722685676564,957.4060480323711,965.2934985701357,1331063
2021-05-17,956.0667114257812,981.0187605836383,953.635979257063,970.7006383040635,2181641
2021-05-18,960.8289794921875,968.3195540957901,956.6124240568319,958.2990583419444,1342840
2021-05-19,970.3533935546875,972.1888716344222,955.4218390225737,960.8289633066208,1101773
2021-05-20,961.5234985351562,976.7030862353524,958.1998243350938,973.7266941155158,1463348
2021-05-21,961.6226806640625,968.0219357879638,957.6541578653457,960.4817061374905,1245988
2021-05-24,954.9257202148438,964.3013666697408,953.0903027927334,959.7375294921692,1841255
2021-05-25,957.7037353515625,964.9462772201598,955.5706907178883,959.3903696221581,1235079
2021-05-26,964.1029663085938,972.2880442319752,961.3746070008,961.3746070008,1719675
2021-05-27,974.3715209960938,978.2408548874674,957.9517702790847,968.815613385002,2428883
2021-05-28,969.162841796875,979.2329925378217,964.3510321649064,978.240861846294,1137566
2021-05-31,967.9723510742188,975.0660493151745,963.0116975260597,969.3117033102806,785669
2021-06-01,958.6958618164062,974.2723255683366,952.5446395032734,970.7006793503116,1420625
2021-06-02,976.6534423828125,985.6322127122692,955.8186985983973,957.4060834266986,2488600
2021-06-03,979.0841064453125,983.0526290401029,973.7762316967198,978.7368849402079,1724751
2021-06-04,981.3660888671875,987.1204347150126,976.2565916301097,987.1204347150126,996919
2021-06-07,980.72119140625,990.0968385792224,979.2329953646623,987.1700409197964,693875
2021-06-08,972.1392211914062,980.2251104438296,955.4218434791578,980.2251104438296,3262160
2021-06-09,990.74169921875,999.0756213747005,970.452674716145,970.452674716145,3809219
2021-06-10,989.699951171875,997.0913368746022,984.2432324128598,997.0913368746022,1041345
2021-06-11,980.3242797851562,994.6109854944984,976.2565683058218,991.0393393445877,823207
2021-06-14,978.3897094726562,984.937747840235,963.7061267371247,980.324315884769,514960
2021-06-15,988.0133056640625,995.8511621961894,973.1313455814295,983.9951885527217,1137725
2021-06-16,983.9951782226562,995.950340585895,980.5723153286141,992.0810673379407,833286
2021-06-17,975.5621337890625,984.8881868643147,969.3117223068571,975.2645066813106,869613
2021-06-18,974.8179931640625,992.8251893322062,949.2210335829094,992.8251893322062,1888723
2021-06-21,973.8258666992188,982.6062596389967,960.7297294797013,965.3431614103347,887943
2021-06-22,999.0756225585938,1003.0441453890152,972.3376878776588,974.2723548684598,2289172
2021-06-23,992.6763916015625,1007.0622872128081,991.1386010782278,1002.5481044940433,1802617
2021-06-24,994.2637939453125,997.5378131071927,987.1700352988624,992.229877589509,932721
2021-06-25,999.2244262695312,1009.5425488814604,983.5983682521063,989.154275769695,980203
2021-06-28,994.2141723632812,1011.6757094046058,990.1464606247404,1002.5480946506013,1107325
2021-06-29,991.5354614257812,1009.2945649027039,987.4180947339621,992.2299044828419,2486963
2021-06-30,1000.216552734375,1003.7881989014096,990.5928731864456,994.5118014186517,777901
2021-07-01,998.9763793945312,1009.3937512579856,994.7101691399037,1001.0598295452824,834379
2021-07-02,999.2740478515625,1002.9449435330652,988.2117663832877,1002.9449435330652,581097
2021-07-05,1001.9031372070312,1006.9630399788066,997.8850200871381,1006.0205037272636,431929
2021-07-06,1015.0985107421875,1024.7717846937805,998.182634516291,1002.994504558455,1693798
2021-07-07,1006.4174194335938,1018.9182421947626,1004.5819412817332,1015.4457846994542,888200
2021-07-08,1013.5607299804688,1017.9261294162815,994.2141807371769,1002.7961357772967,868890
2021-07-09,1011.576416015625,1019.9103379405818,1004.581906840135,1006.1196972815071,930387
2021-07-12,1025.3173828125,1027.8473644410562,1010.9315487878177,1011.6756467833108,1297301
2021-07-13,1044.3665771484375,1048.1862567490043,1027.8972290447473,1031.8160975096682,2525938
2021-07-14,1044.118408203125,1052.5018644576842,1038.7608780200483,1041.737270220679,1596046
2021-07-15,1044.6639404296875,1056.5695084685144,1041.0922942399795,1045.2096607420142,796945
2021-07-16,1041.9852294921875,1049.5253983139426,1038.8599936797686,1045.7057194808528,699003
2021-07-19,1029.682861328125,1041.9853066907142,1019.2159547170288,1036.677431468909,643558
2021-07-20,1006.7645874023438,1033.0063949198259,1004.8299205040522,1029.0875272560543,695099
2021-07-22,1017.926025390625,1030.6253458861604,1008.9968497293038,1008.9968497293038,915518
2021-07-23,1042.1837158203125,1045.6561735050425,1015.4954345191582,1017.4301016259076,1290998
2021-07-26,1068.177490234375,1096.2051811412168,1031.9150664756257,1039.7529228449655,2151393
2021-07-27,1096.4532470703125,1104.98554671074,1054.634914615952,1089.3594884744264,6096747
2021-07-28,1124.48095703125,1129.838487020943,1084.3988526209414,1106.2257279710427,4409570
2021-07-29,1119.9666748046875,1138.9660012247582,1115.2045202876864,1124.0840412784416,1555904
2021-07-30,1089.954833984375,1114.1628488673716,1083.4067951586553,1114.1628488673716,1238229
2021-08-02,1098.487060546875,1119.619492861334,1093.278374381592,1102.3068606225127,1582968
2021-08-03,1122.7943115234375,1125.9692025615311,1086.1847840559926,1096.5525018590456,1033719
2021-08-04,1127.9036865234375,1135.6423539089653,1116.1469627378713,1121.1076159055951,1840302
2021-08-05,1125.8203125,1166.448016245477,1116.1470381692002,1160.9912973922053,6687775
2021-08-06,1141.644775390625,1145.166887903868,1118.5777360631266,1131.0290250902399,1654283
2021-08-09,1127.5069580078125,1146.9031628828036,1119.9667884253352,1142.1905417550413,1491795
2021-08-10,1118.7265625,1136.9817917553605,1111.335237166764,1133.7573669532621,1911046
2021-08-11,1126.4652099609375,1133.1124371419032,1104.3406471239086,1121.1076800115084,1458158
2021-08-12,1125.1258544921875,1141.8927662215199,1119.6691357114762,1127.3581485388422,1054244
2021-08-13,1129.639892578125,1133.509226193635,1122.149379110233,1123.0918547494048,712776
2021-08-16,1130.135986328125,1135.493515999077,1119.4705819620349,1123.0918830152516,479277
2021-08-17,1125.8699951171875,1142.736217441338,1114.7085244614996,1129.0447649931446,1991904
2021-08-18,1105.283203125,1137.3786055481248,1091.5420966844079,1126.068291874756,3428721
2021-08-20,1116.4447021484375,1124.5801252769172,1091.8398128515637,1105.2832320034306,2127671
2021-08-23,1126.5147705078125,1131.971489433555,1109.7973922027063,1118.131314420327,1251406
2021-08-24,1151.2685546875,1156.7252738512027,1121.7526646656538,1131.029063022006,1211218
2021-08-25,1147.0518798828125,1162.4299050203324,1141.0990959586113,1158.8086039111702,893931
2021-08-26,1142.7362060546875,1155.3362176921187,1135.8408249191682,1142.140830737884,823814
2021-08-27,1174.732421875,1183.2647218044947,1136.2873566577746,1145.7125984529653,2469538
2021-08-30,1171.40869140625,1189.5647320066987,1167.2914458104226,1180.1394901767874,1690833
2021-08-31,1182.66943359375,1185.100105332426,1162.4299433619462,1171.4086534112844,1719768
2021-09-01,1210.8956298828125,1213.177579144995,1174.5836671701297,1179.6435099800608,1955177
2021-09-02,1233.6153564453125,1240.1633949487004,1214.5663740330765,1220.122402930212,2468599
2021-09-03,1234.359375,1243.7846161947045,1216.3521794429143,1237.1372681599885,1295336
2021-09-06,1234.8555908203125,1238.1792046878766,1223.7933084795638,1235.2028123689151,1166873
2021-09-07,1229.001953125,1243.4870376946828,1218.5845803639002,1235.2027702447024,1164891
2021-09-08,1210.4490966796875,1237.1373153507488,1202.41274120358,1236.2444946175842,1909087
2021-09-09,1163.9677734375,1190.209705026583,1158.8087418662276,1167.7379188155392,10115407
2021-09-13,1155.9810791015625,1169.7717196929202,1144.2738887037879,1169.7717196929202,2374250
2021-09-14,1161.6859130859375,1164.7614941722868,1148.9370572396394,1160.7929711938464,1338821
2021-09-15,1163.2235107421875,1166.7456229287507,1156.3282512954581,1161.685780928805,1875092
2021-09-16,1175.57568359375,1177.6591338293,1158.8086506424788,1164.9598125016653,3028407
2021-09-17,1189.3663330078125,1195.319117214839,1174.137029857072,1193.5332335088492,4143024
2021-09-20,1168.23388671875,1189.267008889253,1164.7614293059978,1180.4866765103775,2117784
2021-09-21,1175.2779541015625,1186.5386128561308,1161.6858125209344,1179.6433532218846,2117913
2021-09-22,1181.92529296875,1194.0788934433824,1168.4818742039506,1175.2779449412951,1399326
2021-09-23,1208.712890625,1214.3679872196406,1189.0686541525647,1214.3679872196406,2659260
2021-09-24,1212.4332275390625,1228.8033821604533,1198.0968679472423,1209.4071808166868,1703375
2021-09-27,1213.177490234375,1223.2971751125915,1199.3371940545032,1220.2711279792577,728019
2021-09-28,1200.7757568359375,1219.477395097011,1192.8387117503087,1212.8797021476425,1588306
2021-09-29,1196.4599609375,1205.2404144594727,1187.382061983114,1196.509615916038,1623118
2021-09-30,1205.5380859375,1209.4074201994576,1187.332510355784,1199.6349562434148,1234882
2021-10-01,1199.53564453125,1207.9687552932057,1189.961559267795,1194.5253361640896,830634
2021-10-04,1221.1639404296875,1230.2419597579044,1196.5591739003457,1201.4701719893728,1664614
2021-10-05,1252.0194091796875,1257.5257835396649,1217.3444863141372,1221.3130094969054,2282814
2021-10-06,1202.5120849609375,1263.8753456353122,1195.9143914655847,1262.9824037673452,2630744
2021-10-07,1205.4884033203125,1224.487608515499,1197.7000807745308,1217.3443162284539,2674007
2021-10-08,1187.03466796875,1219.3285690761181,1182.5700800429222,1215.3103914989936,1661548
2021-10-11,1196.60888671875,1208.911332378106,1190.5072583161548,1190.5072583161548,822914
2021-10-12,1201.073486328125,1205.438885939478,1188.7215066815193,1199.4861013175548,815338
2021-10-13,1182.371826171875,1209.0601676785022,1175.0796893513475,1201.0734666642938,1281752
2021-10-14,1176.220458984375,1189.465378021444,1164.5629246552865,1183.5621283974956,2080766
2021-10-18,1183.11572265625,1210.399313744759,1176.220463534121,1210.399313744759,934860
2021-10-19,1184.058349609375,1206.3317567561535,1177.2127445853987,1184.1080045888498,1313098
2021-10-20,1159.552734375,1193.5332102272728,1146.803879335577,1189.5646875,2063277
2021-10-21,1149.18505859375,1175.1291799701812,1129.0944115631578,1160.7929395453205,1985866
2021-10-22,1158.014892578125,1162.5787906385242,1132.715559990684,1158.8086455737691,1112991
2021-10-25,1120.81005859375,1157.76692899045,1117.4369109352424,1148.490530710133,1843700
2021-10-26,1162.826904296875,1169.0277215393826,1125.0762804806031,1126.0684112394044,1572647
2021-10-27,1176.6669921875,1192.59073812262,1166.0512423038886,1166.1504311504293,1916766
2021-10-28,1157.915771484375,1212.135741071196,1148.9865947545686,1200.4782047850601,3565017
2021-10-29,1136.535400390625,1170.714255420676,1133.1124767237823,1157.9157448471017,1518940
2021-11-01,1154.1953125,1163.8190536802072,1129.5905419538076,1138.9661293306315,972538
2021-11-02,1156.8740234375,1163.0251851861158,1146.2086186682523,1154.1951979459145,1159884
2021-11-03,1169.523681640625,1188.9694185407209,1157.8164912967434,1160.7928833052183,1941052
2021-11-04,1172.450439453125,1180.5858626432744,1163.3228855758987,1180.5858626432744,119047
2021-11-08,1191.2017822265625,1192.6403233375927,1168.0850878313133,1173.6906506637793,1361707
2021-11-09,1197.7498779296875,1202.4624991101937,1183.0167601452058,1202.4624991101937,1521269
2021-11-10,1174.4346923828125,1195.3190916394985,1171.7559879908465,1187.6796127381142,842679
2021-11-11,1144.125,1182.7189059288999,1141.049419253004,1168.72988819536,1271079
2021-11-12,1165.654296875,1167.737746967957,1138.5690823374725,1144.918742566714,1281030
2021-11-15,1150.7724609375,1170.218199074059,1146.4070614922214,1167.9362499452495,662558
2021-11-16,1143.9266357421875,1164.9102231436132,1141.5951529441843,1160.6936678947802,694696
2021-11-17,1177.857421875,1187.530695405668,1140.95021130956,1140.95021130956,2862829
2021-11-18,1172.7481689453125,1195.517520582228,1169.2260564366436,1180.6355597451047,1527355
2021-11-22,1141.59521484375,1180.2883121663508,1128.2014503859268,1172.7481430638875,772737
2021-11-23,1144.4227294921875,1150.0778258754467,1122.6455096982236,1134.6006116231101,820238
2021-11-24,1154.5921630859375,1172.0536401059394,1142.934626745435,1150.1275747002132,1136850
2021-11-25,1150.37548828125,1164.761382701326,1143.4305737336272,1148.6392596443443,768462
2021-11-26,1121.454833984375,1144.918747618071,1096.5523793803059,1144.918747618071,2315515
2021-11-29,1127.30859375,1138.817286524757,1095.0643435437294,1103.2494224422442,1120859
2021-11-30,1151.4173583984375,1158.7094949865998,1125.22508310347,1126.0683699956223,2253521
2021-12-01,1155.6834716796875,1170.1685563045187,1146.407073455237,1151.665414836648,1239348
2021-12-02,1178.7010498046875,1180.6356564280566,1147.9449948893348,1161.4379495979977,1030248
2021-12-03,1156.7747802734375,1178.7009663714216,1154.542486123076,1167.7378733224296,1327943
2021-12-06,1139.4620361328125,1169.7220205490516,1135.9895789047196,1156.774667297569,936271
2021-12-07,1150.0283203125,1153.3022789429713,1130.0368625692506,1147.895215094489,2090791
2021-12-08,1160.2967529296875,1163.7692100782585,1149.4825050164843,1155.8321651672388,2315306
2021-12-09,1152.2109375,1175.6251972550156,1144.0258594148352,1170.7141988477974,1136171
2021-12-10,1166.3487548828125,1168.5315149542369,1147.6967715370884,1151.8636717766392,949040
2021-12-13,1177.3118896484375,1195.1702417974932,1168.729935088201,1172.6984577879912,2187282
2021-12-14,1179.197021484375,1183.5127659156044,1168.8788377238184,1169.7221246180136,1171502
2021-12-15,1165.4063720703125,1181.280463557627,1153.153581925483,1179.1970132718582,857540
2021-12-16,1154.6417236328125,1177.6094517842541,1151.020422460847,1169.2259960561578,993629
2021-12-17,1133.55908203125,1152.806322460527,1128.0527077054244,1146.9031927066585,982598
2021-12-20,1116.841552734375,1133.5590529976923,1091.9390947767188,1130.5330057232186,1341693
2021-12-21,1126.31640625,1132.4675683049056,1108.904463571642,1126.6636277820223,878721
2021-12-22,1115.45263671875,1130.929852003246,1110.1446403848645,1130.3841316536866,846447
2021-12-23,1116.5933837890625,1125.0761492311126,1107.3666414744143,1125.0761492311126,1026376
2021-12-24,1139.16455078125,1144.57173637669,1117.1392951815926,1121.901571526787,1930715
2021-12-27,1152.80615234375,1155.8818542252184,1126.4155014583691,1138.9659783159327,798129
2021-12-28,1168.3331298828125,1173.1945947086208,1152.459038115085,1156.1299945021972,776910
2021-12-29,1176.31982421875,1182.818207834272,1157.8165618827438,1168.3331233985548,1400668
2021-12-30,1185.7945556640625,1193.235535860523,1171.6071594219666,1174.5835515005508,1335116
2021-12-31,1186.5882568359375,1195.467777705337,1177.7582698331953,1189.5646487845227,843128
2022-01-03,1199.8829345703125,1204.8931221138962,1186.5883585055824,1186.5883585055824,925281
2022-01-04,1210.99462890625,1217.3442891924367,1196.0134805391056,1196.807233491015,1409464
2022-01-05,1210.2506103515625,1215.360107679257,1204.198637302611,1205.4388006777938,378090
2022-01-06,1196.1126708984375,1218.782831715898,1192.6898686470895,1199.2875616004078,1387627
2022-01-07,1207.8199462890625,1209.655363874107,1196.5096320132648,1198.493893426222,1050768
2022-01-10,1219.4278564453125,1230.9365486953748,1203.7522635716837,1209.4073602907679,1379165
2022-01-11,1223.694091796875,1230.1924755463363,1214.4672273740325,1221.1145760677105,985871
2022-01-12,1239.568115234375,1245.520899407638,1221.4617300407006,1230.2420624743224,1371034
2022-01-13,1248.794921875,1251.0768710352847,1236.1949098413677,1245.1240865577179,933511
2022-01-14,1253.6563720703125,1262.2383271468982,1244.628006607022,1249.092594912906,895522
2022-01-17,1277.8145751953125,1283.0729158906654,1246.4137381662383,1246.4137381662383,1427239
2022-01-18,1255.938232421875,1282.8249492080859,1253.1602181173741,1277.8146409084432,869578
2022-01-19,1238.2781982421875,1262.089333038389,1230.8372186183744,1253.0609686501014,625670
2022-01-20,1228.9521484375,1245.7688350834082,1221.263136145718,1238.1790116315167,716954
2022-01-21,1230.8868408203125,1253.2593129610857,1191.548838701203,1215.3599728634251,2421446
2022-01-24,1215.3602294921875,1230.2421914859692,1195.6664573423595,1230.2421914859692,1073781
2022-01-25,1218.3365478515625,1223.198012696039,1200.7262272291152,1202.5616448748651,1083251
2022-01-27,1202.115234375,1212.2845744518115,1192.3923046869452,1209.4073710861865,1793456
2022-01-28,1196.0631103515625,1228.0096676838264,1191.54886761323,1200.478043140723,635096
2022-01-31,1223.5452880859375,1228.6547858401266,1196.5593792333,1200.4782473821078,1771932
2022-02-01,1205.38916015625,1240.1633900573402,1193.1363700844247,1240.1633900573402,1593083
2022-02-02,1210.4986572265625,1217.890103695182,1201.5199469507347,1207.1253885845533,937000
2022-02-03,1175.873291015625,1210.3994888125212,1166.348860243632,1208.4648823357613,1236574
2022-02-04,1162.8763427734375,1184.6040288307152,1155.9810830093004,1184.6040288307152,856452
2022-02-07,1134.9974365234375,1162.4794064289467,1122.9926801667634,1152.6574101160195,1519928
2022-02-08,1122.2486572265625,1139.9581658686384,1108.5572052239454,1135.9896430979904,1511667
2022-02-09,1116.841552734375,1131.8228241604693,1109.2021942944787,1123.0920249922628,1741687
2022-02-10,1137.229736328125,1140.9502261961559,1099.2807396742094,1116.1469604092829,2030639
2022-02-11,1124.3817138671875,1135.840750206609,1115.1548503801273,1135.840750206609,1942394
2022-02-14,1087.6728515625,1118.1312132761898,1081.4223801872643,1116.1469520281396,2448602
2022-02-15,1111.13671875,1114.8076749718891,1077.652307934523,1087.3752371485282,1245681
2022-02-16,1113.3194580078125,1122.5958555707475,1093.3280007414617,1119.1233982181204,1294606
2022-02-17,1117.4864501953125,1123.935300094289,1103.1502092483954,1119.1234901608411,1182862
2022-02-18,1141.4464111328125,1151.7645950034125,1102.6044686180853,1115.948699675685,1734791
2022-02-21,1125.8203125,1141.4463710343687,1114.1627767680106,1135.9896521810972,1020384
2022-02-22,1092.2862548828125,1117.6352429243123,1087.4744451693937,1097.296563403719,2115917
2022-02-23,1093.080078125,1106.176155872401,1090.0540308263098,1099.2808954504196,1743770
2022-02-24,1045.9041748046875,1082.910699749398,1032.510409851305,1069.5169347960157,2088599
2022-02-25,1047.2930908203125,1069.2191539822622,1040.745052746611,1051.658489906013,1415912
2022-02-28,1051.807373046875,1054.43654359187,1008.8480658149736,1040.745091654347,1566146
2022-03-02,1112.327392578125,1116.1470716681142,1047.7397062528719,1051.6585741939566,3762611
2022-03-03,1072.7911376953125,1117.8834364321106,1066.6895087393475,1111.2857420506155,1105747
2022-03-04,1049.029541015625,1068.9218132104138,1041.4893706985756,1063.0682169121446,1586668
2022-03-07,1020.8032836914062,1040.5467084998395,1014.9496884413096,1018.5213346772271,852067
2022-03-08,1023.8291625976562,1031.5678300115665,995.6030944136638,1001.0598129181732,1580056
2022-03-09,1017.1323852539062,1033.7505751333815,1012.7670463348973,1027.6490679758492,1409037
2022-03-10,1041.786865234375,1048.7813138374202,1027.897035764286,1030.8237728158883,1580932
2022-03-11,1050.17041015625,1057.7105797153067,1033.453031061109,1041.737298690659,698477
2022-03-14,1061.2821044921875,1064.159307589994,1031.9647165435717,1038.7607872525587,1278905
2022-03-15,1062.12548828125,1070.8561651092155,1051.6584617510757,1060.6372923448098,1068905
2022-03-16,1077.2059326171875,1089.1611562745516,1066.54052734375,1067.433469216491,1616431
2022-03-17,1119.6690673828125,1131.0289146164416,1079.5373108606486,1087.3751670347542,1867149
2022-03-21,1087.1768798828125,1130.0368780881015,1085.3909961618815,1130.0368780881015,849763
2022-03-22,1089.0123291015625,1093.17922975848,1061.5798899660128,1083.9028315774478,998586
2022-03-23,1083.65478515625,1108.9044636816748,1070.6082418912279,1101.7115159202806,1054362
2022-03-24,1080.3807373046875,1088.8635037045392,1075.7674261813168,1079.4382615312425,526345
2022-03-25,1084.001953125,1092.6335626779878,1077.0570383881993,1085.3909602943006,598919
2022-03-28,1068.52490234375,1095.1140569926636,1047.6901549442896,1084.299806739571,926829
2022-03-29,1094.6165771484375,1108.2340061235643,1079.8560509767083,1104.3078476385144,2864668
2022-03-30,1115.04296875,1120.8577074383008,1096.8531489198988,1103.3139966480178,1287813
2022-03-31,1114.6949462890625,1121.20554118367,1107.7371104838446,1121.20554118367,749342
2022-04-01,1106.6436767578125,1114.0488742479463,1082.4403740207704,1112.2596680709294,1519104
2022-04-04,1119.515869140625,1123.0941605569924,1097.3501429012697,1106.6437996452478,1802143
2022-04-05,1111.613525390625,1123.3921219162567,1104.3078228368797,1116.2852874511595,773451
2022-04-06,1100.4312744140625,1115.6887882508936,1094.8650307083308,1104.3078067335048,1354847
2022-04-07,1102.1707763671875,1109.0292382266298,1093.374108939541,1096.853026558894,966698
2022-04-08,1153.4599609375,1157.9826024682725,1102.319919431171,1102.319919431171,2390240
2022-04-11,1135.6180419921875,1153.0126290686542,1126.2250135048996,1153.0126290686542,1318874
2022-04-12,1142.178466796875,1146.0549997360154,1112.3095432908108,1134.127280744834,1506254
2022-04-13,1139.99169921875,1150.9254409786847,1133.133236938695,1143.0730021749994,509293
2022-04-18,1166.33203125,1174.830457391978,1126.771718630494,1138.1030748214848,2382085
2022-04-19,1117.9251708984375,1177.8122469816637,1105.3017195775521,1177.8122469816637,971382
2022-04-20,1121.553466796875,1128.859170503741,1110.9675917922157,1120.7086109580596,645638
2022-04-21,1137.65576171875,1141.681293424665,1118.4222208954434,1118.4222208954434,731288
2022-04-22,1130.399658203125,1133.1330932966036,1115.241518139289,1126.6722467120178,824665
2022-04-25,1084.6768798828125,1122.3982403674077,1080.8997205643311,1113.2537048969073,1073577
2022-04-26,1088.255126953125,1099.3379889934354,1077.0728915316276,1099.3379889934354,922785
2022-04-27,1067.7294921875,1092.2807841803026,1054.8077978760314,1086.4162986488627,1202603
2022-04-28,1110.1226806640625,1118.2236137775453,1059.9766124735606,1062.063938952273,1643102
2022-04-29,1098.841064453125,1125.7778044074491,1059.8274852764762,1107.786853308917,3259418
2022-05-02,1074.538330078125,1086.813915428687,1057.7897291999072,1082.390647259402,1925857
2022-05-04,1071.357421875,1090.3423465538742,1058.584849599881,1074.5382191067274,1169983
2022-05-05,1077.12255859375,1108.283694711691,1073.4945204382298,1075.4824732538561,814132
2022-05-06,1052.7701416015625,1074.488501948411,1045.8619327334497,1066.5366906481454,1350057
2022-05-09,1058.038330078125,1068.4254582189885,1026.9765617173477,1027.7717915213968,1201027
2022-05-10,1074.538330078125,1090.193459752349,1055.6030294619602,1063.5548413599788,1410429
2022-05-11,1080.6015625,1097.797282930309,1072.500629861015,1072.500629861015,1886732
2022-05-12,1054.21142578125,1075.4327992688477,1041.6873464553744,1069.0216995350715,1457225
2022-05-13,1038.655517578125,1072.5004601511876,1032.2941661336445,1068.5245548308865,1108831
2022-05-16,1038.3575439453125,1047.6511996754296,1027.9207910073694,1038.705411442907,590395
2022-05-17,1063.952392578125,1068.872527361702,1030.0578206573387,1035.7234377617615,545334
2022-05-18,1067.431396484375,1078.464511459025,1054.609075260853,1057.094016531496,775879
2022-05-19,1050.2852783203125,1067.4313727057945,1040.6933809622997,1067.4313727057945,1069562
2022-05-20,1064.896728515625,1076.9735675922711,1054.9569632402004,1074.488626273415,941175
2022-05-23,1070.015625,1085.3228862618935,1055.6029667905248,1055.6029667905248,620152
2022-05-24,1066.934326171875,1077.0728372423318,1050.8815825311406,1066.2882172241957,847697
2022-05-25,1089.398193359375,1109.277722435276,1071.5066171910642,1071.5066171910642,3185769
2022-05-26,1098.69189453125,1103.1151627352142,1066.9343940485633,1090.3922150646265,1177148
2022-05-27,1114.346923828125,1122.5969765269579,1096.2068544295555,1108.2836920221805,687512
2022-05-30,1141.482666015625,1143.0730041892311,1112.1106111565787,1118.6212059318402,580398
2022-05-31,1167.0775146484375,1173.7868559251694,1132.735578542417,1147.0488641997822,2649820
2022-06-01,1145.806396484375,1168.9163498292128,1137.158849573218,1155.0006789979125,683413
2022-06-02,1136.860595703125,1141.0849957308744,1114.545872325845,1133.3319306753503,950691
2022-06-03,1134.2762451171875,1154.8515090062624,1132.0894241359474,1147.0488181756236,917466
2022-06-06,1135.1212158203125,1142.6754133048257,1127.2687768379126,1128.7597416572912,1199089
2022-06-07,1127.4676513671875,1131.1453160752487,1106.7928905534177,1128.213133781121,848821
2022-06-08,1129.20703125,1152.2174897472103,1122.3981952782347,1137.3575898708455,1387431
2022-06-09,1156.6903076171875,1160.2189724305913,1123.7400864705264,1130.1014384696027,1142045
2022-06-10,1147.9434814453125,1156.690401823942,1145.3094194594387,1147.7943607036552,611509
2022-06-13,1126.8709716796875,1154.8018049812688,1123.5411750789851,1130.200889615397,1014220
2022-06-14,1125.28076171875,1138.1030827256325,1117.378697145624,1118.2235528963638,768306
2022-06-15,1118.968994140625,1137.8047994275955,1116.0368121325798,1133.1331586234178,947417
2022-06-16,1098.4931640625,1130.7974006307068,1093.2747873860974,1124.5353000850143,1385141
2022-06-17,1075.5819091796875,1107.6376501959112,1069.4193036268546,1098.4931152462204,1535565
2022-06-20,1069.468994140625,1086.2175956643052,1062.7100265678425,1071.6558152978687,532685
2022-06-21,1089.7462158203125,1091.8832897668813,1070.8606605125558,1073.594096149205,659138
2022-06-22,1064.002197265625,1089.3983477942954,1056.1995052642144,1088.9013594969442,560136
2022-06-23,1067.3817138671875,1076.4766237363986,1055.0563801501987,1070.5127643251167,895014
2022-06-24,1072.053466796875,1086.3170061588821,1065.6422451869978,1065.6422451869978,492066
2022-06-27,1078.0172119140625,1089.994555385912,1070.5623885077184,1077.3711029518427,793805
2022-06-28,1071.5562744140625,1083.4342435037943,1061.566763359681,1078.4643616528595,572706
2022-06-29,1061.218994140625,1081.446390879502,1045.2159973661212,1063.6045619169215,1224658
2022-06-30,1075.0849609375,1086.0684498251608,1051.1798988511537,1067.0337755335017,1569542
2022-07-01,1093.22509765625,1098.6919687482878,1068.5248043528663,1078.9118108937266,696341
2022-07-04,1110.9178466796875,1115.2416201378167,1088.5036283291838,1098.3440198326982,1436248
2022-07-05,1104.307861328125,1124.535258283468,1100.282208079105,1111.2656966380232,1020111
2022-07-06,1109.3770751953125,1118.2234897366766,1104.3078196421757,1107.4884957011989,602752
2022-07-07,1117.825927734375,1123.1934250058316,1104.4569925813666,1114.9433716686835,792663
2022-07-08,1139.99169921875,1142.476640527826,1120.758277753506,1128.9585840734571,1135110
2022-07-11,1140.488525390625,1148.1420950008192,1134.1767996296198,1139.0471868351938,543156
2022-07-12,1132.884765625,1140.091095566462,1127.2687738863726,1136.1151893918623,331672
2022-07-13,1132.984130859375,1143.8682467350357,1130.7476836522562,1138.5503751967542,368619
2022-07-14,1132.0894775390625,1139.9916634550327,1123.2431838242967,1136.2145042497236,728701
2022-07-15,1148.489990234375,1151.124051978322,1130.0020533424417,1137.755117846322,591171
2022-07-18,1170.059326171875,1179.7008485748613,1150.328919191532,1158.4297296633674,1044459
2022-07-19,1162.9027099609375,1178.8063333088746,1148.5397986588384,1169.3139309240848,1099874
2022-07-20,1178.9058837890625,1191.7778310111792,1156.4916650387881,1167.9223948608303,1608377
2022-07-21,1161.51123046875,1179.8500474575676,1155.99461263113,1179.8500474575676,1048591
2022-07-22,1157.932861328125,1169.1150968197333,1151.422388131801,1162.505250241599,753148
2022-07-25,1138.05322265625,1164.940332621492,1132.337858396375,1164.940332621492,934158
2022-07-26,1131.3438720703125,1143.172215310422,1128.1631961745725,1135.1210308646357,687125
2022-07-27,1142.4268798828125,1170.4073429646407,1125.380158433775,1133.1332237619451,1554002
2022-07-28,1184.2733154296875,1187.8019807265266,1140.5880944633384,1148.0429186101576,1043318
2022-07-29,1286.6031494140625,1296.8410341138363,1233.5247823760046,1255.0940229455912,7628351
2022-08-01,1305.3892822265625,1309.3154405554874,1279.645268655793,1292.169347293326,2973441
2022-08-02,1277.45849609375,1304.892343419876,1272.7371079152704,1302.1091608017127,1673860
2022-08-03,1275.8184814453125,1279.7943871222594,1251.0186969843487,1275.2717458807274,1409000
2022-08-04,1271.09716796875,1279.1979791924089,1262.5986205520655,1276.3651704985205,1015838
2022-08-05,1259.020263671875,1280.092515359228,1253.3545252453134,1277.4584535645556,922856
2022-08-08,1262.2508544921875,1264.686048523773,1243.7131674299226,1253.603185641907,1002771
2022-08-10,1265.53076171875,1286.5037617841963,1261.4058565384516,1262.3500856275527,1187710
2022-08-11,1253.9014892578125,1276.2162155425365,1251.4662951055946,1271.8924415707233,943196
2022-08-12,1278.800537109375,1282.080586816074,1244.9555881548677,1247.9375177073346,1572048
2022-08-16,1301.711669921875,1313.0430268963894,1279.2975714461975,1281.235777191102,1710276
2022-08-17,1297.4871826171875,1313.042938900691,1284.6648616720465,1297.1393151138545,1209377
2022-08-18,1316.2236328125,1324.970674546818,1295.499247053772,1298.1333090458695,1498235
2022-08-19,1289.1378173828125,1326.6604315455481,1285.559526127014,1312.0490250281093,961803
2022-08-22,1268.31396484375,1303.5007558470143,1263.4932032725935,1284.2673355844515,966451
2022-08-23,1271.5443115234375,1284.8636195695399,1262.3500298102526,1268.313888218805,803737
2022-08-24,1279.7447509765625,1282.179944881305,1264.5866092659664,1276.2658332069175,684029
2022-08-25,1289.1875,1308.0730531996917,1280.2417116422514,1280.2417116422514,1286241
2022-08-26,1305.7867431640625,1319.5036659657326,1298.133173447267,1298.133173447267,869870
2022-08-29,1290.3802490234375,1303.0038234258834,1248.434489086545,1248.434489086545,737193
2022-08-30,1321.09423828125,1325.6168802202692,1292.26891767791,1292.26891767791,1086386
2022-09-01,1288.740234375,1305.0910986920858,1283.2236164596213,1283.322989839129,2045072
2022-09-02,1280.4404296875,1303.103141552861,1274.9735591470417,1295.201077214751,1141002
2022-09-05,1285.6092529296875,1288.1935676100484,1274.2778963550018,1286.8517235774596,440939
2022-09-06,1303.4510498046875,1309.067041257039,1277.3095408402787,1285.2116054254757,1792194
2022-09-07,1323.5294189453125,1329.3441570356413,1293.3621359721622,1296.1453186259184,839563
2022-09-08,1309.7628173828125,1332.2764099225776,1296.890869928644,1329.9405893577512,1205449
2022-09-09,1289.634765625,1318.9570724712682,1283.5219071979484,1314.0866846732958,548609
2022-09-12,1298.13330078125,1303.1031832497847,1287.2493067091675,1289.9827420668616,1002755
2022-09-13,1316.422607421875,1326.9587349076937,1303.103296976769,1304.6440092104872,1160040
2022-09-14,1295.4495849609375,1312.0489435153438,1292.1694140681418,1297.0895490723167,800852
2022-09-15,1287.1995849609375,1309.067068257571,1268.9103928458392,1301.9601119191605,1441219
2022-09-16,1264.5865478515625,1295.1015765579118,1258.374194993184,1281.2356535120175,1717631
2022-09-19,1295.4495849609375,1300.1212258470225,1264.7853137206132,1270.7989199123992,859607
2022-09-20,1301.4134521484375,1314.5338931337992,1298.7793902127723,1301.960066410733,671787
2022-09-21,1298.4315185546875,1310.80647714137,1290.1814652735532,1301.4134479813597,453755
2022-09-22,1277.7568359375,1292.1197483364315,1261.356223107497,1289.1875660917444,932867
2022-09-23,1265.3321533203125,1282.1800073776437,1257.9270765265655,1266.3261298743741,415333
2022-09-26,1252.211669921875,1264.1393881760855,1244.3094837774458,1264.1393881760855,1271968
2022-09-27,1234.8170166015625,1262.9962252450596,1229.8471342540315,1258.374210394852,821405
2022-09-28,1231.338134765625,1243.3154787704652,1207.6814455694332,1220.1061517995713,1102669
2022-09-29,1232.33203125,1243.4645187753742,1228.5548722672763,1237.5006601721352,1382993
2022-09-30,1242.9178466796875,1250.422417672701,1227.1137176419834,1235.5127704031536,1344894
2022-10-03,1229.79736328125,1249.0805306863872,1220.4539603803057,1248.0368068794405,981699
2022-10-04,1253.0565185546875,1257.3802921301858,1242.5203917572023,1244.7070915573322,420656
2022-10-06,1237.6497802734375,1272.2400873535873,1234.9659711023394,1259.3681410754953,900769
2022-10-07,1235.71142578125,1249.3289754147204,1230.8906644542778,1231.6361467626243,570691
2022-10-10,1231.8350830078125,1236.4569765072986,1210.713083102569,1222.5910533388046,539842
2022-10-11,1199.08349609375,1235.5127581617414,1192.9208904840707,1232.580576095124,712461
2022-10-12,1204.898193359375,1213.0984989983951,1193.0699707783756,1198.735587958602,721135
2022-10-13,1180.7447509765625,1209.2222029902036,1177.911942116939,1199.7296785406477,689562
2022-10-14,1172.6934814453125,1209.7191047509118,1170.5066604222263,1193.7657339603982,717290
2022-10-17,1182.63330078125,1191.4299686325746,1160.5669494461222,1170.9043294228018,1615547
2022-10-18,1211.70703125,1218.6151189941418,1185.9630171119136,1188.547331596448,1367703
2022-10-19,1219.70849609375,1226.3682112111303,1206.0413196982156,1212.651287458332,947326
2022-10-20,1215.58349609375,1222.5910788602498,1206.6874550701978,1212.6513139914673,878595
2022-10-21,1238.842529296875,1242.7190617348567,1219.6091091771,1221.0503265015343,1020728
2022-10-24,1250.0247802734375,1261.306388903646,1231.3380955002112,1261.306388903646,157253
2022-10-25,1247.2913818359375,1270.8983236177799,1235.7115313896295,1254.000723184461,1260061
2022-10-27,1245.3531494140625,1256.3862640161883,1236.0594936426553,1247.9374639812693,1512949
2022-10-28,1245.2537841796875,1257.7281162177187,1236.953983493663,1251.6151365913431,528795
2022-10-31,1258.3243408203125,1266.0774050634375,1247.7385895162465,1251.5156269325075,539055
2022-11-01,1261.107666015625,1278.6513752522258,1252.460119125526,1258.3244833221343,1038607
2022-11-02,1264.984130859375,1271.6934717775366,1254.8952458043216,1267.419324584554,369486
2022-11-03,1268.3636474609375,1273.2837821601045,1255.392206766754,1255.392206766754,431610
2022-11-04,1257.9766845703125,1274.1288033429155,1251.9134519442175,1272.2899710111938,336277
2022-11-07,1270.9481201171875,1274.2779172407882,1257.7779310349408,1264.2884045349601,474230
2022-11-09,1256.1876220703125,1282.2297593462797,1248.4843037486585,1282.2297593462797,992095
2022-11-10,1230.8907470703125,1260.4615472861522,1218.565414478051,1260.4615472861522,497796
2022-11-11,1242.71923828125,1265.530952609508,1230.8908925301027,1243.4647207277294,1136441
2022-11-14,1241.0789794921875,1252.3109619862125,1232.4810588752587,1243.464547255124,772676
2022-11-15,1251.7147216796875,1254.3984098386748,1231.0399608440562,1241.0790997619717,775345
2022-11-16,1247.341064453125,1257.9269378539093,1238.792891297544,1252.4103200530033,1280120
2022-11-17,1246.79443359375,1253.5535225179647,1236.5068007962525,1247.937530867922,796479
2022-11-18,1235.2642822265625,1253.4043531584755,1230.1950263975252,1246.7943852368292,1253218
2022-11-21,1219.2115478515625,1241.3772722850038,1198.2386680164132,1222.690465593626,1040107
2022-11-22,1221.6468505859375,1228.5051912821768,1212.3034473357447,1225.2747676975637,750489
2022-11-23,1218.9134521484375,1227.5609993181263,1209.8185427447843,1227.5112519582333,880563
2022-11-24,1233.1768798828125,1237.8485205612317,1212.8997364810316,1222.591006655742,1717980
2022-11-25,1227.8094482421875,1247.390736385266,1221.6964686166007,1240.6813951380411,1429364
2022-11-28,1245.949462890625,1261.853085871279,1219.6090873289165,1222.5910166377892,1073327
2022-11-29,1250.820068359375,1265.6303426716565,1240.432940996405,1245.9495591781517,1070183
2022-11-30,1275.17236328125,1281.9313300821584,1245.2039501910506,1250.7701938315079,1401332
2022-12-01,1282.97509765625,1290.3305476235485,1268.5126918331496,1282.2296153217605,949604
2022-12-02,1287.3486328125,1292.1196470060609,1257.3802183608489,1284.2175827053097,1614314
2022-12-05,1276.8126220703125,1290.2809314820684,1265.9782534402648,1290.2809314820684,684421
2022-12-06,1277.359130859375,1305.5880867313815,1273.8305872097603,1278.253733944847,1991151
2022-12-07,1254.4481201171875,1288.7899362058351,1251.416443186261,1278.1544359375473,636553
2022-12-08,1259.218994140625,1261.1075735917252,1234.5187045524515,1234.5187045524515,608199
2022-12-09,1262.0023193359375,1269.308022528277,1249.4782393869234,1269.308022528277,679420
2022-12-12,1255.591064453125,1265.3320826730694,1245.502300060709,1261.306429319873,498780
2022-12-13,1270.103271484375,1272.637838860635,1251.6649581313557,1257.8773115070323,598044
2022-12-14,1262.1016845703125,1278.2538029985603,1258.9706342695242,1277.259826479899,609946
2022-12-15,1265.8291015625,1287.19959679893,1261.0083396947753,1267.2703189862957,1303760
2022-12-16,1246.5955810546875,1271.0473773011615,1243.0669161457693,1255.3922483138745,722024
2022-12-19,1259.865234375,1263.2447787973301,1243.8124893701993,1246.6452981745701,378502
2022-12-20,1223.83349609375,1261.356106836929,1221.6467964519945,1252.4103188451777,1478618
2022-12-21,1226.9149169921875,1237.3020446286705,1214.2417161163787,1223.6348672135825,1281437
2022-12-22,1237.252197265625,1241.4765972161201,1221.7461887731636,1226.9645651825988,1176517
2022-12-23,1217.2236328125,1240.4827078517249,1209.4209413289955,1231.8351605858072,877135
2022-12-26,1235.8111572265625,1241.8246428648483,1197.7418048536324,1215.583636317231,567165
2022-12-27,1233.5745849609375,1247.192014489093,1227.6603519796413,1236.009778854104,471890
2022-12-28,1234.5684814453125,1242.3711722045596,1224.6783431014776,1233.5247576530185,376439
2022-12-29,1251.018798828125,1255.1935729297893,1221.6468660495568,1230.5429071919357,678487
2022-12-30,1223.8831787109375,1256.1874114168177,1221.3982377335622,1254.398205379104,1052741
2023-01-02,1232.58056640625,1240.1347632882557,1214.6392426433456,1222.591054379145,703923
2023-01-03,1260.7598876953125,1267.3201086968552,1219.0128723500043,1237.2025705208712,1871263
2023-01-04,1251.4661865234375,1274.5761406223646,1245.5023274011337,1260.7100953619938,1073081
2023-01-05,1260.014404296875,1266.8728667938385,1247.4903239700445,1253.0565684114104,878852
2023-01-06,1261.4058837890625,1279.5955803313932,1258.8711952645897,1263.294342008062,1675874
2023-01-09,1298.481201171875,1305.9857724234287,1263.4932762413089,1267.717676446549,1432882
2023-01-10,1294.7537841796875,1305.7372732045123,1290.0821430931694,1298.4811961109597,1000059
2023-01-11,1283.52197265625,1301.264429877343,1279.5956924671102,1301.264429877343,652049
2023-01-12,1307.7747802734375,1312.048927586704,1283.521851710303,1283.521851710303,1377949
2023-01-13,1305.0413818359375,1318.012823542822,1298.1332937759619,1311.0549881244208,1214977
2023-01-16,1293.06396484375,1314.782325619104,1287.199479627095,1311.6016495702472,600742
2023-01-17,1290.6287841796875,1302.5068765817111,1286.7026253978838,1296.841137527495,895667
2023-01-18,1302.75537109375,1314.0369805096375,1294.3065705382796,1301.1152855424475,1078873
2023-01-19,1315.13037109375,1321.9888336707775,1295.7478280436897,1305.0912320373916,1189082
2023-01-20,1288.2928466796875,1317.9630193093428,1284.5654350092532,1316.0745611310015,966855
2023-01-23,1287.59716796875,1310.2101330908858,1272.2899057729155,1277.259788217341,1367408
2023-01-24,1265.58056640625,1293.163414014947,1262.548889576511,1288.1935315629296,657428
2023-01-25,1249.875732421875,1271.0972282917623,1242.5204032072804,1265.5308626855476,599832
2023-01-27,1242.71923828125,1283.72077283762,1222.5912122263048,1256.0881749541015,1164597
2023-01-30,1226.020263671875,1236.9540051565439,1208.2778074387577,1214.6392812968422,1694822
2023-01-31,1212.2041015625,1236.2085372160902,1205.2462659910193,1236.2085372160902,1760628
2023-02-01,1102.7176513671875,1221.3487329181064,1062.4118521761416,1212.2041968394265,8470232
2023-02-02,1100.828857421875,1148.0427361826326,1082.1918000163128,1083.6330172550058,8566734
2023-02-03,1131.195068359375,1138.7492659197694,1108.2838602041038,1108.2838602041038,4061171
2023-02-06,1131.542724609375,1139.9417764073237,1108.2836532692786,1120.4101164571462,2909587
2023-02-07,1124.9329833984375,1140.9359819127124,1117.6769059014841,1136.115219813929,1741642
2023-02-08,1157.485595703125,1164.9404192048626,1128.3124106666621,1133.1331722641155,3265863
2023-02-09,1173.3394775390625,1177.862119019516,1155.7461425231581,1163.5488335593639,2186484
2023-02-10,1177.365234375,1180.3471640526066,1160.0203919509333,1172.743219107704,1655228
2023-02-13,1171.9976806640625,1180.7943485254948,1165.9841955693655,1173.0910305599143,812659
2023-02-14,1154.7025146484375,1174.333551596749,1148.1422936567672,1170.9043810182707,990530
2023-02-15,1173.239990234375,1176.718907547676,1143.0728315131807,1153.9071982701764,1243115
2023-02-16,1167.02783203125,1179.1544186273761,1162.5053115726143,1179.1544186273761,356750
2023-02-17,1142.774658203125,1168.5186721235084,1130.3997001276869,1168.5186721235084,909951
2023-02-20,1151.42236328125,1163.5985749982083,1134.2762692308393,1137.1090778939035,488052
2023-02-21,1143.4207763671875,1160.9644848443818,1137.3077969787864,1157.1873258288615,610755
2023-02-22,1124.3365478515625,1142.029256838822,1118.3726888218075,1141.9796308145876,944068
2023-02-23,1128.5609130859375,1135.0217601683078,1117.0804362747954,1130.0021304395357,768179
2023-02-24,1115.2913818359375,1135.4690320116447,1112.4584517391684,1129.256678878418,973799
2023-02-27,1122.3485107421875,1128.163248593486,1103.761078691225,1115.2913023527904,987563
2023-02-28,1114.24755859375,1128.0638549967498,1102.3695889964474,1124.5849375524338,1219508
2023-03-01,1111.414794921875,1119.8635947703447,1102.1211393555616,1119.8635947703447,675500
2023-03-02,1093.523193359375,1116.2355305101432,1091.4854931445632,1114.9433126175777,491880
2023-03-03,1122.447998046875,1125.8771685460829,1093.5233052510825,1093.5233052510825,922485
2023-03-06,1121.9012451171875,1139.0473400188293,1118.2235805418595,1125.18141615412,920574
2023-03-08,1122.3980712890625,1134.4252824642754,1104.009508397877,1123.1933009210622,959097
2023-03-09,1090.093994140625,1127.8651016646845,1085.4223530598165,1122.3982308388338,1239659
2023-03-10,1089.298828125,1093.920842936706,1077.4207366123344,1086.41627212044,893708
2023-03-13,1066.0399169921875,1094.7658653627605,1059.7281897693108,1085.4224609375,875379
2023-03-14,1070.612060546875,1085.9690702250343,1064.548828182773,1068.3259874050118,1089923
2023-03-15,1060.6226806640625,1074.8862192770225,1055.6030507681146,1073.4946278997775,1566147
2023-03-16,1058.7296142578125,1084.5340863108652,1050.7092642886334,1067.9952310109422,1023855
2023-03-17,1067.6466064453125,1087.0746666356836,1062.216761347786,1064.05991196493,1569036
2023-03-20,1070.1373291015625,1085.9288298234644,1050.1115077837585,1067.6465522804435,842875
2023-03-21,1093.6502685546875,1095.6428900673097,1071.0839272202138,1071.0839272202138,842669
2023-03-22,1108.993408203125,1123.4897774362034,1098.980558709106,1115.3698209631723,1399723
2023-03-23,1114.5230712890625,1121.3976399513735,1100.9234049044842,1109.6909883607602,463672
2023-03-24,1108.0968017578125,1117.7112251165265,1084.4842849008392,1105.9049666880398,1019781
2023-03-27,1095.2445068359375,1112.4806106370395,1091.0599285202009,1105.6060418197344,1078978
2023-03-28,1087.27392578125,1102.4177999156593,1084.035915975804,1100.7241203577175,609715
2023-03-29,1094.646484375,1101.9196009132775,1079.2535331729728,1089.9638728744355,890212
2023-03-31,1097.0377197265625,1108.8439775449722,1093.201947742686,1096.141015746185,959958
2023-04-03,1099.7279052734375,1122.643053581451,1087.7721757214304,1095.941875600647,1689388
2023-04-05,1101.4713134765625,1114.7720366406647,1096.3900317469447,1105.4565561696243,713828
2023-04-06,1112.1318359375,1115.8680011198207,1100.9233403905375,1104.8089765041432,959185
2023-04-10,1102.1688232421875,1115.3200771630552,1099.9769881286998,1115.270334595004,985731
2023-04-11,1108.545166015625,1127.6742835209488,1104.310845382731,1106.80162222561,913188
2023-04-12,1122.6927490234375,1125.8311522230968,1107.9971653992864,1114.3735785500298,784276
2023-04-13,1126.0802001953125,1134.7979190643318,1119.355102782069,1122.6927193965012,1508398
2023-04-17,1141.12451171875,1146.504614180108,1114.8717473539352,1115.868058120114,1053536
2023-04-18,1141.3238525390625,1149.0452610154764,1135.893885864314,1141.1245174128521,521013
2023-04-19,1119.2554931640625,1141.0248581886153,1116.366167736602,1135.7942268806123,1033060
2023-04-20,1124.685302734375,1127.6244922540063,1108.39564720949,1119.2554580993992,663526
2023-04-21,1102.4676513671875,1132.4067148659658,1099.2793841620542,1132.4067148659658,835506
2023-04-24,1101.6207275390625,1109.541470829107,1086.5764598123862,1101.9196694065972,1337055
2023-04-25,1101.770263671875,1118.0101782097508,1096.9880448480615,1101.9197346144874,1099269
2023-04-26,1114.17431640625,1117.8606173877981,1099.9270245954804,1101.9196460168491,993607
2023-04-27,1132.8551025390625,1140.7757237634994,1120.8495102479797,1134.5487820398994,1895316
2023-04-28,1135.893798828125,1143.7646776411102,1125.9805560627553,1143.7646776411102,1380448
2023-05-02,1146.654052734375,1153.9769123349772,1140.1281687522269,1142.7684165320259,916515
2023-05-03,1132.7056884765625,1145.8569414090282,1130.1153049134964,1144.2628685717539,623440
2023-05-04,1163.1429443359375,1165.583978661988,1132.755466254641,1132.755466254641,2409910
2023-05-05,1169.369873046875,1178.884689311957,1163.1927950743373,1167.676193427943,1360996
2023-05-08,1177.9879150390625,1181.3255315125223,1163.6908810217337,1173.6539878797967,1221625
2023-05-09,1178.7850341796875,1185.559873997315,1172.5580922774789,1179.5820097711949,1412254
2023-05-10,1184.414306640625,1190.5913848428684,1176.991718340544,1180.030514874532,1420187
2023-05-11,1181.0267333984375,1191.3883890488796,1174.7001847490678,1184.7130343569795,621616
2023-05-12,1182.670654296875,1189.5451007682125,1169.6687511324706,1175.6466152779517,1158276
2023-05-15,1185.061767578125,1190.093185490848,1176.742597177255,1176.742597177255,680497
2023-05-16,1176.3939208984375,1197.3663108844817,1169.8680368222197,1191.5876598725652,926172
2023-05-17,1158.3109130859375,1180.5784351675102,1154.923432038054,1178.4364642410274,688730
2023-05-18,1148.4473876953125,1168.5230742404542,1146.2555526268468,1158.310888743344,1133501
2023-05-19,1149.8919677734375,1153.4287976297337,1138.3347884895663,1148.4472443504828,333053
2023-05-22,1146.554443359375,1155.6208467307888,1144.9602488861904,1153.1798124562017,392404
2023-05-23,1161.2998046875,1163.5415039113125,1140.6263562901179,1142.7684487613099,1139676
2023-05-24,1171.0137939453125,1172.8072019099986,1154.524924310954,1165.185400490026,995336
2023-05-25,1173.00634765625,1177.639216614129,1167.1779545376078,1171.0137263083411,1136179
2023-05-26,1191.338623046875,1199.2592451521573,1168.8220235942772,1170.665174225447,703725
2023-05-29,1213.6060791015625,1227.355215859943,1192.6835537161783,1194.5267042475648,1370649
2023-05-30,1211.4141845703125,1213.307199193233,1196.4196601334434,1210.168796215754,745769
2023-05-31,1230.4437255859375,1235.07659470667,1207.478715096046,1211.0655309443289,2382996
2023-06-01,1203.2943115234375,1238.4142655546534,1199.9566948260242,1236.9197994256656,1041761
2023-06-02,1198.063720703125,1211.7131298294682,1194.8257106471706,1207.3294596650744,737046
2023-06-05,1210.9161376953125,1214.5028321537254,1200.554481333256,1203.5434136519282,1599077
2023-06-06,1218.488037109375,1220.4806585927918,1205.635604217344,1215.349633949001,793761
2023-06-07,1241.2039794921875,1243.3958144915425,1216.4954242741774,1220.7796091419657,1067618
2023-06-08,1234.329345703125,1250.1208459120733,1229.4972631511066,1243.096806856694,760962
2023-06-09,1227.853271484375,1248.9750086525253,1222.9713249670335,1223.0709317082133,1904738
2023-06-12,1234.329345703125,1251.6651761389876,1230.2942387359994,1237.617098028229,1402903
2023-06-13,1238.7132568359375,1244.1929661941244,1233.4327609882423,1233.4327609882423,1253147
2023-06-14,1237.716796875,1250.3200295839233,1223.120821201475,1235.524840423916,713768
2023-06-15,1236.521240234375,1245.9861923037524,1231.8883709501079,1240.4068764605333,738348
2023-06-16,1276.622802734375,1287.1836727537054,1231.4899970504512,1236.4216867986386,2049003
2023-06-19,1275.77587890625,1283.3976802498696,1270.2961699378905,1276.6227186955496,741782
2023-06-20,1290.571044921875,1301.9788754442152,1275.7758553050005,1277.1208504301785,1474323
2023-06-21,1290.1724853515625,1301.4807090314778,1281.5046309563422,1290.5710339534023,855234
2023-06-22,1271.7906494140625,1301.1818160084338,1268.2536976674328,1291.1191019390992,556505
2023-06-23,1258.04150390625,1270.1965677241615,1255.849668959066,1266.5101450694012,1076729
2023-06-26,1261.6781005859375,1271.4917372011498,1258.5396973829093,1262.275862715094,1009927
2023-06-27,1281.6541748046875,1285.240869185398,1253.5083960802785,1263.820188032308,1650539
2023-06-28,1295.1043701171875,1307.7574680124537,1280.2593155967804,1285.2408693539664,2245575
2023-06-30,1302.0784912109375,1310.5968748093828,1296.200233698,1296.2500978814835,972782
2023-07-03,1293.161376953125,1307.1595904223213,1286.2370664902567,1303.1244835874415,599025
2023-07-04,1284.49365234375,1315.1800725195142,1278.1172391308678,1315.1302083333333,866223
2023-07-05,1286.78515625,1311.8422735072354,1280.3588791480765,1284.7925348143574,960704
2023-07-06,1288.179931640625,1306.9106223315557,1284.5932372755433,1293.2113495607848,726222
2023-07-07,1289.22607421875,1313.1375315458365,1283.6965010638767,1287.831214884011,939840
2023-07-10,1288.5286865234375,1297.1965410298003,1278.4658510827687,1295.9012884622016,675354
2023-07-11,1290.222412109375,1303.921684824822,1284.742703023196,1293.9585773954059,821816
2023-07-12,1295.8016357421875,1301.7794997744782,1286.2370776145137,1286.2370776145137,905809
2023-07-13,1309.1024169921875,1331.0711169338783,1300.2353489133718,1307.1596597434493,1579954
2023-07-14,1315.4290771484375,1321.1578637226082,1306.5120233349264,1315.6282906421638,1321159
2023-07-17,1309.6505126953125,1323.64872772091,1291.9659964531354,1316.126532727659,1055414
2023-07-18,1309.7003173828125,1317.4217255321373,1300.8331275712085,1310.148608562853,1427102
2023-07-19,1305.6153564453125,1316.674502920218,1302.4272107354063,1309.7500703271953,659900
2023-07-20,1309.2021484375,1316.7242213910292,1298.3423372806585,1310.1485949721953,898725
2023-07-21,1285.938232421875,1317.8700405091488,1283.2482420531344,1309.949418718996,524241
2023-07-24,1312.2906494140625,1319.5139019152225,1283.1485617369683,1285.9381586964764,1183272
2023-07-25,1296.2998046875,1315.1301009108972,1285.3403871799092,1313.1374795458808,1362929
2023-07-26,1287.881103515625,1295.154098952032,1270.5452723004132,1285.2408557283143,2302730
2023-07-27,1291.7169189453125,1307.159735947744,1287.9807535414984,1290.2224527837868,1946045
2023-07-28,1284.9918212890625,1297.1467640888184,1276.5730438933258,1297.1467640888184,1051700
2023-07-31,1277.4197998046875,1292.1651253251769,1265.3146003669488,1292.1651253251769,1061701
2023-08-01,1275.227783203125,1280.259200694302,1256.4473515480593,1280.259200694302,1219778
2023-08-02,1257.59326171875,1280.1597248448265,1247.8293675846523,1275.2777777777778,888107
2023-08-03,1249.12451171875,1270.0969001248018,1247.0322836203209,1255.301589270294,871719
2023-08-04,1263.222412109375,1282.4013938625642,1249.373668493469,1254.3053580105895,1609140
2023-08-07,1297.74462890625,1300.8829105038428,1261.8774415512175,1268.3035973043413,1719680
2023-08-08,1344.371826171875,1353.737171127772,1288.9769752688537,1302.0784853704574,3458915
2023-08-09,1344.371826171875,1368.9309093869797,1338.0452775158033,1360.960423742805,1746764
2023-08-10,1329.42724609375,1353.8867240434606,1325.192925338869,1339.9881158878127,841571
2023-08-11,1306.6614990234375,1335.0563543205537,1300.0858726470447,1335.0563543205537,891342
2023-08-14,1292.314697265625,1311.0951312732666,1287.1836723894867,1309.152373886947,888959
2023-08-16,1286.5361328125,1295.1541235890302,1276.2740833382964,1290.2224339758734,395774
2023-08-17,1279.711181640625,1285.190890283692,1271.541482857125,1281.753667146477,843146
2023-08-18,1277.7186279296875,1281.1061086850134,1261.3293653143064,1273.833113436773,886254
2023-08-21,1273.8331298828125,1285.0416255723762,1269.5988092889772,1278.2167997898723,703317
2023-08-22,1282.0029296875,1308.3553018595885,1274.0324432390835,1279.6117594289806,1405263
2023-08-23,1295.4530029296875,1299.687323454549,1281.5046529654378,1285.1909539508626,583458
2023-08-24,1288.97705078125,1306.8110377788544,1285.3903563552433,1295.1043863031598,618797
2023-08-25,1291.6171875,1293.7592797820507,1277.7185805675936,1288.279571052131,487521
2023-08-28,1286.78515625,1302.1781081923536,1284.7925348143574,1295.203933167605,764751
2023-08-29,1292.4141845703125,1296.8478401338855,1285.240796216159,1287.2334176056413,1011094
2023-08-30,1295.8016357421875,1303.0248881145387,1288.5286408082072,1297.146630825462,812860
2023-08-31,1287.7813720703125,1303.772084941,1281.7536440236972,1300.0359200244911,1390078
2023-09-01,1315.67822265625,1322.2039851617262,1288.4290260765501,1293.1615021861555,761000
2023-09-04,1323.4493408203125,1327.5341905107675,1296.6984219033486,1323.5988117545896,542261
2023-09-05,1304.6190185546875,1334.010184679762,1300.8331108054676,1323.4493154130494,1922115
2023-09-06,1314.930908203125,1324.096917979075,1300.6337523872187,1305.167014712256,1461738
2023-09-07,1342.5286865234375,1346.3147158829534,1306.6116366515796,1315.1301419005101,1468196
2023-09-08,1336.5009765625,1344.4714623813406,1329.4271947222712,1343.0268604746605,1214231
2023-09-11,1345.1689453125,1351.8441785003286,1332.0674349973224,1339.4899012264734,844034
2023-09-12,1341.532470703125,1347.8092772905331,1326.3885954337807,1347.8092772905331,1139357
2023-09-13,1340.5360107421875,1346.06558362623,1323.3496516301082,1345.0194087714256,438029
2023-09-14,1347.75927734375,1355.7297628131641,1337.2980151651439,1340.5360248870934,889229
2023-09-15,1367.5859375,1369.7777724414136,1347.0120967573398,1350.2999707894214,878944
2023-09-18,1368.6319580078125,1387.860803138621,1362.5047445074385,1369.9272105639654,1324270
2023-09-20,1340.2371826171875,1371.7206998566476,1335.4050997663098,1364.9457380562653,574012
2023-09-21,1329.2777099609375,1346.9124826236482,1323.1504963474133,1340.536069710916,783641
2023-09-22,1313.984375,1332.665201088884,1311.1449137584818,1321.1578851901083,1084861
2023-09-25,1289.37548828125,1335.0563085443935,1284.3440707092757,1313.9345708183898,908011
2023-09-26,1284.94189453125,1297.5452495377401,1280.4584962647489,1290.7205453893916,749346
2023-09-27,1296.2003173828125,1299.1892497057552,1273.2353053868824,1278.5656653254377,643756
2023-09-28,1284.64306640625,1303.672576830025,1279.7611195553436,1296.2002464316872,1026081
2023-09-29,1300.583984375,1307.159610530813,1284.2444649193735,1285.1909114162115,1294800
2023-10-03,1287.6817626953125,1297.346049810994,1277.91799044994,1297.346049810994,1282289
2023-10-04,1265.8626708984375,1292.9124104401344,1259.6854712821294,1286.8349391947063,1139615
2023-10-05,1269.7481689453125,1277.3699704002938,1260.2832169525811,1266.310945553832,979561
2023-10-06,1278.216796875,1282.7999235091397,1267.3072430766877,1271.2924859794446,784191
2023-10-09,1272.537841796875,1285.9880362492202,1267.307210620963,1273.3846815680308,1345177
2023-10-10,1297.246337890625,1307.7573423361946,1275.0784258014971,1280.2591925631098,1221002
2023-10-11,1304.5194091796875,1306.1134819982517,1286.3866028310954,1305.167035467843,1374812
2023-10-12,1308.8035888671875,1312.5397540306915,1296.1503698748115,1307.1097876877564,726322
2023-10-13,1311.5931396484375,1324.7445135323428,1308.0064455419017,1310.9953775673407,916350
2023-10-16,1317.322021484375,1327.2851289577707,1305.7150985738406,1314.3330892423564,578729
2023-10-17,1343.37548828125,1346.11534266599,1320.1116581020838,1320.1116581020838,1073063
2023-10-18,1351.345947265625,1353.5876462637277,1334.0599815375792,1339.0913990479694,454861
2023-10-19,1343.17626953125,1348.6061140972122,1333.661453875346,1344.0231092864979,595436
2023-10-20,1357.622802734375,1363.6006669478284,1331.5692535467488,1335.0563410045966,936229
2023-10-23,1333.4622802734375,1361.5084511193788,1324.146799447155,1354.9327031290995,976136
2023-10-25,1309.3017578125,1341.1338366879777,1303.8220488491497,1318.1689475499136,945901
2023-10-26,1300.783203125,1310.945645061419,1285.9880138095784,1310.945645061419,1107874
2023-10-27,1298.09326171875,1315.8275195669644,1288.877387556572,1302.7758734558722,654531
2023-10-30,1321.3072509765625,1325.7906492937925,1300.1855119967086,1300.3847254961556,1242401
2023-10-31,1362.8037109375,1370.3259061667836,1314.6321078170427,1320.1118172471251,2287988
2023-11-01,1331.1209716796875,1372.866293099358,1327.484413267102,1365.9918465018197,968893
2023-11-02,1338.54345703125,1352.7408848412203,1335.2058404314948,1337.04899094599,637519
2023-11-03,1324.4456787109375,1344.9696559535143,1321.2076687550466,1339.8387528578442,690163
2023-11-06,1326.9364013671875,1335.7537268704034,1318.5176244739391,1330.0748044432366,377106
2023-11-07,1335.9031982421875,1339.0914655030192,1315.528692762955,1327.5840280936975,1038346
2023-11-08,1340.5360107421875,1344.371782509878,1329.7758068240341,1337.1983943110793,498283
2023-11-09,1345.716796875,1348.3570445207029,1330.5230588915651,1340.1374813493364,493454
2023-11-10,1350.3995361328125,1354.9825409915866,1336.0526378453806,1346.812841965944,639801
2023-11-13,1323.4493408203125,1354.6836580458166,1320.1117241812806,1346.5139586649063,1332535
2023-11-15,1352.09326171875,1353.9862764218458,1327.1357510083376,1343.97330497913,742427
2023-11-16,1354.9326171875,1360.0636413490233,1343.0766177714927,1357.7223356500617,577249
2023-11-17,1408.7335205078125,1429.1578906536408,1349.0047403634853,1349.0047403634853,3192944
2023-11-20,1380.1893310546875,1414.7612654425152,1377.8977676809848,1408.7335367551439,726211
2023-11-21,1418.397705078125,1419.8921710782874,1381.9825015595195,1383.8755161503827,2049132
2023-11-22,1424.823974609375,1433.2428733914278,1412.1210125882574,1419.7428141249209,865655
2023-11-23,1405.74462890625,1429.1081893786,1401.1616236992538,1424.8240044299057,549853
2023-11-24,1404.4991455078125,1413.715019485213,1395.881155246535,1408.7833301669118,387896
2023-11-28,1407.239013671875,1412.0712179112752,1387.960425757636,1404.5988875863795,1123470
2023-11-29,1402.656005859375,1416.5546132072132,1400.8128553736647,1410.2279429157813,887709
2023-11-30,1429.9549560546875,1438.8718883206134,1403.8516639267561,1404.798110459578,3027395
2023-12-01,1418.397705078125,1439.668913489779,1414.8607535630922,1432.744603003675,808841
2023-12-04,1448.6358642578125,1453.3184762439464,1409.7797441023415,1434.5879066794434,2078827
2023-12-05,1455.5601806640625,1466.6690701489647,1437.676450869152,1448.635869413546,1932719
2023-12-06,1445.347900390625,1457.5527066053646,1439.8184489142902,1456.6062600775117,724418
2023-12-07,1450.37939453125,1477.9771540429856,1444.7502143912845,1451.4753120475345,1244939
2023-12-08,1459.79443359375,1464.1284825671369,1446.194889419204,1449.6321127912397,1654799
2023-12-11,1455.21142578125,1462.8830913629836,1449.6321100254195,1459.7944308085407,731571
2023-12-12,1475.9844970703125,1486.3960172749048,1454.5638161611064,1459.0970786759237,1763549
2023-12-13,1461.388671875,1477.6783284821233,1454.6137100568858,1477.6783284821233,2279728
2023-12-14,1464.42724609375,1472.1486539555983,1449.582192461173,1467.5656490970734,2953215
2023-12-15,1447.141357421875,1479.5214566412972,1443.2557211915514,1468.5620384439544,1482700
2023-12-18,1441.61181640625,1456.0085799688059,1436.3314423104064,1447.1413898139388,1580916
2023-12-19,1419.29443359375,1442.6578704864492,1413.8147248315431,1439.619074252152,1282514
2023-12-20,1404.0509033203125,1431.6985262169871,1398.870136146218,1431.6985262169871,1151553
2023-12-21,1398.5711669921875,1405.0970508272055,1374.8589233134542,1396.3294678821378,1841616
2023-12-22,1389.1561279296875,1412.4697021930588,1381.9328749892927,1408.7834010645672,1111420
2023-12-26,1390.15234375,1403.9512223767456,1382.5305427059268,1394.8349553091266,875367
2023-12-27,1416.106201171875,1418.7464488733349,1393.938287908229,1399.816545412244,718369
2023-12-28,1430.0048828125,1439.61918435279,1413.9641822767526,1423.2299209949194,1446654
2023-12-29,1427.314697265625,1429.954944968238,1415.8073815496487,1427.7132458731824,383858
2024-01-01,1426.816650390625,1432.2963597062667,1420.6893147409594,1430.552815833108,158288
2024-01-02,1432.3460693359375,1444.3515400236824,1416.5047052451812,1431.6984430717955,691712
2024-01-03,1417.451171875,1435.5840994287685,1410.3773902907094,1424.7242885695268,550221
2024-01-04,1426.318359375,1431.2999128246333,1409.779626246209,1415.5582768957665,938454
2024-01-05,1448.7852783203125,1462.5841576636508,1428.4106508359223,1430.6026074229271,1258280
2024-01-08,1415.8074951171875,1454.7133584490814,1411.1746256251265,1448.785357903521,738502
2024-01-09,1444.0029296875,1462.833226775709,1415.7575448651676,1423.728030691291,1871763
2024-01-10,1446.09521484375,1489.8332818611102,1442.6579913438525,1449.5823025300092,2547856
2024-01-11,1422.5325927734375,1457.9016257727747,1420.6395779508875,1444.7005078223178,908421
2024-01-12,1430.0048828125,1435.5841987458198,1413.266813392575,1429.5067274323828,557158
2024-01-15,1424.7742919921875,1439.22079842797,1419.294582654477,1436.680157268862,902104
2024-01-16,1403.6025390625,1426.6172915191557,1400.3645293422792,1419.7925876636045,1729041
2024-01-17,1415.906982421875,1439.6191042236599,1381.434656360484,1391.8460545774499,2628568
2024-01-18,1399.7169189453125,1432.6947786073454,1379.093214598392,1411.6726472786145,2296538
2024-01-19,1435.28515625,1439.668947611702,1400.2150685963,1400.7132239414943,570639
2024-01-23,1370.42529296875,1443.305441015506,1362.3053368834398,1438.6725721896582,2880301
2024-01-24,1405.34619140625,1408.6838081288274,1363.5011394790959,1375.3073976631213,1255876
2024-01-25,1375.805419921875,1409.679982490003,1352.1430416573737,1409.679982490003,3230297
2024-01-29,1413.1671142578125,1419.3441919194668,1382.8792448026957,1382.8792448026957,1607583
2024-01-30,1393.8387451171875,1428.410679639728,1387.7114096549024,1419.7428247262276,1464906
2024-01-31,1395.980712890625,1401.3109506255369,1376.6023974802117,1394.8349313016363,1343827
2024-02-01,1427.4642333984375,1454.3147595821304,1393.3405900594764,1402.108173346378,1803699
2024-02-02,1430.1541748046875,1450.6284087548088,1414.8110870080575,1435.484534454254,1817169
2024-02-05,1414.6116943359375,1454.613592452369,1409.6800051190985,1429.7058254583214,1010779
2024-02-06,1458.598876953125,1464.526877019534,1399.716938416509,1417.3515893054587,1515381
2024-02-07,1464.0286865234375,1487.491851788717,1448.2870506821082,1467.1670895032455,690402
2024-02-08,1453.6671142578125,1486.5951085339848,1449.781478367475,1476.4327884699821,1679065
2024-02-09,1434.388427734375,1462.584068437383,1431.2002822277252,1462.584068437383,596482
2024-02-12,1430.7021484375,1446.6431194507313,1417.9991871613315,1437.128303729226,515507
2024-02-13,1462.185546875,1470.4051100818626,1422.9308812964157,1430.702153339978,1388464
2024-02-14,1448.3369140625,1458.5989636157065,1433.7410586146414,1454.6137205457183,504590
2024-02-15,1447.9881591796875,1458.9475770890283,1438.3239938530712,1458.5988926613595,736364
2024-02-16,1502.884765625,1510.6061732358692,1446.2445289582924,1451.0268687717153,2008339
2024-02-19,1483.357177734375,1516.3849021277056,1480.5177165320438,1511.5029553198597,1163429
2024-02-20,1507.966064453125,1512.0509138794569,1467.9143025145722,1483.357117912134,1569035
2024-02-21,1496.1597900390625,1513.8941698641333,1489.8831053472406,1504.479082016419,1156081
2024-02-22,1504.08056640625,1507.9163385165407,1464.7760338673872,1504.4292508490098,1355358
2024-02-23,1523.508544921875,1530.5823266314605,1495.7114518180506,1502.8350977110676,1115653
2024-02-26,1543.434814453125,1547.6691351180373,1519.4734923954595,1525.5012210487907,1283074
2024-02-27,1537.0084228515625,1563.2114421357264,1533.2225152753417,1548.0675685909341,1764621
2024-02-28,1534.5177001953125,1551.0066910218163,1530.7317924858153,1538.303729524769,834214
2024-02-29,1546.822265625,1561.3185137100038,1519.772405101899,1534.5177308682944,1672455
2024-03-01,1536.4605712890625,1563.5601736980125,1530.3831003392565,1559.1266397282257,1088145
2024-03-04,1512.349853515625,1548.266904682138,1502.685687893716,1548.117433745724,2126926
2024-03-05,1485.748291015625,1519.3737762272108,1482.4604171469546,1519.3737762272108,1476872
2024-03-06,1514.7908935546875,1518.2779811910382,1481.5140900723775,1486.7447215269033,1568041
2024-03-07,1504.8277587890625,1515.687570126872,1483.5066847315209,1514.3923175231105,2468543
2024-03-11,1526.4476318359375,1534.1192973622067,1508.015883491209,1521.3166072970614,1824218
2024-03-12,1510.8056640625,1546.0252251808415,1503.4828042846218,1527.3443983903528,1608593
2024-03-13,1481.86279296875,1526.9458551145103,1475.1875594868673,1518.377606853895,1461171
2024-03-14,1500.29443359375,1508.9624095998147,1459.8941079413169,1476.7316613667438,1094035
2024-03-15,1497.1505126953125,1502.0910606518387,1478.2863918676674,1479.1847065429688,1466897
2024-03-18,1486.8699951171875,1500.5938744908685,1475.4917489617424,1490.163774902238,641326
2024-03-19,1458.5738525390625,1486.1213965175157,1453.533519115011,1477.1884475464356,1010444
2024-03-20,1455.6295166015625,1466.6584519249964,1447.245449629131,1457.2264527300215,477278
2024-03-21,1465.26123046875,1474.1941796397984,1455.2302734697535,1470.1019926760514,958834
2024-03-22,1498.2484130859375,1508.1296309322647,1455.3300979766805,1471.199917931276,563028
2024-03-26,1483.576416015625,1506.5825564671218,1455.030769768986,1455.7293912934074,1349881
2024-03-27,1476.7393798828125,1496.1523824068265,1470.7008242004397,1487.1694795104547,795193
2024-03-28,1497.4000244140625,1518.9589672367426,1477.188492673096,1477.188492673096,1704887
2024-04-01,1487.1195068359375,1516.214155214429,1483.9256345821245,1495.1542630597091,838186
2024-04-02,1467.806396484375,1493.75700640016,1462.5165375661356,1492.160070157643,941688
2024-04-03,1458.0250244140625,1470.1518460660645,1453.2840478022924,1467.2074988004385,1862464
2024-04-04,1460.9693603515625,1472.2479428337945,1444.2511797975822,1464.7122365949908,1905528
2024-04-05,1482.478515625,1487.0697529200718,1457.3762671663746,1466.209430997689,836975
2024-04-08,1515.914794921875,1525.097269010393,1484.17515642569,1485.8718782121282,822205
2024-04-09,1507.6805419921875,1524.498508628692,1500.1947893197,1522.20282907376,718575
2024-04-10,1500.494140625,1513.8187559637395,1478.1866221133905,1512.1220340997884,1056524
2024-04-12,1490.3135986328125,1508.5289304684209,1485.3729286757161,1498.1486622053756,787733
2024-04-15,1464.1134033203125,1487.0697109867592,1459.721737486004,1487.0197572347251,994053
2024-04-16,1459.9713134765625,1474.0944580532325,1449.2417345192061,1457.4261088024712,717750
2024-04-18,1454.1822509765625,1480.8316033289434,1445.2493016115009,1462.217007500586,1746383
2024-04-19,1444.8001708984375,1454.7811741257046,1422.642270630853,1447.2454679537507,1129149
2024-04-22,1472.5972900390625,1480.083042711243,1449.2417173341744,1453.7331689374828,772048
2024-04-23,1467.0577392578125,1486.3709561910462,1461.468401801975,1475.192281279371,1042729
2024-04-24,1457.2764892578125,1475.1923421062093,1449.7907365069352,1467.0577997492378,898680
2024-04-25,1441.7059326171875,1461.218842258395,1433.4217732128977,1461.218842258395,2406788
2024-04-26,1412.5615234375,1464.0634772428416,1408.51916827576,1452.2360124370693,2180945
2024-04-29,1419.64794921875,1458.1247648411395,1411.3637897624667,1434.2701431038104,4381119
2024-04-30,1433.821044921875,1447.0957059034588,1420.4963083511523,1429.2796397891336,2402464
2024-05-02,1458.124755859375,1461.967417655182,1413.6593386607635,1413.6593386607635,2194261
2024-05-03,1440.50830078125,1469.9023067543583,1435.6675385500846,1466.2093842699853,1355425
2024-05-06,1437.86328125,1454.6812470944906,1428.8803784660495,1447.245448525365,920880
2024-05-07,1447.395263671875,1456.1286418354523,1428.830621314698,1438.1628353275219,1800920
2024-05-08,1424.0396728515625,1463.165157794681,1420.296796543034,1437.2645024750307,1297162
2024-05-09,1419.697998046875,1436.7654900950463,1410.5154014920142,1429.1799516112396,1645954
2024-05-10,1429.229736328125,1435.7673423051328,1413.0605595192853,1422.2929876849596,741292
2024-05-13,1422.392822265625,1437.2645422440296,1417.8515386553395,1432.2740403612377,771284
2024-05-14,1430.1280517578125,1434.0206674622657,1419.3486411590432,1424.4887604535272,896653
2024-05-15,1427.38330078125,1441.107180734259,1423.0415885819828,1437.2645187151008,254646
2024-05-16,1449.4412841796875,1455.4298862988792,1417.4522409627245,1428.8306093568733,1176239
2024-05-17,1431.4754638671875,1447.2454980293585,1427.7825413317223,1447.2454980293585,2433315
2024-05-21,1426.9342041015625,1437.9631399769717,1419.7977621595785,1436.1166786785786,1300334
2024-05-22,1424.6884765625,1432.823018854654,1421.2949109747913,1431.525439652805,966583
2024-05-23,1444.0516357421875,1450.1898554266145,1421.3448527698313,1431.2759025212733,1206423
2024-05-24,1433.5216064453125,1445.6983817995063,1430.7268767713567,1439.7597335403748,487961
2024-05-27,1407.52099609375,1445.249236216537,1399.4863617717006,1432.2739323002281,1675749
2024-05-28,1447.9940185546875,1452.2359448540894,1403.229244209858,1412.3119326244237,1600105
2024-05-29,1410.1162109375,1446.6964909757587,1403.9279157183284,1445.249294216228,1518325
2024-05-30,1377.428466796875,1416.1048562029714,1368.3956096969848,1416.1048562029714,2097166
2024-05-31,1383.766357421875,1398.4883376675107,1369.992523778725,1391.1523244212683,2559060
2024-06-03,1388.8565673828125,1433.6712952183277,1384.7144267703297,1432.5734092560638,870693
2024-06-04,1336.306640625,1400.035324148254,1305.2157900896923,1395.4940406200817,3277433
2024-06-05,1387.459228515625,1393.5476160913904,1328.1720452232105,1338.4525272401388,1238176
2024-06-06,1440.1090087890625,1443.053477808398,1377.627953712859,1387.459217404637,2227021
2024-06-07,1423.141357421875,1437.2645017196517,1417.3024947513231,1432.373785644727,1279929
2024-06-10,1429.5792236328125,1449.2417523920174,1415.6556502226852,1434.120507260738,2059288
2024-06-11,1425.3372802734375,1437.0649596057945,1419.298724307365,1429.7288244250278,991450
2024-06-12,1449.9403076171875,1459.0231181345318,1423.0915060820146,1425.3870637489847,1823958
2024-06-13,1447.145751953125,1476.6395448064466,1430.128091896056,1456.877230568173,3086173
2024-06-14,1467.107666015625,1470.9503278309096,1437.8632782774116,1442.1551583340151,856835
2024-06-18,1470.7508544921875,1477.1885531675819,1452.2859975775928,1477.1885531675819,1427035
2024-06-19,1446.447021484375,1475.591625673834,1443.4028884294323,1475.5416719194805,578983
2024-06-20,1452.7349853515625,1478.0867573165865,1448.6926304048093,1473.1960414832747,1444553
2024-06-21,1461.36865234375,1475.7413217565836,1442.4047456869557,1452.7350599454724,1184387
2024-06-24,1449.990234375,1461.3686023474847,1444.450728884664,1461.3686023474847,460942
2024-06-25,1459.22265625,1464.7122079663986,1427.28344626368,1454.6314191821498,1845922
2024-06-26,1448.143798828125,1472.846782092234,1444.2511831582178,1459.2226881667686,780636
2024-06-27,1460.669921875,1470.8506186414693,1434.8192200435356,1442.2550189838964,1492222
2024-06-28,1489.11572265625,1495.9528073142444,1447.2454629966453,1447.3452486608926,1533271
2024-07-01,1498.9969482421875,1509.0279052405167,1479.084895500332,1489.115730660243,788569
2024-07-02,1492.0601806640625,1507.4807817479339,1465.3110435691112,1504.1371700706693,1462260
2024-07-03,1493.5074462890625,1504.087285715919,1483.376703287926,1500.1448380372847,527776
2024-07-04,1504.8857421875,1515.9646312592338,1489.4151873847102,1493.5573280383019,1363288
2024-07-05,1526.49462890625,1529.039711577735,1502.5900535286492,1504.8857329626155,961676
2024-07-08,1512.072021484375,1529.0397268170498,1505.3847981180406,1526.494644120199,774723
2024-07-09,1521.853515625,1526.095442131907,1509.5270006137905,1522.1030407136416,726889
2024-07-10,1555.8388671875,1559.5317897302127,1515.7151601982684,1521.8535016903309,1964480
2024-07-11,1555.8388671875,1566.6682315677024,1543.21287345016,1559.032739557499,1156236
2024-07-12,1559.881103515625,1567.017545366987,1544.4105481314286,1559.9310572683619,589534
2024-07-15,1610.3848876953125,1617.8208080675113,1554.940488878734,1559.8810366510572,2498480
2024-07-16,1618.27001953125,1636.485351385048,1589.1753692162656,1610.3351702809928,1844059
2024-07-18,1656.64697265625,1661.7870918731835,1611.9819829915557,1616.9225308783164,2104021
2024-07-19,1644.56982421875,1655.3993100014038,1628.8996981617515,1628.8996981617515,567209
2024-07-22,1618.0704345703125,1644.5699262150483,1615.5751836524414,1637.9824881595537,397490
2024-07-23,1591.8203125,1634.8883667989257,1575.0522997897303,1618.070400335986,2145861
2024-07-24,1629.847900390625,1646.8655599117478,1576.6492254068312,1576.998536157916,2099093
2024-07-25,1692.1793212890625,1698.1179695082083,1641.8750403654994,1641.8750403654994,4427012
2024-07-26,1747.623779296875,1774.322963967975,1683.046734640836,1683.046734640836,2982227
2024-07-29,1743.3818359375,1760.1999243378407,1733.2012610834354,1749.1708667139192,1368641
2024-07-30,1717.7806396484375,1742.98267324453,1704.7553814703363,1737.1936425346137,2096978
2024-07-31,1750.3187255859375,1756.6566385220112,1716.7326240101474,1717.780678126453,1082466
2024-08-01,1763.892822265625,1787.7474447106317,1754.7601798055769,1787.6974909583655,1247361
2024-08-02,1741.5853271484375,1765.5397355768507,1727.7117078992972,1756.6566180836296,594517
2024-08-05,1718.9283447265625,1736.045789804891,1676.7586056580649,1676.808559410082,1240111
2024-08-06,1671.3189697265625,1776.6185524713535,1666.9273039932195,1718.9283057961866,1500825
2024-08-07,1682.4976806640625,1695.6726781475334,1673.914042177837,1686.8395145783452,603417
2024-08-08,1703.0587158203125,1711.8918797569713,1666.877577285571,1667.9255095745573,1291138
2024-08-09,1721.8228759765625,1730.107157552263,1704.7553844924776,1716.7325885989821,804893
2024-08-12,1701.7611083984375,1726.7136173192357,1688.835757512833,1719.6271291534135,1019251
2024-08-13,1679.2039794921875,1718.030105770441,1668.873665690863,1701.76102204427,1064268
2024-08-14,1688.8856201171875,1704.1066508354631,1669.8219273229663,1692.977807286875,557473
2024-08-16,1685.691650390625,1698.8665258446729,1662.984868170232,1695.7724392284786,721574
2024-08-19,1668.3746337890625,1693.576666795916,1662.8351282937733,1693.576666795916,632647
2024-08-20,1757.9542236328125,1767.4361771112237,1669.572387474989,1669.6223412286658,3951662
2024-08-21,1797.179443359375,1801.0221052911186,1747.5739053203151,1757.954173198141,2972530
2024-08-22,1791.839599609375,1808.9570444662945,1786.4498335133023,1797.5786764497893,1380510
2024-08-23,1785.9010009765625,1794.983689773465,1778.6148197025695,1786.1005723107453,858249
2024-08-26,1792.8377685546875,1798.0278416823578,1765.9888445493573,1787.5977416737342,593628
2024-08-27,1835.45654296875,1845.0882354676742,1780.7107645386573,1785.0026446692925,2239371
2024-08-28,1840.197509765625,1850.727516868506,1822.5311828512295,1835.2569619209737,724092
2024-08-29,1840.197509765625,1864.201871177647,1832.013135883588,1836.5045873199683,2248185
2024-08-30,1846.78515625,1866.2481133902124,1833.5103726446393,1836.454719989456,2125138
2024-09-02,1885.1619873046875,1891.0508035850635,1845.5374531699047,1846.7850785751361,2522132
2024-09-03,1924.9862060546875,1932.3222190371707,1878.1752766907005,1886.409604328643,3457882
2024-09-04,1908.5673828125,1916.3526140424146,1898.7361190300182,1906.371610844277,952279
2024-09-05,1904.2257080078125,1915.354551158937,1896.5902160443152,1915.354551158937,947097
2024-09-06,1892.69775390625,1913.2086431199511,1885.8606689965939,1894.4942614440802,772396
2024-09-09,1898.1373291015625,1929.1782254306358,1890.9011016079455,1897.239014424326,1845859
2024-09-10,1849.9290771484375,1886.4096943108232,1835.2570504836117,1886.4096943108232,2515665
2024-09-11,1855.6182861328125,1867.4957046402944,1841.0460454214171,1841.5949275096996,630094
2024-09-12,1872.38623046875,1876.4285854653585,1837.103408827816,1859.4608801712568,1126825
2024-09-13,1842.9923095703125,1868.1943435896196,1838.2513328736113,1865.4495676073188,886112
2024-09-16,1817.790283203125,1861.2576026775448,1812.6500419742208,1847.48376895483,1576652
2024-09-17,1815.6942138671875,1840.796461177406,1805.0144673850068,1820.0359258732626,844866
2024-09-18,1838.949951171875,1845.4376034823295,1811.6020989031579,1814.7460175521019,518691
2024-09-19,1837.4527587890625,1856.466618862783,1824.7269795468578,1846.4856155355637,776068
2024-09-20,1866.6971435546875,1881.4191234330094,1841.4951102036616,1846.4856118573302,1512372
2024-09-23,1916.50244140625,1921.3432038118053,1876.4286873590618,1878.4248880902949,1022492
2024-09-24,1860.808349609375,1924.2875070396049,1851.0768712677136,1923.4391461159646,2608386
2024-09-25,1860.059814453125,1871.4381829732872,1837.5527243422869,1870.1406037643899,1395256
2024-09-26,1894.6939697265625,1898.4368460915823,1864.9505301438362,1869.44198178186,1396821
2024-09-27,1879.0736083984375,1909.3659290100825,1870.3402305213658,1894.6939029119696,1678089
2024-09-30,1840.4970703125,1890.0028239749129,1834.7579932223173,1888.4058877609816,1473366
2024-10-01,1830.715576171875,1855.7679919204272,1820.8344803776547,1836.704178150636,885515
2024-10-03,1802.1201171875,1841.694698188214,1791.640063620029,1803.5673139447827,1307453
2024-10-04,1794.6842041015625,1846.4856363206197,1779.1638168560823,1802.1201247670954,1554623
2024-10-07,1784.553466796875,1816.392892235886,1772.6262163848342,1796.580624714359,692912
2024-10-08,1724.767333984375,1795.6324578249348,1720.2758824733537,1781.6090993718224,2888148
2024-10-09,1734.099609375,1755.6585530262848,1729.7578971277533,1744.7294026964823,704112
2024-10-10,1731.205078125,1751.1171316142452,1726.2645300677957,1741.8348713494336,784503
2024-10-11,1731.7540283203125,1743.4317534595557,1715.335204769624,1734.1993253962949,805944
2024-10-14,1734.9979248046875,1740.5373087643866,1714.0378169996736,1735.4470212365682,1349793
2024-10-15,1720.4754638671875,1751.616145790358,1715.2354370736834,1738.6408413493002,2159705
2024-10-16,1730.4564208984375,1745.6774507001396,1720.7249428284968,1721.7729968944727,891554
2024-10-17,1698.7667236328125,1735.6964350161345,1692.5285967099542,1730.7059334778478,2442434
2024-10-18,1702.80908203125,1714.1873280906436,1677.4073560473464,1702.7591282804003,2045293
2024-10-21,1708.5980224609375,1772.6761366344083,1693.5766856245837,1711.891802279364,1574574
2024-10-22,1694.924072265625,1723.669288200328,1669.7220393419004,1697.7686337923026,1290296
2024-10-23,1712.740234375,1725.6157535115876,1689.035350595043,1699.9645009076955,952362
2024-10-24,1632.1934814453125,1721.1740263803101,1619.916798928785,1721.1740263803101,4320374
2024-10-25,1613.6787109375,1650.1593267888509,1600.902977959052,1641.7253058847032,1639581
2024-10-28,1602.849365234375,1616.9225557033683,1590.5726822797774,1613.928254674288,2366566
2024-10-29,1658.1939697265625,1662.6355893271734,1592.8683514360368,1602.9491404673067,2052244
2024-10-30,1621.064697265625,1646.2167771864943,1616.223934967327,1633.3912121401843,1512352
2024-10-31,1619.0684814453125,1638.8307949588727,1609.9857927720284,1627.0033303666146,809110
2024-11-01,1625.7557373046875,1636.2857447751417,1619.9168746012583,1636.2857447751417,53886
2024-11-04,1605.743896484375,1638.0324185330755,1584.9833604086411,1633.8902777008473,1470020
2024-11-05,1630.097412109375,1638.8807437589196,1595.6131187709705,1603.7476608375796,978590
2024-11-06,1600.9029541015625,1635.5371081912033,1597.409602993405,1630.0973883625932,1352644
2024-11-07,1586.829833984375,1614.8764297504722,1572.0080679966625,1602.0010325690473,1359619
2024-11-08,1566.967529296875,1600.304103940858,1563.87344271077,1585.9813888934245,1131938
2024-11-11,1563.025146484375,1575.6011865136916,1552.2955677329658,1575.6011865136916,862991
2024-11-12,1559.4818115234375,1582.937169273178,1554.0422134615249,1566.119203084133,1177157
2024-11-13,1543.76171875,1569.0137056229373,1537.0744953303586,1557.0365017632203,2946117
2024-11-14,1559.3321533203125,1565.9694228696717,1543.1130233839972,1543.2626409588304,684365
2024-11-18,1559.631591796875,1563.5741613058224,1548.053652035858,1548.053652035858,490930
2024-11-19,1520.007080078125,1565.071336217644,1498.1486575752647,1565.021382463701,4198931
2024-11-21,1475.142333984375,1512.6210501111473,1471.1998864162529,1510.4252781205205,1827614
2024-11-22,1482.3287353515625,1493.607196022283,1472.1979925941628,1482.528306682987,977581
2024-11-25,1492.359619140625,1508.1296536654813,1485.5226559983107,1489.7645825556094,1785465
2024-11-26,1503.8876953125,1514.018438185193,1486.4209392693815,1492.3595875886735,601372
2024-11-27,1502.540283203125,1513.0701687361252,1492.2598009178662,1504.1372193868801,467560
2024-11-28,1425.8861083984375,1516.813024178446,1400.3347642943218,1504.2869381283303,5574277
2024-11-29,1435.018798828125,1457.2265319346636,1393.9968982214846,1439.260725376565,9016112
2024-12-02,1419.3486328125,1447.0459171612504,1408.4693147726941,1425.6865455840796,3117960
2024-12-03,1438.212646484375,1445.5986134209381,1414.2582381528757,1427.3832820855273,4645704
2024-12-04,1449.840576171875,1469.5530585212184,1432.3239877442472,1438.2626362229835,1976987
2024-12-05,1429.1300048828125,1453.2841071843604,1414.8572425503946,1449.84058776995,2632452
2024-12-06,1445.79833984375,1450.1898840014508,1426.5849077193247,1432.274031093525,1359753
2024-12-09,1466.5089111328125,1481.5802022365779,1446.297378795272,1451.2379268535237,2397565
2024-12-10,1459.072998046875,1481.0811598884052,1448.842469278705,1460.919459359299,1994725
2024-12-11,1453.3837890625,1470.7008050529219,1451.6869454344483,1452.7349994940807,1213092
2024-12-12,1429.7786865234375,1452.9845186083728,1417.651743453304,1447.2454418561847,2851447
2024-12-13,1426.0858154296875,1439.2107374382556,1406.6228587873727,1419.3486381304247,3926561
2024-12-16,1418.9493408203125,1434.2202025758595,1412.96073891498,1426.085782458517,1601339
2024-12-17,1407.02197265625,1422.2929562907389,1402.929785711097,1418.9991764986985,1973758
2024-12-18,1395.34423828125,1417.6517559204235,1390.054257884302,1412.1123722835162,1454595
2024-12-19,1403.229248046875,1406.3233346354514,1374.883174918619,1377.4283794405865,1081337
2024-12-20,1397.9393310546875,1412.1124291805863,1388.457377694333,1399.7857923413878,1542712
2024-12-23,1402.6304931640625,1405.475054839658,1378.8756557163877,1397.939348340511,1325302
2024-12-24,1384.3651123046875,1415.3062215198609,1382.36891171016,1404.2771644997313,756679
2024-12-26,1406.373291015625,1409.1180668690515,1382.5685011433557,1391.3018788588038,1935656
2024-12-27,1402.6304931640625,1417.701784323933,1398.1390415167778,1407.3215161491903,665711
2024-12-30,1401.18310546875,1412.2619946183115,1386.36134013093,1388.607065843885,1439560
2024-12-31,1387.7587890625,1397.0910032232216,1379.8238179593561,1397.0910032232216,2096160
2025-01-01,1397.73974609375,1402.031504469862,1382.3190226760246,1389.555250169965,511676
2025-01-02,1419.5482177734375,1422.7920438994797,1395.3942381241218,1401.3328864502769,1083889
2025-01-03,1444.9498291015625,1448.243608994534,1422.193214206631,1425.5368260140892,1107442
2025-01-06,1431.9246826171875,1459.871492243916,1422.492561265114,1447.2454985270135,1012018
2025-01-07,1474.9427490234375,1487.9680069449023,1431.6251707341723,1444.251164159644,2362510
2025-01-08,1460.3704833984375,1481.8296399231692,1452.2359415574258,1475.890870014438,1229808
2025-01-09,1465.660400390625,1478.3861797677616,1450.2397988219334,1455.030729205165,1253461
2025-01-10,1475.4918212890625,1485.1733461137085,1455.879124709594,1467.1077538384777,1124758
2025-01-13,1464.6124267578125,1475.491744560178,1442.903744904204,1475.491744560178,1444590
2025-01-14,1496.4019775390625,1501.1429542896449,1466.0597019676509,1472.1980436018791,2024378
2025-01-15,1469.9522705078125,1501.991266940197,1466.558704996196,1501.6419561901232,1433596
2025-01-16,1510.724609375,1542.0649835705906,1483.1770651041409,1483.1770651041409,2929496
2025-01-17,1537.5736083984375,1552.0460636543785,1497.1505437180501,1516.6135007863847,2603818
2025-01-20,1496.85107421875,1544.8597994244315,1484.4747271174874,1544.8597994244315,4033718
2025-01-21,1463.76416015625,1503.0892176341872,1457.2265539357572,1496.8510902628868,877160
2025-01-22,1457.2764892578125,1467.9561144470279,1447.2954855899761,1463.3149233737993,631080
2025-01-23,1447.095703125,1460.919367984322,1444.4008810363293,1455.280198730681,1301601
2025-01-24,1437.6636962890625,1452.8347721116004,1415.4559646171306,1448.5430139252426,1504123
2025-01-27,1421.694091796875,1443.2030801604776,1413.310024908548,1432.2739306100045,896819
2025-01-28,1416.803466796875,1432.9726439594342,1409.1679746440575,1417.3025169789098,1527262
2025-01-29,1458.124755859375,1467.3072299042972,1407.8204762605458,1416.8033789803933,1021447
2025-01-30,1470.10205078125,1477.1885389993051,1451.1381438616643,1463.115348231929,1016159
2025-01-31,1480.7816162109375,1487.1694826517562,1464.213175201427,1476.8890005799371,892312
2025-02-01,1451.587158203125,1525.0972702363222,1369.9426261325289,1472.7967897427336,4329907
2025-02-03,1457.176513671875,1479.0848888022822,1431.625169843644,1431.625169843644,1127198
2025-02-04,1469.6029052734375,1475.8908640569043,1451.2877891462683,1458.4740625669203,614905
2025-02-05,1466.359130859375,1481.4803752953633,1462.2169901033437,1469.602956946635,791375
2025-02-06,1462.3167724609375,1477.5877562802436,1453.683180219001,1467.2074884568108,1510856
2025-02-07,1468.1556396484375,1473.14614132553,1451.4874127823168,1469.6527901515651,562410
2025-02-10,1445.4488525390625,1471.7488937665867,1442.2549802109872,1460.1210005273056,530759
2025-02-11,1416.304443359375,1447.2455552298054,1400.2350515620947,1445.4489258051842,1448104
2025-02-12,1449.3914794921875,1464.1632918939656,1404.8262735170179,1424.7383272020138,1590502
2025-02-13,1467.70654296875,1476.58966032006,1443.2530847553978,1449.3914261848008,983142
2025-02-14,1462.6661376953125,1474.343985121093,1447.245535722467,1467.7065932964742,625676
2025-02-17,1473.3956298828125,1478.7355640156563,1449.091911685564,1457.7255037405844,717439
2025-02-18,1472.54736328125,1478.1866547653592,1451.6372091689936,1473.4456779860645,679042
2025-02-19,1472.796875,1479.3843130447758,1462.2669892467725,1472.19803914837,391966
2025-02-20,1467.0079345703125,1486.82020203405,1463.2151045271657,1470.2018069362312,346720
2025-02-21,1492.559326171875,1498.5479284260043,1458.9232704081264,1466.9080734136323,1051158
2025-02-24,1483.6761474609375,1492.3595716370464,1472.3975649439965,1477.1884952856963,1116079
2025-02-25,1468.9542236328125,1481.2309069533248,1460.6699418034034,1477.188551708213,964505
2025-02-27,1466.9580078125,1477.0887508597539,1451.2379271028237,1461.218930728015,1421562
2025-02-28,1427.7825927734375,1459.272708479798,1409.1679963293982,1457.2265539665982,2397364
2025-03-03,1405.8243408203125,1449.3914453987222,1402.4307752678294,1429.82870293639,1056418
2025-03-04,1390.45361328125,1412.3120359437535,1387.3595264747826,1389.555298572682,977231
2025-03-05,1418.0010986328125,1421.2948784770108,1377.2287242745233,1388.5073068067945,1118219
2025-03-06,1418.60009765625,1423.6903851505906,1392.350009318672,1414.4080030197633,1606815
2025-03-07,1411.5999755859375,1446.199951171875,1406.550048828125,1421.3499755859375,901496
2025-03-10,1419.449951171875,1427.75,1404.3499755859375,1419.0,1092967
2025-03-11,1417.25,1424.4000244140625,1397.449951171875,1403.0,691907
2025-03-12,1409.0,1425.0,1404.5,1425.0,734156
2025-03-13,1385.550048828125,1413.949951171875,1382.6500244140625,1411.699951171875,911321
2025-03-17,1434.25,1441.300048828125,1392.0,1392.0,1352197
2025-03-18,1434.25,1434.25,1434.25,1434.25,0
2025-03-19,1484.9000244140625,1488.9000244140625,1455.0,1457.949951171875,917293
2025-03-20,1498.3499755859375,1506.300048828125,1488.5,1492.0,798992
2025-03-21,1546.4000244140625,1553.300048828125,1493.449951171875,1500.0,1977397
2025-03-24,1569.800048828125,1584.0,1541.699951171875,1550.0,1229003
2025-03-25,1557.199951171875,1583.9000244140625,1551.300048828125,1577.6500244140625,1241287
2025-03-26,1541.300048828125,1570.300048828125,1533.449951171875,1564.300048828125,1106876
2025-03-27,1544.9000244140625,1552.0999755859375,1529.6500244140625,1541.4000244140625,1405775
2025-03-28,1547.8499755859375,1564.5,1534.75,1544.9000244140625,1120169
2025-04-01,1545.25,1566.4000244140625,1535.3499755859375,1537.75,937836
2025-04-02,1559.8499755859375,1563.1500244140625,1542.300048828125,1543.0,1876774
2025-04-03,1542.25,1558.9000244140625,1540.0,1546.0,373548
2025-04-04,1512.5999755859375,1546.9000244140625,1501.0999755859375,1536.3499755859375,826558
2025-04-07,1460.800048828125,1485.5,1430.550048828125,1450.0,916977
2025-04-08,1488.0,1498.050048828125,1458.050048828125,1490.0,2142568
2025-04-09,1481.6500244140625,1499.9000244140625,1475.0,1488.0,1047950
2025-04-11,1521.9000244140625,1539.0,1500.050048828125,1539.0,1134200
2025-04-15,1562.5999755859375,1574.0999755859375,1525.0,1555.5,1363406
2025-04-16,1565.4000244140625,1576.800048828125,1548.5,1548.5,784495
2025-04-17,1608.199951171875,1615.0,1549.4000244140625,1558.0,1500299
2025-04-21,1628.5,1630.699951171875,1595.300048828125,1618.0,1016066
2025-04-22,1619.0,1639.9000244140625,1612.800048828125,1627.800048828125,1102055
2025-04-23,1615.5,1625.0,1601.0,1625.0,1136215
2025-04-24,1608.199951171875,1636.5999755859375,1603.0,1612.9000244140625,857476
2025-04-25,1695.0999755859375,1762.0,1651.0999755859375,1723.5,10321746
2025-04-28,1736.0999755859375,1755.0,1681.4000244140625,1690.0,2100813
2025-04-29,1730.0999755859375,1764.9000244140625,1721.0,1733.9000244140625,2049847
2025-04-30,1765.800048828125,1772.5,1718.5,1722.0,2031563
2025-05-02,1762.199951171875,1777.0999755859375,1747.5999755859375,1761.0,902461
2025-05-05,1769.9000244140625,1787.5999755859375,1766.9000244140625,1773.0,947983
2025-05-06,1726.0,1797.800048828125,1717.199951171875,1770.0,1295777
2025-05-07,1744.5,1756.5,1712.300048828125,1714.0,753313
2025-05-08,1731.5,1744.0,1721.0999755859375,1741.300048828125,1107891
2025-05-09,1699.800048828125,1728.699951171875,1693.0999755859375,1706.0,1076900
2025-05-12,1751.5,1756.9000244140625,1720.0,1725.0,728808
2025-05-13,1740.0,1756.0,1732.300048828125,1742.699951171875,478541
2025-05-14,1755.199951171875,1760.0,1737.4000244140625,1741.0,603108
2025-05-15,1784.5999755859375,1788.4000244140625,1737.0999755859375,1757.699951171875,1318425
2025-05-16,1773.4000244140625,1790.9000244140625,1767.9000244140625,1790.0,696146
2025-05-19,1770.0,1781.199951171875,1764.4000244140625,1773.0999755859375,288530
2025-05-20,1757.800048828125,1778.800048828125,1753.300048828125,1778.800048828125,529693
2025-05-21,1763.9000244140625,1777.9000244140625,1751.199951171875,1756.9000244140625,521050
2025-05-22,1759.300048828125,1768.699951171875,1741.199951171875,1766.300048828125,1103303
2025-05-23,1798.699951171875,1806.0,1759.800048828125,1765.0,1067774
2025-05-26,1801.5999755859375,1810.0999755859375,1790.0999755859375,1806.0,633624
2025-05-27,1803.300048828125,1809.5999755859375,1794.0,1801.5999755859375,1219984
2025-05-28,1807.4000244140625,1814.5,1802.0999755859375,1810.5999755859375,763018
2025-05-29,1825.0,1830.0,1801.4000244140625,1807.5999755859375,1189803
2025-05-30,1812.199951171875,1833.9000244140625,1804.9000244140625,1825.0,1364259
2025-06-02,1802.5,1829.0,1795.5999755859375,1812.199951171875,1238769
2025-06-03,1775.300048828125,1814.0,1770.0999755859375,1809.800048828125,1576208
2025-06-04,1775.9000244140625,1779.0999755859375,1762.300048828125,1775.0,918721
2025-06-05,1774.800048828125,1791.0,1765.0,1782.0,912222
2025-06-06,1780.5999755859375,1783.5,1751.300048828125,1774.800048828125,1589674
2025-06-09,1790.800048828125,1799.0,1759.0999755859375,1789.5999755859375,1221496
2025-06-10,1785.5,1796.5999755859375,1772.0,1790.9000244140625,1400311
2025-06-11,1799.300048828125,1800.9000244140625,1774.0,1785.5,1089930
2025-06-12,1766.0,1812.300048828125,1760.0,1799.9000244140625,984693
2025-06-13,1755.199951171875,1766.5,1720.0,1720.0,1774169
2025-06-16,1797.800048828125,1800.0,1751.9000244140625,1762.0,728053
2025-06-17,1800.199951171875,1806.699951171875,1785.4000244140625,1796.0999755859375,557790
2025-06-18,1797.199951171875,1805.0,1791.300048828125,1800.0,349531
2025-06-19,1789.4000244140625,1804.9000244140625,1781.0,1795.0,537885
2025-06-20,1810.9000244140625,1821.0,1779.0999755859375,1787.0999755859375,1669329
2025-06-23,1818.5999755859375,1826.199951171875,1798.5999755859375,1810.0,627282
2025-06-24,1843.0,1850.9000244140625,1828.0,1832.199951171875,876488
2025-06-25,1842.699951171875,1855.0,1825.0,1843.0,990856
2025-06-26,1860.800048828125,1866.4000244140625,1842.699951171875,1850.0,1147822
2025-06-27,1850.5999755859375,1862.9000244140625,1815.300048828125,1848.0,6763121
2025-06-30,1838.300048828125,1855.0999755859375,1826.0999755859375,1846.0,1362010
2025-07-01,1862.5,1865.300048828125,1827.300048828125,1831.0,667136
2025-07-02,1856.800048828125,1875.0,1852.0999755859375,1865.0,1072946
2025-07-03,1810.199951171875,1861.800048828125,1803.0,1850.0,916863
2025-07-04,1799.699951171875,1812.0999755859375,1783.0999755859375,1806.0,685665
2025-07-07,1808.300048828125,1811.800048828125,1792.199951171875,1799.699951171875,376143
2025-07-08,1816.9000244140625,1818.800048828125,1797.300048828125,1801.0,616714
2025-07-09,1814.9000244140625,1821.0,1799.0,1820.0,597896
2025-07-10,1810.199951171875,1823.5,1801.4000244140625,1811.0,1104366
2025-07-11,1835.199951171875,1840.0,1812.0,1814.0,770854
2025-07-14,1851.300048828125,1856.300048828125,1831.699951171875,1843.0,1231109
2025-07-15,1824.800048828125,1851.699951171875,1822.4000244140625,1849.9000244140625,1313007
2025-07-16,1829.0999755859375,1839.9000244140625,1821.5999755859375,1833.9000244140625,652826
2025-07-17,1802.800048828125,1829.0,1796.300048828125,1829.0,886192
2025-07-18,1788.4000244140625,1802.800048828125,1754.0999755859375,1799.0,1600088
2025-07-21,1804.699951171875,1807.4000244140625,1781.0,1794.699951171875,481174
2025-07-22,1809.0,1815.300048828125,1791.0999755859375,1791.0999755859375,578221
2025-07-23,1809.5,1818.5,1792.0,1809.0,555690
2025-07-24,1793.5999755859375,1822.5,1778.699951171875,1808.0,928018
2025-07-25,1832.0999755859375,1847.0,1810.9000244140625,1814.0,1821229
2025-07-28,1850.5,1858.0,1819.0,1832.0,1182404
2025-07-29,1833.4000244140625,1851.800048828125,1822.9000244140625,1848.0,585182
2025-07-30,1839.0999755859375,1850.0,1824.5,1825.0,480951
2025-07-31,1840.699951171875,1857.4000244140625,1821.4000244140625,1838.0,1570804
2025-08-01,1796.199951171875,1843.300048828125,1788.9000244140625,1840.0,559870
2025-08-04,1831.5,1836.199951171875,1781.0,1798.0,844169
2025-08-05,1857.0,1860.4000244140625,1818.699951171875,1833.300048828125,1251783
2025-08-06,1854.300048828125,1876.0,1850.5999755859375,1858.5999755859375,816457
2025-08-07,1861.0999755859375,1863.0999755859375,1835.0,1835.0,742694
2025-08-08,1833.5999755859375,1870.9000244140625,1831.0,1851.0999755859375,779798
2025-08-11,1851.0,1852.699951171875,1825.9000244140625,1836.0,455452
2025-08-12,1838.0,1863.9000244140625,1834.0,1849.699951171875,627624
2025-08-13,1840.300048828125,1859.0,1838.0,1841.300048828125,570828
2025-08-14,1840.5999755859375,1853.699951171875,1832.199951171875,1842.0999755859375,468063
2025-08-18,1863.0,1912.0,1850.0,1879.0,1924632
2025-08-19,1854.0999755859375,1869.9000244140625,1836.5999755859375,1865.0,621923
2025-08-20,1858.5,1864.9000244140625,1843.4000244140625,1846.0,446416
2025-08-21,1877.300048828125,1892.5,1870.0,1870.0,1316202
2025-08-22,1859.0,1870.0,1849.4000244140625,1860.0999755859375,605948
2025-08-25,1846.800048828125,1862.4000244140625,1843.4000244140625,1858.9000244140625,613536
2025-08-26,1816.5999755859375,1857.5999755859375,1809.800048828125,1846.9000244140625,669578
2025-08-27,1816.5999755859375,1816.5999755859375,1816.5999755859375,1816.5999755859375,0
2025-08-28,1816.800048828125,1841.300048828125,1806.199951171875,1815.699951171875,948055
2025-08-29,1805.5,1826.9000244140625,1801.0999755859375,1826.9000244140625,801378
