Date,Close,High,Low,Open,Volume
2020-09-01,527.6807250976562,528.9313695848247,506.0347518712255,506.0347518712255,3854978
2020-09-02,528.9794921875,534.8960820500798,521.5236565114423,531.047908797921,4042692
2020-09-03,556.5420532226562,569.4815474483623,527.6807540062696,527.6807540062696,12052237
2020-09-04,547.4507446289062,565.1042749473013,545.0937267291412,547.3545637833913,6461042
2020-09-07,524.6021728515625,550.2887393883836,521.4274418680138,548.3646528870256,5253648
2020-09-08,517.9159545898438,527.8731373515209,513.3943983381546,526.4300724920134,3891628
2020-09-09,514.4526977539062,520.3692880317311,509.06527831016325,513.731165218487,4391991
2020-09-10,525.8048095703125,528.065646795883,513.875506617708,517.5793502276744,3787048
2020-09-11,527.5846557617188,532.0100321803507,520.4174202571859,528.931481371598,3451466
2020-09-14,525.7566528320312,534.126441116691,522.774342149646,531.0478908751716,2809233
2020-09-15,521.7642211914062,529.6048984893081,519.9844643659783,526.2377465461426,1812894
2020-09-16,521.8123168945312,525.6123410092848,517.1463715915048,521.3793856596268,2127916
2020-09-17,527.4884033203125,531.0479757711686,512.9134805207192,521.427541427488,3725291
2020-09-18,520.08056640625,532.2504372154149,516.9058353703474,530.1339302853261,9395417
2020-09-21,488.4775085449219,521.7160943792239,482.94575930979966,520.080608948625,3886296
2020-09-22,485.254638671875,492.277572435648,471.78603236019364,485.30275845281295,5113511
2020-09-23,474.8164367675781,491.5078931138858,471.4011949559769,486.79388703617207,4284285
2020-09-24,470.10247802734375,474.14307184895904,459.8567222016024,471.30503221720153,9646972
2020-09-25,490.44964599609375,492.5661529281491,476.50001861824575,479.86717005427806,5153385
2020-09-28,497.3763732910156,502.18658966713764,484.4368794955551,494.4902434653424,5554154
2020-09-29,484.1482849121094,506.9968130127802,481.11785442534034,499.87766919087045,4918324
2020-09-30,480.9735412597656,495.93330226129785,476.74052741360396,487.75593452275075,6252142
2020-10-01,489.7762451171875,491.7965418992974,480.1558122111702,489.2471036918178,3070361
2020-10-05,484.4369201660156,493.9130824536155,483.04197491536735,493.9130824536155,2023148
2020-10-06,486.4091491699219,494.00928616210734,483.7635298185182,487.75600405878953,2973460
2020-10-07,485.87994384765625,491.6041130723277,482.56091216750093,487.7559399758711,2157212
2020-10-08,469.7176513671875,489.0066082049838,466.5910105746768,487.56354322382504,5419695
2020-10-09,453.3629150390625,474.3354476939936,452.20845131012425,471.5936477164217,6721697
2020-10-12,456.6820068359375,465.2441870949543,452.4971122372079,456.48958641514577,4422520
2020-10-13,451.1502380371094,459.37569688688825,449.3223321956182,455.8161247694119,2260650
2020-10-14,471.2087707519531,472.7480458193749,445.9551355120375,450.90968172268106,8021621
2020-10-15,456.104736328125,475.44181261163806,453.1223962136833,474.28734890306976,4700083
2020-10-16,458.9908447265625,468.2264658845232,457.01863843013524,460.5782102320174,4313466
2020-10-19,457.7882995605469,465.8694572212952,454.132517489787,463.60864964687795,3162037
2020-10-20,459.7604675292969,465.6289372800862,457.1148485674782,457.93259120934096,2736592
2020-10-21,447.6387634277344,463.9935005390911,441.5298115823496,461.4922112917997,4907120
2020-10-22,448.5046081542969,452.64138269238344,442.9728590565685,447.9754667120183,3460945
2020-10-23,454.85406494140625,456.008528656381,448.5046025867409,452.11226499699706,2619194
2020-10-26,458.8465576171875,465.9175522913922,452.30464564806925,456.874351262702,6102517
2020-10-27,479.819091796875,482.6090114713163,459.85669349154136,459.85669349154136,10455291
2020-10-28,474.1430358886719,485.6394354562541,470.9682754526899,482.7533056194874,5195173
2020-10-29,473.3252868652344,476.59622809774146,465.917541973448,470.05434563272723,4365903
2020-10-30,474.1430358886719,481.310240701104,470.34295319323667,475.24937978758624,4403196
2020-11-02,475.0088806152344,479.28998505510486,469.765732872852,475.2493914408623,6105178
2020-11-03,470.9201965332031,485.39893649088884,469.76573282660985,478.90514419957293,8103580
2020-11-04,474.0468444824219,479.62668397769005,470.43918204343845,472.3632686775629,5024804
2020-11-05,487.2268371582031,489.87245621218653,477.0291723873662,478.1355163017312,5208756
2020-11-06,485.0622253417969,490.97878554220057,482.41660636640063,488.4774671845253,3209659
2020-11-09,490.497802734375,498.19412009456994,486.31290833383963,491.6041467034462,6179187
2020-11-10,479.48236083984375,494.0092201172808,476.2114195872522,491.79653233561817,3255303
2020-11-11,484.3407287597656,485.73567398000574,476.2114508351493,480.5406458427416,2912596
2020-11-12,489.4395446777344,493.04720716921645,483.138172602972,485.8318821862523,2737879
2020-11-13,493.76873779296875,499.30048692557386,488.9104307332433,490.4496765697127,4005435
2020-11-14,496.5587158203125,499.2043351246146,495.4523424420352,498.1941425972883,530739
2020-11-17,498.6270751953125,502.042317471749,493.62443784466757,498.33847392322053,2774413
2020-11-18,497.2801818847656,504.11066550634143,494.4902329585105,498.6270072103857,3693589
2020-11-19,496.0295104980469,507.95887110998524,492.8066888751703,496.31817046776706,3655576
2020-11-20,499.3485412597656,503.91824673470336,496.02948027638195,500.50300491291574,2767344
2020-11-23,501.8498840332031,514.5969570749593,499.3004459374679,500.2624891859023,5314636
2020-11-24,506.8524475097656,510.5563491417878,501.849869735201,504.30306820512374,4070241
2020-11-25,495.2598876953125,509.3057553502633,489.10281634025597,509.1614253653721,2941845
2020-11-26,500.11822509765625,503.7258877545648,485.8799948887507,496.89540327820504,3566655
2020-11-27,517.5792846679688,524.6021888686558,500.7916176873692,501.0321285073822,18853563
2020-12-01,509.2095947265625,532.9720800765585,505.3614208631938,532.9720800765585,5105352
2020-12-02,518.7818603515625,521.2350590740662,509.9791404854715,511.8070462810037,3694795
2020-12-03,529.5086669921875,531.9137752929905,519.503392973461,520.4654362937822,3859218
2020-12-04,542.1113891601562,545.3823598048516,528.8832940386795,531.0478914221939,4170295
2020-12-07,546.2962646484375,548.3646812316967,539.7062915280384,542.54433100793,3707125
2020-12-08,541.3899536132812,548.3647686531681,536.8202472078382,548.3647686531681,2866169
2020-12-09,544.035400390625,548.3645945581897,539.0808546892528,542.5923356681034,2567264
2020-12-10,557.8889770507812,562.506773510406,538.9367108059688,540.6683771385196,4578520
2020-12-11,554.5218505859375,566.9802658959047,548.893861349778,562.6029800800943,3441778
2020-12-14,555.0989990234375,560.8712589786205,550.3849632393187,557.7927085921633,2482828
2020-12-15,549.6152954101562,558.6104350030184,544.9974995670489,555.0989536631724,3411634
2020-12-16,561.4484252929688,562.9877297461984,551.9242322119728,553.0786958722799,3686970
2020-12-17,555.3875122070312,570.8764425283637,553.7039366537422,562.7471659702198,3608243
2020-12-18,551.7799072265625,559.8130037834203,545.9595571713357,556.0610115330961,5068565
2020-12-21,541.3899536132812,557.9371127619486,532.6834721002895,552.212942468278,4816486
2020-12-22,554.136962890625,556.109139990553,530.0858794318304,538.5518490656331,3264707
2020-12-23,582.3247680664062,583.8159233617125,551.2988732227326,555.868578664824,7582654
2020-12-24,578.1880493164062,592.7148803126768,574.3879663667234,591.6566561224457,5295707
2020-12-28,579.5830688476562,588.7224813175503,576.4564277395347,584.633796791545,2351027
2020-12-29,575.8790283203125,584.6336565541427,570.6840303409593,584.6336565541427,2114428
2020-12-30,571.7904052734375,581.074146498758,567.6536308748375,576.0715096527583,2297999
2020-12-31,567.50927734375,576.9853788783811,564.719328722984,574.7726913783531,2322873
2021-01-01,578.6690673828125,583.7678853267818,568.5676123412172,570.4916990158068,3606724
2021-01-04,581.0741577148438,583.9121972155874,574.8208762162568,583.9121972155874,2120531
2021-01-05,586.4134521484375,590.9831575925973,578.2841749303981,581.0741238468481,3813409
2021-01-06,581.9880981445312,590.502157746075,572.8005964984758,589.7325348602599,2167700
2021-01-07,578.043701171875,587.1350222240974,575.8310132955023,586.5578197236398,2195640
2021-01-08,586.4134521484375,589.2514914837657,579.7272398075012,583.7678332070818,3458752
2021-01-11,605.125244140625,608.7809969879248,586.3653995289523,589.7325511259191,6360644
2021-01-12,600.6035766601562,610.8012701277858,596.4668025154344,608.5885237243324,4562628
2021-01-13,596.8517456054688,608.9734688922395,588.0971154819397,603.008788100944,3660044
2021-01-14,590.6945190429688,599.3529077585823,585.5476114605144,599.2567269269025,3576000
2021-01-15,579.534912109375,590.2135693386298,572.4157681442294,586.8464177613108,4492648
2021-01-18,562.5548706054688,578.6690973393578,558.9472079038518,578.6690973393578,3346718
2021-01-19,560.5826416015625,568.5675892328834,555.4356747251447,567.605545934689,5743934
2021-01-20,574.0032348632812,579.8235858595923,561.4485211517989,565.6815357228274,6156865
2021-01-21,572.65625,589.4920070348593,567.6536133088068,580.496926049333,4506198
2021-01-22,562.5548706054688,583.8641551170736,560.486453835821,576.4564092927264,4307126
2021-01-25,551.8280029296875,567.4612062582744,548.3646706027392,565.4890292743604,2016556
2021-01-27,550.9141235351562,566.2105768935473,545.045624128244,551.2508152054006,3662455
2021-01-28,543.169677734375,554.1369959329353,540.1873666950403,550.1926414978836,4769073
2021-01-29,538.5518188476562,552.2128452294286,533.2124903630851,552.2128452294286,3593336
2021-02-01,561.9775390625,566.4029141399482,533.3086057329667,541.6303026085619,4707518
2021-02-02,553.5115966796875,573.7626553942986,545.6228884873951,567.6055547033512,5713446
2021-02-03,558.1294555664062,575.3019053404365,549.3267357013199,566.643515460731,10599727
2021-02-04,565.7294921875,567.6054881717591,555.6280385844433,562.7952721703035,3816120
2021-02-05,570.0106811523438,577.2260062302215,566.8359498617707,571.3575653209339,5918498
2021-02-08,574.43603515625,581.8437803642803,572.3195868554958,572.415767698816,3970852
2021-02-09,575.975341796875,584.4413111864176,571.9828385705206,574.3398564251709,3072281
2021-02-10,577.9475708007812,582.950208209334,574.6285093371329,577.9475708007812,2435907
2021-02-11,587.18310546875,598.3909334164268,575.638585852999,580.4007119381889,7033762
2021-02-12,584.4413452148438,592.8111342480337,580.5931717484086,592.8111342480337,3621853
2021-02-15,599.4491577148438,601.7580851259738,584.3451248551174,584.9223273486683,3234989
2021-02-16,604.4998779296875,610.8493988762941,594.1098221388779,605.9910920043167,6418986
2021-02-17,608.1557006835938,621.1913757642444,600.5555350624584,611.8595439322763,8556599
2021-02-18,600.3150634765625,618.9787283604965,597.5732633567249,613.2545585596146,4457424
2021-02-19,593.5326538085938,602.3353151897094,587.2793720622255,600.315047651346,3013104
2021-02-22,594.8313598632812,599.8820871816325,588.7704988249523,595.5048019160873,3020000
2021-02-23,603.6821899414062,610.8975149207856,592.6186916396912,596.3706841163545,4222282
2021-02-24,602.1910400390625,629.176343965447,591.6566537289755,629.176343965447,10479819
2021-02-25,604.6442260742188,614.8900109103562,600.6517228124369,605.0290668892571,4977348
2021-02-26,586.0287475585938,602.1429741500617,581.5552223607393,601.277111621939,5547291
2021-03-01,600.8441772460938,604.6442603155573,586.0768349485264,591.5604939218122,2530243
2021-03-02,608.3480834960938,611.8595651798739,598.3909583991849,604.6442401187905,3051386
2021-03-03,612.725341796875,623.4039979032043,608.9733498035931,610.8974362168746,3601961
2021-03-04,607.1455078125,619.4115599818449,604.9328199491737,610.8013193553893,2621353
2021-03-05,599.0162963867188,619.074876111332,594.5427714635636,609.6468633237255,2839628
2021-03-08,592.6666870117188,604.3555350910631,591.6565534203021,603.104890705573,1939925
2021-03-09,588.48193359375,597.3327442274556,579.1501012812394,595.3124179453946,3065358
2021-03-10,597.3807983398438,599.9783269911934,591.6566289663144,593.3882951610599,2778304
2021-03-12,591.8971557617188,601.0846577726368,590.1173990976878,599.3529915311675,1884687
2021-03-15,584.585693359375,595.3124419990625,579.5349655278471,593.6769564813501,2765564
2021-03-16,587.4717407226562,594.542735202486,585.4033242244542,588.3375444263407,2480801
2021-03-17,580.4487915039062,589.1553301927245,577.3221508331153,588.7704893920115,2263020
2021-03-18,572.319580078125,585.1147441667687,564.7194145549912,582.9982371726145,3387208
2021-03-19,577.466552734375,584.5856974049937,555.1471340378489,567.605607852197,4874177
2021-03-22,596.9959716796875,599.4010799845114,573.6183307004924,580.1121231235169,3154483
2021-03-23,610.0316772460938,615.7077566147732,596.9960013302089,597.4289325902721,4940745
2021-03-24,605.221435546875,614.8900179902439,600.9403897022185,608.78100761234,2938251
2021-03-25,591.5122680664062,610.1278401626784,587.808425045728,609.9354197692169,2981311
2021-03-26,604.4517822265625,610.8493935380794,591.7527991627884,596.4668347311126,3557256
2021-03-30,605.029052734375,613.3987824402355,594.109826086612,606.9049901880219,19895244
2021-03-31,614.6494750976562,621.1913576581584,606.087266418017,606.087266418017,4424477
2021-04-01,625.4724731445312,628.1661826329236,616.333061821386,616.6697534880115,3844057
2021-04-05,620.4698486328125,627.2041518473623,614.9380995637181,627.2041518473623,3568896
2021-04-06,648.9462890625,653.2273934436361,613.8797994233428,620.7103420085438,7636739
2021-04-07,640.4803466796875,649.3311570556796,634.1308841917285,649.3311570556796,3898156
2021-04-08,645.242431640625,651.4957128831031,641.4904394077537,641.7309502247721,2477848
2021-04-09,653.9970092773438,658.9996460715059,639.7587804927758,644.5689968874583,2566543
2021-04-12,630.715576171875,649.9564425434204,625.328157075228,649.3792400396597,4201041
2021-04-13,638.7486572265625,652.1691729306226,631.1004012904025,632.0624445850524,3065417
2021-04-15,634.2750854492188,648.4171325770084,622.5862955158863,637.6422367311468,3193956
2021-04-16,645.8197631835938,650.8704913503869,635.2372851198365,637.6423937706904,2708331
2021-04-19,638.8929443359375,643.4145596766332,626.7712220100814,636.8726768544495,2620095
2021-04-20,654.2855834960938,671.5061809652511,641.0093985387534,651.6399645882793,8230341
2021-04-22,640.2398071289062,654.8628768265571,637.8346989127946,654.8628768265571,3013453
2021-04-23,639.3739624023438,650.0526784088901,635.9106299625505,641.6828898411818,2329094
2021-04-26,644.761474609375,649.3792710151225,636.9207977015834,641.6829240993877,1845322
2021-04-27,648.1286010742188,654.0932814446733,642.7411232125165,649.33115523284,2258769
2021-04-28,651.4476928710938,666.6960568307004,649.3792761337991,651.3033628778992,3900923
2021-04-29,646.3487548828125,654.6223623308782,640.720825176083,652.6020362096061,3247095
2021-04-30,644.0879516601562,652.2653192316444,639.8068474819793,645.531016525713,2206232
2021-05-03,651.3994750976562,656.5945322467735,635.9106019269118,636.7283152196147,1985777
2021-05-04,620.7584228515625,660.2502875248506,617.1988509923324,655.1514699138536,7400792
2021-05-05,624.4141845703125,631.1003971681492,615.7557949750178,624.3660941495867,3332318
2021-05-06,628.3104248046875,630.0902400531276,613.9279251526506,627.2522007141796,4000163
2021-05-07,605.125244140625,617.6318072150735,590.6945944393382,611.8595473345588,14598653
2021-05-10,609.1177368164062,612.7734896003142,597.4288872736666,603.2011470540886,5026811
2021-05-11,617.2470092773438,625.2320163081457,601.2771126526759,604.1632427934087,4619231
2021-05-12,615.7557983398438,622.1534097298232,607.1454991182235,620.5179243869712,3137276
2021-05-14,620.662353515625,624.847219024009,613.8318098086827,616.1888279982721,2927148
2021-05-17,628.5028686523438,632.4472813663904,615.8038855000676,621.4799643897741,2659352
2021-05-18,628.2142333984375,633.0244495806613,623.4040172162136,633.0244495806613,2267368
2021-05-19,628.4066772460938,635.9106030267718,626.0015690652058,627.2522135755752,3202046
2021-05-20,620.4217529296875,631.1004101630488,615.8038980756747,631.1004101630488,2102743
2021-05-21,625.03955078125,627.7332603078437,619.8444934154547,620.5660258985672,1833201
2021-05-24,615.8038940429688,629.8497614814255,614.2646482473536,625.3281462189192,2669967
2021-05-25,625.280029296875,627.2522062384418,616.6697303663208,616.6697303663208,2085253
2021-05-26,617.5355834960938,630.1383265394998,616.3330294378122,627.2521967996242,2314694
2021-05-27,623.9331665039062,627.252227611494,616.8140813602522,619.0748596134914,3543940
2021-05-28,630.0902709960938,632.7358900707469,621.7685729647994,625.8091665679624,2881977
2021-05-31,638.6524047851562,639.7587780390746,625.5205493091154,634.9004712427709,3417033
2021-06-01,640.5284423828125,641.923416965922,631.8700523450556,640.5284423828125,2355484
2021-06-02,647.9843139648438,649.1387777772038,635.0929677624836,640.2398764145671,3021421
2021-06-03,654.1895141601562,657.0756443696863,647.6957211887135,650.3413405474495,2485855
2021-06-04,660.8756713867188,663.7618013509506,649.379241952169,655.0071718950353,2398771
2021-06-07,673.3821411132812,680.1645338442748,661.2122712989822,663.8097996499995,3511853
2021-06-08,683.4837036132812,688.245829896709,674.9695848111611,678.3848856477636,3981598
2021-06-09,676.1721801757812,687.7167009753231,674.151912523249,685.2635020491143,3039558
2021-06-10,684.7351684570312,695.4265844840994,681.1552215329474,681.44547473121,2571253
2021-06-11,692.1853637695312,694.072039217079,686.4767945691851,690.975926146964,2171601
2021-06-14,691.556396484375,693.7333840913562,679.800639784849,692.185327637108,1798953
2021-06-15,696.1522827148438,700.6029894620056,692.1853510077894,694.7009575945209,2387652
2021-06-16,712.0201416015625,713.8100856631997,697.6036215020902,700.5062717996024,4134529
2021-06-17,720.8248291015625,723.0501825348543,701.3286708402754,706.8437182563963,4167585
2021-06-18,715.7935180664062,723.1952996005904,708.3433708404406,721.7923402115175,3762934
2021-06-21,718.4544067382812,719.8090006731812,704.2314066401482,705.344113019143,1594856
2021-06-22,732.1451416015625,734.1286074119924,718.2607628194147,723.7274442756776,3346784
2021-06-23,733.2578125,740.1758192692469,727.4525119567118,735.3380688165066,2952360
2021-06-24,732.8709106445312,739.0148307913892,729.532850644328,737.2732522426763,1668843
2021-06-25,733.0159912109375,738.6761951848285,729.0490591030764,730.5003843700367,1588289
2021-06-28,740.8048095703125,744.7233759388414,734.3705773328519,737.2732278361437,1486902
2021-06-29,733.4513549804688,746.8519595446162,731.3227329104143,741.5304338967662,1506378
2021-06-30,729.9198608398438,743.4171382637227,725.0821100629481,740.1758688650325,1733070
2021-07-01,731.5162353515625,735.3380700264298,725.6625691050294,731.2743478285274,1914434
2021-07-02,738.8212280273438,743.852500326178,728.7587424842465,733.3062397361653,1916135
2021-07-05,741.4336547851562,746.4649272854871,740.175851423717,745.4490114571927,1020895
2021-07-06,737.8536987304688,744.04604312735,733.4029917952292,743.0784930062481,1411602
2021-07-07,738.2891235351562,741.1917739591628,726.8720436783119,734.3705572736621,2104914
2021-07-08,738.531005859375,741.1434030334625,732.4354518228866,738.1923869341265,1540033
2021-07-09,741.0950317382812,747.6743607923136,735.0478434432933,738.2407470521323,1151792
2021-07-12,750.72216796875,761.3167946271391,744.1427798544134,745.9811487195204,2992685
2021-07-13,747.7711181640625,755.5599442022836,741.8207201077952,755.5599442022836,1500414
2021-07-14,743.2720336914062,751.4962099293446,738.6278048032501,748.4967690451166,1094262
2021-07-15,747.2874145507812,749.4644026208122,738.724618430492,744.0461448239009,965602
2021-07-16,738.2407836914062,749.8030200961778,736.6927270328878,747.2873542078651,980383
2021-07-19,740.7079467773438,745.0135564142884,733.9350962644866,736.3056057549005,1695546
2021-07-20,732.5322265625,743.0785472745556,722.7599932475171,737.2732461239732,2195159
2021-07-22,739.4017944335938,741.0466414060606,730.597053136069,738.7244975561578,1464419
2021-07-23,749.9965209960938,751.7864651484268,741.143413518269,742.2561198105243,2021122
2021-07-26,751.1575317382812,760.4944142629578,745.7876402423775,754.9310009270646,2154261
2021-07-27,744.7716674804688,762.5746124165424,739.208254569767,755.0760993629879,2001824
2021-07-28,730.4036254882812,745.0136090040638,715.213076454816,743.9976931663367,3112462
2021-07-29,726.8236694335938,735.2413673751225,724.2112722717989,730.5003481165105,1742057
2021-07-30,731.7097778320312,737.2731910188534,721.018360823053,727.5976898243802,1613176
2021-08-02,734.9027099609375,745.9811710698417,732.0484251867852,738.2407698136047,2054226
2021-08-03,742.7398681640625,745.7392498937361,734.902676812877,735.338086174816,2946289
2021-08-04,734.128662109375,745.013601086285,730.6455052585932,745.013601086285,5426419
2021-08-05,743.4171142578125,745.6908924822751,732.7256971970279,736.3056444672445,2469893
2021-08-06,755.9953002929688,772.4436531521889,746.948729842228,747.9162800104174,7849735
2021-08-09,740.0307006835938,758.0271687136851,738.2407565470851,758.0271687136851,1661739
2021-08-10,746.8519897460938,749.4159622291788,736.3540351107988,741.0466888045914,1429806
2021-08-11,740.1759033203125,749.0773769750803,727.5977507148693,746.8520233250327,1391781
2021-08-12,749.125732421875,751.0124670977857,738.2407928161325,740.8048244339826,880420
2021-08-13,781.2483520507812,784.4896213137173,749.174042121501,751.7864392425246,7956492
2021-08-16,776.1204223632812,788.988828308722,774.1368971947668,781.2000609513167,2604160
2021-08-17,805.7756958007812,807.9043177903045,778.8778153547247,778.8778153547247,7580699
2021-08-18,814.0967407226562,817.4347415821543,803.211801255834,812.0164842249443,3048603
2021-08-20,819.8052368164062,824.7397780534701,799.8737271894191,805.920915675104,3782381
2021-08-23,805.4854125976562,822.1272851853623,796.2936871686139,822.0789194940179,2161681
2021-08-24,809.74267578125,813.1774667127975,800.1639064832622,806.4529819272057,1170096
2021-08-25,808.8719482421875,823.0465819618028,806.2111852545487,808.9686796380894,1777820
2021-08-26,825.6104736328125,828.9968989217531,807.4689095849162,814.6771695108611,2464570
2021-08-27,820.4341430664062,832.9639290382486,816.6123082488765,826.239443835948,2366396
2021-08-30,832.5768432617188,834.7538309402067,822.4175674287751,822.4175674287751,1875514
2021-08-31,836.8825073242188,839.5432702153241,828.6583311153477,834.0282225937545,2132008
2021-09-01,839.3013916015625,846.3161302072252,824.6429831692786,842.8329142254616,2051666
2021-09-02,843.1715698242188,846.6063609634989,834.0765750103245,838.2854534947155,1314628
2021-09-03,841.6234130859375,845.2033601912342,834.1733247169597,845.2033601912342,1075187
2021-09-06,841.8169555664062,849.1703717842394,834.9957391490462,841.6234337348317,985142
2021-09-07,840.123779296875,860.1520791141601,836.8825099321666,841.7686263546899,2840271
2021-09-08,851.2505493164062,852.7502401308017,827.787459855918,845.9290238717593,1601842
2021-09-09,847.1868896484375,858.7491257781963,844.2358734951288,846.6063831789447,1685368
2021-09-13,853.4759521484375,855.3143210304003,842.4459160203825,848.3479482337175,1064009
2021-09-14,852.701904296875,857.1526702573568,849.1219570614753,856.0883296984151,622424
2021-09-15,843.2683715820312,858.6040778044954,842.252455675016,856.2819336845367,1945751
2021-09-16,845.6387939453125,854.3467449127128,843.0747625386381,845.155018891568,1294536
2021-09-17,845.783935546875,852.4116300474359,838.1886319008835,851.3473485693186,1829129
2021-09-20,829.1904907226562,848.4931283094371,827.2553903942486,841.8170085546008,1081450
2021-09-21,831.0288696289062,836.3987612937615,823.3851996181412,827.2554003213992,1478291
2021-09-22,826.4330444335938,835.3344592182257,824.2560564375434,834.028290042427,982114
2021-09-23,823.0465087890625,831.8511909980949,821.4983932102344,829.3355843825345,1464265
2021-09-24,809.5975341796875,824.3526729860696,806.9367714441104,823.0465039922509,2846056
2021-09-27,807.9526977539062,815.0642264089728,802.0990314702548,809.9361636444564,1433229
2021-09-28,796.0035400390625,810.2265394091776,790.4884922358045,809.8394957177092,1933307
2021-09-29,796.7291870117188,802.486122245361,784.6831757700551,797.7451028636381,2156442
2021-09-30,787.1987915039062,797.2129711556183,784.5380285471759,796.2937866869237,1622014
2021-10-01,775.24951171875,793.3910759555382,770.1698737324493,786.5214939197028,1989799
2021-10-04,787.8760375976562,790.7303222143612,775.7332956076649,778.9261991388213,1709463
2021-10-05,775.4430541992188,792.6170688007439,773.7498414920261,788.5533464925671,3499870
2021-10-06,794.0200805664062,806.9368518756792,776.9427962304201,783.0867162649571,5215518
2021-10-07,797.7935180664062,803.7439755112266,794.697345567106,801.1315781194864,1500439
2021-10-08,792.1817016601562,802.0507252047307,786.0861474002818,800.0672591672144,1747911
2021-10-11,789.7627563476562,799.6801447122057,786.6182185735308,794.7456629038679,1772719
2021-10-12,789.666015625,796.293710002586,787.1987156954308,790.9721846015967,1246493
2021-10-13,820.627685546875,826.2878303177368,791.5043905209641,793.3911251294429,7233280
2021-10-14,822.0305786132812,832.0931237313977,818.5474217171655,832.0447580351188,2352197
2021-10-18,816.5639038085938,834.995721066411,814.7255350303042,834.995721066411,1914236
2021-10-19,815.93505859375,834.028258850731,812.8388861931336,821.4501064550703,1915361
2021-10-20,800.1155395507812,824.2559255283433,795.8582956350355,813.7096061784007,1535158
2021-10-21,788.3598022460938,811.5326387338187,781.7804734389573,809.9845822102234,2257911
2021-10-22,769.4442749023438,795.1327201787058,764.364636495255,792.0849725671982,2948977
2021-10-25,763.3486938476562,774.620617532382,748.4967637837389,767.2672600990379,2954698
2021-10-26,782.6513061523438,785.5539564769717,760.5911164415138,760.5911164415138,1776800
2021-10-27,792.1817016601562,794.5522113874896,783.3770187352904,785.6507380128817,1930632
2021-10-28,783.4253540039062,795.8583495832377,779.7970410074586,791.4560082917958,1822874
2021-10-29,783.2318725585938,791.9398241991463,768.3800008823707,780.8129971028847,2220844
2021-11-01,798.1322021484375,803.0666846612716,779.8454793216684,794.8425077701621,1552830
2021-11-02,806.7432861328125,808.871908228539,796.1002347087527,801.0347758017426,1251565
2021-11-03,800.0671997070312,811.7745322717197,793.4394461025825,805.9692316833642,1044563
2021-11-04,800.5509643554688,807.5172777273334,799.1963706139559,806.9367712978682,175837
2021-11-08,809.2105712890625,811.0005745589401,790.5368645828734,803.066651253711,891122
2021-11-09,808.5333251953125,814.1934700820741,799.1964424097364,808.7752127384148,1481130
2021-11-10,815.0642700195312,818.5474269378625,803.79228714968,809.887841284047,1371873
2021-11-11,810.4684448242188,814.8224207036562,796.6808545393336,814.8224207036562,1411243
2021-11-12,820.3857421875,825.1750678733164,812.7420728802504,814.9190605754653,1180441
2021-11-15,824.8848876953125,830.1580479459778,819.9504054377437,824.8365219976062,1190768
2021-11-16,806.3563232421875,830.1580334464444,803.1149947884104,828.1262017416573,1669041
2021-11-17,809.2589111328125,819.853537272998,805.4854421961913,806.8400359310222,1439354
2021-11-18,805.0501098632812,815.6447960715673,795.6164956738414,810.0330168774824,1132067
2021-11-22,786.3764038085938,811.822961570322,781.2483996980257,805.0501103532687,1951384
2021-11-23,794.3103637695312,797.1162239707203,775.9752753161698,775.9752753161698,1025086
2021-11-24,773.024169921875,803.0665889381029,770.1698852948554,797.2612882951769,1634131
2021-11-25,781.5869750976562,784.1993722324792,769.782851823156,773.0725458528696,1767252
2021-11-26,741.8207397460938,778.8779000754123,738.3859483951859,774.2336709914681,2616604
2021-11-29,741.1433715820312,749.7545910355569,724.9369075167584,741.8690341521182,1584564
2021-11-30,753.33447265625,764.0259483405342,739.401786863197,740.1758151203826,3529356
2021-12-01,747.7227172851562,765.1869850552253,742.546347790184,764.2678596893578,1263844
2021-12-02,748.1580810546875,755.559862607415,738.7728336974038,747.7226717184267,1766820
2021-12-03,749.1741333007812,755.6567316701995,742.2077598150569,742.5948035299336,1408239
2021-12-06,723.3405151367188,752.7540652142216,721.3570490123013,751.7865150018639,1654143
2021-12-07,736.0154418945312,740.6596709990903,719.8573418985279,733.7416635135841,1741795
2021-12-08,747.0938720703125,748.5451972955573,733.983520291942,733.983520291942,1002435
2021-12-09,752.2702026367188,753.7698934805786,741.1917421824727,747.9162271873744,935828
2021-12-10,744.6749267578125,756.5757806762207,740.5144142591911,756.2855274693461,1412794
2021-12-13,729.6295166015625,752.0283253396512,727.5976849860633,748.8837874723578,1944410
2021-12-14,715.5032958984375,729.4844065947235,708.6337138395643,728.5652221927295,2333787
2021-12-15,722.0827026367188,726.1464252886902,711.342919035759,717.9222485865531,1676700
2021-12-16,716.22900390625,725.6626179394631,711.4396188169345,722.7599674677052,1452909
2021-12-17,702.780029296875,714.8260405004214,697.6520253020914,714.0520121897215,1693819
2021-12-20,686.525146484375,696.2006472707225,673.9953611551409,694.1688157274176,2520192
2021-12-21,682.8001708984375,702.0543839648298,681.9293521183546,687.492765629412,2695789
2021-12-22,691.7499389648438,694.2655455417712,680.9617319906605,683.2838757959552,1035751
2021-12-23,703.1670532226562,705.9245474566021,689.1375764125722,696.6360898800309,1095354
2021-12-24,695.6201782226562,705.3440452245075,690.8307932651554,705.3440452245075,931510
2021-12-27,695.1847534179688,700.9900540728161,683.8160396355594,686.9605774902684,691930
2021-12-28,703.360595703125,705.876202479699,696.0556038571362,698.861463868765,819253
2021-12-29,703.0703735351562,705.2473614761251,696.6361411100175,704.3765426779066,783940
2021-12-30,704.37646484375,713.9068095992718,701.7640677923439,705.3440149328211,2230935
2021-12-31,719.3251342773438,720.8248251227251,705.3923892034786,706.311573610187,865277
2022-01-03,723.7274780273438,725.082071795213,715.9870771928267,722.7599279230292,925699
2022-01-04,714.8743896484375,732.1451948949112,707.3275104483106,727.5976974747792,2352482
2022-01-05,709.7947387695312,719.3735085032392,702.925156593952,716.2289706382284,2076552
2022-01-06,701.9092407226562,711.1009667887691,699.1033217753824,709.214232259021,2077754
2022-01-07,712.213623046875,720.4862238552902,701.5222059817005,701.909249653343,2107056
2022-01-10,708.1499633789062,718.8897461941633,707.2791446405564,716.4225051749365,1592097
2022-01-11,714.680908203125,719.4702339760213,707.0372387568974,712.5522861626313,1905347
2022-01-12,712.213623046875,719.1799957544268,709.3593974231612,718.8897425279816,1817215
2022-01-13,706.5050659179688,715.4549039767064,700.1192000865603,713.0843945178026,1604671
2022-01-14,737.7570190429688,751.7864967821465,703.408987336706,706.5051597521295,8733345
2022-01-17,740.2726440429688,746.3198328717558,734.6124989210554,743.0785632813573,1857366
2022-01-18,707.7145385742188,745.0135834407606,704.7635225546211,739.0147609579856,2674149
2022-01-19,694.3624267578125,714.0520497656995,690.8308448952703,711.1010334576647,2426249
2022-01-20,699.97412109375,722.0342512299624,693.9269330599982,704.4248278647631,5297725
2022-01-21,702.9735107421875,718.8413559452849,688.8956686502078,697.6036195179772,4854277
2022-01-24,669.0125732421875,701.4738694593572,666.1582884451964,701.4738694593572,3114690
2022-01-25,684.7835693359375,686.9121913235228,653.0963042059453,667.6095554105219,2030546
2022-01-27,683.0419921875,686.476783167629,665.1906813639816,677.2850573887813,3118535
2022-01-28,694.604248046875,706.214849374498,683.5741531638042,683.5741531638042,2074152
2022-01-31,703.69921875,713.0361014051215,698.619580415826,702.4414153543577,1682459
2022-02-01,712.213623046875,715.0195420298497,693.7818049854369,708.2466911581191,2063749
2022-02-02,718.3576049804688,720.728114607082,710.7623010362008,717.5351519381967,1771997
2022-02-03,714.1487426757812,744.0460659570017,709.5528794595319,725.6626130920042,8154082
2022-02-04,709.98828125,722.324545540715,698.7647232426301,716.9546540721421,1931658
2022-02-07,681.9293212890625,712.8425598203862,679.2685584258035,705.3440462966563,1908753
2022-02-08,674.4791259765625,686.960545423694,668.9157131086946,682.2195264883788,2410446
2022-02-09,677.4785766601562,685.9930055385786,673.9469952524103,683.0903553035776,2206837
2022-02-10,683.7677001953125,687.9281540134523,676.317552257951,683.3322908185663,1770292
2022-02-11,678.2526245117188,680.2844561131063,667.6095733424906,672.447323873958,2013324
2022-02-14,671.7699584960938,678.0590335457777,661.852570917746,666.6419552664954,2069409
2022-02-15,679.2201538085938,683.0903541151954,666.787158945464,670.51220311874,2209622
2022-02-16,678.2526245117188,685.3640941711469,673.4632396746517,682.6065999900394,1217196
2022-02-17,696.9747314453125,702.5865695953228,678.7364346215041,678.7364346215041,3442092
2022-02-18,694.21728515625,701.0868681192399,689.0892807841301,692.3789161103113,1686289
2022-02-21,690.0567626953125,697.9422608011382,681.6390647757407,687.4443655403319,1542807
2022-02-22,691.9918823242188,693.6367293978192,667.6096066193786,667.6096066193786,1861977
2022-02-23,699.7806396484375,707.472675082173,690.9275322343047,691.7983509832462,1816654
2022-02-24,655.708740234375,691.3629391924547,652.1771586093795,676.3175463597444,3091298
2022-02-25,686.476806640625,690.2018509618072,663.3523352686749,667.6095793968024,1771881
2022-02-28,695.281494140625,697.4101162202251,672.0119255143186,676.8013104297755,1935344
2022-03-02,687.9281616210938,695.2815191924005,678.7848008266072,688.8473460811508,1938441
2022-03-03,664.7553100585938,695.4266612236507,662.3364347152071,689.0408539389397,2112330
2022-03-04,648.210205078125,666.0615163379236,636.1641944521099,666.0615163379236,2833168
2022-03-07,638.43798828125,651.6450723902788,629.1011641021693,637.6155942170656,2137318
2022-03-08,661.5140380859375,665.4326043157041,636.6479878440324,637.615537977534,2850859
2022-03-09,676.4627075195312,682.9936709984835,656.2892515629119,662.7718493455275,1920634
2022-03-10,700.6998291015625,703.8927327795445,682.6549952167244,682.6549952167244,2574455
2022-03-11,693.2013549804688,702.4898133105222,684.493403150577,700.79660045471,2305707
2022-03-14,698.8131103515625,700.5063231492298,686.622001830188,696.6361224688474,1584725
2022-03-15,724.3079833984375,748.883779633564,700.2643869635555,700.506274489277,9386502
2022-03-16,723.5823364257812,731.032484189583,716.5675980285824,729.5327933086826,1959778
2022-03-17,747.2389526367188,749.3192090353996,729.7746846233684,733.402997606249,3099238
2022-03-21,723.5340576171875,748.7387295567423,721.1151820173343,746.948785234683,1889226
2022-03-22,728.468505859375,733.4029878284764,707.6661783681978,725.6625869015268,3047970
2022-03-23,724.50146484375,735.3380372029172,720.9215178517169,734.8542621784417,1103251
2022-03-24,716.4708862304688,727.2106692759694,714.7293077710058,723.7275123570433,1179087
2022-03-25,709.5529174804688,715.9871499498219,685.6060499652551,715.9871499498219,2968621
2022-03-28,717.196533203125,721.9859181531365,704.5216501336074,710.1817947670743,1833105
2022-03-29,719.0833129882812,723.4856545416783,711.7298961118483,717.9222409494153,985708
2022-03-30,740.9982299804688,757.3498505023157,724.695034207901,725.662584320328,8328100
2022-03-31,752.1735229492188,754.6891297599216,741.0466960360917,743.0301620662123,2892133
2022-04-01,764.1710205078125,766.7834174633965,753.7214917400453,754.6406761018615,3082307
2022-04-04,762.5262451171875,769.202364734829,756.3823253225818,766.2997143018673,1565651
2022-04-05,780.4743041992188,783.7155733808792,762.6229932168512,765.3321216595994,2912280
2022-04-06,782.989990234375,786.134528347766,771.1858661208839,784.1510622717733,2004175
2022-04-07,778.7811279296875,791.7462643167039,776.0235746099046,782.7480598646504,1965237
2022-04-08,791.165771484375,793.2459688794374,777.9103225846422,784.1993985756872,1406219
2022-04-11,794.8423461914062,797.2612212558962,783.2317458818544,791.1656679042949,1231236
2022-04-12,785.7474365234375,796.1486004152755,776.5073445978821,794.8424313623159,1193490
2022-04-13,791.0689697265625,796.7775391663415,784.7315281294146,785.7474439640672,1036739
2022-04-18,795.616455078125,798.132120833028,782.7480502410715,789.7144229441192,1480954
2022-04-19,765.6708374023438,809.6943720919248,759.3817610181179,798.228925690206,2460482
2022-04-20,784.1510009765625,787.0536513158764,766.3964209683492,774.0400904837046,1522453
2022-04-21,793.439453125,795.3261876438286,778.1521732512763,785.650686577602,1344250
2022-04-22,789.1338500976562,794.939150787108,777.0394736612983,791.4559939952659,1880668
2022-04-25,767.025390625,783.6188995186292,763.929218296898,775.9752296199937,1193621
2022-04-26,795.3745727539062,797.5999262425465,769.2023535417951,772.3468914650791,1285209
2022-04-27,772.685546875,791.3108877616315,770.4601932812787,788.4566619863023,1186809
2022-04-28,785.3121337890625,792.4236040497293,773.6531067788574,784.538046394925,1802590
2022-04-29,797.0194702148438,808.1462974166291,786.6183056566531,788.5534060395722,2268921
2022-05-02,797.6483764648438,801.7604646496845,783.7156305226116,796.5840358548456,1439813
2022-05-04,777.2330322265625,805.00173364768,774.8141568249769,797.6483760486899,1817504
2022-05-05,751.1575317382812,785.6507180426485,747.432487300426,783.715617751903,5079723
2022-05-06,740.1275634765625,753.2378573393108,738.192463008125,745.0136803484513,2003395
2022-05-09,733.6448974609375,743.0785113748764,729.5328093446052,738.2407606497795,1742459
2022-05-10,721.598876953125,747.3841116041333,718.9381140889508,734.8059598825826,1326184
2022-05-11,719.9540405273438,734.1770394945452,714.0520082543879,721.5988875876251,1287768
2022-05-12,714.100341796875,723.7274771338343,704.3764750714323,717.9221765151137,1488552
2022-05-13,713.6649169921875,736.5475000575101,711.1976760935494,722.7599113864828,1481400
2022-05-16,711.6331176757812,720.2927031144297,706.3115919827604,715.0195431167945,829085
2022-05-17,710.4236450195312,718.6478206854025,697.6519721745582,713.0844077349602,2536701
2022-05-18,729.8230590820312,733.3062750201642,709.9882812041241,712.9392973213857,2750146
2022-05-19,697.8939208984375,722.2278311245103,695.3299483987278,720.8248715769689,1504820
2022-05-20,715.60009765625,718.6479043797925,707.6662333335511,711.1493903993908,1205301
2022-05-23,706.0213012695312,724.4531183803476,704.4248200245612,720.8248056004794,970827
2022-05-24,691.9434814453125,714.0519777301699,686.9605747810577,711.1493274141936,1513724
2022-05-25,692.95947265625,700.4579867885474,687.0090152391118,696.3458983934165,822598
2022-05-26,698.8131103515625,701.3287171719808,675.3500187267437,698.8614760491521,1339748
2022-05-27,701.9092407226562,707.8596384800807,699.1516874700791,706.3115819223538,1039408
2022-05-30,725.8078002929688,728.5652947188787,705.4408215037129,707.2791904907043,1145649
2022-05-31,735.0962524414062,754.6407779730407,718.8897868561564,728.5652886980967,6125585
2022-06-01,736.40234375,755.1728389616501,733.1610745972971,735.3380622816836,1641729
2022-06-02,733.6448974609375,735.8218852872311,722.7599583294697,732.4354597796633,630109
2022-06-03,729.4360961914062,745.981180463116,727.646092945617,735.3381286017744,1747685
2022-06-06,738.8696899414062,745.0136097244471,721.1151093937999,732.1935703363315,1441390
2022-06-07,732.0484619140625,737.2732566459833,721.8891847555549,737.2732566459833,1346609
2022-06-08,732.58056640625,740.0306547756692,715.1162402254495,729.8713789396572,2461233
2022-06-09,735.7265014648438,740.4076760561857,723.9259747910169,730.4601428468563,882672
2022-06-10,737.8720092773438,752.3057154874901,728.5584104024366,731.4354015534198,3230970
2022-06-13,717.733154296875,735.4826643898506,708.0294332177374,733.3858592007418,1455794
2022-06-14,717.6355590820312,730.4600823346327,713.5395688566517,715.8313757458217,1209734
2022-06-15,719.4885864257812,727.9732485534993,714.3685388775124,720.7076453658453,842942
2022-06-16,707.0054321289062,730.2163023556733,701.2514501436709,730.2163023556733,1060953
2022-06-17,694.03466796875,710.4675588699993,691.2551778371391,705.1524499221048,1329315
2022-06-20,699.1058959960938,704.859877993541,687.549241072911,700.666327151444,1028878
2022-06-21,709.2484741210938,714.856145109332,702.1779324402715,702.1779324402715,816577
2022-06-22,691.4014892578125,709.0046886742186,689.4997453819431,709.0046886742186,1190195
2022-06-23,700.6663818359375,701.8854408691532,689.2559773801651,692.425530866526,714841
2022-06-24,710.9552001953125,716.806683324492,702.2754764106171,704.1284698779364,1013159
2022-06-27,711.3453369140625,718.8546927918323,706.5666017878765,716.904198376959,695465
2022-06-28,718.61083984375,721.6828921810222,704.2259443577093,711.9304206650625,878300
2022-06-29,702.177978515625,725.388849789463,698.2769897460938,711.9792008941994,1741451
2022-06-30,688.8657836914062,704.1284250241816,685.6962305316714,704.1284250241816,2030048
2022-07-01,701.7390747070312,705.05493882597,679.74726338475,682.6730048340387,954981
2022-07-04,712.0767211914062,713.7345937055181,696.862830133156,705.103680349163,1281683
2022-07-05,711.0039672851562,720.951500742376,708.1269761077906,713.8809584625218,1367769
2022-07-06,731.3865966796875,733.2395305111369,703.3969921579246,703.3969921579246,1351519
2022-07-07,736.165283203125,740.7977071394185,731.435358362128,734.3610997955765,2064199
2022-07-08,742.55322265625,745.43015420224,736.3603673820372,737.774487690282,1456394
2022-07-11,746.9418334960938,750.9403230950361,739.6274796997135,742.6994725795751,1287117
2022-07-12,737.7257080078125,743.138317708296,733.5321572274543,741.1878234360958,609080
2022-07-13,743.6746826171875,748.9897913486876,738.2620729830163,739.2373201071683,697646
2022-07-14,746.8930053710938,759.5224678575315,740.5051484489968,746.0640691040563,1697611
2022-07-15,770.9816284179688,773.0296831632332,747.2831343967835,747.2831343967835,3002946
2022-07-18,774.6875610351562,778.1984865407247,768.299704014827,778.0521756563566,1335985
2022-07-19,767.7633056640625,773.7122893672438,764.7888138124719,771.3229815102297,1184051
2022-07-20,775.3214721679688,781.3680163086163,768.0071186569502,771.4204836287588,1173216
2022-07-21,798.0447387695312,800.3366053091335,773.7123102334399,775.321491856472,2245980
2022-07-22,784.1475219726562,803.6037160811944,781.3193407253401,798.0447949752739,1746104
2022-07-25,787.950927734375,793.6560996144661,781.4167600821698,784.147440131407,940240
2022-07-26,771.2742309570312,789.6576765500774,768.7386120249256,785.951749063013,1146412
2022-07-27,781.758056640625,783.8061112785763,767.5682231481006,770.4452140167058,1056918
2022-07-28,786.6343383789062,789.8527016383949,778.8323610698197,784.0987195631984,1192580
2022-07-29,791.5593872070312,794.5338791626424,783.903661228545,788.9749584037507,867439
2022-08-01,791.02294921875,794.338813379003,779.6613554970689,791.9006954742179,1269287
2022-08-02,791.5106201171875,805.5542038980378,786.2930712987809,792.8759900352359,2161684
2022-08-03,792.6321411132812,795.216569935577,781.7093608534793,791.5105830528065,908414
2022-08-04,769.7138671875,778.247280349224,761.7655785471192,772.6883592989991,15358133
2022-08-05,765.3739624023438,773.7611237273618,762.7407831546711,765.6177741933437,2109882
2022-08-08,769.1774291992188,774.2487262187489,761.6680143361032,762.1556379048203,947150
2022-08-10,770.9816284179688,774.0536807736843,766.8855784518023,769.1774449864296,1185175
2022-08-11,754.304931640625,778.7836116712926,752.5006886708372,774.8826230114659,3371339
2022-08-12,744.5524291992188,756.6942678056622,741.7241887280643,754.3049004454608,2257305
2022-08-16,760.2051391601562,761.2778871952818,746.3566179851439,748.307112248544,1804736
2022-08-17,773.8585815429688,776.8330733226665,761.1803691169339,761.1803691169339,3021532
2022-08-18,787.8533935546875,793.6561260553617,771.4205027359858,773.3709970539023,3191360
2022-08-19,767.4707641601562,789.4625757044947,764.6912740406494,787.1707686891558,1767351
2022-08-22,774.2974853515625,777.2232267966662,760.7902766320499,766.4467577120733,2166778
2022-08-23,789.3162231445312,791.5593391126874,767.5194740878661,772.298208727382,1890327
2022-08-24,785.7566528320312,792.8759452324438,778.7348613383842,785.0739679115833,1355374
2022-08-25,782.001953125,791.8032352249994,777.7596515625869,787.9997472884893,1267482
2022-08-26,782.0994262695312,790.7303393225934,779.0273740848904,785.9516642318137,1254230
2022-08-29,786.195556640625,796.484402729135,764.4474963905693,770.4452904997758,2181301
2022-08-30,789.60888671875,793.8024376008949,786.3417730188977,788.9749522551534,2692962
2022-09-01,817.647216796875,821.1580826516746,786.0491860062348,789.6088618369752,6228307
2022-09-02,813.0635986328125,826.0343744255305,810.1378570468897,824.0838800349153,1885440
2022-09-05,816.7207641601562,820.3291906370567,808.5286640247263,813.356149478663,1553679
2022-09-06,797.9959716796875,824.8640184607613,795.801665616407,820.8167785475497,2620566
2022-09-07,804.6763305664062,807.0169473351876,793.8998623890374,794.8263590068616,1321905
2022-09-08,798.824951171875,811.0155410720951,794.8264614943487,808.7237339805996,1094898
2022-09-09,796.0941772460938,806.5293328774327,793.0221846674026,806.5293328774327,884012
2022-09-12,805.0665283203125,810.4303876852571,800.0927916280181,800.0927916280181,1300582
2022-09-13,827.98486328125,830.9106048476149,809.1626044425091,809.4064162397061,3310733
2022-09-14,819.4513549804688,839.834042662978,817.793423047669,822.0357835396295,3818926
2022-09-15,816.6719970703125,827.009593175258,809.6502056007442,823.5962281090866,1697675
2022-09-16,775.5165405273438,818.9150384193206,771.615551952784,818.9150384193206,4786431
2022-09-19,773.3710327148438,782.3433188958538,767.8608622029049,779.41757728407,1707558
2022-09-20,784.2938232421875,792.7784859287501,776.2480337078268,777.272031380054,1547208
2022-09-21,784.2938232421875,790.92549240806,778.3447795082222,784.2938232421875,1082534
2022-09-22,783.3184814453125,787.7558438387587,768.494713642763,780.7340528244606,1255234
2022-09-23,762.2044067382812,786.3417739718786,760.2051619631993,783.123470245605,1229421
2022-09-26,761.521728515625,766.4955247948321,743.1383431797813,759.7175450617449,1431943
2022-09-27,778.1008911132812,781.5630660097975,761.7167513972887,765.3739280983746,1830866
2022-09-28,774.0049438476562,784.2937896337052,770.4940183048562,776.2480004441219,1415083
2022-09-29,772.9808959960938,783.8061754778646,770.7378393726378,777.9059419060465,1136839
2022-09-30,782.9771118164062,786.0491639966081,767.5194690636856,771.4204574706166,1436359
2022-10-03,758.6935424804688,784.8789050014065,756.791798607446,782.9771611283837,1652675
2022-10-04,765.71533203125,772.8346243994679,761.863093841623,767.2757036786206,1238967
2022-10-06,774.6387939453125,779.807591899443,764.6912611797177,770.4452431343901,2067042
2022-10-07,761.570556640625,774.2487701465815,759.7663136193893,768.3972869899862,1053907
2022-10-10,738.4083862304688,755.8652740941802,736.3115810970705,750.2088526608233,2334168
2022-10-11,724.2185668945312,741.04158155875,721.9267597210367,739.2373979987109,1956824
2022-10-12,738.6033935546875,740.2125751364679,720.5125711133392,727.0467388198113,1372962
2022-10-13,738.6522827148438,741.3829630794901,730.6064929921516,736.2629150741404,1198492
2022-10-14,742.4069213867188,749.9163366343538,741.187862402504,749.9163366343538,1278730
2022-10-17,744.2598876953125,752.8420507261577,738.5546561427464,742.406894297174,940646
2022-10-18,755.1826171875,756.7917988168945,744.6499597273952,748.0145743460799,1361691
2022-10-19,745.6251831054688,757.7670218076449,742.2605685941147,755.2801535251175,1115277
2022-10-20,751.6229858398438,752.8907952222628,736.799217345103,742.6994506618558,955562
2022-10-21,742.7969970703125,761.521694263537,736.360330326326,753.8660281368335,1692279
2022-10-24,751.8668212890625,756.7918076167472,745.9177778083848,750.9403245681641,292558
2022-10-25,747.9658203125,757.5719810164978,745.7227637522346,750.9403122418322,871995
2022-10-27,750.9890747070312,760.2051724095568,740.797729830151,755.5727483313715,1692389
2022-10-28,742.5044555664062,754.3049827769895,740.7002719986712,754.3049827769895,1598314
2022-10-31,751.086669921875,753.3297266218941,743.0408803608478,746.2591842803854,997865
2022-11-01,755.670166015625,765.0813240214248,748.4046229863412,753.8659827515123,1893673
2022-11-02,749.03857421875,758.9373567670601,745.7715200211857,756.7918010961931,1073726
2022-11-03,743.8698120117188,750.9403543087819,737.9208278197982,749.0386103378021,1573795
2022-11-04,745.3814086914062,748.0145879855371,740.4076718769977,742.163104898297,940199
2022-11-07,753.037109375,757.2306602078477,745.3813835461727,749.136120781772,1004208
2022-11-09,751.086669921875,762.448264314645,746.8930592584526,759.2299603951074,1256533
2022-11-10,749.6724853515625,752.598226759576,743.1870680873877,750.9402947234961,839329
2022-11-11,754.0610961914062,760.5464539202782,750.9890439084303,753.4271617443283,921004
2022-11-14,748.7459716796875,755.8165132553016,747.5269127873402,754.2073317076593,708750
2022-11-15,753.6221923828125,754.8412512511121,744.6011567573955,748.7459569096142,756436
2022-11-16,750.5014038085938,755.0363266932095,745.8689800224344,753.6222064746678,1071710
2022-11-17,766.5442504882812,769.9088650193426,747.0393077277652,747.0393077277652,2944879
2022-11-18,756.499267578125,773.3710322919798,750.2089112113562,769.8113561898431,1417103
2022-11-21,751.8668212890625,756.2554335754999,743.4309094176098,755.1338755147759,760664
2022-11-22,752.2081298828125,757.6695497462845,747.234393128423,751.9155676368538,868523
2022-11-23,751.086669921875,756.7918423463113,746.0641229316084,753.9636015999613,875779
2022-11-24,773.127197265625,775.3215034073439,761.9118547635062,768.3484623028028,6211909
2022-11-25,769.6163330078125,779.7101174730464,760.6927975346794,778.9786820908015,2385612
2022-11-28,784.3912963867188,788.8774691374448,765.569037683575,769.470026410625,2043706
2022-11-29,785.1226806640625,791.8031591388764,783.1721864275084,785.0251797619788,1278339
2022-11-30,797.8009643554688,801.6044522657165,784.3425648277977,785.1227506871301,3390682
2022-12-01,793.071044921875,801.555707573487,790.0965528293284,801.555707573487,966282
2022-12-02,775.8578491210938,792.3883000233768,772.5907950168958,789.950182177151,2882169
2022-12-05,780.6853637695312,783.1234817075997,769.0798985745797,775.8578783472828,1540201
2022-12-06,777.9058837890625,780.1976906957373,773.9073349096309,780.1976906957373,826214
2022-12-07,779.5637817382812,786.5368226364959,777.3207252091004,780.1002152876531,2020441
2022-12-08,784.2938232421875,787.9510003032605,776.7844077719109,780.7341470929965,805216
2022-12-09,783.416015625,789.852682463353,781.1729591079643,784.2937618607086,1080966
2022-12-12,789.9989013671875,792.8758922167573,779.4174941430421,783.1234212177811,948219
2022-12-13,787.6095581054688,794.2900366582716,784.7813771440649,791.900669285727,1224742
2022-12-14,795.2653198242188,796.7769410388199,787.3657820013822,788.3898391534199,971275
2022-12-15,784.9764404296875,795.2652857683739,782.1969503886119,795.2165353166416,783051
2022-12-16,781.7093505859375,785.0252147455907,775.3214935814285,783.4160331189784,849333
2022-12-19,788.82861328125,789.9501712847937,778.6860788954197,781.3192580379078,1120217
2022-12-20,788.292236328125,789.9014178881902,780.2951980277184,788.4872976572784,677159
2022-12-21,782.7333374023438,791.8031835008671,781.1729657748355,788.974942961101,811513
2022-12-22,778.8811645507812,788.9749488004737,767.5195113794472,782.8796540785911,1017965
2022-12-23,759.717529296875,778.1497242282,756.5967265142747,773.4197398395264,1216647
2022-12-26,756.1090698242188,764.3011693292087,753.8660133839637,759.7174960234253,1014226
2022-12-27,758.595947265625,761.6679994984422,751.5254056569647,759.5224439330111,601101
2022-12-28,760.8390502929688,763.5209798229679,754.0123205802436,758.7422452143165,610240
2022-12-29,756.8892822265625,759.7175227448568,744.2110693951336,759.7175227448568,1691955
2022-12-30,747.9658203125,762.9358403896538,746.064076448054,758.7422895118772,715796
2023-01-02,743.430908203125,751.9155705145824,739.3348581709355,750.8428224338402,1061086
2023-01-03,748.160888671875,748.8923240478074,740.3101013507091,746.0640834511232,785495
2023-01-04,743.3821411132812,748.5021886578463,740.6027105416908,748.5021886578463,1004383
2023-01-05,744.9425048828125,761.6680171615986,741.2853281038676,743.138321481611,3198519
2023-01-06,742.5044555664062,751.7693042615838,740.2613988398156,744.8938231874043,603050
2023-01-09,747.9658203125,749.7700037464529,742.260588719162,746.2591377846777,729173
2023-01-10,750.2088623046875,753.6709777461678,745.6251888426725,747.9658057879793,873061
2023-01-11,740.5051879882812,753.6222747496839,736.7992605284843,752.8908393487621,688374
2023-01-12,735.5801391601562,744.9424876884135,733.3858331434373,741.1878100917717,763021
2023-01-13,734.2636108398438,738.8472248740146,731.4353702650736,736.409106973131,1067599
2023-01-16,728.75341796875,736.3115832270408,726.6566128292862,733.4833427400005,838829
2023-01-17,731.484130859375,734.1660605875287,723.2432803352664,725.5838973623096,1427736
2023-01-18,731.9229736328125,734.068529231212,728.0707355509255,731.4353500661018,747592
2023-01-19,720.2200317382812,734.1173038469752,719.3422854795658,731.6304354797658,1140422
2023-01-20,720.1713256835938,724.5111877425944,717.7819580758862,719.7324525271795,878832
2023-01-23,724.072265625,725.4863859114392,715.8314152206526,720.8539619028587,682160
2023-01-24,722.5606079101562,730.947709249911,721.6828617010462,725.4375392663686,653737
2023-01-25,721.731689453125,724.1210570344081,713.1007754113502,722.0242517127101,868627
2023-01-27,717.0504760742188,727.4368821623597,707.7368775792154,721.7316505483415,772860
2023-01-30,717.4406127929688,722.0242269259701,709.541074909161,717.7819254967067,1295677
2023-01-31,711.4428100585938,721.0977808451452,707.1029482500052,717.781916659527,2189899
2023-02-01,722.4630737304688,729.8749877534399,713.149475392607,719.0009582676232,933031
2023-02-02,718.9035034179688,724.3648639747774,714.661142347186,720.5126255970664,704702
2023-02-03,708.614501953125,722.6580836640314,702.616768147451,718.9034062293662,1752697
2023-02-06,711.6865844726562,714.368514047579,703.1531721888115,710.3700246728929,852170
2023-02-07,710.1749877929688,716.7579060671306,704.1284435473847,713.6858537294435,1244247
2023-02-08,706.468994140625,713.7345371188275,703.250631222835,713.7345371188275,1521104
2023-02-09,704.0797119140625,708.3707637817428,702.9581538498526,706.5665803125673,688243
2023-02-10,708.614501953125,709.9798716699256,701.348958852912,704.1283892111076,651630
2023-02-13,700.0324096679688,711.4428135098744,698.2769766594519,708.6145728952234,599763
2023-02-14,703.1531982421875,705.8351279164816,697.301715316455,700.2274567793213,563171
2023-02-15,710.077392578125,711.7353245597163,699.4472348596576,703.2019124001313,727403
2023-02-16,714.4660034179688,717.29424382471,710.0773914571106,714.0759402916191,837121
2023-02-17,708.273193359375,716.611544006273,706.2251982967538,713.1006783205343,624402
2023-02-20,703.9334106445312,711.3940754663345,700.8126077280788,708.9559574885379,1316763
2023-02-21,708.2244873046875,711.9304145440169,704.1771878506172,707.4930519472792,673449
2023-02-22,703.5921020507812,715.8314424660012,702.0316708212499,708.0294648914399,1690647
2023-02-23,698.37451171875,707.0054853462693,697.3017635845205,705.0549909026762,1165270
2023-02-24,698.4232788085938,703.4945164310136,695.9363509262436,699.2522150864685,1040351
2023-02-27,692.7180786132812,702.6656120207381,682.6730442949572,702.1779884176702,1064436
2023-02-28,697.5942993164062,699.9836668238124,688.085639265508,694.3759955117443,2395442
2023-03-01,697.5454711914062,699.1546526767394,691.986550952678,695.3024148212128,991540
2023-03-02,689.8410034179688,700.568721378674,688.3781327869635,699.1058507476687,969963
2023-03-03,692.2791748046875,695.5950389684357,688.7195583745666,691.4502385259319,873264
2023-03-06,695.9363403320312,700.9588869491333,692.3767239598807,695.3512158535402,739338
2023-03-08,702.6655883789062,705.2987676517499,693.2056788928047,695.351234578987,1026628
2023-03-09,691.6939697265625,704.9573057875022,690.5724118101081,704.9573057875022,905544
2023-03-10,686.9641723632812,692.6205943902796,683.9896206934068,689.4997913505804,970983
2023-03-13,676.9678955078125,689.7923610001783,674.6272783218855,687.5493042528793,1158330
2023-03-14,676.1388549804688,682.673022962266,672.3841771639218,678.7720342596245,1501579
2023-03-15,670.5311889648438,682.6242778473616,669.6046922358472,678.7720395685009,1119482
2023-03-16,676.8215942382812,679.2109619153218,671.945357968553,671.945357968553,974834
2023-03-17,688.7195434570312,691.1089108593587,677.2116390884464,680.722504989248,2111478
2023-03-20,685.2086181640625,689.2559176131344,673.8957751265311,673.8957751265311,1018438
2023-03-21,683.5507202148438,688.5244566443153,682.6729740099443,686.6714633336873,721243
2023-03-22,693.3032836914062,698.4720821359108,683.6483122479156,683.6483122479156,776214
2023-03-23,689.6460571289062,696.2777259517014,688.3294377404131,693.9371089439558,587643
2023-03-24,684.96484375,692.1329463494543,681.551478566745,689.4997670174989,960470
2023-03-27,682.0391235351562,689.8899113221287,679.9423777143627,689.4022877092418,3695292
2023-03-28,678.82080078125,682.3317264113493,672.9205671337187,672.9205671337187,1113702
2023-03-29,680.2836303710938,685.598739187161,677.6017007370045,678.8207596615906,1160832
2023-03-31,691.303955078125,693.4007603714134,681.2589208060282,682.8193520432835,972962
2023-04-03,699.3009643554688,700.71508464271,691.7427988634979,692.4254837805486,797533
2023-04-05,709.394775390625,710.3700225058036,697.3016873526669,699.252181583024,947741
2023-04-06,712.4180297851562,713.3445264652454,704.6160527306987,709.297227058501,738748
2023-04-10,702.8118896484375,712.564361248225,702.1779551847062,709.0046853045575,916628
2023-04-11,699.5447387695312,707.9806500647534,697.9843672062386,707.9806500647534,776167
2023-04-12,700.6176147460938,705.6888525843812,698.618310359592,703.0557327546417,702063
2023-04-13,701.787841796875,705.7863909203136,699.886157429244,704.1284588215397,502380
2023-04-17,695.5462646484375,701.4464978769059,693.888332623453,699.2521918355809,1180651
2023-04-18,689.5484619140625,702.0804230774776,689.2071492329833,698.4719968410448,1323608
2023-04-19,683.501953125,691.3527404381836,680.9663343007575,690.4749941782117,1235220
2023-04-20,685.9888916015625,686.9641387835242,679.2109117820563,681.6977801911856,1263116
2023-04-21,683.0631103515625,687.549223318078,679.7472463158871,685.9888517273841,966029
2023-04-24,714.4172973632812,716.8066648175457,688.5244970900507,688.5244970900507,6009290
2023-04-25,716.270263671875,719.7323790646717,710.3212204880249,717.7818848124639,1783879
2023-04-26,728.217041015625,730.4600975009427,706.0789193467056,715.782640156964,3725680
2023-04-27,735.3363037109375,736.5553625698748,723.7796495379558,724.6085857522899,1664942
2023-04-28,744.9425048828125,746.064062904767,732.8982265005652,739.2373329174031,1261145
2023-05-02,760.3026733398438,763.6672879963405,746.0153379497397,748.941079472891,1438425
2023-05-03,762.0581665039062,767.3732159892056,755.5239985252546,758.6448013907382,1189150
2023-05-04,756.30419921875,763.2772404681015,749.8675915457832,753.866081232874,1001352
2023-05-05,757.0355834960938,762.8383158155253,755.816524585472,758.6447650678588,617459
2023-05-08,769.37255859375,770.2502453804681,757.1819682973879,757.5720314722515,1048005
2023-05-09,769.4700317382812,772.590834646402,765.5690429842215,770.1039662205618,652399
2023-05-10,771.5668334960938,772.3957697928176,765.3739781625555,769.4700282405721,476497
2023-05-11,769.9088745117188,771.9081192644485,766.5442599391744,771.5668065716759,968940
2023-05-12,769.518798828125,775.5653434325034,765.3739981873351,768.4948011629207,747655
2023-05-15,767.4707641601562,771.8106259252944,764.788834471228,769.4700089324847,803643
2023-05-16,766.7880859375,770.1527005724005,765.3739656388475,768.007144897655,658173
2023-05-17,758.9861450195312,767.1294354544531,753.7197862491611,766.7881227389739,907649
2023-05-18,757.0844116210938,766.5443216429346,755.8166021288478,764.0087026584428,1004449
2023-05-19,754.6160278320312,760.9747482102623,745.7434115381127,760.9747482102623,1233831
2023-05-22,755.2568359375,757.1299679997628,749.440378796522,754.6160719371454,548104
2023-05-23,759.1509399414062,760.6297094082765,751.2641694514311,755.2075546964187,826476
2023-05-24,760.2353515625,763.6364729513201,754.7145765192328,756.5384281648439,861728
2023-05-25,769.2557983398438,771.3753917948786,754.221643388921,754.221643388921,980266
2023-05-26,778.5228271484375,779.8044152910184,770.0938534042639,772.9034912618944,961268
2023-05-29,783.0084228515625,785.7195001733652,779.0650376562131,779.8044223803411,1171159
2023-05-30,779.7058715820312,785.7195100117254,777.0933547888866,781.3324818927107,601270
2023-05-31,787.34619140625,788.6770598762774,775.9103379352732,775.9103379352732,2201928
2023-06-01,782.4169311523438,790.1065201705082,778.1777439735987,787.5926241683962,703293
2023-06-02,784.7828979492188,788.5291016777128,781.7760789107411,784.2406945441294,697200
2023-06-05,781.23388671875,789.1206568587916,779.4100350210967,785.6701949225234,774985
2023-06-06,780.8887939453125,784.684338127052,773.3471062028518,781.7267993642172,744002
2023-06-07,811.4500732421875,812.3373589892085,780.2973539319885,782.7619697056208,3971089
2023-06-08,795.676513671875,813.1260049751252,793.803441830515,813.1260049751252,1117198
2023-06-09,789.662841796875,800.359249480543,787.6911493079939,799.2255624022041,835145
2023-06-12,789.4163818359375,796.4158661171417,788.0361730224112,791.585255612359,3168760
2023-06-13,808.29541015625,809.4783775861282,790.99375935324,790.99375935324,2697513
2023-06-14,850.2924194335938,852.7570351420969,804.4505672554347,811.1543099483071,7652583
2023-06-15,852.7570190429688,860.0523054709238,843.8844026598628,851.7711727781792,3106263
2023-06-16,850.5388793945312,858.129907796609,839.9903121478478,855.7145723725913,1754715
2023-06-19,844.8702392578125,857.6862405534387,842.7506457442546,854.1864983877352,1308412
2023-06-20,846.743408203125,854.7287391369292,835.3075550599997,844.8702761711054,1178858
2023-06-21,847.9757080078125,864.7843751703997,840.9761632658883,846.841960709014,1439299
2023-06-22,829.9840087890625,849.7994949864757,828.7023604855841,849.7994949864757,988651
2023-06-23,828.9488525390625,834.2231664438791,819.8791145492066,830.0825998734365,806171
2023-06-26,850.3416748046875,853.7428564170484,835.8497228289411,841.9127013627706,3022935
2023-06-27,842.1099243164062,855.81315182956,840.5325341283502,851.7219257736189,1131450
2023-06-28,842.8492431640625,847.8277545723538,838.9551385361315,842.4056003279957,914411
2023-06-30,848.715087890625,851.3275444340733,838.0186196325882,838.0186196325882,1394632
2023-07-03,846.6940307617188,854.6794215179477,844.3280358560539,854.6794215179477,1226135
2023-07-04,843.4407958984375,849.5037747548487,840.1382348385837,846.4969555528309,759030
2023-07-05,833.9273681640625,849.060084055199,829.2445984697086,846.8419299894525,2537154
2023-07-06,833.0894165039062,835.5540322915465,829.4911135567218,833.9274219744742,2363769
2023-07-07,821.4564208984375,840.4339619752991,820.0269317441058,833.0893950827248,1811594
2023-07-10,813.9639892578125,829.5896284222082,810.3656263375581,829.5896284222082,1177214
2023-07-11,828.4066162109375,831.0684131984987,814.062564885718,814.3090264554685,2167322
2023-07-12,831.3148803710938,835.8004689365272,826.927852365712,832.9908310909486,1435731
2023-07-13,825.4983520507812,836.9834851917125,823.3788186680822,835.0117926470913,985928
2023-07-14,839.4481201171875,840.680427985827,821.8014473697576,827.0757611503041,1705168
2023-07-17,840.5325317382812,848.5179228751058,837.3285312616545,842.9971474895327,1200820
2023-07-18,846.5462036132812,850.7853305376716,836.4412793513911,842.1098954007441,1412514
2023-07-19,848.271484375,852.7077928479308,842.3071261289832,852.7077928479308,952601
2023-07-20,860.7423706054688,862.6155026225335,842.4549339841276,847.8278082918615,1381298
2023-07-21,840.2860717773438,863.9957234869553,837.5749944457591,861.3339264362338,1230534
2023-07-24,850.8839111328125,854.7287357427288,836.8849419139599,841.9127339380511,1149904
2023-07-25,856.2567749023438,857.1933409030842,843.8844161162048,850.8839006393101,873678
2023-07-26,861.5310668945312,871.4388097297127,857.2425995796184,861.5803471730585,1940116
2023-07-27,838.0186157226562,867.5447237528182,835.7019010402381,863.5520583652575,3203072
2023-07-28,847.1869506835938,848.2221373828911,830.0825423183487,842.159158878206,2365708
2023-07-31,847.1376953125,848.6657450103367,840.4339526511228,847.1869755921822,1454789
2023-08-01,844.6238403320312,851.081121737138,841.0254771713529,849.7009729826402,987812
2023-08-02,831.1177368164062,842.8986124990416,826.3364061824402,842.8986124990416,1604731
2023-08-03,823.5759887695312,829.7375278877756,820.7662908288435,828.110857492047,1375222
2023-08-04,822.9844360351562,829.6881784892472,820.5198204144405,825.2025900938005,887582
2023-08-07,825.9420166015625,828.7517146542153,817.7595043607208,825.1040713166018,1106208
2023-08-08,835.4554443359375,841.0254397306071,821.9493382282454,827.1250312125912,1252297
2023-08-09,848.0250244140625,850.2431786547677,835.6526650168307,838.9552261511445,1704615
2023-08-10,838.5115356445312,850.9825150691506,835.997639682102,848.9615422433263,941390
2023-08-11,825.0547485351562,841.7647942919186,823.1816165965445,837.6735684678893,909080
2023-08-14,832.744384765625,833.927412364316,817.9074099292683,826.9771477862379,754694
2023-08-16,828.8009643554688,831.5120415755036,824.9561398658161,828.998145642091,360863
2023-08-17,832.3007202148438,833.976670921727,823.1816421431976,823.1816421431976,1105325
2023-08-18,830.624755859375,836.9341960035139,823.6745517478237,833.040091235082,1145798
2023-08-21,836.4906005859375,837.3778863403996,828.899571905232,834.025984791636,680778
2023-08-22,836.7863159179688,839.4973932057499,832.054265777189,835.0118046365866,782931
2023-08-23,832.5964965820312,835.9976784164494,828.4559300084477,835.9976784164494,516482
2023-08-24,832.25146484375,842.7014116349626,830.1811514951852,833.0401298555104,1482572
2023-08-25,820.7662963867188,834.1738417015769,818.4003014520597,828.1108630996564,1149261
2023-08-28,829.8854370117188,831.0191843712794,816.527231138429,820.7170780836005,649996
2023-08-29,826.3856201171875,832.0049557836152,824.1674660518565,829.0966973081476,606053
2023-08-30,836.3426513671875,837.2792173492999,826.8292710522574,829.0967054180744,604884
2023-08-31,822.540771484375,839.3987779879981,817.3157985405875,836.3426185961871,2025392
2023-09-01,832.2021484375,835.4061487978615,821.2099385172858,821.2099385172858,661741
2023-09-04,834.0752563476562,836.9835149887643,825.1533592998773,832.0542834517281,705024
2023-09-05,834.3217163085938,840.3354148749007,831.1177158157257,835.0118207566989,745626
2023-09-06,866.4603271484375,870.5022728633217,833.533037039568,833.8287788919015,3618782
2023-09-07,846.5462036132812,854.6794353362659,841.9127141125974,853.4471274994501,3458930
2023-09-08,841.025390625,852.609083770761,839.6945222895303,851.771138547877,901217
2023-09-11,850.3909912109375,852.7077661102603,842.6521218526668,843.391506574971,1039583
2023-09-12,852.5105590820312,861.6296370485057,843.8844042488798,854.7287131819845,1795152
2023-09-13,876.7130737304688,878.6354859865188,847.9756911330892,849.799482659612,2812359
2023-09-14,872.0303344726562,884.9942374135519,868.5305921345206,882.3324403636731,2205160
2023-09-15,863.5027465820312,877.1566929517114,861.1366915350603,874.9878191872012,1104866
2023-09-18,868.4813232421875,873.4105548172369,863.5028113856446,870.502296153701,1084407
2023-09-20,857.3905639648438,868.4320548787404,852.7570741864523,868.3334341431156,924868
2023-09-21,858.672119140625,861.6296580125215,849.0108375266861,856.7004265593606,1165593
2023-09-22,865.3265380859375,877.25525353419,857.7355099955589,858.672075958817,1518828
2023-09-25,887.8531494140625,892.7823808902039,858.2284802767097,869.467152110825,2700627
2023-09-26,882.5296020507812,897.0215544036736,878.8819587798615,894.7540598222358,2064298
2023-09-27,876.2694091796875,891.2050038323364,874.3470571425153,886.2757726164496,1233749
2023-09-28,864.0942993164062,883.3183025527667,857.7848588010871,882.1352749347338,1801983
2023-09-29,864.4886474609375,873.3612641909316,861.3339272560163,873.3612641909316,817204
2023-10-03,859.5593872070312,867.1010750726186,851.8697381610942,857.6862552248094,1183376
2023-10-04,852.5105590820312,857.538350973413,842.8985579822339,854.7287131819845,623081
2023-10-05,848.0250244140625,856.9469216590862,845.3632272909593,853.792201371382,749977
2023-10-06,862.3690795898438,865.080157004959,848.8136925142675,848.8136925142675,960117
2023-10-09,868.185546875,871.3402068206192,854.531539852036,855.7145674172839,1200788
2023-10-10,876.1708374023438,879.769200212367,869.2699137884857,872.4739140377769,870512
2023-10-11,875.8258666992188,884.5013020030423,873.6569928304424,882.3324281342658,1062565
2023-10-12,879.7199096679688,881.4944811206504,870.6994522494865,876.3187881166536,775364
2023-10-13,900.4226684570312,905.0068776903149,876.269434793183,877.6496436424868,5120134
2023-10-16,895.7399291992188,904.8097272449911,893.2260331541966,904.8097272449911,1524935
2023-10-17,895.0005493164062,914.8653765503173,892.338812413901,899.1411158566019,3228492
2023-10-18,883.0225830078125,902.0494054268206,879.4735000640176,899.5355092820193,1218914
2023-10-19,882.726806640625,887.6560381716286,866.6081834314734,883.3182903558321,1430475
2023-10-20,886.2265625,889.0362004469793,876.0723574256333,879.3256382514209,2295312
2023-10-23,870.600830078125,893.2260143495747,867.7911922348295,886.0293485044624,973113
2023-10-25,877.4031982421875,881.7902262676549,869.8614500539524,870.7980160638606,1531972
2023-10-26,867.8897705078125,874.3963922233544,859.6579779298644,870.7487488607255,1966650
2023-10-27,878.4876098632812,881.8395113365391,863.6013548695453,867.5447400515981,797507
2023-10-30,880.9029541015625,883.3182895839002,867.7419299937978,873.4598265305084,1147541
2023-10-31,887.7545776367188,890.613555925272,879.3748842331516,886.7687313539461,1082510
2023-11-01,890.3671264648438,906.978612860127,883.0225593590566,893.1767644035599,2678745
2023-11-02,898.3524169921875,904.7111374923967,890.7613886497394,897.2680101595298,1082513
2023-11-03,900.7677612304688,906.2884763493247,898.3524258017385,899.0918105143326,901911
2023-11-06,905.647705078125,910.6262167352621,903.0351883794752,903.7745730861178,742374
2023-11-07,908.9995727539062,910.6262432243504,900.0776757351474,906.9785998645516,819721
2023-11-08,903.3309936523438,916.2948971542082,901.211460113921,909.443253023998,1090425
2023-11-09,890.0712890625,905.9434502595917,885.6349808063228,903.3309335513303,3194352
2023-11-10,899.7819213867188,903.8731473895839,883.8111994461295,890.0712993223829,3846444
2023-11-13,903.5774536132812,907.4222784193717,894.2611936379743,901.0635574729694,904887
2023-11-15,916.4426879882812,918.8087431550475,903.380224633341,908.3587965396082,1564164
2023-11-16,907.0278930664062,919.7946149219266,905.0069201482622,919.7946149219266,1315309
2023-11-17,917.6749877929688,920.7804276506674,907.9644259810115,908.9502722632927,961365
2023-11-20,917.6749877929688,927.5334506157811,915.0625312476926,922.2591970740892,1169030
2023-11-21,914.5696411132812,918.3158450868938,893.1767639814555,893.1767639814555,804344
2023-11-22,915.11181640625,926.4983289930464,909.1967386810278,918.266536560625,885449
2023-11-23,919.7946166992188,924.4281064381769,913.8795387783234,915.999132435158,907511
2023-11-24,913.7809448242188,923.5900672142395,910.9219665317427,921.4705338061394,521207
2023-11-28,918.6608276367188,921.7169871931402,911.6613431500914,911.9078047189344,904835
2023-11-29,920.3367919921875,924.6252594564427,916.8370496969555,921.7170008666958,1047897
2023-11-30,927.4349365234375,934.7795037286746,918.8087811212796,918.8087811212796,2982505
2023-12-01,929.505126953125,939.4129300541073,926.449027599919,932.5120061986144,1129388
2023-12-04,933.2514038085938,942.9619655853669,928.617914264404,940.4973498885938,1112904
2023-12-05,936.603271484375,940.6452774439172,930.7868143786192,933.3007104260134,792716
2023-12-06,938.2299194335938,949.3699703956729,935.4695618758378,940.497353849919,982484
2023-12-07,943.3563232421875,945.9687797643641,936.6032401655033,938.5256524332099,933106
2023-12-08,933.2020263671875,948.2361815215763,930.4416689304736,946.4123900467687,649090
2023-12-11,936.9976196289062,939.5115156375414,930.688179295881,936.4554162029312,476174
2023-12-12,935.3216552734375,948.3348381636721,930.2445228785394,939.5607822301438,732063
2023-12-13,943.7506713867188,946.1167266264539,933.1035431504788,934.5823126324923,899820
2023-12-14,936.9976196289062,947.2011046756594,930.737459576191,947.2011046756594,1980762
2023-12-15,941.1874389648438,946.3631318436387,935.4695426758598,946.3631318436387,1155502
2023-12-18,936.2582397460938,944.6379332656795,931.9204919733245,942.4690593792949,999922
2023-12-19,952.4754028320312,964.1576571243816,935.716016154,939.5115002449239,3897491
2023-12-20,962.4817504882812,995.7047835171193,952.475446439865,961.20016230613,4465789
2023-12-21,965.4392700195312,969.9741991044796,949.4192676368355,962.185989262225,1588905
2023-12-22,978.7482299804688,984.1703848264407,965.7843867696886,972.0444869324331,1491449
2023-12-26,993.0922241210938,1002.6056647727501,978.7481728097813,978.9453540996468,1804990
2023-12-27,1012.2177124023438,1014.4358666296681,995.8033470516299,1000.5847378221886,1799498
2023-12-28,1026.2659912109375,1035.138607849649,1010.7882525448783,1016.1610667057386,2052402
2023-12-29,1071.417724609375,1078.5157692866705,1032.8710409686855,1039.0325798700032,5017576
2024-01-01,1064.8125,1078.3678858031128,1060.7705544835835,1078.3678858031128,936544
2024-01-02,1082.2127685546875,1087.437802046612,1064.2210737005557,1070.9740967416758,2635193
2024-01-03,1069.5938720703125,1083.543620984149,1067.3757179429642,1082.4098736949916,1100701
2024-01-04,1109.619384765625,1112.6261438663046,1070.7770152987132,1072.699367505007,2777186
2024-01-05,1107.05615234375,1115.14016492415,1101.239754933465,1109.077185574494,1207155
2024-01-08,1089.310791015625,1113.0204420139753,1079.1566466111149,1109.1263973733605,1722755
2024-01-09,1095.9161376953125,1104.2958318129106,1090.346081654512,1090.346081654512,998355
2024-01-10,1098.1834716796875,1101.8803954189152,1085.416809837249,1096.261119472317,933127
2024-01-11,1103.4085693359375,1109.0278456083015,1096.310523482154,1101.190414963808,1084035
2024-01-12,1142.5958251953125,1149.053166391034,1107.9433047889095,1109.5206347500023,6018282
2024-01-15,1134.511962890625,1174.0935953073592,1118.6890817402211,1173.1570894654003,4237485
2024-01-16,1127.5123291015625,1146.0956275360977,1125.836438582204,1136.23716485149,1449691
2024-01-17,1122.4844970703125,1136.6313664484392,1115.8793754447938,1117.9496284660343,1272932
2024-01-18,1130.568603515625,1133.7232635903274,1106.6124898957762,1118.8862283950095,1218211
2024-01-19,1145.257568359375,1149.102392896456,1130.4698742494963,1140.3776774401401,900162
2024-01-23,1129.434814453125,1149.4967621773299,1122.1395279145333,1142.5464977681345,933643
2024-01-24,1142.5958251953125,1144.5675177323192,1117.9496684827302,1129.385461128856,1040096
2024-01-25,1120.6607666015625,1147.1800557869278,1116.3230188708135,1143.5816927713329,1125321
2024-01-29,1124.9000244140625,1132.9345758825737,1118.9356058669061,1120.6608369772737,1588430
2024-01-30,1107.0068359375,1130.962828856563,1104.788681759296,1128.7446746783592,798009
2024-01-31,1102.1761474609375,1111.5416871754983,1096.2610697464781,1109.0770714611401,2428738
2024-02-01,1113.661376953125,1118.837070400338,1092.3177789546744,1102.1762426636517,4728358
2024-02-02,1146.2928466796875,1154.1302770471552,1115.9780713321059,1115.9780713321059,1741322
2024-02-05,1134.462646484375,1160.3411122416767,1130.0756785215929,1153.3416274767867,1266268
2024-02-06,1147.08154296875,1150.2855435344352,1125.9350670296856,1125.9350670296856,1219085
2024-02-07,1149.69384765625,1158.3693427860546,1136.730065753586,1151.5177594912802,864874
2024-02-08,1121.7945556640625,1146.4407137534276,1109.0771140214363,1143.5817353465477,2477973
2024-02-09,1113.2669677734375,1133.1317953846874,1103.9999882060788,1125.8365084766576,917196
2024-02-12,1106.316650390625,1118.3440472459915,1059.7847539807738,1114.0556399844427,898953
2024-02-13,1121.696044921875,1125.146507207643,1102.3733598475142,1107.105470547883,886148
2024-02-14,1119.5269775390625,1123.7168241019651,1104.1478001060966,1118.9848343070462,1206706
2024-02-15,1115.386474609375,1130.519190523011,1111.2951885912921,1123.914068765547,1278358
2024-02-16,1131.209228515625,1133.1317009037157,1116.3723146968264,1118.9354908717212,1213292
2024-02-19,1138.6524658203125,1147.7715440097825,1128.3010797674006,1133.7232343665448,961914
2024-02-20,1138.0609130859375,1142.595781679831,1122.681735951511,1138.1594736405218,1056193
2024-02-21,1144.321044921875,1155.313254776197,1133.772538089557,1138.652428933677,1445959
2024-02-22,1143.0887451171875,1148.2644380122847,1126.2800181494185,1144.5675145157868,1689403
2024-02-23,1143.8775634765625,1149.1024769051655,1138.8496508375724,1141.6100687435837,1280859
2024-02-26,1160.439697265625,1166.0590935826315,1133.1810220248326,1142.5959026644016,1292210
2024-02-27,1166.84765625,1172.8612946096239,1158.3200616891286,1165.2703262390019,1584564
2024-02-28,1151.4190673828125,1187.9447186963503,1146.6377371893514,1172.9105635427243,2170054
2024-02-29,1173.2064208984375,1182.0296970219174,1134.3147127066482,1150.433275415707,2722341
2024-03-01,1184.00146484375,1196.472445223899,1177.3470019897156,1186.9590038899876,1804771
2024-03-04,1186.219482421875,1196.8173294495377,1173.1570198063837,1189.867065354838,790960
2024-03-05,1183.6070556640625,1194.7471671035864,1179.0721867067805,1189.7685951012843,867925
2024-03-06,1202.7818603515625,1205.6900588815017,1175.1288227201553,1186.7618575250503,1367260
2024-03-07,1243.6943359375,1250.9402815216652,1199.5283775365476,1210.6191474130926,3522952
2024-03-11,1203.373291015625,1251.0389347936634,1191.8881577348614,1245.1238570877833,2609165
2024-03-12,1198.0003662109375,1210.471345876473,1192.0360683483352,1210.076983291058,1089396
2024-03-13,1162.2635498046875,1200.1694155899943,1154.130317112021,1198.2962833861982,2050756
2024-03-14,1181.3887939453125,1187.9940358263939,1143.6309559159988,1143.6309559159988,2211062
2024-03-15,1194.99365234375,1202.5846209436932,1159.256722900218,1183.0155953720937,2843465
2024-03-18,1170.150146484375,1200.4156982592913,1167.5377502223027,1195.8808296235961,803158
2024-03-19,1130.0262451171875,1168.1292261093888,1123.7168051544556,1168.1292261093888,2152306
2024-03-20,1108.1405029296875,1137.075065710662,1095.9652057155683,1126.920801404995,2070193
2024-03-21,1117.900390625,1122.8296222435106,1105.6266520319361,1117.9497310782126,1901034
2024-03-22,1106.8590087890625,1123.864858623497,1103.1620849120116,1117.9004399648252,1696377
2024-03-26,1096.8033447265625,1105.232258351629,1089.7051791899867,1089.7051791899867,2407110
2024-03-27,1075.607666015625,1101.1903296552807,1068.7559619469655,1099.563659173221,1962948
2024-03-28,1080.6846923828125,1093.3035734688037,1078.1708564618025,1088.2757812842149,6721940
2024-04-01,1071.516357421875,1088.7686675089888,1067.7700933802187,1084.43091976143,2229535
2024-04-02,1115.1400146484375,1117.358168720669,1069.7417464997388,1076.3469886092537,5107047
2024-04-03,1103.6549072265625,1113.0204468591237,1097.0497853069392,1113.0204468591237,1133287
2024-04-04,1102.1268310546875,1116.865305553636,1092.8599720405775,1116.7667449914243,2403608
2024-04-05,1099.760986328125,1108.9786259878933,1095.2753371254591,1100.2045690657176,627856
2024-04-08,1121.2523193359375,1124.3084189448784,1101.1903702314792,1104.1479092741777,1833218
2024-04-09,1109.6685791015625,1124.8506362980247,1105.6266333113363,1124.8506362980247,1184800
2024-04-10,1129.08984375,1135.2020428257556,1102.8662352404563,1114.0063468459434,1374918
2024-04-12,1133.180908203125,1140.2790733101772,1118.3932146582972,1128.1531164663952,2006949
2024-04-15,1114.6470947265625,1120.6113923768446,1095.2751917048547,1109.077039305096,1990224
2024-04-16,1119.5762939453125,1122.7802941893135,1098.1833585721415,1101.1902377073807,1051408
2024-04-18,1118.491943359375,1142.595836730601,1111.5910194101825,1126.8222962753036,2573549
2024-04-19,1121.9915771484375,1134.3146550987158,1088.4235850174139,1088.8671676866006,2160942
2024-04-22,1154.376708984375,1161.1298526014268,1124.8013191610332,1124.8013191610332,2299311
2024-04-23,1156.74267578125,1163.20001686924,1135.694882368369,1156.3976536615426,1930671
2024-04-24,1094.437255859375,1121.5972482719872,1088.3742772572286,1090.3459697884916,6447489
2024-04-25,1090.5924072265625,1100.2044081038136,1062.1507671608495,1100.2044081038136,6233672
2024-04-26,1087.04345703125,1096.063974829967,1068.7067397465626,1096.063974829967,3426210
2024-04-29,1082.9521484375,1094.6837433447988,1073.4880481318664,1093.2049739113384,2254895
2024-04-30,1092.66259765625,1098.4791142299944,1080.142399214208,1084.332245510351,2504796
2024-05-02,1075.7061767578125,1098.2327398578384,1065.7983736516933,1098.2327398578384,3423995
2024-05-03,1078.8116455078125,1099.1200550551619,1074.3753371936677,1079.5016897752091,2935813
2024-05-06,1082.6070556640625,1093.9442872474972,1074.621725312937,1089.3600782343797,1076304
2024-05-07,1083.8394775390625,1105.675997782192,1074.6710585476812,1079.5510700789273,2614541
2024-05-08,1099.2679443359375,1102.0282417186304,1079.6495792653545,1086.79696480631,1071294
2024-05-09,1069.692626953125,1098.9228748677199,1062.742362069722,1098.2328305618462,1743688
2024-05-10,1075.5089111328125,1078.466449863102,1052.5387658664315,1072.551372402523,1080599
2024-05-13,1081.4239501953125,1085.4166754764576,1060.8198607132638,1070.7275429024069,933422
2024-05-14,1070.0869140625,1082.8536969967613,1066.8829133004672,1080.4876415962833,1194960
2024-05-15,1053.7711181640625,1075.4103959839995,1041.053677018337,1070.6290655699943,1920081
2024-05-16,1084.1844482421875,1086.944865967827,1042.8774649726313,1055.8413676448129,2665288
2024-05-17,1079.6988525390625,1085.6139305193917,1073.7345544477723,1077.5300387499697,1069069
2024-05-21,1078.4664306640625,1082.0647934570347,1073.537199534664,1073.5865399829809,906092
2024-05-22,1104.4927978515625,1106.119468196834,1078.4664333548903,1084.4308511733666,2032291
2024-05-23,1102.1268310546875,1115.1892946257685,1088.374323205557,1111.4923709735758,2087340
2024-05-24,1090.1702880859375,1102.8264876516973,1087.9368411037447,1102.8264876516973,1424791
2024-05-27,1079.896484375,1101.8338732935094,1078.6556804636334,1090.9147988734837,1881215
2024-05-28,1087.490234375,1089.872480959785,1072.0545851659758,1080.9883733756922,981637
2024-05-29,1063.4185791015625,1081.980956211707,1060.1428084716542,1077.0177408162403,1526469
2024-05-30,1059.3486328125,1066.545295049466,1044.2605066604503,1063.120724936637,2743237
2024-05-31,1052.4498291015625,1062.9222620996038,1040.587792724659,1061.8302577701388,4787041
2024-06-03,1061.284423828125,1074.9332668290256,1055.5270452206605,1068.4810865013271,1323788
2024-06-04,1079.0030517578125,1084.5618288939631,1021.3305117722734,1061.2843966234711,3223165
2024-06-05,1133.9954833984375,1151.465977442424,1085.1078115113346,1100.8411801583175,6089603
2024-06-06,1131.513916015625,1139.5543010481513,1111.3632122233103,1139.5543010481513,2655137
2024-06-07,1127.295166015625,1140.5469272280802,1123.274912972943,1140.5469272280802,1877248
2024-06-10,1124.71435546875,1135.0377471614527,1117.3687720164362,1130.620533668263,1392359
2024-06-11,1127.2454833984375,1136.377872648305,1118.4109355483363,1124.7143161894405,805013
2024-06-12,1116.3760986328125,1133.5984323682292,1115.2345348211081,1133.5984323682292,773116
2024-06-13,1106.4000244140625,1124.664682503828,1095.9277119449418,1121.6867530708964,1605436
2024-06-14,1104.2657470703125,1116.67378558372,1101.933060064242,1106.3999539290687,1107470
2024-06-18,1118.6094970703125,1119.9992215993495,1104.2657320406888,1104.2657320406888,1161864
2024-06-19,1097.4661865234375,1122.5801054085603,1094.8853386993042,1121.3888609858618,1201455
2024-06-20,1095.133544921875,1100.1960007047373,1088.0361222317774,1099.8982804658974,1223872
2024-06-21,1076.9185791015625,1096.8706822086433,1073.8414095669223,1095.183237320303,1634958
2024-06-24,1093.843017578125,1095.877984405751,1069.2255413564205,1072.2034706618708,912255
2024-06-25,1086.547119140625,1100.0470411421518,1081.9809850893776,1099.9974816902247,932314
2024-06-26,1078.90380859375,1091.7089288059676,1075.1317163484523,1086.993874085472,1003738
2024-06-27,1077.6134033203125,1088.3835575023754,1069.9204187370872,1082.0802975944434,2272855
2024-06-28,1089.3760986328125,1095.8779592694802,1077.0177407675599,1077.6133023805387,1129490
2024-07-01,1086.49755859375,1089.376126659247,1079.9956977898087,1082.080224074989,767705
2024-07-02,1096.87060546875,1101.8338208781108,1072.0545284219456,1087.9368177319004,2026189
2024-07-03,1137.9163818359375,1140.149828788141,1103.8687965568104,1105.8044021131523,4406793
2024-07-04,1126.848388671875,1146.3042901973788,1124.9624637363793,1139.1076277861116,2113837
2024-07-05,1129.0323486328125,1142.4825906785313,1124.3668531013639,1127.047062322986,1281630
2024-07-08,1142.333740234375,1155.436580826391,1127.6425737274744,1129.6278599488255,1958676
2024-07-09,1133.796875,1159.9034364151723,1131.613108697729,1152.8556947972068,1545936
2024-07-10,1142.333740234375,1148.239918273993,1121.6867150634207,1133.7969125447612,1015150
2024-07-11,1123.076416015625,1144.9145639908643,1117.2197975514512,1142.0855554194316,1883264
2024-07-12,1143.7730712890625,1145.5101968041467,1121.736441795183,1126.6499769260888,1092749
2024-07-15,1140.3485107421875,1148.4881361857492,1131.414722301676,1144.0212419654933,1201063
2024-07-16,1167.596435546875,1170.3262040465595,1134.3428920052638,1140.3484311734705,2152821
2024-07-18,1170.07666015625,1171.2532427973708,1147.1340256879496,1152.0362917962739,2591377
2024-07-19,1164.7821044921875,1176.6457163572345,1159.8798386151389,1176.547566831555,1402279
2024-07-22,1181.2537841796875,1187.2346043303294,1159.1445734031915,1161.8407772439455,1719663
2024-07-23,1232.335693359375,1237.9242791425263,1176.7927530224163,1191.2545410286025,5204189
2024-07-24,1207.18701171875,1233.1200566867722,1193.607599938286,1232.4337370001156,3367339
2024-07-25,1199.6864013671875,1210.863572630555,1185.2247349252157,1207.9222372817228,2529080
2024-07-26,1204.7213134765625,1209.9822491635898,1196.532007963237,1207.1036811330714,802492
2024-07-29,1192.5615234375,1213.0099484152856,1176.2821512865087,1206.0614462557874,1944124
2024-07-30,1186.1092529296875,1202.4878639209599,1180.4511146111693,1197.1275669984568,1331004
2024-07-31,1180.2030029296875,1184.2232560818522,1158.4145346584423,1184.2232560818522,2994289
2024-08-01,1199.4603271484375,1207.0540714872293,1179.2600632621943,1180.20302578664,1675363
2024-08-02,1184.8685302734375,1211.0246532631527,1181.24535851078,1191.1717900949043,1262150
2024-08-05,1190.576171875,1204.6716555859346,1142.5322210557545,1167.3482988371568,3718458
2024-08-06,1176.877685546875,1203.1827288238699,1174.1479169049228,1191.1717710337316,1304014
2024-08-07,1190.774658203125,1198.8647238362641,1173.8501657717995,1173.8501657717995,759323
2024-08-08,1169.6314697265625,1186.2085618288231,1165.363055721371,1183.2306323849014,1298997
2024-08-09,1177.4237060546875,1180.1534747390913,1171.3189263987504,1180.1534747390913,489864
2024-08-12,1162.1866455078125,1175.636887452456,1157.471590557407,1167.3483414056686,787584
2024-08-13,1170.1278076171875,1174.048699637455,1159.0101315014958,1164.0725873923034,785371
2024-08-14,1158.9605712890625,1178.3666723865147,1150.1755823749288,1178.2674323048502,991108
2024-08-16,1179.0118408203125,1181.8905300418219,1159.4071396153442,1159.4071396153442,831846
2024-08-19,1168.738037109375,1191.1717474519353,1162.9310990749982,1189.186461206182,682374
2024-08-20,1162.5836181640625,1174.2471752703957,1158.1664045799298,1174.2471752703957,673329
2024-08-21,1168.886962890625,1172.3115332105253,1158.4642100551378,1163.3280644405597,802420
2024-08-22,1196.9290771484375,1200.9492089285434,1172.311480237629,1175.3390901076514,2041300
2024-08-23,1187.995361328125,1206.0614180514324,1186.109315123058,1203.0834886241448,852159
2024-08-26,1211.0743408203125,1212.8610258123229,1185.2656185539,1196.1350127318115,1045317
2024-08-27,1200.7010498046875,1211.5705642745136,1199.1128451052236,1211.02456210958,483025
2024-08-28,1192.3133544921875,1206.408838879013,1187.7967796504965,1201.0982222135951,779730
2024-08-29,1189.633056640625,1200.0062495812779,1176.5302163887231,1192.313265673231,1062444
2024-08-30,1191.3206787109375,1198.6165814942774,1186.2085423483738,1186.2085423483738,2550399
2024-09-02,1190.8739013671875,1217.9731069841478,1188.3922935697462,1191.1717427717826,1852516
2024-09-03,1190.1790771484375,1209.3866969029962,1187.4989892467795,1200.1055081505096,1884428
2024-09-04,1186.1588134765625,1190.129385841751,1166.3556322740865,1187.2508178147912,1633635
2024-09-05,1179.9052734375,1197.9713298232607,1176.9273440658521,1190.6754270971749,1062421
2024-09-06,1165.214111328125,1182.9824475501132,1160.15165561082,1179.2600358208806,989655
2024-09-09,1183.2802734375,1187.1514846473217,1161.293204210763,1165.2140960452257,1969830
2024-09-10,1195.291259765625,1204.0264466833094,1187.4493547350132,1191.1717665053425,1815998
2024-09-11,1195.5394287109375,1210.0319944012256,1192.4125785680658,1200.9989660113533,1837013
2024-09-12,1213.75439453125,1216.9308040975134,1190.5265209146423,1201.098194547383,2635403
2024-09-13,1201.39599609375,1217.9730874458307,1199.1625491118812,1216.980444342778,1569211
2024-09-16,1209.53564453125,1214.7470209233625,1198.120248624718,1211.0246092147106,984584
2024-09-17,1211.272705078125,1225.2193886679818,1203.232320452806,1214.00247351817,1450593
2024-09-18,1192.0155029296875,1214.3996544402296,1185.2159215838635,1211.272804282001,930896
2024-09-19,1206.3095703125,1216.5834025295887,1195.1920156647604,1198.1202644453301,2737652
2024-09-20,1207.897705078125,1221.8939482417168,1204.4234543055616,1211.0245550078823,3533125
2024-09-23,1202.6368408203125,1224.5742299084363,1201.3463562736108,1213.009913130636,2818001
2024-09-24,1202.736083984375,1218.866534998229,1201.1478791959241,1207.0540574059396,3393528
2024-09-25,1180.8482666015625,1207.054069987049,1173.3538835249822,1204.969543607214,2448744
2024-09-26,1204.522705078125,1208.0466365047841,1182.3868369482332,1186.208488597549,2323705
2024-09-27,1192.7103271484375,1206.7561296266551,1190.1790388554498,1205.019004257183,2177204
2024-09-30,1188.1441650390625,1204.7213782792683,1186.1588787472242,1186.1588787472242,1223096
2024-10-01,1187.4493408203125,1196.581609120937,1182.8335260447413,1188.1441425403955,892381
2024-10-03,1144.2694091796875,1181.2453670993955,1141.6885611835025,1177.2747944368764,1912206
2024-10-04,1122.0838623046875,1146.25469923178,1116.9220451233002,1141.5396441797332,1773781
2024-10-07,1103.2236328125,1134.2437315780785,1098.8062980449251,1122.0838528619718,1542124
2024-10-08,1110.8173828125,1116.127999513429,1097.3173388240025,1103.2236383620354,1738272
2024-10-09,1109.5765380859375,1123.6720220490995,1101.8338732106893,1118.7088064040063,1322027
2024-10-10,1105.953369140625,1120.6940954082213,1103.2236005291345,1109.5765408048726,1176370
2024-10-11,1104.9110107421875,1114.0929594202344,1093.5452957123173,1109.774986168252,569469
2024-10-14,1105.3577880859375,1129.627863754826,1097.4662026261249,1111.760287702465,513799
2024-10-15,1107.0452880859375,1110.7676999490375,1097.9625789055212,1107.7897704585575,768815
2024-10-16,1105.7547607421875,1111.7603001179773,1093.9919639441405,1106.9955646485691,738403
2024-10-17,1082.1298828125,1108.7823253971303,1079.6482751012263,1104.811753059092,975432
2024-10-18,1085.20703125,1090.0710065049163,1064.1630467323914,1082.1298619817057,953926
2024-10-21,1009.5676879882812,1051.6557205461693,979.0935316370069,1039.2973619885609,11484692
2024-10-22,990.906005859375,1016.3176457872075,987.183594116853,1015.7717041821967,2742491
2024-10-23,1007.0860595703125,1009.3195065776528,987.679898801538,992.6431143734051,1936612
2024-10-24,989.1192626953125,1014.5805227231103,987.580677955299,1010.4610900699213,2014701
2024-10-25,965.891357421875,996.1669720058558,963.3601296312593,989.565931735123,2258366
2024-10-28,968.720458984375,976.1156018659043,956.9079814519174,965.891389699982,2364081
2024-10-29,984.7515869140625,987.9776770273145,966.6358501242626,974.7755357580008,1256095
2024-10-30,1015.1761474609375,1019.4445008291698,980.8803392240759,983.9575087116987,2048134
2024-10-31,995.17431640625,1020.3378550551378,989.7643994558963,1017.4591658636099,1381633
2024-11-01,996.7129516601562,1004.5548566929023,992.643139024607,995.1743669118939,212772
2024-11-04,987.2828369140625,993.5861571671003,968.8693188942433,990.6578478043606,1427199
2024-11-05,993.3875732421875,1005.6466911806484,977.8526846347766,977.8526846347766,1163041
2024-11-06,999.6412353515625,1003.2147869119055,990.5585872145449,994.6283997455197,683591
2024-11-07,977.6045532226562,1002.5695519436244,976.3141292829247,1000.0879441417837,1144864
2024-11-08,985.64501953125,989.9629929625931,968.2241445140621,981.7240670048541,973252
2024-11-11,968.7700805664062,990.6082295554753,966.0899319823402,985.8931746601081,1108758
2024-11-12,960.4318237304688,979.0935019795672,958.4465375212854,968.7700500434898,968082
2024-11-13,945.74072265625,962.8141962583219,943.0109541048937,957.9006007486552,948691
2024-11-14,918.1948852539062,948.222339609507,915.216955896326,943.0109632337416,1950720
2024-11-18,923.902587890625,935.5661446004985,909.2611018080177,922.959564805367,2193819
2024-11-19,910.4026489257812,933.5808412170269,908.3180620514513,928.1213041338864,1844903
2024-11-21,904.9927368164062,915.2169487470053,893.8751218510611,910.4026538909758,1550618
2024-11-22,938.2462768554688,941.5219869913498,906.1342359922794,909.509246790537,1427895
2024-11-25,948.6690673828125,955.6671894495589,939.6359783965038,943.010989329609,2468847
2024-11-26,956.4612426757812,960.3325749831836,944.9466070009393,952.9373718035247,638057
2024-11-27,952.9869995117188,957.9998350677669,945.6910969345736,956.9079518882372,786040
2024-11-28,934.1267700195312,965.5439481295764,931.3970015153326,952.9373687384158,1834887
2024-11-29,951.5973510742188,957.3050490133296,934.5734973344195,934.8712781531475,1482253
2024-12-02,949.95947265625,955.7664107154653,940.3308222059359,951.5973580504534,916920
2024-12-03,947.9741821289062,952.6892369614847,941.6709225345423,951.0017315357572,1346981
2024-12-04,954.1286010742188,956.7590690512303,942.6635848909315,948.9668446139048,1236061
2024-12-05,959.3399658203125,963.8068599086398,939.288562462151,957.9006211635148,2043341
2024-12-06,967.2811279296875,969.2167941860014,957.0072349936195,962.8638538027479,1893714
2024-12-09,927.0790405273438,966.8343847866109,924.6470528015689,966.8343847866109,3679131
2024-12-10,919.9320068359375,931.6948035143604,918.3934221248968,931.5955634373104,1990270
2024-12-11,928.1709594726562,936.0128645429564,922.5625620619867,924.5478483495432,1356603
2024-12-12,914.4724731445312,931.5459469041839,909.2610967711161,930.1066022647769,1913140
2024-12-13,922.8602905273438,924.1507144238145,900.7243617942456,912.4871581461778,1278151
2024-12-16,913.5790405273438,927.7738851347718,910.2537104216495,922.8602897388256,848667
2024-12-17,898.2427978515625,915.2169712398899,893.3788222515194,913.5790858313105,1597108
2024-12-18,902.6599731445312,910.1544769718876,897.7960583364148,898.3419999207989,1154541
2024-12-19,900.4265747070312,911.2464092473613,894.4707158230615,901.3199777740786,2589001
2024-12-20,882.9064331054688,909.757417320507,876.4046328021277,900.3273077028913,2441036
2024-12-23,896.1085815429688,899.334671700836,883.4523816928742,888.365977281313,1054695
2024-12-24,900.6250610351562,906.2335187131324,890.2023086179845,898.2923740143349,1038280
2024-12-26,894.3218383789062,904.645290559469,891.9890906761942,901.3199603147855,595956
2024-12-27,901.2703247070312,904.6949555570446,892.3861567467761,895.3640860796352,870974
2024-12-30,896.85302734375,905.2904935666851,892.0883526527294,901.270301189453,1830048
2024-12-31,907.9706420898438,910.4026297656487,886.529515099261,892.3861335360053,1120133
2025-01-01,913.5294189453125,915.7132458493871,904.2978503726739,906.283136542537,641424
2025-01-02,922.8106689453125,924.3988736481368,906.3327573694124,914.224282018721,1705632
2025-01-03,932.53857421875,934.9705619356866,919.1875123806609,925.83823328077,1832664
2025-01-06,939.9337768554688,947.9741617415484,922.2646811834264,928.1212997155475,2692614
2025-01-07,947.9741821289062,964.8491152139235,942.7628057350039,944.9962527609621,2413582
2025-01-08,954.5255737304688,956.7590206891014,938.4944241346263,947.9741535529304,1235226
2025-01-09,962.9630737304688,975.5696535666456,947.4778651762872,950.4061745195685,2130681
2025-01-10,965.6431884765625,972.7902308613404,951.9447259143118,958.0991252063741,1443387
2025-01-13,958.3472900390625,961.9207809535255,938.0477265898143,938.2462673264237,1876479
2025-01-14,956.0642700195312,969.8123533530837,951.5476952376731,958.5954979238512,1558290
2025-01-15,948.5201416015625,956.0642658275143,937.6506870865336,956.0642658275143,3190709
2025-01-16,930.8014526367188,952.9373817838473,919.2371362170785,952.9373817838473,2019985
2025-01-17,947.42822265625,952.2921375137951,928.4687030196501,935.0698038951869,677451
2025-01-20,953.2351684570312,961.4740941704486,937.5017993642907,952.937387640619,702848
2025-01-21,964.9483642578125,970.8049829703057,950.8528802541405,953.9796697678585,2281022
2025-01-22,960.282958984375,974.47774319434,951.1010103111925,969.7130684325084,1759236
2025-01-23,976.6615600585938,986.1909094839784,954.0789297709636,960.2332684573729,1235360
2025-01-24,985.0493774414062,996.6136940419821,979.143199337052,981.4758864382568,2201712
2025-01-27,958.6947021484375,991.0549038397915,952.9373842359043,981.7736544229008,1806238
2025-01-28,954.17822265625,972.0457992573554,950.952132436606,963.8068732751826,1647098
2025-01-29,953.4337158203125,959.5384952367468,931.099245642325,954.1781981595788,1479070
2025-01-30,959.588134765625,967.8270607036197,945.9889116415893,958.8436524112376,1706978
2025-01-31,1017.11181640625,1023.6135562620375,960.779318279329,962.8638446363582,5028986
2025-02-01,1061.979248046875,1067.0913844954212,1007.2846348062592,1018.4518702253973,3077657
2025-02-03,1028.6761474609375,1066.5453867930767,1026.0456188722167,1059.497644644393,1298543
2025-02-04,1026.5914306640625,1036.1209012236743,1011.5529242688183,1032.3488090294736,2251233
2025-02-05,1007.83056640625,1027.6338091366379,1003.1155114983543,1027.4848884314106,1628436
2025-02-06,1015.8212890625,1018.7496589019499,1002.7184486512333,1012.893040395303,1172479
2025-02-07,1013.6871337890625,1024.3084269500487,1005.1007468416651,1024.3084269500487,941811
2025-02-10,1019.9407958984375,1029.2219847458848,1008.3268593899597,1012.4959725707116,1418998
2025-02-11,1006.341552734375,1027.8322392856753,1001.676118093178,1022.3231428383793,1204012
2025-02-12,1022.1742553710938,1031.3562042540098,1002.6191737410636,1011.5033418044618,1082392
2025-02-13,1015.275390625,1029.370935318428,1009.3691518297177,1022.1742725594515,1169309
2025-02-14,1015.0272216796875,1030.2146494696474,1010.510707550005,1020.3378987832237,2032391
2025-02-17,1015.7220458984375,1019.8910984241843,997.6559294710714,1014.4812420309827,925113
2025-02-18,1019.394775390625,1020.3874184831412,1011.0566097651646,1011.6025513488232,789814
2025-02-19,1017.7570190429688,1025.2514017456774,1013.78638605628,1016.4665345438847,782204
2025-02-20,1001.4776611328125,1022.6705673649885,996.2662847885599,1012.4959754547812,878748
2025-02-21,996.6137084960938,1006.1927389924848,984.1560492571183,1000.5842810399029,1330146
2025-02-24,995.0255126953125,1003.6614595871526,982.7167134639387,982.7167134639387,1002365
2025-02-25,997.4573974609375,1002.5695336740231,985.8435216288626,986.6872440316623,1663313
2025-02-27,1000.5842895507812,1002.7184965456836,990.906018892924,997.6063601175944,1362115
2025-02-28,956.6101684570312,994.132065553923,950.3068484146238,987.6798853980563,5082193
2025-03-03,946.88232421875,962.8638546857837,941.4227868983667,956.610214963298,1323481
2025-03-04,947.5274658203125,950.803175956708,936.2113707503892,938.1469763404452,1916433
2025-03-05,949.7609252929688,958.843634077277,941.0256779524083,941.5219995125098,2773457
2025-03-06,951.1010131835938,957.9005942033325,936.1120659796168,956.9079511005311,2421530
2025-03-07,954.9722900390625,960.2829670191221,943.1598734042415,949.9594544603374,945675
2025-03-10,950.2572631835938,962.1689808307366,945.9889098105933,952.9374117714267,1660207
2025-03-11,952.7884521484375,955.3197405139646,923.2573200211355,948.9668004605314,2748541
2025-03-12,938.4944458007812,954.6745164685174,936.4098589062569,944.6488452349861,1619168
2025-03-13,939.1396484375,947.9741965983657,933.2334702364972,943.010980909369,907521
2025-03-17,933.53125,949.4631602263529,927.724251298794,939.139647370517,993027
2025-03-18,933.53125,933.53125,933.53125,933.53125,0
2025-03-19,942.862060546875,952.7884919284755,938.2959263457905,940.5293734066505,1650477
2025-03-20,958.7443237304688,960.5807498359735,943.259115446151,946.0881240757059,2403031
2025-03-21,954.1286010742188,964.9980556062169,949.5624062651939,960.8785623287235,3155551
2025-03-24,963.310546875,968.968624887552,949.463162961318,958.1487904322134,1475967
2025-03-25,963.5587158203125,972.691044898565,951.944778872216,971.7976418309692,1569597
2025-03-26,952.5899658203125,969.1174369217756,949.9098173593351,967.8270130216387,1399118
2025-03-27,966.3876953125,973.1873370217788,945.4925697979698,955.9153225359003,2585170
2025-03-28,994.5291748046875,1007.5327755552347,967.8270504102009,968.3233719745137,2313101
2025-04-01,984.9501342773438,1007.0860637014482,981.9722049220078,995.6210478006307,1045548
2025-04-02,1054.8818359375,1065.2550296458878,1007.5328057518587,1010.5107352269874,8717812
2025-04-03,1063.1207275390625,1067.3394605848525,1040.3891770108269,1042.1759830050025,1595000
2025-04-04,1079.8468017578125,1087.490226541086,1055.0804042015213,1057.6115714726861,4089261
2025-04-07,1039.644775390625,1069.771470656456,1011.5033664180582,1011.5033664180582,3200820
2025-04-08,1061.8800048828125,1065.602416678382,1037.063926245682,1048.2311616323907,1444712
2025-04-09,1081.7327880859375,1084.9091974485355,1052.2513373062463,1054.1869428284153,2274161
2025-04-11,1089.8228759765625,1117.71612265381,1085.7033829063987,1116.7234795608672,1888677
2025-04-15,1095.282470703125,1102.826534372572,1086.0508409833978,1100.146446349301,1023355
2025-04-16,1097.7640380859375,1100.741967411875,1078.804578945252,1086.0508009350142,679360
2025-04-17,1111.958740234375,1125.4587831874994,1086.4478613066733,1095.877970655612,1541674
2025-04-21,1112.7529296875,1121.1903961481098,1094.2897920199105,1111.9587667281876,692767
2025-04-22,1128.33740234375,1140.5469613651258,1109.9735043583237,1113.4477553285394,1231830
2025-04-23,1141.6387939453125,1148.090974032408,1124.2675398646709,1134.591052238474,1760325
2025-04-24,1152.7564697265625,1160.3005329816137,1090.219955010957,1142.5321974232054,5766752
2025-04-25,1147.1976318359375,1156.429261534256,1122.381553262241,1151.6645259792028,1451946
2025-04-28,1146.7012939453125,1153.9476372546098,1136.5763825002393,1137.6682657074914,663435
2025-04-29,1160.300537109375,1165.462232730601,1141.440318318526,1146.7012540147268,1439143
2025-04-30,1157.223388671875,1171.8151939523157,1143.9219467339417,1166.0578154326527,1477319
2025-05-02,1146.2049560546875,1167.5467830203559,1142.5322249992653,1148.4880836873588,825657
2025-05-05,1152.9549560546875,1164.965913282365,1144.5174897383165,1146.9990974784257,1359727
2025-05-06,1146.8006591796875,1164.8667157180867,1144.1204500192057,1152.9549981308544,1382140
2025-05-07,1137.5689697265625,1153.7491004001251,1128.0396203926225,1131.6131112463186,1792683
2025-05-08,1107.7896728515625,1131.6131066763273,1099.3522067052918,1127.6425343721999,2692162
2025-05-09,1105.506591796875,1110.3705673084226,1078.4075073849767,1089.9221433167131,815694
2025-05-12,1137.171875,1146.5027440780286,1114.7381658871222,1114.7381658871222,748637
2025-05-13,1110.37060546875,1141.8374660869918,1107.988237669764,1136.8742503275462,1096797
2025-05-14,1112.1573486328125,1120.594814946081,1107.5912146271412,1110.3705425916896,1386813
2025-05-15,1138.7601318359375,1150.671849203143,1097.3669624538006,1112.1573690858652,2064096
2025-05-16,1159.4071044921875,1164.8666413712176,1135.5836708382385,1146.403504523857,1336653
2025-05-19,1140.8447265625,1161.0945482126317,1134.5910267649745,1159.4071034658707,786128
2025-05-20,1120.19775390625,1146.7012765754046,1118.5103090817177,1140.5469377388404,825451
2025-05-21,1130.4219970703125,1145.013801994844,1115.5323507504836,1120.1977247951293,619421
2025-05-22,1118.4110107421875,1130.4220900324017,1107.2934557113458,1130.4220900324017,1414277
2025-05-23,1132.4073486328125,1143.5249033913246,1115.7308953227855,1118.2125031860478,897235
2025-05-26,1137.8668212890625,1144.9145629858892,1128.6351920932773,1128.6351920932773,616370
2025-05-27,1130.02490234375,1141.3410576485146,1118.9072271853538,1138.1645271008654,901912
2025-05-28,1113.1500244140625,1130.422039020482,1110.7676566800294,1130.0249575361006,492483
2025-05-29,1109.800048828125,1118.0999755859375,1098.199951171875,1115.699951171875,2556089
2025-05-30,1106.300048828125,1119.800048828125,1101.5999755859375,1109.800048828125,2475644
2025-06-02,1120.4000244140625,1125.0,1099.199951171875,1100.0,907133
2025-06-03,1114.5999755859375,1123.199951171875,1110.0999755859375,1116.0999755859375,795876
2025-06-04,1124.4000244140625,1125.9000244140625,1110.0,1110.0,635699
2025-06-05,1111.9000244140625,1127.0999755859375,1108.199951171875,1124.5,1044950
2025-06-06,1115.5999755859375,1123.9000244140625,1109.4000244140625,1111.9000244140625,503186
2025-06-09,1121.199951171875,1122.5,1110.199951171875,1115.5999755859375,467790
2025-06-10,1115.0999755859375,1128.5999755859375,1112.699951171875,1121.199951171875,460271
2025-06-11,1104.300048828125,1119.0,1102.0,1115.199951171875,862130
2025-06-12,1085.0999755859375,1108.9000244140625,1080.0,1108.9000244140625,941294
2025-06-13,1078.4000244140625,1080.5999755859375,1066.5999755859375,1066.5999755859375,614108
2025-06-16,1083.4000244140625,1085.0,1073.5999755859375,1074.0,439929
2025-06-17,1071.5999755859375,1094.0,1065.5,1083.4000244140625,664517
2025-06-18,1065.199951171875,1075.800048828125,1059.0,1066.4000244140625,545933
2025-06-19,1088.300048828125,1091.5999755859375,1061.5999755859375,1065.199951171875,2816398
2025-06-20,1100.199951171875,1103.0,1082.699951171875,1088.300048828125,2084108
2025-06-23,1109.4000244140625,1112.0,1090.0,1090.0,758904
2025-06-24,1107.699951171875,1116.9000244140625,1104.4000244140625,1112.0,1134930
2025-06-25,1126.5,1133.9000244140625,1106.5999755859375,1107.699951171875,1564437
2025-06-26,1145.4000244140625,1150.0,1119.0999755859375,1122.0,2236678
2025-06-27,1124.300048828125,1147.199951171875,1120.0,1144.0,622376
2025-06-30,1098.9000244140625,1126.699951171875,1090.5999755859375,1124.0,1836286
2025-07-01,1095.5999755859375,1100.699951171875,1085.9000244140625,1098.9000244140625,971874
2025-07-02,1095.800048828125,1098.300048828125,1084.0,1094.0,1230645
2025-07-03,1089.4000244140625,1105.800048828125,1086.699951171875,1096.0,730322
2025-07-04,1089.699951171875,1095.0,1082.0,1091.0,573351
2025-07-07,1101.9000244140625,1108.199951171875,1085.0,1085.0,1152136
2025-07-08,1099.9000244140625,1108.5999755859375,1093.5,1108.0,605639
2025-07-09,1097.9000244140625,1107.4000244140625,1091.5999755859375,1100.0,752158
2025-07-10,1088.9000244140625,1103.699951171875,1080.0999755859375,1097.9000244140625,533377
2025-07-11,1076.800048828125,1101.800048828125,1074.0,1083.9000244140625,983485
2025-07-14,1071.800048828125,1083.5,1070.0,1076.800048828125,770739
2025-07-15,1081.800048828125,1085.0,1067.5,1071.800048828125,538506
2025-07-16,1081.5,1089.9000244140625,1068.199951171875,1081.800048828125,1753658
2025-07-17,1105.800048828125,1109.699951171875,1080.0,1081.5,1193262
2025-07-18,1095.9000244140625,1108.300048828125,1093.5,1106.0,844437
2025-07-21,1090.300048828125,1095.800048828125,1077.0,1095.800048828125,805610
2025-07-22,1084.800048828125,1090.300048828125,1075.300048828125,1089.9000244140625,961735
2025-07-23,1062.5999755859375,1087.0,1051.0,1085.0,1508414
2025-07-24,1072.800048828125,1104.5,1065.5,1084.0,6264546
2025-07-25,1054.4000244140625,1079.800048828125,1050.0,1078.0,1180451
2025-07-28,1059.9000244140625,1071.0,1044.4000244140625,1048.0,1219854
2025-07-29,1061.5999755859375,1076.199951171875,1054.0,1059.9000244140625,944513
2025-07-30,1073.0999755859375,1083.0,1056.0,1056.0,1175543
2025-07-31,1073.199951171875,1079.699951171875,1054.5,1068.699951171875,1114320
2025-08-01,1070.4000244140625,1089.9000244140625,1067.0,1067.0999755859375,1040166
2025-08-04,1072.5999755859375,1075.5999755859375,1060.0,1070.4000244140625,663828
2025-08-05,1064.5999755859375,1073.0,1059.0999755859375,1072.5999755859375,861402
2025-08-06,1052.800048828125,1067.300048828125,1050.5999755859375,1061.0,598309
2025-08-07,1052.800048828125,1056.5,1038.699951171875,1051.0,600790
2025-08-08,1051.0,1062.0,1043.0,1052.0,843741
2025-08-11,1059.0999755859375,1062.9000244140625,1037.699951171875,1048.0,617689
2025-08-12,1046.800048828125,1062.9000244140625,1045.0,1055.800048828125,651741
2025-08-13,1056.0999755859375,1058.699951171875,1043.199951171875,1047.800048828125,501792
2025-08-14,1051.199951171875,1059.4000244140625,1045.4000244140625,1057.199951171875,767620
2025-08-18,1071.300048828125,1090.0,1059.0,1061.0,1099268
2025-08-19,1085.800048828125,1092.9000244140625,1069.0,1076.699951171875,667231
2025-08-20,1105.300048828125,1106.9000244140625,1078.9000244140625,1086.0,871108
2025-08-21,1088.0999755859375,1104.0,1086.5,1104.0,614098
2025-08-22,1084.0999755859375,1091.699951171875,1080.0,1087.199951171875,394813
2025-08-25,1081.5999755859375,1091.300048828125,1079.0999755859375,1085.0,444715
2025-08-26,1079.9000244140625,1091.800048828125,1070.0999755859375,1074.0999755859375,1201357
2025-08-27,1079.9000244140625,1079.9000244140625,1079.9000244140625,1079.9000244140625,0
2025-08-28,1062.4000244140625,1085.199951171875,1060.0,1081.5,641975
2025-08-29,1065.4000244140625,1077.5,1055.199951171875,1065.0,1079893
