Date,Close,High,Low,Open,Volume
2020-09-01,2088.812744140625,2118.2430272631927,2084.1168570828927,2109.8742005531976,3610908
2020-09-02,2106.2939453125,2109.6415665397076,2084.442010628783,2089.4169035877567,2084137
2020-09-03,2138.23583984375,2161.0176524448248,2108.9449379280823,2108.9449379280823,4654146
2020-09-04,2128.28564453125,2161.249477355819,2104.2484239012974,2115.4533982938533,5231303
2020-09-07,2163.853759765625,2179.150073959275,2123.2184912236116,2128.472165262547,4620401
2020-09-08,2183.519775390625,2222.8067664597693,2163.853123923355,2172.128872654601,7453998
2020-09-09,2164.41015625,2193.561649220783,2157.2967470081458,2161.9460934456633,3866535
2020-09-10,2167.66552734375,2183.798856456429,2161.2960565009503,2171.2456162766707,2308813
2020-09-11,2207.60400390625,2215.879754397071,2166.736044193801,2167.479985444649,4145424
2020-09-14,2316.677978515625,2330.0217035428714,2214.8109037712343,2216.9031112272737,7512131
2020-09-15,2316.677978515625,2360.0100104127737,2291.7576446544717,2316.677978515625,7318770
2020-09-16,2327.46337890625,2331.7408694513215,2303.56577795051,2314.39866691292,3074003
2020-09-17,2288.362548828125,2320.7220563417786,2278.73853467061,2306.0766101282625,4828176
2020-09-18,2278.08740234375,2325.045816321521,2265.5341629635536,2310.725915539837,4183256
2020-09-21,2292.407470703125,2329.2301690522045,2280.1795497829307,2292.128464431456,4598809
2020-09-22,2346.01416015625,2375.8165224066606,2285.6191828084434,2310.725658779081,7499613
2020-09-23,2294.40673828125,2343.132042364348,2240.055904637282,2333.9727358404225,7502280
2020-09-24,2168.68798828125,2278.1801141768947,2141.1174503600996,2278.1801141768947,8424708
2020-09-25,2252.423583984375,2268.8822334709203,2187.1467716874927,2201.931610188172,8228267
2020-09-28,2256.142578125,2272.601224073958,2200.071397773725,2268.881745802151,4347166
2020-09-29,2313.88720703125,2334.948887727434,2256.142446443139,2264.092876188879,6995811
2020-09-30,2317.513916015625,2329.3232138517255,2287.479084261575,2314.4453011085607,3917166
2020-10-01,2346.47998046875,2361.8693715810805,2317.514626030386,2333.9732766411466,2610337
2020-10-05,2516.041015625,2536.7771515143845,2420.4969215714004,2436.258164675727,17412105
2020-10-06,2523.945068359375,2544.1231930171625,2464.247486207717,2544.1231930171625,9846367
2020-10-07,2544.076904296875,2575.739012288547,2513.4377437602684,2549.7026612618038,9656101
2020-10-08,2627.5322265625,2682.673533858064,2603.6346255814833,2603.6346255814833,19839329
2020-10-09,2615.677001953125,2631.391936543555,2585.0378398664175,2612.933931663537,7739245
2020-10-12,2631.530029296875,2653.846891736142,2604.331353199019,2618.046924906485,4623203
2020-10-13,2628.32275390625,2654.6844187548586,2614.9790354016595,2645.478801255775,4209878
2020-10-14,2623.700927734375,2653.957067712699,2603.109835921985,2653.957067712699,4395936
2020-10-15,2559.265625,2640.64916923953,2546.5653910410033,2625.007449290891,6629355
2020-10-16,2580.464599609375,2588.2619799257586,2550.5818993132134,2568.1380313345903,5273773
2020-10-19,2532.13818359375,2590.4560840854674,2527.5157498774165,2590.4560840854674,3331194
2020-10-20,2557.771484375,2577.2885249887518,2538.1142318604766,2544.6978075654893,3406273
2020-10-21,2498.380126953125,2567.1104207552207,2486.847410454485,2557.772078009658,4570143
2020-10-22,2494.4111328125,2508.88556291643,2463.5480948836125,2484.9328068746727,5262294
2020-10-23,2509.025390625,2523.219622697881,2493.430407466239,2509.959224682253,3499091
2020-10-26,2510.333251953125,2530.6441474302933,2493.8044308863236,2511.9674619340467,2672752
2020-10-27,2456.123779296875,2538.3011838567904,2450.4742651228617,2521.118726825367,3537502
2020-10-28,2448.700439453125,2480.217349441095,2433.5723682562807,2474.661080536893,3569445
2020-10-29,2458.458740234375,2479.330027707572,2428.2026005825287,2435.4398162942925,3105968
2020-10-30,2488.528076171875,2497.399500776368,2448.1397483672104,2461.680343816173,3427003
2020-11-02,2432.264404296875,2488.5279091975904,2428.015413516133,2483.9987225876093,2571196
2020-11-03,2459.345703125,2488.668004174567,2428.9493560132273,2431.704121152185,2879269
2020-11-04,2477.601318359375,2541.7558896210417,2437.3064768053746,2437.3064768053746,4893928
2020-11-05,2507.9990234375,2530.691245144481,2490.5363656089785,2507.3453849494213,2816502
2020-11-06,2528.309326171875,2533.725610058509,2503.889653355552,2520.4184728823057,3884421
2020-11-09,2546.1923828125,2562.441006454603,2516.77660595269,2550.3946366496157,3646592
2020-11-10,2474.28662109375,2533.6315885288327,2463.7809887487306,2518.736982045923,4760020
2020-11-11,2509.959716796875,2514.6288879986005,2468.4973397334284,2491.423015931275,3242441
2020-11-12,2494.317626953125,2533.49192198505,2485.6329241959847,2508.278401198616,2437505
2020-11-13,2481.0576171875,2488.5748005071055,2461.587081889036,2480.0303083182125,2548093
2020-11-14,2493.664306640625,2511.0802236912623,2484.045768553842,2500.761309937775,298819
2020-11-17,2489.648681640625,2516.6831357763604,2474.707334637871,2516.6831357763604,2827273
2020-11-18,2452.856201171875,2487.9217308567363,2434.5531824882796,2484.933506172367,2893762
2020-11-19,2462.427490234375,2499.080485255458,2456.7779753021596,2462.520964855933,4167501
2020-11-20,2484.232666015625,2498.9405560596983,2453.6963303786406,2479.330036000934,2711471
2020-11-23,2543.997802734375,2549.367349349305,2488.66812674575,2512.013981593271,3706418
2020-11-24,2541.943359375,2561.507139726322,2526.0214411081665,2553.476074633785,3120516
2020-11-25,2522.566162109375,2552.121920908197,2510.332843903084,2548.43332171964,3302249
2020-11-26,2540.58935546875,2550.25440241744,2502.6755966530677,2508.2786017202016,2341099
2020-11-27,2502.34912109375,2537.881563656248,2492.4506137904837,2526.021913026112,6086808
2020-12-01,2546.379150390625,2554.8769048459817,2450.801128516845,2501.741829888925,3605017
2020-12-02,2567.623779296875,2572.4329340618538,2523.6400988394357,2539.095099899602,2509032
2020-12-03,2530.1767578125,2590.3623199878407,2522.0991840385173,2590.3623199878407,2852548
2020-12-04,2547.0791015625,2557.6314718953995,2520.4180939120815,2531.437381268677,2686527
2020-12-07,2556.55810546875,2562.4413071284125,2527.095587845169,2535.3601125559912,1996400
2020-12-08,2612.21435546875,2619.9184873303448,2551.6551186710476,2558.7056122144845,4277818
2020-12-09,2624.82080078125,2652.0887095212147,2608.3384929599097,2628.742858205007,3659996
2020-12-10,2600.07421875,2640.229083328373,2596.292145209787,2631.544380973359,2127801
2020-12-11,2599.420654296875,2621.925918988736,2581.631069352225,2607.9184076916636,1795408
2020-12-14,2612.58837890625,2618.4715810516436,2573.880989755204,2616.603912306243,2483658
2020-12-15,2578.829833984375,2609.786345959962,2572.713174487586,2601.6620341642156,2365509
2020-12-16,2627.99658203125,2633.2261455857292,2577.80298572145,2595.1256585103984,2565149
2020-12-17,2650.408203125,2664.8826333466886,2619.404953021724,2625.0079582688295,2863460
2020-12-18,2671.69970703125,2706.2515732179527,2657.878914959195,2678.236546580086,6076692
2020-12-21,2633.55224609375,2695.5122321802833,2600.7280674249396,2671.6994617245073,2705195
2020-12-22,2682.438720703125,2692.8508807654166,2632.1516581907595,2646.4861042550588,2881737
2020-12-23,2716.290283203125,2725.862083943248,2675.8552159425985,2685.7539498539613,2790988
2020-12-24,2716.8505859375,2728.0565961930256,2692.4306851302167,2716.523652776969,1807144
2020-12-28,2735.573486328125,2754.5303639128324,2709.986523510391,2717.4571962147616,2108994
2020-12-29,2736.600830078125,2756.678263228331,2726.7955720280243,2726.7955720280243,1994151
2020-12-30,2716.803466796875,2752.66260337998,2709.986432585493,2740.2425648283106,2637968
2020-12-31,2673.33349609375,2712.787985731323,2656.757941275598,2708.1188153600124,4040956
2021-01-01,2734.500244140625,2745.472796985721,2688.5089056196907,2689.44273990438,2681440
2021-01-04,2838.341796875,2848.8941670113236,2746.359144920361,2754.8103884891925,5113293
2021-01-05,2888.34912109375,2908.193097434921,2838.482467035857,2838.482467035857,5801309
2021-01-06,2849.595458984375,2907.493187464477,2836.241582463359,2894.8864240051,3726716
2021-01-07,2832.132568359375,2877.0033498175767,2801.73621782402,2871.540328242267,3717827
2021-01-08,2914.4033203125,2921.0336349113045,2857.5329037175807,2885.5479321854,5879039
2021-01-11,2966.27783203125,3016.284702967295,2938.3562784524047,3016.284702967295,9508039
2021-01-12,2964.783203125,2997.6073796545206,2941.5773351749967,2966.2772008523534,3611458
2021-01-13,2949.935546875,2966.791300047399,2919.3992136522447,2964.9236316180336,3572801
2021-01-14,3041.391845703125,3056.1745510863907,2919.4816380699303,2951.8538829565477,6931542
2021-01-15,3025.158935546875,3063.1914441185395,3003.31231998183,3026.702602847732,4131692
2021-01-18,3014.305419921875,3047.051812316464,2982.1670834463325,3040.7364366403644,4160906
2021-01-19,3050.747314453125,3067.8690446499495,3023.8953193987913,3024.830930574348,2975735
2021-01-20,3095.750244140625,3113.6671064414854,3056.735304550454,3059.448485539383,3453446
2021-01-21,3063.05078125,3096.077673471921,3052.05734978365,3092.1949784074054,2778546
2021-01-22,3090.41748046875,3110.907274608415,3033.157891655182,3033.157891655182,3052459
2021-01-25,3079.37744140625,3124.754588336801,3067.541821700797,3095.8908890755743,2272887
2021-01-27,3051.0751953125,3093.551855847165,3019.2175857011403,3087.5172088050085,2786662
2021-01-28,2990.72802734375,3064.1266803069625,2978.798984542555,3022.0241763027448,3083938
2021-01-29,2911.013671875,3009.720642400161,2900.3943945781925,3003.358441269854,5445659
2021-02-01,2937.2109375,2961.209271985254,2848.093975997126,2900.3945476000904,3985846
2021-02-02,2997.183349609375,3016.4102035075557,2947.174981714889,2969.6296482422404,2881837
2021-02-03,2994.002685546875,3027.637862719585,2959.010689388855,3006.118804980849,2505866
2021-02-04,2983.14990234375,3029.3692391429577,2971.501586958115,3008.9728664450554,2057261
2021-02-05,2954.61376953125,2999.429689527949,2927.5278670685025,2992.9738342643304,2366135
2021-02-08,3007.14794921875,3018.281630759971,2951.993488077575,2984.1318230963816,2526592
2021-02-09,2972.343505859375,3036.8072627452952,2960.274211221109,2989.278162089584,2658751
2021-02-10,3006.399169921875,3012.106260535062,2954.004948729545,2979.9213303137585,2127983
2021-02-11,2999.569580078125,3012.0132550246,2979.968570646036,3007.990081082711,1165882
2021-02-12,2985.34814453125,3036.5260294622976,2977.1147206128585,2979.1730194872825,2777404
2021-02-15,2937.678955078125,3002.3763790132916,2929.9133363351457,3002.3763790132916,2630853
2021-02-16,2908.628173828125,2963.6887564557305,2900.3947495002412,2947.1753099760517,3435770
2021-02-17,2875.22705078125,2931.1298234944466,2849.450914917214,2905.1666110627943,3678426
2021-02-18,2860.490478515625,2898.429323106299,2835.8370364674142,2867.6478115383125,4189909
2021-02-19,2874.057373046875,2888.372041754777,2821.9436461628115,2861.099066482132,3725028
2021-02-22,2767.958984375,2896.652354125675,2753.6440869408184,2896.652354125675,5366696
2021-02-23,2788.308837890625,2833.0311051152303,2776.8944253573327,2778.7656480159294,3832829
2021-02-24,2758.276123046875,2809.9686540838957,2733.061212501261,2780.6371446520525,3774549
2021-02-25,2802.4365234375,2834.8085367974672,2777.3152691046735,2782.5079574127726,4224073
2021-02-26,2707.940185546875,2780.964702749627,2694.5608965223523,2769.40981031464,5553153
2021-03-01,2735.91455078125,2774.087537965905,2714.956948776714,2737.5986968257125,3265871
2021-03-02,2812.77490234375,2830.2239603508524,2758.181895905558,2769.409230624305,3306469
2021-03-03,2862.128173828125,2866.7125771164638,2803.9329772871833,2839.5798536385337,3509857
2021-03-04,2853.333251953125,2883.0389056895524,2821.850028416494,2828.3524801644244,3916760
2021-03-05,2814.365234375,2865.964099193055,2803.6525321292474,2821.8969500011153,3203686
2021-03-08,2813.336669921875,2837.7093927178953,2803.0917707163912,2821.803998825312,2003125
2021-03-09,2854.502685546875,2869.4256371465794,2799.4421084830437,2813.3357964880033,1942397
2021-03-10,2873.21533203125,2894.0326824127824,2862.97043449392,2877.004603290459,3053778
2021-03-12,2861.052490234375,2916.3003824320303,2845.5214799180667,2877.004708366536,2938317
2021-03-15,2868.724365234375,2899.4592864053125,2845.193833481302,2845.193833481302,3097083
2021-03-16,2909.797607421875,2938.7547278719717,2862.970221995617,2862.970221995617,4894756
2021-03-17,2912.510986328125,2951.853484957582,2886.6414267109667,2905.072922596923,3838390
2021-03-18,2840.984375,2943.854815741416,2794.7184311093993,2924.6747796184127,3656306
2021-03-19,2853.80126953125,2899.459142302963,2811.5116884867384,2834.9019687570108,5776626
2021-03-22,2928.1357421875,2937.3047783877873,2824.282890423024,2852.3980549857497,2821646
2021-03-23,2940.251953125,2964.951998315736,2921.7736312673997,2937.8192725501453,3305973
2021-03-24,2920.1357421875,2949.3267612899995,2910.826229494973,2910.873055731649,2207104
2021-03-25,2867.508056640625,2929.258395387374,2853.6141390543257,2911.809109583031,3179786
2021-03-26,2869.332763671875,2917.236016266382,2847.1119954273827,2891.646955993382,3697370
2021-03-30,2955.175048828125,2983.1497346816645,2863.8124704475476,2884.489571066753,4694008
2021-03-31,2973.232666015625,2998.6344231932553,2930.3347935854213,2951.8538549687114,3530069
2021-04-01,2961.209716796875,3007.990281043271,2942.4974910983165,2985.6292627017833,4285076
2021-04-05,3030.350830078125,3052.8991499211475,2948.110702237676,2966.8229250382956,5317862
2021-04-06,3054.490234375,3064.1270766666785,3022.0245672162964,3064.1270766666785,2291562
2021-04-07,3060.75830078125,3066.5124465491167,3026.5150688929475,3049.156813601306,2491268
2021-04-08,3103.75048828125,3120.2639376926445,3055.7535790277957,3059.449198277345,2578118
2021-04-09,3108.33447265625,3138.367685123871,3095.0020123551435,3138.0401298183647,2911129
2021-04-12,3037.508544921875,3123.1637947782024,3006.3058204662934,3108.3342660955677,3791828
2021-04-13,2904.183837890625,3007.054238221565,2875.179892220162,3007.054238221565,8654596
2021-04-15,3011.68505859375,3028.80678600897,2888.652208996042,2956.8115634304127,6062760
2021-04-16,2989.418212890625,3037.9297478768403,2977.676474365771,3021.088745270809,3224657
2021-04-19,2958.216064453125,2983.6646479392325,2933.2352866502943,2964.952420608162,2679106
2021-04-20,2942.076171875,3017.6736006493184,2925.048094140312,3017.3460453691387,3141893
2021-04-22,2917.984619140625,2945.3044238941243,2905.3070401198315,2945.3044238941243,1988980
2021-04-23,2909.283447265625,2918.171754951434,2892.021463812596,2905.073196256558,1615309
2021-04-26,2901.1435546875,2949.9824186943943,2889.214510653769,2902.313068808454,2490260
2021-04-27,2930.33447265625,2934.1705701988317,2903.201746057581,2906.0085798436503,1471417
2021-04-28,2922.94287109375,2948.1107195400173,2911.621884864657,2947.1282821530813,1639037
2021-04-29,2914.66259765625,2954.0519179343487,2905.5403890607445,2943.0584870628422,1621395
2021-04-30,2840.188232421875,2930.3812950136044,2825.5460075589376,2899.4592971606453,3072305
2021-05-03,2841.451416015625,2858.292418810581,2810.5762442248724,2830.130428324061,1545831
2021-05-04,2853.380126953125,2891.038476034152,2839.5798623830588,2865.5898982399317,1990777
2021-05-05,2896.371337890625,2899.8330533975677,2855.859330159524,2872.3261774637467,1939289
2021-05-06,2911.107666015625,2932.205746024226,2876.069069329442,2905.5408245942035,1791671
2021-05-07,2931.177001953125,2956.391913109095,2911.4357375343957,2931.2706544658436,1912540
2021-05-10,2942.96533203125,2960.461217585059,2923.7853004602307,2943.386311430371,2137153
2021-05-11,2921.539306640625,2926.6851676807833,2892.1141548653595,2923.784681908059,2415625
2021-05-12,2888.79345703125,2919.1071708992226,2872.88806539494,2919.1071708992226,1978558
2021-05-14,2855.017578125,2898.9913045454077,2844.2580493200066,2898.9913045454077,2043935
2021-05-17,2872.09228515625,2877.1913201640587,2840.51540931163,2858.2920208982305,2890462
2021-05-18,2889.916015625,2922.849485267819,2879.8113686473584,2900.394815726709,2098538
2021-05-19,2883.553466796875,2917.2354670579675,2869.6129525015294,2885.424689033602,1986041
2021-05-20,2862.970458984375,2889.9161089883714,2855.579221389925,2869.6133903065147,2329027
2021-05-21,2882.150634765625,2889.3547961542577,2858.3861989068278,2863.9062142566395,1685566
2021-05-24,2883.0859375,2905.072800888366,2874.197631023852,2883.0859375,1652260
2021-05-25,2927.744873046875,2941.1425494890455,2897.7529733880406,2907.060740995805,1841613
2021-05-26,2969.58349609375,2975.6947174724455,2918.1552636298798,2933.386261773785,1923753
2021-05-27,2989.79736328125,3025.2894546220887,2972.6859903172503,2972.8269266795437,5959785
2021-05-28,2955.574462890625,3006.7205874472456,2948.0997862426198,2998.7289911391463,1763701
2021-05-31,2970.194580078125,2980.724868428267,2941.4720227097837,2961.5919524125343,1652799
2021-06-01,2964.412109375,2980.3482465482384,2944.668165735014,2979.0791307513464,1377441
2021-06-02,2942.2705078125,2970.47614030754,2928.684840734994,2962.390663381777,2240078
2021-06-03,2953.36474609375,2965.869288976459,2935.8771622682443,2965.869288976459,1281706
2021-06-04,2955.7158203125,2968.032374074796,2938.0872965333006,2940.907860337972,1836060
2021-06-07,2992.805419921875,2999.6217806994773,2946.172248048947,2956.890295939214,2559821
2021-06-08,3008.741943359375,3037.7468292577237,2996.5665570667707,3006.7206313730117,2574057
2021-06-09,3008.836181640625,3027.4048917687096,2995.6264963760736,3010.4815103861515,1710925
2021-06-10,3024.39599609375,3031.165301977161,3002.0194817658426,3018.00267349463,1874324
2021-06-11,3077.98681640625,3111.081380530274,3018.9429776013026,3019.4601267906532,3452954
2021-06-14,3080.384521484375,3110.7994603863876,3074.743394444219,3082.875927445225,1847360
2021-06-15,3067.598388671875,3100.7400155818996,3057.0683290080797,3100.7400155818996,1304985
2021-06-16,3078.50390625,3097.6365895828876,3058.430805612218,3066.9866061059024,1635552
2021-06-17,3119.30810546875,3136.5135882929667,3065.0122594614195,3070.1832924144987,2273413
2021-06-18,3100.081787109375,3157.1511500183515,3079.11554982433,3150.4757237286935,3380431
2021-06-21,3077.329345703125,3089.4576787374713,3057.2091853615975,3069.7137313079256,1130569
2021-06-22,3103.74853515625,3128.052486422743,3088.517535682419,3106.381107426092,1708688
2021-06-23,3066.328369140625,3129.885155614763,3061.627430186563,3129.885155614763,1467104
2021-06-24,3171.81787109375,3180.6555452037182,3082.4059133758174,3087.5769466299175,4155204
2021-06-25,3178.587158203125,3196.3095616145733,3149.6293262511754,3173.3690696803824,2722861
2021-06-28,3137.17236328125,3188.6476571719068,3133.646658220246,3188.6476571719068,1355238
2021-06-29,3141.0263671875,3164.9540997519075,3127.534581027559,3142.107491295386,1497322
2021-06-30,3145.633544921875,3179.7153549804325,3138.817182910164,3145.8685918877964,1693146
2021-07-01,3141.6376953125,3160.9115462039877,3133.035068315178,3157.150794810527,990310
2021-07-02,3126.547607421875,3139.9452841453094,3098.1069252545844,3131.765695842822,1682274
2021-07-05,3122.363525390625,3172.193476262562,3104.4999580969115,3142.1074681889395,1972858
2021-07-06,3067.174560546875,3128.9448501730344,3061.3454423706244,3114.8420338411247,2159420
2021-07-07,3079.068115234375,3086.35457098144,3047.7129885488653,3079.1151705339007,2640710
2021-07-08,3063.602294921875,3100.7397172479186,3038.593204780757,3100.7397172479186,2485811
2021-07-09,3016.263427734375,3085.6963892466865,3009.541176715004,3055.6103793576267,6365067
2021-07-12,3002.11376953125,3042.4477345178943,2997.6478774611137,3041.5075467136553,1892226
2021-07-13,2996.895263671875,3021.7631817208753,2985.095862465395,3021.7631817208753,1809339
2021-07-14,3022.280517578125,3029.2848702687525,2994.497924210421,2996.378299673034,2044279
2021-07-15,3017.946044921875,3045.1769052568206,3009.5130471688126,3041.172387269824,2232968
2021-07-16,3010.266845703125,3033.8699915395,3007.6285290558135,3027.415558852233,1256526
2021-07-19,3000.65673828125,3014.9787361795106,2992.5533845819596,2996.322343504607,1597058
2021-07-20,3020.6318359375,3029.300394480006,2973.8495005312457,3000.656401894602,1811945
2021-07-22,3030.57275390625,3038.6758773103315,3005.7446457727506,3005.7446457727506,2859334
2021-07-23,3027.274658203125,3054.3168893167594,3021.4325885220237,3043.433975686927,1776193
2021-07-26,3012.858642578125,3038.0163969263576,3006.545682504073,3015.1670838689133,1259611
2021-07-27,2999.101318359375,3024.588944098588,2978.5604502390147,3015.166548634106,1121367
2021-07-28,3013.09375,3019.3595511395697,2951.471143954519,3003.8597561846145,1660654
2021-07-29,3011.209716796875,3039.1470322344658,3006.027398382287,3015.402637506334,1731997
2021-07-30,2984.49658203125,3037.309154204122,2979.6912984053442,3033.06907627829,2999943
2021-08-02,3033.446044921875,3038.628362668398,2984.0727824069504,2996.32189708055,2608669
2021-08-03,3095.1630859375,3099.968600403569,3033.022423982801,3042.4919789371197,3804735
2021-08-04,3084.845458984375,3114.290448074314,3072.83190343568,3109.3908478975436,2929598
2021-08-05,3094.26806640625,3123.5246555680114,3074.057070525079,3085.8350669638726,2534521
2021-08-06,3118.624755859375,3132.0045125224046,3076.4123746647565,3083.52632983908,2292362
2021-08-09,3130.779541015625,3144.2536135965174,3118.8131438431146,3131.9101825524267,1510489
2021-08-10,3141.332275390625,3156.4081078626546,3124.0894760318993,3124.0894760318993,2040777
2021-08-11,3151.0380859375,3165.925519806294,3134.9259244404566,3156.503122425918,1929707
2021-08-12,3158.152099609375,3173.463495631946,3133.8894259120702,3133.8894259120702,1310205
2021-08-13,3263.352783203125,3278.9940537509783,3163.5696941002616,3166.63197302977,4363584
2021-08-16,3272.35107421875,3292.515140306991,3238.006485742242,3260.1491170284175,2083489
2021-08-17,3347.824462890625,3355.1268198039365,3262.9757407481593,3280.972609156552,4336019
2021-08-18,3354.8916015625,3387.3517131395865,3332.325006810995,3367.4234355493677,2631309
2021-08-20,3353.90185546875,3368.5065692655658,3297.8385992809735,3303.4920368797407,2836148
2021-08-23,3427.302490234375,3460.8463145664846,3356.163395012548,3373.2180250879433,3744176
2021-08-24,3404.5,3455.5224112137116,3386.7858499113527,3445.7701395578697,2511141
2021-08-25,3447.654541015625,3484.166323870054,3398.7052420095424,3401.484802696476,2123263
2021-08-26,3459.762451171875,3474.602724373861,3437.195629478007,3448.5968202709887,1902533
2021-08-27,3505.272705078125,3514.0827377285887,3440.2112419608507,3454.2505205826533,3944728
2021-08-30,3487.511474609375,3524.3059769668,3474.602838107822,3500.420111110928,2033114
2021-08-31,3567.743408203125,3584.374076661838,3489.537514371302,3495.1437944875934,3207480
2021-09-01,3500.373291015625,3596.246179491145,3492.8825314865144,3576.7418639122766,2643336
2021-09-02,3615.137451171875,3636.243524245566,3507.015467065021,3518.322341219986,3403717
2021-09-03,3620.131103515625,3634.123221242192,3584.797124349153,3604.0658749801505,1746812
2021-09-06,3629.507080078125,3653.628506789976,3593.7019738883614,3627.339882906213,1723693
2021-09-07,3595.4921875,3646.4202865772727,3588.2841461949342,3640.8140066690016,1585039
2021-09-08,3556.153564453125,3594.64414488776,3539.0520073914618,3589.9329467948533,4147175
2021-09-09,3572.407470703125,3588.708263357289,3547.5324348884265,3570.8057092370022,1441148
2021-09-13,3623.240966796875,3629.883571632059,3549.4164056070663,3549.4164056070663,1691473
2021-09-14,3661.44873046875,3671.4365621375255,3604.066431457984,3627.575263218787,1991188
2021-09-15,3726.1337890625,3750.1137417298373,3642.6984234993847,3657.868573615941,2461369
2021-09-16,3677.843994140625,3751.7626471134417,3667.290956291404,3703.0017462562505,2946666
2021-09-17,3606.751708984375,3717.1349788894277,3585.221443516926,3693.5789904300527,6477148
2021-09-20,3602.6533203125,3647.4097039177946,3587.9073617297154,3588.9908453171997,2002008
2021-09-21,3639.823974609375,3647.9273262004835,3600.9094378493155,3635.159935163803,1568129
2021-09-22,3639.07080078125,3671.7667009239385,3629.9311221123426,3639.400676676929,1744067
2021-09-23,3645.76025390625,3654.94708920394,3613.488550424622,3646.4669335445337,2003869
2021-09-24,3647.692138671875,3716.569714071314,3632.3335874822515,3665.3119728420124,2320754
2021-09-27,3615.325927734375,3678.503134387837,3583.242625649253,3674.7341762583414,1673362
2021-09-28,3560.864990234375,3627.6227634950665,3534.576595210615,3627.6227634950665,2253075
2021-09-29,3572.878662109375,3586.1643340277014,3507.1574423777847,3542.632905460597,2489161
2021-09-30,3557.472900390625,3585.2218116371573,3533.4929476845787,3585.2218116371573,2252412
2021-10-01,3514.742431640625,3589.933204611144,3509.842831279924,3563.3149334745913,1578374
2021-10-04,3555.352783203125,3565.104825189277,3493.3062125761594,3509.6541619024138,1356860
2021-10-05,3611.88720703125,3618.200166522336,3525.4838792707897,3537.1675586262627,1877966
2021-10-06,3590.781005859375,3634.642307766323,3575.7994873745038,3614.4313131933063,1678154
2021-10-07,3668.04443359375,3673.7921871486037,3599.402417004721,3608.7776549831115,1647233
2021-10-08,3708.325439453125,3759.441941195449,3674.734687466618,3698.290679052943,2934339
2021-10-11,3472.718505859375,3540.465443894623,3448.5970790829865,3538.109844796889,11845402
2021-10-12,3441.8603515625,3492.8825388779655,3420.895518411695,3491.9402991857946,5752877
2021-10-13,3444.074462890625,3463.1548165799422,3434.4636640771364,3439.174862518943,3545655
2021-10-14,3409.380615234375,3464.6546476021394,3406.312460573692,3422.172506146527,6442299
2021-10-18,3443.083251953125,3448.322762441948,3399.9403209773945,3401.8284162540604,3590107
2021-10-19,3430.810546875,3483.6301953033835,3422.361366819251,3463.710698440453,3135441
2021-10-20,3406.92626953125,3426.892784056123,3378.0855692883674,3409.8999272756796,2933693
2021-10-21,3334.847900390625,3405.604216682177,3314.786890374121,3402.4417957442583,4871211
2021-10-22,3303.08154296875,3362.320538934919,3290.0063895155286,3360.8099703515873,2691670
2021-10-25,3297.5107421875,3317.902260832045,3256.9639472589984,3306.998465869064,2595594
2021-10-26,3287.740234375,3331.5439504287847,3280.5653804873978,3298.974308521788,3878763
2021-10-27,3294.49072265625,3314.787749817826,3288.11840017529,3288.11840017529,2510813
2021-10-28,3230.2001953125,3321.1592686105637,3223.9223713203737,3321.1592686105637,2424942
2021-10-29,3207.637939453125,3267.348953998165,3196.4981309597124,3209.809295169022,3960501
2021-11-01,3281.88671875,3291.8937146919934,3221.986949475492,3245.5881375647664,2020718
2021-11-02,3289.250244140625,3317.005378850668,3275.6088039001115,3298.5019557106393,3087414
2021-11-03,3296.85009765625,3322.9529205475606,3272.1160976334613,3308.1314199235517,1537639
2021-11-04,3312.332763671875,3316.675475144088,3308.887081870071,3316.392214747137,328991
2021-11-08,3306.7626953125,3349.4808487527657,3286.4184236553715,3349.4808487527657,2526082
2021-11-09,3309.54736328125,3337.2080018680517,3300.390148382096,3311.7187186854667,1782692
2021-11-10,3289.34521484375,3322.7644088708294,3285.4745273550207,3302.2786213240433,1516489
2021-11-11,3293.02685546875,3313.654388117064,3243.7476158983827,3285.28571109615,1284514
2021-11-12,3328.758544921875,3336.4051909505415,3290.666138262385,3309.830347522946,1747259
2021-11-15,3354.484130859375,3369.8721516779974,3330.599682279835,3330.599682279835,1809157
2021-11-16,3357.410400390625,3375.4890481077373,3343.8162087302176,3369.30549095374,2013204
2021-11-17,3324.84130859375,3363.5002440391822,3310.208570096864,3351.935660388418,1632914
2021-11-18,3281.2255859375,3323.8494654249707,3258.4741813042683,3318.468210723192,2136598
2021-11-22,3264.894287109375,3319.224275238994,3247.807163003041,3283.7752400315444,3167936
2021-11-23,3270.416748046875,3286.1822961464827,3217.125309571324,3252.2438325817957,2153461
2021-11-24,3250.63916015625,3297.605528443792,3232.4189953074206,3277.9220437130452,2161746
2021-11-25,3253.09375,3269.2370572307473,3241.906923480786,3251.205654673849,1849619
2021-11-26,3253.990234375,3294.725792018273,3220.995589695295,3233.3627042013136,1941251
2021-11-29,3306.054931640625,3331.8747275393393,3215.8511309134046,3254.273824885224,2981745
2021-11-30,3331.685791015625,3364.3499330665263,3295.670464071622,3295.670464071622,5588446
2021-12-01,3377.61328125,3389.1306149596417,3337.20800108143,3337.20800108143,2102118
2021-12-02,3439.071044921875,3443.8857800631285,3374.120751875164,3388.3757329068244,3152938
2021-12-03,3436.758056640625,3460.8312705619223,3427.6953379231836,3442.4223422691657,2486263
2021-12-06,3338.52978515625,3453.3260636071814,3324.935592133541,3436.7579824055024,1849642
2021-12-07,3383.938720703125,3396.683363674109,3327.107099624887,3363.1696728985585,1484458
2021-12-08,3423.966064453125,3442.422240677521,3399.5153244036565,3399.5153244036565,1428660
2021-12-09,3400.2236328125,3431.3772053488537,3366.47392923145,3408.0120259465884,1567957
2021-12-10,3433.31201171875,3438.221012647878,3375.064326765843,3384.4103048716756,1510718
2021-12-13,3407.681396484375,3457.1023815420986,3400.1762640077413,3445.7738101115947,1883864
2021-12-14,3421.03955078125,3431.612837223529,3376.574819075151,3403.291410781519,1747007
2021-12-15,3370.579833984375,3420.283838983096,3359.0622709537975,3417.4516966930187,1603233
2021-12-16,3381.201416015625,3406.548959083387,3370.2503702394933,3381.578942912567,2072320
2021-12-17,3383.796875,3447.048059858657,3373.742630461866,3400.9312455718077,4333992
2021-12-20,3357.8828125,3404.2356418004124,3313.74858724926,3388.1868326183253,2312310
2021-12-21,3406.406982421875,3437.4660560987286,3366.851249911429,3382.1920233269693,2340989
2021-12-22,3427.60107421875,3433.3126087122723,3404.47190632827,3421.2287524530057,1224328
2021-12-23,3457.762939453125,3465.1265564906566,3426.892630448463,3443.8854864672157,1792861
2021-12-24,3465.50439453125,3497.6965112942894,3440.864889379592,3478.8155584667898,2209923
2021-12-27,3489.294921875,3492.9766158454863,3448.7008693124712,3465.5992315591297,1534135
2021-12-28,3499.15966796875,3516.5773000433605,3487.1703095787702,3502.4165860834546,1456218
2021-12-29,3487.972412109375,3511.8096125775287,3478.8151970355025,3485.6595417243784,1456923
2021-12-30,3524.83740234375,3530.7376993011385,3474.094848510211,3475.3694048451466,1966475
2021-12-31,3529.18017578125,3549.6187126125287,3522.5245945990305,3533.381141193457,1207141
2022-01-03,3604.13720703125,3615.7017884695665,3535.4577539996153,3540.177991321377,2346158
2022-01-04,3667.388916015625,3671.542633265646,3598.4261927035286,3616.740854441318,2488606
2022-01-05,3644.920654296875,3653.46433145229,3599.0870957222437,3648.744093297959,1733031
2022-01-06,3594.4140625,3620.4226205113523,3560.9476204873067,3598.7095252644785,1810293
2022-01-07,3637.88720703125,3648.6492568295457,3583.9820001326107,3606.261614340048,2460591
2022-01-10,3662.762939453125,3755.421113291542,3644.9675511359083,3755.421113291542,3937092
2022-01-11,3696.795654296875,3705.3865790672367,3640.2472990785386,3640.2472990785386,1906106
2022-01-12,3643.928955078125,3709.1627313466347,3621.8855836241773,3705.3865412409114,3203744
2022-01-13,3679.802978515625,3703.4986650213164,3641.191524595263,3698.778427110252,6684507
2022-01-14,3746.122314453125,3754.4772277328843,3644.070909287001,3660.875002316352,3348123
2022-01-17,3794.2685546875,3816.7841805691237,3740.599590659276,3769.298543505299,3442604
2022-01-18,3767.316162109375,3815.556852561896,3757.309166108001,3808.2404842108062,2389041
2022-01-19,3702.10986328125,3794.1744835449467,3698.185273654665,3794.1744835449467,3102539
2022-01-20,3618.793212890625,3707.1694381406537,3604.0874308045995,3697.7123732474374,6176776
2022-01-21,3625.365478515625,3642.435525184989,3566.3534916055487,3600.304258956302,3112358
2022-01-24,3566.590087890625,3640.6387177051206,3537.036761532553,3631.512742879893,3258414
2022-01-25,3565.218505859375,3602.573909087427,3520.108356239532,3564.840315649182,3330501
2022-01-27,3451.118896484375,3530.6999934538426,3428.2801804943037,3528.4303905688025,5718297
2022-01-28,3489.7041015625,3527.2959326221253,3448.0456866262707,3448.0456866262707,3143862
2022-01-31,3533.395751953125,3553.964867404441,3519.3519187046318,3545.453509286655,2739393
2022-02-01,3594.299072265625,3601.250106921732,3533.537433775677,3565.313262367366,2105169
2022-02-02,3646.83349609375,3654.21005324788,3594.2994518685573,3620.0699549614674,1984212
2022-02-03,3616.94873046875,3671.7050377764936,3608.862894704304,3641.9152866651066,1960538
2022-02-04,3607.775390625,3617.0433598755985,3564.3675575633424,3608.153811730646,2307366
2022-02-07,3573.824951171875,3623.7583017738984,3552.215464762608,3585.173429450272,1919149
2022-02-08,3540.20458984375,3593.400575038202,3518.973527263213,3585.693160204169,2946443
2022-02-09,3556.37646484375,3572.8316648497107,3542.7110527102745,3546.39921554029,1638721
2022-02-10,3565.64501953125,3584.0389669711,3553.965450510297,3584.0389669711,2112459
2022-02-11,3494.338134765625,3548.7635892197404,3489.656933836334,3548.7635892197404,3851488
2022-02-14,3531.03173828125,3587.3012765277135,3508.571208308922,3521.8110996610308,5951745
2022-02-15,3610.51806640625,3626.7841708782275,3544.507711199895,3580.4445556570977,3931683
2022-02-16,3606.07373046875,3644.8476989360597,3599.3591216239147,3635.2959704472746,3256906
2022-02-17,3578.7421875,3626.784119801165,3573.82456029429,3617.3270556035086,3134372
2022-02-18,3587.915283203125,3608.768154713238,3553.586326886931,3564.3672870859327,3688883
2022-02-21,3517.460693359375,3619.9754173536726,3504.3627967553293,3603.141795334875,7465922
2022-02-22,3391.681396484375,3468.7564693541995,3376.171903622994,3451.8284168694477,5408531
2022-02-23,3370.308837890625,3426.1999529623727,3362.601191459837,3414.9461380766684,2426203
2022-02-24,3216.96240234375,3294.699660843935,3206.9853835422637,3285.384359525672,5039136
2022-02-25,3329.59619140625,3338.3439766140914,3274.035934005095,3279.7101730588297,2549723
2022-02-28,3361.22998046875,3370.261523678763,3268.266985774629,3300.5156696285885,3288942
2022-03-02,3353.616943359375,3378.0162167325375,3315.6469205227113,3359.6222718644985,2761341
2022-03-03,3351.961669921875,3384.3050134919777,3338.438253117757,3369.4101377003494,1928039
2022-03-04,3333.000732421875,3367.849877754768,3297.7258344637557,3311.3912469525285,2370257
2022-03-07,3295.692626953125,3355.3668019461757,3245.239321605036,3262.6875610806946,3054130
2022-03-08,3404.49609375,3413.054783815557,3272.1445142703874,3272.1445142703874,3300992
2022-03-09,3435.373046875,3455.6110708085753,3401.7531392947444,3409.271458747924,2719654
2022-03-10,3424.35595703125,3483.9827989393593,3418.729049447824,3483.9827989393593,2005441
2022-03-11,3403.7392578125,3442.2296948169665,3397.781491919662,3407.6167465896015,1623423
2022-03-14,3445.20849609375,3450.268117806691,3385.628991494819,3385.628991494819,1765688
2022-03-15,3398.77392578125,3460.339500920274,3390.7354218846053,3460.339500920274,3651133
2022-03-16,3457.40771484375,3468.850853907886,3419.910550829987,3442.8439295669737,3090475
2022-03-17,3473.343017578125,3508.570579324714,3461.5690196278097,3495.8982065136342,3600452
2022-03-21,3429.79345703125,3512.3063428930323,3418.728737998203,3495.33095868364,2413831
2022-03-22,3500.01220703125,3509.5166029414295,3428.185849006382,3442.37144562296,2907611
2022-03-23,3510.8408203125,3527.2962524221157,3489.6570864508,3506.679803945682,1596195
2022-03-24,3546.257568359375,3554.154079007357,3494.385475109487,3499.114007552125,1879046
2022-03-25,3506.158935546875,3574.2971237442557,3472.6336918610677,3555.761187065372,1690133
2022-03-28,3506.39599609375,3511.408286795473,3462.420643188824,3494.3855695419534,1760990
2022-03-29,3504.173583984375,3519.9195044591484,3490.6026036965923,3494.1490029823854,2689063
2022-03-30,3528.951171875,3535.050932684499,3504.977419503847,3535.050932684499,1583455
2022-03-31,3536.89453125,3550.7963688650075,3518.2168302368354,3536.94186274609,2168110
2022-04-01,3554.674072265625,3558.6933246253534,3525.6409308088946,3544.507728061606,1387014
2022-04-04,3565.64501953125,3574.7709959896015,3534.2002746591193,3557.7482769610797,1472994
2022-04-05,3607.6806640625,3627.351402504436,3567.204385725031,3567.204385725031,2314947
2022-04-06,3551.458984375,3602.4798036896964,3528.5727024488892,3602.4798036896964,2051729
2022-04-07,3484.12451171875,3542.1436978828356,3479.2542155949677,3542.1436978828356,2494829
2022-04-08,3485.542724609375,3503.842235928487,3444.7355855248347,3489.6566398316104,2296773
2022-04-11,3495.709228515625,3510.7934310974883,3457.5974432988396,3489.6567995913465,2291660
2022-04-12,3490.697265625,3535.996513467453,3450.2683137793906,3483.036950815894,4483476
2022-04-13,3463.129638671875,3508.429115507619,3457.07720983293,3505.733759809677,1621672
2022-04-18,3336.499755859375,3414.0003548569625,3331.2510387766347,3414.0003548569625,3820792
2022-04-19,3283.39794921875,3370.072079083281,3252.4260646997514,3357.2577112197246,3170014
2022-04-20,3363.688720703125,3375.3680567362344,3291.058419745463,3309.972548594575,2640370
2022-04-21,3431.637939453125,3446.154627176974,3373.7134139551586,3385.629408697466,2280996
2022-04-22,3416.411376953125,3420.6197238562804,3377.5900867439054,3386.668959675593,1581465
2022-04-25,3355.555419921875,3389.411755396714,3341.275391738106,3364.823388867608,1960694
2022-04-26,3353.759033203125,3393.1002853777845,3327.1372564899107,3381.042527409033,1943469
2022-04-27,3367.849609375,3374.7059808235995,3315.9304200011256,3353.474918170179,1727648
2022-04-28,3389.696044921875,3408.7046081105786,3345.957116834955,3393.1951129917506,1703660
2022-04-29,3354.13720703125,3426.5310859917854,3344.822136510653,3401.7062902953016,2051115
2022-05-02,3350.070556640625,3355.3192738040143,3303.1163220631483,3328.7921607501603,1324161
2022-05-04,3290.822021484375,3352.954889111893,3277.1566094502405,3346.3822754572775,2305825
2022-05-05,3322.64453125,3341.180467693233,3296.1176533715725,3321.415297727868,1612262
2022-05-06,3246.232666015625,3285.8576814038192,3238.5723499690253,3271.199228659033,2010812
2022-05-09,3258.053466796875,3268.361575012065,3165.137805701697,3213.5105995054964,2481830
2022-05-10,3252.0478515625,3276.6835492214173,3236.2072695156307,3247.555746205925,1622685
2022-05-11,3226.75048828125,3261.221443070721,3198.5210576870095,3248.5017371764634,1841769
2022-05-12,3223.58203125,3262.403325186139,3168.211106182557,3194.5962224149703,2807195
2022-05-13,3229.4931640625,3253.135827511039,3198.521274944914,3248.5019578292795,2187823
2022-05-16,3193.4619140625,3243.7734561854413,3183.8157534602506,3229.587857980549,1195813
2022-05-17,3264.200927734375,3278.7647167294044,3168.4952370171127,3187.0311783611455,1754076
2022-05-18,3261.552734375,3305.2443299848474,3256.1149218149394,3276.873134019312,1866781
2022-05-19,3084.84716796875,3220.130524430641,3054.6318924848665,3212.5648726845484,4642963
2022-05-20,3114.21142578125,3133.97659877749,3092.5075083319407,3130.288435874867,3065125
2022-05-23,3141.400390625,3157.619163838468,3089.62296264676,3125.370712523878,2293690
2022-05-24,3109.482666015625,3144.3320394654706,3097.755998923722,3135.158502609879,1711510
2022-05-25,3015.84619140625,3135.0464009739635,3002.8980854939036,3135.0464009739635,3548046
2022-05-26,3072.304443359375,3086.1572084602126,3028.1281690758597,3038.0773259899856,2813186
2022-05-27,3105.008056640625,3121.764468544935,3074.4462989521776,3097.296141727654,3103153
2022-05-30,3213.4970703125,3224.3032344680796,3128.8575396902625,3138.9970641642285,2094624
2022-05-31,3203.119873046875,3221.2567512554483,3165.655555674888,3193.408503134098,4840965
2022-06-01,3194.40771484375,3225.6358772628682,3179.9838457360083,3225.6358772628682,1493835
2022-06-02,3258.958984375,3267.5276758326027,3185.9347381077764,3194.2177600286664,2657939
2022-06-03,3275.286376953125,3310.6561637752598,3266.7653374694482,3293.6138523673194,1913622
2022-06-06,3266.52783203125,3287.521171840861,3215.306053992289,3254.1984840289783,1084210
2022-06-07,3201.54833984375,3255.007587135911,3195.1694723078954,3238.0605750318537,2308256
2022-06-08,3241.01220703125,3250.342606335813,3186.125071449585,3218.16236339916,2185707
2022-06-09,3262.862548828125,3272.2880163295176,3192.4088644497765,3222.780021901489,1279197
2022-06-10,3198.883056640625,3230.396894743917,3191.3617421696467,3219.924048931308,1527582
2022-06-13,3065.30615234375,3135.188487233575,3039.4571311823415,3132.3322572118013,3030921
2022-06-14,3056.690185546875,3083.681423087163,3022.5581396388056,3037.1249610183345,2611493
2022-06-15,3052.64404296875,3079.016525159322,3047.5979891883085,3064.2593340214216,1404536
2022-06-16,2991.42529296875,3089.346484411529,2982.9042521328547,3084.7288189747774,2032028
2022-06-17,2940.869873046875,2969.2894579088397,2878.937464454451,2943.821404041405,5240434
2022-06-20,2963.24365234375,2988.3309682634435,2921.9236134131447,2945.725532714327,1502769
2022-06-21,3058.022705078125,3082.5863303860924,2975.620420339703,2980.000066128784,2964461
2022-06-22,3068.495849609375,3094.77326203901,3030.460428265515,3046.5504330705057,3336315
2022-06-23,3150.2314453125,3158.990504502929,3068.495567281535,3068.495567281535,3692578
2022-06-24,3135.283935546875,3184.696624274625,3120.431445757872,3178.9841639620245,2132118
2022-06-27,3155.84912109375,3201.7391792538397,3148.042137330521,3189.4574807371077,2037686
2022-06-28,3159.13330078125,3170.4155029798085,3115.766391790574,3148.5177382445127,1400046
2022-06-29,3132.80859375,3173.271856243352,3114.2430968412855,3114.2430968412855,2133994
2022-06-30,3110.530517578125,3152.231299639307,3099.010294168857,3115.1956013887866,2719603
2022-07-01,3156.229736328125,3173.2718172277805,3096.2012505732123,3103.7702142701964,1502879
2022-07-04,3080.015869140625,3158.9429370113216,3070.495101849076,3153.278126960972,2622535
2022-07-05,3062.164794921875,3115.1954285592833,3053.2627834685336,3099.010122237307,2170627
2022-07-06,3104.484375,3111.862970079736,3048.7878831077974,3064.259130855631,2182144
2022-07-07,3130.2861328125,3160.323973095007,3108.578732975444,3114.2435440498625,1989921
2022-07-08,3108.959228515625,3146.6139135149515,3094.2496880252925,3141.853529379528,2136916
2022-07-11,2964.576904296875,3070.447802181647,2957.1506584732388,3052.501060811246,6974600
2022-07-12,2936.870849609375,2985.9027979832917,2932.63415492732,2965.623518478388,3734815
2022-07-13,2893.123046875,2960.9585111579595,2889.55275928116,2955.2460510078154,3863530
2022-07-14,2862.576416015625,2918.1812767852493,2832.2681871841132,2917.226686900792,4764908
2022-07-15,2858.615234375,2891.3574840972633,2818.904198165285,2881.4776176815535,4574806
2022-07-18,2924.38623046875,2937.225418328227,2877.420452846173,2885.725338569294,3202795
2022-07-19,2934.64794921875,2939.134475060165,2892.4551229807694,2892.4551229807694,1865074
2022-07-20,3021.086181640625,3027.9114062480317,2957.3673054041365,2966.674556989242,3402251
2022-07-21,3033.0185546875,3039.4142604463223,3001.2784403156907,3023.186232045698,2420640
2022-07-22,3027.004638671875,3051.8239766111587,3000.753415851479,3040.3688975622586,2075886
2022-07-25,3022.947265625,3041.752638176659,3006.0988487848367,3021.2767334658956,1797504
2022-07-26,2974.40673828125,3025.0000057383745,2955.8877864337132,3020.990774550723,2639367
2022-07-27,3044.043701171875,3049.055297497114,2968.7742040940075,2973.5471529751876,1389808
2022-07-28,3112.440185546875,3115.78125,3056.262480020523,3069.9609375,2106333
2022-07-29,3151.960205078125,3166.6610289391597,3126.2818307434563,3140.6006788231975,2430257
2022-08-01,3149.001220703125,3175.920609374636,3122.463574771396,3175.920609374636,1306913
2022-08-02,3142.319091796875,3162.460798933634,3123.0839654036736,3140.600783359278,1269114
2022-08-03,3187.8525390625,3196.9211418836094,3128.23845449667,3131.054447709238,2895824
2022-08-04,3202.60107421875,3234.0547622183703,3157.1627385593615,3197.8759012143537,2150567
2022-08-05,3212.24267578125,3223.6499780712015,3202.649001015363,3208.5674115748116,1106933
2022-08-08,3221.2158203125,3225.463698728798,3184.511885509118,3212.1949924275127,1068836
2022-08-10,3201.9326171875,3231.286251525583,3183.5567647969924,3231.286251525583,1878359
2022-08-11,3267.083740234375,3273.002150654793,3221.7884987592697,3245.60546875,1449248
2022-08-12,3247.085693359375,3263.74324241397,3227.70746955608,3263.74324241397,1472354
2022-08-16,3238.637451171875,3259.78175953562,3233.6736297753846,3256.1064948085127,839942
2022-08-17,3246.65576171875,3262.740461501129,3218.0180650750426,3231.382323508773,1622326
2022-08-18,3227.706787109375,3237.9686275415897,3209.3309333121533,3236.0594479262936,1430659
2022-08-19,3232.002685546875,3266.129273749873,3218.1611322897147,3233.1959228966302,1398410
2022-08-22,3202.219970703125,3230.4281521627313,3195.3945122862156,3212.1953897156213,1536532
2022-08-23,3135.446044921875,3190.1438591582005,3121.5089393106236,3169.190657690176,1849256
2022-08-24,3107.5244140625,3157.7834805294233,3102.608136102807,3142.510041687685,1691923
2022-08-25,3072.061279296875,3129.2888992350927,3068.7679906350804,3127.2366240984597,1946930
2022-08-26,3075.879638671875,3109.099414985349,3070.7249462500354,3087.430270094753,1457962
2022-08-29,2990.30029296875,2999.9892861145972,2941.0911426884654,2983.0930934441594,2539173
2022-08-30,3065.331298828125,3079.984347180501,2999.417051931063,3011.731168558649,3431525
2022-09-01,2989.4892578125,3045.141897726616,2979.2751921018084,3045.141897726616,3546935
2022-09-02,2988.248046875,3019.367769973728,2978.6068289848536,3019.367769973728,2052900
2022-09-05,2991.112060546875,3005.001390950823,2970.9225762960905,2981.8048085205637,2147912
2022-09-06,2985.05029296875,2998.223679756344,2965.2903293144427,2993.1165307415126,1936453
2022-09-07,3006.576416015625,3018.317685239789,2961.1378439506134,2961.1378439506134,1291534
2022-09-08,3025.7158203125,3038.9369838108414,3016.599673099365,3026.0500200032566,1346113
2022-09-09,3071.535888671875,3086.666230774869,3024.617891513893,3049.9145221356753,1561185
2022-09-12,3095.687255859375,3121.3180877823274,3078.552413841233,3092.775710066458,1785928
2022-09-13,3082.704833984375,3115.2562081283763,3078.5522749035376,3115.2562081283763,1972678
2022-09-14,2978.7021484375,2998.748535783623,2972.401995104077,2992.6392538140913,5090269
2022-09-15,2963.380859375,2995.2640646182454,2959.2283006347097,2987.8659938666588,2138023
2022-09-16,2872.074951171875,2953.835726348596,2863.770064595389,2936.3189062318056,5322221
2022-09-19,2891.26220703125,2903.8627482827815,2852.1240174587338,2898.1352083453403,2072220
2022-09-20,2902.23974609375,2940.089142752847,2892.4074234230934,2911.4992215975035,1544295
2022-09-21,2864.91552734375,2903.2899996163474,2862.003981165882,2890.4985865435497,2253818
2022-09-22,2870.83349609375,2892.3595443801382,2844.0096604458486,2854.2237254948122,2017983
2022-09-23,2846.635009765625,2885.2481266696886,2843.7234638044674,2867.588212577583,2652374
2022-09-26,2858.423828125,2888.445866133374,2793.225526113894,2825.4429343911615,2925489
2022-09-27,2880.427490234375,2887.634691198453,2840.8597821509406,2872.7429942800163,2227447
2022-09-28,2897.80078125,2911.4514636406343,2844.6779457202183,2844.6779457202183,2739767
2022-09-29,2861.192626953125,2917.083917543226,2854.224073407211,2915.317832838001,2493902
2022-09-30,2868.113037109375,2882.574980401014,2816.1356653605053,2855.0352025167567,2817353
2022-10-03,2849.4033203125,2883.529912170826,2838.9506066198796,2858.9969962429523,1763331
2022-10-04,2950.7802734375,2957.319307024922,2885.7250694436216,2892.3594221819903,2145875
2022-10-06,2961.08984375,2982.13859587912,2952.0212404654767,2969.7289282266142,1790816
2022-10-07,2925.72265625,2964.001806619972,2919.231631007355,2956.746829749243,1939879
2022-10-10,2976.9365234375,2985.0027618723366,2868.5427884318424,2873.3157381630103,3064063
2022-10-11,2930.161376953125,3002.1851359080347,2914.69706769696,2959.228591833039,4730645
2022-10-12,2959.944580078125,2968.678984286986,2923.0019982122926,2944.8142372090365,1665247
2022-10-13,2962.37841796875,2968.7741226833173,2913.742116814074,2959.944167495272,2054781
2022-10-14,2958.41748046875,3006.95847478336,2931.5458654157774,3002.1855248233865,2245977
2022-10-17,2978.132568359375,2994.0675298536867,2939.562989208893,2940.7114149067806,1517005
2022-10-18,3009.66796875,3019.8608027991036,2994.211535851112,3014.740435897422,1793722
2022-10-19,2987.799072265625,3023.3537722945425,2978.371933960309,3023.3537722945425,1194289
2022-10-20,3021.726806640625,3024.31082295409,2971.672501668497,2971.672501668497,1587601
2022-10-21,3002.681396484375,3024.693787084486,2992.728061154217,3022.205570080616,1021913
2022-10-24,3025.937744140625,3041.537875001264,3019.5254863527343,3033.9771914936096,260949
2022-10-25,3026.320556640625,3047.519349442965,3015.840559123149,3043.9303732129542,2069643
2022-10-27,3021.822265625,3037.709560950489,2999.7622114103624,3024.980611521912,2438421
2022-10-28,3027.421630859375,3042.0168035047886,3009.9552767099453,3014.7405792166383,1355739
2022-10-31,3056.037109375,3061.6360057869238,3041.34637345534,3061.6360057869238,1919414
2022-11-01,3119.729736328125,3122.5053516800103,3065.8950888767945,3076.4706530186986,2991060
2022-11-02,3102.502685546875,3129.5875418916535,3083.696541946145,3129.5875418916535,1405955
2022-11-03,3069.05322265625,3089.4386544793397,3057.807763744202,3089.4386544793397,1422652
2022-11-04,3079.24609375,3081.7824440507297,3030.1967473539466,3078.8633630459376,1464013
2022-11-07,3094.84619140625,3103.5555345729417,3057.9037998901854,3090.3480542247835,1474498
2022-11-09,3077.954345703125,3110.2551362972677,3064.1725348552204,3110.2551362972677,1162267
2022-11-10,3068.000732421875,3086.5199455581583,3033.8816209052284,3033.8816209052284,1573092
2022-11-11,3173.56494140625,3198.1136851519086,3115.280046320639,3129.205324306324,3265394
2022-11-14,3192.275146484375,3205.1954626221473,3166.913044436156,3181.2689512559027,1342074
2022-11-15,3189.5,3196.5342546663705,3150.6432492108247,3178.3980044438485,1400708
2022-11-16,3211.272705078125,3223.2836261665625,3178.8282173391362,3195.5288745797416,1748235
2022-11-17,3205.1953125,3215.722977008062,3175.2871746930055,3196.5817688115853,1417986
2022-11-18,3199.8837890625,3218.3551029075256,3178.397828192965,3206.1525818869113,1164540
2022-11-21,3142.508056640625,3190.552445555071,3132.4589216947666,3179.8334150109567,1304194
2022-11-22,3172.607421875,3176.4356635903882,3115.4709610042983,3139.1582066182623,1149739
2022-11-23,3166.242919921875,3187.011083554716,3149.6857285220935,3187.011083554716,1150011
2022-11-24,3235.007568359375,3247.257988024385,3166.2429198603863,3173.8515031931165,1296591
2022-11-25,3244.10009765625,3257.2120137041165,3204.2386204673203,3237.7357386621698,1588981
2022-11-28,3249.459716796875,3270.2757830189007,3221.0350662044766,3221.4656967051856,2195437
2022-11-29,3251.469482421875,3281.760352845659,3237.735571209351,3237.735571209351,1576028
2022-11-30,3245.20068359375,3268.265700692132,3230.079081458712,3237.735565207355,3410702
2022-12-01,3326.4072265625,3330.570533191929,3273.1469033093094,3277.9322057995278,2180856
2022-12-02,3291.47412109375,3319.9466674738323,3266.447085553681,3309.6106022684316,2411749
2022-12-05,3278.79296875,3291.4740184228804,3260.704621547458,3285.5881907168837,1475065
2022-12-06,3239.984619140625,3261.614044657398,3223.3795272224343,3254.0533607257175,1166999
2022-12-07,3235.438232421875,3247.9755825015145,3209.980334280402,3223.6663436773997,1167505
2022-12-08,3206.678955078125,3235.4386684899337,3196.055490561886,3215.723129648795,1285619
2022-12-09,3151.360595703125,3229.21755180684,3135.6648987873336,3229.21755180684,1797896
2022-12-12,3145.3310546875,3154.4710280932027,3097.143204510384,3115.7100825113534,1527610
2022-12-13,3189.02099609375,3193.1840685659777,3127.481966726962,3136.4782408654655,1378016
2022-12-14,3220.84326171875,3231.992921746597,3197.442948368048,3205.0038656076867,1213311
2022-12-15,3163.1806640625,3220.2692278372456,3157.2946019567494,3214.5747647520466,1415694
2022-12-16,3101.114990234375,3150.64286639968,3086.711184347589,3134.3728394468258,2703680
2022-12-19,3064.555419921875,3106.139649190197,3057.329566888949,3088.4340311005285,2120965
2022-12-20,3104.656005859375,3109.4892075610405,3027.804009799763,3061.5403885521564,1529971
2022-12-21,3128.19970703125,3142.077082342733,3100.8755868416606,3109.4891301384428,1432566
2022-12-22,3119.729736328125,3152.556954749912,3105.756794695152,3152.556954749912,1384101
2022-12-23,3089.726318359375,3126.573147129029,3078.8635883630454,3078.8635883630454,1360281
2022-12-26,3113.221923828125,3131.501872352779,3086.5679298095033,3089.726276106609,870157
2022-12-27,3119.53857421875,3133.22458554949,3092.7408812970975,3128.8220139637115,835883
2022-12-28,3117.241455078125,3125.8549984923698,3087.4767838170847,3110.2548675773296,910795
2022-12-29,3128.390869140625,3131.022784976996,3089.390661747132,3092.35764215287,1037927
2022-12-30,3116.858642578125,3157.342345328812,3106.809508105269,3144.9484595437552,1163131
2023-01-02,3121.40478515625,3126.5730518257465,3096.2819481245456,3120.97415468146,709547
2023-01-03,3169.162353515625,3177.440833308143,3105.948461290179,3112.3607198548434,1245178
2023-01-04,3172.320068359375,3184.474922008757,3145.091747509391,3164.711485133984,1231668
2023-01-05,3168.9228515625,3193.997787846409,3141.0244001124465,3187.202565398395,1826057
2023-01-06,3073.647705078125,3159.78315034636,3062.5936095372317,3158.29965983527,2488376
2023-01-09,3177.392333984375,3184.139655910958,3082.834728490064,3090.3477453971996,2885060
2023-01-10,3145.28369140625,3156.385687225719,3091.4013694810747,3143.9439001020273,3864655
2023-01-11,3185.76708984375,3205.6739940393218,3130.6882139267436,3148.8246964749587,2720512
2023-01-12,3191.174560546875,3206.1524629181713,3173.181777605599,3186.0541937476396,2250391
2023-01-13,3229.64794921875,3233.9068209108027,3163.084357238888,3199.356849899825,1742837
2023-01-16,3198.47021484375,3216.649562336536,3163.934162280638,3182.1135097734236,1843607
2023-01-17,3241.01611328125,3244.2779916443565,3185.950397624615,3194.584409542297,1688475
2023-01-18,3252.144775390625,3270.3241219090673,3235.1165837200692,3242.5514279705935,2421189
2023-01-19,3235.93212890625,3249.2667882049923,3224.3240847821016,3242.5514449757525,1585044
2023-01-20,3226.339111328125,3256.6059383217616,3219.1440999896804,3228.161753848821,1529349
2023-01-23,3276.032470703125,3279.965837255307,3219.1441017265497,3250.226457040357,1067916
2023-01-24,3296.561767578125,3311.5752614522503,3278.3344088801136,3285.721238983637,1387863
2023-01-25,3290.2783203125,3295.314827691067,3266.5347855278264,3286.009327567469,874110
2023-01-27,3272.3388671875,3305.8675700763138,3244.7579929449885,3286.6808749510883,1785879
2023-01-30,3294.01904296875,3317.8105870777276,3247.87519081413,3280.924219811536,1953798
2023-01-31,3222.11767578125,3308.7456531781277,3214.7308448245594,3308.7456531781277,2820375
2023-02-01,3269.748779296875,3279.9656009819632,3218.5681752835585,3226.2428534958594,2205161
2023-02-02,3319.681884765625,3327.9322573243953,3281.0208815994665,3287.640197708476,1813847
2023-02-03,3340.691162109375,3361.508677568011,3312.486582335118,3361.508677568011,1804469
2023-02-06,3319.250244140625,3331.913416084789,3297.0897517914855,3331.913416084789,1138714
2023-02-07,3331.337646484375,3350.9559935923235,3320.6409244141632,3327.835934420445,1455647
2023-02-08,3376.95458984375,3395.949231888725,3336.6145138647066,3336.6145138647066,1986946
2023-02-09,3396.860595703125,3403.33610536567,3362.756197971204,3372.0616983474542,1655427
2023-02-10,3393.6943359375,3398.2991890972817,3365.489756716689,3376.857965997472,1187821
2023-02-13,3340.78759765625,3404.679392536829,3332.1535839811777,3404.679392536829,1087939
2023-02-14,3357.767578125,3381.5111126639817,3352.8748773228444,3362.468224611322,1579818
2023-02-15,3377.481689453125,3382.6142238919347,3319.4419388730166,3345.200169798972,1429449
2023-02-16,3413.361083984375,3429.6217612968176,3383.5736928933916,3383.765513002555,1618931
2023-02-17,3358.7744140625,3394.989297077358,3348.0779264067123,3382.757780297505,1061369
2023-02-20,3345.488037109375,3378.776905261915,3333.7361867148666,3359.590210740269,1296082
2023-02-21,3310.6640625,3366.2094481597255,3304.668220601818,3351.91545475949,1139541
2023-02-22,3263.225341796875,3306.8270616947166,3256.9416520027744,3276.080334455529,1218430
2023-02-23,3274.97705078125,3312.0072319925325,3269.4128623303063,3281.884214211261,1441570
2023-02-24,3262.16943359375,3294.3071440716617,3244.757603542233,3283.3228092732156,977592
2023-02-27,3196.359619140625,3252.144841842955,3181.154069484141,3252.144841842955,1128022
2023-02-28,3178.13232421875,3254.063578480871,3165.7087514296522,3193.1458198624937,4116217
2023-03-01,3248.01953125,3251.185382684684,3180.194613042115,3187.869290841312,1669307
2023-03-02,3186.38232421875,3232.8620455130167,3183.072666209421,3224.3240600150284,1556538
2023-03-03,3206.240234375,3221.4457823932394,3195.639773771422,3217.6084437602517,1043190
2023-03-06,3234.73291015625,3266.4867492616027,3222.405365163581,3225.187342201673,1334132
2023-03-08,3252.528076171875,3257.900443851471,3195.399885617495,3227.201735311057,1844590
2023-03-09,3201.156005859375,3247.347876803023,3195.3999978059574,3247.347876803023,1648500
2023-03-10,3195.5439453125,3201.5397872993517,3156.211221878753,3178.1798932335464,1024404
2023-03-13,3148.488525390625,3232.7661739045475,3138.943191805736,3197.462609501381,1901233
2023-03-14,3084.213134765625,3170.025579282181,3078.8887801864644,3146.6179056205237,2670334
2023-03-15,3068.815673828125,3127.766978430258,3062.1963580924657,3117.837770614196,1780522
2023-03-16,3055.481201171875,3088.866097559379,3043.009849330357,3077.545900583791,1901060
2023-03-17,3050.012939453125,3090.400790866856,3016.148376802364,3022.384052517763,6739966
2023-03-20,3015.47705078125,3040.7553816225704,2969.1891478002926,3040.7553816225704,2289468
2023-03-21,2979.78955078125,3028.379758761308,2971.491165250688,3015.4767541251367,1815297
2023-03-22,3003.485107421875,3015.6686111956114,2979.7895873178227,3002.7656064012303,1123939
2023-03-23,2997.585205078125,3018.4029563299578,2974.8970321362567,2988.231691352447,1372218
2023-03-24,2993.60400390625,3041.0910727071987,2979.6936504191035,3020.8490163615606,1329577
2023-03-27,2995.330810546875,3024.5425056109025,2979.6936079382963,3007.514314515956,1524217
2023-03-28,2989.19091796875,3021.472671366461,2983.674743406983,2999.839626894756,1303530
2023-03-29,3011.255859375,3021.90456916089,2977.8711962667257,3001.7585386998176,1740616
2023-03-31,3075.531494140625,3082.342865243418,3023.823439541629,3060.2301501644006,2382581
2023-04-03,3069.871337890625,3093.8066941357215,3044.688799571991,3093.8066941357215,1521830
2023-04-05,3108.052734375,3131.6044490608783,3055.9608112027677,3055.9608112027677,2655065
2023-04-06,3089.7294921875,3124.889252550946,3084.2613307608626,3093.8546786014876,1703464
2023-04-10,3130.692626953125,3138.942998690944,3084.260923224751,3089.057596511259,2203187
2023-04-11,3083.109619140625,3139.854167686432,3062.3398842885395,3131.2681697619782,2348779
2023-04-12,3109.82763671875,3128.34284565366,3068.9121001840817,3096.684796480145,2417727
2023-04-13,3059.174560546875,3098.6510898799756,3050.6843547425146,3079.4643958249912,4174070
2023-04-17,3011.831787109375,3034.7597965337154,2945.3978481836466,3006.6514725605,5505048
2023-04-18,3003.43701171875,3028.475740237557,2984.106511844363,3026.652863840892,2617302
2023-04-19,2963.960693359375,3012.3110703577922,2946.5966409566745,3003.437224051802,3298034
2023-04-20,2978.54248046875,2986.4089783169507,2952.8322631736505,2964.3442797942107,2419999
2023-04-21,3032.31298828125,3035.766452455155,2974.7048963494417,2983.530728188388,1929184
2023-04-24,3045.695556640625,3051.5953707876756,2999.023787490291,3022.959373301009,1640676
2023-04-25,3046.84716796875,3061.429009335655,3019.506127576083,3053.562511223089,2024090
2023-04-26,3068.095947265625,3077.929127203947,3051.6434520782354,3051.6434520782354,2000029
2023-04-27,3058.31103515625,3069.1035506199446,3041.714497867342,3055.481044610507,2434446
2023-04-28,3088.33837890625,3096.0130568688965,3066.273679763641,3070.25482527173,2931312
2023-05-02,3088.482177734375,3103.447893409265,3079.4645248357774,3103.447893409265,2321159
2023-05-03,3050.58837890625,3085.22045594313,3044.1128695537577,3085.22045594313,2468285
2023-05-04,3089.7294921875,3093.3269976277343,3048.7659437505513,3050.828419851248,1953253
2023-05-05,3099.322998046875,3112.0821981679514,3079.5128274310023,3089.058162176573,1710027
2023-05-08,3118.41357421875,3122.4907468306583,3099.8983670445105,3113.041206033321,928235
2023-05-09,3149.735595703125,3163.885782267237,3114.0003787869773,3120.332081375269,1107375
2023-05-10,3153.14111328125,3172.039958677038,3133.2349196799955,3156.210937259173,1559987
2023-05-11,3148.6806640625,3175.110385013743,3138.943509391695,3174.438897486895,1719623
2023-05-12,3141.14990234375,3156.211411476973,3127.431368211225,3145.802535477491,1027479
2023-05-15,3122.6826171875,3158.1299892707284,3116.2551212207477,3150.4553112895114,1150390
2023-05-16,3125.656005859375,3151.4142341523084,3118.269176110418,3123.785350188462,986306
2023-05-17,3078.21728515625,3146.6178978888497,3068.19228412287,3123.545850910899,1588815
2023-05-18,3069.72705078125,3097.6435483622195,3065.074184078142,3094.765544433508,1369364
2023-05-19,3091.7919921875,3102.9681479765536,3072.797117912635,3079.4644473658177,1152449
2023-05-22,3164.557373046875,3173.91088650488,3086.227787363073,3098.6511250622157,1333243
2023-05-23,3162.974365234375,3192.6177123337816,3156.3070362370236,3171.560363538162,1687418
2023-05-24,3169.0185546875,3182.3052005086197,3142.7806554691683,3142.7806554691683,1016555
2023-05-25,3159.56884765625,3171.5605314563727,3134.2425051554214,3160.048515008255,1374917
2023-05-26,3193.529296875,3202.88281051553,3157.1706042035107,3159.5689410344157,1791115
2023-05-29,3185.3271484375,3234.8766933080315,3177.3166097972125,3224.132191228528,1210372
2023-05-30,3181.345703125,3191.658551207791,3167.0997232777127,3180.194548321064,1344224
2023-05-31,3155.731689453125,3192.3782304011866,3132.371794388493,3174.4387172519805,5815424
2023-06-01,3188.828125,3204.177478188929,3163.4057587808365,3179.2347792569194,1177314
2023-06-02,3171.176513671875,3200.2441643722645,3163.3577962376153,3190.986679265877,2030661
2023-06-05,3155.155517578125,3191.706260048188,3151.462219842601,3180.1942446828207,1861468
2023-06-06,3100.857421875,3155.1078429272347,3089.6332533637765,3146.617637628488,2022849
2023-06-07,3141.72509765625,3145.514657069972,3109.203745194383,3120.7157615295673,1567196
2023-06-08,3104.8388671875,3137.0245945026663,3101.5292091826054,3128.390581857246,1759366
2023-06-09,3078.79296875,3117.8378450750397,3075.0036434423478,3113.041171467232,1775689
2023-06-12,3114.86376953125,3122.0587798408137,3080.423747201169,3084.2610860329364,2324605
2023-06-13,3111.793701171875,3132.2275756904064,3107.2848752408045,3127.4309025270218,1371928
2023-06-14,3118.845458984375,3123.450312882548,3094.6702687847164,3111.794254495367,1658544
2023-06-15,3108.4560546875,3138.561486728467,3102.3672493436866,3136.4836715818824,2273810
2023-06-16,3068.443603515625,3092.1221038143703,3050.1774262383706,3089.8026716362706,4156189
2023-06-19,3102.753173828125,3107.102285996996,3068.540252481445,3083.0372930443496,1468186
2023-06-20,3119.47314453125,3124.1122447073176,3093.7168301515553,3106.2325613269354,1528452
2023-06-21,3148.95068359375,3152.0433386122113,3115.849105259279,3141.025681373176,1645987
2023-06-22,3129.9111328125,3158.083621268915,3121.7928842837855,3150.69022478578,1529603
2023-06-23,3108.504150390625,3140.4457773657346,3101.545381496393,3128.7516384410424,1119505
2023-06-26,3082.69921875,3106.136103155325,3066.60759662256,3097.534619342989,1978803
2023-06-27,3090.1416015625,3102.02898861586,3075.596187213466,3094.635590721259,863542
2023-06-28,3107.63427734375,3122.6145544527976,3086.323577878373,3100.434126827391,1575872
2023-06-30,3191.5234375,3199.0135750246045,3106.3292579728854,3112.0313328033917,2672406
2023-07-03,3162.577880859375,3207.518708187427,3159.1468672810756,3203.1695958653577,1687264
2023-07-04,3197.902587890625,3203.8462807264787,3167.4104290385203,3179.684544069416,1656681
2023-07-05,3208.630126953125,3217.3767224582975,3194.1814562104755,3208.6784976153644,1453008
2023-07-06,3211.48095703125,3216.8449091953057,3191.2818416942446,3195.6793244937653,1848238
2023-07-07,3217.618408203125,3244.3411940456626,3191.282115757819,3191.282115757819,1789326
2023-07-10,3162.23974609375,3213.26938147683,3155.7160771487256,3213.26938147683,1407431
2023-07-11,3162.6748046875,3184.5171105101185,3151.463899679937,3184.5171105101185,1110172
2023-07-12,3150.59326171875,3178.8624895067005,3141.122051086669,3170.937488223699,1515240
2023-07-13,3228.539306640625,3254.5372383561094,3163.012636052186,3173.8854164831955,4585146
2023-07-14,3396.801513671875,3406.6596901161756,3239.60536332091,3252.1694652669635,6306101
2023-07-17,3374.621337890625,3430.8698127983516,3360.4626548025662,3392.3077760506694,2743228
2023-07-18,3379.5986328125,3405.8381827730286,3348.816487885512,3359.4476513391164,2600090
2023-07-19,3353.697021484375,3398.9278343405786,3330.115027727234,3382.642731380588,2405370
2023-07-20,3355.877197265625,3370.993182584738,3329.4724236866127,3345.9936229092823,1715404
2023-07-21,3263.823974609375,3328.358070580248,3254.860886010531,3298.4651008157175,3770223
2023-07-24,3289.453369140625,3307.573294727219,3267.506009960905,3276.129859655189,1680132
2023-07-25,3293.716796875,3301.1296550007232,3275.3546256651543,3292.1180703642726,1272980
2023-07-26,3283.20361328125,3314.7440425186023,3280.0059235606327,3294.8799002931983,1066803
2023-07-27,3291.536865234375,3305.8293584364,3280.054563484066,3289.647396497541,1701769
2023-07-28,3251.323974609375,3288.436053827298,3227.6808948641115,3280.0059529015366,2599831
2023-07-31,3315.3251953125,3320.36385710225,3256.653256420473,3260.0446952400353,2743678
2023-08-01,3344.9765625,3352.6799271577543,3309.075708451945,3309.075708451945,1956167
2023-08-02,3333.929931640625,3339.5015816634523,3307.7191412224374,3328.4067780620353,1914899
2023-08-03,3294.492431640625,3326.7596003969497,3263.5334840564847,3313.9205806036753,2026351
2023-08-04,3336.73974609375,3363.3382684920807,3295.751738896194,3295.751738896194,2248493
2023-08-07,3375.98388671875,3379.8113206886096,3334.5113839792657,3346.817415728949,1853889
2023-08-08,3362.951171875,3381.700843610423,3349.385415210023,3375.9839407859627,1634225
2023-08-09,3355.102294921875,3359.4627166770083,3318.813943406649,3357.427758564071,1794589
2023-08-10,3335.3349609375,3357.4275740281378,3323.658673788031,3342.989828526343,1096701
2023-08-11,3341.8271484375,3359.1233454421417,3308.106507549579,3331.4590822095734,1679974
2023-08-14,3342.8447265625,3347.8348923392136,3305.199657820277,3333.9783938069554,1190425
2023-08-16,3351.129638671875,3358.494001739142,3328.649287589537,3342.990278707455,1328445
2023-08-17,3329.18212890625,3353.4551915233856,3307.3315229062337,3347.835044858064,1843241
2023-08-18,3262.661376953125,3304.2306354819825,3252.390066860784,3304.2306354819825,2526749
2023-08-21,3296.139404296875,3303.988257597452,3267.409166249317,3270.3161139061226,1375579
2023-08-22,3277.24462890625,3305.199873445188,3260.675167259878,3294.541064120094,1222012
2023-08-23,3292.84521484375,3296.478899697914,3271.285351375708,3282.913142909034,1330046
2023-08-24,3282.670654296875,3307.1859602788286,3273.3200672580856,3302.2925510571176,1152881
2023-08-25,3276.420654296875,3280.781075652988,3246.333699626096,3270.3160170847173,1158046
2023-08-28,3270.849365234375,3288.727047450962,3255.878630908877,3288.727047450962,1037485
2023-08-29,3271.430419921875,3284.41492834372,3260.6263588577676,3276.1785764714195,944517
2023-08-30,3285.771728515625,3302.38992320139,3278.116860070823,3292.603103634005,1188200
2023-08-31,3252.6806640625,3311.4008645236822,3239.938401616976,3295.5096453655283,3417652
2023-09-01,3274.3857421875,3283.8818183650656,3252.680627982781,3261.595220010862,1277950
2023-09-04,3312.467041015625,3326.372036049027,3265.5198810344486,3273.223245444137,1828332
2023-09-05,3322.980712890625,3340.0831618685725,3299.5311437356463,3313.9206305745624,1501842
2023-09-06,3323.513671875,3337.0794296903973,3292.7002112344603,3327.4865955767264,1314818
2023-09-07,3348.076904296875,3352.679571338452,3316.1489770799544,3324.3853286280405,1885092
2023-09-08,3335.141357421875,3357.5249517272705,3328.503968072845,3348.077370694272,1518917
2023-09-11,3372.68896484375,3377.582373957683,3338.1448321082053,3354.6175351984343,1783604
2023-09-12,3469.73291015625,3478.5505097960563,3374.966365415812,3383.6872087373,4476016
2023-09-13,3457.184814453125,3477.5334499384576,3435.0434664525874,3460.334008040141,1754929
2023-09-14,3449.626220703125,3486.108317457541,3435.624470793236,3459.316045771283,2604721
2023-09-15,3486.690185546875,3495.4595255128456,3451.952064224932,3457.184712278759,2952897
2023-09-18,3494.29638671875,3507.0386494059744,3464.3549200482844,3469.0060836799707,1395753
2023-09-20,3494.19970703125,3512.5618797511047,3468.957663312815,3468.957663312815,1649396
2023-09-21,3474.09326171875,3493.1821710681274,3418.5705130453134,3477.2424550768555,2004073
2023-09-22,3491.874267578125,3521.0407402671312,3454.4716788483393,3472.8338529390844,1989083
2023-09-25,3466.19580078125,3507.716797276769,3448.2696237785926,3490.7596028147955,1238778
2023-09-26,3474.48095703125,3483.4440463276746,3426.322567800822,3456.9425134298713,1726062
2023-09-27,3477.96923828125,3501.9030608077,3445.411328810896,3478.6474787768793,1541134
2023-09-28,3427.04931640625,3491.0506664267564,3417.9409743121146,3488.337467749346,1755753
2023-09-29,3419.152099609375,3457.765914308178,3396.8170033486426,3427.485208034955,2243791
2023-10-03,3404.859375,3424.578027645077,3372.156214446026,3424.578027645077,1948148
2023-10-04,3428.017822265625,3437.9498928410535,3369.4428777465737,3378.1637202030474,1788138
2023-10-05,3478.01806640625,3511.5932215379453,3441.0512353369313,3443.764434146208,2990768
2023-10-06,3509.073486328125,3522.2032478467167,3464.161284844492,3479.6165099714467,2075691
2023-10-09,3525.498046875,3564.887096161617,3518.3759299165076,3531.990183183108,4233074
2023-10-10,3516.3408203125,3534.848482377593,3489.6455392572893,3527.145118113646,1848148
2023-10-11,3497.93017578125,3536.7864724759315,3493.182255691982,3536.7864724759315,2426417
2023-10-12,3432.66943359375,3477.3393905104017,3428.35750824107,3464.1128723522656,4241281
2023-10-13,3460.091552734375,3466.050700995378,3415.6636066560545,3420.5085195732972,2890357
2023-10-16,3414.742919921875,3463.7732938233526,3409.9465037291648,3455.391689596092,1671104
2023-10-17,3398.2705078125,3424.529794587994,3394.6853194711102,3420.508611385952,1672065
2023-10-18,3379.084716796875,3413.435104126742,3375.9355232117896,3402.098054534039,1408245
2023-10-19,3357.12890625,3377.724681433553,3353.48581920293,3370.5841359492374,1514545
2023-10-20,3394.919677734375,3399.728504737113,3345.8594435611435,3352.028261391684,1481211
2023-10-23,3312.926025390625,3379.764574673807,3304.328482504707,3373.9842574878794,1106272
2023-10-25,3293.447998046875,3327.3529006146546,3280.9156360547177,3293.8364991340104,1518537
2023-10-26,3241.61865234375,3277.5151537064353,3235.0610960679364,3272.0263311031777,1984471
2023-10-27,3255.41357421875,3266.1485835370113,3241.86133945955,3254.49070637983,1108851
2023-10-30,3282.22705078125,3286.404504534894,3238.7042584547025,3254.4909683759292,910972
2023-10-31,3272.7060546875,3302.093619260204,3254.5392440240325,3302.093619260204,999811
2023-11-01,3235.692626953125,3275.4753267054184,3216.6029459604515,3259.348500059594,1563475
2023-11-02,3264.30322265625,3279.7011948612367,3247.8849014667153,3247.8849014667153,1245384
2023-11-03,3255.365478515625,3291.310605560701,3248.9537873508134,3285.578909903954,1402598
2023-11-06,3283.87841796875,3295.584917571486,3263.234259583472,3278.778096485328,1099852
2023-11-07,3274.35791015625,3307.09707059183,3270.034827769469,3281.692705943335,1191144
2023-11-08,3285.1416015625,3304.959899943294,3273.4837231784695,3275.3294590505507,992899
2023-11-09,3252.013916015625,3294.8080948322736,3246.767965270087,3293.4481038034774,2112352
2023-11-10,3238.4130859375,3252.0139450675993,3227.6296899353033,3242.8334125908145,1338557
2023-11-13,3236.56689453125,3260.3197727338847,3232.146568499891,3260.3197727338847,1030990
2023-11-15,3307.24267578125,3315.6945893553025,3260.36829431732,3286.647140066283,2059802
2023-11-16,3398.125732421875,3428.7276614876782,3316.8604673723867,3332.2586757585013,3951984
2023-11-17,3402.594482421875,3424.0158804505913,3392.976828048231,3398.125771545085,2021292
2023-11-20,3419.255859375,3433.1479748452243,3391.7140265430435,3391.7140265430435,1475621
2023-11-21,3410.12353515625,3438.1511114703258,3401.1858762052193,3419.255681816323,1807236
2023-11-22,3429.50439453125,3431.9331188697365,3381.853012754233,3400.2140738811468,1798051
2023-11-23,3408.229248046875,3442.960009998753,3400.214456827211,3429.3591521714443,2729804
2023-11-24,3358.537841796875,3404.6349903029873,3354.554638318644,3394.628596856334,1989733
2023-11-28,3371.215576171875,3381.9992089165307,3335.1248213171853,3358.5378227414576,1689195
2023-11-29,3413.572509765625,3417.701341687789,3376.7045168613886,3381.756216718361,1441634
2023-11-30,3388.16796875,3416.3895580906974,3381.7560411082513,3399.6799807329685,3266235
2023-12-01,3411.531982421875,3416.6809256788547,3390.547945535111,3400.2142213855973,1172141
2023-12-04,3412.3095703125,3446.6518323292607,3398.2715890288414,3443.591496909269,1625213
2023-12-05,3430.91357421875,3437.131014250938,3402.934619713637,3437.131014250938,1377656
2023-12-06,3501.346923828125,3509.847460648237,3424.647604718532,3431.885394383781,1896572
2023-12-07,3511.838623046875,3527.0425817635564,3489.3001055832606,3502.2209682419298,1967653
2023-12-08,3523.30224609375,3541.080558059956,3499.3551157926445,3529.4226796795115,1641155
2023-12-11,3539.0400390625,3548.852180752397,3511.9355689624736,3519.6102433835927,1102503
2023-12-12,3567.40771484375,3592.9577063052993,3527.479390026755,3535.2026863392057,2236866
2023-12-13,3491.097412109375,3545.9379669290024,3461.4183496350784,3539.6719048070327,3850968
2023-12-14,3562.69580078125,3573.139315637995,3524.176326902604,3526.5078074404355,3290396
2023-12-15,3750.92236328125,3784.8758865773325,3562.1618353516847,3562.1618353516847,8531230
2023-12-18,3749.173828125,3816.983871548324,3720.9519986913924,3748.105331527849,2521612
2023-12-19,3707.399658203125,3745.190757103993,3681.946670607514,3735.378614376225,2004435
2023-12-20,3672.280029296875,3787.6444418961732,3659.1649171276918,3718.134299963476,2586083
2023-12-21,3679.517578125,3698.170134649371,3636.6263987860348,3649.158522199876,1517562
2023-12-22,3714.9775390625,3736.3016958582725,3654.7451626446455,3691.661780449137,2413058
2023-12-26,3687.33837890625,3724.692116519827,3682.0921913636303,3710.945629897685,1285231
2023-12-27,3702.5419921875,3709.3424209966324,3660.5736789728826,3690.6898636990395,1293976
2023-12-28,3691.564208984375,3728.578067370453,3683.9867778516013,3714.977209386298,1682889
2023-12-29,3685.24951171875,3713.6172051567646,3658.047795847884,3683.889520797263,1574996
2024-01-01,3702.4453125,3722.7493568655395,3665.431451840731,3681.9467804072015,825907
2024-01-02,3675.34033203125,3702.445040999075,3659.8451164485364,3702.445040999075,1344068
2024-01-03,3586.497802734375,3664.3142378242237,3581.9318476857156,3659.602416983921,1803075
2024-01-04,3562.259033203125,3612.97075599101,3546.9094461207787,3596.2125560606937,3598144
2024-01-05,3631.33203125,3640.9013017132497,3570.079782311441,3570.22541092554,1963127
2024-01-08,3573.43115234375,3633.1291560173595,3567.699219937264,3631.3318049280083,1067805
2024-01-09,3584.7001953125,3645.3699243725832,3577.7541379650293,3604.1786136578194,1370944
2024-01-10,3607.1904296875,3622.9285177983875,3582.854561544668,3584.7975412418177,1292227
2024-01-11,3629.049072265625,3665.4313208716426,3601.3129887281157,3617.8283167044788,1777909
2024-01-12,3772.100830078125,3793.910729734483,3712.6456988035065,3738.292935924279,6813450
2024-01-15,3792.502197265625,3851.9573298002842,3774.238140296117,3847.0998804562737,2801505
2024-01-16,3751.2138671875,3787.8389877012887,3745.627800457753,3787.8389877012887,1432672
2024-01-17,3773.849365234375,3798.476489312461,3703.8534778329463,3710.119539595767,3458696
2024-01-18,3791.33642578125,3797.3596154824213,3751.893842559141,3786.867477549335,2239110
2024-01-19,3839.48779296875,3859.4493706259377,3812.2231990955183,3841.3865296392432,2941975
2024-01-23,3756.914794921875,3830.5777865241894,3741.821895467125,3797.5682499048307,2618854
2024-01-24,3740.89697265625,3781.6476594002056,3705.6477962212402,3778.093620029419,2657709
2024-01-25,3710.223876953125,3759.592211989129,3679.4537445919404,3739.04630087267,2205154
2024-01-29,3701.16845703125,3719.669430639141,3681.547782743708,3700.973757486317,1646747
2024-01-30,3700.730224609375,3746.739223534862,3687.5360620279253,3707.4489039642863,1411621
2024-01-31,3715.7255859375,3733.301557613305,3696.7377454645057,3711.10034274536,2459358
2024-02-01,3752.92236328125,3802.3394370231667,3705.112095657625,3719.669392987647,2363107
2024-02-02,3862.126708984375,3879.751176833713,3770.3034145401643,3773.2733550130965,2826510
2024-02-05,3868.943359375,3916.3642312882307,3858.0375691806425,3878.3885463006027,1691523
2024-02-06,4027.36962890625,4040.9044559236536,3885.204259994182,3892.0204078187335,4474396
2024-02-07,3976.151123046875,4045.870674282295,3966.9493708640375,4043.9232034402817,2124267
2024-02-08,4025.519775390625,4048.791957302528,3978.7317399785748,3982.5779474187925,2345173
2024-02-09,4025.13037109375,4074.8393750314503,3992.315296643514,4027.905136727231,2100596
2024-02-12,4012.4716796875,4050.3498919084377,3997.7192079138513,4021.5272287851185,1013716
2024-02-13,4040.514892578125,4060.476467538446,3974.300887831695,4017.096747258583,1257415
2024-02-14,3992.412841796875,4006.823936375819,3943.1417325879884,3999.131521357913,1391283
2024-02-15,3995.431396484375,4037.399013046153,3975.7617506652705,4019.5798449047847,1091582
2024-02-16,4019.8720703125,4039.0063532331533,3992.413014514953,4005.2175412353613,1307556
2024-02-19,3996.01513671875,4019.871653973267,3948.4970394720403,4014.7595431330133,772291
2024-02-20,3924.786376953125,3990.367549263329,3904.678836638836,3974.885251960021,1193648
2024-02-21,3886.6650390625,3956.62802606332,3876.051417775102,3907.6003511857225,1885939
2024-02-22,3979.754150390625,3987.3978308394308,3866.7033724629737,3866.7033724629737,2982052
2024-02-23,3945.673828125,4021.5277306653174,3940.123345432645,4021.5277306653174,2538072
2024-02-26,3895.9638671875,3943.6281649940406,3878.144462748152,3929.995870102703,1379284
2024-02-27,3996.599609375,4015.68491892097,3893.967990001203,3893.967990001203,2960475
2024-02-28,4010.767578125,4045.7730801502776,3981.6040129877983,3988.0307616584355,1939225
2024-02-29,3987.544189453125,4029.4148143603447,3957.7965235140628,3991.3416626673097,3772719
2024-03-01,3986.813720703125,4031.2646476321634,3979.461970720343,3999.3263159688886,2043265
2024-03-04,3973.52197265625,4009.744881748288,3968.8479952218395,3997.183790263655,1749271
2024-03-05,3906.723876953125,3957.2606489086174,3875.4668756536166,3955.3131781168318,2070859
2024-03-06,3957.552978515625,3965.050693824185,3854.4829875644286,3889.148064163673,1744204
2024-03-07,4000.689453125,4015.684883544461,3931.6514690128774,3958.2344936004447,2688905
2024-03-11,4014.078369140625,4043.9232651586194,3981.6041972630856,3981.6041972630856,2304068
2024-03-12,4082.142333984375,4118.852349676339,4012.8121815666727,4014.0783228927667,4039801
2024-03-13,4040.028076171875,4129.611730789328,4023.377106146199,4094.557257243368,2837260
2024-03-14,4097.0888671875,4114.031766828185,3978.6825560378616,4044.36119419038,2919608
2024-03-15,4108.43359375,4127.664870274634,4067.2932680200865,4082.483637227106,3373143
2024-03-18,4043.43603515625,4143.000474552933,4009.696200417812,4104.537928282332,1526904
2024-03-19,3872.837890625,3951.418290603149,3862.4189692920513,3944.8455765909334,8931209
2024-03-20,3866.605712890625,3912.4687442321783,3856.1867919038723,3881.309212172589,1817913
2024-03-21,3868.602294921875,3903.121169849542,3844.3076424475253,3885.253266580062,3829582
2024-03-22,3808.181640625,3834.5699647781776,3753.7499274301354,3794.646813799024,5852485
2024-03-26,3775.6591796875,3843.0416247876974,3769.768032712524,3773.2248410803513,3440925
2024-03-27,3740.0205078125,3792.6996923404718,3728.8225497991716,3786.3704117242423,1968575
2024-03-28,3774.490478515625,3812.173989951078,3739.630704573976,3748.9786592575383,4311783
2024-04-01,3813.878173828125,3829.9935424376545,3785.9320150576273,3795.328466689312,1569676
2024-04-02,3781.793701171875,3807.1595566059486,3771.277311008361,3787.8308132771813,2142666
2024-04-03,3843.625732421875,3876.4405673478477,3749.8549673088573,3749.8549673088573,3973090
2024-04-04,3898.1552734375,3922.839325084273,3831.892526838057,3871.4747787935144,3394637
2024-04-05,3874.736572265625,3896.8890525116617,3856.4790336013084,3873.519403021337,1636819
2024-04-08,3868.213134765625,3926.7344975953292,3855.992706294692,3878.388623528222,2302538
2024-04-09,3842.8955078125,3910.375418883656,3821.9601966177256,3879.3618511619097,1876992
2024-04-10,3879.99462890625,3885.3989078695354,3815.0952602167276,3852.486604122911,2101965
2024-04-12,3896.304931640625,3907.941260442175,3841.873215117463,3866.7034690739947,4354821
2024-04-15,3837.686279296875,3957.4557449930167,3816.1181332079914,3896.3051084577633,4200329
2024-04-16,3771.082275390625,3825.513985849927,3761.3936562953495,3799.515299796274,3051420
2024-04-18,3760.566162109375,3832.6225826158725,3748.8813371623755,3774.977493756349,3476284
2024-04-19,3725.70654296875,3751.364567248346,3701.070988460548,3737.1966688605844,2957749
2024-04-22,3763.09765625,3776.1456145974435,3711.8790827347743,3736.222466016088,1728883
2024-04-23,3772.9326171875,3792.699493931328,3759.2030902829515,3775.2209905357795,1807586
2024-04-24,3730.428955078125,3795.620490873651,3724.002206513264,3787.8306078754495,1317312
2024-04-25,3751.02392578125,3771.9105051572933,3710.9060698688877,3711.100769427373,2856271
2024-04-26,3720.984130859375,3774.977715088682,3702.6778564900783,3753.896199540408,2039178
2024-04-29,3768.55078125,3775.9512655457443,3718.8902747468273,3737.1965482191617,1110693
2024-04-30,3720.302490234375,3779.79782513137,3709.932302119023,3770.3039038857896,2203078
2024-05-02,3761.832275390625,3769.4274595752354,3678.8213268689515,3678.8213268689515,2491044
2024-05-03,3742.45458984375,3791.3362977409042,3697.857698127601,3787.976720384603,2962234
2024-05-06,3818.0654296875,3836.468934581478,3751.802684840144,3751.802684840144,2053831
2024-05-07,3874.444580078125,3883.256933352698,3810.7136430982405,3827.559313749985,2062112
2024-05-08,3872.497314453125,3879.654365405302,3835.1547010000268,3856.9662809130764,1247685
2024-05-09,3856.187255859375,3866.7036467404337,3807.354515925793,3857.9400272942835,1726486
2024-05-10,3791.62841796875,3869.23532442329,3783.011001772584,3858.5242343481314,1672489
2024-05-13,3844.11279296875,3851.1236405461927,3768.3561286760473,3782.4752924656605,931326
2024-05-14,3798.73681640625,3842.165514012795,3790.6547643566246,3832.6228587395644,1058317
2024-05-15,3778.482666015625,3823.810095410986,3773.7114577543716,3801.949783718732,1115021
2024-05-16,3826.10107421875,3834.487070300572,3769.753435145223,3816.44021325187,2599399
2024-05-17,3760.534423828125,3844.786146928576,3756.512995596032,3843.805334135992,2765804
2024-05-21,3746.90087890625,3770.9798801907446,3736.94572511883,3757.1014753412887,1908117
2024-05-22,3758.474365234375,3767.5468829479496,3744.301669237929,3761.4168034117506,1311168
2024-05-23,3818.7451171875,3830.073551639933,3752.0989428421417,3767.252451000279,2095742
2024-05-24,3775.638916015625,3809.280843324809,3770.5387372895793,3803.837284332406,1309452
2024-05-27,3773.235595703125,3833.359462905497,3767.6450111298777,3781.0330088807773,1841538
2024-05-28,3766.222900390625,3795.745460868769,3756.512949645319,3783.975707501734,1801993
2024-05-29,3730.668212890625,3775.04998854492,3727.0883422391244,3775.04998854492,1568095
2024-05-30,3664.41455078125,3721.595741600682,3644.160624153166,3704.529695813898,2919230
2024-05-31,3600.514404296875,3677.851583002053,3583.644473414878,3668.239570460936,10956800
2024-06-03,3631.802490234375,3679.568021993886,3625.0838272936135,3661.1777834219824,2156773
2024-06-04,3643.71923828125,3673.143619747855,3522.5888679103928,3629.0070475479474,3395997
2024-06-05,3674.56591796875,3711.1993703487906,3629.0072131436405,3644.700217308586,2799670
2024-06-06,3756.9052734375,3766.222995087351,3669.711110833498,3708.453216640774,4328036
2024-06-07,3819.23583984375,3839.8819965542752,3763.6728921767453,3763.6728921767453,4552445
2024-06-10,3784.661865234375,3830.956176142604,3768.1841642111144,3820.265413643011,1734661
2024-06-11,3778.188720703125,3805.5042108924868,3767.3016038836363,3771.2248547077797,1419898
2024-06-12,3758.13134765625,3818.794716382963,3754.011981701653,3800.061095730058,2177001
2024-06-13,3803.739013671875,3815.3617409789495,3778.0908550773556,3782.7988043456485,1932323
2024-06-14,3758.5234375,3814.3806741009234,3754.5510980864838,3814.3806741009234,1860730
2024-06-18,3741.89892578125,3768.2826937315417,3722.23358168768,3752.6387778109693,1774045
2024-06-19,3728.755615234375,3760.2888873952325,3720.1735040598087,3754.2076570551294,1509050
2024-06-20,3714.582763671875,3736.8471632650467,3707.5209603786343,3723.1648744863523,2846526
2024-06-21,3737.6318359375,3803.395372538212,3725.1755630739294,3753.570041627714,4642195
2024-06-24,3743.56591796875,3782.994540161638,3718.5551944079198,3735.6703279337926,1702154
2024-06-25,3764.800537109375,3773.823966241929,3720.1244698231185,3743.7621521570873,1338808
2024-06-26,3781.86669921875,3792.753576383001,3767.301535017876,3770.7343794262497,1639845
2024-06-27,3858.664306640625,3866.363782355002,3744.841180868651,3757.493569305432,4526556
2024-06-28,3829.239990234375,3884.0184779341994,3823.06106149356,3842.6282279040265,2731571
2024-07-01,3901.869140625,3924.918239697478,3809.476629681037,3809.476629681037,2658723
2024-07-02,3940.31689453125,3946.20177080493,3906.135715182029,3916.973743543969,2307449
2024-07-03,3889.167724609375,3948.8502757332676,3879.1143940054417,3942.867222225506,1821198
2024-07-04,3943.798583984375,3969.692181663131,3905.694156139341,3923.1035807071153,2518001
2024-07-05,3934.824462890625,3949.4875649580613,3911.48107259024,3933.0589521281,1668616
2024-07-08,3916.58154296875,3953.901517117693,3901.7223251427313,3944.8289989078726,1758882
2024-07-09,3909.029296875,3930.067682911231,3898.828939844174,3908.538890489744,1305801
2024-07-10,3834.143798828125,3926.4874564825413,3827.131083936563,3907.2634321390183,2669716
2024-07-11,3848.41455078125,3903.6343509229864,3820.853858962281,3855.574531024688,4872189
2024-07-12,4103.671875,4119.364879680974,3895.101890988185,3903.634914392215,13509164
2024-07-15,4089.205078125,4158.646435530645,4077.287819006377,4154.429131889809,4848030
2024-07-16,4098.27734375,4114.068046345619,4065.3707877010006,4091.95090976698,2029521
2024-07-18,4232.74609375,4242.014965412821,4080.180868466435,4080.180868466435,5613364
2024-07-19,4229.6494140625,4285.046672091509,4212.789504234044,4244.395774849738,3903354
2024-07-22,4214.853515625,4246.9023647010945,4192.881345045204,4227.240553001,1896386
2024-07-23,4229.6005859375,4287.947117977994,4194.159876371138,4210.577683912533,2365208
2024-07-24,4233.4345703125,4265.729197669507,4195.929753955791,4215.00161862754,1809793
2024-07-25,4249.40966796875,4269.563027874675,4201.926577858845,4222.374672972997,2810342
2024-07-26,4313.65478515625,4347.669820651988,4263.71348771561,4276.444704766146,3552210
2024-07-29,4307.01904296875,4356.075176096543,4297.0897302455405,4340.345723869609,1746803
2024-07-30,4291.53515625,4323.632972146041,4254.128266463847,4316.849742205607,1797906
2024-07-31,4311.19677734375,4339.36222911044,4271.52897269707,4276.444426060357,2330091
2024-08-01,4322.748046875,4344.572371561555,4291.239703135842,4325.008963388223,2202244
2024-08-02,4210.62646484375,4323.632933737026,4197.797323114393,4291.190940373379,2811282
2024-08-05,4084.791259765625,4167.321924905007,4040.994756386419,4167.321924905007,2787771
2024-08-06,4100.66845703125,4186.246317493068,4090.443928890724,4100.422684336041,2203067
2024-08-07,4129.42333984375,4173.170874055229,4109.613679096742,4156.507295418715,1237666
2024-08-08,4101.99462890625,4160.439559050725,4089.6570334714115,4110.301936765378,2441283
2024-08-09,4157.2451171875,4181.72398149421,4134.437219184381,4145.693800574564,1302536
2024-08-12,4124.70458984375,4167.321669660878,4115.562037921638,4158.473852952468,936912
2024-08-13,4125.98291015625,4162.406230389115,4112.268602200677,4141.761324664464,1495593
2024-08-14,4222.62060546875,4233.385641348028,4117.33148860454,4137.829027045683,3226545
2024-08-16,4341.37744140625,4352.14247645142,4251.965631333624,4276.444493463673,3457058
2024-08-19,4414.0771484375,4418.255283822992,4316.112258286147,4346.243891590688,2055210
2024-08-20,4446.81396484375,4487.809038984132,4423.908143576909,4428.823597069772,2212298
2024-08-21,4474.537109375,4482.893379929694,4416.583723341674,4441.603572482973,1896990
2024-08-22,4425.87451171875,4483.827902854787,4421.155868176405,4482.893774641826,1829872
2024-08-23,4388.41845703125,4429.806671292171,4379.669045851447,4423.908127122674,1809253
2024-08-26,4426.31689453125,4475.1762140890105,4409.161769882674,4413.094132665178,1844164
2024-08-27,4421.1064453125,4433.739257383393,4410.931360102684,4428.823803661238,930697
2024-08-28,4429.85546875,4485.351128420017,4381.929799158663,4422.679098954422,1848058
2024-08-29,4435.5087890625,4478.961593547129,4384.584878669929,4384.584878669929,2133641
2024-08-30,4476.74951171875,4514.598505669049,4411.914484617352,4423.908383801126,3637222
2024-09-02,4444.6015625,4510.419670141083,4435.7047845851275,4498.622582948037,1216500
2024-09-03,4436.04931640625,4478.862723418696,4419.877282744973,4444.601917289093,1717263
2024-09-04,4403.50927734375,4411.12823071751,4361.678957604827,4401.248360610483,1265505
2024-09-05,4400.26513671875,4422.925185992935,4378.833470829995,4405.229552886051,1688793
2024-09-06,4381.3896484375,4442.5380843769135,4364.922878569025,4398.299001148173,1649179
2024-09-09,4374.31103515625,4414.323018683421,4355.583349318389,4379.669071484804,1184938
2024-09-10,4431.62548828125,4463.182795615785,4365.365271401029,4367.33145279228,1385591
2024-09-11,4403.607421875,4472.423770856639,4395.644291202173,4444.995636338908,1325919
2024-09-12,4441.30908203125,4455.957037570517,4356.369660869125,4433.984864249237,2742216
2024-09-13,4446.12646484375,4470.113783909694,4428.823971082729,4453.401240622589,1458786
2024-09-16,4436.9345703125,4469.179756667669,4418.452655210724,4450.452068864939,1155120
2024-09-17,4429.462890625,4459.102981728869,4390.483437082196,4436.9344765811065,1699364
2024-09-18,4272.65966796875,4421.007962696659,4247.935032184893,4421.007962696659,2961779
2024-09-19,4223.50537109375,4347.424252297365,4209.397922353699,4315.8174996062235,2927551
2024-09-20,4212.4453125,4257.471155302491,4156.016001413029,4243.90421540839,5447908
2024-09-23,4196.32275390625,4236.531068498641,4181.084847689653,4227.290111701271,1702319
2024-09-24,4199.0751953125,4218.442274483283,4168.304647823145,4179.757558692518,3012026
2024-09-25,4202.466796875,4217.065789174138,4168.304396455933,4180.445662106218,2713073
2024-09-26,4219.9169921875,4243.805905107155,4187.96654320763,4187.96654320763,3964251
2024-09-27,4235.8427734375,4303.970761828414,4227.338655500452,4261.697864898623,3012477
2024-09-30,4196.32275390625,4226.061248296706,4188.015445281488,4214.411527216484,2503416
2024-10-01,4215.39501953125,4223.112378452082,4171.20537530813,4183.591935586364,1823365
2024-10-03,4161.177734375,4206.645685521381,4138.812417865159,4190.523091822548,3350119
2024-10-04,4180.34814453125,4225.324551753851,4152.624790036564,4153.55891837134,2965463
2024-10-07,4200.59912109375,4224.586437755327,4157.883638905139,4201.631174301058,1472619
2024-10-08,4181.3310546875,4207.038783776306,4132.864868987183,4200.353958171027,1541867
2024-10-09,4181.03564453125,4222.374415071707,4174.891327862054,4187.966241724208,1082504
2024-10-10,4155.91796875,4221.2445446845495,4127.605145605231,4181.330962037905,2378875
2024-10-11,4079.040283203125,4170.221949176848,4042.9116985720275,4072.944928615996,5759183
2024-10-14,4066.702392578125,4094.966252596924,4052.4970187748586,4069.9958427070137,2137590
2024-10-15,4047.187744140625,4099.439400703778,4025.756558136523,4061.1967871084994,2759474
2024-10-16,4025.70751953125,4045.418537564878,3998.426750535521,4015.925814326252,2359151
2024-10-17,4039.52001953125,4060.1159634051687,4023.741364492149,4043.2555724895037,2522659
2024-10-18,4063.220458984375,4085.985352412221,4020.7953476110742,4030.6502381689447,2361000
2024-10-21,4020.647705078125,4079.875694816127,4010.940541435238,4072.63225386454,1595450
2024-10-22,3957.231201171875,4030.453084242788,3948.214072783788,4006.998397202053,1928049
2024-10-23,4007.2451171875,4053.858559887262,3937.176744813799,3941.562363857524,1966476
2024-10-24,3989.161376953125,4019.8101853186554,3945.898500126476,3945.898500126476,2676744
2024-10-25,3998.67138671875,4032.62143844137,3974.1818860941275,3998.1786421637107,1759676
2024-10-28,4031.488037109375,4074.0117940177324,3992.2162016366315,4009.9056822307925,1532534
2024-10-29,4016.114501953125,4043.954569355168,4001.1844381519086,4036.4156738907773,1445885
2024-10-30,4025.3779296875,4047.40370716728,4001.1350423451786,4015.8680561740116,1935002
2024-10-31,3910.8642578125,4019.120334095931,3902.5369228517584,4010.940726264307,3740372
2024-11-01,3926.38525390625,3940.921216760745,3918.3536147376726,3931.9534111550183,154895
2024-11-04,3906.62646484375,3933.9737869859623,3856.4651665950405,3908.7454107378453,2269192
2024-11-05,3913.72216796875,3928.159486802753,3883.911123193089,3883.911123193089,967590
2024-11-06,4079.57958984375,4089.5822073155864,3917.5652886357793,3945.5039990332534,3792017
2024-11-07,4090.66650390625,4144.769757867758,4025.7721926964314,4109.193987227991,3724349
2024-11-08,4086.823486328125,4109.2433643879185,4057.899283668953,4094.707399492009,1648039
2024-11-11,4137.77294921875,4172.855973445886,4057.898775266831,4068.295973166591,1406487
2024-11-12,4136.4912109375,4156.792379489953,4103.92099370928,4154.821401595459,1587640
2024-11-13,4090.124267578125,4135.850859823102,4071.104041624794,4117.47158666077,1098813
2024-11-14,4085.7392578125,4099.634750682591,4056.7168918647276,4074.9975226135857,1825432
2024-11-18,3961.173583984375,4151.865731888586,3932.298704166631,4151.865731888586,3313944
2024-11-19,3980.932373046875,4072.188515474592,3955.8517246360525,3961.5673686951022,1776233
2024-11-21,4013.749267578125,4033.064709051959,3965.6080301184593,3986.204655506895,2384347
2024-11-22,4183.00732421875,4193.207233116264,3995.1729968028085,4011.9263122802745,3096553
2024-11-25,4252.48388671875,4265.295244341108,4190.496721846663,4217.89312489922,4052167
2024-11-26,4289.53857421875,4303.236776393483,4247.45799740418,4258.347459420346,2060669
2024-11-27,4269.6806640625,4313.879947019853,4261.304006601975,4295.697961602462,1558993
2024-11-28,4183.30224609375,4276.973266192127,4171.57502299117,4256.327078738215,2558544
2024-11-29,4208.8759765625,4236.32194265591,4134.767008032492,4158.76376247456,2017425
2024-12-02,4214.591796875,4225.974484518176,4168.66790929936,4208.038390702419,1670944
2024-12-03,4240.3134765625,4262.240610338228,4203.554923430304,4251.745247039808,2010905
2024-12-04,4291.2138671875,4323.29182780231,4226.812054865757,4250.9565390895195,3302642
2024-12-05,4399.27197265625,4423.860115654862,4296.732034808465,4336.939793481563,3746747
2024-12-06,4380.99169921875,4400.208736252777,4348.7169318923725,4388.38286730876,1842087
2024-12-09,4387.544921875,4404.544607771133,4351.47592686491,4366.160098479674,2066639
2024-12-10,4368.22998046875,4428.591194238027,4348.077014956385,4361.9229457997935,2087828
2024-12-11,4363.2041015625,4384.096182690506,4343.050656096367,4367.540157555417,1635256
2024-12-12,4390.30419921875,4419.917949748228,4361.774101579857,4365.765139357171,1914642
2024-12-13,4408.9794921875,4429.674762836589,4330.63311044452,4370.594981296335,1967048
2024-12-16,4351.13134765625,4410.063399035425,4333.195254873467,4394.295574591947,1646224
2024-12-17,4265.689453125,4368.623979293737,4255.341817856936,4346.0068125866355,3225027
2024-12-18,4284.7587890625,4298.703363293438,4227.354050201463,4249.133455090055,1575404
2024-12-19,4209.91064453125,4300.674283743088,4200.154399017653,4219.864180336366,3015763
2024-12-20,4109.78466796875,4318.412885998388,4092.2431558896187,4266.181967934054,4116989
2024-12-23,4097.958984375,4155.807384938678,4055.1888552154614,4139.1031528173025,2195338
2024-12-24,4118.8515625,4156.792891643738,4097.959001765894,4097.959001765894,1181886
2024-12-26,4108.6025390625,4139.004972823218,4083.028905459881,4118.851529054263,1208464
2024-12-27,4104.4140625,4120.2805320435555,4087.0693594187683,4102.59081156437,858100
2024-12-30,4098.4521484375,4138.364459634742,4052.331447976817,4090.7655254260135,1527169
2024-12-31,4035.380615234375,4079.875590257681,3973.5411772675748,4074.997226975595,1555429
2025-01-01,4052.774658203125,4074.0117548678522,4026.1662131104285,4034.9862920363385,763161
2025-01-02,4115.15625,4122.301046219242,4037.499898743688,4060.2152307968627,1720835
2025-01-03,4040.406494140625,4119.295181980029,4032.9169216558203,4119.295181980029,1791953
2025-01-06,4035.57763671875,4089.434516754721,4007.3925538104386,4045.9252716846954,2085593
2025-01-07,3969.845703125,4080.269802492842,3953.3387610597765,4055.2384761375806,2669054
2025-01-08,4048.783447265625,4066.128152200564,3959.4489538302996,3976.349996178194,2181277
2025-01-09,3980.24267578125,4077.7074497691788,3966.8892505981958,4041.4907259992515,2392472
2025-01-10,4203.75146484375,4234.646644233189,4109.4895290789855,4139.054201950057,7894300
2025-01-13,4228.83203125,4260.219952785728,4166.056188178543,4183.400891174992,4003771
2025-01-14,4171.6240234375,4251.300905411956,4157.82717742273,4239.573682538562,3441709
2025-01-15,4187.9345703125,4194.685266878148,4146.396301039106,4156.793018552642,1653474
2025-01-16,4145.26220703125,4231.689785201745,4131.022179634115,4198.183159049705,2637705
2025-01-17,4074.13818359375,4109.996975792013,4050.1831231881365,4109.305296575243,1761466
2025-01-20,4028.2041015625,4095.3768153243486,4018.62212534306,4095.3768153243486,1287799
2025-01-21,3986.764404296875,4061.000302162467,3980.9854579700177,4045.491300349546,1971591
2025-01-22,4106.0458984375,4112.516041833744,3995.0128065804856,4000.74231294192,2409223
2025-01-23,4095.031494140625,4140.373142651605,4089.6967853278056,4117.307038660843,1822998
2025-01-24,4101.84716796875,4127.185103550523,4054.085128044842,4054.085128044842,1910099
2025-01-27,4015.707763671875,4105.7987421505895,3991.901023160227,4052.109674254546,1551782
2025-01-28,3991.16015625,4052.1096856868503,3979.306105487386,4021.2892019383103,2468272
2025-01-29,4049.936279296875,4057.888661146309,4004.693511497203,4004.693511497203,1217089
2025-01-30,4050.18310546875,4079.6701524518658,4009.1386486944825,4050.035026306533,1531251
2025-01-31,4062.383056640625,4078.2381387724013,4035.563363544183,4060.0123429818477,1492943
2025-02-01,4023.610595703125,4085.5974046676292,4006.6692774506637,4062.9760202550738,437172
2025-02-03,4019.1650390625,4027.413578843086,3950.0658526045604,3981.8741725917307,1265713
2025-02-04,4057.097900390625,4068.7546725517195,4016.5968031738958,4034.0320389626604,2547132
2025-02-05,4041.34228515625,4099.525820208286,4026.4258417274636,4099.525820208286,1693912
2025-02-06,4033.09375,4089.1535308615516,4002.2732667297546,4055.468173998699,2284536
2025-02-07,3980.392333984375,4040.255383072488,3959.2527079106435,4040.255383072488,1548940
2025-02-10,3987.850830078125,4002.7178337412574,3965.5258456983292,3990.8637829009576,1339511
2025-02-11,3915.34375,3990.863885944065,3906.8976903239545,3969.5264974120864,1810908
2025-02-12,3902.1064453125,3972.83571115218,3892.228069702002,3922.801835153518,1678002
2025-02-13,3862.593017578125,3935.989398017966,3854.789197163407,3919.739518058658,2277310
2025-02-14,3886.99267578125,3899.982643080853,3852.5664407333657,3877.2623794560154,1681975
2025-02-17,3857.011474609375,3886.152680525876,3809.2988756711575,3809.595275152018,1799806
2025-02-18,3826.09228515625,3876.669518619195,3817.498146852113,3850.9857427573356,2149879
2025-02-19,3738.076171875,3827.82106864859,3722.319970005145,3825.1045153843083,4366672
2025-02-20,3733.43310546875,3741.928604788681,3705.675015273267,3715.7509099558138,2888572
2025-02-21,3739.953125,3770.5760903658215,3729.0869114830957,3730.173629303301,1833931
2025-02-24,3630.89599609375,3717.430425557689,3625.364009039234,3697.624233350342,2508516
2025-02-25,3585.40576171875,3613.5096912637337,3577.2066619706934,3580.911052714881,4101954
2025-02-27,3568.612548828125,3593.752965954935,3556.9065775254853,3567.772790451682,3823856
2025-02-28,3440.88525390625,3556.215291484246,3414.954517405844,3541.348287656423,7085018
2025-03-03,3450.56591796875,3480.398563015721,3433.871319078812,3442.6137776512555,4990439
2025-03-04,3489.091796875,3507.811270911589,3422.1658003657744,3431.747776723982,2797737
2025-03-05,3503.9091796875,3556.5609685813047,3478.0278844831014,3478.0278844831014,2501894
2025-03-06,3557.7958984375,3565.5502786807147,3493.0925374232374,3513.7382462249243,2786513
2025-03-07,3567.27880859375,3580.9110146215976,3530.926339576579,3556.2150765897245,2051315
2025-03-10,3545.990966796875,3578.0464882486435,3539.0269050026495,3562.6361259918417,1004626
2025-03-11,3531.815673828125,3545.1020407658093,3494.623445019518,3514.7260358188087,1995450
2025-03-12,3463.555908203125,3525.8391128612507,3444.4413966520915,3521.640803348143,3174167
2025-03-13,3468.346923828125,3481.435770783201,3441.724751274507,3459.703345650245,1693004
2025-03-17,3455.1591796875,3487.5108578515615,3435.0568312409873,3446.565041661376,2690906
2025-03-18,3455.1591796875,3455.1591796875,3455.1591796875,3455.1591796875,0
2025-03-19,3454.56689453125,3503.8598932625678,3420.634577218764,3503.8598932625678,3051244
2025-03-20,3519.813232421875,3535.4211137803227,3469.285438744659,3469.285438744659,2845192
2025-03-21,3534.58154296875,3572.267448060842,3422.857022476548,3432.735397721791,4161925
2025-03-24,3584.81298828125,3605.360057323045,3523.2214624383355,3556.215139766549,1834751
2025-03-25,3613.262939453125,3664.877453453925,3593.753147079617,3600.6680101993416,3135390
2025-03-26,3591.579833984375,3635.736124498959,3581.7508985374016,3603.3844445431537,1734499
2025-03-27,3606.79248046875,3618.449012006768,3566.5875396807087,3570.884729570523,2528474
2025-03-28,3562.290283203125,3616.4238291582196,3548.2135981206075,3606.5948937734543,2051919
2025-04-01,3507.613525390625,3540.4096829245336,3482.1272690594255,3529.2470706788267,2618493
2025-04-02,3500.8466796875,3520.751750127819,3487.1158348283598,3500.8961197970325,1764313
2025-04-03,3361.75927734375,3459.407116080848,3354.8444144618065,3448.5409029806515,4537821
2025-04-04,3259.27099609375,3358.301706837936,3255.418526258992,3321.702519893932,5317367
2025-04-07,3234.2294921875,3251.368328518194,3018.8809120553065,3062.296322980731,6623955
2025-04-08,3252.899658203125,3308.2680019006634,3215.70767038631,3261.889076504213,5557558
2025-04-09,3207.11328125,3230.2285819736,3172.9834478453536,3220.893565957195,2990265
2025-04-11,3192.197021484375,3258.8266155521846,3167.0071641277755,3249.5410391127716,7108961
2025-04-15,3208.69384765625,3274.08864453866,3199.2107519795586,3274.08864453866,3512160
2025-04-16,3233.982666015625,3238.230415776077,3189.727494903794,3208.6939279027843,2384391
2025-04-17,3258.777099609375,3263.420128892314,3178.861140676779,3206.026672488032,2932346
2025-04-21,3281.201416015625,3313.207257273907,3244.1575066096107,3250.084532114573,2432946
2025-04-22,3274.088623046875,3293.3514549412,3254.9246713743637,3282.18908375484,2710498
2025-04-23,3371.48974609375,3379.2935667052634,3296.7104876244343,3324.0735410505326,3543923
2025-04-24,3360.228271484375,3370.9956041985065,3346.4971849798935,3359.734352714529,2252175
2025-04-25,3406.06396484375,3435.5015728669696,3363.5869490408845,3378.404512693047,2742991
2025-04-28,3401.61865234375,3415.7447777461534,3363.586906121815,3393.222033047998,1593296
2025-04-29,3430.265869140625,3452.492213865078,3388.6778120988047,3412.9787121327167,1578332
2025-04-30,3411.694580078125,3467.2110034862103,3325.061273098265,3429.772055911222,2809332
2025-05-02,3389.2705078125,3449.034677361511,3378.4042951672254,3429.7718458539784,1721761
2025-05-05,3412.287109375,3461.87650342117,3404.4830484567965,3408.0393599095555,1284443
2025-05-06,3417.91796875,3430.759857071893,3395.1977047958817,3417.91796875,1324763
2025-05-07,3403.19921875,3417.4239829127787,3378.997198925932,3378.997198925932,1477128
2025-05-08,3406.952880859375,3434.7112128994936,3386.998610284149,3406.063923519544,2543591
2025-05-09,3398.457763671875,3404.2859090779284,3356.7710649388723,3357.6600223156292,2531757
2025-05-12,3576.366943359375,3586.344199009816,3459.604594038759,3462.370587392757,2228678
2025-05-13,3472.2490234375,3578.935479918652,3467.803754417452,3576.3670057941126,3062887
2025-05-14,3505.5390625,3517.689512589028,3465.9269214811093,3478.1760106222882,2119499
2025-05-15,3536.359619140625,3556.21525075921,3471.360099994329,3520.653098251618,3548330
2025-05-16,3517.98583984375,3550.1891985825587,3502.970757638989,3550.1891985825587,1666727
2025-05-19,3476.0029296875,3506.8234139931265,3461.086485739748,3506.8234139931265,2537377
2025-05-20,3455.752197265625,3514.726051583229,3451.5044475075333,3488.8447556489973,2038374
2025-05-21,3482.917724609375,3493.9814570703943,3455.752191652226,3465.334167770128,1440153
2025-05-22,3434.711181640625,3455.2582510362627,3409.323804689904,3452.492257645667,2034383
2025-05-23,3471.853759765625,3492.005548214681,3423.4497224636393,3434.7109734490655,1274331
2025-05-26,3494.27783203125,3501.884132971573,3467.4086987656956,3478.176031648211,967470
2025-05-27,3456.147216796875,3496.944956186642,3440.7370955910233,3489.042255720683,2467680
2025-05-28,3455.1591796875,3486.0785417090847,3450.5163916661472,3477.1880041983504,1222933
2025-05-29,3455.5546875,3489.536203315723,3444.0956752612224,3462.0742707354857,3188072
2025-05-30,3421.2763671875,3464.049779998847,3411.10183367777,3447.5529416641066,3404365
2025-06-02,3407.842041015625,3417.91793582919,3377.0215575741954,3408.039560292111,1877585
2025-06-03,3363.784423828125,3431.2537776661225,3359.1416355127826,3404.0882446631517,2848125
2025-06-04,3369.465087890625,3383.3182215676084,3358.6020509863906,3377.5377895527827,2544807
2025-06-05,3359.6982421875,3397.4699581243544,3352.3231247435624,3397.4699581243544,3584683
2025-06-06,3372.75390625,3379.4311968394054,3347.3401523789876,3359.6983590738273,2070390
2025-06-09,3410.326416015625,3422.3855889461993,3379.431263640164,3388.500583115049,1718678
2025-06-10,3451.187744140625,3474.0104381585516,3411.6220654345716,3428.365293437595,2419874
2025-06-11,3460.1572265625,3477.1994881899896,3437.4345354790357,3458.2637500771752,2847013
2025-06-12,3422.584716796875,3462.9477367145046,3411.6219212636915,3460.1571582794445,4060134
2025-06-13,3434.0458984375,3438.8297125316194,3381.723464034396,3381.723464034396,2178493
2025-06-16,3484.474853515625,3497.131850878911,3414.6118485958773,3428.365222862198,1934088
2025-06-17,3503.41064453125,3508.094699586469,3476.302688697425,3498.1285214626437,2111940
2025-06-18,3439.7265625,3526.033760927228,3431.4548294482115,3507.19778191584,2696327
2025-06-19,3412.41943359375,3439.3281148750093,3401.4566375162,3438.331497049777,2672768
2025-06-20,3424.07958984375,3434.6438354271677,3399.3634207293467,3413.415828473248,2351248
2025-06-23,3382.122314453125,3413.416016519491,3358.6020366921707,3403.4498383690693,3123421
2025-06-24,3378.932861328125,3430.4581957754644,3370.561369209563,3422.983562342859,3403048
2025-06-25,3433.14892578125,3438.331289496645,3388.5004012430704,3395.775759591069,1757699
2025-06-26,3430.1591796875,3439.7265645422617,3403.748808087712,3433.149033076155,2879106
2025-06-27,3429.461669921875,3454.675906058565,3419.395732636828,3443.3145602623845,1778433
2025-06-30,3450.290771484375,3453.180865734764,3418.399002366091,3428.2654211111044,1468351
2025-07-01,3418.10009765625,3473.213111911396,3401.9549375924103,3443.3145772321013,2375183
2025-07-02,3411.7216796875,3478.0962775498906,3408.4327923652227,3475.4054582188955,3090585
2025-07-03,3389.2978515625,3423.6811655474544,3386.1087232761492,3418.3990425621496,2531870
2025-07-04,3408.233642578125,3415.409242162467,3378.6341422209043,3396.473503732036,1109320
2025-07-07,3400.160888671875,3414.5123309346973,3396.8720012794643,3406.738663456697,1639174
2025-07-08,3394.679443359375,3413.415906340367,3381.922687075622,3393.483550682905,2325242
2025-07-09,3372.355224609375,3402.4530322953497,3355.611997580095,3398.4665612557537,2034938
2025-07-10,3370.561279296875,3387.5037812921582,3344.6492174217365,3368.5680437680185,3035012
2025-07-11,3254.95361328125,3323.7202389139525,3250.070283569519,3288.738858113972,7635550
2025-07-14,3211.800048828125,3260.933353706794,3189.1768740408747,3254.9536470679677,3924009
2025-07-15,3241.300048828125,3248.375889064686,3195.1565970327038,3195.1565970327038,2590889
2025-07-16,3233.10009765625,3244.89990234375,3220.60009765625,3227.0,2540733
2025-07-17,3209.199951171875,3242.0,3204.10009765625,3224.10009765625,2947640
2025-07-18,3189.89990234375,3228.800048828125,3187.0,3225.0,3432645
2025-07-21,3158.199951171875,3197.60009765625,3152.0,3190.0,3844346
2025-07-22,3159.60009765625,3180.10009765625,3154.60009765625,3159.60009765625,3198036
2025-07-23,3179.10009765625,3182.0,3157.60009765625,3159.60009765625,1922875
2025-07-24,3148.0,3173.699951171875,3140.0,3165.10009765625,2934778
2025-07-25,3135.800048828125,3156.89990234375,3125.60009765625,3140.0,2568917
2025-07-28,3079.300048828125,3118.0,3069.89990234375,3110.0,3374473
2025-07-29,3056.0,3074.0,3041.199951171875,3060.0,4785312
2025-07-30,3053.60009765625,3069.0,3047.199951171875,3060.0,2880121
2025-07-31,3036.800048828125,3059.800048828125,3015.0,3041.699951171875,2968371
2025-08-01,3003.0,3036.800048828125,3000.0,3029.89990234375,2053847
2025-08-04,3074.39990234375,3079.39990234375,2991.60009765625,3009.10009765625,2519252
2025-08-05,3063.89990234375,3077.5,3042.0,3074.39990234375,1927996
2025-08-06,3032.300048828125,3066.800048828125,3026.0,3063.0,1487081
2025-08-07,3047.0,3051.60009765625,3010.89990234375,3016.0,2543076
2025-08-08,3036.39990234375,3059.800048828125,3025.0,3048.10009765625,2762140
2025-08-11,3040.800048828125,3049.89990234375,3021.300048828125,3036.39990234375,1884215
2025-08-12,3035.39990234375,3096.39990234375,3026.89990234375,3041.0,3358232
2025-08-13,3036.199951171875,3044.39990234375,3028.60009765625,3036.10009765625,2148166
2025-08-14,3022.300048828125,3055.89990234375,3019.10009765625,3034.0,3342174
2025-08-18,3011.199951171875,3049.0,3003.39990234375,3046.5,2945609
2025-08-19,3016.199951171875,3025.0,3011.10009765625,3011.199951171875,2650784
2025-08-20,3098.60009765625,3103.39990234375,3010.89990234375,3010.89990234375,4952358
2025-08-21,3102.60009765625,3130.0,3083.10009765625,3130.0,3230726
2025-08-22,3054.0,3095.699951171875,3050.0,3086.0,1593791
2025-08-25,3140.60009765625,3152.0,3077.10009765625,3087.300048828125,3448370
2025-08-26,3157.199951171875,3162.0,3120.0,3129.0,5522097
2025-08-27,3157.199951171875,3157.199951171875,3157.199951171875,3157.199951171875,0
2025-08-28,3093.699951171875,3146.5,3086.5,3145.0,3116051
2025-08-29,3084.699951171875,3115.0,3077.199951171875,3093.0,2271789
