Date,Close,High,Low,Open,Volume
2020-09-01,640.1306762695312,661.8978463857584,635.6013781296932,649.9369178138135,3563888
2020-09-02,646.5947875976562,655.8733063719889,640.3944539688844,642.1534169092049,3467486
2020-09-03,668.0101928710938,670.1649333796296,644.7478954057191,650.7723761613927,4606227
2020-09-04,658.0281372070312,666.9988601722489,653.9385263366346,656.9727485618357,2954845
2020-09-07,657.0606689453125,661.2822234855926,645.5834450272534,659.3473532678469,3367905
2020-09-08,661.5899658203125,676.3212811110938,655.2137248735564,658.2919101581973,5237241
2020-09-09,662.5574340820312,668.3620447812195,654.9499505392407,661.326192064116,3038259
2020-09-10,659.6111450195312,666.9988113154669,650.2006819480607,665.4597186437547,3737568
2020-09-11,672.935302734375,677.7284340481219,657.4124325215149,659.0834688718816,4917946
2020-09-14,695.4500732421875,700.5950191159848,677.2008300935622,677.3327738049096,9021887
2020-09-15,695.8019409179688,706.3117038740195,681.5982905527934,695.4501267801567,6339704
2020-09-16,696.5494995117188,698.5283333171498,689.5136459812974,696.5494995117188,4279003
2020-09-17,692.1080322265625,713.6553306909151,687.1389398844938,693.0314771391758,7591219
2020-09-18,707.6749267578125,711.3247433751097,693.0315359043572,697.4289441271005,6281494
2020-09-21,692.3718872070312,729.969725477086,689.7774057601389,709.7416487469981,10789179
2020-09-22,703.9810791015625,713.259599530995,678.9598160763603,697.4289302442405,9053623
2020-09-23,697.4729614257812,714.5349281215565,688.7221076497485,714.5349281215565,6091530
2020-09-24,661.2380981445312,692.9874102857957,657.456338694381,692.9874102857957,5929066
2020-09-25,679.267578125,683.6649860333105,658.423907583045,664.0525574981049,6986586
2020-09-28,685.468017578125,689.8654258159131,678.9598319144787,685.4240005523072,3604366
2020-09-29,675.5737915039062,694.7904423946218,671.9239215056848,690.3930345313646,7041805
2020-09-30,696.32958984375,699.0119981151821,673.3751404661841,679.8393090612173,5433474
2020-10-01,723.3735961914062,725.8800972110504,701.6943538733439,702.0022046324918,10104719
2020-10-05,739.8639526367188,748.3949355456264,722.8019868189035,723.4176347218907,8551125
2020-10-06,745.2726440429688,751.9127186273997,732.1683482305496,751.9127186273997,4902535
2020-10-07,744.3491821289062,745.9322918490658,736.3459215627365,744.9208666033297,3943817
2020-10-08,756.6179809570312,780.5838536451996,754.2873870132817,758.1131103560053,11398839
2020-10-09,751.209228515625,758.508915044256,743.3818208205372,756.7939151920405,5306496
2020-10-12,753.6278076171875,760.5756800782394,746.1522139863829,757.2336607203273,3343240
2020-10-13,763.56591796875,773.8558631835596,748.4388240672542,753.6277868574176,7327471
2020-10-14,746.5478515625,768.4909257750663,743.6895366807645,764.2694253009766,5346616
2020-10-15,714.4908447265625,754.9029796863273,709.477789071264,750.1977747862906,8893099
2020-10-16,723.5934448242188,728.4745566879035,702.5298509786182,715.1944067626648,7978964
2020-10-19,724.82470703125,735.7742088736159,719.0640602045252,728.2106893687966,4558879
2020-10-20,747.4273681640625,750.1098298147857,720.8230514770208,721.7025330203941,7382532
2020-10-21,743.9534301757812,753.8915604948419,733.4436154039688,748.5266910806295,4818496
2020-10-22,736.5219116210938,750.9893953637744,728.9143739482189,743.030043562479,3962610
2020-10-23,746.020263671875,754.1115050894688,733.0918734771574,738.7645405061892,7356677
2020-10-26,720.5151977539062,751.6928267508272,715.8979200142566,729.9696236017603,9770648
2020-10-27,728.782470703125,733.2678055230609,717.6570066648488,726.8036370450418,5479538
2020-10-28,707.366943359375,735.6422944023475,704.4646652123356,729.9696281226448,6829067
2020-10-29,720.76513671875,725.3805648205922,700.6903382614231,707.9943525120453,6477299
2020-10-30,728.875732421875,733.670410792971,719.3760827417857,722.9608644624877,6189261
2020-11-02,730.0855712890625,739.1819213657494,725.380545653024,736.1348899639692,4433983
2020-11-03,724.2154541015625,739.3611776817214,720.809922647277,735.7763962141737,4599741
2020-11-04,741.0191040039062,749.2193133443221,728.2483202537189,731.2954063265154,5017595
2020-11-05,753.4314575195312,761.4972158390469,747.2028887662426,749.2193283461215,4269675
2020-11-06,762.7966918945312,765.3508267551041,738.5545639854313,748.3231151528242,4123331
2020-11-09,782.1546020507812,785.9634328255918,766.4711812133265,769.8319142499239,4297119
2020-11-10,736.0452880859375,781.4824068556163,734.0736472204989,781.4824068556163,6889383
2020-11-11,750.5636596679688,753.3866971035058,728.1139754739048,734.8802399137127,5387431
2020-11-12,755.716796875,759.9737251704713,747.919885688672,750.1155754335903,3150886
2020-11-13,751.7734985351562,757.9124699193261,746.8444237753279,751.0117543156808,2839192
2020-11-14,752.9386596679688,757.2403870621696,750.9670186582925,756.3889904103286,214282
2020-11-17,757.5091552734375,767.5913534359056,744.6487732748595,760.4665891278763,3635434
2020-11-18,749.3090209960938,757.1955850011926,743.9767016350654,756.3889871872158,2772377
2020-11-19,737.4791870117188,760.8698641354051,734.8801985760097,746.5307383095317,5593368
2020-11-20,750.6083984375,757.2402658541238,740.6158531847307,742.9459391962889,6063818
2020-11-23,775.8812255859375,779.152360920389,749.8915570419096,751.0118013757038,6251814
2020-11-24,786.5459594726562,797.6139514130543,774.5817173818028,779.6900423925363,7068121
2020-11-25,772.7445678710938,788.6520379548421,766.471199387362,784.1710604664622,4445185
2020-11-26,768.084228515625,777.8527798978333,758.8086283449139,776.553285675514,5169423
2020-11-27,785.8289184570312,793.9843294566095,766.5159184323752,774.312829390428,16482729
2020-12-01,813.1181030273438,819.2570745449787,781.1687687546037,806.5758873255885,5821698
2020-12-02,814.3727416992188,817.778273157139,795.1045412905848,803.932043784073,5516684
2020-12-03,820.1531982421875,825.0374191509273,809.2196040081745,818.226356355666,5705020
2020-12-04,827.2780151367188,832.8344379816014,812.8940888064124,820.0188537212537,4302626
2020-12-07,846.2772827148438,852.1473514884381,819.1225737587864,820.4668668229419,3973325
2020-12-08,835.5230102539062,848.8763443891618,826.9195557811515,846.9047034518219,4399638
2020-12-09,833.0135498046875,842.1547530070869,829.7872685329802,840.6312100234502,4157078
2020-12-10,831.0419311523438,835.7917555333788,821.9007277080477,828.9806928020179,2608358
2020-12-11,823.9619750976562,834.3578186272069,821.3181880407473,826.4713109807112,2398423
2020-12-14,815.0001831054688,828.3086639683858,811.997895458335,828.0846151006638,3239051
2020-12-15,830.8179321289062,832.251877584245,805.1867656458403,806.8895040810584,3490143
2020-12-16,825.8888549804688,837.942693978114,821.811176874792,837.942693978114,2799394
2020-12-17,833.5513916015625,835.9263314963071,817.6887754120485,825.8889312101237,2706570
2020-12-18,836.8671875,848.6969767857897,831.9381131892061,837.9426328349666,5563979
2020-12-21,812.7147216796875,846.5909492695696,797.6138520901101,831.8037261690225,4187948
2020-12-22,846.5910034179688,850.3998338541486,809.4436932828701,815.5378110408727,5537682
2020-12-23,849.7277221679688,860.1235673169831,843.319902938558,848.2937766546862,5456681
2020-12-24,848.9210815429688,856.7627911903702,837.7634380190668,852.281814248998,2510775
2020-12-28,848.7866821289062,857.1661423400545,846.2325469962982,848.9211333251188,1870669
2020-12-29,865.4110717773438,867.741157834957,845.8739691582105,849.5932017841872,4392641
2020-12-30,881.1841430664062,882.7524850449125,867.337912944852,869.3095538005737,6389605
2020-12-31,872.1774291992188,884.007220164817,868.1445496449987,880.0191394435357,2859399
2021-01-01,876.4342651367188,879.3469000629826,870.3849464437093,874.6866732410757,1268291
2021-01-04,897.9429321289062,900.6763169768619,873.7904567685974,878.8091287943711,3515825
2021-01-05,899.645751953125,903.3201860007687,888.3985103536841,898.4359100139246,4040321
2021-01-06,893.641357421875,919.4965755063901,881.2738158631207,899.7802746670718,4677359
2021-01-07,891.4902954101562,905.1572740530362,885.9786723071934,901.1243951092356,3354950
2021-01-08,941.9909057617188,949.967066216323,901.0796210598864,903.1408594146222,9279370
2021-01-11,965.7401733398438,969.2802109271136,932.4913447717237,951.8491441769781,6488791
2021-01-12,953.7311401367188,965.7850344016716,943.6937950035364,965.7401808702863,4257926
2021-01-13,958.615478515625,966.7708351759237,941.0500696937065,962.5139068170959,4671772
2021-01-14,943.3351440429688,953.5517922684703,923.0811522899666,953.5517922684703,4765344
2021-01-15,902.7376098632812,952.4765089532322,898.5703340988658,940.5570664478539,6063896
2021-01-18,894.6270141601562,908.5628410065881,888.9809943570318,894.402965321148,4659705
2021-01-19,889.4739379882812,903.7682656142251,884.724113289539,902.1102712980671,4416027
2021-01-20,913.62646484375,917.1664478204402,893.506865998482,893.506865998482,4687853
2021-01-21,900.4075317382812,926.0834971975884,891.2663276938438,919.4964828696669,3911527
2021-01-22,879.033203125,900.6763431001617,873.7904821120972,900.4074954301659,3922421
2021-01-25,871.146728515625,894.3134124488295,862.3192256964224,883.5142141083112,2751784
2021-01-27,893.5963745117188,900.5867421022214,872.5806370102206,876.4790649592575,6975618
2021-01-28,879.7053833007812,887.2334465451776,864.8285615314104,887.2334465451776,4274190
2021-01-29,861.602294921875,892.5210367774529,856.7628177951441,887.3230596045096,4425911
2021-02-01,843.9920654296875,862.0504256353506,825.5304610308805,862.0504256353506,6321189
2021-02-02,857.8381958007812,871.9084736674482,840.1831365514946,855.8665551004558,4971530
2021-02-03,879.5709838867188,896.1953975717902,860.4371793289054,864.8285586567775,5640121
2021-02-04,868.5925903320312,885.4410528677674,864.2012110038276,885.3962540377707,4232910
2021-02-05,859.809814453125,879.0331603649433,851.430355366471,871.415500122215,3077720
2021-02-08,880.5567626953125,889.9220153882766,860.8404642677777,869.130271561173,3713579
2021-02-09,873.880126953125,896.01616463506,866.8450148278315,877.0168109044275,3086774
2021-02-10,873.700927734375,878.4955513016471,858.1967033703769,874.2386231010015,2776301
2021-02-11,883.2901611328125,886.0236008523659,871.8636698245633,873.7905118072935,2070435
2021-02-12,888.3089599609375,904.2612283719137,883.8727814487611,887.2335144580719,5863879
2021-02-15,877.5545043945312,892.6105754501918,876.0309613479544,892.6105754501918,2487825
2021-02-16,884.3656005859375,896.1953906828361,872.446212829741,887.2334367760077,3912433
2021-02-17,878.6748046875,893.1483278054479,870.5642471298426,886.337264538111,2227724
2021-02-18,905.6950073242188,910.0863864601723,879.6157442744058,880.0638419536083,6742595
2021-02-19,890.7734985351562,913.4024341574517,871.6845459599971,908.4285602377838,4357699
2021-02-22,852.012939453125,906.0535087060964,844.1264312272198,895.2543655610075,5946290
2021-02-23,847.5767822265625,862.812103715171,834.3579003467404,853.1780033620803,4120032
2021-02-24,860.3923950195312,863.8427801780696,839.4214551820859,851.3856420618154,1686531
2021-02-25,858.3759155273438,868.413314623872,853.4020421574635,863.9323377682276,3682791
2021-02-26,823.4691772460938,850.3550410691073,820.0188466019123,846.9047104249258,5254937
2021-03-01,838.8389282226562,857.6590323814979,830.190620384179,838.3460316726676,3429569
2021-03-02,866.7106323242188,870.2058165981549,844.2161475133491,846.4566362275565,3703190
2021-03-03,874.6867065429688,878.4507381462561,861.6470744703537,871.281174977871,3203532
2021-03-04,867.5618896484375,891.4455173860432,856.4042467036724,860.3475280871744,5134954
2021-03-05,860.0787353515625,879.0780887500573,857.6589968344016,865.0078100460131,2618145
2021-03-08,867.9651489257812,878.2713948861802,862.1398794699035,863.0360747708078,2880739
2021-03-09,885.5755004882812,894.851100936698,861.7366701874879,871.9981183889906,2814747
2021-03-10,904.037109375,911.2514714021222,889.922031830855,897.9877904275093,5268496
2021-03-12,899.1080932617188,918.2418444107409,892.7451273895263,896.1954580231435,4674919
2021-03-15,920.0789794921875,923.0363585128133,897.9877421980646,900.6763282525499,5203101
2021-03-16,919.9894409179688,936.5242024553665,915.1051102993439,924.87366213774,4797715
2021-03-17,914.1641845703125,934.911077024965,910.1761037612822,917.7041676412366,3477295
2021-03-18,892.7899169921875,927.5622894640958,877.0168442743966,926.6660940153382,3738712
2021-03-19,886.7405395507812,896.8675365176151,873.924956414022,889.0258268553328,6208000
2021-03-22,908.3388061523438,911.7891911458478,876.7479193658004,887.1438184754949,3873143
2021-03-23,908.607666015625,915.4635825665987,896.6882783768161,908.338818340953,3782337
2021-03-24,889.1602783203125,908.1595768341575,884.7688990282974,899.556122967489,2749823
2021-03-25,868.14453125,893.4172535274981,864.0219994178245,889.6532217500957,3654840
2021-03-26,888.129638671875,894.22375643327,875.5829031104156,876.3895008477084,2761824
2021-03-30,911.341064453125,913.9399981232567,888.5776809042014,888.5776809042014,4300037
2021-03-31,888.5328979492188,916.8078505326025,886.5164583952615,916.8078505326025,3780505
2021-04-01,889.1602783203125,903.1857033581327,883.6486547904799,896.1953902540364,3555291
2021-04-05,894.1341552734375,902.6480115139594,876.658345095524,889.0258305892391,5118272
2021-04-06,888.4432983398438,903.3649738047828,885.9339621302714,901.5725829837417,2395572
2021-04-07,898.3463134765625,901.2589485999559,880.1535026385937,889.0258592019325,2974419
2021-04-08,922.18505859375,940.8707106417538,900.6763691804847,903.3649553571428,6737118
2021-04-09,943.6937866210938,947.0993730104178,911.0274522981703,922.1402427967486,6029994
2021-04-12,931.90869140625,949.1157073702104,911.2514000032554,941.9012912089298,7896295
2021-04-13,897.8533935546875,941.2292754005499,880.9601311294839,936.5242492678644,6448995
2021-04-15,890.0565185546875,903.1857488637496,869.57842003597,897.8533750831896,4373215
2021-04-16,905.4261474609375,908.2939835090896,892.6105649482517,894.4029556409189,2660763
2021-04-19,896.284912109375,904.6195722933684,881.2288417663699,895.3887167949173,2777425
2021-04-20,881.3185424804688,902.9168288643526,872.3117353163768,892.6105821825262,4028636
2021-04-22,867.337890625,883.2005600249994,860.930126383084,872.5358129658302,5085190
2021-04-23,851.5648193359375,870.1608725607513,847.263092662371,866.1727923750634,3916517
2021-04-26,862.3192749023438,869.3095884884474,839.7351385707992,852.2818748994985,5053998
2021-04-27,868.6373901367188,885.0825538220851,846.1429075104984,862.7673212154789,10497935
2021-04-28,875.94140625,878.2714924113208,867.5171476062841,873.7905154092222,2968625
2021-04-29,875.4932861328125,882.7524468105711,869.8024126662061,882.7524468105711,2747579
2021-04-30,860.7060546875,875.4932782832179,856.2250778403127,872.7150398183072,3129105
2021-05-03,858.286376953125,864.828592672837,855.866638344621,860.3476155087291,3506839
2021-05-04,860.7060546875,869.2199106971558,856.4042731546607,863.9323361377051,4064221
2021-05-05,860.7060546875,871.6395944350974,854.7463336009712,871.6395944350974,3041045
2021-05-06,876.4342651367188,882.4835838297282,858.420705542325,864.828524259875,4620827
2021-05-07,879.1228637695312,882.0802975662158,871.1915018836219,878.2714672236642,2002597
2021-05-10,887.6815185546875,889.6083604898765,872.0876971566424,882.7524439943132,2036101
2021-05-11,875.627685546875,884.5000416932833,869.7576167446912,881.8562543810161,2029457
2021-05-12,862.45361328125,875.5828976487938,851.7441221104906,875.5828976487938,3070622
2021-05-14,853.3572998046875,866.128084688455,843.678400095823,863.036199513552,2090820
2021-05-17,854.3878173828125,858.5103488237576,845.1122173646768,854.9703662416773,2281200
2021-05-18,869.9817504882812,877.3753630986632,857.7038616378214,860.6612957420881,2000985
2021-05-19,876.1654052734375,883.9174622265604,862.6776215046167,868.4132936208914,2152740
2021-05-20,872.087646484375,882.573142697983,865.0077362559581,882.573142697983,1769194
2021-05-21,878.7196044921875,883.6486792751626,870.9674922719196,875.5381217085163,1534262
2021-05-24,881.5875244140625,890.8183271254762,873.8802102933174,878.0923400837972,1830838
2021-05-25,889.6083984375,897.7189559838358,881.677036214191,887.2782575444543,2719646
2021-05-26,903.1857299804688,906.9497616703695,889.9220487536334,892.2969884875806,2013788
2021-05-27,913.9401245117188,924.873720127531,902.3792358297827,902.4688334965346,6393813
2021-05-28,919.7205810546875,925.7699003454247,907.4874912758693,914.11935948919,1839013
2021-05-31,915.5979614257812,924.8735610154997,907.8458501053307,918.600193838069,1801746
2021-06-01,923.529296875,924.8735898835516,908.1595249307901,918.3313201490621,1262702
2021-06-02,911.3859252929688,918.3313849612462,890.8182298706573,914.2985603503929,5252186
2021-06-03,909.0557250976562,914.7913971777069,902.4687112005397,911.3858658111743,2024676
2021-06-04,913.40234375,920.3478032570882,906.0535306819331,913.71599025375,2315912
2021-06-07,927.0245971679688,931.1022208341071,913.6264642244494,918.5554845096342,1745475
2021-06-08,947.9506225585938,950.7736597643468,929.39942274738,931.146959903927,4517995
2021-06-09,943.0216064453125,953.9551465286158,937.5995805341972,947.9506811285619,2163655
2021-06-10,954.3583984375,962.5137538012997,946.8303360252078,949.6981172304427,3934077
2021-06-11,961.61767578125,970.0419345224781,945.3965607256614,954.3585148335948,4988857
2021-06-14,958.2568969726562,967.3084483072179,948.1746990854059,961.6176296017396,2757666
2021-06-15,956.1060791015625,979.5416116348109,951.4459065934923,958.2569700279246,3484298
2021-06-16,958.1674194335938,966.0538740191968,945.4862315103413,958.9291637119102,1881596
2021-06-17,968.114990234375,972.1030156315545,947.3233026600193,949.922181557682,3161931
2021-06-18,959.5564575195312,978.2869649477605,945.4862322307139,976.4049763178793,4396398
2021-06-21,952.5661010742188,958.9739199868616,945.4861356196661,949.070917176518,1074790
2021-06-22,947.4576416015625,960.7213759999039,944.3209580045478,950.9080810773521,2437289
2021-06-23,946.7857666015625,952.0285982075678,930.6542463341575,949.9673046360723,4130539
2021-06-24,967.8910522460938,969.9523454687524,943.2456782305682,946.875313436033,3617010
2021-06-25,976.4048461914062,988.6826788823694,965.2024041745245,974.5228578123397,3200049
2021-06-28,990.385498046875,992.9844865430484,968.8768088076754,977.7491649986154,2143755
2021-06-29,975.1949462890625,994.2390965842401,970.5795185730512,993.8805965812685,2956332
2021-06-30,981.7371826171875,990.295892232675,970.8484962985958,975.2397661296881,1917370
2021-07-01,972.5065307617188,985.2324626056613,968.7872977020545,982.2302296775687,1459518
2021-07-02,976.3152465820312,983.5744071146798,963.4100115246295,974.164355839323,1669409
2021-07-05,963.096435546875,981.2891370386668,960.004495690699,979.5415997191128,2597359
2021-07-06,940.6019287109375,963.0964114400756,938.9887332264547,963.0964114400756,3865594
2021-07-07,937.3307495117188,949.5189845358544,923.1708190549956,940.6018844576099,3713891
2021-07-08,950.1015625,953.0141975110981,936.524180491572,940.1089620436929,2171947
2021-07-09,942.573486328125,957.8536612423067,940.1089490451183,945.665316614539,1889035
2021-07-12,946.9199829101562,948.8019712613722,937.5099317552308,947.2784829291608,3224820
2021-07-13,941.1396484375,951.7595423551951,939.2128063919439,951.7595423551951,1908081
2021-07-14,966.5468139648438,967.8911071692455,939.2128521420086,944.5900249596156,3173326
2021-07-15,996.9725341796875,1003.4699508636368,964.6647554801893,966.098646247911,5922995
2021-07-16,988.6380004882812,1002.2153829952733,970.6244944071847,996.9278081319641,2323939
2021-07-19,980.6168212890625,995.1799944356899,973.3576614772802,975.0604543711147,1409001
2021-07-20,974.343505859375,987.7864356278478,972.2823222675147,982.1852148909842,1230858
2021-07-22,1029.3701171875,1032.8653014757372,967.8911284978709,967.8911284978709,7309727
2021-07-23,1027.0091552734375,1036.5437230279654,1012.5710733615778,1020.6073297282481,2840803
2021-07-26,1017.2020874023438,1033.864967650149,1013.887778846096,1027.0091153356366,984581
2021-07-27,1017.7923583984375,1024.0125064632473,1002.5371168869083,1017.2021010974464,1397105
2021-07-28,1016.61181640625,1026.7365289961847,1004.761668342537,1020.6526120352568,2533035
2021-07-29,1024.1031494140625,1036.407212249868,1012.5707993147449,1024.920309180421,3821405
2021-07-30,1098.3369140625,1123.535416096181,1066.9635996243278,1076.0441408977263,20425030
2021-08-02,1099.3809814453125,1102.377604114678,1085.6240514220221,1098.7453879561454,2385223
2021-08-03,1113.5013427734375,1116.9065456565365,1098.745463613341,1099.6535177155008,2603616
2021-08-04,1104.647705078125,1117.2696780082722,1102.1051095071468,1112.5477306402322,1938175
2021-08-05,1133.432861328125,1138.699618415347,1105.101623294639,1105.1470703293185,5790873
2021-08-06,1148.3250732421875,1155.9527490580479,1128.756575930567,1136.883614941615,3894726
2021-08-09,1169.073974609375,1186.6449066331643,1149.5962623698774,1171.7528001804146,6585101
2021-08-10,1201.4010009765625,1207.439471962036,1164.488580268039,1169.5736609725434,6314469
2021-08-11,1201.900390625,1204.7607832236506,1178.9720244848852,1201.4010273753615,3430349
2021-08-12,1259.0623779296875,1266.5538237860408,1196.5882154193407,1201.355499146111,8613315
2021-08-13,1255.9749755859375,1262.1951236302227,1240.311043296282,1253.205366407741,4760344
2021-08-16,1242.0816650390625,1271.2301768167633,1235.180476678845,1254.885204510041,2912430
2021-08-17,1283.7159423828125,1297.4276469611407,1244.4880524875596,1245.8501335373453,8042970
2021-08-18,1282.626220703125,1293.9768952226216,1275.134775520257,1287.6205174917036,2939739
2021-08-20,1270.549072265625,1289.4366392066615,1244.6241978936603,1244.6241978936603,4051399
2021-08-23,1285.804443359375,1310.276453927959,1279.448065461412,1285.3049693288187,3987240
2021-08-24,1328.8006591796875,1332.1150781008935,1289.4365445830051,1291.1618691710983,5366923
2021-08-25,1328.5738525390625,1342.1038799938092,1316.678366705699,1328.4830693037502,3105863
2021-08-26,1316.2242431640625,1331.8881743089953,1311.2299462772723,1325.5772434906246,1993944
2021-08-27,1312.501220703125,1323.1254077350009,1299.6067879166028,1316.542016501176,3097939
2021-08-30,1288.710205078125,1321.218582934962,1285.7136933566499,1316.678312890512,2742699
2021-08-31,1314.5443115234375,1320.3104318868075,1277.5864495700557,1293.7953011145846,6392991
2021-09-01,1304.238037109375,1333.250318795326,1296.2471173712431,1316.678332881473,1829925
2021-09-02,1305.6002197265625,1318.9940176031605,1290.5264331001488,1303.965678019992,3860958
2021-09-03,1309.368408203125,1316.4058266345535,1294.0677206214998,1311.2299632235606,1919590
2021-09-06,1326.80322265625,1332.9325876107632,1304.0564239309235,1314.8622895015021,1801171
2021-09-07,1303.2391357421875,1337.4728401326092,1300.6058676591447,1333.8859601065449,1940043
2021-09-08,1296.5648193359375,1309.7316017023106,1289.3003876855248,1307.7792635269761,2256454
2021-09-09,1301.468505859375,1305.690979486711,1283.9884648771367,1294.5218700010405,2303457
2021-09-13,1298.0631103515625,1307.416110294626,1289.7543946112962,1303.9654609757565,1937241
2021-09-14,1318.539794921875,1323.0346176783664,1298.0631338169012,1303.0574305891942,1554999
2021-09-15,1330.162841796875,1343.9198816738362,1305.7361677241925,1309.5046138860102,2410087
2021-09-16,1315.1800537109375,1333.931391906688,1307.597824605603,1330.1629454512101,1800078
2021-09-17,1318.0860595703125,1336.6557227936394,1304.5105833778166,1317.586585444002,2861623
2021-09-20,1299.69775390625,1355.8608724738876,1295.2028200314066,1307.5977794853993,2526342
2021-09-21,1327.302490234375,1331.6157467433861,1289.7999264638875,1306.6897087298858,1713705
2021-09-22,1374.430419921875,1387.4156355883424,1322.5805621734773,1329.3909667160801,5145820
2021-09-23,1381.604248046875,1390.2307615903817,1365.7133020456786,1384.873220483547,2015302
2021-09-24,1375.4749755859375,1405.5315447299959,1372.1152196870737,1389.3228008889153,3592146
2021-09-27,1329.75439453125,1384.7824486834136,1325.0324468868896,1382.9663405539927,2728552
2021-09-28,1284.0338134765625,1330.2991208140818,1278.903286165569,1329.75431057894,3995669
2021-09-29,1267.05322265625,1279.4027358219146,1246.531222871866,1271.2756962452104,7948104
2021-09-30,1253.6593017578125,1273.681936341636,1250.3903296013439,1260.3789233744847,3856630
2021-10-01,1245.1690673828125,1256.7467560676846,1239.3121633278638,1248.5742699371865,2661824
2021-10-04,1270.4130859375,1276.3154373691093,1245.8956261446615,1257.3824214074846,2538936
2021-10-05,1283.125732421875,1290.3447172898138,1254.022557760192,1270.458312778059,2481825
2021-10-06,1258.2451171875,1295.7023467689248,1253.06914259202,1292.0701305670896,2769341
2021-10-07,1286.89404296875,1292.4332608673,1249.164466993107,1269.41400403235,1956325
2021-10-08,1307.5523681640625,1313.954193472911,1288.0746533803208,1288.0746533803208,2665924
2021-10-11,1271.4571533203125,1302.5580024988706,1258.199587226623,1289.43666667306,3073366
2021-10-12,1248.07470703125,1273.8634613762447,1235.8614257443542,1270.3674758386123,2965629
2021-10-13,1273.22802734375,1280.3562295731488,1250.390445476756,1259.3802028749624,1738985
2021-10-14,1299.24365234375,1325.395539924897,1280.8101125882745,1300.3332727588863,4328124
2021-10-18,1343.602294921875,1350.2310234608703,1289.4368447326535,1289.4368447326535,3579606
2021-10-19,1397.5859375,1425.4632627706778,1341.2412513618501,1360.264938980309,8645334
2021-10-20,1397.7674560546875,1431.5470178460716,1376.4281887414095,1402.0352651787723,5159270
2021-10-21,1384.101318359375,1403.9877232559513,1340.3331596177973,1403.9877232559513,4261416
2021-10-22,1377.9266357421875,1418.335042782679,1347.325257220888,1390.2308130110732,5223521
2021-10-25,1383.9649658203125,1393.8627757785137,1347.3704591269475,1390.2305600761592,3890467
2021-10-26,1419.5609130859375,1480.1280727040232,1401.1273718909865,1427.3701555947198,16978043
2021-10-27,1423.6923828125,1441.1724215891045,1387.0524275980983,1418.244059037974,3624131
2021-10-28,1392.3192138671875,1437.3132221327853,1385.690375465118,1432.909182492763,3054565
2021-10-29,1341.9676513671875,1400.900381194572,1332.841774701495,1386.9163266996338,3795495
2021-11-01,1382.1943359375,1389.2317540183092,1350.3216646053145,1353.00037940718,2271900
2021-11-02,1353.54541015625,1382.9209379237184,1351.2299387247447,1382.2853443965869,2041689
2021-11-03,1360.764404296875,1396.314630719232,1356.269470362637,1360.2649302442578,2697346
2021-11-04,1367.39306640625,1375.701782509505,1362.9890267635426,1370.2534586183783,166444
2021-11-08,1413.113525390625,1419.1067701917975,1365.985613637911,1369.3453689446274,3050392
2021-11-09,1415.8377685546875,1427.4609042253774,1410.207878029269,1417.472310111841,2061369
2021-11-10,1422.557373046875,1428.6867375417742,1404.3509568698876,1412.8865757856358,1299996
2021-11-11,1382.0128173828125,1416.5643183319867,1375.7018860724102,1416.5643183319867,3027565
2021-11-12,1439.2657470703125,1443.3065434727196,1390.5032862873295,1397.041231462256,3713868
2021-11-15,1433.9534912109375,1454.2484758700587,1428.686733690942,1439.2655849229116,2448280
2021-11-16,1452.795654296875,1457.426707647214,1431.093140966984,1439.3564104111479,2864344
2021-11-17,1469.6400146484375,1475.587812940713,1448.3461917787306,1451.5243809142953,2304359
2021-11-18,1423.6016845703125,1475.3607635181727,1416.1102389331222,1471.229073403935,2938804
2021-11-22,1399.583740234375,1436.359928960632,1380.2421447879153,1436.359928960632,1951782
2021-11-23,1417.0638427734375,1420.6051650180048,1367.801908798178,1382.058313554744,1823592
2021-11-24,1396.6778564453125,1425.5540184224963,1389.3226411028788,1424.5551811766115,1644163
2021-11-25,1415.97412109375,1420.923082385203,1389.368202801793,1390.230809847509,1557493
2021-11-26,1386.9615478515625,1407.4835438048517,1371.2976180898634,1402.0352204094781,1522173
2021-11-29,1395.361328125,1403.3975845863085,1343.3752318988168,1375.7019350684293,1995524
2021-11-30,1399.7198486328125,1447.8467125125903,1386.1444851411493,1388.414620229818,5662900
2021-12-01,1441.62646484375,1447.801276196488,1407.4836576405937,1407.4836576405937,2761193
2021-12-02,1479.810302734375,1482.3982346040586,1434.7253970440506,1443.8059375316711,2664202
2021-12-03,1446.802490234375,1487.6194734129135,1443.5334071398377,1475.5877578489146,2400296
2021-12-06,1409.07275390625,1470.638857671176,1404.6232672651474,1458.334681987071,2911781
2021-12-07,1431.683349609375,1435.9511590360428,1394.7709326407098,1420.1964444336395,1758254
2021-12-08,1457.2452392578125,1466.3257801035206,1436.5870088338265,1437.13181911528,1604565
2021-12-09,1463.056640625,1471.0475606014113,1439.265668860023,1446.5301012580546,1947954
2021-12-10,1455.2928466796875,1463.05664230614,1433.4087662247593,1462.8750758345573,1776362
2021-12-13,1487.528564453125,1503.2832779360233,1450.5707030724232,1457.426554567996,3163063
2021-12-14,1491.6602783203125,1511.90992708775,1476.1780239531918,1489.2085768311772,2725454
2021-12-15,1490.6614990234375,1494.9294195454381,1467.3245543910996,1488.3005806742674,1622068
2021-12-16,1500.6954345703125,1514.3162442916785,1491.2062039565676,1497.3810153688269,2225836
2021-12-17,1491.7965087890625,1520.9904673921758,1477.313091662022,1515.7237097933773,3405084
2021-12-20,1451.1158447265625,1487.7103570839606,1431.6380185000878,1484.668398131695,2233189
2021-12-21,1482.8067626953125,1503.1018586520531,1457.880724267679,1457.880724267679,2237445
2021-12-22,1507.1427001953125,1508.913361243319,1481.7171869520719,1493.748903040391,1656110
2021-12-23,1528.9813232421875,1535.6100507336134,1511.1380405131813,1516.4501340830482,1715034
2021-12-24,1565.3035888671875,1575.6553161823933,1525.8485745638902,1528.5727366671422,3343946
2021-12-27,1620.87646484375,1627.232843137255,1547.006290702092,1565.9391953070292,4512000
2021-12-28,1640.0362548828125,1655.3823891622703,1612.7946357523308,1620.8763382636603,3605483
2021-12-29,1622.5562744140625,1653.5663408110809,1618.8332751680146,1634.9512337344047,1902921
2021-12-30,1634.45166015625,1669.003157232969,1621.784351914082,1622.692405862522,4650594
2021-12-31,1625.9161376953125,1646.3019057025865,1619.468865603664,1634.6787701378714,2378048
2022-01-03,1620.69482421875,1650.842172692828,1619.0602826794898,1630.002377722656,1779147
2022-01-04,1625.2352294921875,1637.9479865556307,1604.5315522217165,1628.1409581966823,2701533
2022-01-05,1577.789306640625,1619.0148704675826,1573.6576165114398,1616.29070840784,3138050
2022-01-06,1536.5181884765625,1569.8891737854892,1534.6112971996258,1566.3931879700322,4290750
2022-01-07,1547.1878662109375,1565.984651496553,1539.242393297637,1545.5079883928422,2103362
2022-01-10,1558.220703125,1566.393189330201,1532.3411634751967,1560.9448651934003,2330348
2022-01-11,1577.426025390625,1584.5542271083295,1548.2320671746143,1548.2320671746143,2704832
2022-01-12,1571.3419189453125,1593.634687834504,1562.760853426314,1592.726633881322,3013194
2022-01-13,1560.7633056640625,1588.0957097025344,1545.3263872078528,1570.9334664260487,2768371
2022-01-14,1577.9708251953125,1586.1887581645972,1540.5135980111338,1556.858569873321,1889385
2022-01-17,1564.0322265625,1590.0025487067558,1561.8528748004683,1573.6121297227464,2522806
2022-01-18,1508.0506591796875,1585.961735616781,1498.334525855625,1580.013937662295,4878369
2022-01-19,1516.541015625,1522.4433668289178,1477.9033830979872,1510.1846374053964,2610709
2022-01-20,1513.63525390625,1519.3559276707153,1492.432214907466,1516.5409824044132,2440011
2022-01-21,1447.0294189453125,1501.01318203065,1442.7614988648327,1498.2890201757848,4079190
2022-01-24,1374.02197265625,1441.9897943847575,1363.8517010494513,1441.9897943847575,3250275
2022-01-25,1362.6258544921875,1387.188760328626,1330.2991532114231,1361.172990214282,3910618
2022-01-27,1312.6829833984375,1348.006310020262,1298.5173616227514,1348.006310020262,4434890
2022-01-28,1280.9464111328125,1346.553313342868,1276.9509513202831,1313.0460982109364,7080683
2022-01-31,1343.0118408203125,1350.8210829046125,1299.8792766289907,1304.8735735353544,4406035
2022-02-01,1367.3023681640625,1375.6564209778087,1339.3797064864634,1365.7132735970447,2542754
2022-02-02,1346.5986328125,1353.0004578408582,1310.3219199089654,1343.829134624781,9031146
2022-02-03,1320.5831298828125,1343.7385095715824,1315.8611820266453,1342.9212387073949,2433692
2022-02-04,1315.043701171875,1330.2536050092592,1303.057433232628,1329.3909980854128,2406272
2022-02-07,1311.50244140625,1330.9801554399678,1302.149440832962,1316.678304886886,2741520
2022-02-08,1302.3310546875,1322.2629072946684,1289.618298177693,1313.5001636739778,1981111
2022-02-09,1321.0369873046875,1335.701970547325,1307.6431909692806,1307.6431909692806,2282701
2022-02-10,1333.4771728515625,1336.6553615509024,1316.9506359535658,1330.2989841522228,1850405
2022-02-11,1293.8861083984375,1316.632793564409,1290.3446757889144,1316.5420103377917,2426039
2022-02-14,1262.3311767578125,1288.3469436877072,1244.9419220522038,1262.1949465007756,2149302
2022-02-15,1307.280029296875,1309.9587443935964,1266.780841020645,1274.9533274334178,1955525
2022-02-16,1311.22998046875,1329.345613491915,1297.472940152578,1317.1323314888655,2164650
2022-02-17,1314.4537353515625,1327.0755984585103,1307.8248961911163,1327.0755984585103,1669669
2022-02-18,1305.7362060546875,1312.1380310986217,1286.8033023081225,1306.1902330550677,2374188
2022-02-21,1287.8021240234375,1307.5977453400762,1280.4469088751864,1295.9292737401825,2109461
2022-02-22,1282.6717529296875,1290.0723045307695,1248.5742800699297,1253.5685771902095,2111878
2022-02-23,1283.352783203125,1293.9315237963153,1279.629673066027,1291.252808791757,1319711
2022-02-24,1210.4359130859375,1271.2755276221399,1207.711751241033,1244.487936147245,4108603
2022-02-25,1261.922607421875,1271.2756080194497,1225.9636909643264,1230.4131777616817,1885454
2022-02-28,1280.3563232421875,1289.3006342529934,1237.9047926666044,1253.1146993434177,4983140
2022-03-02,1266.1451416015625,1290.0723436337744,1255.6117367978943,1271.27566914992,2160190
2022-03-03,1295.4752197265625,1310.8666901944214,1275.9520593526224,1280.1745324865053,2730530
2022-03-04,1319.9473876953125,1325.758955972976,1269.913630087813,1284.8965223984667,3567738
2022-03-07,1293.1597900390625,1329.391169912946,1281.309750831517,1296.701223111808,3341715
2022-03-08,1327.529541015625,1332.0244749591072,1289.4367189048633,1289.4367189048633,2365949
2022-03-09,1366.394287109375,1372.0696247365115,1327.5295307001693,1327.5295307001693,3667977
2022-03-10,1348.7779541015625,1385.6449234404029,1338.9255906091944,1384.7823164998451,2835942
2022-03-11,1350.0947265625,1354.6803327377374,1337.1095100717855,1340.2876990600716,1116432
2022-03-14,1364.8050537109375,1370.162594055136,1350.276190863715,1350.276190863715,1372791
2022-03-15,1324.4876708984375,1375.7019436429493,1314.8623197326672,1374.7938895547363,2188506
2022-03-16,1352.90966796875,1357.0866941722918,1333.3865070957463,1339.5612077477192,1453944
2022-03-17,1356.1785888671875,1371.1160321662885,1350.276238128897,1366.6212094041628,2346185
2022-03-21,1343.73828125,1380.2420057476488,1340.469198348717,1357.5406569689046,2110200
2022-03-22,1396.7686767578125,1401.9899874757323,1339.4251529416367,1350.185571121453,3030660
2022-03-23,1400.3555908203125,1418.107981185726,1388.5962242352618,1407.483793022136,3741783
2022-03-24,1424.3280029296875,1427.415297542344,1389.458710663881,1389.458710663881,2085571
2022-03-25,1389.822021484375,1430.1395283024935,1382.4213596014317,1426.5527595283113,1755511
2022-03-28,1384.2828369140625,1397.4496195426586,1377.1092991935595,1392.9547967080211,1928306
2022-03-29,1382.3759765625,1397.9945717780738,1379.4248010799379,1395.678989753182,2311150
2022-03-30,1358.72119140625,1393.227242056903,1348.4601372689308,1393.227242056903,3792481
2022-03-31,1361.5816650390625,1370.7984362497891,1350.4580024028453,1358.7213833240498,2036984
2022-04-01,1350.366943359375,1364.48722595628,1339.7880931701795,1361.1728070253923,2537230
2022-04-04,1360.8551025390625,1365.985629632173,1347.2342930067857,1350.3670348606365,1675276
2022-04-05,1352.1380615234375,1382.5124281682574,1343.920127217748,1369.3456431380837,3207223
2022-04-06,1325.16845703125,1345.7359003496028,1320.3103907613513,1345.7359003496028,2627895
2022-04-07,1333.5228271484375,1339.0619347160598,1317.3139735854058,1320.3105963062458,3336784
2022-04-08,1315.543212890625,1347.007305690911,1307.5977405090596,1339.3796300353213,5402943
2022-04-11,1315.95166015625,1327.8925910435216,1303.6475963881549,1322.0810239468517,3268704
2022-04-12,1284.896484375,1309.0507000038565,1277.1325778870196,1304.2834162279069,2021088
2022-04-13,1280.7646484375,1297.3366330120425,1274.362934602863,1287.7112833188544,1430399
2022-04-18,1220.924072265625,1262.1950829783939,1207.893408451252,1262.1950829783939,3968044
2022-04-19,1181.5599365234375,1236.6334392024728,1167.4397619443055,1236.6334392024728,2677360
2022-04-20,1188.82421875,1199.4938529474418,1176.6109371349057,1185.3736801557081,3025261
2022-04-21,1192.0025634765625,1197.7233486007246,1178.1547385590789,1193.0922948959703,3728173
2022-04-22,1186.3726806640625,1202.2636274008562,1173.9777200400738,1185.0105995151944,1954666
2022-04-25,1153.591796875,1178.6086174839086,1146.5089315015523,1175.929902584933,2686619
2022-04-26,1158.1776123046875,1167.4851672700672,1148.6884908492962,1163.5806009631942,2568317
2022-04-27,1145.283203125,1157.3149196295838,1131.6623919877354,1151.1855546178147,2382463
2022-04-28,1154.4090576171875,1166.3045424674478,1135.2490301528328,1156.6791925445818,2576887
2022-04-29,1143.2401123046875,1166.6679524315596,1133.5693139669745,1165.9414648127233,3811317
2022-05-02,1117.99609375,1134.1595000589928,1111.6397154470271,1125.9870136694562,2149957
2022-05-04,1101.2879638671875,1129.5737580176392,1089.6648280296295,1119.131136749022,2797667
2022-05-05,1147.1898193359375,1149.6869674454394,1109.7780447248747,1119.4941766669153,3563713
2022-05-06,1172.070556640625,1179.5620012211286,1115.7257685177829,1125.7143612917878,5745203
2022-05-09,1145.1922607421875,1162.3090555233828,1098.7452790494476,1162.3090555233828,5712061
2022-05-10,1128.07568359375,1154.5453726548878,1121.446844144035,1139.6079266402946,2852416
2022-05-11,1111.8665771484375,1149.278465131457,1096.2935411095814,1128.7110216900246,3244609
2022-05-12,1101.2879638671875,1119.4943805276528,1086.9861129992987,1097.8373142398516,3110220
2022-05-13,1092.2528076171875,1121.0381879249715,1085.1246053912284,1115.0903894731618,1892084
2022-05-16,1079.7216796875,1108.7339613649863,1050.573056890926,1080.584286670216,3474480
2022-05-17,1088.0303955078125,1098.7454783960395,1074.36424759431,1085.8511543104676,4434968
2022-05-18,1064.28466796875,1117.3603765854143,1061.0610321333252,1097.8372168157382,5294021
2022-05-19,1006.4415893554688,1047.8034917758318,998.8593609213971,1046.986221038519,4393100
2022-05-20,1026.9183349609375,1030.459767882624,1012.2532400605635,1024.2849560783275,2461651
2022-05-23,1037.8150634765625,1042.2645507805146,1013.070589003185,1029.7333597361512,2783695
2022-05-24,997.361083984375,1045.9419727531836,990.6869092854238,1042.4459870391076,3666196
2022-05-25,962.6735229492188,994.2284011759815,948.9164819271115,990.7324152539594,4711542
2022-05-26,979.4271240234375,989.324935821413,958.8596766165575,971.6178809811031,2946857
2022-05-27,1019.9715576171875,1022.6502723215472,991.5948728403906,994.3190345789632,3367600
2022-05-30,1056.974853515625,1062.8772045017517,1031.0498675379863,1037.8149363299467,2469771
2022-05-31,1071.7308349609375,1082.4004704710337,1043.0363480137128,1046.0783070324085,9674664
2022-06-01,1041.1746826171875,1086.9406258759898,1037.9964936526378,1077.0882622551726,2419021
2022-06-02,1040.6300048828125,1049.1657356436367,1027.644786835835,1035.1816802499181,3206663
2022-06-03,1042.355224609375,1073.3198443106398,1038.9045750183632,1053.3426560070577,3229236
2022-06-06,1038.9954833984375,1043.3541875282585,1008.9389140906297,1040.630025158733,3938875
2022-06-07,1026.37353515625,1035.0000486153033,1017.6561276152114,1026.1918578387208,1656444
2022-06-08,1020.834228515625,1034.5459321368182,1016.9296629533249,1030.550472500392,1303551
2022-06-09,1033.910400390625,1036.9523595278304,1009.4383861590402,1018.8367241456391,1323539
2022-06-10,1007.8037719726562,1020.5619757991769,999.0864752035633,1016.1124887550895,3119792
2022-06-13,955.2273559570312,984.8753410709938,953.4566950048819,981.7879353178815,2012004
2022-06-14,935.4318237304688,959.4044708196361,926.5782974816492,938.9278093619982,5775453
2022-06-15,926.260498046875,941.652024870727,924.217376488573,941.652024870727,3238141
2022-06-16,885.6250610351562,938.5645985043774,881.7204398937,929.8927492542733,5600443
2022-06-17,876.3175659179688,884.7624576529962,856.9306337646776,881.8112819364443,7043370
2022-06-20,889.3026733398438,897.2935929737473,860.8805938854199,876.27212045368,2985094
2022-06-21,908.144775390625,912.27646539353,889.8929123174819,900.2447499974007,3433536
2022-06-22,889.8930053710938,905.2845332323099,878.9963563257335,905.2845332323099,2719988
2022-06-23,899.9722900390625,906.7373033696471,881.9474404523856,890.8917501116248,2915172
2022-06-24,890.9826049804688,908.9620632793732,884.4446050290803,908.9620632793732,4056588
2022-06-27,914.592041015625,929.9381210518374,904.421824673607,904.421824673607,3796002
2022-06-28,926.8507080078125,934.3875449534056,893.5705074881447,909.8700875056486,2755698
2022-06-29,927.2139892578125,932.9347742407841,910.3695973339634,915.3185031030439,3770663
2022-06-30,908.0540771484375,931.663483154297,905.3299149169923,922.5829423828126,3264301
2022-07-01,917.7702026367188,920.7667697969764,898.3378245762525,905.3298515656662,1842102
2022-07-04,908.0086059570312,920.5851316541201,903.513727584405,917.7701864309331,1814322
2022-07-05,910.9597778320312,927.9403986038519,907.1459399727277,912.5942639365279,3045188
2022-07-06,917.0438232421875,921.5840935712938,909.5069301572936,915.3184983478384,2188175
2022-07-07,926.8961181640625,932.4806724192756,922.5828616749327,927.0777400482484,1901699
2022-07-08,932.117431640625,939.5634301071683,921.2661752485236,936.2036746434334,2841036
2022-07-11,914.9097900390625,923.8087080904543,897.1573455513092,921.6748033750798,2892507
2022-07-12,905.6476440429688,923.3093056092171,903.0597122856456,908.0540093369991,2013304
2022-07-13,899.0188598632812,911.8678462504496,896.2946978382888,909.325306111767,2067142
2022-07-14,886.0791625976562,906.7827845935163,879.7227840203083,906.2379743133184,2212219
2022-07-15,884.2630615234375,897.9747115327443,876.3175882380393,889.8930079645928,2544737
2022-07-18,915.3184814453125,928.0312381320529,893.7068061624979,894.433238317096,3946821
2022-07-19,915.0460205078125,917.9971959872462,899.8815077288484,908.0086020568554,2985845
2022-07-20,949.3704833984375,955.0003740164095,923.7179571851368,927.3501732861351,5574762
2022-07-21,951.4432983398438,954.2532218616338,931.4516922509813,944.3034430388185,4935223
2022-07-22,947.7120971679688,961.5311718566817,933.4784952225614,958.1225117507662,2985409
2022-07-25,937.16357421875,947.8964112987386,928.8721294726514,947.8964112987386,2888919
2022-07-26,920.6727905273438,955.5890081596008,915.8822229854683,935.0907141788333,5939871
2022-07-27,928.3194580078125,930.4383716878225,913.9015333019411,921.2717069576019,2546052
2022-07-28,956.2799682617188,961.3008537469485,935.4592515603354,940.802615859544,3428026
2022-07-29,966.0916137695312,983.9181990982873,961.8997824504507,971.9416667122595,6185909
2022-08-01,966.9666748046875,975.5805420037524,956.0957371090467,975.5805420037524,2540084
2022-08-02,951.3051147460938,966.8746286377717,948.9098308688946,963.6501777561783,2802273
2022-08-03,969.776611328125,973.7841204577036,944.0270015940929,946.5604985962298,3509019
2022-08-04,972.9089965820312,988.2480799904569,954.6216638801124,979.311789734142,5360632
2022-08-05,974.8895874023438,983.8719857351415,967.7497323172994,976.5479213092877,2641829
2022-08-08,973.4156494140625,981.0161408897627,966.4601156001333,972.8629088896326,2579239
2022-08-10,972.1257934570312,975.7648839256295,960.9324329539094,972.8628557559649,2823021
2022-08-11,992.43994140625,1007.7791377431308,985.9449309203874,987.6032649686703,3201408
2022-08-12,981.9834594726562,991.6568116523139,978.3904775996573,988.8008920722077,1771561
2022-08-16,992.8544311523438,994.9272924043681,973.3696253512506,991.2883143014491,2222701
2022-08-17,1017.5446166992188,1019.7556913234614,987.7874951019526,988.0639216024555,4280823
2022-08-18,1018.1433715820312,1021.8744542339506,1002.4356451955533,1013.3988001620166,3041422
2022-08-19,1017.2222290039062,1045.643440104179,1013.3989287353278,1022.6116462692853,4577717
2022-08-22,993.7756958007812,1013.3988271653138,990.5973535540943,1009.7137405210763,2157609
2022-08-23,981.9834594726562,985.8527553605527,964.5714030572892,978.3904775996573,2875768
2022-08-24,986.6358032226562,988.8929861830877,972.0336704374789,982.075553656342,2180800
2022-08-25,986.3134155273438,1003.863685613374,981.6610611258457,994.9733916129962,2734931
2022-08-26,1000.0866088867188,1011.1418700601636,995.8947773744815,997.7373209033889,2624896
2022-08-29,954.02294921875,965.1242056731024,937.2096845466224,963.6501934523494,6118233
2022-08-30,991.38037109375,995.4339887272414,960.2414577099296,965.4926609774632,4453769
2022-09-01,970.0068969726562,981.1542609192871,960.9783902450207,972.8628164608143,6112823
2022-09-02,973.2313842773438,982.5362053616876,964.6175169239153,974.8896057555904,1645341
2022-09-05,981.2005004882812,986.4978129329081,971.757465260903,972.8629463523323,1677079
2022-09-06,979.9566040039062,986.6819319977553,967.6116539263036,981.2004106928459,3051076
2022-09-07,972.7246704101562,977.4692420032874,961.8076236111517,969.1777969721568,2615897
2022-09-08,1003.8175659179688,1006.8578073426049,983.088953822499,985.7606640956765,2634786
2022-09-09,1037.95068359375,1043.2018867953614,1000.7312879969776,1015.8401649176373,3394349
2022-09-12,1059.5545654296875,1073.2815363261877,1050.2036351319423,1050.2497437011623,5230075
2022-09-13,1057.1131591796875,1072.7747779611439,1053.1056498070054,1064.9900771390364,2483685
2022-09-14,1026.94140625,1033.5285206737333,1008.7924007366927,1024.4540179170797,5179539
2022-09-15,997.7371826171875,1035.785746199575,993.1308244333593,1032.1006596525124,3392174
2022-09-16,951.8577880859375,989.3996064150108,947.0672206696287,981.1542704408118,6635089
2022-09-19,957.661865234375,969.0395474423864,942.5529879181072,954.4374145096801,2485826
2022-09-20,973.0010986328125,981.7991756222721,967.3352553594374,971.0203420465209,2321528
2022-09-21,976.686279296875,982.9508597917439,964.57153315542,964.7557425235304,2760138
2022-09-22,965.861328125,987.6033189990375,960.1954843533085,967.33534043749,3867282
2022-09-23,953.6083374023438,967.2432038783792,941.5397003304071,956.2800478893959,3230711
2022-09-26,951.58154296875,969.4081275260689,933.75490218147,947.9885609164409,3314114
2022-09-27,942.0003051757812,962.7289182481089,938.821906592032,953.4700927584998,4448875
2022-09-28,948.6333618164062,954.8059492744507,929.148500387024,936.0119853444488,1965519
2022-09-29,927.8126220703125,962.2682030039891,922.7917367465982,960.7480823454611,3176310
2022-09-30,929.194580078125,938.5915623197695,907.0380077510343,922.1929379066817,3848885
2022-10-03,926.3386840820312,938.0848981268308,920.4886313438608,930.4844066860782,2431236
2022-10-04,947.34375,954.4374972251352,937.7625016671446,941.5396932085794,2715420
2022-10-06,950.1074829101562,962.7288593356619,946.468392473081,952.088126959038,2397633
2022-10-07,943.2440185546875,954.8520196180943,940.6644690105929,948.8177573886674,1539126
2022-10-10,948.31103515625,951.6736994711492,924.4961833681493,928.734010844767,1660433
2022-10-11,925.7398071289062,953.5161702319962,921.7783502280406,953.0555344009662,2310765
2022-10-12,935.919921875,938.5915760080843,919.6134018987398,928.4575875316465,2192421
2022-10-13,933.2021484375,940.6183741275776,924.081536421654,938.637617547078,1344162
2022-10-14,939.5588989257812,967.2431578516079,936.0580777931025,953.5161873485193,3492929
2022-10-17,942.6912841796875,947.021216264512,928.1352023007946,938.7758793834366,1426207
2022-10-18,939.1443481445312,952.5487832566165,934.1694587126575,947.4357930443476,2395805
2022-10-19,938.9600830078125,948.9098056462669,936.2883727135237,943.8428115384471,1304927
2022-10-20,959.6426391601562,961.2548645517651,927.7205539143184,930.484368871362,1852905
2022-10-21,959.1820068359375,962.1300311502465,949.9231817120701,959.6426426637933,1202009
2022-10-24,965.6309814453125,968.3947966214419,962.7289530183912,968.2565833706499,231316
2022-10-25,997.2765502929688,1000.501001032946,968.2564936331734,970.4675680611412,3097049
2022-10-27,991.1500854492188,1011.5562750564116,983.1350670515917,1007.2263432710118,2342818
2022-10-28,966.3678588867188,995.8946604549425,962.7749893951033,995.8946604549425,1542568
2022-10-31,979.6803588867188,993.407329857434,970.0991106109221,970.3294285384176,2629847
2022-11-01,986.58984375,994.9733933688088,964.7096418124914,984.8394051030155,4709472
2022-11-02,996.81591796875,1012.2011094266297,982.3979942603054,986.6819298932821,4104485
2022-11-03,969.9609375,986.8202554742874,967.4735487640895,985.7607704719809,3460133
2022-11-04,970.6978759765625,975.442447365661,956.9709061900126,970.0990269247492,2531080
2022-11-07,970.5596313476562,983.8259648898581,962.2220783772686,975.5805165875591,2588984
2022-11-09,947.7120971679688,966.3678479977312,944.349545628316,964.5714132721656,2697639
2022-11-10,940.7105712890625,952.5949994805645,926.1084363905585,935.0908360471692,3285774
2022-11-11,975.3502197265625,982.0755475407794,963.8343244692832,966.4139299908795,5299457
2022-11-14,981.4767456054688,989.8602952631885,972.356133631939,978.3905080203641,2229790
2022-11-15,982.9507446289062,986.2213039791754,967.3352351033482,981.1543098905389,1577944
2022-11-16,982.858642578125,990.3670290578497,975.6266825788491,982.0755841634119,2335937
2022-11-17,975.2120971679688,978.252225972034,964.8477916679262,976.5478960040094,2089630
2022-11-18,977.3310546875,981.1543547119303,963.6501925151916,976.5479962391044,1617331
2022-11-21,960.5178833007812,974.6133857551431,956.0958464723017,972.0337799269174,1475958
2022-11-22,967.9340209960938,970.0068820788847,954.483478239744,960.5177396936997,1696991
2022-11-23,961.8536987304688,975.3042421545804,959.3661978316792,972.8167412557908,1704144
2022-11-24,985.1159057617188,986.6820227185707,963.6502294711718,966.6904711637997,2208145
2022-11-25,995.1116943359375,997.6451916257314,976.5480462478255,985.7607636652577,1943246
2022-11-28,992.3937377929688,1005.1073310523907,987.0504299067687,990.3669852257746,1749691
2022-11-29,989.9525146484375,999.9942858496815,988.3402892313673,991.3804182561761,1233868
2022-11-30,992.2095947265625,996.8159531050517,979.4960006179639,990.1367334562424,3909954
2022-12-01,1014.7806396484375,1020.7227963219703,1002.4816866167637,1005.475819234882,4264917
2022-12-02,1026.987548828125,1028.4155648375981,1013.4449008605117,1014.7806997391161,3418928
2022-12-05,1013.1685180664062,1031.8242693651966,1009.94406722464,1031.8242693651966,2760688
2022-12-06,1003.0806274414062,1009.8519516440056,995.0195004240453,1003.2648367892639,1838107
2022-12-07,993.1769409179688,1001.6987036259967,989.6299551202069,1000.5010055046852,1478573
2022-12-08,989.5840454101562,997.1845371376384,986.03717176265,993.2230237381312,1110431
2022-12-09,953.7926635742188,991.0119513625272,949.0940878004135,989.3997258409073,3138360
2022-12-12,950.8445434570312,962.1762308798877,941.355455750137,952.5949822607148,1689393
2022-12-13,963.4197998046875,964.9859165799068,949.0479849770883,957.9842747367087,1983827
2022-12-14,981.2463989257812,983.964217733233,968.2564913248245,968.2564913248245,1983937
2022-12-15,942.2305297851562,976.547896917395,939.9273507829926,976.547896917395,5184673
2022-12-16,940.4341430664062,952.1343049391302,931.4056916240548,935.0907784356237,2994364
2022-12-19,945.86962890625,947.1594318048257,930.2541182532875,939.6511010330099,1529622
2022-12-20,937.8085327148438,944.3034869154405,924.9567813298559,944.3034869154405,2149130
2022-12-21,945.2708129882812,949.4165353760981,939.9273924822394,943.842796959622,2037666
2022-12-22,935.873779296875,953.5161538135243,932.8796464467359,948.909795582541,1925482
2022-12-23,917.3563232421875,935.551439871897,914.8228259899495,925.9241390673997,1504806
2022-12-26,922.1929931640625,927.259987631997,914.8228193925216,921.5941440531394,966423
2022-12-27,930.06982421875,932.8796916297508,915.0070545658696,930.2080374643572,1615647
2022-12-28,936.2423706054688,939.1443989694412,923.2985143906919,926.1544341854247,1077963
2022-12-29,933.4324340820312,935.7356131750929,927.7205386852465,930.4843535969206,1977329
2022-12-30,936.3805541992188,946.7448605566631,935.0907513605304,942.2306068512141,1317151
2023-01-02,930.0238037109375,941.4014869899576,926.0623465508311,937.7625086706513,1348611
2023-01-03,943.1979370117188,944.1192649239007,928.6879080167403,933.2482140897257,1439615
2023-01-04,939.9735107421875,948.3110084386561,932.4190715041308,943.19796171441,1702044
2023-01-05,932.0045166015625,944.2573624569567,925.4174016043802,940.6183843086832,1376035
2023-01-06,908.5120239257812,932.0044500643625,907.4525390785292,930.0236936038327,2346808
2023-01-09,935.321044921875,940.6183569221712,917.0338251171837,919.3830565843667,2190779
2023-01-10,923.713134765625,934.2155988882351,920.3965227558813,933.2482748049633,1411099
2023-01-11,927.1217651367188,936.8872790246088,924.2658453207107,929.0564694704339,1294200
2023-01-12,922.69970703125,933.708915654721,918.7843021062055,930.4844645399785,1948321
2023-01-13,924.1737060546875,929.5631228777028,908.6502445461567,925.3713479898064,2837817
2023-01-16,953.0094604492188,954.2071586373673,924.2658285328881,928.8261346717165,4286551
2023-01-17,963.6962890625,967.3352672266694,949.7390005719593,952.5949202975012,2466876
2023-01-18,965.8151245117188,968.7171527394414,961.3469794423272,963.6962671647502,1138627
2023-01-19,970.3755493164062,971.0203945375363,958.2146951156915,961.7155726416382,1768051
2023-01-20,964.1107788085938,974.2447669279388,959.8268431570689,969.6384086918729,1160517
2023-01-23,981.4307861328125,985.392186963382,964.8017869784339,970.5597350983816,1344952
2023-01-24,986.3134155273438,992.4860031179314,981.4307432111204,985.760675023987,1578750
2023-01-25,968.3948364257812,983.641816631508,966.4140796428205,981.1544278547225,1049973
2023-01-27,949.001953125,974.3830333756893,941.0790390182992,968.256554095186,1651820
2023-01-30,954.529541015625,965.4465876555447,938.22307767599,949.0019110754207,2654212
2023-01-31,935.0907592773438,947.850349608996,917.6326496192278,944.3034761175147,5797831
2023-02-01,943.15185546875,953.0555257459555,924.3118389047255,937.900595796705,1939670
2023-02-02,936.61083984375,962.0379147391749,931.4977372329672,946.4224053493531,3860090
2023-02-03,931.6820068359375,946.0538782898016,924.0354633997579,943.7966952751374,2980262
2023-02-06,926.200439453125,936.3805362643105,918.5078435960347,926.7992885231805,2003960
2023-02-07,923.5287475585938,929.056377283643,918.5078059790159,925.8779789457482,1697633
2023-02-08,931.4517211914062,940.756598901113,925.2791896869396,928.1812179720874,2611176
2023-02-09,936.0120239257812,937.5781970228303,923.6669609607601,931.4517178781822,1782899
2023-02-10,937.2556762695312,941.171080722017,925.0488270941343,931.9123120274246,1116554
2023-02-13,923.5748901367188,937.6703360668776,921.7323467149996,935.0907865224634,1682312
2023-02-14,932.373046875,944.9483723024298,926.5690461984966,926.8454164726227,2440189
2023-02-15,987.050537109375,990.3670927885888,928.9182582039927,934.9986852558353,6712218
2023-02-16,1041.2672119140625,1051.2169900443855,989.4917936734568,990.366956697737,14422445
2023-02-17,1040.300048828125,1049.328557254676,1020.8612367651745,1020.8612367651745,5333732
2023-02-20,1054.119140625,1065.7732512990826,1031.8244082171398,1040.5764902511244,4590531
2023-02-21,1045.13671875,1061.2589747906757,1042.0044846871867,1055.7774527208192,3494288
2023-02-22,1037.0753173828125,1044.952233956217,1029.9815715786208,1033.6666577023366,2674708
2023-02-23,1039.931396484375,1059.0016730596412,1035.5553565130542,1038.2730626691741,2576193
2023-02-24,1030.9029541015625,1051.170929964149,1028.1391392112098,1047.4858434436787,1913493
2023-02-27,1026.2506103515625,1030.2121238197055,1010.496886080913,1021.6903602200344,2247105
2023-02-28,1013.6292114257812,1046.1040396037033,1010.404760401023,1029.9817844799122,3894204
2023-03-01,1038.1810302734375,1040.1156782192402,1010.6349858339295,1013.6291186543126,2084324
2023-03-02,1022.4273071289062,1035.5093193826924,1018.0051582899246,1031.8242328368465,1838692
2023-03-03,999.718017578125,1031.4557829712617,997.2305164877084,1029.9817707287511,2388401
2023-03-06,1004.232177734375,1009.7136989078008,999.5797110537992,1006.0286124154366,2076844
2023-03-08,993.4073486328125,1002.7121705875054,985.3922171285291,994.9734655854111,2230530
2023-03-09,976.5480346679688,998.059707090603,974.1066420893131,996.8160127459831,2550755
2023-03-10,977.6996459960938,979.2657629892178,959.090001605158,962.7289800385564,1400844
2023-03-13,1044.537841796875,1073.0050458151097,1036.4306062925748,1036.4306062925748,13080169
2023-03-14,1027.4942626953125,1048.637400977263,1011.9247501295187,1039.1943670567562,4325522
2023-03-15,1026.6651611328125,1043.06372921663,1023.1182877312508,1036.338513569755,2583351
2023-03-16,1029.75146484375,1034.2196101929565,1014.3662721065034,1018.926522135708,2396839
2023-03-17,1038.4112548828125,1043.340035206154,1026.480720779125,1034.9103779926395,2507004
2023-03-20,1021.690185546875,1047.3015805382358,1009.7136549678766,1047.3015805382358,4007438
2023-03-21,1009.391357421875,1022.4733705367549,1000.9155903325815,1017.9591167289699,3354949
2023-03-22,1013.0303344726562,1019.2029223120727,1007.4567081875737,1010.6350505549392,1750203
2023-03-23,1012.8921508789062,1024.4541559866473,1001.5144675917234,1001.5144675917234,1720354
2023-03-24,1015.1951904296875,1029.9816445323863,1010.3125184458656,1018.0051137820097,1943460
2023-03-27,1016.1627197265625,1025.9742861578843,1004.2782918996062,1004.2782918996062,1455300
2023-03-28,986.037109375,1017.63666005154,982.2598055754248,1012.477561212505,2431154
2023-03-29,995.9867553710938,1001.7908117328589,981.2464090147814,991.0118659838547,1642278
2023-03-31,1015.1031494140625,1018.9264492699434,1005.521901720987,1008.792461076481,2281085
2023-04-03,1016.346923828125,1018.0052579200201,999.671928068208,1017.6367267373848,1508662
2023-04-05,1016.6231689453125,1027.2177919112128,1012.1089157982951,1015.2412616019342,1947605
2023-04-06,1006.7196655273438,1017.9591354547745,997.7372663153634,1017.0839723103982,1355815
2023-04-10,1020.078125,1024.2238477929554,1004.9692461070209,1010.0362406317444,940829
2023-04-11,1011.7866821289062,1029.0605271459033,1006.3972649755889,1020.7690815377447,1384483
2023-04-12,1022.5194702148438,1025.8360258035893,1004.9232034451773,1016.1626730681265,1376719
2023-04-13,1001.2839965820312,1013.6290582749994,991.2882224075431,1013.6290582749994,2725180
2023-04-17,948.86376953125,956.280051912034,923.1142697647958,953.5162367330975,4349422
2023-04-18,944.4876708984375,956.049675338438,931.4056581711981,953.3319688964863,2735592
2023-04-19,934.0773315429688,947.9885107145321,930.4843496809304,944.4876335238453,1953837
2023-04-20,941.3553466796875,943.1978899521981,930.5304049536875,935.1828154707852,1250758
2023-04-21,920.1200561523438,939.3285474734029,915.6058025963838,934.4458189971344,4269272
2023-04-24,926.891357421875,928.1351078509176,912.9801784063545,923.1141662595027,1625433
2023-04-25,918.5078735351562,926.8914234094403,916.1125896367784,926.7993187325649,1984203
2023-04-26,917.8629760742188,923.5748718142243,914.5464204729054,918.507877505019,1589700
2023-04-27,924.1737060546875,929.2407002824649,914.8227760332595,920.3504060999257,3543950
2023-04-28,943.1058349609375,945.8695937853329,903.8135751128502,904.6427421211417,5146250
2023-05-02,970.513671875,981.8914678595636,940.0657082700435,940.0657082700435,4762884
2023-05-03,957.7540283203125,968.0262301760497,956.510334028345,958.0304548118268,2217136
2023-05-04,963.1433715820312,964.6174961441623,947.8502851591971,951.6735848798843,1744298
2023-05-05,954.8059692382812,967.9800864771811,950.3378241871161,963.6501546667571,1222282
2023-05-08,961.208740234375,964.5714042023262,953.7925710304503,958.997665812988,1487285
2023-05-09,965.3084716796875,968.6710232057786,957.984294648258,965.8612121730232,1747630
2023-05-10,963.7885131835938,968.2566589082621,956.418338805605,965.4928435165164,1186977
2023-05-11,961.8536987304688,975.442455392277,960.8402099606378,971.9415781835733,1451786
2023-05-12,963.9725341796875,970.5596487347491,952.6409607639062,961.8536769360443,1140016
2023-05-15,980.6476440429688,985.6686424270908,959.9651387722027,963.6502256772784,2122222
2023-05-16,973.9683227539062,987.4189785267698,970.0990268898788,985.6685399368847,1343911
2023-05-17,971.1586303710938,982.4442092227932,957.2013409727202,974.705504089642,2803566
2023-05-18,966.1376342773438,976.5019414115955,962.7750823750637,975.6267782375639,909923
2023-05-19,987.7413940429688,993.8217642686432,966.41393345799,973.3695792023067,2624323
2023-05-22,1017.4985961914062,1023.0262270004536,985.8529323015978,987.6033712164501,2996190
2023-05-23,1004.6467895507812,1031.0872423752548,1000.8695980701314,1017.0839575094566,1414119
2023-05-24,1012.2472534179688,1016.4850806331268,999.579767880315,999.8100857991814,1782245
2023-05-25,1011.6484375,1013.3988762327506,996.4014582471804,1010.6350611157523,1200289
2023-05-26,1026.987548828125,1032.1927560259874,1012.4775206657183,1012.4775206657183,2104054
2023-05-29,1026.3427734375,1039.2405771252604,1022.7036827782135,1039.2405771252604,1432241
2023-05-30,1011.9248657226562,1032.5613744567818,1008.7925194260606,1027.217953570829,2822485
2023-05-31,1027.7244873046875,1038.6875284054015,1009.7135841365392,1011.9246582726142,7599886
2023-06-01,1032.561279296875,1047.2094081240673,1029.6131426294546,1033.6667602597108,1412280
2023-06-02,1034.6802978515625,1049.5127507914442,1029.6133031388124,1039.1945519967262,1907589
2023-06-05,1022.0127563476562,1045.2288710826006,1020.3084261638825,1035.6015141678974,1754521
2023-06-06,1000.7313232421875,1015.2413516344218,987.1886750600693,1013.398808346519,3284841
2023-06-07,1009.4373779296875,1012.4776195875789,998.842753156933,1008.7925327100992,2086377
2023-06-08,986.9584350585938,1014.7807959182279,984.8394651262693,1014.32016005989,4054486
2023-06-09,979.3578491210938,994.0520866036035,976.6400303425673,994.0520866036035,2782697
2023-06-12,990.13671875,994.0521233135613,978.5287183006022,982.0755917073739,1767945
2023-06-13,994.420654296875,1002.2514634226316,990.7355676494602,994.5588675381371,1846534
2023-06-14,992.762451171875,999.5337762870051,986.7281884673436,994.9735259437368,1321534
2023-06-15,996.3552856445312,998.1978289374476,985.1618126480806,994.0059979620958,1389325
2023-06-16,992.3937377929688,1001.376136031063,987.0964260115286,998.1977939461644,4392418
2023-06-19,1007.5027465820312,1009.5296118743406,989.4919516444944,994.0522017473155,2188899
2023-06-20,1020.170166015625,1023.4867215510282,1002.5277909612886,1007.5026804943539,3318866
2023-06-21,1031.732177734375,1032.5152361710057,1017.1760401949729,1020.1701731573247,1985965
2023-06-22,1030.9490966796875,1037.5822076514046,1022.9800743242766,1028.9683401176032,2360795
2023-06-23,1027.6785888671875,1029.9817681340346,1007.9173557416092,1026.2966813070793,3492348
2023-06-26,1024.362060546875,1037.3519694665038,1021.045504806108,1024.6383745903142,1432154
2023-06-27,1031.5478515625,1032.7455497263475,1019.5713197637109,1021.6902896043883,1227245
2023-06-28,1020.8612060546875,1038.2271560905463,1017.7288596054244,1031.8243623971434,1876800
2023-06-30,1041.820068359375,1043.3401891401732,1023.1643166330275,1026.8955119622663,2478834
2023-07-03,1033.1600341796875,1047.3937484727749,1027.3099817662455,1046.5645815060068,1899656
2023-07-04,1057.619873046875,1064.9900463782121,1031.916371061853,1035.094825786944,2773593
2023-07-05,1082.494140625,1091.6607481510082,1056.2378997672872,1060.1994126701356,3732838
2023-07-06,1086.4097900390625,1090.7858311691753,1070.5178511981264,1082.4943848173828,2520085
2023-07-07,1064.9901123046875,1091.0621470622075,1060.6140716183145,1077.887916432945,2261102
2023-07-10,1056.8367919921875,1068.6290015938662,1046.196059488953,1068.6290015938662,2088505
2023-07-11,1070.010986328125,1074.3870269658903,1054.9482163090656,1063.746406154227,1212566
2023-07-12,1068.122314453125,1076.9664993122094,1062.6406809627144,1074.202684515001,1274203
2023-07-13,1082.724609375,1098.063806294634,1062.6869490866304,1068.1224748292543,3215610
2023-07-14,1131.9205322265625,1135.0067700264508,1089.8644553094896,1090.7396184679903,6033106
2023-07-17,1144.5880126953125,1170.7060435857034,1124.5503526929604,1138.599746487713,4880073
2023-07-18,1149.33251953125,1159.3282946817153,1128.5577983410844,1145.1406884391577,2666872
2023-07-19,1146.7069091796875,1162.368529024455,1134.1776357958597,1156.196053246078,2293881
2023-07-20,1154.3072509765625,1156.656538631585,1138.3232105890095,1146.9831864566493,2000345
2023-07-21,1129.868408203125,1151.4711745575512,1116.5380448055562,1134.0282682000548,5032086
2023-07-24,1098.4332275390625,1138.2352786075369,1092.193495528151,1131.1919648556006,2669308
2023-07-25,1093.3753662109375,1101.1277437426804,1082.5030646878715,1100.465997639024,2557865
2023-07-26,1080.8011474609375,1103.302128200742,1077.2558321389556,1094.7933714279857,3170213
2023-07-27,1039.8646240234375,1063.594577743161,1023.2253008220018,1050.3587341090238,17594818
2023-07-28,1031.497802734375,1039.9592431406008,1025.8252977717898,1039.9592431406008,4244321
2023-07-31,1054.6131591796875,1057.9221202349354,1027.810597713661,1035.232101570379,4766331
2023-08-01,1081.0848388671875,1091.4844306708947,1058.7730104425327,1058.8675291047223,3805214
2023-08-02,1083.1175537109375,1089.6881590016253,1064.1618871672997,1080.612174319791,2357217
2023-08-03,1080.423095703125,1084.3464857499646,1060.0966207599035,1077.7758807103492,2348236
2023-08-04,1111.054443359375,1117.3414919304075,1080.4230129993439,1090.9643243138087,3580506
2023-08-07,1119.0433349609375,1127.7411289274853,1108.1237177658254,1115.5925383498166,1694290
2023-08-08,1139.606201171875,1142.915162200012,1110.9600066796136,1121.2650798201494,5137402
2023-08-09,1160.97265625,1169.0087047663883,1134.6900043510846,1141.0715722905695,3396984
2023-08-10,1168.3468017578125,1171.5611284066713,1149.2493021338537,1153.4091615356242,3715680
2023-08-11,1153.8345947265625,1182.1025974570207,1148.9657875477212,1168.346843828794,2933959
2023-08-14,1153.1727294921875,1154.543538387864,1137.336990021809,1145.9402642048365,1842625
2023-08-16,1160.8306884765625,1171.3721151772718,1153.409185243157,1154.3546026081103,2341456
2023-08-17,1164.517822265625,1166.5504926520523,1148.2566899889885,1158.1362551454358,2636308
2023-08-18,1144.7113037109375,1159.0342833637649,1139.3696729278204,1159.0342833637649,1794430
2023-08-21,1152.322021484375,1157.1909443726522,1138.6134686302873,1139.228013046606,1175945
2023-08-22,1146.980224609375,1156.2453603318156,1143.245872429475,1152.3218554470866,1003208
2023-08-23,1135.4462890625,1152.3219664471037,1133.744491592037,1146.9803350948473,1569035
2023-08-24,1133.64990234375,1150.1001870401049,1131.3808776602202,1140.3623423350093,1218843
2023-08-25,1124.5740966796875,1131.8537651400397,1114.127187323525,1125.0468054214612,1213340
2023-08-28,1120.083251953125,1131.002868962303,1117.7670255123398,1124.6213015846422,950013
2023-08-29,1132.6099853515625,1141.969640198467,1123.392166188643,1127.3156712727998,1419344
2023-08-30,1131.8536376953125,1154.9218447779122,1129.348373971926,1142.016874499085,2016339
2023-08-31,1136.344482421875,1148.2095178387497,1132.610129576634,1133.5555470470654,2817747
2023-09-01,1161.019775390625,1162.768774335182,1138.3297599177502,1139.2278602005968,1686038
2023-09-04,1188.1534423828125,1196.8985542523496,1158.6564625642018,1167.5906117706572,3466873
2023-09-05,1186.073486328125,1197.4656971474442,1180.4955003938494,1190.0441933824086,2199985
2023-09-06,1180.7789306640625,1190.847648331559,1168.3939866960716,1186.0733600492888,1753376
2023-09-07,1199.9710693359375,1205.26538384617,1171.0413191484165,1180.779049403019,2554884
2023-09-08,1194.014892578125,1208.24347100923,1190.327856940872,1202.5709664505011,1731105
2023-09-11,1199.5927734375,1205.4071131825647,1194.5348137303297,1195.9529397458386,1293853
2023-09-12,1196.8984375,1213.7269135109057,1183.2372021290928,1202.3819046246497,2335224
2023-09-13,1191.6041259765625,1199.4983382641512,1185.4589128150121,1191.5096073170953,1204376
2023-09-14,1209.9925537109375,1218.9740198823856,1193.1168745650139,1193.1168745650139,3288631
2023-09-15,1229.0899658203125,1232.5406470852154,1204.4617958105205,1208.4325028205621,4316210
2023-09-18,1219.3994140625,1230.933460230425,1212.9705295511792,1229.988042826254,1967717
2023-09-20,1204.7926025390625,1218.7848257798903,1199.781959721829,1212.025068502008,2843560
2023-09-21,1221.1484375,1225.260980208572,1196.8039388577388,1206.305314714453,2960250
2023-09-22,1234.1005859375,1247.9509739955208,1213.9159474320065,1219.6357688924454,3252940
2023-09-25,1228.5225830078125,1242.6566422527144,1225.3082562031893,1234.1005686981705,2100302
2023-09-26,1212.3087158203125,1231.9261258611689,1209.3306280820295,1229.0425567765442,1141475
2023-09-27,1218.31201171875,1223.275452482608,1195.0074524793492,1200.6326391821015,1568115
2023-09-28,1162.390625,1204.5090138581575,1155.2999949166328,1204.5090138581575,6570797
2023-09-29,1156.0565185546875,1164.4234400108796,1143.9551288796106,1157.1909733459863,2861162
2023-10-03,1149.816650390625,1163.5252033424642,1146.3659690424636,1153.9765102299052,1622290
2023-10-04,1139.2279052734375,1149.154787435571,1121.3122926771146,1143.9549920173106,2340603
2023-10-05,1139.7952880859375,1157.143675721047,1134.0282645531843,1147.7368179804632,2497613
2023-10-06,1150.4783935546875,1156.2454162944653,1139.227904035021,1141.118738730515,1446719
2023-10-09,1146.46044921875,1160.7362290768428,1136.5335663799742,1137.573502453033,1451064
2023-10-10,1160.736083984375,1164.234081813066,1146.7911788825468,1148.8710507686792,1503359
2023-10-11,1164.3760986328125,1171.2776921232453,1155.3001142699466,1162.9579724696334,1622663
2023-10-12,1133.3189697265625,1164.7540944343066,1124.3848225515253,1164.7540944343066,2452842
2023-10-13,1128.9229736328125,1137.2898951296092,1115.5926104370376,1122.2105327023419,3266079
2023-10-16,1119.9415283203125,1132.8465000567278,1116.349011126021,1130.057564642251,2638043
2023-10-17,1132.2318115234375,1137.3370883681648,1123.5812195653432,1125.0466626418254,1163897
2023-10-18,1122.3050537109375,1136.3917970722662,1113.7490948659433,1134.5009621353738,2337078
2023-10-19,1108.1710205078125,1120.7450025927865,1104.0584779289202,1106.6583757601895,3107691
2023-10-20,1106.800048828125,1111.8108069612301,1085.7173111038223,1106.138302844081,2962470
2023-10-23,1092.8553466796875,1107.0366096172193,1088.6956018772753,1100.5605226238956,1203959
2023-10-25,1079.80859375,1102.2622588144638,1074.4669619268673,1098.5751075750284,1555285
2023-10-26,1054.5657958984375,1058.8674912445776,1038.210144072759,1040.0064602197428,7099401
2023-10-27,1059.387451171875,1064.4926125044767,1053.2422384347744,1058.820108439461,1382498
2023-10-30,1065.3909912109375,1076.7360010765453,1054.6132087571284,1059.387613238535,2255915
2023-10-31,1071.2996826171875,1075.0813519797105,1054.6603605035648,1065.3908242382454,1194765
2023-11-01,1063.6890869140625,1075.8849943782122,1058.820164253455,1069.2197555875152,1288497
2023-11-02,1065.9825439453125,1079.8388836021543,1064.3580542323782,1075.0608354446226,2493118
2023-11-03,1082.8011474609375,1085.572438459852,1066.4602476418968,1074.105123969079,1108121
2023-11-06,1091.4495849609375,1093.9819738634799,1083.9957830311082,1087.0059767585997,572330
2023-11-07,1097.9954833984375,1099.237822599028,1086.0981899647998,1091.3062158755574,902481
2023-11-08,1088.582763671875,1101.6745693069759,1086.5760067232816,1100.623422015005,806162
2023-11-09,1074.057373046875,1090.350563535974,1067.607008188095,1089.3949539272658,6042108
2023-11-10,1087.627197265625,1089.156149446707,1071.7162725198352,1072.1940773671467,706806
2023-11-13,1081.1290283203125,1091.4496599085312,1077.9277591036446,1089.9684181888485,435537
2023-11-15,1121.6468505859375,1126.5204365744632,1092.7396580575246,1094.1730725630657,2816201
2023-11-16,1153.6119384765625,1161.0179133645788,1115.578743881305,1122.8413539895616,2294942
2023-11-17,1149.3594970703125,1160.062278401527,1144.8203512702012,1158.389961527802,1176628
2023-11-20,1158.0078125,1168.2327890234637,1149.3594985668474,1151.4140826304128,1077366
2023-11-21,1151.0318603515625,1166.9427848648188,1147.1138839911825,1165.7959832570868,1129326
2023-11-22,1161.447998046875,1163.9325598196244,1150.554024649284,1151.5096343043083,750622
2023-11-23,1157.147705078125,1166.7038012194068,1153.3729771113801,1161.0656811657377,651637
2023-11-24,1144.677001953125,1161.0179037239063,1142.0490754017794,1158.2467290455609,884921
2023-11-28,1149.025146484375,1155.332147283149,1133.3531238029898,1142.0491488930852,910795
2023-11-29,1167.4683837890625,1179.7957728824965,1153.0865270563734,1153.420967138235,1898448
2023-11-30,1166.7515869140625,1173.7754113518881,1155.045368386449,1167.755023734201,2978406
2023-12-01,1166.369384765625,1172.3419449746752,1157.7688980645928,1172.3419449746752,1017856
2023-12-04,1169.5706787109375,1193.7475329630959,1163.9325584227468,1183.044751500296,1581599
2023-12-05,1166.4171142578125,1171.8163321050629,1155.1887008818824,1169.6662103947783,1499843
2023-12-06,1170.8128662109375,1191.6452027022854,1164.5536931564077,1168.7105716959863,2637916
2023-12-07,1168.9495849609375,1176.3555602590754,1165.9393910255726,1171.5775116796315,1076885
2023-12-08,1170.9085693359375,1182.9969382784882,1163.2158648710686,1175.399888101388,2642571
2023-12-11,1178.553466796875,1185.433809842709,1170.9085893452493,1176.3555178689037,1558876
2023-12-12,1171.7208251953125,1189.73404422128,1164.5537526397625,1182.9969493584347,1114846
2023-12-13,1162.116943359375,1179.1745533284686,1143.9126484005312,1171.5775028053285,3025706
2023-12-14,1208.5594482421875,1213.433150659672,1175.5432056302234,1180.177888989464,5287733
2023-12-15,1248.1217041015625,1265.9916740258727,1206.4571479080796,1213.6242200738702,5900381
2023-12-18,1234.4088134765625,1273.8755402197016,1229.3440354736256,1247.0706418323314,2671348
2023-12-19,1224.5660400390625,1243.2004297465376,1212.8598208638539,1242.2926471650098,1717860
2023-12-20,1193.1741943359375,1255.671089230702,1183.2358305733562,1233.6920671208798,2860865
2023-12-21,1194.607666015625,1202.6826379943896,1171.577495510857,1177.3111537270602,3337533
2023-12-22,1218.5457763671875,1224.0405323409648,1187.3450952031628,1204.068265558137,2297352
2023-12-26,1225.091552734375,1231.541917774123,1204.5937727131356,1218.4022852857472,1720830
2023-12-27,1223.32373046875,1234.169876787322,1210.9963425154733,1230.7297053391346,1584695
2023-12-28,1228.8660888671875,1231.780744737625,1214.149794702819,1227.9583064296728,2284964
2023-12-29,1216.1566162109375,1234.5998120374625,1211.8085457436032,1228.866154270375,1187193
2024-01-01,1239.569091796875,1245.9239193559233,1209.0851203618058,1216.491095214842,1776828
2024-01-02,1221.36474609375,1241.43254998852,1216.3477951200575,1240.3814026386328,1615064
2024-01-03,1188.9693603515625,1217.446571719598,1184.9558468856371,1208.846085734138,2231707
2024-01-04,1192.123046875,1199.0033897434305,1177.024367636717,1194.6076086524015,3355191
2024-01-05,1192.8876953125,1215.3922348911676,1190.2597685050077,1199.1946963201653,1756868
2024-01-08,1174.396484375,1198.5734562443047,1167.1817011910234,1194.703190330903,1320667
2024-01-09,1180.799072265625,1195.6587321423203,1177.8844162097384,1185.4815828211097,994439
2024-01-10,1185.8160400390625,1191.1196036146725,1173.7753817588273,1181.6113342415729,808638
2024-01-11,1193.938720703125,1205.788303700017,1185.8160386736156,1185.8160386736156,930492
2024-01-12,1249.9853515625,1253.5210608960103,1210.75752556146,1215.3444989171937,5023455
2024-01-15,1278.2713623046875,1339.2870194539546,1274.6399987165325,1275.738973222283,6012767
2024-01-16,1261.7869873046875,1273.0631110239092,1252.3264285734756,1271.0563541176682,1883106
2024-01-17,1267.8551025390625,1275.2610773230667,1247.3094950737602,1248.026202310922,2313059
2024-01-18,1294.994384765625,1308.7073593223336,1248.0261491602537,1267.8072214028575,4533782
2024-01-19,1328.201904296875,1335.7989545163705,1294.8511034676521,1312.9121495695817,4463826
2024-01-23,1305.9840087890625,1353.43005332307,1296.5234495087668,1334.5089347624785,2683661
2024-01-24,1345.4505615234375,1347.887412794221,1304.9328056405272,1312.0042237369803,2008135
2024-01-25,1263.3638916015625,1296.1412353857932,1253.807794291015,1288.1619174618017,8424862
2024-01-29,1256.0054931640625,1278.6056842313499,1252.80422423565,1278.6056842313499,2495791
2024-01-30,1259.3502197265625,1281.424780464703,1256.626755412068,1265.1794155658397,2293154
2024-01-31,1274.4488525390625,1276.6945119205848,1254.046609529927,1259.5890755937298,1798462
2024-02-01,1254.23779296875,1277.0290621049517,1251.6098661644346,1270.9609635416666,2286420
2024-02-02,1278.701171875,1293.895387719896,1264.3193175046486,1264.7492951604745,1838847
2024-02-05,1273.5888671875,1293.0355018555078,1269.049720971675,1286.059620820029,953919
2024-02-06,1291.0765380859375,1301.9226849030465,1269.1452253739897,1270.9609071430805,2713529
2024-02-07,1259.4935302734375,1298.3867967251988,1255.7189187818801,1291.506453842603,2004588
2024-02-08,1251.1319580078125,1270.626418568113,1244.2037879138225,1267.1384199491001,2308756
2024-02-09,1252.8521728515625,1262.7904206403923,1247.9784699474671,1258.5380040375705,1085349
2024-02-12,1260.258056640625,1271.9164477429304,1252.899792323898,1259.8757894492314,1149683
2024-02-13,1269.4796142578125,1275.547828958746,1242.2925659181549,1263.2681514282217,1127361
2024-02-14,1235.5078125,1261.3569850622607,1225.712813011262,1251.8487151460183,3426103
2024-02-15,1242.6270751953125,1249.9375128784723,1234.2177796561896,1246.7839541440655,1703763
2024-02-16,1244.7293701171875,1251.0840808349244,1240.3812996404101,1247.166104682552,1994659
2024-02-19,1251.8486328125,1259.4935099594466,1230.2995886939173,1245.1115381661264,1496111
2024-02-20,1261.9302978515625,1264.892664266956,1244.203693196472,1251.8485699595838,2113200
2024-02-21,1239.0435791015625,1266.1829193446238,1234.8388728692717,1261.40487059238,1769508
2024-02-22,1269.1451416015625,1271.4386280715767,1241.671364407231,1248.9818014953405,2201424
2024-02-23,1263.554931640625,1282.9538553005402,1257.8691005600854,1279.4658565491713,1660506
2024-02-26,1240.6201171875,1266.087135413284,1237.5143861026863,1263.5547467368933,1196507
2024-02-27,1238.5179443359375,1247.1184312608846,1226.7160717343377,1237.5145075340658,1488661
2024-02-28,1228.770751953125,1248.074138552328,1214.5799707471735,1244.2038724727145,1289779
2024-02-29,1217.3033447265625,1228.1494910610013,1208.129515300786,1223.180367478747,2251498
2024-03-01,1215.344482421875,1229.8697034319243,1211.7131188435742,1229.8697034319243,1560034
2024-03-04,1223.228271484375,1228.4362978094002,1213.7198847581476,1218.975738229911,1843831
2024-03-05,1216.0133056640625,1223.0848405558022,1203.208112749545,1218.3067922034877,1420379
2024-03-06,1214.5799560546875,1217.7812252914712,1194.6076895445585,1211.2353220293598,2064350
2024-03-07,1230.9686279296875,1235.6988491670263,1209.3718725743317,1218.4023373552775,2073691
2024-03-11,1231.7808837890625,1238.7568811491951,1218.880153043405,1230.968638887243,1577732
2024-03-12,1234.9344482421875,1249.6030336438057,1220.9824534560285,1237.5145477428753,1963068
2024-03-13,1220.5045166015625,1241.7191194020986,1210.088465435215,1234.9343146716828,2001399
2024-03-14,1235.937744140625,1239.855720459772,1202.204792759376,1215.5355010036221,2129097
2024-03-15,1225.2825927734375,1235.6032232009384,1212.1907878038596,1235.6032232009384,2499025
2024-03-18,1216.1566162109375,1230.2995687121468,1211.7608352531504,1225.0915429010022,630807
2024-03-19,1196.6622314453125,1216.1566924050817,1193.4609623217707,1213.6243034023134,1243420
2024-03-20,1208.1773681640625,1215.5355160581883,1191.645273997296,1196.4233224094746,1139621
2024-03-21,1225.808349609375,1230.2996685641524,1214.245495504279,1218.4023743924795,1420041
2024-03-22,1206.6005859375,1223.08485291962,1181.229102269608,1202.6347824346753,2990908
2024-03-26,1198.6689453125,1215.153211832282,1195.4676763041896,1206.2182849040473,2144358
2024-03-27,1198.1434326171875,1207.0783595649832,1191.2152626154448,1202.1569465092934,2128854
2024-03-28,1192.6964111328125,1208.7984108140388,1186.8672154500468,1204.068189587004,2436133
2024-04-01,1189.3040771484375,1205.1671745493895,1186.867225797162,1196.5188602611724,1397037
2024-04-02,1181.8980712890625,1196.375464281779,1180.2734648800513,1188.7784141637878,1320357
2024-04-03,1199.4334716796875,1206.9349840778068,1184.9559621983217,1184.9559621983217,1819093
2024-04-04,1222.463623046875,1231.780816968866,1191.5496747488387,1204.0681376111493,2460669
2024-04-05,1207.3172607421875,1219.3100919143924,1204.2592398570573,1218.4023094033078,1184658
2024-04-08,1208.9896240234375,1213.62430769495,1200.3413096583677,1213.62430769495,686932
2024-04-09,1195.8499755859375,1224.1359987529593,1187.583928532584,1208.9417815271163,1198161
2024-04-10,1210.088623046875,1216.9211391555768,1196.4233575263195,1204.4982129192813,1994380
2024-04-12,1186.9627685546875,1213.3853997230347,1183.0447921694167,1208.7984265661105,2887322
2024-04-15,1164.649169921875,1185.577042951706,1157.243195713141,1180.1778255208333,2153147
2024-04-16,1142.7181396484375,1159.2979448123006,1138.1311663727029,1151.5097023334233,2085459
2024-04-18,1127.284912109375,1154.2330567458027,1123.8447408060215,1146.3015668868998,3242357
2024-04-19,1140.66357421875,1151.3663565029103,1111.3262856023478,1111.4219398963314,2572144
2024-04-22,1154.4241943359375,1162.6901238427115,1142.0489803423568,1143.0045899178506,1364143
2024-04-23,1146.9705810546875,1163.932653800966,1145.5849936036511,1163.932653800966,1460983
2024-04-24,1133.0662841796875,1154.3285983073733,1129.0527704207057,1154.3285983073733,1375843
2024-04-25,1137.4622802734375,1140.5680118194693,1120.7391104101896,1132.3975021685094,3357065
2024-04-26,1221.9859619140625,1287.2063270367485,1185.9116940256904,1194.5121817341765,20431926
2024-04-29,1231.1119384765625,1252.8042305136162,1227.9583800228809,1232.7364281941761,4120529
2024-04-30,1207.4127197265625,1233.787521140574,1204.1159132941466,1231.111884273391,2613213
2024-05-02,1210.6619873046875,1217.7812331151347,1197.8567936237075,1207.126161321393,2124221
2024-05-03,1194.942138671875,1215.535574987363,1187.8707200002866,1213.6243555298356,2322455
2024-05-06,1206.2183837890625,1209.5151907026616,1189.8296535607612,1202.1570424295035,1363667
2024-05-07,1235.0777587890625,1237.323534993847,1201.1059026058938,1211.7131473636987,2350444
2024-05-08,1229.86962890625,1242.2925544507575,1223.5148013550918,1236.5588965071386,1332284
2024-05-09,1212.76416015625,1228.818448628061,1205.4060126534168,1225.091547734437,2420777
2024-05-10,1208.27294921875,1216.682244735411,1192.8398289625422,1209.8019014352724,1322206
2024-05-13,1206.0272216796875,1210.1362732390658,1194.5599057253048,1208.2728810571068,593453
2024-05-14,1218.880126953125,1227.002809100598,1198.4300568044678,1207.842788668578,1386032
2024-05-15,1217.9244384765625,1225.9992929576613,1208.8461472521394,1218.402243277848,1008105
2024-05-16,1249.8896484375,1254.3332568300925,1224.4227434986074,1229.8696720756088,4868225
2024-05-17,1247.4527587890625,1261.4046352118514,1240.1901493711848,1250.9884675453206,1925387
2024-05-21,1265.131591796875,1268.093958271114,1246.2104747716915,1248.981765983682,1453689
2024-05-22,1271.3431396484375,1276.1211880410945,1252.85211569917,1270.9608724467107,1411627
2024-05-23,1278.1279296875,1284.2915653793834,1266.2783464856905,1276.6945151869159,1440740
2024-05-24,1263.0770263671875,1285.2949502280062,1259.493490260604,1278.1278780148389,1288301
2024-05-27,1270.674072265625,1283.1926516799315,1259.7323887151467,1264.2715344359108,980450
2024-05-28,1256.7222900390625,1271.2953379281075,1253.0910431789664,1270.0052881666054,1608944
2024-05-29,1229.3441162109375,1255.6712114837287,1227.0984566287827,1255.6712114837287,1405567
2024-05-30,1185.7681884765625,1230.5863035453956,1180.5123355008297,1223.2281560399965,2610479
2024-05-31,1173.9185791015625,1199.5289633179914,1169.7139901375324,1190.641747281658,4649449
2024-06-03,1190.0684814453125,1205.7883305373587,1181.659186324419,1199.2901381084928,1091287
2024-06-04,1184.287109375,1198.0477952864449,1140.6635046576844,1190.06847788113,2471911
2024-06-05,1210.6619873046875,1227.910672898031,1181.8503306853772,1204.0682568535074,2709585
2024-06-06,1258.9678955078125,1264.8449182265933,1217.637777857211,1227.9584088097808,3205121
2024-06-07,1316.44775390625,1319.6968498575004,1268.0939317602486,1270.9607605434292,5790599
2024-06-10,1280.8514404296875,1316.8301690314347,1275.8823166411423,1316.4479018204138,2532308
2024-06-11,1289.5474853515625,1299.4858497341042,1281.6159946950586,1289.0219699984004,1465705
2024-06-12,1309.758544921875,1319.6969084753189,1296.9056419670108,1304.2160790191463,2786009
2024-06-13,1327.2940673828125,1334.8434074638699,1314.297798585268,1318.741407091653,1953367
2024-06-14,1310.57080078125,1333.792161811951,1303.54709322185,1333.0754545783068,1733356
2024-06-18,1310.475341796875,1329.683073481003,1309.3286568148517,1319.171366756681,950760
2024-06-19,1319.8402099609375,1325.382675597889,1300.5846533716692,1315.8744068279123,1313197
2024-06-20,1331.259765625,1336.8978858290745,1310.5707935969028,1324.474960514008,1987190
2024-06-21,1337.6624755859375,1376.3646675929922,1324.5228424971226,1345.4984282946382,6836535
2024-06-24,1339.47802734375,1346.454024593115,1319.6969538417968,1328.2974408690063,1111433
2024-06-25,1364.3717041015625,1368.4330451923918,1332.836585043358,1336.7068508611296,2201375
2024-06-26,1350.3243408203125,1371.108851911904,1347.4096845583329,1369.1976325011829,1565878
2024-06-27,1368.671875,1379.7092127454573,1330.208587886193,1342.010343334899,4286657
2024-06-28,1366.8563232421875,1388.5009064703368,1363.3206139813174,1377.033589968173,2222285
2024-07-01,1406.7529296875,1412.8688547223946,1360.931494045835,1366.856227161521,3837301
2024-07-02,1406.80078125,1431.503267577142,1404.7461971551395,1414.302293734426,2092643
2024-07-03,1414.1112060546875,1419.0803295716848,1396.1456979826476,1414.2544541808643,896602
2024-07-04,1394.3779296875,1425.7696852858992,1388.7876362222905,1416.2135881995325,1322999
2024-07-05,1396.4801025390625,1404.746149127849,1385.5861294808192,1401.879320252078,1334838
2024-07-08,1402.4527587890625,1413.2989054485645,1395.3335132537331,1396.4801982219828,807698
2024-07-09,1400.6849365234375,1404.17293530544,1390.412132110934,1400.9238389516352,1049695
2024-07-10,1398.391357421875,1407.421938601601,1377.511309908279,1406.752941855935,802718
2024-07-11,1395.7635498046875,1410.479962992787,1377.272524839671,1410.479962992787,1408434
2024-07-12,1438.240478515625,1444.6908442277415,1396.1936501699754,1409.524359314385,4372156
2024-07-15,1432.5067138671875,1459.6937621547108,1425.7696190735376,1452.6222273088847,2374623
2024-07-16,1448.8953857421875,1451.5711395725364,1422.9983861084368,1436.6158243828993,1794159
2024-07-18,1471.0177001953125,1477.085798178792,1438.1925318517995,1440.1037511632305,2752497
2024-07-19,1451.60009765625,1498.8544072104773,1446.8308366923677,1496.9564929921705,2504915
2024-07-22,1455.639404296875,1465.6644644824514,1436.708380858393,1440.455614976611,2225781
2024-07-23,1453.5467529296875,1462.5984993608595,1421.0380504781251,1451.2107762074552,1640492
2024-07-24,1492.3819580078125,1498.903112335096,1434.0804430576914,1453.5467172438614,2561617
2024-07-25,1489.1700439453125,1506.2517478568298,1464.7398924771185,1484.3034751742493,3283912
2024-07-26,1500.0224609375,1503.4290589520426,1405.7083378580496,1489.1699892143438,7133745
2024-07-29,1484.6441650390625,1513.2109009981089,1469.7525353474662,1504.4024824908374,1755979
2024-07-30,1497.0052490234375,1510.5342149926278,1479.436888448032,1479.436888448032,1622543
2024-07-31,1512.9189453125,1520.0727777474556,1494.0366344436334,1496.9565757487348,2398955
2024-08-01,1503.234375,1527.1292751088472,1496.5671995691102,1512.9189181087454,1315921
2024-08-02,1467.465087890625,1492.6253432846943,1462.2092887103486,1484.7901201012576,2894949
2024-08-05,1417.4853515625,1444.6408269483243,1388.675290448726,1430.7711070332064,2186582
2024-08-06,1443.8135986328125,1462.8905238169182,1426.3912592506279,1426.3912592506279,1665788
2024-08-07,1434.32373046875,1474.8135558555853,1431.744425450299,1460.7492206833479,3002937
2024-08-08,1427.31591796875,1448.436897880073,1422.9847192553366,1430.771229347021,2333194
2024-08-09,1466.49169921875,1468.9736966702926,1441.039641101496,1445.322126316594,1521252
2024-08-12,1472.1370849609375,1483.816850263107,1449.6535605168046,1466.4918175398022,1809860
2024-08-13,1463.2799072265625,1482.9895105524547,1455.2500688345322,1468.0491683370988,580901
2024-08-14,1483.719482421875,1488.6346454993945,1464.8371721872838,1471.6503683369922,2833790
2024-08-16,1542.9942626953125,1546.5954758755404,1490.4353226718517,1516.8121002914543,3224481
2024-08-19,1552.0948486328125,1559.9299533024175,1533.7965019777841,1545.4762673798743,1640507
2024-08-20,1585.1387939453125,1590.0540760457552,1552.678803234961,1558.2753574544256,2442281
2024-08-21,1561.827880859375,1584.5547324049755,1559.2485757449454,1572.874967792654,1935929
2024-08-22,1568.2518310546875,1577.4010043669061,1553.4087958810123,1562.2173331321164,1562554
2024-08-23,1555.7447509765625,1573.799650090472,1550.5375460788234,1570.0038214443641,1020913
2024-08-26,1596.380615234375,1599.1545357364994,1566.0618673159022,1567.0351810929785,1510157
2024-08-27,1581.24560546875,1601.1012311248796,1578.8123209229675,1600.1279173065666,1083351
2024-08-28,1583.922119140625,1620.567405864611,1573.0696469844543,1576.768286787189,3033590
2024-08-29,1603.3883056640625,1612.0508213875696,1576.8169128467027,1576.8169128467027,2194339
2024-08-30,1592.827880859375,1619.350679364366,1587.5719630811652,1603.0476747787293,1926984
2024-09-02,1602.70703125,1617.6473728139895,1591.9032729197406,1592.8278734116088,1582818
2024-09-03,1600.22509765625,1614.9708245934746,1588.5453327654127,1595.2612213401867,1739553
2024-09-04,1601.3931884765625,1605.96771565668,1565.9645435928658,1576.5249742029741,1643875
2024-09-05,1595.747802734375,1613.6567984824685,1589.3239561107946,1608.8875376150788,1080904
2024-09-06,1579.9315185546875,1607.1355898921338,1570.8796533043242,1595.7478667305777,1672937
2024-09-09,1537.0570068359375,1587.76674761319,1532.7258082288627,1579.8828112887522,2965098
2024-09-10,1564.5045166015625,1570.6363218256226,1536.3757259838205,1549.5154613660072,2541973
2024-09-11,1559.83251953125,1583.581397690627,1555.4526078597023,1568.981692118802,1395340
2024-09-12,1599.3978271484375,1605.578345727226,1563.1418897918093,1576.6709747424632,2356422
2024-09-13,1611.8563232421875,1615.6035575102053,1594.287962093301,1605.870419768488,1373924
2024-09-16,1604.994384765625,1625.4339736559089,1602.5611003739245,1607.0383198921104,1060407
2024-09-17,1607.476318359375,1627.3805363657987,1597.305118719463,1604.9943208535897,1499644
2024-09-18,1562.5579833984375,1604.1671479520903,1546.5956134679427,1604.1671479520903,2930297
2024-09-19,1552.7760009765625,1591.7085493136447,1544.697568484243,1576.768207651831,3032379
2024-09-20,1578.7635498046875,1585.820074197602,1540.1716374657233,1565.0884446629902,3984683
2024-09-23,1564.26123046875,1587.4747398424688,1551.9487876632843,1581.5861440794633,1535902
2024-09-24,1593.411865234375,1599.6410967970392,1555.4526302023794,1558.8106338197588,1781972
2024-09-25,1559.978515625,1599.251699228217,1547.6174792951847,1593.4118170920447,2505756
2024-09-26,1564.0665283203125,1576.6222998213702,1553.408789974335,1567.0351828688465,2173853
2024-09-27,1566.30517578125,1620.372802933273,1561.7306486124278,1581.634867574666,3539822
2024-09-30,1535.1103515625,1563.1418342218233,1526.0098920436135,1563.1418342218233,3460691
2024-10-01,1582.024169921875,1599.0571602982675,1537.8357025542914,1537.8357025542914,5176596
2024-10-03,1561.243896484375,1587.6206741350043,1553.5546944500973,1571.9016340321414,2332279
2024-10-04,1573.31298828125,1604.410434367984,1548.542200481228,1548.542200481228,2927576
2024-10-07,1575.3570556640625,1588.4967916066507,1557.4966528697046,1581.5861687644497,1619326
2024-10-08,1585.6253662109375,1591.3679409530657,1560.805866214422,1581.63480369953,1311331
2024-10-09,1614.5328369140625,1625.2392877720797,1588.4966950547937,1595.261177844548,2177241
2024-10-10,1576.4761962890625,1631.225093439489,1568.3490504301637,1628.3538654695733,1518162
2024-10-11,1603.096435546875,1605.9676635414553,1560.2219179739106,1560.2219179739106,1019027
2024-10-14,1647.3336181640625,1651.7135302950746,1604.0211537573855,1604.0211537573855,2070051
2024-10-15,1630.6412353515625,1657.9913291054222,1619.107490695267,1654.6334440528728,2503380
2024-10-16,1615.992919921875,1632.6851562344696,1608.6930665562327,1625.4340160830186,1070524
2024-10-17,1653.6600341796875,1664.2691776435593,1611.8075436148101,1616.38207063984,3771316
2024-10-18,1642.8563232421875,1656.9693727963404,1601.685103569469,1649.7668271923676,3119646
2024-10-21,1655.8013916015625,1714.8328974256108,1644.949037764916,1698.4325836327328,5898020
2024-10-22,1651.2755126953125,1680.8641560502417,1646.3115174521793,1657.9426882115506,2484594
2024-10-23,1689.6240234375,1702.3258159011293,1640.6176979544052,1651.2755552249505,4198781
2024-10-24,1689.4293212890625,1701.3524145834836,1681.934853029083,1688.7480491973233,1570443
2024-10-25,1670.644287109375,1695.9018494301008,1664.7070971801286,1689.4292894297896,1743714
2024-10-28,1657.1153564453125,1681.837430404319,1648.014777921292,1664.3664962870923,1271473
2024-10-29,1653.1734619140625,1678.0902710187547,1635.5077929741624,1663.3932566447647,1499121
2024-10-30,1639.98486328125,1666.459067079591,1637.356963829166,1658.6238443077705,1305424
2024-10-31,1579.784912109375,1639.837679633898,1566.9199983832193,1636.695027503896,3638913
2024-11-01,1574.8746337890625,1589.9491742508487,1570.1116846365003,1589.9491742508487,249236
2024-11-04,1609.0010986328125,1610.817878848793,1579.1957132973744,1585.0389004492924,2746587
2024-11-05,1603.354248046875,1624.3211261527294,1594.6630737360078,1608.9028901381932,1376651
2024-11-06,1663.1614990234375,1667.2860875419017,1605.6620545610422,1620.3437483312073,3164061
2024-11-07,1621.375,1684.7176332525742,1614.8443014328586,1664.58547849788,1285140
2024-11-08,1651.180419921875,1656.18888333036,1620.4421280980814,1630.2135408275776,1883257
2024-11-11,1673.5712890625,1684.6684534667233,1636.1549675291121,1642.7838476390402,1587351
2024-11-12,1656.72900390625,1679.8073273157324,1653.7828349603587,1679.316299158084,1414446
2024-11-13,1645.5335693359375,1658.6931481880142,1633.7980440961683,1649.8546411816837,1063556
2024-11-14,1657.2200927734375,1661.6393463541667,1633.1597121672453,1633.1597121672453,1919974
2024-11-18,1630.9991455078125,1657.7110288260274,1603.9434465818183,1654.5193458617593,1617013
2024-11-19,1669.152099609375,1693.4579942770574,1634.2399484074608,1635.0256414395988,1982317
2024-11-21,1671.705322265625,1694.0471028980487,1654.5684879303049,1681.2803711080924,2212146
2024-11-22,1716.09423828125,1718.451197383824,1671.705341349106,1683.981045133429,2344087
2024-11-25,1701.5107421875,1736.0791962976957,1696.845974705521,1728.4191091121622,3913302
2024-11-26,1714.0811767578125,1730.3832881869944,1699.9886921154757,1701.510807529569,1291712
2024-11-27,1725.276611328125,1735.2935379585992,1704.4079142813678,1709.7600733366844,2088228
2024-11-28,1682.606201171875,1728.4191532729642,1676.1738040919101,1725.4729842617035,1787990
2024-11-29,1681.5750732421875,1698.9574220359043,1669.9867607930955,1677.3521831429623,1556942
2024-12-02,1714.6212158203125,1716.6344792657003,1675.2899314012468,1679.316338412098,1370756
2024-12-03,1718.1075439453125,1729.4011917048845,1706.4210496789883,1728.4191353779652,1824151
2024-12-04,1728.0262451171875,1742.7570896479886,1709.3671753781728,1710.840259831253,1811165
2024-12-05,1754.885498046875,1761.7598923063629,1723.6070281421894,1728.0262815947174,2762694
2024-12-06,1750.81005859375,1764.7552104124302,1743.7391811482844,1764.7552104124302,1180840
2024-12-09,1745.9488525390625,1768.4379668613617,1739.4181538555235,1747.1764229728133,1069659
2024-12-10,1731.905517578125,1745.1141274847196,1721.8394400279176,1734.5078709920433,1625591
2024-12-11,1731.1689453125,1737.9941888494438,1718.6477271134152,1733.3294212850788,1285654
2024-12-12,1757.4879150390625,1775.2631099366663,1729.4502798487304,1736.3246738882392,3018243
2024-12-13,1764.166015625,1772.2188295810256,1729.4011975584035,1749.042324163269,1503188
2024-12-16,1743.690185546875,1761.3180489293247,1734.311499531189,1761.3180489293247,1075193
2024-12-17,1738.9761962890625,1757.0460562168853,1729.4011473471912,1745.5559255586882,1160899
2024-12-18,1746.97998046875,1755.8675180782986,1728.9592712941114,1730.4323557478408,1337600
2024-12-19,1722.8704833984375,1737.1594508261653,1703.8677175561445,1708.7288483948978,2402819
2024-12-20,1655.796142578125,1739.0744484113861,1649.9528354181039,1738.2397244970757,2921154
2024-12-23,1681.6732177734375,1694.047103072067,1655.5995752785348,1660.559007503264,1301223
2024-12-24,1674.307861328125,1694.3908653286758,1665.2728711623627,1686.7799287696523,711026
2024-12-26,1668.218994140625,1683.882864103178,1660.313512828543,1676.4682910627312,659638
2024-12-27,1680.936767578125,1685.699716877325,1668.2190659772534,1674.356918135997,647945
2024-12-30,1709.6126708984375,1741.7750144416132,1663.406994316269,1684.2265397418687,6781500
2024-12-31,1675.58447265625,1697.9754050706902,1652.26063467451,1697.9754050706902,1459630
2025-01-01,1673.276611328125,1686.7798855221158,1660.902725860888,1670.084928336818,721479
2025-01-02,1695.962158203125,1704.555151227739,1665.5675622566034,1678.3342947503156,1238954
2025-01-03,1659.135009765625,1698.8101092583697,1651.180377511764,1681.4767911519195,2448088
2025-01-06,1656.0416259765625,1680.593034059712,1644.94434157101,1674.1605171899578,945693
2025-01-07,1641.1634521484375,1674.4060347868428,1631.686584632457,1662.6213588821845,1305847
2025-01-08,1633.896240234375,1639.9849416073957,1604.6800640378476,1638.020828921915,673344
2025-01-09,1613.3221435546875,1639.5429989096301,1608.8045886540554,1633.8470243966103,774065
2025-01-10,1674.9952392578125,1683.2445363407176,1606.9388080536703,1623.4372823395584,2208899
2025-01-13,1629.8697509765625,1670.4777547241795,1620.294702117914,1667.5807366112224,1401093
2025-01-14,1617.937744140625,1640.4758881328319,1592.2079171933606,1639.935829099158,2480288
2025-01-15,1645.877197265625,1648.8725169129973,1620.5402168193325,1628.249334747915,1079742
2025-01-16,1657.367431640625,1691.9357673877598,1640.9670185826958,1664.5855218745382,2334315
2025-01-17,1630.5081787109375,1669.3975855474896,1620.7857970318184,1654.5194081167085,2502285
2025-01-20,1644.551513671875,1656.8763686210261,1595.8415434597946,1633.1596841683927,4856268
2025-01-21,1611.0633544921875,1672.982051941706,1606.7422828113786,1644.5514502285985,2500061
2025-01-22,1653.733642578125,1658.4475607248987,1605.9075491786177,1613.2238205915064,2478559
2025-01-23,1682.6552734375,1698.4663557509587,1641.0160627116807,1641.0160627116807,2255334
2025-01-24,1692.1322021484375,1705.242630137586,1674.7497332330038,1688.1548260722145,1257165
2025-01-27,1624.2230224609375,1683.146403505195,1615.4826969633875,1679.316359761333,1174799
2025-01-28,1618.7724609375,1634.780026409466,1608.6082023164292,1626.236064762252,1820874
2025-01-29,1650.9840087890625,1654.7649016506775,1624.3703064536323,1634.0925681320934,1146508
2025-01-30,1640.1322021484375,1674.3078093298705,1627.267288598387,1654.7648649899108,868832
2025-01-31,1644.4041748046875,1664.5854803502841,1635.3693045152274,1644.9443537384814,1065425
2025-02-01,1616.8575439453125,1655.648768458668,1607.3315257444597,1644.4533024712343,410470
2025-02-03,1625.008544921875,1634.190867418772,1576.3477261887422,1600.7518017673085,1415698
2025-02-04,1629.2806396484375,1646.8593524551245,1615.531850712751,1632.9142002008984,1467006
2025-02-05,1631.195556640625,1641.0161198955354,1614.8934456134582,1633.012336866799,1449280
2025-02-06,1639.6412353515625,1654.470262055888,1620.3929551332374,1640.034081862125,1288106
2025-02-07,1661.7374267578125,1665.174623777828,1628.151149542771,1644.9442881502916,1582031
2025-02-10,1668.5628662109375,1673.1784830397673,1643.176614012602,1652.8008140607064,1235699
2025-02-11,1639.150146484375,1678.334216833475,1633.3559903379303,1675.3880479332408,1800036
2025-02-12,1650.051025390625,1659.6752255380227,1638.855678944782,1649.8546620733007,1889477
2025-02-13,1645.239013671875,1659.1350148042507,1611.1125562858745,1644.9443488216095,1555491
2025-02-14,1629.32958984375,1663.6033788262487,1622.4061648291251,1654.7648720910445,961944
2025-02-17,1635.0745849609375,1638.0207538541406,1601.733821604822,1626.1870473943925,1114005
2025-02-18,1674.406005859375,1678.2850803256733,1634.1908479814656,1638.069922447764,2654136
2025-02-19,1655.550537109375,1681.6732103759987,1644.9934320207274,1663.6525014797326,1113961
2025-02-20,1628.10205078125,1663.2597150895292,1625.303214237249,1649.854622307298,1485087
2025-02-21,1619.90185546875,1635.0745772451803,1612.7327965771512,1628.0038198868265,1479239
2025-02-24,1584.7442626953125,1614.4514668826337,1575.4638782647967,1600.7518289366485,1672609
2025-02-25,1565.3486328125,1585.0389100999737,1560.4875019509655,1579.1957229124787,1425126
2025-02-27,1559.7509765625,1567.0672483180015,1541.7302667623653,1546.7387301029041,2208643
2025-02-28,1461.1524658203125,1544.6764034501216,1451.8720815858544,1541.8284161576678,4155992
2025-03-03,1466.25927734375,1504.0192959468945,1449.7115319871782,1473.0845210057732,2851006
2025-03-04,1461.5452880859375,1472.544270691042,1407.335828292336,1448.5330421144015,2386196
2025-03-05,1510.5008544921875,1521.205292729471,1460.8088269432462,1461.5453692089318,1967418
2025-03-06,1476.4725341796875,1522.9729970821516,1474.0173933666713,1513.3487971431591,2246380
2025-03-07,1465.57177734375,1480.1552902388728,1455.4075180459326,1474.9994943753497,893696
2025-03-10,1460.17041015625,1473.084474693716,1455.8984891556227,1465.5717198967936,798491
2025-03-11,1452.65771484375,1460.7106488964523,1427.5170960888197,1438.2215343525775,1769157
2025-03-12,1412.49169921875,1462.2819083197073,1383.521036830952,1454.4254575026773,2665932
2025-03-13,1414.7994384765625,1430.1194928445268,1396.4840644291276,1416.1251905111126,995812
2025-03-17,1414.25927734375,1422.0175462196898,1399.6266142526597,1417.0581138696484,1747569
2025-03-18,1414.25927734375,1414.25927734375,1414.25927734375,1414.25927734375,0
2025-03-19,1371.097900390625,1406.1082307765084,1369.3793018992553,1404.9788420776251,5557840
2025-03-20,1385.2396240234375,1395.5020648665807,1374.9280324111228,1377.9723831016308,2863413
2025-03-21,1383.962890625,1405.4207975769248,1357.2510062548124,1365.1074569377997,4056023
2025-03-24,1432.4764404296875,1441.3149470954972,1388.2347563338615,1390.4443830003138,3072831
2025-03-25,1429.3829345703125,1457.2733572696193,1423.4414460452426,1447.5509759921956,2056315
2025-03-26,1390.8863525390625,1437.730388982213,1384.208321906031,1437.730388982213,2231144
2025-03-27,1398.3499755859375,1404.3404949801488,1380.7711440154471,1381.9005327251562,2541022
2025-03-28,1392.8013916015625,1404.3405534921449,1383.2754931417319,1389.7078901825707,1642693
2025-04-01,1370.1158447265625,1391.5245997293098,1360.540795984622,1376.8429062769678,1578367
2025-04-02,1397.5152587890625,1400.4614276745629,1372.0799767682588,1372.0799767682588,1617949
2025-04-03,1344.77880859375,1374.8788590189713,1335.8421199861114,1371.9326900353594,1943422
2025-04-04,1297.2471923828125,1334.810845013726,1295.1848981751377,1325.775975208715,1757493
2025-04-07,1264.8885498046875,1270.5845244560876,1187.6989464401065,1222.6601277226987,3044730
2025-04-08,1290.8148193359375,1317.9686998941663,1267.9820104557498,1290.4219728415849,2868814
2025-04-09,1249.9122314453125,1276.6241164694272,1241.662934050242,1266.8527036452197,3724878
2025-04-11,1259.24169921875,1288.801570073325,1251.336097998144,1252.1217909954426,1803181
2025-04-15,1278.3426513671875,1290.618355247874,1263.710108245346,1290.618355247874,1511866
2025-04-16,1285.217041015625,1291.0111972028942,1260.4692700312569,1268.8167486407353,1093342
2025-04-17,1283.3511962890625,1285.4134905037033,1253.0056332224635,1271.8610658704908,3027966
2025-04-21,1348.8543701171875,1364.0762432419174,1279.6193988079324,1280.6014551385601,3759267
2025-04-22,1351.800537109375,1370.9506355282874,1336.7750273210286,1349.3453962864376,2471135
2025-04-23,1413.768310546875,1423.3925108177702,1382.7353535761233,1393.4397918660147,5944062
2025-04-24,1419.2677001953125,1441.167603380939,1408.5633825545435,1419.0713368895788,2501415
2025-04-25,1435.766357421875,1447.452851748968,1350.3274565356212,1429.2848096064886,8211667
2025-04-28,1435.2752685546875,1453.4433099287974,1411.214889437623,1442.9353555724958,2079431
2025-04-29,1468.4688720703125,1477.8965888229684,1437.0430696415108,1439.890937082683,2652788
2025-04-30,1476.0306396484375,1483.6907268480825,1463.2639075689765,1468.46885398411,1858465
2025-05-02,1467.290283203125,1491.7435088716059,1463.0675130717293,1477.9947207714067,1582577
2025-05-05,1467.7813720703125,1479.4678664149249,1463.754965078955,1472.1024439136888,846022
2025-05-06,1469.3526611328125,1477.7984416364916,1459.4339159858487,1470.0401725049326,1545773
2025-05-07,1468.37060546875,1477.8966239845738,1454.0326067454691,1462.3800857142198,1272555
2025-05-08,1475.834228515625,1491.2524641907871,1461.2997475903137,1473.9682976038744,2829448
2025-05-09,1466.8974609375,1474.3611847905293,1451.577406491662,1453.4433374549194,923174
2025-05-12,1544.872802734375,1548.2118182625911,1490.172312610083,1494.6897477929995,1891418
2025-05-13,1544.2835693359375,1572.1739929107396,1537.016328563078,1571.5847830923828,3724272
2025-05-14,1574.4326171875,1580.521438194709,1549.7830279555246,1555.5771841198336,2354571
2025-05-15,1599.867919921875,1607.0369789784133,1571.4864684223207,1577.182443005317,2972408
2025-05-16,1587.985107421875,1606.545996289804,1572.566870781066,1605.6621216046788,1159095
2025-05-19,1569.129638671875,1597.0199423025758,1564.5139020322033,1587.9850720954364,681874
2025-05-20,1547.720703125,1590.440151466331,1545.0691991109534,1583.0747293385152,1869716
2025-05-21,1569.5223388671875,1574.2362570836606,1541.2391892081093,1548.702793150925,930031
2025-05-22,1537.50732421875,1561.1748571484209,1530.043720290876,1561.1748571484209,1789310
2025-05-23,1551.943603515625,1575.2182896438062,1539.6678998868547,1546.7386572250591,1159290
2025-05-26,1572.6650390625,1575.6112080679077,1554.5951785200161,1554.5951785200161,711029
2025-05-27,1563.8265380859375,1575.513032495173,1550.1759309988447,1572.6650451362952,1394001
2025-05-28,1551.943603515625,1573.2541770632029,1549.7830077490105,1572.0757574668082,820958
2025-05-29,1571.2901611328125,1576.1022612272668,1556.0682876968383,1563.531891986234,1799251
2025-05-30,1545.658447265625,1566.3798113901628,1539.8642910719595,1566.3798113901628,2780942
2025-06-02,1521.303466796875,1540.846412124858,1514.4290723514487,1536.9181867274715,2120693
2025-06-03,1516.0986328125,1536.8199977084914,1506.3762510245451,1527.9814906067006,2316285
2025-06-04,1528.7669677734375,1538.4893489509893,1516.2949009314732,1517.0805939098295,1439090
2025-06-05,1534.7576904296875,1542.123112952456,1519.2411523630851,1532.0078847358843,1529586
2025-06-06,1542.90869140625,1545.2656505976363,1527.4904548241345,1536.7218083937755,828051
2025-06-09,1550.76513671875,1562.9426592651955,1542.90868602813,1546.738729715792,598108
2025-06-10,1581.9945068359375,1604.188955088295,1550.6668871040206,1550.765068757366,3324373
2025-06-11,1608.1171875,1619.4108349236642,1575.8075113293596,1588.9670896946564,2660949
2025-06-12,1614.8934326171875,1628.2493745603958,1582.9766022955876,1606.6441355734667,2316173
2025-06-13,1629.2314453125,1639.0520085753842,1575.8075571864251,1576.200403692925,2511076
2025-06-16,1663.5052490234375,1675.3881066951735,1621.5713716113778,1628.2494026380996,2160406
2025-06-17,1687.761962890625,1694.047147297161,1653.9792016004249,1662.0321353300221,2105126
2025-06-18,1680.003662109375,1701.707202212969,1677.7450045504843,1686.2888463965721,1299278
2025-06-19,1653.7828369140625,1663.6034000786353,1630.9008767886392,1653.7828369140625,3056884
2025-06-20,1665.6656494140625,1677.8431713854688,1639.248311238331,1649.8545671217955,3425550
2025-06-23,1651.622314453125,1661.6392406469015,1645.6316751875202,1649.8545651813206,732380
2025-06-24,1647.006591796875,1677.8431835000472,1644.6496327079851,1668.317285370686,1923989
2025-06-25,1674.406005859375,1683.2445126351722,1645.730009605423,1659.47879792333,1416375
2025-06-26,1659.87158203125,1672.932979337602,1640.328756720738,1664.5855004269065,2528268
2025-06-27,1644.3551025390625,1671.2634692961194,1632.7667901777272,1667.5316073818128,6183785
2025-06-30,1656.72900390625,1659.184144694493,1630.2134833932278,1650.4438195123641,1546996
2025-07-01,1641.2125244140625,1666.9424727158748,1639.3467132527232,1659.6752317488003,1689051
2025-07-02,1647.006591796875,1668.5136486781273,1637.5788753212344,1644.944297549066,1931642
2025-07-03,1641.9000244140625,1662.6213892826515,1640.0340933857226,1654.6667568775442,1713273
2025-07-04,1655.199951171875,1663.9000244140625,1640.5,1645.0,1310544
2025-07-07,1623.9000244140625,1647.9000244140625,1615.5,1647.9000244140625,1550115
2025-07-08,1635.4000244140625,1643.800048828125,1619.0,1623.0,1318755
2025-07-09,1614.800048828125,1636.4000244140625,1612.0,1634.800048828125,1173847
2025-07-10,1600.0999755859375,1617.4000244140625,1590.0999755859375,1614.800048828125,1631315
2025-07-11,1602.5,1607.0,1577.800048828125,1580.0,2559235
2025-07-14,1576.699951171875,1598.0,1564.0999755859375,1598.0,2068336
2025-07-15,1579.0,1594.9000244140625,1553.0,1554.5999755859375,2574760
2025-07-16,1607.9000244140625,1611.0,1577.300048828125,1580.0,2207039
2025-07-17,1563.699951171875,1603.9000244140625,1560.9000244140625,1583.4000244140625,7617296
2025-07-18,1548.9000244140625,1574.0,1538.0,1573.0,3619191
2025-07-21,1543.800048828125,1553.4000244140625,1531.300048828125,1551.0,988104
2025-07-22,1547.199951171875,1552.800048828125,1541.199951171875,1550.0,1404790
2025-07-23,1546.5999755859375,1552.9000244140625,1534.5,1551.0,2887100
2025-07-24,1498.5999755859375,1554.0,1495.5,1554.0,2207437
2025-07-25,1461.9000244140625,1501.300048828125,1455.699951171875,1490.0999755859375,1179664
2025-07-28,1450.5999755859375,1466.0,1445.0999755859375,1462.0,1070496
2025-07-29,1453.800048828125,1459.0999755859375,1436.4000244140625,1450.5999755859375,1458817
2025-07-30,1463.199951171875,1466.0999755859375,1448.5999755859375,1451.300048828125,1299448
2025-07-31,1463.699951171875,1473.300048828125,1447.199951171875,1450.0,1382994
2025-08-01,1438.800048828125,1459.800048828125,1432.4000244140625,1456.5999755859375,1620011
2025-08-04,1475.0,1477.0,1419.0999755859375,1435.0,1581473
2025-08-05,1485.4000244140625,1487.800048828125,1461.199951171875,1470.0999755859375,2929677
2025-08-06,1459.0,1481.5,1453.300048828125,1480.0999755859375,1039973
2025-08-07,1482.0,1492.0,1450.0,1455.0,1587489
2025-08-08,1480.4000244140625,1496.0,1473.800048828125,1473.800048828125,1371665
2025-08-11,1481.0999755859375,1522.699951171875,1469.699951171875,1480.4000244140625,888886
2025-08-12,1509.300048828125,1517.4000244140625,1481.0,1482.5999755859375,2532937
2025-08-13,1506.300048828125,1518.699951171875,1499.300048828125,1515.0,1815196
2025-08-14,1486.699951171875,1529.9000244140625,1485.0,1509.9000244140625,1715172
2025-08-18,1471.199951171875,1500.0,1468.0999755859375,1500.0,1249405
2025-08-19,1496.699951171875,1499.5999755859375,1464.4000244140625,1472.0,1807647
2025-08-20,1524.0999755859375,1532.0,1487.4000244140625,1488.0,2329633
2025-08-21,1521.300048828125,1531.699951171875,1509.0999755859375,1528.0,1251760
2025-08-22,1505.0,1529.5999755859375,1499.0,1529.5999755859375,969599
2025-08-25,1527.0999755859375,1539.699951171875,1505.0,1516.0,1386218
2025-08-26,1502.199951171875,1526.5,1498.9000244140625,1521.0,1510822
2025-08-27,1502.199951171875,1502.199951171875,1502.199951171875,1502.199951171875,0
2025-08-28,1495.5999755859375,1509.199951171875,1482.5999755859375,1500.0,1771867
2025-08-29,1481.4000244140625,1504.699951171875,1478.699951171875,1498.800048828125,2279980
