Date,Close,High,Low,Open,Volume
2020-09-01,635.1658325195312,638.2494397216607,621.6876562738512,624.2738526392764,396263
2020-09-02,648.2958374023438,654.5127134802335,630.8885843842525,634.8176622078149,361767
2020-09-03,648.345703125,657.3477295269531,641.5817526042244,654.5128576954725,434219
2020-09-04,646.5054321289062,655.0101070253957,631.6346514216041,631.6346514216041,441470
2020-09-07,643.72021484375,655.3084349569784,639.1445578085816,646.5550859358746,476964
2020-09-08,631.8336181640625,654.3635426570637,626.760610404068,639.3933158657942,327992
2020-09-09,647.9478149414062,654.3138605840933,623.6771027659963,626.6612037361685,901726
2020-09-10,676.1972045898438,684.8511087380205,648.7932253803542,652.4239055065583,1118620
2020-09-11,691.6151123046875,701.2637174387355,663.8132265419063,676.3464868550586,1101946
2020-09-14,691.7146606445312,745.030576119544,686.8903274295589,695.1961119348094,1791778
2020-09-15,743.8865356445312,751.5954623536993,696.3398772451604,696.3896001138506,2001624
2020-09-16,751.3966674804688,764.9245679342921,731.40315405023,754.6294436128309,983695
2020-09-17,709.7186889648438,745.3289488126128,706.2372377926266,738.2666007193627,575002
2020-09-18,678.3855590820312,722.8983945203316,667.443856516192,714.1947674793232,4548300
2020-09-21,645.8091430664062,690.3219796504982,638.1996618014347,683.5580300325711,1529079
2020-09-22,630.9383544921875,644.5160371476029,610.696228751617,638.7467878576834,320614
2020-09-23,622.7817993164062,646.555159464466,598.8095476886284,636.6081570111664,361354
2020-09-24,621.787109375,628.6008425954346,602.390454269635,606.8666054477961,227266
2020-09-25,629.6452026367188,639.7911564329165,619.9468760558215,628.6505024745754,224220
2020-09-28,662.1720581054688,671.1243615659887,634.6685681893049,637.6029464659251,322362
2020-09-29,659.13818359375,681.3697112000543,646.5552004088107,676.3962096584481,493294
2020-09-30,668.3390502929688,680.3251748724666,661.5253178871599,680.3251748724666,854301
2020-10-01,669.7814331054688,679.3803154339773,658.1434879843698,676.396214487708,307303
2020-10-05,665.8524169921875,672.3676919311675,636.6082033654131,666.4492128981668,277727
2020-10-06,675.053466796875,680.3253668998974,665.8524878780836,665.8524878780836,680272
2020-10-07,671.820556640625,678.4352767137141,662.719025291905,676.3961533936142,1716812
2020-10-08,686.6415405273438,695.1959987317823,669.5326848301493,670.4279393008322,1441647
2020-10-09,675.8988037109375,686.1442038985825,671.4226526929842,686.1442038985825,761422
2020-10-12,698.2298583984375,708.9726090448544,673.2628454901551,675.898825459107,832527
2020-10-13,689.2775268554688,700.9155315256121,679.3802475634162,700.9155315256121,823729
2020-10-14,666.548583984375,687.0891675299879,623.4780771921498,686.2436966392711,593606
2020-10-15,650.4345092773438,670.9750327449632,634.6684740934378,641.5319300136055,400907
2020-10-16,659.3370971679688,671.4227306035083,651.6281695202989,651.6281695202989,128640
2020-10-19,643.07373046875,664.9571366099914,638.8959771539938,664.9571366099914,139154
2020-10-20,637.0060424804688,661.4259206359253,633.7732667791315,639.0948886489672,233194
2020-10-21,631.4356689453125,658.7402013237169,628.1531704581762,642.3773710435547,175206
2020-10-22,638.1002807617188,656.9001418451429,623.6771255457485,633.8230813572521,345227
2020-10-23,632.7786254882812,645.5605001668476,628.7998242545873,640.5869986247302,221760
2020-10-26,632.1817016601562,643.3223560723187,624.6717272723868,632.7785582087635,130781
2020-10-27,678.6342163085938,706.9334493435349,628.6505309007421,628.6505309007421,2609870
2020-10-28,678.9823608398438,700.2689703012898,669.0851420022344,697.2848695755741,1368760
2020-10-29,668.0904541015625,682.2649328105489,661.6249024097442,682.2649328105489,355207
2020-10-30,656.0545654296875,672.2184451742792,651.031341097552,668.4385962071121,248939
2020-11-02,671.1243286132812,678.3856289212735,637.5531922846992,659.3370932086759,334551
2020-11-03,651.2799682617188,680.1759974756294,648.5445426600086,673.312602392894,372368
2020-11-04,664.9570922851562,678.8828952649501,654.5624629186163,654.5624629186163,368310
2020-11-05,676.048095703125,684.353819077309,659.5857568638179,673.9591886074161,362789
2020-11-06,670.6268920898438,676.396141151446,624.6717303575119,671.820544481271,1129398
2020-11-09,677.6395874023438,688.3326157540138,668.4883323916,673.3623882040135,1008651
2020-11-10,694.4500732421875,702.6563511250199,671.7211338306005,684.3538404107535,1375356
2020-11-11,699.2245483398438,775.7667442227001,688.3325685307273,721.1576765675972,5826723
2020-11-12,722.1026611328125,725.9322328239126,686.3431748790248,689.277552769033,2162056
2020-11-13,747.467529296875,754.4304311800099,716.681543828391,718.372546428061,2193815
2020-11-14,749.8050537109375,754.9775072733293,747.0696279599472,747.0696279599472,85004
2020-11-17,739.808349609375,775.6672833539858,734.0888228728992,750.9987280068277,2020786
2020-11-18,759.2049560546875,761.94038170703,737.0728757766439,740.1066993578141,1428310
2020-11-19,742.1956176757812,769.8482725525057,737.2718392836473,757.9615923929822,1264663
2020-11-20,755.7235107421875,770.8926894704775,722.2021003609407,745.826231167294,1572077
2020-11-23,782.53076171875,804.6628440602718,751.8940036984421,757.961651426498,2661607
2020-11-24,769.5498657226562,795.760192787935,751.3468027432845,782.4809688554601,2093324
2020-11-25,727.4740600585938,775.6175801827641,721.1577372651542,769.898053301006,854113
2020-11-26,703.1536865234375,737.0729434416781,697.6330511307369,730.8560663883576,1218199
2020-11-27,716.4826049804688,735.0835125000053,691.6150977917,709.1715821516458,22823095
2020-12-01,711.7080078125,741.1511100564779,701.6117762891168,729.0158159349617,1754561
2020-12-02,687.5865478515625,713.6974294155459,681.3696712887094,710.2159785403481,1483703
2020-12-03,674.2078857421875,696.3399685511735,671.422736901822,695.5939432879493,1172454
2020-12-04,673.412109375,687.7358181131467,664.9074338730893,676.3962103028065,818535
2020-12-07,689.6754150390625,694.300795626983,668.438588340018,677.291445119077,805601
2020-12-08,684.7018432617188,704.1980031780993,679.7283423715728,697.2848247984602,782705
2020-12-09,679.5792236328125,694.3007752054331,676.3961706872414,680.3749716912839,1295116
2020-12-10,673.3623657226562,690.1727640035359,670.427987758527,683.2098620535215,874525
2020-12-11,685.6965942382812,689.2775515714833,672.4173701624977,672.4173701624977,555016
2020-12-14,696.0911865234375,700.6668438619394,689.32723731835,691.3166377146512,683921
2020-12-15,705.6901245117188,714.1947997479961,698.2795952967872,700.169550110043,951521
2020-12-16,712.404296875,720.1629463089198,702.2583426714053,712.7026947932887,1410592
2020-12-17,697.48388671875,717.1789412002182,694.499785715143,717.1789412002182,1015681
2020-12-18,694.7484741210938,705.5409486730833,691.8140959356066,698.2796482340702,641194
2020-12-21,681.7177734375,696.3398788555585,630.9383392039456,694.3007555410769,1041283
2020-12-22,688.5315551757812,691.1177516537281,658.4915941752957,666.449196521825,457974
2020-12-23,677.092529296875,690.3220315928436,674.4068262535274,688.5315831345085,512649
2020-12-24,681.1209716796875,687.9844274424036,671.4226445911487,679.3802463048215,1132681
2020-12-28,680.9718017578125,691.3167091725519,678.3856052599718,680.3750058619072,818791
2020-12-29,668.4884033203125,686.343287953619,665.4545791898131,684.3041642404437,577636
2020-12-30,673.9591674804688,686.5918732708169,646.5551867092082,671.0247894907587,662060
2020-12-31,683.955810546875,686.3431152323552,671.5220584593324,677.4902594613528,790143
2021-01-01,671.074462890625,688.2827628921908,668.438483277553,687.2383399044052,328829
2021-01-04,674.9041137695312,679.6786627857701,670.4279626833663,675.4014638902162,565557
2021-01-05,671.422607421875,676.2966624863501,668.4385069444444,676.2966624863501,450769
2021-01-06,673.0640258789062,680.6734472398106,668.4386448996115,675.3021016988827,227409
2021-01-07,671.8702392578125,681.2203843910761,668.9358616258168,672.2680828971991,302941
2021-01-08,691.7146606445312,697.2849584242995,671.3233030871872,674.4068499453282,897082
2021-01-11,690.0733032226562,701.4129104359622,684.6024518097198,699.1748348579428,487073
2021-01-12,680.9718017578125,693.3061097744873,679.3803055609395,691.3167091725519,333187
2021-01-13,669.6819458007812,689.3272758112757,663.4650692151818,684.2543288021008,692189
2021-01-14,651.1307983398438,673.4121095582028,645.5605008910984,673.2628802270964,543503
2021-01-15,640.0896606445312,655.5075157183312,636.1108593351636,650.4345683335633,705409
2021-01-18,656.5518798828125,696.2901665292093,626.6611498762884,642.4769079435541,488034
2021-01-19,674.1580810546875,686.5918339328632,652.5730739158377,665.4544540399645,437784
2021-01-20,676.346435546875,691.3166619106611,653.5180530579919,673.4120577172914,628236
2021-01-21,663.067138671875,681.3696469025435,657.0492145167511,681.3696469025435,874465
2021-01-22,656.9994506835938,676.3961036560844,636.6578204239536,659.4862010646823,1258060
2021-01-25,667.1951904296875,673.4120669711494,649.3403088602721,662.4703642581765,410716
2021-01-27,655.7064819335938,669.184659514665,649.9372320541037,659.4863311159017,390506
2021-01-28,655.756103515625,673.5612612897626,643.5710261275834,646.5551267124099,472720
2021-01-29,618.2559814453125,659.0386952046138,581.899696321737,653.6175662332954,946190
2021-02-01,637.7520751953125,646.5551479246905,621.7870879733634,625.6664431455852,580728
2021-02-02,662.2216796875,678.3855584631993,637.7520782563456,638.4981034306087,732091
2021-02-03,676.9432373046875,686.3431667305075,660.5306833176536,669.8808898737286,642063
2021-02-04,666.1009521484375,676.3463511268321,658.4914720313801,676.3463511268321,426826
2021-02-05,684.8013916015625,688.432011046476,664.4597595740615,675.6004143918917,1424089
2021-02-08,688.2330932617188,692.2118940651704,678.3855369885031,692.2118940651704,521522
2021-02-09,674.7051391601562,691.018246861254,667.4935626498466,690.8192946772538,452702
2021-02-10,687.188720703125,695.2955529369233,666.4492424431168,673.3624221003502,336479
2021-02-11,689.8743896484375,695.2955184943435,673.6110638224085,685.3485153685303,438577
2021-02-12,682.0162963867188,691.2669971891034,677.8882657880001,685.3485181627764,168139
2021-02-15,697.981201171875,709.1715793628146,677.3411702863642,682.264948832715,718300
2021-02-16,746.27392578125,753.9828533717928,706.237237327141,706.9335397034636,2095315
2021-02-17,764.3277587890625,773.8768576840351,726.3799168685947,745.229500287427,1348015
2021-02-18,774.8714599609375,782.6798322881943,761.2937778733547,765.919158112865,460573
2021-02-19,789.7919921875,800.7336948500473,761.4927581588478,767.9085868624056,630929
2021-02-22,812.0235595703125,840.4223014930772,787.8026317304467,795.5115589980111,1665511
2021-02-23,781.287353515625,828.535617205524,776.363574946656,820.5282920277839,417058
2021-02-24,780.7899780273438,795.3125774791127,758.9562952675458,779.9444463827997,301313
2021-02-25,814.9082641601562,820.6277911896599,784.5699033949627,790.5878283880153,729553
2021-02-26,804.3644409179688,818.6383662761393,781.8344543050371,795.8597045823218,1056061
2021-03-01,825.9991455078125,835.4487982674702,802.375013608668,815.6542382020384,442822
2021-03-02,901.0989379882812,916.6659597348688,826.0487955457602,833.5587699344561,3800314
2021-03-03,906.072509765625,918.1083588746482,886.2779498995791,918.1083588746482,1535060
2021-03-04,922.1368408203125,939.6933242547525,890.3064332966571,895.2302116028094,1173560
2021-03-05,876.7288208007812,930.8404777371425,872.4018383051919,920.0977272264571,751162
2021-03-08,879.9118041992188,904.6301414829156,875.4356531386518,881.3044088138466,462683
2021-03-09,900.9498291015625,939.4944671117039,883.3933438909768,885.2832988135696,1947228
2021-03-10,907.3656005859375,929.0500543809719,890.7540938952466,910.1507492061984,606764
2021-03-12,871.9044799804688,919.9982728322557,868.1246312248915,911.2448621835281,664299
2021-03-15,841.3671264648438,883.3932092444938,836.6423005902086,875.3361620376832,1045124
2021-03-16,844.7492065429688,861.2612067841856,833.7577806725892,834.4042994227958,779547
2021-03-17,818.1907348632812,855.4422739345115,815.6542611933714,849.0264447376647,477076
2021-03-18,818.7875366210938,842.2127154105706,814.1621561651697,830.4752645807037,400106
2021-03-19,794.9644775390625,822.9155311793726,771.887418853677,814.6595309808781,1242150
2021-03-22,795.76025390625,812.5209299694747,786.3106008911133,795.9094832385332,655786
2021-03-23,809.487060546875,832.4646730111449,796.8046322146221,802.7231109120106,798486
2021-03-24,780.8893432617188,841.5163297520288,774.3243465341407,812.5705795735988,1406039
2021-03-25,753.9330444335938,800.8331234133161,741.847412467228,784.9179198818692,1361204
2021-03-26,756.02197265625,775.0207853606839,751.2474232210164,767.9086537260837,703225
2021-03-30,756.6188354492188,773.0313910059333,746.0749754524363,765.869536438847,628410
2021-03-31,747.0696411132812,768.7540953060379,743.0908399508786,761.8409768557135,624642
2021-04-01,746.8707275390625,760.1500135323645,735.1332756452815,755.9722599534415,810538
2021-04-05,725.5841064453125,744.7818090470257,717.5767816089135,743.0410836168658,738836
2021-04-06,699.9208984375,732.1491521015141,696.2902180160265,727.6232778267478,1267810
2021-04-07,718.2233276367188,729.1153078845623,690.8193469656596,696.3399213973458,1618249
2021-04-08,725.8825073242188,732.3977818183649,716.7312528833098,722.0529356469905,613211
2021-04-09,725.3355102539062,732.0994605185326,719.4170310054737,731.1047601645672,344873
2021-04-12,706.9832153320312,715.9852406131971,685.3484845075899,705.2922127344502,921660
2021-04-13,725.3851318359375,728.9163054570806,707.9281552038884,707.9281552038884,437329
2021-04-15,736.1776733398438,742.0464294391181,711.0117677009353,723.1471235954945,871200
2021-04-16,739.7089233398438,751.7944959002839,727.1259399036209,736.1776886054331,692021
2021-04-19,724.7884521484375,735.6306498032375,688.5316113563575,716.1842696245213,715142
2021-04-20,732.5967407226562,743.6378893124171,723.9428363273835,724.7883679745094,475888
2021-04-22,743.4390258789062,746.0252223650967,721.1577149529268,727.9216648266994,422465
2021-04-23,766.2177124023438,783.7741988942314,738.0677029886467,743.0412050303491,3507205
2021-04-26,776.363525390625,782.8290768512771,757.8123419150032,776.7614297651847,824311
2021-04-27,780.0439453125,790.2893457073382,772.3350184034606,781.8343936135528,853518
2021-04-28,767.85888671875,787.8026150197796,758.7076320787082,785.8132144768003,593276
2021-04-29,771.7382202148438,784.818553728325,764.526642883373,774.8715505125034,589571
2021-04-30,772.5836791992188,786.5094823906651,756.9171506088417,772.4841727494124,1841225
2021-05-03,778.9000854492188,782.8291639161679,732.1988925624537,753.9828541911756,841965
2021-05-04,772.6831665039062,793.7708246134172,768.9033175766559,793.7708246134172,651087
2021-05-05,791.8311767578125,805.7072583495029,771.4895430929471,783.4757305056461,1229552
2021-05-06,774.0260009765625,795.7601765128976,759.7520163833524,792.7760758509743,665468
2021-05-07,748.7606811523438,781.6852381312245,739.4602572553204,781.6852381312245,513294
2021-05-10,743.7871704101562,761.9404513997722,742.0464448358094,750.7997955816151,434021
2021-05-11,759.1552734375,770.8927247166548,738.0676151480747,738.0676151480747,823028
2021-05-12,766.0186767578125,771.8874328125835,751.0484493849061,754.579623307626,414426
2021-05-14,768.5054321289062,778.8503395959546,754.2812298954814,765.9192356179885,541416
2021-05-17,790.9359741210938,809.6363277675061,756.569029913375,768.5552171930684,1956412
2021-05-18,823.91015625,828.4858135566476,795.0141278372266,795.7601529806459,2275063
2021-05-19,815.1072387695312,850.4688251464394,807.7464316707211,830.5748175406746,1855576
2021-05-20,807.2987670898438,825.0542044853586,799.1422729173637,822.0203806078688,556669
2021-05-21,822.4679565429688,827.8890855692771,798.7443775831155,806.7019803485762,806206
2021-05-24,805.45849609375,834.5534772740428,801.7283703014048,827.0932256893524,684641
2021-05-25,820.279541015625,826.4964172413795,806.5029068723438,815.0573649859912,720336
2021-05-26,821.6224365234375,832.4149103456382,819.6330359507415,830.2763411570024,499153
2021-05-27,823.7113647460938,829.8287964000975,814.1622653323103,816.6490162954511,940317
2021-05-28,822.21923828125,842.8592693703414,818.290220691472,824.0097473788105,905813
2021-05-31,847.136474609375,852.2591443635098,820.2297848361493,827.5905908180023,1296401
2021-06-01,835.7471923828125,858.2273945602118,828.9334589971626,852.4581450441408,697195
2021-06-02,848.6286010742188,850.4687723789009,828.5853653703209,832.0668164853223,826415
2021-06-03,850.2200927734375,859.3216249245968,842.7101175505346,848.6285965568701,404997
2021-06-04,847.5840454101562,858.6749773079005,843.008448616792,848.2306248471614,781342
2021-06-07,852.9554443359375,869.3679980753462,840.5216915030521,846.5893386008266,463126
2021-06-08,861.2611083984375,864.7425589549899,843.5057348446923,852.9553863553344,370448
2021-06-09,840.3724365234375,868.3235484652811,836.5428650525191,864.3447476802513,465156
2021-06-10,872.2526245117188,880.1604424856565,833.9566670379575,849.4739657816141,1034717
2021-06-11,869.0199584960938,887.7203123620826,863.2506480731096,880.3097828387855,590610
2021-06-14,862.9521484375,872.8991504613584,845.9925221291579,866.3838762780676,226622
2021-06-15,852.1099243164062,867.2791018982471,848.9268716323069,859.4209462760967,306451
2021-06-16,846.6888427734375,865.1902426543402,843.6550192327093,852.4580919300439,246452
2021-06-17,851.0655517578125,890.2567678331307,824.5568252096825,837.5376519726212,1820950
2021-06-18,844.6995239257812,860.3163310928484,835.7472210453633,859.321630772802,1005831
2021-06-21,848.7280883789062,858.0782961159848,826.6457280830234,838.5324096143192,649897
2021-06-22,848.4793090820312,859.818916161002,844.5005081015762,856.4369110429412,427455
2021-06-23,852.9554443359375,863.1511216589035,844.5004924095755,855.4421949025145,437812
2021-06-24,852.4580688476562,859.8188745902901,845.4951674685038,855.4421694387215,337562
2021-06-25,858.9236450195312,863.1511209793841,848.7279677045918,855.4421942290642,302991
2021-06-28,876.6790771484375,881.2050120416325,850.7174238391893,858.4263510940899,414235
2021-06-29,858.0782470703125,876.3309734818828,851.5629114676966,874.3415728610386,324166
2021-06-30,845.3460693359375,861.161829207562,841.7651723556447,850.5682461806846,351060
2021-07-01,853.3534545898438,857.4317017403592,843.5058968397037,846.8879023145395,138698
2021-07-02,895.03125,904.9782522465252,852.9554426395351,862.0569739797792,1945993
2021-07-05,897.169921875,916.118949901638,891.2514431182059,904.6798967812592,1316486
2021-07-06,897.0704345703125,912.7369641783029,886.6758650822977,900.2037647765857,730080
2021-07-07,904.0830078125,907.365506227587,888.6153716165107,902.7401261574552,283658
2021-07-08,916.4172973632812,942.9260824189571,901.1983961924344,909.8523002187382,2179864
2021-07-09,901.0890502929688,920.199755030108,895.813715010381,917.0146274487089,507064
2021-07-12,895.067138671875,920.5978519987126,890.8369075466535,905.7671350474354,576161
2021-07-13,922.4889526367188,932.3429268200315,896.7094636364732,903.676902947553,842102
2021-07-14,913.68017578125,931.6959594895962,910.0471294237166,926.6694616705274,684507
2021-07-15,898.6005859375,923.6336242409981,894.8182739043942,917.014532619626,439404
2021-07-16,875.80712890625,906.7624415227172,873.9159425432993,906.7624415227172,569938
2021-07-19,865.9531860351562,874.9113224424165,855.9997011382004,873.8164634042515,759172
2021-07-20,857.3931884765625,865.8536503937862,834.1020101921764,865.8536503937862,754030
2021-07-22,916.2183227539062,920.6973911432518,861.0262345616088,862.9671763472426,1813383
2021-07-23,887.0048828125,918.6569544872859,883.720184003238,918.6569544872859,614666
2021-07-26,886.9052124023438,892.8275477511656,866.5503247208665,892.3298735327982,613423
2021-07-27,912.7345581054688,921.6429391707067,880.933161951435,887.8508460524298,947007
2021-07-28,921.9912719726562,927.3661779899471,894.2708414930383,912.7345433884324,740399
2021-07-29,910.6443481445312,928.8094578943985,906.2647905344742,922.1903662055907,358868
2021-07-30,918.6072387695312,938.5639658652481,907.7579148290757,915.4221111286515,720404
2021-08-02,952.1504516601562,964.4927986680732,918.6072522579486,919.0053552493687,1342173
2021-08-03,934.3834228515625,961.4071594614322,929.7052726588063,961.4071594614322,572016
2021-08-04,924.5792236328125,948.2685052107454,916.467109253124,942.5452514738945,335436
2021-08-05,911.2415161132812,935.5280428639873,893.8229180444856,926.2712535749997,1041009
2021-08-06,915.0736083984375,932.5917782428912,908.0066584321595,916.9150395525032,636462
2021-08-09,924.5792236328125,934.084789428115,912.3862048021302,922.0410364180789,670460
2021-08-10,941.4005737304688,959.6154386383888,916.4173513555552,928.0131246167005,2198799
2021-08-11,896.3113403320312,925.6741216088718,848.0369372158697,916.7159849481408,2959134
2021-08-12,892.529052734375,909.1513855913894,876.0062304313906,901.2881077828978,592714
2021-08-13,878.743408203125,899.7950535009091,872.5722960389654,896.3113337141247,738531
2021-08-16,870.63134765625,885.0141456737252,861.9220482556813,880.833669811202,436930
2021-08-17,883.2722778320312,904.6722704519635,862.967144254944,865.953189736795,973907
2021-08-18,896.5601806640625,899.695552807019,874.5630026413043,890.4885789839354,477749
2021-08-20,893.026611328125,910.7438009894744,867.6949819809555,877.6484661447748,879721
2021-08-23,880.0870971679688,897.5554500279669,862.1210700911544,895.3159160522941,710233
2021-08-24,896.5601806640625,898.799714837245,872.1243866135884,884.566243131269,512709
2021-08-25,912.4857788085938,918.2587882204807,886.2085529149131,898.5011438988382,761172
2021-08-26,936.9712524414062,959.6652460253719,915.6708317590205,915.720587031979,3121784
2021-08-27,944.0880126953125,953.5438230491401,935.6275507997825,941.3010491623288,638508
2021-08-30,986.6889038085938,1002.3158865838346,946.5763735265409,950.5577673163476,1981330
2021-08-31,1002.2163696289062,1010.2289124293903,971.4600784988831,990.3716988794966,968660
2021-09-01,989.7745361328125,1031.8777032257897,983.6033635105591,999.7777760379878,861143
2021-09-02,995.84619140625,1008.9350487072428,980.9657189246418,994.7513323378885,600794
2021-09-03,991.0684814453125,1012.9163924617135,979.5722187935557,1004.2070933692842,454344
2021-09-06,1005.2024536132812,1019.13733232442,991.0684930560192,995.4479899144842,646921
2021-09-07,994.3531494140625,1017.1964095913925,988.6298955510686,1005.1029010412616,597743
2021-09-08,1029.041015625,1045.1159180942839,990.3717509560119,996.3438419165506,2226426
2021-09-09,1017.7935180664062,1040.4874499667558,1005.6004998813257,1033.7191535900029,1228907
2021-09-13,1001.4201049804688,1022.9196083536278,993.6066435291996,1009.2833824579097,448685
2021-09-14,999.3298950195312,1018.9880279145867,995.3982562902698,1005.2522307508235,529047
2021-09-15,997.09033203125,1005.3019569269403,982.4089420662278,1001.0717259200695,635701
2021-09-16,991.1182250976562,1005.7498595516323,985.5442980443552,1004.8042663681487,286275
2021-09-17,977.880126953125,995.3484806380732,959.5159353351025,995.3484806380732,562721
2021-09-20,974.595458984375,997.7870657159456,948.5670727199443,966.4833448174879,569477
2021-09-21,982.5582885742188,986.5396825438231,951.8019958585254,976.9345452916524,432370
2021-09-22,979.1243286132812,990.371754478719,971.4103777618138,980.4182695090836,252879
2021-09-23,1001.8679809570312,1027.0005903406966,981.5130927856758,984.3996276221757,1207650
2021-09-24,982.9563598632812,1020.5805195140658,973.4507942172379,1012.5679765585397,834581
2021-09-27,998.633056640625,1003.3112063602126,978.1289035095557,990.3716769131066,314717
2021-09-28,1009.233642578125,1015.2554889653652,989.3266722062551,1004.3066552608367,612126
2021-09-29,1004.90380859375,1009.2336109647558,965.4880327926136,1009.2336109647558,415354
2021-09-30,1021.0781860351562,1036.7549241672286,996.5926383960376,1008.2879827167901,941677
2021-10-01,1039.4921875,1084.9298710801413,1015.2554756896736,1021.0782401468049,3294173
2021-10-04,1041.28369140625,1052.481360244313,1016.0018192402597,1048.599477413288,1043541
2021-10-05,1044.9666748046875,1063.0322757006645,1035.411352806757,1045.1160013911028,675246
2021-10-06,1039.691162109375,1092.6934614673007,1031.230701179002,1055.0194294165349,1324497
2021-10-07,1103.692138671875,1121.7079218744636,1050.1424633045256,1054.0740412028183,1988186
2021-10-08,1098.217529296875,1114.740286878571,1083.038467627994,1114.740286878571,439597
2021-10-11,1098.0186767578125,1134.6972431685056,1090.5535633159145,1109.614510604727,681017
2021-10-12,1128.3270263671875,1137.6833264936197,1089.9065988718403,1103.841477761526,1064340
2021-10-13,1168.738037109375,1204.3217422398006,1098.4664647047528,1119.9162712235297,1433510
2021-10-14,1149.0799560546875,1178.4925510089927,1139.6739619132572,1169.5842310867386,563063
2021-10-18,1148.9307861328125,1174.461377155444,1140.3706920991638,1160.526498592293,571535
2021-10-19,1111.4559326171875,1169.086635367996,1089.110285774245,1154.6042660165288,832711
2021-10-20,1106.230224609375,1132.9054885517523,1079.953002820885,1111.4558036552826,574423
2021-10-21,1075.3245849609375,1118.423217892029,1062.086524569351,1117.278542968446,470149
2021-10-22,1045.9620361328125,1107.524321807854,1038.5467377763753,1075.9220042375464,814132
2021-10-25,1015.9024658203125,1079.9531171792448,1004.4559581267076,1056.064753296939,772852
2021-10-26,1036.605712890625,1049.3462231048538,1011.7718148314763,1019.2369290579751,999447
2021-10-27,1029.041015625,1067.2624220729485,1021.4763913754846,1047.3554522044858,476913
2021-10-28,1001.02197265625,1039.2931336396068,995.3484742030428,1032.674041985657,495393
2021-10-29,998.4838256835938,1033.2712055412892,984.8972949893554,1000.8228702494157,446580
2021-11-01,1019.9335327148438,1023.3675578516703,992.0140809204231,1009.2833526439595,539353
2021-11-02,1032.624267578125,1063.0322132915392,1025.2089697474582,1034.1671063763195,1518927
2021-11-03,1087.06982421875,1127.0330884283437,1070.1489007205032,1091.8972398574567,5869336
2021-11-04,1089.2098388671875,1098.2674853072738,1085.1786291124129,1094.8832763344683,141116
2021-11-08,1095.430908203125,1110.7094843250413,1079.9531894673585,1094.6843967818343,1102344
2021-11-09,1122.1558837890625,1127.7298108927992,1089.0107313021583,1094.883311546407,1034509
2021-11-10,1119.1201171875,1128.6257444350194,1103.8415412551196,1121.7578151438413,503041
2021-11-11,1141.86376953125,1150.2745373972032,1115.9350135778493,1118.4730793934293,979707
2021-11-12,1143.8046875,1154.6041938053527,1123.350228396674,1144.849730463585,502799
2021-11-15,1151.817138671875,1167.5436922494632,1134.6971945135447,1151.568301567815,724923
2021-11-16,1184.8128662109375,1197.105393847112,1135.9412872652363,1141.365887089738,1245041
2021-11-17,1147.8358154296875,1194.4181727686653,1139.6740065167683,1184.315361423497,792324
2021-11-18,1132.358154296875,1152.6134703430791,1090.4041940939924,1149.5776090611266,1003276
2021-11-22,1107.623779296875,1134.2493497462951,1096.475804001603,1107.22561562517,724443
2021-11-23,1106.7279052734375,1121.4092941072813,1088.4632865162384,1103.8413706259466,1337545
2021-11-24,1090.653076171875,1112.7995794297572,1084.9298225209618,1105.9814667722121,1045914
2021-11-25,1087.5177001953125,1093.8381385989576,1072.4879627898933,1084.9298185067134,602587
2021-11-26,1036.804931640625,1086.7713845981773,1020.2323525403199,1077.9625734645526,904556
2021-11-29,1021.92431640625,1051.9839157743177,987.7839337513626,1030.1857580427659,850287
2021-11-30,1009.6815185546875,1062.8331514841045,998.1354397800529,1020.2321881018752,1075312
2021-12-01,1019.4359130859375,1033.7192616550653,1001.3206184896128,1027.34900677968,839843
2021-12-02,1026.5526123046875,1039.9898165458956,1015.4545134006612,1028.1949615680014,904904
2021-12-03,1016.2010498046875,1032.076870320272,1009.0842838231754,1031.6787066250301,661928
2021-12-06,993.3577880859375,1024.3131016706805,984.4991622684385,1024.3131016706805,373519
2021-12-07,1013.2150268554688,1031.181055292113,990.5210930012208,1000.325251514067,644619
2021-12-08,1036.15771484375,1047.106547565442,1013.2647009711216,1031.1809726975264,550648
2021-12-09,1032.624267578125,1045.7131248419066,1022.8201090125943,1045.7131248419066,214644
2021-12-10,1031.1312255859375,1035.1624355947833,1020.2322081583202,1035.1624355947833,232075
2021-12-13,1026.453125,1047.8033013989998,1023.2182424242424,1035.162424242424,337088
2021-12-14,1025.65673828125,1037.7005514532339,996.1446938633886,1020.232137953616,616598
2021-12-15,1031.2806396484375,1081.8940906512876,1025.6568958697846,1030.1857805107159,1671114
2021-12-16,1026.4031982421875,1048.649331680548,1000.3251193535672,1042.129751207149,1121604
2021-12-17,1030.2852783203125,1058.9513656764898,1008.4374258561763,1026.4033946050474,805803
2021-12-20,1003.2117919921875,1025.208969860539,966.0852438030323,1025.208969860539,852808
2021-12-21,1013.6130981445312,1029.83732693491,1003.4107762463021,1019.2368413450306,377839
2021-12-22,1039.9898681640625,1059.4986746931597,1010.8261689210873,1025.2089670656076,843395
2021-12-23,1037.3023681640625,1051.9339411672443,1027.199557517822,1039.1437384191922,577082
2021-12-24,1036.15771484375,1047.8530588873755,1015.5042349369222,1038.4967593519764,288355
2021-12-27,1046.1610107421875,1063.032117945665,1015.2553935436126,1015.2553935436126,834703
2021-12-28,1029.986572265625,1054.173465468741,1027.1995481464023,1049.5948871321523,335064
2021-12-29,1033.61962890625,1046.0117909646367,1022.2229368770264,1035.8094685663996,252419
2021-12-30,1028.045654296875,1040.736347429582,1021.1280309549484,1040.736347429582,607040
2021-12-31,1060.046142578125,1064.9233744829753,1024.761087184389,1037.6508015377422,452416
2022-01-03,1049.6944580078125,1060.0461062567344,1036.1577432988363,1060.0461062567344,363953
2022-01-04,1051.0382080078125,1062.036857617884,1041.134538958113,1045.1159329885454,258035
2022-01-05,1065.868896484375,1076.1210344387712,1044.9168838626724,1050.0926473624158,741560
2022-01-06,1075.3245849609375,1083.8845566243856,1049.7938750237893,1062.0367085499615,408431
2022-01-07,1080.1519775390625,1089.906439940436,1063.9278723848183,1067.0134279599522,482099
2022-01-10,1067.0135498046875,1089.6577272842178,1057.0600651983004,1084.9298220961841,604941
2022-01-11,1113.9443359375,1118.7717520260792,1067.1629548474416,1069.9996738683585,861357
2022-01-12,1139.9227294921875,1145.1483084747974,1104.8366991803782,1123.7483183555378,741670
2022-01-13,1177.3978271484375,1182.1754272993205,1124.7438644164067,1139.9229298432651,682225
2022-01-14,1159.431640625,1194.3683476108333,1154.0070400661557,1159.680477742424,744286
2022-01-17,1152.8621826171875,1182.3742843747086,1149.5774845859028,1161.5714803490246,501455
2022-01-18,1138.9774169921875,1171.5252666227584,1130.5169541491175,1171.5252666227584,543636
2022-01-19,1162.119140625,1206.3623309777647,1131.1140118608394,1139.6739842983009,1671916
2022-01-20,1164.5576171875,1188.6449996428612,1154.6041332799145,1159.5808752337073,968296
2022-01-21,1176.3525390625,1200.9377186315664,1136.687927707023,1163.562335805175,961910
2022-01-24,1116.7310791015625,1194.4180696493336,1086.2237481079271,1173.5157534304703,979818
2022-01-25,1074.329345703125,1108.0716831023628,1045.5140561268836,1086.9205281363397,866941
2022-01-27,1018.1917114257812,1082.7400950078838,996.6921484054526,1055.0693594330744,1611802
2022-01-28,1013.5632934570312,1037.1530633828797,1003.6595644347476,1020.331650626363,1230291
2022-01-31,1026.7515869140625,1033.022208299205,1013.2645688553212,1013.2645688553212,408254
2022-02-01,1055.467529296875,1059.896781334535,1026.7517505804512,1027.1996087856087,521498
2022-02-02,1092.44482421875,1101.8508191962524,1045.0164426149954,1055.4676021466673,878597
2022-02-03,1078.2611083984375,1094.8833802060176,1072.3387117585469,1092.8926831510973,416753
2022-02-04,1052.4814453125,1084.9297795565365,1047.1065395352994,1081.1474069534156,305527
2022-02-07,1045.563720703125,1063.8284617879624,1020.2321514938609,1055.2683679978227,648493
2022-02-08,1049.047607421875,1062.0867712721144,1030.5341477790926,1049.8937509331229,377585
2022-02-09,1065.6201171875,1069.9996750416603,1048.1020072733659,1059.050841157513,304759
2022-02-10,1070.5966796875,1079.952978641667,1050.0925276193168,1071.4925175186677,411046
2022-02-11,1066.3665771484375,1094.435477380745,1050.4908173832546,1079.9531082952326,1656107
2022-02-14,1031.479736328125,1050.0927053479822,1012.2694609847374,1035.1624773098592,536059
2022-02-15,1076.5687255859375,1081.4459566860303,1021.2273829359108,1032.1762145268415,619460
2022-02-16,1056.5623779296875,1087.3186692843813,1050.7396138073052,1084.8302981634915,343162
2022-02-17,1057.8564453125,1068.1582780932602,1047.3056539016695,1068.1582780932602,287521
2022-02-18,1040.2884521484375,1060.0460944917518,1035.1623833534477,1040.1391255811086,205306
2022-02-21,1030.533935546875,1049.8935347139131,1006.2972264506631,1040.1390718505866,576902
2022-02-22,1045.2738037109375,1054.0877213071406,997.917490916983,997.917490916983,714429
2022-02-23,1050.0045166015625,1079.5834613317438,1045.721987452335,1045.721987452335,393547
2022-02-24,1016.4915771484375,1032.9740743309537,976.0071736414721,1011.9600666416325,633017
2022-02-25,1065.739990234375,1070.3710687192793,1025.454847209967,1055.6313207953363,543759
2022-02-28,1103.585205078125,1114.4408191412776,1025.9030032076873,1025.9030032076873,1102621
2022-03-02,1100.5975341796875,1113.146174453844,1075.64966681012,1094.5224113521085,661272
2022-03-03,1126.541259765625,1131.022924937821,1101.0953122143098,1105.4774091417135,645290
2022-03-04,1090.98681640625,1121.4123967592334,1077.9900582863468,1121.4123967592334,653153
2022-03-07,1059.864013671875,1075.5996873568324,1035.762661899172,1075.5996873568324,372706
2022-03-08,1073.70751953125,1087.1525170657262,1043.780023889029,1060.8103297847724,461151
2022-03-09,1139.139892578125,1150.2942120659422,1065.6903703791093,1073.6079312615461,757000
2022-03-10,1145.0655517578125,1159.606042386177,1133.9112327595228,1150.493298090212,557825
2022-03-11,1164.0379638671875,1176.93515257744,1126.3919251661391,1136.5005949629906,476838
2022-03-14,1162.3448486328125,1202.5802708285416,1145.7626615776032,1175.0927460956243,614586
2022-03-15,1153.53076171875,1176.1880678522286,1140.8327110285588,1160.5520854354445,400312
2022-03-16,1166.477783203125,1186.5954303867152,1148.302142184165,1169.2165784251602,486972
2022-03-17,1256.9080810546875,1278.7686015881666,1182.163808477534,1185.1515855840485,4537229
2022-03-21,1274.3863525390625,1297.1930727195074,1245.9029051609243,1276.7765982544404,1520151
2022-03-22,1281.109130859375,1293.1598087468287,1250.8828070886664,1269.805397323288,713407
2022-03-23,1294.952392578125,1309.243902071259,1272.544064308171,1286.7360055458087,713104
2022-03-24,1271.647705078125,1304.6128214166233,1265.8215640507058,1299.6830378333366,453482
2022-03-25,1256.1610107421875,1282.7521756929787,1235.6946909868502,1282.7521756929787,662176
2022-03-28,1274.3367919921875,1284.7441670417516,1249.8867671607736,1257.8541728478542,939603
2022-03-29,1271.000244140625,1278.0215684820985,1255.115278924266,1277.6730188251568,539919
2022-03-30,1251.978271484375,1279.7646250112764,1246.9489192481522,1279.7646250112764,366894
2022-03-31,1270.30322265625,1279.6649484941418,1243.7617785974094,1249.886745929905,755068
2022-04-01,1263.28173828125,1289.723610744613,1254.9160607672088,1275.7806527906173,491523
2022-04-04,1289.3751220703125,1303.666630334253,1251.231122377876,1251.231122377876,762394
2022-04-05,1313.8250732421875,1329.560747193965,1285.5906052849068,1304.6626058607446,1337792
2022-04-06,1322.8880615234375,1331.3534293692564,1295.948224631974,1318.157414786068,907711
2022-04-07,1302.421875,1341.3625467760207,1294.7034505830625,1330.5567769069012,1038577
2022-04-08,1264.47705078125,1314.2234893509087,1260.393779850291,1302.8699124023474,874307
2022-04-11,1275.68115234375,1286.2379396125066,1261.190385927994,1274.0378507543933,509264
2022-04-12,1245.405029296875,1282.602828128416,1230.9142624139786,1269.8052077996927,845636
2022-04-13,1227.7772216796875,1257.6549919518445,1216.5232129146582,1254.866351430593,742352
2022-04-18,1218.51513671875,1242.9153172251736,1211.0456937065794,1224.9886539959643,395195
2022-04-19,1243.36328125,1272.7929317037865,1225.6856016430029,1239.6285602062683,1575212
2022-04-20,1260.7421875,1280.411717259785,1245.9028723792949,1245.9028723792949,743805
2022-04-21,1280.561279296875,1289.723746861612,1254.8663482977847,1274.6354485972495,516906
2022-04-22,1281.35791015625,1288.72778424162,1260.3439033676739,1277.7726021499213,481960
2022-04-25,1232.408203125,1276.5277600597403,1225.0881735785122,1250.1855740459912,403163
2022-04-26,1274.635498046875,1281.9555277146685,1239.927511302127,1243.7120776364914,640781
2022-04-27,1220.009033203125,1259.2485317284963,1210.099620705478,1234.9479193239795,705547
2022-04-28,1220.7559814453125,1233.852429301416,1176.1883043743944,1191.1271905434173,1076903
2022-04-29,1223.3951416015625,1244.1103230045537,1217.320019208689,1234.9478552880523,439063
2022-05-02,1215.228515625,1226.8310745843733,1200.6880244190952,1215.0293791100692,488409
2022-05-04,1208.306884765625,1229.8687010070062,1200.1900657996084,1218.6146916954783,489438
2022-05-05,1207.410400390625,1237.7861317829697,1201.1858652692429,1228.972214365683,464980
2022-05-06,1142.0777587890625,1194.86181914731,1133.512822366278,1187.1433952270002,840078
2022-05-09,1099.3525390625,1146.758577180983,1088.3973565674617,1131.1724375259548,873730
2022-05-10,1055.8306884765625,1107.568981594501,1050.7016466451707,1095.5183045589458,663951
2022-05-11,1041.6387939453125,1071.2177408778723,1005.4368554980158,1068.628358173593,805254
2022-05-12,1006.7315063476562,1040.742394561063,978.8455857278383,1040.742394561063,1433291
2022-05-13,1027.7952880859375,1050.203615587811,1014.400075710855,1030.4842387569795,467140
2022-05-16,1034.9161376953125,1040.7921231983225,1001.0048215295742,1019.8278401596106,536424
2022-05-17,1071.217529296875,1075.4502130109404,1031.7789006521728,1032.0777269552855,438660
2022-05-18,1080.629150390625,1095.5181898876442,1061.4575820675911,1080.5793054800854,623123
2022-05-19,1032.4263916015625,1070.4707043579592,1007.6776017152325,1057.8224967149738,1247443
2022-05-20,1083.6712646484375,1088.7060804596074,1041.4490339453916,1041.4490339453916,629720
2022-05-23,1062.086669921875,1095.6849683130556,1057.1515281170402,1088.7060831645647,302084
2022-05-24,1072.654541015625,1077.1907427883816,1044.0909402250318,1067.6696236595733,337854
2022-05-25,1034.8189697265625,1082.5745034669649,1023.3536595365871,1076.6922765073425,407027
2022-05-26,1045.7857666015625,1051.1197255503034,1001.3702258463406,1040.2525813408956,444559
2022-05-27,1065.22705078125,1071.6576678537322,1042.3463264426166,1049.8237032463655,293538
2022-05-30,1115.52490234375,1119.8118585256536,1073.7512678609244,1083.7211032171074,547836
2022-05-31,1120.659423828125,1131.5763451734092,1105.953916258691,1111.6366738928205,1673884
2022-06-01,1106.103271484375,1141.5460828240698,1102.9129730341722,1128.5852976042331,521752
2022-06-02,1109.4930419921875,1120.6094321407625,1094.687861646403,1108.4462823588585,433531
2022-06-03,1125.8935546875,1141.5461475052064,1107.7483813303543,1107.7483813303543,843397
2022-06-06,1101.4176025390625,1135.0657981359789,1088.7060619802273,1125.5944541901802,620866
2022-06-07,1081.57763671875,1102.6638642498428,1069.7634053707789,1102.6638642498428,284321
2022-06-08,1083.72119140625,1094.6381133288116,1074.6984409938302,1076.7423060890064,469020
2022-06-09,1080.9793701171875,1088.456746438035,1059.8931445519797,1074.748223183148,557580
2022-06-10,1109.9417724609375,1116.7211871983352,1068.566957463296,1077.7391569265167,859171
2022-06-13,1083.3721923828125,1108.1971069677952,1080.18177202089,1106.6018359357874,514725
2022-06-14,1066.2239990234375,1089.0051702923,1060.9898354342586,1083.122943061185,495087
2022-06-15,1091.5972900390625,1104.65774992611,1062.535195833711,1067.0216217133748,882202
2022-06-16,1074.7982177734375,1114.2288460996222,1066.2739593196357,1101.916122990208,387582
2022-06-17,1040.6514892578125,1081.428019525566,1033.1741125531494,1074.7981762091072,753097
2022-06-20,1045.6363525390625,1054.758654281418,1011.4397695119865,1040.7511090063247,518858
2022-06-21,1047.0819091796875,1065.7753495958923,1034.9685354495696,1052.9142382491261,1352719
2022-06-22,1017.7207641601562,1047.8296786081642,1006.2554536901335,1047.0819409688147,673346
2022-06-23,1026.643798828125,1034.819015163448,1008.9473410187545,1020.4126517121495,486409
2022-06-24,1055.5064697265625,1059.2950560195184,1031.0803719642302,1036.862925421458,462900
2022-06-27,1045.9354248046875,1077.6395505828605,1038.1590260850883,1077.6395505828605,344510
2022-06-28,1065.027587890625,1072.7542097545636,1026.8929703040897,1046.8326396303828,442089
2022-06-29,1105.904052734375,1111.6367084055246,1039.504969648958,1056.4037929030724,1397225
2022-06-30,1070.909912109375,1109.9418427069784,1066.0246683395767,1097.6788962748412,529542
2022-07-01,1070.311767578125,1084.8178055996273,1055.9052818717887,1070.9099333837987,555368
2022-07-04,1114.8267822265625,1118.6153678036972,1070.3115710566399,1070.3115710566399,736578
2022-07-05,1116.970458984375,1130.978126079736,1106.7513779346323,1114.8269200823038,635508
2022-07-06,1168.464599609375,1171.455549949672,1109.6425762502,1121.307233896526,835710
2022-07-07,1167.0191650390625,1183.3695982042962,1154.8558924794938,1171.6550412719062,291188
2022-07-08,1200.617431640625,1207.147722528019,1158.9434708629824,1168.3151405074673,954902
2022-07-11,1203.7578125,1219.1113815958054,1193.389160532568,1199.1717130823122,877368
2022-07-12,1192.342529296875,1208.3441653154332,1180.4785214050485,1202.362263506941,583382
2022-07-13,1201.9136962890625,1208.2942943317094,1155.2548124640412,1198.5737036766723,325971
2022-07-14,1175.7427978515625,1213.2293565424488,1166.5704757907286,1202.3622110573153,453534
2022-07-15,1207.0479736328125,1211.1854798371137,1178.4844913799814,1181.9240360558633,315845
2022-07-18,1204.9044189453125,1233.9663896761613,1199.0719682957824,1218.3137979092246,980588
2022-07-19,1198.6234130859375,1214.5751490887446,1191.4451805655092,1204.1567201927462,491128
2022-07-20,1205.8516845703125,1229.2807995660978,1199.37129106084,1206.3501763787335,604230
2022-07-21,1216.8682861328125,1225.4920962341362,1197.3772096020841,1208.0947824607206,476539
2022-07-22,1239.998291015625,1263.0285866932652,1216.868321323347,1218.3138987908292,942665
2022-07-25,1228.83203125,1241.2444268375416,1217.6159671520704,1233.7670507722553,381778
2022-07-26,1227.7852783203125,1244.0361593491994,1219.5102659285044,1234.9635114128446,331124
2022-07-27,1250.6160888671875,1254.753594607306,1221.5040985275525,1228.2836348030783,532946
2022-07-28,1255.0029296875,1267.1161823450755,1244.2853566252013,1252.211327092762,504060
2022-07-29,1264.7733154296875,1272.9984297707747,1246.2793434779537,1264.1252517775465,656479
2022-08-01,1297.0755615234375,1301.5619873703672,1264.1751053126202,1264.1751053126202,793553
2022-08-02,1304.7025146484375,1308.5408768802013,1272.948613709896,1295.9789088025695,502117
2022-08-03,1304.8021240234375,1322.7478265888028,1288.1026508028892,1307.0453368441083,393606
2022-08-04,1312.778076171875,1321.0031903761035,1284.2144734131355,1321.0031903761035,393725
2022-08-05,1311.9306640625,1319.7070626499021,1298.2719165491158,1316.0182722343245,242951
2022-08-08,1314.67236328125,1328.9790526736651,1303.506074663637,1311.93065855893,438066
2022-08-10,1307.294677734375,1327.8325144893447,1297.0755963640968,1315.4698941497602,313632
2022-08-11,1336.1075439453125,1355.5984995464305,1316.4668947674936,1324.9911528969917,1702218
2022-08-12,1378.5791015625,1386.405398644799,1328.6302465044164,1342.9369371214518,1159339
2022-08-16,1405.6968994140625,1449.96299311539,1385.507982644729,1386.4052921748957,1476050
2022-08-17,1470.25146484375,1477.5294928076437,1406.0458271603338,1406.0458271603338,1594684
2022-08-18,1451.1094970703125,1517.9073921604609,1443.8813666314531,1476.532576544921,1748382
2022-08-19,1393.9326171875,1482.9134017325073,1384.5110493320644,1460.4812711749425,1284783
2022-08-22,1310.135986328125,1412.476366421625,1295.2311317599722,1393.932497756613,3129067
2022-08-23,1342.7374267578125,1350.912642778664,1279.1298307638567,1305.4502195097036,2092763
2022-08-24,1340.8431396484375,1349.8159911896466,1318.0620909092297,1345.9277311813719,633681
2022-08-25,1355.2994384765625,1369.2572079321355,1333.9639665397683,1353.1558995411813,1144010
2022-08-26,1386.4051513671875,1396.6242316569926,1358.9383305363256,1361.8793830120715,1047852
2022-08-29,1356.545654296875,1363.873458847193,1326.3869027397643,1347.9217224864071,575626
2022-08-30,1403.0050048828125,1412.5760219684923,1358.4398919233824,1358.4398919233824,1311053
2022-09-01,1409.734619140625,1411.7285860701024,1387.3523890380727,1390.293441578219,738051
2022-09-02,1386.90380859375,1417.2620310743164,1383.9128579081037,1414.7196743106792,462018
2022-09-05,1394.0322265625,1404.6999016965883,1380.4732748390886,1385.8071124061325,633249
2022-09-06,1385.7572021484375,1409.3358868594532,1382.3176576673895,1400.7618528832904,342940
2022-09-07,1408.93701171875,1419.7543798880433,1381.9187836272192,1385.6574716943708,887074
2022-09-08,1402.8057861328125,1423.5928693051849,1399.8646115689774,1423.5928693051849,604853
2022-09-09,1375.189208984375,1417.7105809169943,1367.7118325027452,1410.2332044353645,594999
2022-09-12,1396.076171875,1413.523384726459,1380.822274244028,1380.822274244028,733357
2022-09-13,1455.9449462890625,1465.5658621736834,1400.7619294925341,1403.4537364769121,934852
2022-09-14,1426.28466796875,1469.9026990665593,1423.6426371732634,1439.5943742604625,786238
2022-09-15,1430.8707275390625,1447.0717100596682,1421.7484255122106,1439.8934772544521,552868
2022-09-16,1428.3782958984375,1458.9857641724225,1405.39789789118,1434.6593409992163,936253
2022-09-19,1417.51123046875,1435.656282018987,1381.3206796786849,1429.0762150668181,625902
2022-09-20,1441.189697265625,1454.5990780569343,1422.6956027328617,1422.6956027328617,551632
2022-09-21,1457.5401611328125,1494.0796353105534,1441.6383210031418,1446.6232391255592,1496404
2022-09-22,1482.2652587890625,1488.4964058329042,1436.6532624281413,1457.5400186382624,878084
2022-09-23,1429.325439453125,1487.3498312979123,1413.4234793806054,1485.5054361370862,743035
2022-09-26,1404.6998291015625,1424.490048592462,1348.9186519319937,1415.7165452649158,877826
2022-09-27,1391.8389892578125,1439.046137895667,1385.8071898585242,1415.1185317398365,599701
2022-09-28,1383.9627685546875,1405.198445597734,1366.166636151077,1382.81621310751,341570
2022-09-29,1393.43408203125,1404.8993928482962,1365.9671365669674,1398.7679196796312,513074
2022-09-30,1415.716552734375,1425.6863876127861,1368.2601630535553,1393.4837722746838,721128
2022-10-03,1385.6077880859375,1420.7015604060064,1378.8282512571977,1414.7196590990336,487553
2022-10-04,1427.132080078125,1432.5657135462973,1397.4718189229473,1405.746831220188,669791
2022-10-06,1443.033935546875,1450.4116377530709,1423.6924313961733,1434.5595758361835,572255
2022-10-07,1446.3739013671875,1475.5356705314061,1435.706225943508,1450.6110815021595,633829
2022-10-10,1427.5308837890625,1447.420778800879,1413.7226858453082,1425.6864885463967,532783
2022-10-11,1418.7574462890625,1455.2470187670704,1402.0080744784573,1441.8874152636222,670168
2022-10-12,1418.009765625,1435.5067540762666,1393.783016443745,1415.71665475688,402168
2022-10-13,1397.4219970703125,1434.260490031376,1391.7890157535278,1418.6576733581908,286921
2022-10-14,1375.4383544921875,1427.6803120384814,1369.7056996079548,1427.6803120384814,441023
2022-10-17,1374.0926513671875,1383.2150756785923,1349.9656968460788,1373.7935076053316,418522
2022-10-18,1424.5897216796875,1431.6682800610206,1369.1574644244272,1382.816089446125,651226
2022-10-19,1419.854248046875,1443.333139297837,1412.8254648386805,1425.6865778887266,451427
2022-10-20,1421.199951171875,1427.281526061306,1400.7617898256642,1410.731624628694,439690
2022-10-21,1426.6834716796875,1438.647274377211,1401.958230757301,1421.2000621099892,458912
2022-10-24,1424.9385986328125,1441.986991319943,1417.7104686065136,1441.986991319943,70262
2022-10-25,1429.62451171875,1437.6502779707835,1415.417496142409,1425.6864753801806,244221
2022-10-27,1458.6866455078125,1466.1142461692655,1428.6774642146922,1429.6245499309255,441597
2022-10-28,1454.5491943359375,1473.541780855271,1440.6413216074877,1466.0644037535021,325536
2022-10-31,1523.2911376953125,1538.3455644391665,1455.5959326514471,1455.5959326514471,2085522
2022-11-01,1552.851806640625,1561.2762691181829,1518.1567297571603,1540.289716309032,999663
2022-11-02,1525.634033203125,1560.279210562255,1512.5735734167918,1560.279210562255,535001
2022-11-03,1540.8380126953125,1547.019261768415,1499.3136252175543,1506.4420816451745,504000
2022-11-04,1501.457275390625,1545.5239010605599,1491.0388456333285,1545.1252049891993,591976
2022-11-07,1503.3515625,1518.904481985623,1482.016089577702,1513.121928548948,501244
2022-11-09,1497.2200927734375,1504.3485497180388,1490.6400254792277,1502.4043587138217,328444
2022-11-10,1466.4630126953125,1494.7773676287532,1455.1472746332354,1490.4902900201027,584753
2022-11-11,1414.7696533203125,1545.0254657899595,1390.7921486008688,1467.6595612906472,2812289
2022-11-14,1422.7454833984375,1437.25152163827,1396.8239100109195,1429.225876745317,1122597
2022-11-15,1411.8782958984375,1420.7015760831666,1401.808786261004,1419.8042665368005,710092
2022-11-16,1390.6424560546875,1420.7015339018717,1382.9158336773264,1411.87825397911,467953
2022-11-17,1392.48681640625,1406.594157379432,1374.8402570022843,1391.7889766317542,944775
2022-11-18,1378.878173828125,1399.4657871669228,1367.7617826930184,1399.4657871669228,591196
2022-11-21,1374.491455078125,1378.628961330242,1354.6015593729232,1374.7904771348196,457376
2022-11-22,1403.9024658203125,1408.638137870186,1375.8373534369578,1375.8373534369578,770340
2022-11-23,1406.0460205078125,1417.6607820923034,1395.7770407415173,1403.9024814262539,1390277
2022-11-24,1425.1380615234375,1429.6743852761056,1404.7497969693393,1409.7347146306927,602103
2022-11-25,1428.0792236328125,1443.6321422615101,1419.903885717536,1425.6864388356075,541513
2022-11-28,1434.808837890625,1440.5414930536822,1415.866151264871,1416.7135629050792,290527
2022-11-29,1452.55517578125,1458.0884833218743,1429.7243491989475,1434.6593692308904,476040
2022-11-30,1467.2108154296875,1475.3362554242199,1431.0202651237776,1452.5550847255524,960009
2022-12-01,1459.68359375,1474.5386730112216,1451.2092335602804,1469.105161335121,392526
2022-12-02,1464.269775390625,1472.9436057955727,1455.994884471126,1459.5840011170594,286105
2022-12-05,1471.0989990234375,1476.5325102215425,1444.3298956526905,1458.237887997094,462047
2022-12-06,1471.2984619140625,1483.5115103019652,1456.1443607584818,1465.5658065483124,501781
2022-12-07,1458.9857177734375,1478.6262445747868,1450.6110318060976,1471.597583730589,233857
2022-12-08,1453.70166015625,1462.0264482879168,1440.441852233944,1461.5778543804372,325774
2022-12-09,1453.60205078125,1463.5718865204904,1428.5777874161759,1463.5718865204904,381953
2022-12-12,1445.1776123046875,1452.1065995778931,1435.7560443531086,1450.611124192128,266399
2022-12-13,1439.1456298828125,1455.4961830282712,1435.755861765741,1444.629038933284,392861
2022-12-14,1446.9720458984375,1456.1443675476587,1437.2514563198874,1439.8435892004154,247467
2022-12-15,1431.6683349609375,1455.54604158812,1423.792140811194,1444.8783666031607,383487
2022-12-16,1403.0550537109375,1428.1290936167263,1396.7740084183667,1422.9448276339142,505066
2022-12-19,1413.7725830078125,1419.9538323861595,1383.8131784110863,1390.7920633166177,467614
2022-12-20,1408.1396484375,1417.0128267388827,1391.639521323634,1413.7726300677446,270778
2022-12-21,1362.2783203125,1415.8661850728186,1351.8099932430423,1406.7437614290159,585477
2022-12-22,1328.4306640625,1375.8372798872788,1314.2236486723596,1363.8734774534764,879064
2022-12-23,1280.5257568359375,1330.973102523759,1274.0951396114733,1311.0334305758374,1182635
2022-12-26,1353.4051513671875,1360.882527894078,1277.6344025613635,1286.05886476749,835478
2022-12-27,1342.7872314453125,1359.137785536546,1323.944218550601,1354.6014618333802,868094
2022-12-28,1342.338623046875,1352.408132163777,1330.5741689406561,1340.9428217915813,565769
2022-12-29,1344.531982421875,1345.9277837231916,1304.3536186401345,1337.0048296897157,572355
2022-12-30,1347.273681640625,1357.044169007675,1336.057616822268,1351.2616157982632,310890
2023-01-02,1338.1015625,1354.3025459929727,1327.9821546239696,1353.9037282127256,195562
2023-01-03,1343.3355712890625,1345.9277040082168,1326.037932174263,1337.9518361326125,233893
2023-01-04,1303.456298828125,1349.467113338046,1296.1284941816346,1341.989736820792,589604
2023-01-05,1276.039306640625,1308.0424551745211,1268.462255783387,1308.0424551745211,617568
2023-01-06,1244.3851318359375,1285.6602781170818,1232.2717564911743,1277.136019470222,1046858
2023-01-09,1216.0706787109375,1251.2143486634363,1209.6899596841076,1250.0180170905714,852556
2023-01-10,1219.9588623046875,1231.4241723497078,1198.324247720224,1221.3047656652077,588497
2023-01-11,1207.0479736328125,1231.274723347947,1201.3652158981993,1226.389479457402,680945
2023-01-12,1205.8516845703125,1238.752143926096,1200.866766486103,1211.335094462943,566434
2023-01-13,1201.7640380859375,1214.6749268350009,1182.5222062084097,1210.3380725792756,819106
2023-01-16,1193.7880859375,1212.7805488887072,1188.4043506127625,1203.3092054903673,372068
2023-01-17,1189.5010986328125,1196.330411893907,1177.288049637404,1196.330411893907,528204
2023-01-18,1219.1114501953125,1228.5328954172521,1187.3076527862727,1194.3862111664582,802598
2023-01-19,1194.685546875,1219.261096288319,1188.404501249634,1219.261096288319,334432
2023-01-20,1178.733642578125,1203.8575781366637,1173.449581339009,1200.9663016417153,373948
2023-01-23,1173.6988525390625,1185.7125526729424,1157.5975443009966,1184.6656712928784,485408
2023-01-24,1199.1219482421875,1204.9045014333585,1173.3997243257254,1173.4496221833754,1173927
2023-01-25,1208.4437255859375,1215.7715302711429,1181.525169981605,1202.212578455305,765489
2023-01-27,1172.7518310546875,1208.3440960954729,1151.5160321701908,1208.3440960954729,1368360
2023-01-30,1176.7894287109375,1186.4103436532484,1157.796966398916,1176.3408348248438,932999
2023-01-31,1192.990478515625,1200.7669988012397,1165.6731052045768,1176.7894960056713,965496
2023-02-01,1212.3319091796875,1261.1840995989348,1188.5538775711443,1200.3681074443616,1724393
2023-02-02,1206.9482421875,1220.9559095241414,1193.09014672141,1211.4346680914944,590000
2023-02-03,1231.9227294921875,1234.6644342137247,1205.4029917988285,1213.3289622220718,304320
2023-02-06,1226.3895263671875,1244.8337233333616,1210.2384404073784,1237.2566721633536,365009
2023-02-07,1209.4906005859375,1244.9831901138293,1202.4120418234063,1228.3833899052265,499648
2023-02-08,1232.3214111328125,1236.2594469806695,1206.3499442311372,1208.443585083189,336510
2023-02-09,1337.8521728515625,1342.6875184495007,1260.237032305183,1286.1087052532807,4103779
2023-02-10,1324.791748046875,1348.5198827656209,1316.6164101740246,1337.8522077986418,820161
2023-02-13,1302.5091552734375,1330.9730852914074,1298.1225248633687,1330.9730852914074,338292
2023-02-14,1316.616455078125,1321.0032070495006,1292.987993564945,1303.4064230076299,316603
2023-02-15,1343.385498046875,1347.9218220905193,1307.2947405445218,1314.5727694777731,821781
2023-02-16,1358.98828125,1366.8644758010892,1334.3129378684705,1345.9278208107005,584385
2023-02-17,1356.545654296875,1374.7406035833965,1346.0773273101092,1355.8975906668002,535675
2023-02-20,1339.79638671875,1359.7859565825613,1329.278282758446,1355.9475940624106,390430
2023-02-21,1334.0635986328125,1353.3552050408682,1325.639136728397,1338.9488421291742,575418
2023-02-22,1339.79638671875,1348.3704213396047,1319.5077947961538,1324.9413067361218,556036
2023-02-23,1324.1934814453125,1340.9428535007307,1310.8837756041437,1340.9428535007307,347591
2023-02-24,1301.6119384765625,1337.9020427835812,1295.3807912120203,1327.982105019268,409365
2023-02-27,1284.962158203125,1303.356576778886,1268.1630105872568,1302.3096954242171,419611
2023-02-28,1274.2945556640625,1303.7055705481118,1269.1600660133774,1284.962231025914,907835
2023-03-01,1287.6041259765625,1305.9486458012752,1276.3880621614358,1282.619208725395,467538
2023-03-02,1281.073974609375,1302.8581627208005,1272.9486559705717,1287.604265597346,299267
2023-03-03,1300.9638671875,1308.8898377806559,1272.5498358279,1286.108787855571,568928
2023-03-06,1321.4019775390625,1329.5771936961844,1302.6586387419338,1302.6586387419338,566960
2023-03-08,1338.500244140625,1343.9337555247828,1309.0892309447934,1315.071131933776,521534
2023-03-09,1330.9730224609375,1362.776821645179,1324.193485725618,1342.3386591279886,625276
2023-03-10,1336.9549560546875,1341.3914842228005,1314.0243341387607,1320.55462514783,391986
2023-03-13,1320.1058349609375,1353.0062906341832,1307.0952732386795,1336.954880540078,698497
2023-03-14,1333.7645263671875,1346.924659406686,1293.0376545149488,1327.0846641394057,626503
2023-03-15,1317.2645263671875,1355.8976392502366,1309.089309870193,1340.942885876153,343676
2023-03-16,1332.3189697265625,1340.992799808757,1304.054509851171,1316.018312693842,475242
2023-03-17,1352.1090087890625,1355.7480229980583,1331.9699902520165,1344.9307760853071,440067
2023-03-20,1340.39453125,1361.879576172804,1301.0635775296553,1361.879576172804,605595
2023-03-21,1317.563720703125,1349.6665438312352,1314.0742781151957,1342.2888408763363,318911
2023-03-22,1325.4896240234375,1345.4292949376675,1318.1119214447538,1319.1089049904654,344287
2023-03-23,1341.0924072265625,1348.3205377517268,1312.2296612806877,1328.480541349134,388796
2023-03-24,1306.098388671875,1340.9429161390356,1301.0635729081348,1340.9429161390356,316370
2023-03-27,1324.4427490234375,1338.7993364915176,1306.098349055323,1312.6784161484159,456288
2023-03-28,1287.25537109375,1334.462519172314,1284.114848482585,1331.9700602272778,474383
2023-03-29,1331.8204345703125,1336.954924130172,1284.1147966291285,1284.1147966291285,508829
2023-03-31,1370.8023681640625,1384.8100345449363,1331.9699108365983,1331.9699108365983,675734
2023-04-03,1353.3055419921875,1388.7981332613178,1347.7224582591948,1388.7981332613178,401477
2023-04-05,1360.68310546875,1368.8583213436464,1345.9277012483049,1355.8975360723664,212990
2023-04-06,1363.1258544921875,1373.8434284075586,1342.9369361864885,1362.876608587179,343855
2023-04-10,1354.6014404296875,1369.0577012614403,1344.8310750956866,1363.1256980837286,357266
2023-04-11,1350.0653076171875,1366.7647821915596,1332.967015279725,1352.0093768718737,235880
2023-04-12,1359.1378173828125,1362.8765056756315,1341.4912573215438,1350.0652914659902,177221
2023-04-13,1357.692138671875,1379.8251230339267,1353.1059173463668,1363.7737135008997,378453
2023-04-17,1359.187744140625,1363.8735182197524,1336.50636801526,1351.909715428351,375958
2023-04-18,1356.9942626953125,1369.257208834484,1348.9187204168275,1359.187699489603,502824
2023-04-19,1355.2994384765625,1366.8145252561555,1345.080357268018,1356.8945877882097,212326
2023-04-20,1389.495849609375,1394.281419070717,1350.464043105032,1359.5365685776596,611747
2023-04-21,1379.1771240234375,1401.5594770033194,1367.8613854449052,1396.7739074404608,600063
2023-04-24,1379.8251953125,1391.838895440963,1373.2451284035953,1389.5457846580903,327783
2023-04-25,1377.1334228515625,1383.8131639390188,1369.3070046419618,1383.8131639390188,153489
2023-04-26,1369.3568115234375,1384.5109117578975,1361.2313718106755,1374.6906488078116,509852
2023-04-27,1378.13037109375,1382.8161449661518,1368.9580496704134,1373.8432932684623,422730
2023-04-28,1363.624267578125,1370.8523984060844,1302.2598806268184,1370.8523984060844,1816275
2023-05-02,1402.25732421875,1434.6592886958983,1364.9203399866872,1365.8674256521062,1312984
2023-05-03,1385.9566650390625,1409.7346976570034,1374.4913545559964,1405.1983739589543,515474
2023-05-04,1400.7120361328125,1403.4039648279363,1378.977867046567,1390.7422003036822,244571
2023-05-05,1412.5263671875,1423.1441448202447,1391.789060301595,1400.462768658453,317728
2023-05-08,1417.2120361328125,1425.5867218193541,1408.7875742928436,1412.7256104116746,319478
2023-05-09,1428.6275634765625,1443.6322149439386,1417.7605398832059,1417.7605398832059,824650
2023-05-10,1436.3043212890625,1450.012844582745,1423.8420273857146,1435.6562576656706,469015
2023-05-11,1466.961669921875,1470.5507864840606,1441.2394447723657,1441.2394447723657,456556
2023-05-12,1481.6671142578125,1485.5054765514362,1457.889081137995,1466.9117091655921,326598
2023-05-15,1506.7412109375,1513.7698715852143,1468.5566942394414,1481.5174797283162,496686
2023-05-16,1495.6746826171875,1524.3878577220908,1492.0357899980352,1513.421038601788,481416
2023-05-17,1501.0086669921875,1508.5857178064732,1481.5175894594431,1498.416412340743,469701
2023-05-18,1486.2032470703125,1513.1716992864451,1481.5673711809973,1503.550784220866,245900
2023-05-19,1488.59619140625,1494.0796012157782,1467.1112678101763,1486.1536302628456,468553
2023-05-22,1491.7366943359375,1502.6536159494865,1473.6414178637235,1489.393807243315,276941
2023-05-23,1499.1142578125,1507.3891478064563,1488.6459311065132,1495.375569703219,368971
2023-05-24,1493.9798583984375,1500.5101493699058,1481.4676660920406,1500.4103536526482,362122
2023-05-25,1512.900390625,1517.5432045187144,1491.3339088553546,1497.9736214662773,475551
2023-05-26,1527.8271484375,1531.2718718277176,1490.734852545636,1511.8519588184706,415204
2023-05-29,1535.515380859375,1542.1051226271238,1520.7382807538502,1529.0254596569946,347260
2023-05-30,1555.93359375,1559.4781378624712,1526.27969540558,1535.5153523296774,341563
2023-05-31,1558.0302734375,1592.5267479848171,1547.596526254838,1558.9788734693045,1279601
2023-06-01,1559.977294921875,1570.6108049171987,1547.5964985572123,1562.4734183066446,452507
2023-06-02,1594.8232421875,1600.7139960201016,1557.5310603686476,1564.1209237763505,514635
2023-06-05,1596.570556640625,1607.503528782729,1585.1382379191114,1592.5267878313373,231024
2023-06-06,1600.1649169921875,1605.0073720900953,1581.5438117516087,1602.4612774286145,208474
2023-06-07,1600.364501953125,1609.5003378000931,1584.3394631576125,1602.5111924126238,632805
2023-06-08,1586.1365966796875,1614.1929987492026,1580.8947376462345,1606.5049875858808,286923
2023-06-09,1595.9215087890625,1617.5878115204846,1587.4346890834136,1591.5283071534623,437123
2023-06-12,1592.8760986328125,1606.5049562299857,1582.0929191030757,1595.921417811884,223661
2023-06-13,1683.0362548828125,1692.122120043349,1595.8217242002863,1599.9153423626126,1634306
2023-06-14,1708.546630859375,1727.3175290605395,1678.393506561137,1692.871023423205,1207550
2023-06-15,1682.437255859375,1713.588829231965,1677.9442334374994,1713.588829231965,465902
2023-06-16,1711.5919189453125,1716.833778402488,1677.3950262961207,1683.2359310293382,484881
2023-06-19,1705.80078125,1720.8774642756364,1696.5152752167896,1711.7914774834364,199840
2023-06-20,1716.78369140625,1722.3251340682707,1692.4714740348825,1707.3483937720248,273300
2023-06-21,1698.1627197265625,1721.2767248987482,1689.2764960490463,1721.2767248987482,369391
2023-06-22,1708.04736328125,1716.8337668743106,1693.6198180055535,1697.364003306966,213389
2023-06-23,1722.275146484375,1741.1958346741426,1692.0720538405808,1707.3483775500167,732596
2023-06-26,1750.9307861328125,1759.0681729863177,1708.596507886975,1724.172293896766,445964
2023-06-27,1740.1474609375,1763.2615882399539,1734.8557524026553,1763.2615882399539,320512
2023-06-28,1766.5565185546875,1770.4503735916787,1746.7372010614101,1757.2209194432132,322724
2023-06-30,1761.4144287109375,1781.183652527497,1756.7716149006392,1772.1976084615092,336262
2023-07-03,1748.8341064453125,1777.2399433035666,1743.1928429232269,1772.1478757073862,238418
2023-07-04,1733.657470703125,1789.171229104823,1728.2658199420164,1748.8339736559128,399795
2023-07-05,1729.0147705078125,1743.292645624734,1699.3608721954738,1742.2941962286145,502769
2023-07-06,1751.579833984375,1757.2709468210992,1720.7277230986392,1729.014780003325,240874
2023-07-07,1700.2095947265625,1751.2303364402353,1693.3702404781964,1746.5876440758273,248389
2023-07-10,1674.0501708984375,1715.2860570048244,1666.412008794683,1712.2907088763739,299305
2023-07-11,1690.4248046875,1705.3515744585984,1670.405845473791,1674.0502101584127,457955
2023-07-12,1685.33251953125,1697.3638828651444,1665.363532674013,1694.3685348365589,502653
2023-07-13,1663.416748046875,1705.3516240480567,1656.2279609133718,1688.3280125380206,270100
2023-07-14,1685.0330810546875,1691.1235977537876,1654.879837356529,1669.606965366488,268107
2023-07-17,1691.6728515625,1720.2783291037188,1672.402729567903,1693.8194202478683,473571
2023-07-18,1687.6790771484375,1708.2969598461675,1670.4058536984855,1702.006801726549,173675
2023-07-19,1713.788330078125,1717.3328740065363,1685.382494955252,1697.1142747631454,383674
2023-07-20,1712.091064453125,1722.3251705389362,1699.5604760541846,1717.432744229026,235107
2023-07-21,1711.242431640625,1727.367413644067,1698.562051275729,1703.3546570938206,331260
2023-07-24,1706.5496826171875,1731.510917864227,1699.4108668413594,1722.325232045729,392933
2023-07-25,1706.79931640625,1715.7853612080448,1689.3264515138715,1706.3500629185735,221128
2023-07-26,1703.9537353515625,1723.772931724563,1701.4576118315113,1717.3329817952433,273042
2023-07-27,1706.4000244140625,1720.0287614475951,1695.0675260293563,1703.9537502144558,215362
2023-07-28,1727.9664306640625,1736.2534873260968,1687.9784845483323,1710.9428201127853,344569
2023-07-31,1754.3753662109375,1761.2646912501964,1728.365833213098,1736.3034569637707,346064
2023-08-01,1704.9521484375,1759.3177906746357,1699.2610356854384,1757.2709206793875,260609
2023-08-02,1688.278076171875,1713.9881476330722,1675.5478466134182,1704.9521320175998,752736
2023-08-03,1684.8333740234375,1694.867839143088,1667.809885056391,1686.880244024888,269065
2023-08-04,1698.3123779296875,1715.3859593677585,1687.3794062686995,1696.365450444095,396908
2023-08-07,1687.1798095703125,1715.3360333087671,1674.39960876531,1707.3484382758973,395041
2023-08-08,1711.042724609375,1717.0334211374552,1671.8037354790706,1677.3950278624054,322580
2023-08-09,1785.127685546875,1803.5989992286566,1700.4092793339364,1719.180054703562,2491542
2023-08-10,1892.5108642578125,1912.0305987573292,1787.2244239037177,1807.1934118802956,4043720
2023-08-11,1882.8758544921875,1906.8884885053908,1873.4904061187642,1890.8634493834368,697959
2023-08-14,1926.60791015625,1931.999561214916,1857.265649075909,1882.0770919328768,1480009
2023-08-16,1953.5162353515625,1963.9499828987393,1903.4439732313951,1926.0089054456878,1232266
2023-08-17,1971.7379150390625,1981.4727966454504,1956.9608152328517,1961.9530622104865,969098
2023-08-18,1970.9390869140625,2024.555770161289,1952.9669979756363,1976.1309749660854,1571201
2023-08-21,1996.8487548828125,2014.8708146383058,1947.026229171354,1970.8890714434688,1066063
2023-08-22,2024.70556640625,2030.8460545166138,1995.9003259482354,1996.8488041141084,647887
2023-08-23,2047.7696533203125,2065.741741687805,2024.705497624902,2032.6432431158257,707284
2023-08-24,2065.841552734375,2076.4249689537546,2033.391950801404,2064.5934911215686,462418
2023-08-25,2010.8770751953125,2058.8526172263414,1996.898783709347,2058.8526172263414,766297
2023-08-28,2002.6397705078125,2023.9067902744641,1987.363446801511,2023.9067902744641,696730
2023-08-29,2046.1224365234375,2049.5170670322855,1997.8972809885427,2006.88332573062,352814
2023-08-30,2059.351806640625,2074.1289061393186,2044.1753030158263,2065.3924741102664,844098
2023-08-31,2045.423583984375,2069.885594830196,2040.2814232024016,2060.799607582636,682000
2023-09-01,2059.90087890625,2109.6734309927137,2036.8366022291336,2056.5060049786443,785674
2023-09-04,2028.2501220703125,2071.283266548402,2016.8677746096757,2070.7840418517167,744599
2023-09-05,2060.499755859375,2076.7745280770005,2024.8551648750756,2031.7943387044645,536090
2023-09-06,2064.294189453125,2083.9136231805855,2048.468668537013,2068.986853005635,331114
2023-09-07,2084.5126953125,2089.754554563076,2052.512343897047,2069.785566941833,303430
2023-09-08,2083.314453125,2128.2446720015027,2064.0943039389404,2096.743547570125,548262
2023-09-11,2082.515625,2103.08377806037,2074.5280306094933,2090.7028604978627,623499
2023-09-12,2054.209716796875,2108.6751808162057,2029.9974405070031,2090.7030914522365,722560
2023-09-13,2062.197265625,2069.785578468153,2009.229598793301,2058.303410521996,355761
2023-09-14,2055.30810546875,2085.7108411766358,2044.824386689337,2047.8197349120264,287994
2023-09-15,2067.039794921875,2082.266147716252,2047.8696158938242,2069.7855306716806,359579
2023-09-18,2052.1630859375,2069.785620464123,2044.4749523758983,2069.785620464123,323336
2023-09-20,2058.4033203125,2084.9619273181142,2019.313881189086,2048.818108848155,451829
2023-09-21,2055.008544921875,2108.7251724031175,2031.9443877249225,2059.801150884295,298279
2023-09-22,2062.696533203125,2076.32551387111,2046.521701555969,2066.2410773517395,394776
2023-09-25,2153.705322265625,2170.129766106937,2037.935041462703,2076.7747474131256,1841241
2023-09-26,2147.614501953125,2181.61174982756,2138.129233475614,2153.655169051737,1021206
2023-09-27,2110.572509765625,2146.8660017446205,2087.6081719545227,2139.677214312691,582180
2023-09-28,2061.3486328125,2128.6939920157483,2042.6277076951008,2118.80944105858,3956535
2023-09-29,2076.92431640625,2087.8575317905375,2028.0004201724062,2053.460756698099,767501
2023-10-03,2055.9072265625,2083.065001087428,2048.8181384227837,2071.0836084650723,543387
2023-10-04,2019.1641845703125,2052.761907947791,2004.4869058853885,2050.8149804529353,551771
2023-10-05,2044.4249267578125,2054.9584945915244,2019.164230564447,2019.8131251568298,461744
2023-10-06,2068.88720703125,2088.656311171547,2046.9213190868547,2052.662403435958,444220
2023-10-09,2075.826171875,2086.2099476202106,2029.2484852763048,2031.8444292126073,487722
2023-10-10,2047.6201171875,2086.509673304185,2043.925781208671,2086.509673304185,351329
2023-10-11,2098.041748046875,2111.5208147867384,2051.813492623672,2055.2580942603367,729470
2023-10-12,2073.97900390625,2104.5316524467717,2066.7902171208493,2101.735945429656,285544
2023-10-13,2081.5673828125,2106.428675665549,2068.237985657971,2071.7825298228518,321887
2023-10-16,2104.3818359375,2113.7174355786806,2077.274031516979,2089.7546493463287,446019
2023-10-17,2075.776123046875,2114.3163640579965,2069.885369601245,2113.6672257469104,373789
2023-10-18,2045.7728271484375,2087.158505576333,2028.050350491008,2085.860716380083,432748
2023-10-19,2057.40478515625,2070.7839086620747,2016.8676448878455,2042.7773562269415,350097
2023-10-20,2032.9927978515625,2057.404959142386,2021.2610172419143,2057.404959142386,353937
2023-10-23,1988.8612060546875,2037.984988983505,1976.9297846422128,2031.8445008822744,488451
2023-10-25,1990.1593017578125,2004.7866101027894,1970.73950933667,2004.7866101027894,512770
2023-10-26,2027.9505615234375,2037.7852637835917,1941.9840921544026,1976.9298213191346,966275
2023-10-27,2118.809326171875,2139.6268475164215,2028.000290531004,2028.000290531004,999445
2023-10-30,2116.463134765625,2139.8767246546818,2068.787175485022,2139.8767246546818,483782
2023-10-31,2151.35888671875,2161.6429643546976,2115.8142341163903,2137.5802361612127,749792
2023-11-01,2194.2421875,2205.874269060993,2145.6177513345515,2160.344879723431,1081257
2023-11-02,2186.454345703125,2206.5730020404417,2171.6272757637835,2206.5730020404417,474395
2023-11-03,2193.093994140625,2195.5401462922196,2176.6195798891704,2191.5963201177656,230437
2023-11-06,2229.737060546875,2242.018036419284,2185.256092835445,2193.1439890315364,537580
2023-11-07,2420.241455078125,2446.201140652395,2178.3171057624145,2230.985313994828,3419427
2023-11-08,2449.046875,2499.967797866157,2387.3426491274176,2446.201196511472,2652822
2023-11-09,2474.20751953125,2483.393205017924,2434.4192144799554,2449.196313964808,684007
2023-11-10,2485.489990234375,2500.266845624398,2450.24467938007,2473.1090720206726,644072
2023-11-13,2555.081787109375,2560.0240625025936,2481.496120804669,2491.131059260519,1131761
2023-11-15,2549.19091796875,2575.799740003892,2530.919489461104,2575.799740003892,599328
2023-11-16,2540.754150390625,2554.183246126158,2487.5367483885866,2552.535902113874,766675
2023-11-17,2572.405029296875,2609.647242010515,2540.804202153638,2543.5999093267337,717236
2023-11-20,2618.68310546875,2633.2105926672843,2581.2912250247814,2590.9761352364526,568578
2023-11-21,2609.697265625,2647.887957317073,2601.90931111577,2630.8143741146105,519349
2023-11-22,2623.076171875,2642.9454606481368,2603.4567392070817,2620.929603228606,395438
2023-11-23,2650.93310546875,2660.368403465352,2627.4195735481608,2640.698999206592,398832
2023-11-24,2645.59130859375,2663.8629812429936,2635.906398231448,2655.8254148747624,325606
2023-11-28,2667.607177734375,2679.338958154841,2640.948627573899,2664.362217192544,535972
2023-11-29,2672.25,2715.7824933541824,2663.8631221577057,2689.8228077559443,460234
2023-11-30,2782.678466796875,2805.3931905570576,2670.852134439053,2672.249866088702,2343154
2023-12-01,2803.34619140625,2833.000088350572,2748.131893595617,2782.678338612453,1049846
2023-12-04,2812.482177734375,2862.554315642698,2767.9512387654236,2842.5853284390514,685830
2023-12-05,2870.29248046875,2894.0056542790408,2813.1312509681547,2815.627374527133,676125
2023-12-06,2863.403076171875,2907.9337710843547,2850.1736222369277,2885.718272967179,487235
2023-12-07,2840.788330078125,2913.4754988849695,2832.151839829234,2877.481347413294,961559
2023-12-08,2836.894287109375,2882.822958831622,2795.85791987011,2852.869477273635,688323
2023-12-11,2876.931884765625,2902.8418406345413,2836.694570618085,2854.516745414345,577553
2023-12-12,2879.078857421875,2905.3878532320327,2845.2812472422347,2892.408010845841,462633
2023-12-13,2958.85498046875,2969.338699717201,2882.573539822945,2890.5111642157863,887243
2023-12-14,2980.121826171875,2990.3559324515504,2939.934238098027,2985.5633266120713,425400
2023-12-15,2985.114013671875,3019.860100613359,2975.4291035037686,2995.3481197476794,682553
2023-12-18,2966.84228515625,2996.8457370061224,2956.60817927442,2993.900360163274,646708
2023-12-19,2996.14697265625,3008.9271735767397,2952.4148407036955,2983.3667717357603,533290
2023-12-20,2944.377197265625,3020.309319996798,2923.160148323499,3017.313971910851,713170
2023-12-21,2950.61767578125,2965.2948334956227,2875.035103476815,2905.4378395484578,631420
2023-12-22,2960.901611328125,2977.326054737693,2923.8093146799065,2974.1810367221356,518707
2023-12-26,2965.39453125,2987.3104454474014,2957.0573817802197,2981.4696630824697,315645
2023-12-27,3006.08154296875,3054.9555925401173,2970.936172701815,2971.0358713849737,584065
2023-12-28,3021.307861328125,3040.2783997832585,2998.3435253034895,3020.3094119357497,503705
2023-12-29,3050.212890625,3055.6046635447447,2996.7458774693546,3025.601210864842,430702
2024-01-01,2997.445068359375,3062.2443375007174,2990.8552047549397,3057.0524493261646,421730
2024-01-02,2990.555419921875,3013.2201712291967,2936.189902011185,3010.774019094102,408928
2024-01-03,3053.607666015625,3103.0806362812855,2983.716211539925,3004.3340931054377,714968
2024-01-04,3063.093017578125,3103.629916011792,3056.1038719417634,3069.2333837395354,299498
2024-01-05,3060.796630859375,3091.7485625014347,3040.2784467765005,3080.6656765699367,258565
2024-01-08,3039.8291015625,3078.4190725049393,3033.089568263172,3076.1725614051634,303947
2024-01-09,3110.619140625,3138.126470401774,3054.0570795080425,3064.2412146557567,723237
2024-01-10,3168.678955078125,3185.003455695525,3107.3240475029834,3121.6518931821715,951897
2024-01-11,3170.87548828125,3208.2173963934024,3163.5867592880945,3185.053420271113,485141
2024-01-12,3207.1689453125,3235.924335015095,3157.196750927804,3198.033231369603,597455
2024-01-15,3188.348388671875,3232.979026292308,3175.5681881169503,3232.979026292308,381958
2024-01-16,3161.190673828125,3219.89930225672,3138.2760655887596,3198.5825542893544,370700
2024-01-17,3142.968994140625,3179.01287068262,3112.3164030108596,3148.1109109686563,420338
2024-01-18,3146.86279296875,3180.0612344270544,3085.2085445461844,3133.134114170203,439730
2024-01-19,3205.072509765625,3213.758970697117,3142.669422955972,3165.0345917637287,406436
2024-01-23,3159.243408203125,3220.747985568763,3145.1154474282266,3202.027060286452,344687
2024-01-24,3217.752685546875,3236.2739699883377,3125.1465071016114,3159.193727894664,339968
2024-01-25,3226.788818359375,3247.4566721785527,3175.0690907080084,3218.05238611293,489321
2024-01-29,3241.365966796875,3289.8907041258294,3220.598414721294,3242.963583308253,604096
2024-01-30,3050.212890625,3269.9217258747353,3024.3531491374088,3257.9403332913776,1206541
2024-01-31,3082.163330078125,3099.6861658204384,2987.660191765618,3049.2644710631726,986931
2024-02-01,3097.98876953125,3128.9407001565382,3056.8027328121166,3084.210119403711,742113
2024-02-02,3121.20263671875,3208.167428774046,3103.1805772138596,3125.1464628955537,892545
2024-02-05,3022.4560546875,3175.0691455565784,3002.0378128655,3170.07689847237,808544
2024-02-06,3030.2939453125,3116.5598764320575,3016.964548245922,3020.3094512587522,718388
2024-02-07,3601.90625,3629.0640252254116,2950.4180093555096,3075.2241857241856,5846891
2024-02-08,3835.992431640625,3931.2943733497036,3614.0370923739265,3729.5578771834,7374486
2024-02-09,3753.720458984375,3852.0177528360878,3661.413861482329,3794.107688122637,2001715
2024-02-12,3796.154541015625,3828.7038447781906,3694.362674752128,3761.957649507093,1087518
2024-02-13,3845.278076171875,3873.983495111165,3761.1587180628244,3779.130806442206,1288707
2024-02-14,3914.919921875,3944.3741778544218,3786.2198974900757,3796.254118500544,725269
2024-02-15,3946.52099609375,4000.6371495801313,3869.740333324398,3925.0046061371013,964837
2024-02-16,4018.359619140625,4030.041428561233,3924.2057904124986,3963.844183495036,736660
2024-02-19,4040.874267578125,4093.442529368516,4007.476184926455,4041.7230470468767,374829
2024-02-20,4019.6572265625,4067.882379950508,4004.3311749697027,4051.657577666275,468003
2024-02-21,3888.710693359375,4040.774581536302,3867.8431989799396,4038.8276540124302,614056
2024-02-22,3947.868896484375,3959.850289189942,3823.76158829013,3915.918515936196,1012228
2024-02-23,3879.774658203125,3943.8750597895723,3862.4514639166955,3943.8750597895723,555204
2024-02-26,3838.638671875,3907.8809917085327,3818.0705166705384,3868.9914362181844,671311
2024-02-27,3931.39453125,3988.8053720238095,3835.8429719666983,3858.807308276222,861671
2024-02-28,3918.71435546875,3948.817508154378,3878.9760195660847,3933.840766766092,411252
2024-02-29,3875.781005859375,3963.794224694643,3776.1357050282163,3925.353922039015,1235124
2024-03-01,3895.20068359375,3922.857682950418,3852.367302258158,3917.915407221243,645099
2024-03-04,3913.721923828125,3930.6455920466137,3836.54173809338,3903.5377889166316,291319
2024-03-05,3846.326416015625,3929.74690657808,3839.0876583480863,3923.406655805832,549270
2024-03-06,3865.99609375,3887.812310740475,3744.434878767029,3870.439144847068,1009678
2024-03-07,3946.071533203125,3971.8315755829967,3834.3451467190725,3883.9680314273146,680535
2024-03-11,3998.489990234375,4237.369236625227,3894.0523363872194,3975.8252391553356,3757634
2024-03-12,4002.38427734375,4072.2757338594224,3951.413387803838,4019.5575579066185,899570
2024-03-13,3937.934326171875,4031.6886254545398,3871.487471176575,4016.711884753663,968084
2024-03-14,4074.77197265625,4098.634815980152,3864.5983724701787,3893.9526875329097,723158
2024-03-15,4057.598388671875,4138.572731908367,3975.076643886656,4044.768460235498,1197832
2024-03-18,4064.7373046875,4077.6671751118033,3999.6881828037926,4057.5982455257526,328538
2024-03-19,3949.51611328125,4081.6609835787935,3937.584692181956,4073.673388698992,489357
2024-03-20,3958.90185546875,3998.7398891572225,3837.2906693894315,3965.2918341453064,607192
2024-03-21,3995.644775390625,4009.4731531382176,3951.56308871367,3958.8518179884813,622994
2024-03-22,3942.477294921875,4018.758729575961,3915.8684728526673,4003.781988968846,678055
2024-03-26,3875.73095703125,3942.477396901641,3860.0553502094003,3878.9759175800623,844731
2024-03-27,3869.19091796875,3916.41762153276,3861.0036819546676,3876.4796470620627,524636
2024-03-28,3941.878173828125,3968.8363072357643,3869.191009813635,3869.191009813635,837624
2024-04-01,3880.773193359375,3977.223259556865,3863.0507164331702,3968.7864108429994,523250
2024-04-02,3885.864990234375,3903.7373801439435,3867.2440070623193,3893.95252760422,604885
2024-04-03,3916.76708984375,3941.8280220136116,3837.0408125619165,3878.9756848303527,727717
2024-04-04,3996.99267578125,4022.7027483873508,3908.979456772377,3943.8752153047485,910922
2024-04-05,3926.502197265625,4046.615464749296,3906.1336833037867,4002.7836337133326,679916
2024-04-08,3925.75341796875,3973.8286596503985,3917.5162103199773,3926.5022550277295,471027
2024-04-09,3896.299072265625,3952.8111614489485,3888.8604293048807,3952.8111614489485,483412
2024-04-10,4014.91455078125,4106.97177688199,3898.0959755354943,3922.907539663024,1107300
2024-04-12,4047.56396484375,4107.570867836455,4018.758603806061,4040.724489342392,776121
2024-04-15,3963.045166015625,4060.4439502060636,3928.1494095034623,3943.9249582038055,597371
2024-04-16,3982.015869140625,4027.3456183947887,3906.3333554726387,3961.8472399076204,577349
2024-04-18,4080.762451171875,4171.421457481745,3970.433797583705,3981.816022711511,1484951
2024-04-19,4152.5009765625,4168.276280741013,3957.9030586742983,4081.6108313853783,1180675
2024-04-22,4162.13623046875,4298.124745062107,4108.619245585222,4208.763524532367,1179181
2024-04-23,4151.85205078125,4218.448822467491,4133.580621305423,4208.46432821313,626656
2024-04-24,4215.20361328125,4238.417561053806,4151.851805963277,4151.851805963277,641190
2024-04-25,4316.44677734375,4340.259894976299,4189.194683473446,4243.410295295438,761557
2024-04-26,4298.1748046875,4366.2190307466835,4286.792579541849,4333.270202021635,622336
2024-04-29,4307.41064453125,4507.999031043396,4046.11624211871,4352.240924987412,2349939
2024-04-30,4403.06201171875,4662.758804071317,4373.25819894593,4443.099931074382,4924865
2024-05-02,4639.49462890625,4669.448108368427,4388.284683645308,4403.061538503684,1998618
2024-05-03,4516.63525390625,4673.291857657364,4475.049936450523,4672.942790408061,1313008
2024-05-06,4502.05810546875,4572.898285934082,4473.3029575450155,4547.937050748852,735051
2024-05-07,4496.96630859375,4550.932302915518,4410.050996998809,4524.972618870805,982212
2024-05-08,4491.62451171875,4534.95711762763,4463.468043984071,4491.974066509168,596788
2024-05-09,4401.11474609375,4541.446598896569,4374.505682476476,4505.801764207794,688477
2024-05-10,4464.46630859375,4477.296480195801,4394.175572133963,4426.125951208784,549717
2024-05-13,4458.775390625,4514.638338407628,4351.242202228487,4468.759883975685,637292
2024-05-14,4533.31005859375,4541.94654883291,4441.40249419092,4464.067491719486,559577
2024-05-15,4519.97998046875,4572.398568711429,4502.207777940861,4542.944314365543,413777
2024-05-16,4589.5224609375,4627.014529434383,4523.075846582869,4523.075846582869,500593
2024-05-17,4627.36328125,4665.7538541090935,4547.936829759667,4592.867050909871,752254
2024-05-21,4660.0625,4720.618843665358,4616.480282968114,4682.727495467447,668195
2024-05-22,4642.927734375,4709.769727287276,4541.065788486526,4676.248475891436,742788
2024-05-23,4694.48291015625,4707.921463466849,4604.061243678375,4648.972531729891,459499
2024-05-24,4711.318359375,4773.7642607957005,4650.071614405019,4703.92486221851,549566
2024-05-27,4677.947265625,4756.729110717977,4645.974964792023,4754.880614504352,611635
2024-05-28,4611.904296875,4719.661037558803,4596.018157770944,4693.783554633505,445558
2024-05-29,4668.005859375,4715.414983636691,4596.118429222775,4645.975140144213,744694
2024-05-30,4647.32421875,4693.933744245333,4598.216857077439,4665.058855608313,523206
2024-05-31,4555.20361328125,4705.923138768739,4495.005764213136,4660.962089672222,3005008
2024-06-03,4658.16455078125,4741.691795544639,4600.514301302886,4741.691795544639,450140
2024-06-04,4534.2216796875,4680.944663895957,4192.367942306817,4680.944663895957,1175204
2024-06-05,4899.55517578125,4927.780723158513,4520.333901648933,4679.9456253132785,1231971
2024-06-06,4874.2275390625,4924.334032989624,4816.876832683218,4905.799796659234,512601
2024-06-07,4960.302734375,5006.0628947014075,4836.8096250986355,4874.227403481061,488611
2024-06-10,4965.14892578125,5042.9814024615425,4915.741531706322,5020.650649761031,417996
2024-06-11,4902.35302734375,5005.6634284754955,4880.472081186206,5004.664294058634,512441
2024-06-12,5023.69775390625,5084.944988134878,4904.800754883386,4940.719833345084,954491
2024-06-13,5019.50146484375,5183.509279418632,4967.746010086596,5183.509279418632,932377
2024-06-14,5241.00927734375,5289.417534357155,5035.63739576125,5045.678501377217,1424125
2024-06-18,5352.962890625,5447.281086256245,5200.494874167966,5294.413513586178,1247457
2024-06-19,5352.1630859375,5397.3241570339105,5283.822388925526,5370.297766015233,707909
2024-06-20,5332.5302734375,5417.306928156789,5300.457960374477,5370.247598509046,516737
2024-06-21,5261.79150390625,5349.215763223286,5195.498839412414,5332.530023730199,638917
2024-06-24,5391.07958984375,5435.291288282444,5195.499025564101,5261.791692433165,543826
2024-06-25,5334.1787109375,5454.274864819036,5299.4587894221195,5435.790877825237,559045
2024-06-26,5359.1572265625,5390.330416887952,5255.4472646581335,5340.3736938398715,578724
2024-06-27,5324.38720703125,5382.337002116221,5299.159063481327,5355.360373369769,900729
2024-06-28,5475.10693359375,5504.231604814977,5353.911633860239,5355.360573935065,970080
2024-07-01,5510.87548828125,5550.191524011356,5375.343006153212,5495.239132684511,544030
2024-07-02,5531.10791015625,5563.7295500531145,5455.273708375277,5510.226099210559,428098
2024-07-03,5489.3447265625,5572.922226452612,5455.323905532018,5555.187589812474,355297
2024-07-04,5592.60498046875,5615.135265795723,5488.994549193106,5543.197589792646,440575
2024-07-05,5615.03564453125,5639.564688197263,5530.209226594772,5555.18758805184,362427
2024-07-08,5589.40771484375,5660.096474878642,5567.176974055392,5656.299959235756,273130
2024-07-09,5588.00927734375,5629.723141161925,5545.196268044868,5602.3469544553745,313079
2024-07-10,5563.1806640625,5621.5802682961885,5465.315248724201,5605.144311312972,425869
2024-07-11,5630.3720703125,5658.0980496303955,5540.200191629974,5540.200191629974,578262
2024-07-12,5646.3583984375,5691.069663791197,5606.243248993558,5659.996485716683,476682
2024-07-15,5670.63720703125,5749.968870892092,5640.863196223761,5685.0748946576105,498397
2024-07-16,5642.41162109375,5720.4943663890335,5622.479182108112,5695.016438651168,641858
2024-07-18,5303.9052734375,5655.350819247359,5278.377583163914,5645.009680029204,1342486
2024-07-19,5161.87841796875,5303.905283967909,5101.63031728084,5303.905283967909,879290
2024-07-22,5205.6904296875,5234.4155447009625,5079.149663176089,5105.576964131919,631260
2024-07-23,5259.24365234375,5305.653642068254,4951.360473270619,5205.690436827737,763626
2024-07-24,5282.27392578125,5375.343199781962,5258.544483217157,5280.425429525589,711861
2024-07-25,5305.35400390625,5330.831931593601,5221.476474278371,5270.3340498012185,302964
2024-07-26,5388.681640625,5406.865594080325,5320.390706473476,5355.3604106474795,336310
2024-07-29,5512.6240234375,5545.146140769114,5360.356038934001,5410.262997198547,533654
2024-07-30,5615.63525390625,5655.101065227182,5515.222240292233,5545.196274206865,789712
2024-07-31,5833.94580078125,5914.176098496646,5620.18079932215,5620.18079932215,1671711
2024-08-01,5765.8046875,5888.8982425834265,5717.996496024475,5888.8982425834265,767562
2024-08-02,5533.4560546875,5800.824515954316,5519.218389580418,5720.044402669785,560989
2024-08-05,5342.27197265625,5419.655132104092,5221.526475004655,5355.3607317178075,1074769
2024-08-06,5216.18115234375,5462.967348912884,5190.0533975213175,5350.46471800641,642644
2024-08-07,5467.71337890625,5495.039315141474,5270.034535360153,5284.421973507568,717292
2024-08-08,5639.21484375,5722.442548246291,5485.248127517007,5510.226488753423,1183241
2024-08-09,6269.91845703125,6368.333200178128,5621.729983766912,5733.882825576425,6877196
2024-08-12,6376.82568359375,6428.430878981211,6271.566774536069,6297.494507962004,1889796
2024-08-13,6376.17626953125,6437.423013817739,6324.520825309062,6369.4818738302165,651594
2024-08-14,6432.77734375,6446.415431336017,6285.654796901856,6394.460440258913,885572
2024-08-16,6496.771484375,6542.332111003187,6434.4255948168175,6434.4255948168175,1153478
2024-08-19,6684.109375,6744.157452257751,6516.654345724811,6569.308925717735,1827850
2024-08-20,6788.01904296875,6813.797002977497,6599.332415614275,6704.191765116728,1143592
2024-08-21,6777.32861328125,6819.0922357870295,6734.165812337667,6794.113875948982,651691
2024-08-22,6983.74951171875,7003.981983543975,6784.122651519968,6819.092355909245,771279
2024-08-23,6942.7353515625,7023.915023779007,6905.767377753137,7013.923679506206,625160
2024-08-26,6919.60546875,7091.806384405725,6901.920594290707,6993.940972370329,754901
2024-08-27,6863.95361328125,6966.964471939588,6773.382173583315,6963.917307031491,578002
2024-08-28,7235.83154296875,7318.6596895283465,6944.23406240879,6983.949655945821,2358476
2024-08-29,7164.443359375,7285.638661095999,7086.810905183718,7263.657703155948,836313
2024-08-30,7152.5537109375,7268.45330660277,7123.878357211353,7203.75935126375,1169809
2024-09-02,7142.0126953125,7261.459017389512,7105.1944951931155,7173.035623211263,625283
2024-09-03,7036.70361328125,7173.785049197658,6988.945183723902,7172.785914789692,857908
2024-09-04,7133.7197265625,7162.744874092308,6944.03395991812,7036.903699124261,576206
2024-09-05,7161.44580078125,7202.760107040183,7084.112893458408,7163.693853249115,667571
2024-09-06,7097.4013671875,7183.726974441321,7053.889256788014,7178.681052725188,384793
2024-09-09,7130.47265625,7149.506459920629,7041.949247882792,7097.851014572595,349967
2024-09-10,7131.77197265625,7193.768070397267,7089.358519931085,7149.806154411506,376043
2024-09-11,7142.662109375,7213.400630309765,7101.547826062282,7154.751733282119,428437
2024-09-12,7204.2587890625,7302.673530165427,7136.667442617846,7191.769608719489,572357
2024-09-13,7226.88916015625,7274.7978515852765,7193.81771269813,7242.225971345984,468707
2024-09-16,7312.46484375,7378.557976333819,7204.758347742883,7263.707278892076,502100
2024-09-17,7397.0419921875,7502.300414119051,7318.659700997199,7408.581799712523,753643
2024-09-18,7329.64990234375,7446.548626249723,7239.578034444327,7428.564207187266,388287
2024-09-19,7319.80859375,7449.546296826404,7177.33192671376,7449.546296826404,395523
2024-09-20,7458.68798828125,7501.5009944320045,7275.546849876551,7343.637760931704,798170
2024-09-23,7616.8515625,7638.3827143145,7457.689155149086,7514.440283465698,510496
2024-09-24,7614.75341796875,7675.35082462949,7574.038689238777,7633.337416261394,613798
2024-09-25,7608.30859375,7735.298676044697,7562.99775025234,7611.655791627165,576171
2024-09-26,7838.60888671875,7933.027087067419,7703.875515951074,7718.213192094257,1712253
2024-09-27,7826.91943359375,7931.079195980418,7729.703362651033,7893.112088347868,11179751
2024-09-30,7568.09326171875,7827.169103543636,7477.272042614516,7807.985527980196,1117618
2024-10-01,7606.11083984375,7640.830761146748,7515.738935869913,7593.421637490291,559721
2024-10-03,7481.41845703125,7647.874347441663,7444.55049484458,7562.947922523962,741293
2024-10-04,7346.93505859375,7449.496598812795,7265.705624029602,7434.559343839972,938897
2024-10-07,7443.0517578125,7497.4045719294845,7277.695013612491,7300.8751269761115,854385
2024-10-08,8034.9892578125,8066.411742660111,7444.550576159657,7513.490851257633,2278240
2024-10-09,8213.7333984375,8314.996252305635,8028.044665989559,8081.997921989986,1260784
2024-10-10,8021.900390625,8263.790928415207,8005.064878275579,8192.902147011951,606292
2024-10-11,8227.822265625,8301.607952959115,7943.118714786171,8062.015711900581,800644
2024-10-14,8184.75927734375,8337.776613975791,8156.63374140038,8272.882639194519,417498
2024-10-15,8117.2177734375,8252.850270313415,8082.997419713743,8216.881431362895,460534
2024-10-16,7799.04345703125,8126.060453653357,7759.777668479179,8102.98035039801,900545
2024-10-17,7712.9677734375,7873.228833626804,7613.604150072022,7773.565177226168,997450
2024-10-18,7761.326171875,7793.248712707035,7623.495867164795,7713.317956679271,571161
2024-10-21,7599.9658203125,7843.205292981595,7545.962799394077,7813.231260014787,662166
2024-10-22,7490.8603515625,7659.863836851731,7462.93435008762,7628.341341842859,610564
2024-10-23,7504.79833984375,7578.434743370373,7443.5515936861275,7461.536013644027,505590
2024-10-24,7481.5185546875,7633.7865430845795,7380.356194422796,7562.64846492718,448738
2024-10-25,7355.078125,7504.698501419865,7057.935164113672,7443.551280988309,590268
2024-10-28,7301.5244140625,7422.569448909052,7215.898400939321,7355.877227787141,419026
2024-10-29,7403.8857421875,7439.655047838237,7158.248930513227,7306.96970155202,359440
2024-10-30,7246.1728515625,7422.369821886088,7208.755071191592,7413.577633851922,481764
2024-10-31,7122.18017578125,7267.554238696158,7064.879717328632,7252.7169944970365,742508
2024-11-01,7142.81201171875,7208.654872822684,7118.832785493928,7147.757922271062,76497
2024-11-04,7057.6357421875,7144.110630885691,6943.984202187666,7102.846574583038,681708
2024-11-05,6962.318359375,7072.372916999651,6788.168939099901,6999.935672317519,1026360
2024-11-06,6949.4296875,7229.736653515166,6795.213192406159,7017.920156756568,1142746
2024-11-07,6499.869140625,7009.177924643691,6301.3911804325,6992.941989890765,4427899
2024-11-08,6293.498046875,6557.469071987008,6264.57290982733,6544.330551733494,2523322
2024-11-11,6475.0908203125,6614.270053947742,6206.672960238135,6224.957413374339,2339199
2024-11-12,6522.89892578125,6712.085128774098,6494.373832782243,6514.3565214984965,1258152
2024-11-13,6492.62548828125,6613.970563284932,6406.899946973419,6493.374839124355,758642
2024-11-14,6457.40576171875,6544.630001512342,6361.538618898237,6490.377197605601,620489
2024-11-18,6296.1953125,6447.414404353274,6269.568477811375,6406.0503369877215,828906
2024-11-19,6418.28955078125,6574.204277246094,6354.294700366575,6354.344949801244,674042
2024-11-21,6454.8583984375,6513.357525756553,6340.707286715197,6394.4605253630825,1511541
2024-11-22,6647.04150390625,6672.219887303674,6424.434542582005,6454.308565200514,833104
2024-11-25,6769.0859375,6832.630496358701,6684.259034910285,6793.114925170258,1490945
2024-11-26,6663.5771484375,6804.404850252473,6640.397035074132,6769.135600863002,476650
2024-11-27,6839.17529296875,6903.019886487861,6625.6103051649025,6686.207711734949,784373
2024-11-28,6737.36328125,6880.4892840505645,6710.236392003018,6844.070640026983,813013
2024-11-29,6789.51806640625,6814.096871167227,6722.276513832751,6744.157460466096,720647
2024-12-02,6799.4091796875,6892.029134290012,6747.754223599702,6771.1836327110295,446537
2024-12-03,6835.42822265625,6858.607848013106,6676.016036476027,6799.409134833506,842566
2024-12-04,6817.89306640625,6914.009990023715,6725.373612028931,6884.035958275057,899250
2024-12-05,6964.06689453125,7068.826235680711,6716.181548207624,6864.003680283126,1140361
2024-12-06,6993.89111328125,7133.8196923555115,6924.051227686857,7043.897595393048,1088961
2024-12-09,6943.6845703125,7018.9191958735855,6861.355505044843,6978.953819669324,825347
2024-12-10,6872.09619140625,6953.925689370219,6804.10529036622,6943.984106908257,579733
2024-12-11,7057.18603515625,7093.8544639372285,6828.883817549256,6887.932760025019,1037764
2024-12-12,7006.43017578125,7100.648357190559,6973.958306873886,7040.10120114556,776145
2024-12-13,6994.19091796875,7021.816887877736,6864.0536561473255,6993.941134356809,526964
2024-12-16,6994.29052734375,7028.910436399073,6936.740288885524,6993.940732735396,497823
2024-12-17,6935.6416015625,7023.915228355449,6885.035538918548,6993.941194664031,545205
2024-12-18,7107.59228515625,7170.7875354864045,6842.8714327009675,6929.746363278505,1201264
2024-12-19,7085.861328125,7178.1812512412025,6985.548329624563,6988.945289091142,660251
2024-12-20,6825.63671875,7181.778386613008,6783.523299488704,7118.832916613477,768861
2024-12-23,6939.98779296875,7063.880463041904,6854.11199304476,6864.05357582714,783189
2024-12-24,7001.08447265625,7072.87237645031,6896.025588679197,6969.961533849041,486797
2024-12-26,7057.5859375,7068.87596120626,6942.035652525699,7041.849570519223,440974
2024-12-27,7112.13818359375,7227.738228479386,7068.875859343607,7094.853353667696,530288
2024-12-30,6948.33056640625,7138.865207999361,6909.264312927588,7133.12018507187,960856
2024-12-31,7117.18408203125,7139.814378480324,6811.898275274021,6947.980574860366,915919
2025-01-01,7061.931640625,7173.584908873969,7043.897460002047,7114.836001797813,412650
2025-01-02,7314.6630859375,7329.650102231593,7049.8427031643,7093.854379204514,706114
2025-01-03,7301.375,7486.564179629791,7273.7987916664715,7343.638192002362,940233
2025-01-06,6992.29248046875,7332.247967587959,6929.247000862578,7301.374811516818,942724
2025-01-07,6868.349609375,7078.867428685564,6832.43101937157,7004.132368548036,601356
2025-01-08,6693.30126953125,6867.550209052536,6584.645404944873,6863.603433080447,1257939
2025-01-09,6615.96875,6713.184336360932,6566.51159496951,6713.184336360932,592991
2025-01-10,6578.40087890625,6620.264512556401,6474.390890637713,6595.286152638818,768200
2025-01-13,6219.01220703125,6518.203205242194,6149.67237562356,6457.055983390683,1068954
2025-01-14,6155.81689453125,6311.5320904562395,6132.687030429064,6232.000893565172,1130732
2025-01-15,6384.71875,6513.357307030241,6159.36417591493,6194.633425922303,1463322
2025-01-16,6206.17333984375,6492.375595519121,6145.176377383865,6492.375595519121,1477566
2025-01-17,6211.1689453125,6304.538252934023,6074.737334047363,6211.568989371363,770051
2025-01-20,6084.728515625,6219.611660060037,6068.792126750163,6204.624644011699,909757
2025-01-21,5731.984375,6103.712138809598,5718.345799953789,6085.328163152623,1553225
2025-01-22,5621.47998046875,5743.0245837696075,5563.180390123377,5731.034970859859,1377528
2025-01-23,5728.63720703125,5787.436365209168,5600.198184648684,5615.135439368381,2106761
2025-01-24,5485.69775390625,5750.068330306733,5461.718527902861,5715.0488641410575,1119070
2025-01-27,5407.9150390625,5540.65014383539,5345.369127032419,5472.259197898423,1186126
2025-01-28,5450.37841796875,5534.105689461895,5312.59787533539,5479.253305907737,1136463
2025-01-29,5592.30517578125,5647.007785808866,5411.01252622224,5490.24369135624,701998
2025-01-30,5506.4296875,5629.123196388604,5452.07638598069,5595.152626868332,575077
2025-01-31,5748.22021484375,5812.614134092316,5522.96516962706,5564.1794635526385,1029356
2025-02-01,6184.142578125,6264.972456249265,5672.135942370819,5774.997027475967,2120509
2025-02-03,6129.78955078125,6227.105143702369,6030.725472661338,6204.624619717884,1498258
2025-02-04,5745.322265625,6184.641850365479,5648.556490611724,6164.609401066292,2602288
2025-02-05,5744.97314453125,5901.087897414639,5720.44410184305,5760.709511621895,1428644
2025-02-06,5272.5322265625,5839.940553324955,5240.459914831375,5839.940553324955,6021478
2025-02-07,5449.6787109375,5512.973974342138,5250.45140413537,5316.793832393256,2846965
2025-02-10,5192.251953125,5485.2481305924375,5165.52510658705,5455.274097091932,1529876
2025-02-11,5223.82470703125,5245.455870334334,5130.555408412724,5207.0389555310085,1596380
2025-02-12,5232.7666015625,5285.421181634516,5108.873931142334,5223.82464104976,1313946
2025-02-13,5252.24951171875,5373.344795979464,5199.794955789237,5242.108395144096,986050
2025-02-14,5112.92041015625,5320.390566311204,5028.84334976457,5263.439906728155,888168
2025-02-17,5092.03857421875,5154.833779321791,4993.823372564418,5105.57664983957,1078162
2025-02-18,4993.423828125,5115.018676839102,4923.98398898645,5095.585318080636,721122
2025-02-19,4987.1298828125,5098.882681592063,4935.724219832937,4955.706908982058,764148
2025-02-20,5095.0859375,5132.853023156148,4947.164282845053,4955.706686930091,812700
2025-02-21,5043.83056640625,5163.47691301667,5018.652183917652,5083.595921117462,912164
2025-02-24,5061.61474609375,5075.6026273502275,4923.983985873771,4994.273186759285,823625
2025-02-25,4955.60693359375,5124.8104527521755,4932.027262656533,5085.594425015074,976304
2025-02-27,4801.140625,4954.707786629631,4765.971384726797,4946.714710950454,997906
2025-02-28,4847.3505859375,4872.179174797547,4710.91897080246,4755.880021425177,2178604
2025-03-03,4942.6181640625,5018.602632483122,4770.8670479094835,4895.808617025946,1415550
2025-03-04,4995.47216796875,5065.511589644269,4861.488630119845,4894.659600746277,898723
2025-03-05,5101.68017578125,5315.394922949945,4982.683173073567,4982.683173073567,2128488
2025-03-06,5065.11181640625,5170.020927901004,4966.647316903896,5170.020927901004,1499675
2025-03-07,4995.5224609375,5095.53591662455,4980.685216832184,5070.607317035774,690809
2025-03-10,4795.5458984375,4993.524295585802,4783.606046408335,4985.6809924448,1217553
2025-03-11,4991.12646484375,5040.633382505683,4718.862322775802,4735.597825086401,1437957
2025-03-12,5011.0087890625,5100.581090065587,4955.706602688601,5006.262900682909,1026027
2025-03-13,5018.052734375,5103.4787293438285,4965.798198093069,5025.64625372173,860279
2025-03-17,5155.083984375,5175.416468114743,5009.660159530482,5018.052791384378,856529
2025-03-18,5155.083984375,5155.083984375,5155.083984375,5155.083984375,0
2025-03-19,5226.322265625,5295.312300693494,5190.103643681735,5271.482847719103,957079
2025-03-20,5217.0302734375,5270.983533542903,5154.3345869261275,5242.458440241734,759448
2025-03-21,5145.591796875,5288.868056649627,5121.063243092878,5219.977546295726,1197537
2025-03-24,5050.3251953125,5163.676708098971,5040.433373783057,5145.992320713846,908085
2025-03-25,5180.5615234375,5244.256340181704,5061.614770606071,5117.016967137209,1461587
2025-03-26,5317.34375,5405.317342660858,5114.069652201406,5200.494781617333,1625697
2025-03-27,5417.6064453125,5440.237230525218,5331.181316787808,5354.361430795678,1670468
2025-03-28,5320.54052734375,5521.1670103977785,5285.421050262028,5418.256165751845,1535964
2025-04-01,5571.9228515625,5610.089981377512,5329.58299422977,5346.218484675894,2260895
2025-04-02,5677.58154296875,5697.064664849593,5511.025634105479,5625.676312865825,1491897
2025-04-03,5670.38720703125,5746.021875479114,5605.143926523705,5625.126614318799,960710
2025-04-04,5558.03515625,5683.076734724474,5539.600930558791,5683.076734724474,680922
2025-04-07,4736.8466796875,5002.26664953246,4484.11542467938,5002.26664953246,7644740
2025-04-08,4763.07373046875,4959.752947798249,4680.145574857071,4898.75598751888,3035242
2025-04-09,4616.201171875,4763.073935733607,4601.014133121684,4762.873913700557,1598513
2025-04-11,4776.41162109375,4825.819010872303,4656.715518617616,4778.360128260205,1894062
2025-04-15,4872.77880859375,4980.685331318401,4826.319055753969,4874.7770775330955,1587931
2025-04-16,5031.1416015625,5045.129484080994,4847.800427123672,4917.7398397161405,1589998
2025-04-17,5126.05908203125,5139.547396543953,4949.711858957765,5047.627030975904,1464066
2025-04-21,5355.3603515625,5369.847800274749,5121.5629033786145,5175.516160651819,1309441
2025-04-22,5318.392578125,5413.809916319803,5295.412486203739,5374.344106281115,1166872
2025-04-23,5324.38720703125,5377.341330126138,5205.989780866265,5345.86859658861,970478
2025-04-24,5318.89208984375,5394.32673862429,5251.450516430685,5306.4029095820715,1039905
2025-04-25,5140.54638671875,5351.3637409651365,5100.581011506165,5329.382784598214,1030377
2025-04-28,5204.99072265625,5247.453935193517,5110.572520661622,5120.064297581717,982085
2025-04-29,5386.8330078125,5505.230431799476,5170.520414621105,5216.480596084404,1420743
2025-04-30,5168.02294921875,5430.295742678377,5115.568390526824,5430.295742678377,2709549
2025-05-02,5149.53857421875,5263.939460277742,5125.0597820052535,5168.022560175879,756554
2025-05-05,5365.8515625,5377.341608672376,5150.538088574155,5170.520777569593,1310015
2025-05-06,5219.47802734375,5418.805337155212,5205.490145953472,5376.342125791868,709414
2025-05-07,5228.47021484375,5266.437321315002,5138.048553379321,5140.546389331376,711009
2025-05-08,5221.97607421875,5314.396008565872,5175.016756226158,5228.470447983683,926044
2025-05-09,5108.57421875,5202.992420133117,5059.117065644558,5059.117065644558,778167
2025-05-12,5436.29052734375,5473.258501891024,5220.477486743447,5325.386603701928,1203631
2025-05-13,5321.8896484375,5451.777126950008,5315.395274511875,5439.287946323806,728870
2025-05-14,5357.35888671875,5407.315608900014,5286.9199084431675,5335.377928958994,557468
2025-05-15,5572.67236328125,5625.126921608864,5306.902601088007,5357.35889052695,1521892
2025-05-16,5578.16748046875,5605.643677085782,5540.200372416124,5589.157959115563,808195
2025-05-19,5546.1953125,5634.11914379166,5525.213489123581,5605.144244843272,604580
2025-05-20,5444.783203125,5599.149476156069,5428.297484645954,5599.149476156069,748551
2025-05-21,5438.7880859375,5532.706719184148,5365.351707813792,5445.7820267111865,607763
2025-05-22,5337.3759765625,5444.283357598102,5280.425315636992,5436.290282380487,962354
2025-05-23,5430.794921875,5494.739522187759,5398.822621718621,5400.321323288451,1127412
2025-05-26,5521.216796875,5531.707708269713,5411.811578044415,5450.278253158364,640440
2025-05-27,5568.17626953125,5628.124336312494,5480.252438252091,5520.217816106255,1019222
2025-05-28,5554.1884765625,5595.652556752704,5530.20924946455,5582.164241510107,452258
2025-05-29,5652.103515625,5684.57538485919,5563.180550645218,5565.178819521168,1192069
2025-05-30,5638.615234375,5723.042094887925,5620.131247162111,5651.104414924249,1440608
2025-06-02,5616.63427734375,5676.08277676596,5565.178853474106,5676.08277676596,504095
2025-06-03,5585.16162109375,5655.101033164691,5563.180663014311,5641.612717979581,510323
2025-06-04,5501.73388671875,5602.14689963353,5476.755525297163,5585.1616138668505,748937
2025-06-05,5668.08935546875,5704.058193261254,5511.225257318108,5534.205348129985,1212876
2025-06-06,5771.99951171875,5801.47397694217,5609.640169386346,5695.066161813549,1034577
2025-06-09,5908.38134765625,5919.371826192518,5759.510320210443,5812.964011273199,1377600
2025-06-10,5808.96728515625,5949.845232732278,5799.975075736504,5923.86773885301,683305
2025-06-11,5771.5,5832.9467670734875,5754.514714792695,5811.964944170345,545428
2025-06-12,5627.5,5838.0,5611.0,5776.5,974013
2025-06-13,5590.0,5617.5,5481.0,5505.5,711911
2025-06-16,5679.5,5695.0,5561.5,5589.0,605268
2025-06-17,5626.5,5702.0,5602.0,5687.0,529572
2025-06-18,5735.0,5759.0,5627.0,5654.0,864129
2025-06-19,5723.5,5800.0,5665.0,5800.0,886990
2025-06-20,5897.5,6030.0,5720.0,5756.0,10424185
2025-06-23,6120.0,6210.0,5830.0,5850.0,2271641
2025-06-24,6057.5,6205.0,6033.0,6174.0,1459591
2025-06-25,6124.5,6156.0,6080.0,6090.0,815696
2025-06-26,6107.0,6135.0,6013.0,6123.0,851467
2025-06-27,6019.5,6159.0,5982.0,6119.0,1935325
2025-06-30,6217.5,6261.0,5968.0,6050.0,2136461
2025-07-01,6144.0,6226.5,6130.0,6226.5,558024
2025-07-02,6222.5,6252.0,6063.0,6130.5,1159148
2025-07-03,6191.0,6258.0,6142.5,6234.0,750787
2025-07-04,5456.0,5785.0,5350.0,5675.0,7516962
2025-07-07,5499.0,5522.5,5440.5,5500.0,1445372
2025-07-08,5440.0,5517.5,5370.0,5512.5,1699343
2025-07-09,5408.0,5504.5,5400.0,5440.0,969206
2025-07-10,5431.0,5445.0,5387.0,5430.0,947485
2025-07-11,5364.0,5419.0,5339.5,5419.0,942210
2025-07-14,5314.5,5393.0,5287.5,5368.0,829406
2025-07-15,5390.0,5405.0,5309.0,5329.5,577430
2025-07-16,5382.0,5470.0,5375.0,5415.0,716193
2025-07-17,5417.5,5455.0,5375.0,5400.0,490075
2025-07-18,5375.0,5443.5,5356.5,5425.0,418316
2025-07-21,5376.0,5398.5,5349.0,5375.5,404842
2025-07-22,5360.5,5454.0,5351.0,5409.5,451766
2025-07-23,5359.0,5390.5,5320.0,5383.0,521291
2025-07-24,5154.0,5328.5,5141.0,5315.0,1326255
2025-07-25,5043.0,5171.5,5033.0,5154.0,1136699
2025-07-28,4994.0,5109.5,4980.5,5043.0,1450708
2025-07-29,5001.5,5052.0,4957.5,4994.0,1285403
2025-07-30,5043.5,5073.5,4987.5,5011.5,640920
2025-07-31,5018.0,5077.0,4964.5,4975.0,752111
2025-08-01,5180.0,5275.5,5005.0,5034.0,2034517
2025-08-04,5249.0,5289.0,5162.5,5275.0,790968
2025-08-05,5317.5,5356.0,5200.0,5245.0,976873
2025-08-06,5356.5,5430.0,5318.0,5350.0,2486662
2025-08-07,5303.5,5440.0,5210.5,5285.0,2293342
2025-08-08,5317.0,5374.0,5238.5,5330.0,1192637
2025-08-11,5443.5,5487.0,5306.5,5330.0,1110381
2025-08-12,5365.5,5460.0,5357.5,5443.5,441837
2025-08-13,5398.5,5445.0,5360.0,5365.5,615620
2025-08-14,5370.5,5440.0,5360.0,5424.0,697401
2025-08-18,5519.0,5623.0,5501.0,5530.0,1714061
2025-08-19,5496.0,5561.5,5465.0,5550.0,548359
2025-08-20,5453.0,5498.0,5432.0,5496.0,636301
2025-08-21,5452.5,5547.0,5439.0,5457.0,607314
2025-08-22,5418.0,5484.5,5404.0,5452.5,443698
2025-08-25,5423.0,5485.5,5404.0,5460.0,656081
2025-08-26,5295.0,5447.0,5272.0,5420.0,949915
2025-08-27,5295.0,5295.0,5295.0,5295.0,0
2025-08-28,5235.5,5298.0,5215.0,5295.0,784214
2025-08-29,5298.0,5411.0,5230.0,5239.0,1333724
