Date,Close,High,Low,Open,Volume
2020-09-01,128.416015625,132.10395130904755,127.18669892061486,128.13232493489454,24586106
2020-09-02,129.408935546875,130.73280629467112,128.2269029402324,129.03067645528398,16863810
2020-09-03,133.73516845703125,136.0992336076625,129.78717676965536,130.2599897997816,49790330
2020-09-04,130.49639892578125,132.1512445643328,130.07087007597548,131.77299990430745,21415428
2020-09-07,131.796630859375,132.15124062850336,128.36873642446747,130.7328015519899,16651534
2020-09-08,133.5933074951172,135.67369624022157,131.67842061508665,133.4278344882587,44589722
2020-09-09,133.73516845703125,136.85573734168622,131.67842889016035,132.29308005768104,45588720
2020-09-10,134.5389404296875,135.626419044148,132.90774415165936,135.53185066754853,19035804
2020-09-11,138.67605590820312,141.11105455565368,133.56968095655182,133.56968095655182,83871852
2020-09-14,145.24815368652344,145.88643966825433,138.60512263907196,138.65240682304275,76179084
2020-09-15,145.319091796875,147.16305978059316,143.144148911083,145.24817272617602,56312624
2020-09-16,147.58859252929688,148.22689304065267,143.75880389027154,145.15360817697086,29986974
2020-09-17,147.37582397460938,149.73988907250745,145.2481653865011,145.2718002658368,53623304
2020-09-18,149.6453094482422,150.8273419083389,147.63585426607779,148.46327698814548,36975462
2020-09-21,147.47036743164062,153.42781394041822,146.5483907665046,149.36161937543622,45477692
2020-09-22,147.63587951660156,149.76353830867427,143.7115368495335,149.12523778523052,47020668
2020-09-23,148.86517333984375,152.15121497507567,147.11575949870775,148.9360924027855,44278872
2020-09-24,144.066162109375,148.17962755803973,143.0023325991686,148.17962755803973,35838302
2020-09-25,148.41600036621094,149.05430081300813,143.82972284481392,144.82261861860073,44013790
2020-09-28,147.30490112304688,149.88173803760847,146.382924325707,148.9361119301157,24921524
2020-09-29,147.28126525878906,150.61459149380497,146.80845220819904,148.93611093585412,29660738
2020-09-30,148.2505340576172,149.3380127887789,146.3829310667796,147.51767956220536,24786634
2020-10-01,148.0141143798828,150.28362559836808,147.54130134633695,149.59804092808312,18514618
2020-10-05,157.8959197998047,158.86518075598786,149.030675337975,149.030675337975,77811262
2020-10-06,156.0519256591797,158.53419392159998,152.7185997641441,158.39235579253335,55159848
2020-10-07,158.53419494628906,159.12521120306633,153.90063326479847,154.6098527729312,35479916
2020-10-08,169.95263671875,173.87697880316762,163.80606778757073,165.95736114184047,214540492
2020-10-09,176.8320770263672,177.8249872965616,168.91245860339484,171.15832054423774,110861504
2020-10-12,178.48690795898438,179.57437209013776,174.51528163459275,178.25050145837645,105931918
2020-10-13,177.7540740966797,180.4727491674842,176.3356349293034,178.3923601787115,72176286
2020-10-14,165.6973419189453,172.5767661400059,164.68078230113446,172.5767661400059,148263902
2020-10-15,161.512939453125,167.4940216011919,160.2599877666302,165.95737920118097,77922358
2020-10-16,160.5909423828125,164.58621824872932,160.09449447410242,162.1275847267638,50488458
2020-10-19,162.26942443847656,163.82970153863008,160.1181166698988,161.91481469488647,25693748
2020-10-20,163.9479217529297,165.24815761398392,161.631140740873,163.00229567216297,33993548
2020-10-21,162.3876495361328,165.53185346653996,160.33090986074762,165.29544693900394,19934922
2020-10-22,162.86044311523438,164.63349185972115,161.15831343470555,161.2292324986635,19082496
2020-10-23,161.8911895751953,164.11341673868137,161.37109232106988,164.0188483546187,17346096
2020-10-26,160.661865234375,163.07321462440717,159.1961563535342,162.505847633823,17390338
2020-10-27,157.9431915283203,160.63823164994085,156.5247523967535,159.95264696470662,19821156
2020-10-28,158.69967651367188,160.68549683463067,158.10866027875645,158.74696069828656,17969178
2020-10-29,159.55075073242188,160.75641809650264,156.57202021022806,157.75405269623175,14479922
2020-10-30,161.08740234375,163.12049256641268,160.02357304440383,160.4018176903058,22991068
2020-11-02,158.29779052734375,161.58384672992472,157.77770775781988,161.58384672992472,9662266
2020-11-03,158.69967651367188,160.49637452527918,157.28123754987482,158.62875745130347,9515596
2020-11-04,162.1512451171875,166.2174259003955,159.5744081618924,159.8108146925026,30763800
2020-11-05,163.3096160888672,165.0117458661448,162.67131561874953,164.51529796111353,11204872
2020-11-06,163.47511291503906,165.0117553357878,162.36399935575272,163.66423525023242,10915586
2020-11-09,166.4065704345703,166.80845001207626,164.06613990065463,165.48457915051623,14214570
2020-11-10,161.84390258789062,165.83917866522546,161.30017046169536,165.83917866522546,18099240
2020-11-11,163.9479217529297,164.42073479331304,161.46565329091706,162.88409241206713,15275758
2020-11-12,163.38052368164062,165.81552213473532,162.78950744139578,164.53892128416348,10228848
2020-11-13,162.7185821533203,163.71149228476773,162.03301199832836,162.88406958007937,9455776
2020-11-14,163.333251953125,164.32614768145916,162.22213854906218,164.13702537268634,1498484
2020-11-17,164.86990356445312,165.72096121703433,162.50583849716304,164.06611566993126,13307668
2020-11-18,163.2623291015625,166.59566953098252,161.6074835410174,165.36635280018453,14815616
2020-11-19,161.98574829101562,165.2481553389237,161.51293525714172,164.3970976495942,22113702
2020-11-20,163.7351531982422,164.77534767832867,161.72569773875037,162.55312057501172,12362786
2020-11-23,168.25050354003906,168.9833578948934,163.59329275357396,164.5389187232478,20666694
2020-11-24,168.08505249023438,170.87464681873686,167.84864594664754,169.73989829534216,20184882
2020-11-25,165.48455810546875,169.64530693762003,165.27178647340406,169.21977810259907,13624676
2020-11-26,167.77769470214844,168.51054907511667,164.16067816456598,165.95736177971185,14732740
2020-11-27,165.72097778320312,169.03066920825995,164.46802605811064,167.7777174831675,24804168
2020-12-01,166.8320770263672,167.3285249258237,163.7115082079181,166.7611579591746,21387134
2020-12-02,169.69259643554688,170.35453180285944,167.47038381463258,167.58858707412085,18868154
2020-12-03,170.35452270507812,172.1039366237207,169.2670585475055,172.1039366237207,21394090
2020-12-04,170.5909423828125,171.34744614736806,169.73988466588074,170.7327949550406,14854786
2020-12-07,169.47982788085938,171.512918036318,169.03064975322863,171.15830828159096,16784766
2020-12-08,171.9620819091797,172.5767329947787,169.4561645260381,170.35450627772383,23626602
2020-12-09,169.97628784179688,173.87699542092017,169.03066176200943,173.87699542092017,36275376
2020-12-10,168.27413940429688,169.26704956409768,166.7847813791493,168.415991958044,13794794
2020-12-11,167.13938903808594,170.21267341926716,166.73749511780235,168.98335678097325,11727232
2020-12-14,165.17724609375,167.6358653586579,164.1134167042614,167.13941741520702,23003678
2020-12-15,166.7611846923828,167.3285517499856,164.30255082210562,165.1536086230651,14463562
2020-12-16,169.4561767578125,169.71623256595794,166.99755780884047,167.32851825224233,13332544
2020-12-17,168.74696350097656,169.8580769808273,168.08502816056813,169.45618302908022,8330742
2020-12-18,171.8911895751953,172.95501900589366,169.03067621096153,169.71626094905565,34796162
2020-12-21,167.3521728515625,173.73514857010724,164.70441707508527,171.3947183683309,19330126
2020-12-22,172.19850158691406,172.9077210919193,165.22450978769592,167.37580318123537,16372078
2020-12-23,182.2930450439453,183.26232034431467,175.74459658516705,176.83206070556358,89748866
2020-12-24,180.7091522216797,182.83681093184495,179.03065724841719,182.7186076701691,24480344
2020-12-28,181.04010009765625,182.6949456459513,180.61457127105913,181.30015591271032,9451758
2020-12-29,182.03302001953125,184.63349173409597,181.13467813123066,181.56020698051947,22918252
2020-12-30,181.7493133544922,182.78950772064275,180.9928096726652,182.03300403881576,14376870
2020-12-31,182.6240234375,183.26232388096722,180.23632353054282,180.23632353054282,12789210
2021-01-01,183.4987335205078,184.75168512111216,182.05664517111873,182.05664517111873,10084672
2021-01-04,187.42308044433594,188.15594929141187,183.35688553873788,184.39707996660312,19511442
2021-01-05,192.1039276123047,193.75877321123116,186.05192662215993,186.33561732494047,50313494
2021-01-06,192.15121459960938,197.35215798627212,190.68549130481904,191.4892792362195,44972600
2021-01-07,192.3166961669922,195.2717775463252,190.94554129280334,194.91716778080524,24689510
2021-01-08,203.4041748046875,204.5625580908088,192.55310980638578,192.6713130659354,81986460
2021-01-11,211.2528533935547,213.23867386639284,205.6736654808889,206.1464785049829,94668036
2021-01-12,216.40652465820312,217.8485985951113,209.17247680702098,211.7965977210304,44268930
2021-01-13,217.02117919921875,221.01645504544473,214.0897326627929,217.9668052523744,58380386
2021-01-14,214.82260131835938,220.33087018721812,203.3096012457163,213.71148782107852,143103614
2021-01-15,207.3521270751953,217.21028061625918,206.43015041957932,215.01170314012003,50615558
2021-01-18,204.04246520996094,210.40180648085746,202.88408189916103,208.5105542877711,43021174
2021-01-19,203.42779541015625,207.82495058520564,202.22212801899659,204.7280311739632,31355580
2021-01-20,210.37814331054688,211.74929808033352,204.72802237182924,205.2008353565217,48839358
2021-01-21,210.780029296875,214.39706028447281,209.12518379947747,213.5223533500269,31822754
2021-01-22,210.75634765625,214.19194860174255,208.7186866731976,212.03581862056973,22797624
2021-01-25,207.2022705078125,213.7180651778695,206.20712806589438,210.9458878259358,14760338
2021-01-27,211.56195068359375,215.49511578633363,207.20228560214267,207.55769261003655,59180420
2021-01-28,204.6670379638672,212.5807728114595,202.48720550930156,210.04553336304775,29624870
2021-01-29,198.0327911376953,207.41554526041094,196.9191795687392,207.273373773697,31264842
2021-02-01,199.73873901367188,200.82864805641069,193.43619384008989,197.17981144174942,30163704
2021-02-02,202.9847869873047,206.39668550188753,200.75756400822664,202.81892749540773,26620996
2021-02-03,205.4252471923828,208.4817531947433,203.86146216792503,203.86146216792503,19795332
2021-02-04,203.7192840576172,207.03641596887442,202.93739157084462,205.42524050428753,14386598
2021-02-05,201.65794372558594,205.3778735445909,199.28856351749988,204.71444997863662,17358052
2021-02-08,206.27821350097656,207.4155274508382,202.01332957363826,203.93253601786907,25032680
2021-02-09,208.19744873046875,214.07350895046832,206.2308659843848,208.6239342898587,58949660
2021-02-10,208.0315704345703,210.47202901774594,206.13606637594097,209.45319847854233,21215470
2021-02-11,207.08383178710938,208.74239794558738,205.3778751317936,208.03158387766823,18474052
2021-02-12,209.45318603515625,212.86509892261034,208.31588655985402,208.5054340621465,38561668
2021-02-15,208.36329650878906,210.82744319179994,206.98904445035265,210.68528616719215,15689754
2021-02-16,207.3444366455078,212.2016656134173,205.56740165724824,211.34869460367182,24907596
2021-02-17,203.86146545410156,208.03156856090825,203.05587045182048,206.56255003639174,14780384
2021-02-18,205.1646270751953,206.91795965886251,203.45867052392717,203.90884406255662,16771472
2021-02-19,203.7429962158203,206.49147128827968,201.91857068562226,205.25939077038308,16957332
2021-02-22,198.41188049316406,205.11722278147533,197.13240955040547,204.09839230711808,21332174
2021-02-23,196.89547729492188,201.87117527710402,196.3268203123391,198.88576227241387,17984706
2021-02-24,200.4969482421875,201.7764048274769,196.54008055746115,197.9380206100601,10120594
2021-02-25,199.6439666748047,203.29281790907427,199.241183616485,200.49695221009372,18220784
2021-02-26,194.4313201904297,198.95684474125986,193.3414111572507,198.0564832188666,23463882
2021-03-01,196.3742218017578,198.41189738550284,193.9100751495143,194.7630462096085,12843392
2021-03-02,203.9562225341797,205.23569348759867,198.19863216688918,198.88575813475262,29750468
2021-03-03,206.3730010986328,206.9179556145056,202.93740004704821,205.188311080845,17564904
2021-03-04,207.93678283691406,210.54310083467712,202.58198982612907,203.24541333325013,25927594
2021-03-05,199.43072509765625,208.50544795141377,197.60629953577168,208.50544795141377,87862344
2021-03-08,197.55889892578125,201.46837587468804,196.9191634418324,201.44468785961678,24709676
2021-03-09,198.64883422851562,200.35477633866142,194.3128570575076,198.93314827250757,23811258
2021-03-10,202.202880859375,204.0983847269612,200.44953399723906,201.9185523869277,34582736
2021-03-12,201.49208068847656,205.09352671394507,200.02306219832607,204.47749369946962,17920252
2021-03-15,202.0370330810547,203.10325406832965,197.98538465248126,201.30251661289222,15034204
2021-03-16,203.43496704101562,206.1123780895574,201.70532248209406,202.46352699686125,21347294
2021-03-17,198.86207580566406,206.37301387577176,197.93802621150792,203.29281963881994,24269624
2021-03-18,194.36026000976562,200.99452474371432,191.58808221077004,200.5680391888418,20165862
2021-03-19,194.52609252929688,196.0187989950076,189.28976866117839,193.7915905345726,33750804
2021-03-22,196.39793395996094,197.25090506209622,194.38396075512273,194.7867438268509,13245968
2021-03-23,196.89547729492188,200.6390947892065,195.56863028429242,197.93801027580773,23150388
2021-03-24,194.76304626464844,196.8718003604058,193.91007520431322,194.92890576569934,10280694
2021-03-25,189.38455200195312,195.09476682545028,188.48419043961732,194.62089079668945,25474258
2021-03-26,191.3985137939453,193.1992512735672,189.85841679164196,191.8249993022736,18066738
2021-03-30,198.12754821777344,199.24115965233312,191.919770047388,191.919770047388,26339126
2021-03-31,196.25575256347656,198.9331492083519,195.87665752867156,198.9331492083519,14890268
2021-04-01,197.32196044921875,200.37846638646235,196.3505204488951,198.48296241584248,15193886
2021-04-05,201.6105499267578,202.7715374494959,197.22719692801581,197.34566592798183,42432790
2021-04-06,202.41612243652344,203.24540540345652,200.14152351184023,202.7952318983355,16641040
2021-04-07,207.55770874023438,208.03158478758652,200.63911555658336,201.39732012465666,27735300
2021-04-08,209.5005645751953,211.32498991147457,208.5054221679933,209.42948607358375,25833228
2021-04-09,213.29159545898438,213.88394047277765,208.50544485522525,209.87968239491596,23398770
2021-04-12,204.99876403808594,213.2915941815235,203.4823550272381,213.24420368839424,30172534
2021-04-13,198.5303497314453,207.3444314845871,195.5212343339148,204.71442555204436,40840640
2021-04-15,204.09840393066406,205.87543897372805,196.65854476575012,198.50665831822707,53517782
2021-04-16,222.34263610839844,224.45137573696974,206.60994633667443,209.3110454564293,218723272
2021-04-19,224.02490234375,226.48906358513864,218.50424926079876,219.40461086230832,87619710
2021-04-20,222.7691192626953,226.29948692475662,221.67919574285648,225.56498488045852,35461382
2021-04-22,230.6117401123047,234.331669404668,223.4799124802597,223.4799124802597,85241858
2021-04-23,225.42282104492188,230.94347360306955,224.7830855467653,229.1427361096826,27192006
2021-04-26,227.60264587402344,229.28491441642862,226.0388607977777,227.17616034973355,18629288
2021-04-27,229.85354614257812,230.77761011966817,227.93435414283445,228.1239016489805,14418934
2021-04-28,231.86752319335938,233.7156511799575,228.0528271421463,230.23265965493147,19231068
2021-04-29,232.12815856933594,233.52608407480446,230.16157608640887,233.47870804463932,15282266
2021-04-30,233.5023956298828,242.52972751497308,231.8675176688597,232.91005063843207,58231142
2021-05-03,230.94346618652344,235.04249060004128,229.0005717388507,231.22779467230075,17199462
2021-05-04,228.38453674316406,231.39363767851535,226.41793983628125,230.91976169354066,16204858
2021-05-05,232.48358154296875,235.04250919430672,229.02427787184914,229.73509191175128,23713182
2021-05-06,242.7666778564453,243.9513678995893,230.89608940876195,233.9525955046928,48827088
2021-05-07,244.16461181640625,244.78064483889295,240.492072774044,243.57226680957362,29333162
2021-05-10,249.23512268066406,250.44350086426337,243.2168908582463,245.27824017596865,25088944
2021-05-11,245.65733337402344,247.97930845234833,243.5959553915955,245.44408338644865,15298998
2021-05-12,240.53945922851562,247.6238967143653,239.23630023536242,246.39183069007683,15742214
2021-05-14,236.20350646972656,240.91856416217627,233.5024073880762,240.49207863916524,13599758
2021-05-17,236.84323120117188,238.69135926549794,234.5686320687609,236.20351013749593,11505300
2021-05-18,240.75271606445312,243.951379330827,237.36450527460394,237.88577181032284,18761492
2021-05-19,242.45864868164062,245.37298314334222,239.37845473024677,240.87116121438197,14980792
2021-05-20,240.8474884033203,244.99390359963917,238.64396779130058,244.52002757720274,12584608
2021-05-21,242.95623779296875,244.47264682008216,241.27396926889793,241.67676677249506,10395006
2021-05-24,243.99876403808594,245.704706069329,241.5109005758361,242.57712157613696,14873624
2021-05-25,245.2545166015625,248.7138055970016,244.37785757585445,245.18345255582958,15909128
2021-05-26,249.85110473632812,251.367513622239,243.92765512190593,243.99874808651654,17646380
2021-05-27,256.319580078125,258.26246041290864,248.80862694895367,249.85116009670838,58822252
2021-05-28,255.2769775390625,256.03516748236893,252.4100338543764,255.4191345380459,11757252
2021-05-31,255.44284057617188,256.15365454434027,251.6518327459403,255.276995552837,10772410
2021-06-01,257.21990966796875,259.21019482786636,255.72721749036924,256.79343858426813,11930088
2021-06-02,257.3146667480469,258.26241874343566,252.57590677110312,256.8171027350869,9427136
2021-06-03,255.44284057617188,260.58441229978007,255.08743359208765,258.5941274042896,11275982
2021-06-04,256.461669921875,258.4993307222347,256.1062629593788,257.55157882224484,9543432
2021-06-07,259.8025207519531,261.20046075676066,257.1725146985909,258.1202667122779,8696866
2021-06-08,260.9161376953125,263.2381418751517,260.2290405714708,260.6318236387641,10859468
2021-06-09,257.88330078125,262.1718723941314,256.9355488702003,262.0534034052502,12413798
2021-06-10,262.645751953125,263.238096905658,258.52302529887675,258.52302529887675,11441488
2021-06-11,262.6694641113281,264.8729991065383,261.3426170803084,263.0011830998571,11224718
2021-06-14,266.1287841796875,266.6974412372752,262.0534616259914,262.47996164995703,11904318
2021-06-15,264.3754577636719,267.26609007646516,263.94895775282106,266.081399960878,7674490
2021-06-16,263.1196594238281,266.57894857625325,262.290376390975,265.3231944803623,10994538
2021-06-17,264.7545471191406,266.08139423542787,260.4185698201523,261.81650991108444,8798696
2021-06-18,260.5370178222656,266.29462276513726,258.7599828304035,265.37055878474985,20014232
2021-06-21,256.9118957519531,258.1439618344253,253.61845162910657,258.1439618344253,10781642
2021-06-22,263.7357177734375,265.3469079611256,256.9829838578822,258.3809240320381,11505842
2021-06-23,255.96412658691406,265.77333640385024,255.13484360759176,265.3705533831317,22485404
2021-06-24,260.1816101074219,260.89242410220936,255.51394311088902,256.79341408612555,17337360
2021-06-25,259.4471130371094,261.1056790565247,256.12998099827877,260.560710080907,10079644
2021-06-28,259.3997497558594,261.01091090005445,257.90702869577666,260.5133468543927,6519660
2021-06-29,257.1251525878906,262.40888251384314,256.3669624198449,259.58931401869046,15855760
2021-06-30,258.5704650878906,259.6840621794578,256.84080602420823,258.19134112871285,8586644
2021-07-01,255.58499145507812,258.6889021801096,254.94527046830777,258.26240224020023,8658748
2021-07-02,255.22958374023438,256.98293059920337,252.86020391003134,255.94039768929528,8314614
2021-07-05,254.16339111328125,257.2673021748882,253.78429608286189,257.2673021748882,6878338
2021-07-06,252.38633728027344,255.08743617124276,252.03093029259574,254.25815319999484,8386882
2021-07-07,252.17315673828125,254.18712999200375,248.83230737892092,253.07350389785051,10755374
2021-07-08,251.62815856933594,254.44772658274525,250.20653055481992,253.0024105526065,9131020
2021-07-09,249.1640167236328,251.6044899054957,247.9556386029728,249.92223574354958,11449216
2021-07-12,249.1876983642578,252.17314048644033,247.93194424084376,251.5097024763781,7731112
2021-07-13,248.71380615234375,250.9173411137995,247.64758515610947,250.20652711630996,8344716
2021-07-14,266.1761474609375,266.93433747026836,249.06920699062144,249.37723795115298,58696166
2021-07-15,272.90521240234375,274.6822474833025,264.89669606825083,265.84444811142885,62132402
2021-07-16,273.7818603515625,279.2314343784651,269.30372634483643,274.84808135682607,73815654
2021-07-19,271.9100646972656,276.7436060673074,270.1093415382966,271.31771965003253,21715702
2021-07-20,269.20892333984375,273.9713999122848,266.1050415630217,272.81039801689826,21047054
2021-07-22,276.83837890625,277.2174739406948,270.5832096070713,273.473841783197,24086770
2021-07-23,283.9228515625,285.1786057616441,276.60146068584,277.92830786288437,28114910
2021-07-26,279.8000793457031,284.56252718000013,278.7575464007245,284.3729652179696,12199806
2021-07-27,280.27398681640625,281.7903959137348,276.8146975439085,279.06560871121087,7966274
2021-07-28,280.5108947753906,281.1743037997533,276.26969893001075,280.0370187909481,9147860
2021-07-29,279.8000793457031,283.37783722504594,278.59170137626876,281.2927713350887,11668940
2021-07-30,278.2362976074219,281.00846056483533,277.2174526651411,279.041863647631,6356412
2021-08-02,280.653076171875,282.14579722180855,275.91431591570154,278.7338840527442,9247796
2021-08-03,284.041259765625,286.22107759529234,281.5534109951361,286.22107759529234,10331214
2021-08-04,282.8092041015625,286.22111724405806,281.62451404674437,285.98417923309444,9018712
2021-08-05,284.7521057128906,291.1968078736466,283.1409157111535,283.1409157111535,22588728
2021-08-06,283.3778381347656,287.35840796542834,282.5722431781917,286.1026250399076,10540400
2021-08-09,282.8092041015625,287.16886928791257,282.19317105767647,284.3256131563491,9293502
2021-08-10,286.1500244140625,288.5668094809535,281.05585717580715,283.56742323175024,14055564
2021-08-11,284.91796875,287.40581795738046,283.5911216240167,285.22599974491493,8565026
2021-08-12,287.0977783203125,288.5431233357617,284.6336461275603,285.27336719239077,7905016
2021-08-13,291.6706848144531,294.0163768538759,287.1688627092747,287.1688627092747,16729368
2021-08-16,290.9835510253906,294.22961896820425,289.30129701573316,291.95499103746647,7144852
2021-08-17,300.86383056640625,301.8826464317107,289.63296557524706,290.84134337614285,23645544
2021-08-18,298.257568359375,302.90154741197114,295.9829404026703,301.26666941425066,13847154
2021-08-20,293.8268127441406,299.46594880413346,292.8553727131257,294.9878147474446,12341386
2021-08-23,297.9969177246094,301.8353307646883,295.4616926368994,296.64638266351085,14072750
2021-08-24,300.2240905761719,301.3850923928065,295.7459572394906,301.3850923928065,8967436
2021-08-25,299.3237609863281,304.6074605738172,298.32860411885565,300.91123387928866,12815436
2021-08-26,298.0443115234375,302.5698214710797,296.646371559743,299.58440850038505,8416702
2021-08-27,300.8876037597656,301.3851678276916,296.31468830760593,298.3049735024086,8743108
2021-08-30,299.70294189453125,303.0437625777343,298.8025657453099,301.36150822607476,8743710
2021-08-31,303.7308044433594,304.4889944153561,298.0206048705589,300.72167472273054,15591816
2021-09-01,304.2521057128906,306.76364294039905,301.02975442534597,305.0813887829329,9450444
2021-09-02,308.70654296875,311.3365491288261,303.63606370516794,305.65003681597085,9077556
2021-09-03,310.4361267089844,311.1943455912254,307.78243292887333,309.440998772216,7549940
2021-09-06,325.29217529296875,326.35839625792437,311.17067674173103,311.17067674173103,24676832
2021-09-07,319.51092529296875,326.9744730473095,318.80011122112677,326.9744730473095,12812218
2021-09-08,313.8006896972656,320.05585861635603,312.758156723568,320.05585861635603,13432462
2021-09-09,313.87176513671875,314.91429814826205,309.91491200376856,313.18466805745055,11611460
2021-09-13,317.85235595703125,318.37360803528014,311.73934343088445,313.8717856251545,11177578
2021-09-14,319.1318359375,320.19805706430077,317.4969577584523,317.9708338148082,7322676
2021-09-15,319.4161071777344,322.49630113108395,317.4969151914202,319.39241916271226,8290832
2021-09-16,316.47808837890625,322.59110060597396,315.1275532911828,322.11722458598723,9315692
2021-09-17,315.2460021972656,319.5819790729373,314.0613122228302,318.1603511036148,10815562
2021-09-20,313.9428405761719,317.73384846237474,309.6305806748541,311.69192964373894,9092860
2021-09-21,316.3596496582031,317.0230877189326,311.3839509720315,312.9951411634603,7367102
2021-09-22,316.6202697753906,319.6293708898444,314.1797967382755,317.02305281735494,9583304
2021-09-23,319.53460693359375,320.81407802199385,318.16038377598466,318.87119783364045,6462586
2021-09-24,320.5771484375,331.31045255974675,319.8663343611419,322.47265264112156,24253176
2021-09-27,309.86749267578125,321.4537364176484,308.49324086306825,321.31157941845896,16798164
2021-09-28,303.091064453125,309.8675140880355,301.02971551470597,309.8675140880355,16224924
2021-09-29,303.63604736328125,306.36083436654127,297.28609738644565,298.5181923417772,17679132
2021-09-30,300.4847717285156,306.4793149311191,299.7502696845409,302.6883067835367,12027918
2021-10-01,301.5035705566406,303.16213636716833,298.6366268687755,300.81644465051784,8417708
2021-10-04,303.7782287597656,304.98660687357545,301.361472532146,303.2332886692347,10494244
2021-10-05,306.52667236328125,307.7824553052041,300.46106547983777,301.5983794243375,10912148
2021-10-06,301.26666259765625,308.232645480483,300.62694157624264,308.2089574654483,9673198
2021-10-07,304.6786193847656,307.3323137586953,301.8116749986399,302.8068031580887,7448686
2021-10-08,313.3031005859375,316.33588935732837,305.6499923100229,306.19496122989045,22091966
2021-10-11,309.34625244140625,315.7435785536172,300.9112652780732,307.5218413786438,20422932
2021-10-12,312.3316345214844,313.8954483322385,304.488993146641,308.9671267655144,18680432
2021-10-13,318.72900390625,319.72416091591947,310.8626734343157,315.127557673506,18925882
2021-10-14,335.6226501464844,350.59711897912337,329.3437936488622,330.29154557303156,118377606
2021-10-18,336.33349609375,341.5698201884347,332.8505190102388,340.7168491601356,21198892
2021-10-19,337.1864929199219,345.90582368832304,335.50423875035546,339.8164991763537,21865148
2021-10-20,332.6372985839844,342.49391462460403,329.69926129376444,338.1579372043578,16108782
2021-10-21,329.9598083496094,335.9780385195569,323.04123125539684,335.9543505073826,15916912
2021-10-22,323.37298583984375,334.3195095954167,321.4063889200445,332.54247464009023,10758302
2021-10-25,316.406982421875,324.22593571604114,313.1372267478046,323.53880979345035,17621916
2021-10-26,316.6202697753906,321.66703196189866,315.1275487646353,317.9944928597544,12193966
2021-10-27,318.0181884765625,319.65306654572674,314.3930542429519,316.62027734274835,12631178
2021-10-28,311.2891845703125,318.2551392718639,310.3888085183482,317.9708252149796,10357542
2021-10-29,306.47930908203125,312.47385217023026,305.2946190585213,311.92888319017715,13522634
2021-11-01,310.60205078125,311.31286482884315,306.8347305443866,308.5406726893712,8802466
2021-11-02,309.82012939453125,313.2320424494012,308.54065838356803,311.336538410373,8079378
2021-11-03,309.2041320800781,313.6348617138248,308.11422291636984,312.47388849430274,6871182
2021-11-04,309.77276611328125,311.6445822134862,306.7873529135493,310.38879916670254,1565810
2021-11-08,311.97625732421875,313.2320403107393,306.8347142226985,309.4173442428601,9504460
2021-11-09,312.0236511230469,315.71987805714565,311.1943681412833,314.2271571207331,8284130
2021-11-10,309.25146484375,312.28428280134733,308.75390083027895,310.81527877622415,8091390
2021-11-11,304.1336364746094,307.9009567745934,301.764256276267,307.9009567745934,12067796
2021-11-12,312.7818603515625,313.9428623819718,306.0291270852333,307.07166011097013,12126506
2021-11-15,312.2369079589844,315.6014159896356,311.4076249590116,313.4926620050857,9435996
2021-11-16,313.44525146484375,316.9045400992526,310.2229008043409,311.9999356086358,11327094
2021-11-17,313.6111145019531,316.54915133186773,311.81039158139066,313.4452694799241,8854994
2021-11-18,308.70654296875,315.57774534678344,305.76850582248863,314.36936726492115,7842498
2021-11-22,305.1998596191406,312.9714382912783,302.33291534445937,311.81043620165246,11582434
2021-11-23,304.60748291015625,307.52183184011756,296.67006001712963,304.560106880033,9134924
2021-11-24,301.6221008300781,306.88211332873175,300.01091071752023,305.3183281742481,7985552
2021-11-25,301.7168884277344,304.1336447263759,299.9635412487695,301.8590454588723,6661362
2021-11-26,294.4902648925781,300.6269652712085,293.6372938224317,299.48965122894816,8277074
2021-11-29,298.8262023925781,299.89242342241334,286.1974239930545,292.1682501908931,10376060
2021-11-30,301.9775085449219,305.8869859015254,298.77884525315534,298.82622128823846,26850200
2021-12-01,300.81646728515625,306.10019604835753,300.081965298417,304.5126941564041,9453644
2021-12-02,306.5030212402344,307.1190543163635,298.0680333930631,301.8116657314682,10210456
2021-12-03,303.63604736328125,309.8912163553843,303.2332643320376,305.5315513655491,13405010
2021-12-06,295.9355773925781,305.2709408627601,295.2958563285424,301.9774967068381,9409906
2021-12-07,299.6792297363281,300.69804590406767,295.22478323544607,297.5941635182346,8557090
2021-12-08,304.08624267578125,309.44103582659926,302.45136464981164,302.8067716588008,15360658
2021-12-09,304.79705810546875,306.88209521400466,302.26180407574554,304.10993210028784,6865604
2021-12-10,302.4513244628906,306.07648704214114,300.9586036542363,304.299452233311,8525212
2021-12-13,305.839599609375,311.12329996026943,303.3754384826286,304.93922358820504,13123680
2021-12-14,306.5504150390625,308.9197951864564,302.9252518443108,306.1239150432926,8609412
2021-12-15,301.5746765136719,306.4555931817993,301.0770836105966,306.4555931817993,7123544
2021-12-16,305.31829833984375,307.9720212704463,302.9963233140489,305.1761413257086,12437240
2021-12-17,317.8760070800781,320.7192630091005,308.0667683403321,312.7581521924569,104600018
2021-12-20,315.5777587890625,321.05102133870406,314.1798186679864,316.3359488938333,26298202
2021-12-21,327.3535461425781,330.3389592594373,317.970806808265,320.34018688880354,27362096
2021-12-22,324.9130859375,329.77031486227895,322.8043319855379,329.77031486227895,12327754
2021-12-23,329.1305847167969,332.6609668591091,326.5479546168183,327.02183063798515,12944908
2021-12-24,330.9786682128906,332.85048402913884,327.04550355130027,330.6469492581098,13182426
2021-12-27,331.5236511230469,332.1870891184852,327.5194219033914,331.6421201277254,10188656
2021-12-28,334.2958679199219,335.26730804554006,332.44773974096125,333.13486580355425,10158044
2021-12-29,333.466552734375,336.45196580123144,331.7368937353133,334.2010547624204,7898416
2021-12-30,338.3948059082031,341.1433095695301,333.60867036005874,334.1299223382592,18087350
2021-12-31,338.9872131347656,340.62209125492564,336.02548788922144,339.2004631370644,8549558
2022-01-03,340.57470703125,344.41309128794353,339.29523597131964,340.24298802710547,9280810
2022-01-04,341.90155029296875,342.65974035986125,337.1864780836577,342.49389532119636,10228800
2022-01-05,338.11053466796875,341.5935117880218,333.13483654040925,341.1907287469341,14711264
2022-01-06,334.43804931640625,337.51824389034414,331.6895737888973,334.46173733620094,12883220
2022-01-07,337.16278076171875,341.90154085675346,335.3146527554167,335.50421472845665,13120326
2022-01-10,328.6330261230469,335.97810457280497,326.9744600214886,335.97810457280497,27537820
2022-01-11,328.9410705566406,330.9787317800823,326.5005973382113,329.3438536285296,15487458
2022-01-12,327.6141357421875,332.54245733100805,323.75206399415873,331.71317439502053,23460682
2022-01-13,307.90093994140625,315.6014251650274,307.071656917324,314.2745781111151,61505934
2022-01-14,303.1858825683594,307.6640169008621,301.62209743149594,307.6640169008621,26514548
2022-01-17,306.43194580078125,308.8013259463897,299.9872144508677,303.04372062332214,20457876
2022-01-18,300.10565185546875,308.0193864930633,299.08683585400223,307.4981344851589,14329980
2022-01-19,294.3481140136719,299.3238124370262,293.3292689577458,299.0157814415793,17382766
2022-01-20,291.52850341796875,294.94041619699607,289.3012805675555,294.11113324696623,16827124
2022-01-21,287.18548583984375,290.00964447285565,285.1682338120047,289.53499693689355,19646694
2022-01-24,271.8543395996094,287.3990443082732,269.8133612639587,287.3990443082732,26150716
2022-01-25,267.08416748046875,271.4983836585016,261.3883971939267,266.9892321816559,34712370
2022-01-27,258.5642395019531,264.3312185245364,254.98065647866173,263.42937663806146,31351744
2022-01-28,262.07666015625,268.15214309113145,259.4660985930426,261.1036094883588,29899780
2022-01-31,271.78314208984375,272.6375307508323,267.0129405935154,270.07442270823424,26252174
2022-02-01,273.70550537109375,276.4347286248046,268.86409484873474,275.2481098188434,20920202
2022-02-02,279.0927429199219,280.0420379638672,272.92232513427734,276.24485778808594,16368826
2022-02-03,274.4649353027344,279.4724609699057,273.4681870738859,277.5264176773209,14082780
2022-02-04,271.3797302246094,274.2513420394201,269.6235285375575,273.8716298025354,13633558
2022-02-07,264.378662109375,272.35273445436405,263.71414400971554,271.4509215707518,15091358
2022-02-08,265.9212951660156,268.55558332676856,263.1683451154073,266.4671514474258,13953814
2022-02-09,270.05072021484375,270.905079981853,267.3689500601507,267.89107972956884,10207476
2022-02-10,272.2815246582031,272.80362527160725,268.74539531780147,271.6882153383432,11603824
2022-02-11,266.4908752441406,268.65051582288424,264.4261410001384,268.65051582288424,15442458
2022-02-14,257.1165466308594,264.4498560171591,256.30964011793293,261.0561149349317,16241546
2022-02-15,267.3927001953125,268.29454217726123,257.8522955113616,258.96770572623444,13676992
2022-02-16,267.65374755859375,270.6914742981553,264.6397184307602,268.247056957358,14607822
2022-02-17,268.1283874511719,271.6882437425035,266.3484593055061,271.49837315222527,14228840
2022-02-18,266.9655456542969,268.5081503383503,263.59553034702,265.32800565718674,13411838
2022-02-21,270.9288024902344,271.8306443791849,263.61924795998124,263.78536300627877,17534002
2022-02-22,267.7724304199219,270.0744594794307,263.9514944163386,264.02270313784413,21490124
2022-02-23,269.1726379394531,270.97632196590416,267.06047933038644,270.1694152651534,14408512
2022-02-24,254.9569549560547,264.33124450556153,252.1090695232931,260.10686952555636,26953888
2022-02-25,263.5480651855469,265.2093316927948,259.86954649092644,260.10687027767614,15922624
2022-02-28,263.8091125488281,265.85009129756537,258.2557302081702,261.53081001604727,18316874
2022-03-02,263.5243225097656,264.9957183096929,261.2460200901224,263.42938720682486,16354110
2022-03-03,270.3354797363281,273.3732353458124,265.96871691151364,267.22654438345273,25911326
2022-03-04,273.0647277832031,275.29557704640973,262.97846741727864,266.27727366040665,26948372
2022-03-07,271.42718505859375,275.1294590589874,266.8705802475988,267.22656590377613,21112334
2022-03-08,278.83172607421875,280.39805729086197,271.49841518471953,271.49841518471953,22039998
2022-03-09,277.9061279296875,283.0797975782805,276.31607029732737,279.09274675090734,23527232
2022-03-10,279.2113952636719,283.1272371861968,277.4789202795718,282.41526592755594,16161966
2022-03-11,278.2383728027344,280.0420275249599,276.43471808050884,278.6180850121211,9927188
2022-03-14,283.9104309082031,285.1682294772715,278.1434518458504,278.3333224454237,15006442
2022-03-15,278.95037841796875,286.5447394218532,277.336565116568,286.5447394218532,13853244
2022-03-16,283.9578857421875,284.5274685740695,281.22866243584804,282.5339431475756,11150296
2022-03-17,285.3581237792969,290.00966415334887,284.31389333527983,287.16177874431435,16881290
2022-03-21,284.7885437011719,292.3829048665365,283.8392485555013,287.20923473455633,15592952
2022-03-22,289.5587463378906,290.0096673266261,282.96116245021653,286.40235735712,15580500
2022-03-23,290.1045837402344,291.9082386075117,288.443317341655,291.40986448197526,11393836
2022-03-24,289.79608154296875,291.33868621718915,287.5415054806466,288.111088385166,7751490
2022-03-25,286.37860107421875,291.43360930579047,283.4832624721227,290.00966658931264,11986194
2022-03-28,284.8834533691406,289.06034584011655,283.412028643672,288.5856983100014,11476810
2022-03-29,285.9751281738281,287.32786200533144,284.3850705845042,286.21245193164873,9402006
2022-03-30,285.168212890625,289.20271665031146,284.55117693318044,287.20919135148836,15488764
2022-03-31,280.94390869140625,286.35487361538867,280.1370020271613,284.7885424260829,14476178
2022-04-01,285.6429138183594,286.40236734434137,279.70981894438967,280.84898474826775,8567994
2022-04-04,287.4465637207031,287.8737581320581,284.3139012713978,287.16178675992603,8855948
2022-04-05,286.7525939941406,291.7060818120641,286.22611758300195,289.76776176206636,12862488
2022-04-06,284.07244873046875,286.202220258613,282.8520270448834,286.202220258613,8235902
2022-04-07,277.99420166015625,283.3305918913029,276.3909067858571,283.3305918913029,15721530
2022-04-08,279.3343200683594,280.93761504548695,277.82672152283675,280.4590160420023,8636632
2022-04-11,273.3278503417969,279.6214382575557,271.89205348296474,279.50178851931975,17164216
2022-04-12,267.39324951171875,271.84421407597176,266.1967520906097,271.84421407597176,16338532
2022-04-13,267.6325378417969,270.6477053750557,265.4309651518937,268.01541115832214,11204576
2022-04-18,257.7734069824219,263.1576456753357,256.5290612801609,263.1576456753357,18930062
2022-04-19,253.87281799316406,261.09965042866554,251.76697093589075,260.3578279009993,13286008
2022-04-20,256.76837158203125,258.7066917507688,254.3035749699035,256.5290720744991,8660976
2022-04-21,258.06060791015625,259.6399788980461,257.1751821603657,258.92208033888096,13388782
2022-04-22,257.3426818847656,258.8502511712889,253.9685648590831,256.05045877391416,9782424
2022-04-25,253.34637451171875,254.20787609967056,250.45085634060294,253.6335514448245,9473768
2022-04-26,253.2985382080078,257.3666299883915,252.26953860254054,257.0076807136518,8718740
2022-04-27,248.3689422607422,252.22165814150392,246.23917099393506,252.22165814150392,16275078
2022-04-28,250.0918731689453,252.05414637262754,246.95705591768882,250.78584748230415,13241338
2022-04-29,243.5111541748047,252.93955988409078,242.6496818566396,252.93955988409078,24151260
2022-05-02,236.906494140625,248.39286961410986,235.75785951441284,246.7177731908933,43822854
2022-05-04,235.35104370117188,241.14209416431973,234.15454627513645,239.29948520708885,17267854
2022-05-05,239.84988403320312,241.07032023696678,237.52867598041237,239.77809710490698,10869532
2022-05-06,232.16836547851562,234.94423368867092,230.20610676169747,234.51349753270637,18441782
2022-05-09,231.23509216308594,234.2024116543748,227.14307676357012,230.68470626222734,16675250
2022-05-10,228.60279846191406,231.52225514299306,227.88489999635442,231.16330591021324,14969534
2022-05-11,225.85084533691406,230.66077362775098,221.3759421589167,229.7514239230953,21029342
2022-05-12,226.76019287109375,227.81311647860375,221.18451762631472,224.03218742457003,14573000
2022-05-13,224.29539489746094,229.48819642380732,223.5057095514453,229.48819642380732,16775318
2022-05-16,223.98431396484375,227.0234202912722,222.54851708045373,226.8559077336238,7314066
2022-05-17,232.91018676757812,234.034897272745,224.12789271156478,225.42011577804274,11321450
2022-05-18,230.3257598876953,237.02614562988282,230.01467347080154,234.9442371388525,15390968
2022-05-19,215.919921875,226.76018559828904,215.36953598196018,223.09890640773202,22945978
2022-05-20,219.964111328125,221.20847169455786,217.76255292684885,221.11274604880037,12731912
2022-05-23,223.02713012695312,223.88860246972,218.95903869759883,221.97420650296505,14111568
2022-05-24,220.13160705566406,224.75008429913086,219.19833320085496,224.19969839236114,13779460
2022-05-25,212.90475463867188,220.562338155544,212.11506925963073,220.22731303440827,15481506
2022-05-26,216.9728546142578,217.61896617063348,212.49795114535328,213.45514912348548,11583082
2022-05-27,223.48179626464844,223.96039523760567,218.3607814117335,220.1555275603231,11414472
2022-05-30,227.93275451660156,230.44539905457984,226.4490948206591,226.4490948206591,12291148
2022-05-31,228.79421997070312,230.08644296535493,225.13294096009727,227.7652351593889,31587004
2022-06-01,225.3004608154297,229.22497813659015,224.22361315353967,229.22497813659015,10514566
2022-06-02,226.9276885986328,228.02847494402056,224.032170801351,225.80297814808307,10535040
2022-06-03,227.57382202148438,233.55630945632885,227.0952230266968,229.5600049287163,23269778
2022-06-06,226.47303771972656,227.5738095049226,222.16564700354505,225.89871311529646,13791156
2022-06-07,223.81680297851562,225.30046269060435,222.62030556645718,224.94151346698683,4701342
2022-06-08,225.13294982910156,225.89871109292568,222.21349322646773,225.44403623468224,5627652
2022-06-09,227.3584442138672,227.88490602367165,222.18958096739922,223.52965229628143,7402238
2022-06-10,220.61019897460938,223.6014425087825,218.38470210063952,223.6014425087825,17453098
2022-06-13,213.50302124023438,216.8053514874497,212.97655940820115,215.39347856595373,14130822
2022-06-14,213.4072723388672,217.14035297271323,209.6263434937912,210.58354140928796,13056384
2022-06-15,210.63140869140625,215.68062196041828,210.248520753682,214.62771299445973,11391596
2022-06-16,202.11233520507812,213.81408563320832,200.89191369790532,213.45513641278325,17944686
2022-06-17,193.92832946777344,200.4133403706274,192.4207308646181,199.09719306073072,41550546
2022-06-20,198.45106506347656,200.0065117557471,193.42577574998703,195.74698373497333,20750838
2022-06-21,203.47634887695312,204.24211014897014,199.40825763789923,201.01156710619205,12187804
2022-06-22,196.82383728027344,202.3038016316263,196.36916239139563,202.3038016316263,16202862
2022-06-23,200.55690002441406,201.39444825318557,196.84775786842593,197.42208249614205,19655010
2022-06-24,200.413330078125,203.88317280783582,198.9775330865205,201.49017782182835,15362102
2022-06-27,203.35671997070312,206.15652714911735,202.92598377533548,204.36178083034963,12447870
2022-06-28,204.48141479492188,205.3668258316126,198.95360240224701,201.96877014267298,12091828
2022-06-29,201.3705291748047,203.30884928180794,199.76721960426693,201.01157992493873,16684176
2022-06-30,199.12109375,202.44736240243068,198.61857067850764,201.92090061925498,12123284
2022-07-01,201.96876525878906,202.5430898648307,196.89561325769267,198.61857247013614,8907248
2022-07-04,201.1551513671875,201.8491257508682,199.09718153494055,201.4662523978816,6372716
2022-07-05,197.9485321044922,202.47128349771486,197.685293913978,201.53802429229484,11513210
2022-07-06,199.12109375,200.34152987540926,197.70923556521217,200.34152987540926,10522910
2022-07-07,201.3944549560547,202.90205350256534,199.67151022692676,201.01158159528904,10706024
2022-07-08,200.58084106445312,203.26099834875484,199.36040486781675,202.92597321108633,9535432
2022-07-11,196.79989624023438,198.61856642790423,194.09580045853858,198.49891668909223,16689574
2022-07-12,195.8187713623047,198.5467914130966,195.26838545189773,195.74698443584845,9777472
2022-07-13,194.64620971679688,197.18277845169405,194.00009817694746,197.18277845169405,11956780
2022-07-14,192.13357543945312,196.51275339218438,191.6789005447021,196.51275339218438,13161242
2022-07-15,188.49620056152344,193.40183982980824,187.13219062432756,191.89425604898372,22328354
2022-07-18,193.71292114257812,194.16759597826714,189.83626680388826,190.9609772350554,13632394
2022-07-19,194.14366149902344,195.1726463222564,192.01390493106328,192.87537720035579,12897178
2022-07-20,197.2306365966797,199.8150680891516,194.83764176926468,196.608449178143,25237412
2022-07-21,198.1399688720703,199.81506522726897,192.6839436648452,195.67518715627136,45382342
2022-07-22,196.63238525390625,199.76720259352413,195.77089836417656,198.97751723219943,15468542
2022-07-25,198.52285766601562,198.92966973368544,195.5316139415055,196.46488782582554,12535662
2022-07-26,193.92832946777344,198.81003072652575,193.49757866362447,198.5228683923208,15186298
2022-07-27,194.6222686767578,194.98121790508296,192.3728622759958,193.80865918929638,14084158
2022-07-28,199.09718322753906,199.5757822256822,196.65632541587266,197.08706159306502,15898464
2022-07-29,202.7823944091797,203.06954211368344,199.95864873231716,201.29873464462247,15919784
2022-08-01,205.31895446777344,206.22828957341756,202.2559240355443,203.97888321794858,10365748
2022-08-02,205.60610961914062,206.58723161376525,203.23703899997093,205.2950232261387,16912426
2022-08-03,206.92227172851562,207.23335814408517,204.6010637565737,205.318962225895,12034938
2022-08-04,208.4298553466797,210.7271246035208,204.40962684436687,209.17167792182914,17789134
2022-08-05,210.58355712890625,211.5407551158558,208.74094808289186,208.74094808289186,12967586
2022-08-08,208.5973663330078,211.92362044837023,208.28627992015834,211.92362044837023,9557496
2022-08-10,205.86935424804688,208.66916128272445,204.02674520090474,208.19056228895673,11329742
2022-08-11,209.8417205810547,211.54074105266673,208.81272112894584,209.62634520603626,9154644
2022-08-12,208.71702575683594,209.8656604298423,208.19056393838403,209.19562475439545,7092398
2022-08-16,209.19561767578125,210.4878261620577,208.95631818509875,209.8656533285559,4774208
2022-08-17,212.0432586669922,212.9286696444248,208.980228312292,209.26739060303782,10401476
2022-08-18,208.2144775390625,211.42109650317158,207.73587856565408,211.42109650317158,16888260
2022-08-19,206.9701385498047,211.78005254499448,206.27616417376862,210.0810319770193,17253908
2022-08-22,201.01156616210938,206.2282919818469,200.55689130113683,206.2282919818469,12900580
2022-08-23,199.40826416015625,200.29367520345846,196.2255838313452,198.6185787561177,17028776
2022-08-24,199.16896057128906,200.7722700590471,198.30748825836199,199.95864595908583,7429170
2022-08-25,198.7143096923828,201.05944186003617,198.59465994295476,200.67655389845703,8753902
2022-08-26,199.69541931152344,202.20806389243535,199.24074444984777,200.29366802126438,7904194
2022-08-29,193.52151489257812,194.47871292384528,190.96100723780185,193.83260133160337,23519514
2022-08-30,197.92459106445312,199.07324023558024,194.4308245517041,195.8187585935216,19750992
2022-09-01,196.4409637451172,197.01527377689217,193.7608064464538,196.177725533915,11778706
2022-09-02,195.1248016357422,197.5417205390106,194.83763933889813,197.44599490483557,9815080
2022-09-05,194.07186889648438,195.26836623863286,193.35397049119527,194.78976730177345,18018508
2022-09-06,193.56935119628906,194.95728523034302,192.03782871380693,194.7897726766839,18226162
2022-09-07,195.00514221191406,195.67517780082215,191.91817323408125,192.44463498453774,12248532
2022-09-08,197.56564331054688,198.30748045619114,196.03413541385612,196.22557207523235,14064948
2022-09-09,199.6475830078125,200.74836954333463,196.8717144682378,199.5757960742462,14671342
2022-09-12,201.96876525878906,203.1173998651909,200.0782934857766,200.9397803948391,11678424
2022-09-13,202.2798614501953,203.8831709977223,201.72947552943648,203.3567091843382,9408334
2022-09-14,199.24075317382812,202.30379838636568,195.74698639823512,195.74698639823512,17583964
2022-09-15,198.64251708984375,201.44232427348578,197.78104469749988,200.8680142138175,10640314
2022-09-16,192.22926330566406,197.54171451540344,191.53530359893963,197.54171451540344,20192486
2022-09-19,192.37286376953125,194.4069094124989,190.0037930019198,193.83258480044717,13584188
2022-09-20,193.78472900390625,195.93842446862024,193.56936822084413,194.31119081641722,8989822
2022-09-21,191.79852294921875,194.26330454009386,191.20027428125488,194.26330454009386,19290112
2022-09-22,190.4584503173828,191.6070848299451,189.0465776295231,190.48237442164609,16500324
2022-09-23,188.73550415039062,191.15242307344775,188.400479033716,190.53025026325915,13966710
2022-09-26,188.95086669921875,191.05671384268626,184.06916598967112,187.61079543126797,18994144
2022-09-27,190.673828125,192.10962504552813,187.6107976156763,189.9080668462487,12454694
2022-09-28,190.50631713867188,191.67889047573996,189.2141086629186,189.52519507713615,8921590
2022-09-29,187.99366760253906,192.3489211050088,187.39541889631195,191.91818495766154,11883068
2022-09-30,188.68763732910156,189.86021060690038,185.4570943944879,187.82616505547696,13570530
2022-10-03,188.8072967529297,190.48239317532577,186.94076366053898,188.5201344450969,8140834
2022-10-04,194.07186889648438,194.31116836491407,190.96097580689832,191.4156506391869,12591696
2022-10-06,196.29736328125,197.6613732575534,195.00515483450047,195.9144899501423,11203878
2022-10-07,195.3162384033203,197.063121685345,194.43082740660935,196.1298478715208,7580186
2022-10-10,196.84776306152344,197.90068670488648,191.31995044807346,191.583174056073,18714926
2022-10-11,193.54541015625,200.00649590438232,192.54034945207104,198.57069907146402,22723292
2022-10-12,195.2444610595703,196.0341464607983,192.20535459478927,193.4736389792684,12610118
2022-10-13,181.43687438964844,187.77831081000662,180.95827541452707,185.21780337197094,84896212
2022-10-14,180.5753936767578,185.4571092330357,180.07287057788307,185.21780973725117,27864794
2022-10-17,179.52247619628906,181.36508514810873,178.23025313769307,180.5753851646993,16909538
2022-10-18,181.5325927734375,183.90166363850966,181.10185659951952,183.63844003380484,22328480
2022-10-19,180.93434143066406,182.4419399262393,180.4557424430356,182.4419399262393,10198278
2022-10-20,182.58551025390625,183.11197205126618,179.95321587278835,180.4318148511734,11868814
2022-10-21,183.08802795410156,183.44697717733325,181.96333207252064,183.06410384815862,8931540
2022-10-24,184.11703491210938,184.93064442116898,183.78200978117303,184.93064442116898,3472470
2022-10-25,184.0930938720703,184.95458079543715,183.61449489431598,184.95458079543715,5783256
2022-10-27,183.13587951660156,185.19386370006015,182.3940570097858,184.73918886963733,11723118
2022-10-28,183.4230499267578,184.66741013376375,182.82480123162813,183.2076745542387,7609676
2022-10-31,185.00242614746094,185.88783716374923,184.14095384309914,185.00242614746094,6638382
2022-11-01,187.80223083496094,188.08939313492917,185.02636268185793,185.69639831132955,11540196
2022-11-02,188.54405212402344,188.97478823488026,186.964666909975,188.0175903860073,6716614
2022-11-03,185.93569946289062,188.44834405022698,184.52382666201953,186.5339481741612,10312476
2022-11-04,186.9168243408203,187.80223536806014,184.57169227822305,185.93570228173505,9023630
2022-11-07,187.37149047851562,188.974799895445,185.50495747917617,188.0893889094678,8252598
2022-11-09,187.1082763671875,188.7594340785475,186.24678944302943,188.5919215150433,6862546
2022-11-10,186.12713623046875,187.18005980514948,185.21780110997983,186.07927341240483,5494908
2022-11-11,191.2960205078125,194.23940134998125,190.1234471500767,190.72169588245578,28417046
2022-11-14,189.78842163085938,192.70787836005553,189.30982264593155,192.70787836005553,17623428
2022-11-15,190.07557678222656,191.2242113816444,188.56799295763554,190.50631293129808,12462712
2022-11-16,190.60203552246094,192.25320777415584,189.62091349826497,190.9609847419006,11039528
2022-11-17,189.88414001464844,190.48238872294917,189.04659182302743,190.43452590514883,6057616
2022-11-18,188.49620056152344,190.9131194319182,187.99366289746132,190.41059637353703,9546202
2022-11-21,186.0074920654297,188.7833749338744,185.50496897489427,188.49621262256193,7904612
2022-11-22,186.07928466796875,186.36644698804076,184.02131481787018,186.17501030988686,8410828
2022-11-23,186.0553436279297,187.5868661251458,185.69639441192726,187.01254153726953,6717760
2022-11-24,190.60203552246094,191.31993396134027,186.24678207212347,186.60573129156313,13370266
2022-11-25,192.77967834472656,193.54543969361688,189.47734804617522,190.96100792108464,13648550
2022-11-28,194.14366149902344,195.96234627573557,192.39677824948643,192.77965156790958,13679200
2022-11-29,193.9043731689453,195.69911933786497,192.8275254675935,192.8753882865677,9102602
2022-11-30,194.74192810058594,195.26838991610404,192.7078823722932,194.74192810058594,13892346
2022-12-01,197.99639892578125,199.2646832699853,197.01526227786385,197.58958688179996,15852984
2022-12-02,197.3742218017578,198.09212029129307,195.77091225399263,198.0442574708543,11726622
2022-12-05,197.35028076171875,198.59464095795013,196.53665670111488,197.7810168973463,9947062
2022-12-06,196.8717041015625,197.46995285925192,195.1726688663151,196.4648920251972,8832518
2022-12-07,194.4547576904297,195.98628025262516,193.97615871545378,195.7469807651372,6568616
2022-12-08,193.2104034423828,195.26837310092904,193.01895217636655,194.90942388566998,8940712
2022-12-09,188.59190368652344,194.31116677754346,187.25183251653664,194.31116677754346,15423336
2022-12-12,189.69271850585938,190.24310444033642,185.6964138939636,188.04154609674572,10365880
2022-12-13,190.36273193359375,191.12849317300459,189.52518377298082,190.6498942240829,6813842
2022-12-14,191.46351623535156,193.59328754005503,191.08064289336704,191.8224654705927,9995152
2022-12-15,189.14231872558594,191.31993819611466,188.59191822571736,191.31993819611466,7766926
2022-12-16,186.53395080566406,188.95086979102092,185.72032670458543,187.3236361945453,18012634
2022-12-19,186.1989288330078,186.8929032018945,184.59563392158316,185.9117811272303,8838046
2022-12-20,186.1510772705078,186.60573753359793,183.30340752542503,186.0792757396732,8778558
2022-12-21,186.414306640625,188.20905285346797,185.6246212281105,187.08434230561662,10215214
2022-12-22,186.0553436279297,187.5868661251458,184.73919650258742,186.70145513787025,9093800
2022-12-23,180.74290466308594,184.66742220187834,180.43181824242507,183.78201115408814,12120710
2022-12-26,182.10690307617188,182.6333648498279,180.09678161518744,180.91040568408138,7261148
2022-12-27,185.0263671875,185.38531641978085,181.9872607663859,183.06410846322842,7685840
2022-12-28,185.60067749023438,186.4382257002186,183.42305798654803,184.26060619653225,7676002
2022-12-29,187.01255798339844,187.65866955015892,184.16488811041225,184.85886249798503,9485398
2022-12-30,187.96974182128906,189.6687622895591,187.39541722615715,188.08939156146812,8256556
2023-01-02,188.1133270263672,188.52013908867735,186.89290544511874,188.0894029191592,5559512
2023-01-03,190.02772521972656,190.3627503586709,187.46723227971196,188.11332923874684,5994422
2023-01-04,186.51002502441406,190.24309115961313,185.98356323465998,190.24309115961313,8926522
2023-01-05,185.16993713378906,187.70652041849823,183.66235331113361,186.6535968504029,9568980
2023-01-06,182.82481384277344,186.07928112649762,182.5376515281667,185.21780878835946,8484754
2023-01-09,187.51507568359375,188.08940030542504,184.3084712611343,184.73920742466683,7347432
2023-01-10,188.1133270263672,188.52013908867735,185.38532154896419,187.61080392954304,7879496
2023-01-11,188.49620056152344,189.52518538934456,187.37149010082928,188.08938853033436,7656600
2023-01-12,188.8072967529297,190.4345303564067,186.89290084161988,189.405545475214,9510500
2023-01-13,188.5201416015625,189.81236473302374,184.9785119523309,189.52520241428988,13621860
2023-01-16,190.76954650878906,191.9181810804034,186.17499361665068,186.6535925719634,23867444
2023-01-17,189.69271850585938,192.42072407027356,188.44835817203136,191.46352606051084,14310032
2023-01-18,192.9711151123047,193.28220152902924,190.48239456714464,190.7216940578069,16080426
2023-01-19,193.0668487548828,193.35401109844295,190.84136615223792,192.4446758485721,9447456
2023-01-20,192.94717407226562,194.02402176725545,192.06176304635986,193.1386107413497,9265614
2023-01-23,194.789794921875,195.14874417541654,192.63609940062577,193.9283225556483,8815290
2023-01-24,195.07765197753906,196.80485494664046,194.3819683266775,195.94124614126167,9552640
2023-01-25,192.65475463867188,194.7417908334821,191.91110496360005,194.30999377564507,6355554
2023-01-27,190.97555541992188,193.6383311062729,189.12842252600012,192.65477779014685,7410134
2023-01-30,192.99061584472656,194.21404335140542,189.53620990333562,190.97554327197247,7261256
2023-01-31,191.359375,193.13454404292446,190.8076334683026,193.01459959509216,9566846
2023-02-01,193.0625762939453,193.78224296599655,191.11948213606937,192.63077921904576,7029896
2023-02-02,196.4450225830078,196.70889451166585,193.06258036799642,193.06258036799642,10835460
2023-02-03,195.7013702392578,198.1482400544603,194.86175905258636,197.93233417836765,8850236
2023-02-06,194.14207458496094,194.88573892449688,192.67875822139456,194.50190791780406,5958022
2023-02-07,192.1510009765625,194.54988987764318,191.45531733858675,194.54988987764318,6683580
2023-02-08,195.1496124267578,195.55742646894947,192.39089018593702,192.39089018593702,8300976
2023-02-09,195.89328002929688,196.2051473287747,193.61433536126282,195.1496302574434,5277374
2023-02-10,194.69383239746094,195.26957163486537,193.2544989456069,195.26957163486537,5160140
2023-02-13,192.19898986816406,194.62186190477692,191.5273038755873,194.62186190477692,4825356
2023-02-14,194.3579864501953,195.0056893976688,192.6307834708181,193.35045015875392,4638822
2023-02-15,195.4614715576172,195.67737742291666,192.07904394563482,193.20652469684774,5227672
2023-02-16,196.66090393066406,198.26816237979932,196.01320101633723,196.1331454581883,11189362
2023-02-17,194.93370056152344,195.74932862077216,193.83021755586265,195.19758711794177,5616244
2023-02-20,195.29354858398438,195.65338193573595,192.96663795598266,194.4539374298973,6497188
2023-02-21,193.23049926757812,195.74933259136407,192.9186466415358,195.46146299745737,5761172
2023-02-22,189.58419799804688,192.0790484575621,189.24836231727232,191.671234392226,6883372
2023-02-23,189.0084686279297,191.28741315937663,188.74458205508412,189.89604583737867,6078322
2023-02-24,188.6966094970703,190.2319043675443,188.33677613445832,189.96803242495832,5106634
2023-02-27,187.28126525878906,188.69660096943983,184.93035699096498,188.4327290387788,5554710
2023-02-28,185.697998046875,188.64864333210798,185.05030970783068,188.00094035140668,10061602
2023-03-01,187.5691375732422,187.95295395823007,185.81793688238653,186.20176790903096,4542612
2023-03-02,186.1777801513672,187.28127793988813,185.81794678065202,186.4896474526462,4438972
2023-03-03,187.32923889160156,187.8090166686151,186.6815359643021,187.40120262982242,4393936
2023-03-06,188.9125213623047,190.30387414686382,188.12089086778462,188.28881603732705,6727722
2023-03-08,188.3607635498047,188.55267173774598,186.56159683474988,187.90496879199497,4908842
2023-03-09,187.16131591796875,188.96048260269353,186.92142702667212,188.45670714597702,4157054
2023-03-10,186.68154907226562,187.06536546416405,185.482104545512,186.10580984276115,4567396
2023-03-13,184.9303436279297,188.360751686924,184.11471557847693,186.63354882091863,5982520
2023-03-14,182.05169677734375,185.74597714794126,181.04416044294192,185.4581075321612,8094852
2023-03-15,180.27651977539062,184.0907593837884,179.86870569121328,184.0907593837884,7687926
2023-03-16,178.88516235351562,180.73230988098064,177.51779264400741,180.08460689840757,7686620
2023-03-17,180.63632202148438,181.52391378312146,179.36491391832283,180.97217230155945,9044282
2023-03-20,176.15042114257812,180.3724746826424,175.19086551642582,179.9166799035573,8184754
2023-03-21,175.79058837890625,177.6377358938448,175.3348082399324,177.03801362546585,7211152
2023-03-22,175.79058837890625,177.51779144016902,175.5267164374823,176.4862720668886,5374846
2023-03-23,173.43966674804688,175.07090826492555,172.8879252316747,175.07090826492555,9485192
2023-03-24,173.5596160888672,176.00648575404216,173.1997827452137,174.3272634836592,7906696
2023-03-27,173.31971740722656,174.6391062594615,172.33617884676812,173.5596062894511,6227714
2023-03-28,170.89686584472656,174.66311002950948,170.51303480260017,174.15934917368648,7813096
2023-03-29,172.26422119140625,173.07984934574833,170.32112686830396,171.76046033479668,8823840
2023-03-31,175.2388458251953,175.47873473118463,173.343717611217,174.32727091076728,7914212
2023-04-03,176.53424072265625,176.7501319395371,175.19085414822177,176.53424072265625,4053500
2023-04-05,177.39784240722656,178.4293617538798,176.17441486797728,177.37385937377326,6443110
2023-04-06,175.91053771972656,177.73370225124387,175.52672131396363,177.03801854393402,6429614
2023-04-10,179.10104370117188,179.62880220012627,176.3663190747548,176.5582272630138,5624940
2023-04-11,177.63772583007812,179.84470658101128,176.8460954089978,179.19700363952515,6784354
2023-04-12,178.54930114746094,179.17302105780337,177.20592919567997,177.80565143159222,5578210
2023-04-13,176.70216369628906,177.46981112987356,175.59868057665048,177.46981112987356,6724634
2023-04-17,173.3677215576172,173.65559118354813,168.88179592502718,172.6960355248832,13603290
2023-04-18,176.51026916503906,176.9900470179702,172.36019366551622,174.3752665044903,8024898
2023-04-19,173.10382080078125,176.5102460386132,172.91191261308427,176.5102460386132,7475944
2023-04-20,174.08738708496094,174.49520116537488,172.24023952660875,172.95990626557787,4423266
2023-04-21,176.58221435546875,176.89408164042254,174.47119495277607,174.68710082056617,5299988
2023-04-24,181.33201599121094,181.64386861675584,177.7816487414512,179.91666569772653,17779044
2023-04-25,180.22853088378906,181.78780876183882,179.48488113707418,181.4519730807914,7528552
2023-04-26,179.70077514648438,181.18808930458417,179.14903358635328,181.18808930458417,7008146
2023-04-27,179.62879943847656,180.68431642015761,178.50131871751182,180.58835500667533,8491700
2023-04-28,184.71446228027344,186.15379575258726,182.31557315975041,182.31557315975041,27709406
2023-05-02,186.32171630859375,188.14486613841228,185.8899192059164,186.63356895821312,9746608
2023-05-03,184.76242065429688,186.3216983941291,183.29908968269183,186.3216983941291,4828488
2023-05-04,184.0907440185547,185.26619081994784,183.77887674149443,184.59450484177228,6253358
2023-05-05,182.02767944335938,184.42656824636003,181.83577126745038,183.63493786970088,7902194
2023-05-08,182.48348999023438,183.75489823769917,182.12365663859399,182.79534263332474,9613544
2023-05-09,183.41905212402344,183.97080832251189,182.33955204435682,183.51501354332322,5716698
2023-05-10,184.11474609375,184.49856250907388,183.2751348737785,184.23469055374593,3670402
2023-05-11,184.54652404785156,185.60204104281536,183.80287432980177,185.0502995124891,4049964
2023-05-12,183.87484741210938,184.8344030411354,183.0592192707745,184.52255039003333,4580358
2023-05-15,185.0742950439453,185.67401732211752,183.51501712069756,183.8748504876009,5089694
2023-05-16,185.6500244140625,186.53760162522684,185.43411854874034,185.91389634576169,4059352
2023-05-17,183.41905212402344,185.84193886560263,182.9632719864917,185.29019730877107,5376102
2023-05-18,183.56298828125,184.88237722458646,183.39506312376682,184.81041348328122,4237016
2023-05-19,185.29019165039062,186.2497472474581,183.99478573768695,184.61849101911824,7281582
2023-05-22,189.8720703125,190.27988438363778,184.9063669982321,185.43412552313646,12197390
2023-05-23,190.7836456298828,192.9186627680345,190.01599819584754,190.47179297777203,12725634
2023-05-24,191.76719665527344,192.12703001303916,188.72060463119232,189.2723461847684,8256974
2023-05-25,189.0804443359375,191.43135275725655,188.3847606309086,191.43135275725655,13605054
2023-05-26,192.7267608642578,193.13456030790584,189.51224353497625,189.58420728140487,7926180
2023-05-29,191.81517028808594,194.78979868626325,191.59927904990593,193.83024302771022,7959308
2023-05-30,193.11056518554688,193.75826814617753,191.64724874701466,191.91112068128882,7378972
2023-05-31,193.6623077392578,194.21404928576294,192.15101058434152,192.7507328395985,11783582
2023-06-01,195.34152221679688,195.7493362623413,193.85420815509983,194.31000290747113,7065484
2023-06-02,194.28602600097656,196.61293661806235,193.83023123423348,196.08519275129433,6320754
2023-06-05,193.9261932373047,196.588954179164,193.68630433653695,196.18114011952753,7252860
2023-06-06,191.88714599609375,193.51838766452207,189.77611186343185,193.51838766452207,13707400
2023-06-07,193.25448608398438,193.6383170972613,192.39089192700933,193.0625778981739,8215860
2023-06-08,191.69522094726562,194.19007145260926,191.31140455028523,193.87821879985557,10615052
2023-06-09,190.61572265625,192.07905379705699,190.01600037927759,191.64725668596827,12018232
2023-06-12,189.8000946044922,191.8151525157571,189.32031681966873,191.8151525157571,11973622
2023-06-13,189.77610778808594,191.19145819095525,189.2723469418616,190.92758625086762,13016186
2023-06-14,190.20791625976562,190.54375193758455,188.40874949469654,190.13593787583756,18512564
2023-06-15,186.60958862304688,190.6877000859965,186.27373829296465,190.51977492095543,28702320
2023-06-16,182.9392547607422,186.46562423913338,181.90773550096043,184.9783102488722,41110648
2023-06-19,182.3875274658203,183.2751193228092,180.92421103469607,183.2751193228092,10629440
2023-06-20,183.5150146484375,184.69047615448244,182.60343972622763,183.17916432052266,11802658
2023-06-21,184.954345703125,185.7939568703895,183.8028818877793,184.3546234407932,8829264
2023-06-22,183.41905212402344,185.1942358894713,183.08321643978798,185.1942358894713,9356174
2023-06-23,182.29159545898438,183.75491200865656,181.40400353008883,183.4190616652936,6470406
2023-06-26,182.7473602294922,183.22713802722868,181.85976837534844,182.31556313986064,4100400
2023-06-27,183.56298828125,184.3546187189206,183.03522977558416,184.3546187189206,5880750
2023-06-28,183.13119506835938,184.1147337175494,182.69938332807428,184.1147337175494,7140112
2023-06-30,186.7055206298828,186.99339022694053,183.75489020376708,184.71444576618885,9070810
2023-07-03,187.88099670410156,188.98447983028927,186.87346035664575,188.98447983028927,9036924
2023-07-04,189.968017578125,190.6397035408408,188.5526672724708,188.91250060696026,12617234
2023-07-05,188.98446655273438,189.70413323011846,188.00092795030517,189.08042796638134,12366958
2023-07-06,190.0879669189453,190.4478002627028,188.62463586933785,189.27233881643255,9037242
2023-07-07,189.9200439453125,190.687691349145,188.64863571109484,189.51222988937118,9065220
2023-07-10,187.08937072753906,189.92005699715133,186.94542859349664,189.92005699715133,5630400
2023-07-11,188.0968780517578,188.45671139681917,186.08182010440783,187.1133394319192,9634838
2023-07-12,188.00094604492188,189.00848241856366,187.28127929827167,188.9844847420142,6848220
2023-07-13,189.17637634277344,191.23942962043154,187.71305994301116,188.00092954473743,13595726
2023-07-14,194.333984375,194.54989023315414,188.24081534011424,189.39227908640592,31366784
2023-07-17,199.2277374267578,203.8815880830342,194.69383122407973,195.26957045801427,45759860
2023-07-18,200.16329956054688,201.65059899411082,197.7883936467554,200.5471159353396,17769026
2023-07-19,200.5231475830078,201.98646409089892,198.6999830651265,201.506686266455,10830990
2023-07-20,200.3791961669922,201.50667693053003,198.93986276034556,200.78701022720674,8255710
2023-07-21,194.16607666015625,198.7959293860225,192.39089298789477,194.31000413989372,23514212
2023-07-24,193.8542022705078,195.74933032022122,193.59033035345405,194.93370225389137,6808460
2023-07-25,192.10302734375,194.54989704128113,191.91111915292836,194.54989704128113,6458200
2023-07-26,193.23049926757812,193.63831330547464,192.58279634170202,193.59033259954757,5329662
2023-07-27,191.88714599609375,195.07766558789535,191.43135120798328,193.8302403208653,8948358
2023-07-28,191.3114013671875,193.27849331271125,190.2558843305679,192.41488447138883,6760060
2023-07-31,194.333984375,194.78977912370058,191.4073516236583,191.79116799187022,6762180
2023-08-01,195.24557495117188,195.74933576744039,193.85420766499027,194.54989130808107,7181804
2023-08-02,193.25448608398438,194.74180014691342,191.43133635630107,194.74180014691342,5399618
2023-08-03,191.74317932128906,192.87065998835806,190.49575421392882,192.87065998835806,6821698
2023-08-04,196.1571502685547,196.70889179281306,192.05504142300362,192.31892798967053,12481540
2023-08-07,197.26063537597656,198.14822721556396,195.77332129905392,196.68491081312843,8822866
2023-08-08,199.75547790527344,200.30721941365056,196.68490309888034,197.8603498529611,15724284
2023-08-09,200.45115661621094,200.7870069289075,197.93232319595583,199.34767354590457,9309388
2023-08-10,200.85897827148438,201.890497640011,199.37166412442753,200.1153285187844,9901644
2023-08-11,198.17221069335938,202.5381915192943,197.83637502469128,200.85896925098518,7571468
2023-08-14,199.17974853515625,199.6835240045693,196.46900692351713,198.26817365358596,5792180
2023-08-16,200.85897827148438,201.60264266584124,198.62801437172752,198.69997811526994,8131780
2023-08-17,200.3312225341797,201.6985922471211,198.86790604240025,200.85898106358866,6340960
2023-08-18,197.5245361328125,199.7555000876098,195.74935232613322,199.13178013098806,10602392
2023-08-21,198.91587829589844,200.23526724249953,197.50052793288197,197.5724916743653,7334260
2023-08-22,200.11532592773438,200.59510373401443,198.02828954208488,199.10778960621496,6350240
2023-08-23,199.2277374267578,200.52314338228211,198.91588477573364,200.18729305554413,6134234
2023-08-24,198.00430297851562,201.50667504525873,197.66845266344427,200.90695279810024,5776956
2023-08-25,196.56497192382812,197.33260469599824,195.3175467065668,196.70889940819586,6598510
2023-08-28,195.77333068847656,197.8843647784682,195.58142249165647,197.40458696558954,3401974
2023-08-29,195.7973175048828,197.6204672360442,195.3175397186134,196.540967216938,3998562
2023-08-30,195.3655242919922,196.80485767928587,195.10163771932787,196.70889626347042,4018182
2023-08-31,195.94125366210938,196.70890108246988,195.00569572244288,195.74934546743344,22061952
2023-09-01,199.75547790527344,200.42716385641324,195.50944170314398,195.725347556779,8476130
2023-09-04,208.27154541015625,209.42300919907072,199.58756432259662,200.54711992030138,27634648
2023-09-05,207.19204711914062,209.90278877730478,206.44838273962137,209.0871606556789,17973426
2023-09-06,205.96861267089844,208.9672240517446,204.33737100804956,208.10362983072375,13531912
2023-09-07,207.6718292236328,208.07964329289294,204.74518163687165,206.2804764946779,9322650
2023-09-08,206.30445861816406,207.9596979218795,205.9686082939834,207.9596979218795,5748410
2023-09-11,208.63137817382812,209.9027864088878,206.3524336356745,207.74378632011067,8253314
2023-09-12,208.70335388183594,211.8219097444381,204.8171505708772,209.7108902427004,14545328
2023-09-13,209.03919982910156,210.11869991273247,207.0241271496611,208.67936646789127,7445670
2023-09-14,209.39903259277344,212.66151586844097,208.84727639383323,210.33459054425637,14895010
2023-09-15,211.60598754882812,212.90139343314013,210.26261559903924,211.00626531380522,19835876
2023-09-18,209.23109436035156,211.60598560422406,208.79929728343438,211.60598560422406,6025196
2023-09-20,206.35243225097656,209.59093236241077,205.84865678198187,208.34350716893448,9102700
2023-09-21,205.80068969726562,206.90417276200046,202.96998901166052,206.25646981458817,8893070
2023-09-22,200.78700256347656,204.74516928067771,199.87542770239176,203.6176885601741,19818260
2023-09-25,198.67599487304688,201.38673658245432,197.66845853953825,200.78701431746785,9301132
2023-09-26,198.10025024414062,199.97138073158226,197.52452567043514,199.97138073158226,6480566
2023-09-27,199.41964721679688,199.85144432486777,196.8528329609629,197.78840556316405,7773994
2023-09-28,194.47792053222656,199.82743969908094,193.8302176192766,199.82743969908094,16876116
2023-09-29,194.81378173828125,196.34907664876474,192.63079847154316,194.31002087415936,12780272
2023-10-03,194.5259246826172,195.79733298844232,193.6383327794972,195.00570250682722,5728104
2023-10-04,194.26202392578125,194.5259104948445,192.22296832160745,193.20652157449675,6905870
2023-10-05,195.17359924316406,196.9008022166265,194.31000507726094,195.72535541535038,8125304
2023-10-06,195.6773681640625,196.61292603889422,195.24557109555127,195.74933190187176,6365004
2023-10-09,194.59786987304688,197.18866694841756,193.54235290376528,193.92618391152942,6030450
2023-10-10,195.62939453125,196.10917232286556,194.88574481090836,194.98169158423772,5128014
2023-10-11,202.05841064453125,203.4017972236695,196.22911350184197,196.22911350184197,19092228
2023-10-12,200.11532592773438,202.41825354121588,198.96386212099364,202.34628979860523,10234398
2023-10-13,197.21266174316406,198.8199203252101,196.25310612900606,197.62047580751258,10914054
2023-10-16,196.80487060546875,197.62048412684433,195.8213172745576,197.18868701062698,5277652
2023-10-17,197.38058471679688,198.5560461877778,197.21265955784864,197.52452684231957,5979388
2023-10-18,195.4854736328125,198.46008725599646,195.269567762653,196.2291233781943,4881066
2023-10-19,189.65615844726562,190.35184211379593,187.16132267273403,188.04891453089652,25629102
2023-10-20,188.00094604492188,190.01600415054799,187.59313196015526,189.53622631944785,8429336
2023-10-23,183.8268585205078,188.5526727114544,183.37107840200062,187.521153384494,8837826
2023-10-25,183.2031707763672,186.0098740632453,182.84333739706634,184.42659840932697,6678294
2023-10-26,181.4759521484375,182.57943522750898,179.94065733771015,181.7398240807548,10995582
2023-10-27,183.4430389404297,184.40259450999736,181.85976346564942,181.85976346564942,6202812
2023-10-30,183.27511596679688,184.40259670277726,182.50746857368324,184.23467154777487,4688744
2023-10-31,183.1791534423828,184.2826511388165,181.9077452336201,183.85085405832336,6153536
2023-11-01,182.7713623046875,184.97832851408398,182.38753127226354,184.16271502328954,4241952
2023-11-02,184.06674194335938,184.7864086116965,183.32309224274002,184.13870568186192,4742730
2023-11-03,184.01876831054688,185.5300800854721,183.58697122127813,185.19422977067617,5291528
2023-11-06,184.54652404785156,185.41013285509183,183.75489362245682,185.1942269928677,4939936
2023-11-07,183.89881896972656,185.67400262930482,183.68292775166285,184.66646635337273,5692178
2023-11-08,183.37109375,185.1222799132715,183.03524341001585,184.52255762162665,7102052
2023-11-09,182.72337341308594,184.234670516334,182.17163188544376,183.75489272853105,9231126
2023-11-10,181.97972106933594,183.17916561801772,180.87623794121154,182.45949888880864,10710700
2023-11-13,183.10719299316406,183.70691523841984,182.3155625577577,183.562987756221,3585902
2023-11-15,187.90496826171875,188.1928378636464,184.35461554902773,184.9783208184908,10792518
2023-11-16,190.519775390625,191.6712392311415,186.77749960687504,187.9049804130367,13843576
2023-11-17,189.7041473388672,191.43135042137644,189.27235022865415,190.9515726007715,7886928
2023-11-20,192.00709533691406,192.43889245988746,188.6486504934314,188.6486504934314,8610496
2023-11-21,192.2229766845703,193.15854927091019,191.93510707018442,193.15854927091019,5440248
2023-11-22,192.0310516357422,193.15853231883654,191.47931013089126,193.110551613707,5318582
2023-11-23,193.11056518554688,194.31000968980493,192.15100958214043,192.15100958214043,9677360
2023-11-24,189.9920196533203,193.5903533588756,189.77611377432405,193.11057553146824,6250566
2023-11-28,190.3998260498047,191.31140095675318,188.60065926964714,190.47178979267963,8145314
2023-11-29,194.9097442626953,196.0132274197042,190.9515771484375,190.9515771484375,15544086
2023-11-30,198.17221069335938,198.86789434689277,193.85421057485024,195.24557788191703,19825958
2023-12-01,195.5814208984375,198.50806846148808,195.02967934645292,198.50806846148808,9830426
2023-12-04,195.4854736328125,198.1482346092769,195.14962331071035,198.00430712360838,10662472
2023-12-05,193.9981689453125,196.2291329317305,192.91866882527242,195.46148547359275,11165368
2023-12-06,200.90695190429688,201.69858233869297,194.76580197737732,195.14961835718867,22082070
2023-12-07,200.66705322265625,202.2263309823063,199.8994058588051,201.50666432400627,11250552
2023-12-08,202.7541046142578,203.66567952123944,199.10779034467458,200.93094015863784,15479122
2023-12-11,201.7945556640625,202.56220311064686,200.18729702563905,201.50668604138622,10084242
2023-12-12,202.56219482421875,205.29691952362808,201.57864154044816,201.84252811779683,11903364
2023-12-13,201.3387451171875,203.56970889542524,199.10778133894976,203.20987555565605,9696816
2023-12-14,208.4154815673828,209.18312900582734,203.06596181586335,203.18590627056852,24681376
2023-12-15,214.24478149414062,215.66013193189156,207.98368674632923,209.20711434111533,41567234
2023-12-18,213.62107849121094,217.57924558285043,212.0618005460196,213.98091186317816,20182072
2023-12-19,210.47853088378906,214.62860600762238,208.70334713198076,213.7889948409995,16064694
2023-12-20,207.2400360107422,215.66013092778945,205.9926107455648,212.06179726381077,26449942
2023-12-21,208.22357177734375,209.42301631523168,204.96108849095137,205.77670199172098,10663008
2023-12-22,221.9691925048828,223.72037851707083,208.22356169461776,208.84726696745525,46080814
2023-12-26,225.54354858398438,228.27827328173285,215.10838134720402,217.81912301141563,54628644
2023-12-27,225.9513702392578,228.08637275376998,222.66488924314686,224.77590872331615,25262992
2023-12-28,225.23170471191406,229.04592961719402,224.36809584610296,226.71900424888395,16839956
2023-12-29,226.1192626953125,228.062371496507,223.62442701506043,225.95135218501497,15961140
2024-01-01,228.9259796142578,231.97257164275777,224.67994305813244,226.93490462673097,20347278
2024-01-02,225.11175537109375,229.33379426235723,222.76083237767295,229.33379426235723,14282514
2024-01-03,218.73069763183594,222.56892005886235,218.29890053712677,222.56892005886235,19534364
2024-01-04,217.05148315429688,220.62583377514096,216.57170533360141,219.25846405782744,15170336
2024-01-05,219.0665283203125,222.1371030584481,217.57921433478666,218.32286400672194,16889130
2024-01-08,216.06793212890625,220.69778490566114,215.44421221265733,219.49834042247818,10082886
2024-01-09,216.2598419189453,221.89723103164107,215.87602553814773,219.7382309459278,14465048
2024-01-10,217.62722778320312,218.77869165304554,215.42024682503828,216.5957083715038,8874676
2024-01-11,215.0364227294922,219.2104809386828,214.31675600635688,218.27492298360107,8638818
2024-01-12,223.3125762939453,225.01578157715258,218.29889257484953,218.29889257484953,36086734
2024-01-15,237.29811096191406,253.80246492067374,234.6833160054069,245.6222590062638,127844264
2024-01-16,232.69223022460938,237.49000816738481,230.5332301503604,237.49000816738481,25912492
2024-01-17,231.44480895996094,235.81078989033094,226.4551227431052,227.96641989240266,28668932
2024-01-18,231.56475830078125,234.6113503388295,224.72792447188897,231.4448138476428,26144924
2024-01-19,232.71621704101562,236.6983815832526,232.02054801299724,234.1315674138068,15498620
2024-01-23,225.4475860595703,233.17201159421194,224.0802163965816,229.35777221455757,19972336
2024-01-24,229.846923828125,230.30369067042406,225.03891358448357,226.4572824755109,11708750
2024-01-25,225.97647094726562,230.4719632506866,225.27930362519035,229.8469131443372,12852980
2024-01-29,227.41888427734375,229.34208837271242,225.97648120581727,225.97648120581727,10051300
2024-01-30,227.17848205566406,232.17880973141325,226.69768103544044,228.09200105951243,11828014
2024-01-31,229.89500427246094,230.73640605560914,225.49567788371968,227.1784814500161,10584480
2024-02-01,226.6255645751953,229.67865399840647,226.26496380882114,229.60652210682545,7828120
2024-02-02,232.2989959716797,233.90968222683136,228.3804708278415,228.3804708278415,16296222
2024-02-05,231.91436767578125,235.35209192665025,230.37579859076465,232.22688539442711,11566604
2024-02-06,240.23220825195312,241.2659274309584,232.27495785144288,233.0442423589171,29024038
2024-02-07,238.09266662597656,241.2178731989155,236.818532207934,240.85727244049946,9103534
2024-02-08,235.03956604003906,240.4485771578389,233.23656233410577,238.42920713804094,11303840
2024-02-09,235.80886840820312,237.87630694504023,232.1066946492535,236.02522006556543,7893788
2024-02-12,241.09767150878906,245.59314919860284,236.07329510232594,236.07329510232594,48873500
2024-02-13,245.97779846191406,246.6509169380848,236.40986134372662,241.89098989666314,22373576
2024-02-14,247.3721160888672,248.57411859658762,238.98213271582563,242.2996713754398,22594656
2024-02-15,249.29531860351562,251.3867912160784,246.67494728327472,248.550082922359,14570776
2024-02-16,261.074951171875,262.036553201974,250.4732946591867,251.2185303633604,34942644
2024-02-19,257.685302734375,262.4692785705191,255.4736005190612,262.4692785705191,18602758
2024-02-20,255.7620849609375,258.7430568802246,253.0215135295645,257.6131569795708,10374126
2024-02-21,250.6896514892578,257.85356873467475,249.77611785696143,257.66126594339823,13115574
2024-02-22,255.32937622070312,256.26694408039424,250.71369815943746,251.3627677991961,14596482
2024-02-23,257.7814636230469,260.23353694416915,256.4111631882614,257.2285307438901,19860994
2024-02-26,256.2188720703125,257.9497439822133,252.92536751732104,257.8295437287267,8820636
2024-02-27,255.5216827392578,258.3824543951769,253.6465472079461,256.74771935014815,10399260
2024-02-28,248.9106903076172,255.28130373008128,247.61252170332057,254.82453689856294,12789056
2024-02-29,249.3433837890625,252.05992114389258,246.74707602851504,248.7183483659176,14462764
2024-03-01,249.5837860107422,252.51668970232538,248.83855033392882,251.17045277876517,9420630
2024-03-04,250.25692749023438,253.09366520777647,249.31935964489318,251.4348958422905,5662370
2024-03-05,246.79515075683594,250.25692387264212,245.5210310242414,248.93472110482315,10521548
2024-03-06,246.72305297851562,247.54039122870535,240.40050788288957,246.9874876680338,11091922
2024-03-07,247.85292053222656,250.20885721836547,245.44891548341738,247.01151876514336,9707982
2024-03-11,247.39614868164062,249.51168481995308,246.31434643163715,248.7664491391035,11131512
2024-03-12,245.61720275878906,251.21853167887062,244.1267166697542,246.53072175759024,11652760
2024-03-13,242.51602172851562,249.39148483970368,238.8619311899751,247.0355481988422,13580480
2024-03-14,249.0308837890625,249.48765060816015,238.06861218665782,240.95341818630925,12825472
2024-03-15,248.57412719726562,249.17512847192052,243.47763345361557,247.49232490288682,13649086
2024-03-18,245.3046875,249.31936429877254,244.72772040396134,249.0549296056031,6393960
2024-03-19,237.9243927001953,244.7277243421237,237.10702507980122,244.7277243421237,9617386
2024-03-20,237.27529907226562,241.00150690977335,235.20786059286593,238.50133578190554,8385344
2024-03-21,240.6168670654297,242.94874018435635,239.65526506244726,240.23221746050743,11644580
2024-03-22,234.1981658935547,235.95308657794828,230.568109604011,235.23188509070036,28646502
2024-03-26,230.71237182617188,236.04926606990065,230.32772220736825,233.669295157477,18273346
2024-03-27,227.08230590820312,231.24124628693673,226.57747072851785,230.64024503831996,14320668
2024-03-28,230.8325653076172,232.2509194678547,228.5247116811622,229.1978448260963,15455150
2024-04-01,233.16444396972656,233.8615965955178,231.52970887944278,232.56344273738154,6041008
2024-04-02,231.3614501953125,232.0826517050574,230.5921656503415,231.72205095018495,6932654
2024-04-03,232.3230438232422,234.48664827438748,228.83723665195257,230.78447478883064,13794516
2024-04-04,234.3424072265625,236.53006060606776,230.59216525152812,233.573122682922,16004046
2024-04-05,233.2125244140625,234.22220947129594,232.01052188708994,233.90969174885956,6414344
2024-04-08,230.73638916015625,236.36176653901586,229.9190362915346,235.59248203046252,26640770
2024-04-09,228.76510620117188,233.30868144624847,228.4766373441806,232.68364602559157,15801250
2024-04-10,229.48631286621094,230.52004676098227,227.46695745730977,229.58247893596527,10771534
2024-04-12,226.33706665039062,230.78447581983536,225.97646590692213,228.38047086337875,13170046
2024-04-15,220.85594177246094,225.1831507624271,220.30302355831944,224.26963179912175,12176472
2024-04-16,215.567138671875,220.4472660545363,213.86028625965338,217.8268946455856,21439424
2024-04-18,213.64393615722656,218.98083041344464,212.922734627275,217.56246153538683,21986258
2024-04-19,217.6826629638672,218.2355812052342,210.1100468585532,211.55244992623207,20470106
2024-04-22,222.13006591796875,224.12538716858614,216.36045381620332,217.68265658952456,18881740
2024-04-23,222.1781463623047,224.43790227207967,221.26462739142195,224.43790227207967,10322712
2024-04-24,221.12037658691406,223.4041813330047,220.4953411571368,223.04358058362195,5915168
2024-04-25,221.64926147460938,222.3944971570523,219.14909040010303,220.63957643787097,11805090
2024-04-26,223.38015747070312,228.76512010650129,221.9377544065439,222.08198884380673,21478294
2024-04-29,222.58682250976562,225.01486162178824,221.93773824358797,224.84657834198194,7249940
2024-04-30,222.32237243652344,224.4138596549758,221.88965448478058,222.6108559619792,8902956
2024-05-02,219.9183807373047,222.61086934866856,218.98082756429574,222.32238580586483,14937276
2024-05-03,219.8943328857422,222.13005452593995,217.89901173745562,221.36077001724783,9730626
2024-05-06,220.51937866210938,222.41854850663984,219.2452589296604,220.59149587849663,6918126
2024-05-07,223.0435791015625,223.74074641488946,218.2836521759152,222.03389407542352,9278528
2024-05-08,222.70703125,224.24558566133695,221.7934976027486,223.57246718932188,8205680
2024-05-09,219.19717407226562,223.28398259290208,218.30768928319773,222.0098628710448,9233484
2024-05-10,217.24993896484375,219.96646173253797,216.50468859677457,219.26929439997042,6654714
2024-05-13,217.2980194091797,217.9230548446004,213.95644656557567,217.24993637425143,7111608
2024-05-14,219.41354370117188,221.12038141637615,217.4182224455843,217.65862295042334,4909420
2024-05-15,220.35110473632812,221.0482720944142,218.5961839229012,219.41355153769982,4793424
2024-05-16,223.3080291748047,224.77446634813705,219.29333791080165,222.13006086168838,14621472
2024-05-17,221.64926147460938,223.28398194353335,221.1924946544785,223.28398194353335,6876820
2024-05-21,221.60118103027344,223.47630202163083,221.02422862602316,222.6108660788143,8467448
2024-05-22,221.79348754882812,222.82722140039732,220.61553394441907,222.56277205606597,7765884
2024-05-23,223.9571075439453,225.01487564905545,222.0098692969046,222.3704700591627,13171332
2024-05-24,222.9233856201172,226.21687547715598,222.13006688723925,224.53407194013144,8205526
2024-05-27,217.53842163085938,222.20218259812913,217.12973784006135,222.13006538160766,40983758
2024-05-28,219.269287109375,219.8462541704458,217.8509329829722,218.2836509423344,15778126
2024-05-29,216.74508666992188,219.00485725720617,216.12005123405967,218.28365575141956,9756036
2024-05-30,210.08599853515625,216.12004509295937,209.1965137687179,215.87964459786153,20724568
2024-05-31,210.68701171875,212.58616693397502,209.38884310246343,210.37447931909693,21438004
2024-06-03,213.52374267578125,216.6249005492204,212.29769123224034,216.4566319251999,8964424
2024-06-04,210.6629638671875,214.38917177021995,200.49402523413352,214.38917177021995,17730732
2024-06-05,217.08164978027344,218.7644532669422,211.09567150854167,211.40820389437144,12267428
2024-06-06,221.64926147460938,222.1300624756389,217.61053600053782,218.74042128753362,15425568
2024-06-07,232.9721221923828,233.86160699036623,225.159105824619,225.97647340609183,72672440
2024-06-10,228.5006866455078,234.82321717624092,227.5871676345263,234.82321717624092,18311752
2024-06-11,228.88531494140625,230.39984986121254,228.06796202813547,230.39984986121254,9371714
2024-06-12,229.29400634765625,232.9000140423863,228.64492202802828,229.82289041079324,13875116
2024-06-13,232.03457641601562,233.35677922802134,229.895005996526,230.78449082281548,12995932
2024-06-14,229.5824737548828,233.47696472592943,228.95743833423168,233.18848119605897,11322596
2024-06-18,236.4819793701172,237.03489759626223,230.8085186563758,231.26528548438566,31870984
2024-06-19,238.3571014404297,239.03021992192302,234.02989233712387,236.6742979002552,20880284
2024-06-20,235.78480529785156,239.19849530104588,234.75108609193097,239.19849530104588,12571126
2024-06-21,235.85693359375,240.85727592101583,235.15978092113423,239.4148728665082,95171176
2024-06-24,235.85693359375,237.94842095736257,235.32806421207,235.64058193930344,9934518
2024-06-25,238.88597106933594,239.4388892645875,235.25591484804147,235.85691607611525,9258210
2024-06-26,238.09266662597656,240.35242257498757,237.4195334719607,238.88598535991534,12812090
2024-06-27,245.59315490722656,246.14608781799322,235.20786462366544,236.62621882755195,42137138
2024-06-28,247.54039001464844,248.23755735324258,243.21319556686163,246.17011886474248,16405832
2024-07-01,253.55039978027344,257.61317416622165,247.17978642553527,249.0068537321851,30757528
2024-07-02,258.7671203613281,262.0365614980218,254.0071784233329,254.48797945360448,36276968
2024-07-03,259.1517333984375,262.25290565055855,257.4689299348113,260.5460680066046,16049384
2024-07-04,255.1610870361328,263.8635730726954,254.39178785741595,260.3056634130802,19524632
2024-07-05,257.276611328125,257.94974448727385,254.56010320146828,255.47360752229596,10376090
2024-07-08,260.2095031738281,261.0749390917198,257.2285311493003,257.6852979616154,12176360
2024-07-09,260.11334228515625,262.0125121136924,258.4786071387738,261.55574529228284,8681444
2024-07-10,257.49298095703125,261.2432230521098,255.66594294617406,260.1133523909359,9233748
2024-07-11,256.7958068847656,259.41617825007233,254.8245344883503,258.04590711424277,8807618
2024-07-12,269.3207092285156,271.55641641500307,260.3777924452676,262.0365618712202,54186042
2024-07-15,269.1043395996094,272.56611284925077,267.3975018297718,272.56611284925077,16099478
2024-07-16,269.1043395996094,270.4986449648466,267.5177020860387,270.13804419604577,11239032
2024-07-18,275.5951232910156,276.1720903271364,267.4936092973781,267.5897753610253,25019786
2024-07-19,267.9023132324219,278.8165014008319,266.70031077655653,278.8165014008319,26523490
2024-07-22,243.18914794921875,253.261935100489,241.14574363184414,250.49732925933512,76014568
2024-07-23,240.66494750976562,244.24692101985963,233.8375817495544,244.24692101985963,25847632
2024-07-24,240.44857788085938,243.45358406645082,240.32837763343574,241.60249732155015,12240276
2024-07-25,243.69398498535156,244.00650269462054,237.17912275992376,238.47729130351092,21887890
2024-07-26,252.32435607910156,254.1273598087242,244.487305736828,245.20850722867704,26153996
2024-07-29,252.13204956054688,255.08895802594694,251.38678455337845,253.86292137708529,12011554
2024-07-30,250.7377166748047,253.3580879435311,249.8963149409966,252.13205128627777,10816526
2024-07-31,250.97811889648438,252.37245351754814,249.75208223079798,250.8819528285207,7758508
2024-08-01,250.76174926757812,253.2859544530212,248.81451113653185,251.4589165689008,10759752
2024-08-02,241.43421936035156,249.6559193998633,240.88130114459608,247.6125151486367,15652228
2024-08-05,233.18849182128906,238.40518575846554,230.9046870044826,235.59249689161163,21938080
2024-08-06,235.35208129882812,240.08797391837575,233.95776138199156,235.47228154463957,11271584
2024-08-07,239.15042114257812,240.44858974797623,236.86661632881356,239.77547126375896,7079826
2024-08-08,234.29432678222656,237.5156994249569,233.83757462552342,237.5156994249569,13160570
2024-08-09,236.21751403808594,238.6936508069676,235.42419536092407,238.16476679789926,6065948
2024-08-12,235.13572692871094,237.5156977857985,234.34240820064255,236.33772944786986,7338468
2024-08-13,235.8328857421875,236.89065379000039,234.22219949010588,235.13571843709968,6289418
2024-08-14,238.06861877441406,238.88598636608606,235.80886281588513,237.03489953051064,11121756
2024-08-16,248.21353149414062,248.79049859872813,239.41487852292042,240.88131579382946,25931140
2024-08-19,249.8963165283203,251.55508582608817,246.9874763849741,248.09331280156474,11466562
2024-08-20,252.2522430419922,253.6705824403385,249.84823816918473,249.9684384128251,9543812
2024-08-21,253.06959533691406,253.91099708932526,250.52135589876443,251.65125585946086,6454402
2024-08-22,249.5357208251953,255.08896654666094,249.07895400270152,253.76676378698988,11496506
2024-08-23,246.36244201660156,250.71368515997528,245.85759216722016,249.9684494855462,11277706
2024-08-26,250.0165252685547,252.32436424803456,248.0692870466737,248.09332122802735,17351380
2024-08-27,248.64625549316406,251.57912993276514,248.0933225901707,250.0165266412573,7965796
2024-08-28,257.0362243652344,258.719028006017,248.98280694148895,250.01654091627634,34375566
2024-08-29,259.00750732421875,260.57011059084016,256.7717709121315,257.228537736143,25685318
2024-08-30,258.86328125,260.59415318599196,257.56511262512333,260.4499187489535,19434804
2024-09-02,256.00250244140625,260.5941461961899,255.71400422930225,258.86327430662436,15735982
2024-09-03,257.7333984375,260.04123762136754,254.58415741138515,256.26696109587965,15056686
2024-09-04,249.60784912109375,253.98312645181133,248.45391499095788,253.86292620266232,20402128
2024-09-05,252.348388671875,252.90132155045234,249.77611510543724,250.5934826602093,12069118
2024-09-06,250.30499267578125,254.7764655205278,249.2712881174884,252.34839695691815,14579954
2024-09-09,247.54039001464844,250.85792874546755,246.86728620333665,248.62219229481576,11919540
2024-09-10,252.7811279296875,253.8629301890157,247.13171613097362,248.47795307342915,10287272
2024-09-11,247.29998779296875,253.02153155114863,246.7711184201939,252.42053028855682,8261524
2024-09-12,254.84857177734375,255.7861396244435,248.93472517021735,250.23289377806583,15779474
2024-09-13,264.7290344238281,265.642568115836,255.23321411561497,256.6515830181468,35919706
2024-09-16,265.3540954589844,267.7340370383919,263.95976075856555,265.88296484423813,11088578
2024-09-17,265.3540954589844,266.7964985232388,263.0221928976471,263.95976075856555,8728238
2024-09-18,258.7430725097656,263.9837858554035,256.0986669829738,263.9837858554035,16665520
2024-09-19,256.4352111816406,265.1377272138697,254.41587038289185,261.6519198337823,20969182
2024-09-20,259.1998291015625,259.9931625564074,255.30535241322673,258.62289132978435,16664232
2024-09-23,257.18048095703125,259.8248866042606,255.7861462410949,259.1998217928483,8544290
2024-09-24,259.4161682128906,260.5460681465332,254.51199224710768,255.8822926756831,12355694
2024-09-25,257.8055114746094,259.34408059989346,255.18514005985816,259.05558238190974,8065196
2024-09-26,260.54608154296875,261.123019283861,257.5651093833767,259.00751242713756,11403400
2024-09-27,260.49798583984375,268.71970086004535,259.9691164580319,263.91169067715504,26462384
2024-09-30,260.3297119140625,261.7961491207928,256.7477385316866,258.67094256563183,8199446
2024-10-01,262.8779602050781,264.24823138690806,259.728719363041,259.728719363041,9411274
2024-10-03,254.8966522216797,260.7864642483162,253.02151665448613,259.6805985136434,14035368
2024-10-04,256.5313720703125,260.5701122777244,253.88696652506454,253.88696652506454,11922754
2024-10-07,255.5216827392578,260.44989270805746,252.8772773901458,258.6709232404114,9878074
2024-10-08,253.3581085205078,256.6515838363086,250.16076993405358,255.5697815192661,11502804
2024-10-09,255.37745666503906,259.00749825742616,254.10332230778266,254.7283577233984,8841688
2024-10-10,252.4205322265625,258.47861326169397,251.67529652437992,257.2285423642113,12620244
2024-10-11,254.00717163085938,256.94007544454615,250.18479767326207,250.18479767326207,8436982
2024-10-14,264.22418212890625,265.3300185532582,257.85356891632455,259.0075030478525,33136266
2024-10-15,256.2428894042969,265.81081134529455,255.23318973393668,265.81081134529455,21601252
2024-10-16,255.85826110839844,259.05557011620107,254.34372623654824,256.26693021565256,12553622
2024-10-17,254.22354125976562,258.6709507286126,252.4445716030737,257.2045134756053,23755278
2024-10-18,263.7914733886719,268.47928301428215,252.32435223549027,255.7861252127859,74653054
2024-10-21,263.5270080566406,270.1620851241475,262.9981387116136,265.20981150360706,23966964
2024-10-22,262.2529296875,267.08497420678634,261.4836304261593,264.3444024456823,18478300
2024-10-23,263.0943298339844,266.6041714884848,260.69032468079695,263.2385642740224,12698576
2024-10-24,262.9500732421875,264.68094506836184,262.10867150945427,263.0943076700748,9576604
2024-10-25,261.29132080078125,265.40216366226656,259.87295191930264,264.3203613647301,10124540
2024-10-28,268.575439453125,269.1524065493274,260.9307208021816,261.2913215690874,11185858
2024-10-29,270.30633544921875,270.8833025341243,266.00316051257806,269.1524012794077,12055630
2024-10-30,271.77276611328125,278.2635796338992,269.77743021863745,270.4505633590813,20755492
2024-10-31,265.3059997558594,272.27761461914804,263.623196168169,271.55641308156646,15680094
2024-11-01,265.0896301269531,266.7964972212704,264.4405604895123,265.2579280910875,1962810
2024-11-04,260.0171813964844,265.6185249240741,256.84390645588275,264.92135758758536,9855560
2024-11-05,261.4115295410156,262.2048336441656,259.8248919889492,261.07496294614907,6862260
2024-11-06,271.12371826171875,272.06125681333856,260.1133627046745,263.2145352825989,19554884
2024-11-07,270.88330078125,273.9123412751971,266.58012587245497,272.1333716689854,11997142
2024-11-08,273.5757751464844,278.2876191831935,271.65257110327536,271.65257110327536,20852658
2024-11-11,275.7393493652344,280.4031245261788,272.15737635960255,273.5757450546092,16139444
2024-11-12,274.3691101074219,278.72035341068715,273.5998108783199,276.4605827779578,11260890
2024-11-13,273.5757751464844,275.7874480578688,271.9170057900636,274.0565761572866,11391200
2024-11-14,272.4699401855469,276.24421640274414,271.26793765194714,273.5517424657867,9783520
2024-11-18,265.8108215332031,272.4699330012213,259.77677484278746,272.4699330012213,15289764
2024-11-19,270.2101745605469,273.96041666572165,266.70033296654697,267.3253684264485,12919778
2024-11-21,267.8782958984375,272.90264300330875,266.9887964177016,270.21016907115484,11672608
2024-11-22,274.84991455078125,275.78745306224613,268.2389005322882,270.18613879221857,14733232
2024-11-25,280.0425720214844,282.4946455907181,275.9317289927024,276.70099891950645,23297474
2024-11-26,283.1918029785156,283.8408726222484,278.5280271791561,281.2685988835851,15771340
2024-11-27,280.2589416503906,286.557423619149,279.7781406040498,284.3938189106152,13659676
2024-11-28,275.11431884765625,281.7493663149305,274.32098551477867,281.6291660733286,11896556
2024-11-29,277.83087158203125,279.2252063481635,274.8258650565452,276.46060034471634,8540112
2024-12-02,281.0522155761719,281.53301657086064,277.99914099820364,280.042545225631,11194000
2024-12-03,280.4512023925781,284.82650886542524,278.191431944598,284.00914134010105,15445286
2024-12-04,282.71099853515625,285.59580464265787,280.5954623180157,283.33603398929523,14036431
2024-12-05,287.8074951171875,289.34606433738935,282.6148496765525,283.6726178495517,13487264
2024-12-06,285.932373046875,287.6632449841024,284.8265365677706,287.6632449841024,7894350
2024-12-09,292.08660888671875,293.96174453392683,282.4705888410654,283.6725913467721,9285213
2024-12-10,296.26959228515625,299.05823231216164,291.7981487001242,294.25022214637124,17028502
2024-12-11,297.135009765625,298.0004456724887,293.81747121925684,296.3176422191235,8608406
2024-12-12,297.231201171875,301.75071322446985,295.6445636497325,296.17343304185806,12958440
2024-12-13,298.0485534667969,299.10629219667464,292.5193419328758,297.2311858926296,7382211
2024-12-16,297.3273620605469,299.44286893791605,295.30799191042126,298.0966319530874,7221189
2024-12-17,296.99078369140625,300.26022462359924,295.5002829833342,299.0582221231045,10568517
2024-12-18,300.5968017578125,301.22183721088476,296.7022959118727,297.1350285655655,10965226
2024-12-19,300.74102783203125,301.3660632677251,289.58643867638256,294.5867808534623,12405595
2024-12-20,293.4809265136719,307.71262361768476,292.7116273471701,303.38541484806103,22214824
2024-12-23,296.0772705078125,298.72167619159507,293.28863038315865,294.82719955923994,6693583
2024-12-24,293.57708740234375,297.32735878805676,291.1730823324072,295.6926236021939,8837902
2024-12-26,293.336669921875,295.16373714591833,292.3269995892307,293.67323648134425,6516148
2024-12-27,297.231201171875,298.9620731331639,293.00015799757307,293.4809590252384,8063921
2024-12-30,292.0385437011719,297.51965757935136,291.02884397793764,297.2311887131499,13709891
2024-12-31,290.25958251953125,291.365418999717,283.913003167216,289.3941465500713,9337030
2025-01-01,288.76904296875,291.70194641322496,287.4709038617611,288.4805741329217,7878201
2025-01-02,292.1346740722656,292.7597388450482,285.74002668058796,286.5573942447341,8800435
2025-01-03,283.1437072753906,292.1346620744528,282.7109746575077,291.65386109714416,12535720
2025-01-06,282.99945068359375,286.3650576101199,279.3934432623157,283.6725838072044,9173687
2025-01-07,282.7590637207031,286.07660244535015,280.1146581518806,282.99946422695973,7381943
2025-01-08,286.1246643066406,286.9901295861102,278.1914477804406,281.7493869304966,7937785
2025-01-09,281.07623291015625,286.55737565939586,280.1627286824577,285.5957737276529,7964702
2025-01-10,289.00946044921875,291.60579750745853,282.99944813455556,282.99944813455556,19505556
2025-01-13,280.6435546875,287.7594037481253,279.1049855902869,287.47093488116985,9541248
2025-01-14,281.60516357421875,283.23986943644917,275.5470531084979,280.5954638237159,7670070
2025-01-15,281.4128112792969,283.3841129296536,278.5761030689249,281.7493778387005,4662694
2025-01-16,276.98944091796875,285.11498945525193,275.6913017107195,284.53802239327234,10345666
2025-01-17,271.12371826171875,276.74906695450414,269.72938350706545,276.74906695450414,9358955
2025-01-20,288.72100830078125,293.6732528654302,285.54773335335005,290.4038118462479,39380165
2025-01-21,286.8939514160156,294.10596613564513,286.3650527291183,290.78842762631035,15619474
2025-01-22,297.231201171875,298.09663715251946,287.8555811324006,287.8555811324006,30859317
2025-01-23,305.5009765625,312.1360246980273,298.72166464591106,299.1543972975658,39904371
2025-01-24,307.8088073730469,310.1166463136702,304.44320035879,306.7510392994133,17479586
2025-01-27,296.1253662109375,306.89529167895597,294.97143200025846,305.5971230283835,12372895
2025-01-28,297.7435302734375,301.6663698556201,295.73305703023436,298.13580824587757,12077491
2025-01-29,306.42279052734375,308.6293875884752,299.16551402762315,299.16551402762315,16338112
2025-01-30,303.0393371582031,307.6486853260161,300.0481841513363,305.000756816185,9984186
2025-01-31,305.8833923339844,309.6101076738606,303.5787182300551,305.68726832381554,15597644
2025-02-01,298.92034912109375,307.20735929223247,297.4983378015759,306.52085042840355,6046117
2025-02-03,307.5506286621094,307.94290663382657,294.5071691180555,297.15509780270526,14877076
2025-02-04,310.14947509765625,312.6993265704027,307.3054226556609,311.8657172523468,15366864
2025-02-05,310.98309326171875,315.2491870105061,308.82551966289395,311.66957218578926,9628027
2025-02-06,311.81671142578125,317.35771613953585,308.4822739643667,313.8271546637902,15062390
2025-02-07,311.86572265625,312.84643247592373,307.94288337755506,312.84643247592373,8589587
2025-02-10,312.8954772949219,314.80787354502263,309.75722361567034,312.6502998233136,12304840
2025-02-11,306.9621887207031,314.21943575899286,305.58920089111695,313.3368028634653,10627890
2025-02-12,304.2162170410156,309.65914490870995,303.38260765643344,307.40352415409023,9668342
2025-02-13,302.5980224609375,307.5996488505585,301.0289105910796,304.31426475637375,8832731
2025-02-14,302.1567077636719,306.3737481051475,298.67516987348694,304.06907399480605,7371341
2025-02-17,299.4597473144531,304.3142429303212,296.174363455903,302.1566992995648,7507772
2025-02-18,306.1776123046875,306.71699072449434,299.45974417194657,299.45974417194657,10368789
2025-02-19,308.0409851074219,310.394682878065,302.3528497387357,305.2459559108933,7835672
2025-02-20,307.2563781738281,308.23708800512526,304.2652251599275,305.19691147121534,7697134
2025-02-21,300.4404602050781,306.7660206049001,299.1655194780858,306.7660206049001,8722925
2025-02-24,289.3584289550781,297.44928520874606,287.6912401692317,297.10606070473233,12600963
2025-02-25,285.6807556152344,290.5843046640979,284.50392180084003,288.67193849237407,10810040
2025-02-27,288.8190612792969,290.0939721588887,285.72983112575486,288.32870633654767,15555649
2025-02-28,272.2940979003906,288.32871076007075,271.65664245081496,288.32871076007075,17458839
2025-03-03,278.08026123046875,280.826266720744,273.91224443939626,274.05937485748643,11471554
2025-03-04,274.5987548828125,277.63896136907863,270.97011650744827,273.6180450439453,9331785
2025-03-05,279.6003723144531,281.4146914454712,273.27478207976225,275.971734052417,10285712
2025-03-06,280.38494873046875,286.3672849847642,278.03125100404327,282.88577688201923,9782051
2025-03-07,279.30615234375,282.1502348420384,277.4428096209637,281.856003930721,8097300
2025-03-10,275.48138427734375,280.1397559532064,272.58830824650965,278.9629221187428,8165123
2025-03-11,272.39215087890625,273.9122391192764,267.9299331960997,271.65661851829714,8602609
2025-03-12,263.36962890625,272.3431483400791,257.14214504979424,272.3431483400791,18584311
2025-03-13,258.90740966796875,265.87045583799903,258.269954228428,263.3696276736446,8683943
2025-03-17,254.83746337890625,260.084267121287,253.90577703935543,258.90740331647436,12697926
2025-03-18,254.83746337890625,254.83746337890625,254.83746337890625,254.83746337890625,0
2025-03-19,260.5746154785156,261.35917137600615,251.3068955538521,256.94597711262145,14044300
2025-03-20,262.8302307128906,268.6654660901986,262.33987580484416,264.0070944637574,17038774
2025-03-21,259.20159912109375,264.3503257886549,255.18071271430023,258.90739814021737,22659168
2025-03-24,264.2032165527344,266.40981362293354,260.28037731682474,261.89854251585984,9269617
2025-03-25,265.7723693847656,269.4010078017961,264.15420411783185,266.7530792348939,12563930
2025-03-26,262.2418212890625,266.9982702901099,261.6043658398046,266.753092815096,7308412
2025-03-27,266.94921875,268.2731530330135,264.39936729168767,264.7916452247616,14783522
2025-03-28,257.191162109375,266.6059827996334,256.5537066828704,265.7723734285629,14283389
2025-04-01,257.534423828125,257.9267017994563,253.51350728197508,255.3278265693844,8388635
2025-04-02,258.51513671875,260.4275030745007,256.0633619583842,257.7305508380983,7136992
2025-04-03,251.4049835205078,255.47492353343904,250.37523515445136,254.88649162013672,12262561
2025-04-04,241.54884338378906,249.05126788518277,240.12681706865206,248.11959650384782,14639785
2025-04-07,238.21441650390625,239.14610283266745,223.60184572930416,226.5930137637474,13011904
2025-04-08,242.4805145263672,244.68711172630378,239.1461069655743,240.02873985977095,13806651
2025-04-09,232.08497619628906,237.6259957362432,229.48610112234795,236.05685401629552,19063559
2025-04-11,235.12518310546875,240.2739097428148,233.75219532128762,240.2739097428148,11205821
2025-04-15,239.29319763183594,240.3229459424028,236.69432257775975,240.3229459424028,10694621
2025-04-16,242.87278747558594,243.65735834559618,236.54721195918438,239.29320252199787,16203319
2025-04-17,232.3301544189453,233.21280225098582,227.67178269280586,230.46681171426735,54875421
2025-04-21,233.8502655029297,236.15493968315172,232.8205171465657,232.8205171465657,16298364
2025-04-22,229.63320922851562,234.38965806626595,228.99575380114268,233.85026464686464,18367713
2025-04-23,238.9009246826172,240.6171669146347,231.54560083111352,232.62437268400058,31898042
2025-04-24,238.06732177734375,240.4210194878196,236.84143443554487,240.07778001078296,23000820
2025-04-25,236.25299072265625,241.4017173009845,233.45797670165894,239.2441586800977,16620430
2025-04-28,235.8607177734375,237.28274405610568,234.14447554431686,235.8607177734375,14218414
2025-04-29,236.74334716796875,238.9009207672718,235.22325890179312,236.93950110568318,16647246
2025-04-30,236.8414306640625,238.70477340814676,234.58579499818245,236.89046914984257,14206640
2025-05-02,237.0179443359375,241.05847900802647,236.10589137772322,237.37100047302403,10822257
2025-05-05,238.8715057373047,242.10783627603104,238.01827799058967,239.2932037905595,12170446
2025-05-06,236.53741455078125,241.15654963127076,235.96860103378765,239.7835618071103,8869045
2025-05-07,239.33242797851562,239.73452261313423,231.45732898906303,231.45732898906303,9130056
2025-05-08,236.9100799560547,241.0878984294893,234.69366617105578,238.42036650441682,11434833
2025-05-09,237.34158325195312,238.26345289687706,231.93787741481646,232.03595438470202,10582438
2025-05-12,252.31703186035156,252.96430396012818,240.1562355687932,240.3621762595299,19791711
2025-05-13,246.71717834472656,251.99340200225382,245.7854920375837,251.99340200225382,11714159
2025-05-14,248.0607452392578,248.7962776071463,245.91298833071238,246.71717756920373,8839105
2025-05-15,251.6207275390625,252.14050255030523,245.78549209586583,248.31572524568895,12083645
2025-05-16,249.40431213378906,252.04242394605694,248.63935967071922,252.04242394605694,6640387
2025-05-19,246.89370727539062,249.82603514423295,246.43277244399695,249.40432212288678,6788784
2025-05-20,244.89306640625,249.68873703641378,244.50077348249172,248.11959527027048,9366429
2025-05-21,246.0797119140625,247.24675902108947,243.31411793938997,244.8930613845833,5313593
2025-05-22,241.19578552246094,245.06958647913768,240.27391585913918,244.19675530173737,11469037
2025-05-23,242.58839416503906,245.65802084832117,240.86235018016225,241.3527051154114,7437642
2025-05-26,245.412841796875,246.01107541259594,243.41218529388087,243.69659953457906,3690751
2025-05-27,243.4612274169922,246.14837787215845,243.20624823569932,246.14837787215845,6861143
2025-05-28,242.6570281982422,245.31475844538318,242.19610834135807,244.77536504122787,6205160
2025-05-29,245.31475830078125,246.88390002750003,243.3141168154371,244.83420509291804,11785042
2025-05-30,244.85382080078125,246.26604534648814,243.7260104850971,245.17745683954277,13858429
2025-06-02,242.90220642089844,243.62793709099108,241.45076004515775,242.82376280226995,5846259
2025-06-03,241.4703826904297,244.68710983093123,240.98982947229905,243.2160450423685,8573438
2025-06-04,242.09803771972656,244.99112882676218,241.75478328141514,241.75478328141514,6698150
2025-06-05,243.15719604492188,244.67729926431088,242.11764602627156,242.13724944834263,6468060
2025-06-06,243.79466247558594,245.15784859342153,242.33341434962503,242.33341434962503,4445411
2025-06-09,246.44256591796875,248.51186425215042,244.41250435696793,244.7851788799643,9193904
2025-06-10,249.95352172851562,250.86558969624338,246.97217028480975,248.02152207238578,10739851
2025-06-11,253.9254150390625,256.55371033184537,249.19838623935493,251.0813324468539,17268454
2025-06-12,254.60206604003906,257.9266867484042,251.37555222989525,254.98455724176844,14528657
2025-06-13,255.1905059814453,257.19116248919113,249.10030609057978,250.0810159570781,8692116
2025-06-16,257.8188171386719,260.19211812626037,253.02313178661726,254.9845514128701,10935361
2025-06-17,257.83843994140625,260.32945143407727,256.6125525828523,257.81883651807,7528454
2025-06-18,256.54388427734375,260.4765403256076,255.9946891594926,257.8286117775551,5016660
2025-06-19,260.4569091796875,261.30033521495807,256.7596438141168,257.77959043971515,14184486
2025-06-20,261.3984069824219,262.04567906296165,257.7991887305316,260.86881529309136,12904674
2025-06-23,258.16204833984375,260.0842611723299,256.75964045355727,258.9073973944359,6214062
2025-06-24,259.85870361328125,263.4677088653074,259.603709461827,260.3784786635519,6319428
2025-06-25,264.2130432128906,264.75242165665645,260.7217185553022,260.7707420760484,5331739
2025-06-26,263.3402099609375,266.0665822690859,262.0358789706371,263.909038459633,8564099
2025-06-27,259.9371337890625,264.79165951845664,259.3977553430807,263.8109496683883,8906108
2025-06-30,260.8492126464844,261.5945317693221,257.8286095949838,260.96689303804357,7119563
2025-07-01,259.44677734375,263.17349270950604,258.613197919188,260.3784636674113,3886095
2025-07-02,261.8495178222656,263.5167364616031,259.34871979214756,259.8880982131101,8750887
2025-07-03,261.8985595703125,265.62527504443784,261.31015758972075,263.2225238844243,9357962
2025-07-04,264.8406982421875,266.1646626015579,262.3398999525144,263.12445590604955,7141779
2025-07-07,262.5850524902344,265.3310279957011,262.14372110272905,264.84067308909005,4849218
2025-07-08,264.4483947753906,265.0858501673054,262.19277417972665,262.63407563771915,5519016
2025-07-09,262.63409423828125,264.2032360341256,259.7410180458059,262.83024818609573,11564433
2025-07-10,259.9371337890625,262.3889084142334,258.0737910597105,262.3889084142334,6911031
2025-07-11,253.3173370361328,256.9949988974523,252.7779586013615,255.96526554783838,13109857
2025-07-14,249.34547424316406,254.54322436989276,246.7956226997374,253.31733708256158,10388421
2025-07-15,252.43470764160156,254.8374587288802,247.92345134176819,249.1003001606619,8750149
2025-07-16,257.73052978515625,258.9073935455552,251.11073847291195,252.43470272113854,12179338
2025-07-17,255.572998046875,259.2506600584986,253.02314639970461,258.76030512361547,7484171
2025-07-18,261.8005065917969,266.65500239498084,260.476542307696,263.41867185952486,30319126
2025-07-21,255.32781982421875,261.99663494734835,254.2000094631014,261.80051093130925,12190000
2025-07-22,254.6903533935547,257.0930745062403,253.7586670887266,256.6517730425497,6724044
2025-07-23,256.3575439453125,256.7007983720845,253.1702369932236,255.2297336249665,6510321
2025-07-24,256.79888916015625,258.31897750908996,255.2297473596789,256.94598965700624,8139900
2025-07-25,254.20001220703125,256.9950114146563,251.11075214994622,256.74983394529335,8427780
2025-07-28,250.0500030517578,254.0,249.0,254.0,8998911
2025-07-29,251.8000030517578,252.6999969482422,247.25,249.1999969482422,12923128
2025-07-30,250.1999969482422,252.5,249.1999969482422,251.4499969482422,6057152
2025-07-31,248.3000030517578,250.14999389648438,246.0500030517578,248.10000610351562,7338764
2025-08-01,242.75,246.89999389648438,242.1999969482422,246.5,7436999
2025-08-04,246.0500030517578,246.4199981689453,241.10000610351562,242.75,5234393
2025-08-05,245.91000366210938,246.9499969482422,244.52999877929688,246.0500030517578,7383968
2025-08-06,239.9600067138672,246.0,239.30999755859375,246.0,7700190
2025-08-07,242.32000732421875,243.17999267578125,238.61000061035156,239.11000061035156,6190830
2025-08-08,239.0500030517578,243.25,238.39999389648438,242.39999389648438,8922847
2025-08-11,241.6199951171875,244.75,238.6199951171875,239.0500030517578,3047287
2025-08-12,241.72000122070312,246.2899932861328,241.10000610351562,242.6999969482422,8101435
2025-08-13,241.64999389648438,242.88999938964844,240.1199951171875,242.88999938964844,5820844
2025-08-14,246.80999755859375,248.42999267578125,242.41000366210938,243.10000610351562,12857225
2025-08-18,245.2100067138672,249.00999450683594,244.75999450683594,248.63999938964844,5789317
2025-08-19,246.9600067138672,247.5,244.77999877929688,245.4600067138672,4090961
2025-08-20,250.83999633789062,252.88999938964844,245.3000030517578,245.3000030517578,10099384
2025-08-21,249.91000366210938,252.74000549316406,249.61000061035156,252.74000549316406,7607486
2025-08-22,248.63999938964844,253.0,247.61000061035156,252.0,13572686
2025-08-25,253.83999633789062,257.2900085449219,250.60000610351562,250.60000610351562,16391069
2025-08-26,252.02999877929688,254.82000732421875,251.30999755859375,253.0,15797327
2025-08-27,252.02999877929688,252.02999877929688,252.02999877929688,252.02999877929688,0
2025-08-28,250.64999389648438,252.35000610351562,249.0800018310547,252.02000427246094,5851451
2025-08-29,249.41000366210938,253.10000610351562,248.66000366210938,250.5,10117017
